id_sim,year,month,day,seed,Straw Value,Salinity Exposure,Max Flood Continuous,Profit Margin,Flood Stress,Methane Emissions,Labor Intensity,Net Income,AWD Adoption,Salinity Stress,Pesticide Usage,Resilient Varieties,Drought Stress,Fertilizer Usage,Water Usage,Production Cost,Emission Intensity,Water Reliability,Biodiversity,Avg Yield
53,2027,2,27,2.957751204712242E18,154.3999426761633,0.026696107944779755,0.0,32.03396921786545,0.0,295.7999999999965,251.39304812834226,475.54712947657896,0.0,0.0,5.978609625668449,0.0,0.0,143.0,937.0003191147786,1007.7278264279424,0.04384243357503652,100.0,1.0,6.746888251395386
56,2027,2,28,5.182538500345593E18,157.3739829448043,0.026696107944779755,0.0,33.6933532479157,0.0,298.7000000000036,252.85294117647058,506.87759544332636,0.0,0.0,5.970588235294118,0.0,0.0,143.0,911.8781233634805,996.5608155300814,0.04343560789067759,100.0,1.0,6.87684631355447
58,2027,3,1,4.687141051879245E18,159.51344347631098,0.018285005441629962,0.0,30.536426331285348,0.0,301.60000000000383,254.44652406417111,437.4520691113972,0.0,0.0,5.989304812834225,0.0,0.0,143.0,914.3560581522785,993.6278367729025,0.043269080333188895,100.0,1.0,6.970335345183338
40,2027,3,4,3.5299406018237317E18,168.80691599274337,0.0014209266544056476,0.0,41.12031939944172,0.0,310.2999999999961,259.7687165775401,693.2291821714283,0.0,0.0,6.153743315508021,0.0,0.0,143.0,855.5238675611686,991.7851849292423,0.042066381653174195,100.0,1.0,7.3764366652291296
52,2027,3,5,3.00978221914696E18,173.0476792276128,0.0020721889944030174,0.0,41.86188922862869,0.0,313.20000000000397,254.96524064171123,683.510080995451,0.0,0.0,4.893048128342246,0.0,0.0,143.0,843.984975276294,948.4219735927536,0.04141899833879956,100.0,1.0,7.561747327593181
44,2027,3,5,5.156518253817723E18,173.58076312463524,0.0020721889944030174,0.0,40.69151384327954,0.0,313.20000000000397,258.7085561497326,691.1019217617154,0.0,0.0,5.641711229946524,0.0,0.0,143.0,914.9865041206781,1006.3017289175482,0.04129179644932888,100.0,1.0,7.5850417499840805
42,2027,3,5,2.853793568557007E18,176.0013161075767,0.0020721889944030174,0.0,42.12927666136176,0.0,313.20000000000397,254.19652406417111,712.7600752189676,0.0,0.0,4.739304812834225,0.0,0.0,143.0,894.6863926168386,978.2607142740846,0.040723908758049786,100.0,1.0,7.69081381310419
54,2027,3,6,7.887265943744844E18,177.60404789601094,0.0027234513344003867,0.0,46.617350702968146,0.0,316.1000000000039,253.14973262032086,835.6291518226076,0.0,0.0,4.229946524064171,0.0,0.0,143.0,882.1632679572685,956.2508851028131,0.04073007912135258,100.0,1.0,7.760849151758455
47,2027,3,6,8.815097190336754E18,172.868366771002,0.0027234513344003867,0.0,41.790610622515715,0.0,316.1000000000039,259.74064171122996,712.1090705994013,0.0,0.0,5.548128342245989,0.0,0.0,143.0,864.8043372731978,991.1272911429497,0.04184586838064838,100.0,1.0,7.5539118252874955
46,2027,3,6,6.646488575717851E18,175.87281460985886,0.0024423551951003033,0.0,46.72064035301875,0.0,316.1000000000039,258.70454545454544,862.857651168562,0.0,0.0,5.340909090909091,0.0,0.0,143.0,856.7440339046303,983.110800369591,0.04113101242579137,100.0,1.0,7.6851986216072845
45,2027,3,6,8.237168610376572E18,175.6929382127257,8.911817193718542E-4,0.0,41.18649804479411,0.0,316.1000000000039,257.94919786096256,700.542467637597,0.0,0.0,5.189839572192513,0.0,0.0,143.0,926.1143670018173,999.5370973590752,0.04117312281679998,100.0,1.0,7.677338476522474
51,2027,3,7,6.50369789014244E18,178.8917100613353,0.0014821370487663693,0.0,42.14980334955655,0.0,318.99999999999994,257.0427807486631,704.2534549390176,0.0,0.0,4.708556149732621,0.0,0.0,143.0,875.6172002001672,965.7369805037451,0.040807884866153554,100.0,1.0,7.81711674217601
59,2027,3,7,2.819594302524464E18,180.7911756208189,0.002101557182801194,0.0,48.45386151939298,0.0,321.89999999999606,251.05347593582889,879.157230480059,0.0,0.0,3.5106951871657754,0.0,0.0,143.0,846.7999437658576,934.852859743778,0.04074622374135006,100.0,1.0,7.900118598556795
55,2027,3,8,8.661686022710631E18,183.44708548612147,0.0039949635220143,0.0,46.26418958581359,0.0,321.89999999999606,239.07085561497325,768.658425861129,0.0,0.0,0.8141711229946524,0.0,0.0,143.0,881.7922109975594,891.8407029496345,0.04015630814077403,100.0,1.0,8.016175164099417
48,2027,3,8,2.2093098651697398E18,181.5804098919133,0.0011216447117431128,0.0,50.07457618131392,0.0,324.79999999999575,249.14438502673798,912.4333893670689,0.0,0.0,2.828877005347594,0.0,0.0,143.0,800.5483755001213,909.2444760664429,0.040934608977628406,100.0,1.0,7.9346061465374085
50,2027,3,9,2.52771244661108E18,189.4099555227397,0.004233988213390534,0.0,57.081502247039595,0.0,327.70000000000425,236.5,1125.6659948079755,0.0,0.0,0.0,0.0,0.0,143.0,814.4498535610012,846.3247406334142,0.03959289489742899,100.0,1.0,8.2767375522542
49,2027,3,9,3.317868809496197E18,183.43077002397717,0.004615213369630841,0.0,47.83245780246622,0.0,327.70000000000425,243.77941176470588,840.0725610181589,0.0,0.0,1.4558823529411764,0.0,0.0,143.0,910.9983586722609,915.041049861909,0.04088348132954075,100.0,1.0,8.015462219535143
57,2027,3,9,5.866154019238748E17,184.649848303327,0.004615213369630841,0.0,47.32961413860007,0.0,324.79999999999575,249.23395721925132,838.2955483746925,0.0,0.0,2.5467914438502675,0.0,0.0,143.0,871.7349870412519,932.3169119898646,0.04025415208959617,100.0,1.0,8.06873286703613
43,2027,3,9,3.212672331395627E18,183.14379162880053,0.002047130038931445,0.0,50.89028962921155,0.0,327.70000000000425,251.5066844919786,932.5813608934907,0.0,0.0,3.001336898395722,0.0,0.0,143.0,782.0276165773402,899.5700833250107,0.04094754397538224,100.0,1.0,8.002921987140871
41,2027,3,10,1.9955042617296404E18,183.15106075052674,0.005235463217247381,0.0,48.06064449952279,0.0,327.70000000000425,249.55080213903744,845.1305187258113,0.0,0.0,2.3101604278074865,0.0,0.0,143.0,871.8544669538529,912.3718898978946,0.04094591879952841,100.0,1.0,8.003239629434777
56,2027,7,11,5.182538500345593E18,134.12492846879218,8.70648298170329E-5,0.0,39.98095224752559,0.0,363.4910977788748,236.4933155080214,511.4625815045991,0.0,0.0,5.998663101604278,0.0,0.0,100.09999999999982,511.8880251644108,766.6349298526839,0.06217647731559629,100.0,1.0,5.8461191992891655
53,2027,7,12,2.957751204712242E18,139.55135782556474,1.1756062312671388E-4,0.0,40.51201815913534,0.0,354.0401585886301,241.3288770053476,542.2516322255716,0.0,0.0,6.665775401069519,0.0,0.0,100.09999999999982,537.4300030713016,794.9915005306066,0.05820500050286185,100.0,1.0,6.082641620649459
58,2027,7,12,4.687141051879245E18,142.2770720560541,4.064546838902636E-5,0.0,39.56343465143368,0.0,379.9323283793326,238.81550802139037,504.09847670138083,0.0,0.0,6.163101604278075,0.0,0.0,100.09999999999982,517.2151507383485,769.1210573595955,0.06126510288783309,100.0,1.0,6.201447650792815
54,2027,7,13,7.887265943744844E18,141.70531446719318,8.071965742016424E-5,0.0,47.41963519274532,0.0,494.69040519982985,239.35294117647058,676.5820232522899,0.0,0.0,5.970588235294118,0.0,0.0,100.09999999999982,461.04932718283425,749.4983076574729,0.08009200874080229,100.0,1.0,6.176526384807895
45,2027,7,13,8.237168610376572E18,139.09946546449297,5.961647900966381E-5,1.0,43.9937215632308,1.0,492.41897562925703,239.8475935828877,591.1037520475579,0.0,0.0,6.06951871657754,0.0,0.0,100.09999999999982,449.31324547424884,751.4824604173896,0.08121778788052242,100.0,1.0,6.0629449345954
52,2027,7,14,3.00978221914696E18,141.07125198001796,6.17778732685799E-5,0.0,42.765190705049626,0.0,468.1235065024578,241.99598930481284,567.8841671479438,0.0,0.0,6.199197860962567,0.0,0.0,100.09999999999982,481.87327468026507,759.1331639856356,0.0761313912045476,100.0,1.0,6.148889427814571
46,2027,7,14,6.646488575717851E18,143.1993199578161,9.70960938660836E-5,0.0,49.10745738637498,0.0,495.527923445773,240.91978609625667,736.6433655035836,0.0,0.0,5.983957219251337,0.0,0.0,100.09999999999982,465.89388759184374,762.5867471207381,0.07939058718406677,100.0,1.0,6.241645779705514
44,2027,7,14,5.156518253817723E18,144.357008093846,9.524721247182777E-5,0.0,44.98197238366529,0.0,468.6815501054819,243.17914438502675,633.8193556082018,0.0,0.0,6.435828877005347,0.0,0.0,100.09999999999982,477.30305509811006,774.2472267360249,0.07448722969454011,100.0,1.0,6.292106070093732
40,2027,7,14,3.5299406018237317E18,141.38868970074225,7.642309605920929E-5,0.0,40.98873027872715,0.0,442.31277508033855,248.2566844919786,577.5182073074106,0.0,0.0,6.251336898395722,0.0,0.0,143.0,444.0171406592115,830.2456883700257,0.07177226475818316,100.0,1.0,6.1627256234785035
51,2027,7,15,6.50369789014244E18,147.7932101619672,3.1012492380827115E-4,0.0,40.189045609679184,0.0,529.9304970414597,250.05080213903744,553.5450895218571,0.0,0.0,6.310160427807487,0.0,0.0,143.0,424.10929854926167,822.6500864301103,0.08226332671560659,100.0,1.0,6.441880218064704
47,2027,7,15,8.815097190336754E18,150.04744639671318,7.835394739976533E-5,0.0,42.684148926697226,0.0,494.83520680940217,249.70989304812835,629.8262384896923,0.0,0.0,6.241978609625669,0.0,0.0,143.0,461.75923297631715,844.8265639919268,0.07566130365342234,100.0,1.0,6.540135880767626
42,2027,7,15,2.853793568557007E18,141.09179524135757,7.956001123865344E-5,0.0,38.793953635992736,0.0,474.158704411057,249.31550802139037,525.0136198704964,0.0,0.0,6.163101604278075,0.0,0.0,143.0,428.38069182626157,827.1728046020052,0.07710167363956068,100.0,1.0,6.14978484938837
55,2027,7,16,8.661686022710631E18,142.27776393178513,1.0075533587013357E-4,0.0,38.21823240686781,0.0,571.3873139580668,250.70855614973263,491.2799525903127,0.0,0.0,6.141711229946524,0.0,0.0,143.0,317.45087740946536,793.3162901515624,0.09213728270575451,100.0,1.0,6.201477807662547
49,2027,7,16,3.317868809496197E18,136.2936812990115,8.287678348697786E-5,0.0,40.357542576879105,0.0,607.4642172307532,250.92245989304814,525.3798987487783,0.0,0.0,6.184491978609626,0.0,0.0,143.0,278.63188713812445,775.4201590516911,0.10225553282453033,100.0,1.0,5.940648886678406
48,2027,7,16,2.2093098651697398E18,142.85786578388644,8.17408866126176E-5,0.0,42.98242050182194,0.0,568.2646919742909,250.8422459893048,614.934653101884,0.0,0.0,6.168449197860962,0.0,0.0,143.0,365.9417769473832,814.6455570474732,0.09126165752785993,100.0,1.0,6.226762776041118
59,2027,7,16,2.819594302524464E18,147.01755788746112,1.2846931392223327E-4,0.0,45.69346837124849,0.0,535.3780701830196,252.93449197860963,672.8224229161752,0.0,0.0,6.586898395721925,0.0,0.0,143.0,329.6133214199507,798.5867344237556,0.08354745224207244,100.0,1.0,6.408071770181597
50,2027,7,17,2.52771244661108E18,139.09636071443208,9.191610071377329E-5,0.0,43.580921645778,0.0,620.9596013352844,254.70855614973263,629.994777298233,0.0,0.0,6.641711229946524,0.0,0.0,143.0,351.14373679142454,814.512107355886,0.10242109542226359,100.0,1.0,6.062809607485458
57,2027,7,17,5.866154019238748E17,138.99516110719662,3.485332926593291E-5,1.0,40.34397307136845,1.0,612.2051832504583,252.4090909090909,536.7699161354087,0.0,0.0,6.181818181818182,0.0,0.0,143.0,319.7886008707653,792.6923727100168,0.10105066088326366,100.0,1.0,6.058398608176285
43,2027,7,17,3.212672331395627E18,138.7551490297641,1.0372071030376962E-4,0.0,42.668293366368175,0.0,609.6074990147297,252.99732620320856,591.139988511075,0.0,0.0,6.2994652406417115,0.0,0.0,143.0,324.3019556168524,793.4463968466182,0.10079593778075338,100.0,1.0,6.047937173229336
41,2027,7,17,1.9955042617296404E18,139.89815954060558,6.501570729733148E-5,0.0,39.747659218498434,0.0,650.3233912821129,251.96122994652407,532.6513339569266,0.0,0.0,6.092245989304812,0.0,0.0,143.0,372.84533830551794,806.4093909015731,0.1066495952118663,100.0,1.0,6.097757708223866
53,2027,11,17,2.957751204712242E18,120.99812569412484,1.2267599834187942E-4,1.0,36.51524576879216,2.0,795.7835416874292,374.0922459893048,422.6301865314432,0.0,0.0,4.418449197860962,0.0,0.0,88.0,12.43580399987437,733.9009005857272,0.1512710386888001,100.0,1.0,5.260647038489251
51,2027,11,17,6.50369789014244E18,115.80327478036783,4.581335204811182E-4,0.0,30.07442693277137,0.0,1047.6195029299201,379.9852941176471,323.74099192131655,0.0,0.0,4.397058823529412,0.0,0.0,88.0,50.521709145025724,751.8539414957476,0.20807610660385029,100.0,1.0,5.034790010390048
49,2027,11,17,3.317868809496197E18,115.43329611180857,1.6708334790570996E-4,1.0,31.123266927177994,1.0,1075.2839645938375,374.60695187165777,342.24376808897426,0.0,0.0,4.521390374331551,0.0,0.0,88.0,70.64080616981845,756.6818062859296,0.21425528905447036,100.0,1.0,5.018704412568629
57,2027,11,17,5.866154019238748E17,112.49845607656823,1.5680910673205627E-4,0.0,31.410516516861758,0.0,1189.2436354966546,373.2700534759358,337.41643683267915,0.0,0.0,4.254010695187166,0.0,0.0,88.0,38.958017324362785,735.893776245236,0.24314410952147542,100.0,1.0,4.891106092749559
43,2027,11,17,3.212672331395627E18,112.30451908563859,3.415898016179561E-4,0.0,33.86898354122204,0.0,1187.708124579115,375.28877005347596,378.82186438943023,0.0,0.0,4.657754010695188,0.0,0.0,88.0,21.90529059698744,738.9946956469915,0.243249509901909,100.0,1.0,4.882674275718218
41,2027,11,17,1.9955042617296404E18,111.21796489395004,8.7214473976808E-5,1.0,30.6217834508258,1.0,1194.972800948495,376.1951871657754,325.3797861220369,0.0,0.0,3.6390374331550803,0.0,0.0,88.0,50.23316991073565,736.4760863695714,0.2471283419866923,100.0,1.0,4.835434055608415
55,2027,11,18,8.661686022710631E18,117.9527845000855,7.696643144082784E-4,0.0,29.35828917244077,0.0,1112.1916234210976,379.3863636363636,312.1439546637518,0.0,0.0,3.977272727272727,0.0,0.0,88.0,38.40244889151193,750.1389004394943,0.2168757036496713,100.0,1.0,5.128244449261448
54,2027,11,18,7.887265943744844E18,124.40202770206155,5.873192697969552E-4,0.0,40.85519077662421,0.0,869.2714555690347,371.120320855615,510.44315835921157,0.0,0.0,3.5240641711229945,0.0,0.0,88.0,81.10154481309293,738.3418291792142,0.16071908035349022,100.0,1.0,5.40863881038352
59,2027,11,18,2.819594302524464E18,114.19176121740288,1.26493517451103E-4,0.0,35.38732545530483,0.0,1139.2409739852753,378.51737967914437,403.68337410160814,0.0,0.0,3.803475935828877,0.0,0.0,88.0,43.402859438876696,736.3075127457213,0.22946703508754715,100.0,1.0,4.964726081681526
58,2027,11,18,4.687141051879245E18,125.96793010630302,1.7560867712812639E-4,0.0,34.6007827258437,0.0,808.2786515120241,377.1336898395722,389.42420694454734,0.0,0.0,3.5267379679144386,0.0,0.0,88.0,61.64225551322109,735.0013941788176,0.1475844476299091,100.0,1.0,5.476719698398766
56,2027,11,18,5.182538500345593E18,129.41282455101012,3.1012492380827115E-4,0.0,41.64910895015726,0.0,726.0272690688915,375.8034759358289,512.7745489718236,0.0,0.0,3.2606951871657754,0.0,0.0,88.0,20.838722898285045,717.3077250165828,0.12903724903536753,100.0,1.0,5.626493702371913
45,2027,11,18,8.237168610376572E18,122.20987574820464,1.0114968160739436E-4,0.0,36.88232316646348,0.0,858.9183548402632,380.1951871657754,434.2705833174451,0.0,0.0,4.13903743315508,0.0,0.0,88.0,26.110467023782284,742.3200387452372,0.16165348065994167,100.0,1.0,5.313330411035847
44,2027,11,18,5.156518253817723E18,120.12587574443715,2.1729144097531536E-4,0.0,37.24421159801806,0.0,951.9274756510766,378.1029411764706,435.63906017247507,0.0,0.0,3.7205882352941178,0.0,0.0,88.0,19.754665376330983,733.1179910445929,0.18226646656903248,100.0,1.0,5.222724144326017
42,2027,11,18,2.853793568557007E18,117.76512873100498,4.426374333924947E-4,0.0,34.294491285160255,0.0,1016.5110311204136,377.16711229946526,386.3730577805786,0.0,0.0,3.533422459893048,0.0,0.0,88.0,55.81618894145437,739.4078555876448,0.19853398681388762,100.0,1.0,5.120085721510871
40,2027,11,18,3.5299406018237317E18,119.74018955879234,1.86163535390143E-4,1.0,38.37566231719023,1.0,938.6451160930412,375.42245989304814,456.713158509655,0.0,0.0,3.1844919786096257,0.0,0.0,88.0,65.69670397992736,732.493829627094,0.18030217368976142,100.0,1.0,5.205955629287806
52,2027,11,19,3.00978221914696E18,122.15330759976506,1.2699628329577032E-4,0.0,38.51620282307421,0.0,940.1283585272516,375.9264705882353,441.8226512580611,0.0,0.0,2.985294117647059,0.0,0.0,88.0,0.0,704.338445453067,0.17701961879660616,100.0,1.0,5.310870992256797
50,2027,11,19,2.52771244661108E18,114.80146612283673,1.9703665470038794E-4,0.0,37.60824765142173,0.0,1195.6751738188325,376.120320855615,447.52918324258553,0.0,0.0,3.0240641711229945,0.0,0.0,88.0,91.83301966344742,741.6673686987915,0.23955500919355233,100.0,1.0,4.991234279942639
48,2027,11,19,2.2093098651697398E18,115.26175108206287,9.851490591114078E-5,0.0,36.04995469600635,0.0,1118.3719291152854,381.3983957219251,415.1158143052027,0.0,0.0,2.879679144385027,0.0,0.0,88.0,43.116161652676055,735.3982742420862,0.22317242047999974,100.0,1.0,5.011246132967006
47,2027,11,19,8.815097190336754E18,120.07982661785097,3.728227059846324E-4,0.0,37.19006902030812,0.0,1065.1332905357879,377.63770053475935,438.3207363350418,0.0,0.0,3.3275401069518717,0.0,0.0,88.0,48.17604132245486,738.8340751478795,0.20402030176550778,100.0,1.0,5.2207220620622685
46,2027,11,19,6.646488575717851E18,122.79994472878796,2.0702936510307626E-4,1.0,42.1059841374863,1.0,949.6240174309315,378.76069518716577,540.2868904621018,0.0,0.0,3.552139037433155,0.0,0.0,88.0,39.84838338178432,742.1259874742822,0.17786602432331516,100.0,1.0,5.338984896321496
51,2028,2,28,6.50369789014244E18,154.68736573843967,0.02740939526953877,0.0,30.849741625160608,0.0,298.7000000000036,255.71122994652407,448.29561428788276,0.0,0.0,6.842245989304812,0.0,0.0,143.0,857.1249730000154,1003.6458364439086,0.04452633261805666,100.0,1.0,6.708389899573102
44,2028,3,1,5.156518253817723E18,158.54060202224787,0.02740939526953877,0.0,34.244672211108444,0.0,301.60000000000383,257.024064171123,526.5669821153216,0.0,0.0,6.804812834224599,0.0,0.0,143.0,860.8485120000078,1009.9826897653832,0.043865934064060884,100.0,1.0,6.875494764560435
40,2028,3,1,3.5299406018237317E18,159.40830105607014,0.02740939526953877,0.0,37.209948144659016,0.0,301.60000000000383,257.4385026737968,589.4794115293716,0.0,0.0,6.887700534759358,0.0,0.0,143.0,834.3200269999988,993.8997142091883,0.04362716087375064,100.0,1.0,6.913124621443539
57,2028,3,4,5.866154019238748E17,166.8332092909339,0.0027544638267812133,0.0,32.075713285044706,0.0,313.20000000000397,263.12433155080214,474.13583045953004,0.0,0.0,6.824866310160428,0.0,0.0,143.0,813.3395963234392,1002.6222464556947,0.04328882486822534,100.0,1.0,7.235123636490709
41,2028,3,4,1.9955042617296404E18,171.1067124198782,0.0027544638267812133,0.0,36.65498799162703,0.0,313.20000000000397,262.7299465240642,587.563436547828,0.0,0.0,6.745989304812834,0.0,0.0,143.0,870.6472048199948,1014.5224841285533,0.042207657882393064,100.0,1.0,7.420454384668794
54,2028,3,5,7.887265943744844E18,167.872045044791,0.0030166927844466067,0.0,41.382106788559256,0.0,313.20000000000397,262.40909090909093,687.6107508908799,0.0,0.0,6.681818181818182,0.0,0.0,143.0,803.0330584800073,972.879871879001,0.04302094239259592,100.0,1.0,7.280175249110929
46,2028,3,5,6.646488575717851E18,170.7184367748638,0.0034057261667785835,0.0,42.58472623234426,0.0,310.2999999999961,258.8636363636364,738.5749025697736,0.0,0.0,6.2727272727272725,0.0,0.0,143.0,823.5402014513967,994.984508812404,0.04191195291069372,100.0,1.0,7.403615876864185
43,2028,3,5,3.212672331395627E18,171.20995601999107,0.002946186776178576,0.0,38.73488670412401,0.0,316.1000000000039,263.6149732620321,636.8872974643496,0.0,0.0,6.622994652406417,0.0,0.0,143.0,869.1028859999943,1006.4768986137628,0.0425727816579303,100.0,1.0,7.424931791862889
42,2028,3,5,2.853793568557007E18,167.79818445700667,0.002946186776178576,0.0,40.71877539698045,0.0,313.20000000000397,260.63770053475935,684.4492951966024,0.0,0.0,6.327540106951871,0.0,0.0,143.0,796.7489369299855,995.3492099532108,0.04303987914153899,100.0,1.0,7.276972106962211
53,2028,3,6,2.957751204712242E18,175.38297176847885,0.004056988506775953,0.0,41.67546187507892,0.0,318.99999999999994,264.27941176470586,705.1314010108471,0.0,0.0,6.455882352941177,0.0,0.0,143.0,821.4707941915965,985.8200333561155,0.04194109894041925,100.0,1.0,7.605904662945658
49,2028,3,6,3.317868809496197E18,173.9206915776169,0.0016243670485985755,0.0,41.01603156647272,0.0,318.99999999999994,260.7700534759358,679.6387436188844,0.0,0.0,5.754010695187166,0.0,0.0,143.0,796.2082374569721,976.3683038835626,0.04229372885240519,100.0,1.0,7.542489363215815
56,2028,3,6,5.182538500345593E18,172.37675143306421,0.0013294342631840154,0.0,40.51005414884962,0.0,316.1000000000039,261.6764705882353,665.1728380613905,0.0,0.0,6.235294117647059,0.0,0.0,143.0,796.0980401600119,975.8946920814013,0.042284612134213924,100.0,1.0,7.475532683064075
55,2028,3,7,8.661686022710631E18,176.18151474879096,0.004677238354392497,0.0,41.39176012830205,0.0,318.99999999999994,259.32620320855614,664.9446916280923,0.0,0.0,5.46524064171123,0.0,0.0,143.0,706.8969856313792,940.7120612557168,0.04175100084645512,100.0,1.0,7.640535401131221
50,2028,3,7,2.52771244661108E18,173.6484393612977,0.004677238354392497,0.0,48.134800890126044,0.0,316.1000000000039,256.02139037433153,895.6693783471828,0.0,0.0,5.10427807486631,0.0,0.0,143.0,815.7435401191088,964.0958984844749,0.041974947210078016,100.0,1.0,7.530682490628829
59,2028,3,7,2.819594302524464E18,174.89571326847565,0.004677238354392497,0.0,45.59752495890843,0.0,318.99999999999994,263.1631016042781,811.100404853197,0.0,0.0,6.232620320855615,0.0,0.0,143.0,773.8060239312991,966.9019653310817,0.0420579466125335,100.0,1.0,7.584773525413534
58,2028,3,7,4.687141051879245E18,174.64205156039603,0.004677238354392497,0.0,39.71859997329461,0.0,318.99999999999994,260.8034759358289,631.0438174290887,0.0,0.0,5.760695187165775,0.0,0.0,143.0,775.837473698436,956.8267610888507,0.042119034365916797,100.0,1.0,7.573772874957893
45,2028,3,7,8.237168610376572E18,174.5981419294437,0.004677238354392497,0.0,38.38279321188341,0.0,318.99999999999994,264.60695187165777,613.4653323547792,0.0,0.0,6.521390374331551,0.0,0.0,143.0,804.0025701782839,984.0030009425441,0.042129626868417834,100.0,1.0,7.571868628134848
48,2028,3,8,2.2093098651697398E18,177.42845613750666,0.004985857361190744,0.0,45.8470241374783,0.0,318.99999999999994,263.57754010695186,851.8245454186607,0.0,0.0,6.315508021390374,0.0,0.0,143.0,836.7093232484674,1005.3529783957194,0.041457580883789154,100.0,1.0,7.69461201545255
47,2028,3,8,8.815097190336754E18,176.28268482582223,0.005328500694389865,0.0,43.145442187039826,0.0,318.99999999999994,263.3368983957219,717.0461893709702,0.0,0.0,6.267379679144385,0.0,0.0,143.0,694.8171890363916,943.880313951966,0.041727039605021034,100.0,1.0,7.64492288500655
52,2028,3,9,3.00978221914696E18,179.6752876680997,0.0059177380496255785,0.0,40.6184630157111,0.0,321.89999999999606,261.1136363636364,677.3456453842728,0.0,0.0,5.5227272727272725,0.0,0.0,143.0,859.2268478051191,989.2173088102398,0.04131132980970305,100.0,1.0,7.79205127220062
44,2028,7,10,5.156518253817723E18,138.7882199818159,6.071357161477507E-5,0.0,41.40901907458991,0.0,389.7138006355486,236.4398395721925,555.9885316240793,0.0,0.0,5.987967914438503,0.0,0.0,100.40000000000015,541.8662790923298,785.7324413898245,0.06491218460121685,100.0,1.0,6.003707979167951
40,2028,7,10,3.5299406018237317E18,141.10159751244674,5.346981444970192E-5,0.0,43.453924871410415,0.0,390.32729447206145,237.00802139037432,607.8734178554452,0.0,0.0,6.101604278074866,0.0,0.0,100.40000000000015,567.2776428100044,790.1338017773612,0.06394845206141653,100.0,1.0,6.103780183720295
51,2028,7,11,6.50369789014244E18,142.79118292078505,7.726081808875711E-5,0.0,41.60539874572707,0.0,364.45055417179964,238.44117647058823,556.5990750286995,0.0,0.0,6.088235294117647,0.0,0.0,100.40000000000015,522.2230818451304,780.301632403606,0.05900248040580422,100.0,1.0,6.1768683564690905
48,2028,7,11,2.2093098651697398E18,131.59889816242838,1.5054607951857824E-4,0.0,44.24267393131295,0.0,583.9175782006132,238.18048128342247,608.3016837608386,0.0,0.0,6.036096256684492,0.0,0.0,100.40000000000015,466.91929837508894,765.6956816070812,0.10257283099655301,100.0,1.0,5.692711925053875
55,2028,7,12,8.661686022710631E18,138.91749382945628,4.853285192617701E-5,0.0,41.27467928341929,0.0,550.1527856660821,238.5441176470588,521.6215846672063,0.0,0.0,5.8088235294117645,0.0,0.0,100.40000000000015,408.3703970735065,741.2314487237333,0.09155022635499474,100.0,1.0,6.009300113937591
53,2028,7,12,2.957751204712242E18,140.33278589400155,1.2142714322955014E-4,0.0,45.78036360270733,0.0,518.3185181945919,239.11229946524065,618.2278383047853,0.0,0.0,5.922459893048129,0.0,0.0,100.40000000000015,411.18351042860894,731.3761660713898,0.0853828455135109,100.0,1.0,6.070522891071529
49,2028,7,12,3.317868809496197E18,139.92044549172422,1.1228273852580414E-4,0.0,43.974104264322605,0.0,516.3450903252384,240.42914438502675,584.7696199262092,0.0,0.0,6.185828877005347,0.0,0.0,100.40000000000015,402.4744889207979,744.1404970194023,0.08530842393511327,100.0,1.0,6.052685848679814
56,2028,7,12,5.182538500345593E18,142.44401055544066,7.764770250582655E-5,0.0,45.422648320331696,0.0,514.2396551960887,240.1216577540107,614.8159798255298,0.0,0.0,6.124331550802139,0.0,0.0,100.40000000000015,400.73130038142483,737.8652235305811,0.08345539496323406,100.0,1.0,6.161850356380614
47,2028,7,12,8.815097190336754E18,136.4784825772571,8.418157540941128E-5,0.0,42.8135229124583,0.0,584.8443255806627,240.09491978609626,549.5266474366396,0.0,0.0,6.1189839572192515,0.0,0.0,100.40000000000015,385.24036405352604,733.1241796438383,0.09906246744548557,100.0,1.0,5.903793239377009
45,2028,7,12,8.237168610376572E18,136.11964466041553,1.1900419179135499E-4,0.0,39.37369115906025,0.0,547.7287017490561,241.4451871657754,489.463443484947,0.0,0.0,6.38903743315508,0.0,0.0,100.40000000000015,438.3969336840496,752.8092767290174,0.09302030052672114,100.0,1.0,5.888270610260122
42,2028,7,12,2.853793568557007E18,140.8913441876062,3.92463836760657E-5,0.0,46.957976488747505,0.0,481.1923166122323,239.90106951871658,661.0585147882603,0.0,0.0,6.080213903743315,0.0,0.0,100.40000000000015,393.5537403034962,745.8237241307024,0.07895277834449427,100.0,1.0,6.094685034548729
50,2028,7,13,2.52771244661108E18,139.6097946641127,5.9502095895677494E-5,0.0,51.13530832712489,0.0,549.1804210634517,242.97860962566844,763.015524671717,0.0,0.0,6.39572192513369,0.0,0.0,100.40000000000015,339.64233463234973,728.4274067026457,0.09093523703959626,100.0,1.0,6.039247699154512
59,2028,7,13,2.819594302524464E18,137.89258543086785,8.327736944368183E-5,0.0,47.885889562153864,0.0,551.0758673143517,243.13903743315507,669.9685206855646,0.0,0.0,6.427807486631016,0.0,0.0,100.40000000000015,366.95232070040026,728.3225573967069,0.09238543842435316,100.0,1.0,5.96496457356299
58,2028,7,13,4.687141051879245E18,135.07968448249972,6.024182669158337E-5,1.0,32.74163012809313,2.0,550.7055790583559,247.8355614973262,401.5743931162309,0.0,0.0,6.1671122994652405,0.0,0.0,143.0,430.95533500541785,823.4925364030864,0.09424590399849071,100.0,1.0,5.843283959238962
57,2028,7,13,5.866154019238748E17,139.23253841479334,5.1843016350429784E-5,0.0,37.23866532645406,0.0,459.7234598240234,244.51604278074868,458.2238725993038,0.0,0.0,6.7032085561497325,0.0,0.0,100.40000000000015,445.57046927829975,771.1135241340392,0.07632889430562839,100.0,1.0,6.022928328861224
43,2028,7,13,3.212672331395627E18,140.76182464126276,4.787356032853831E-5,0.0,46.958471866949715,0.0,488.8503875868075,243.45320855614975,633.2192941515351,0.0,0.0,6.490641711229946,0.0,0.0,100.40000000000015,315.37973853086964,714.4806002296133,0.08028309781399559,100.0,1.0,6.089082271331928
54,2028,7,14,7.887265943744844E18,145.58379069766482,3.1012492380827115E-4,0.0,41.23919365211382,0.0,487.066202196323,250.6590909090909,592.8161897450658,0.0,0.0,6.431818181818182,0.0,0.0,143.0,486.94386204244404,843.5810802475739,0.07734068551965988,100.0,1.0,6.297671127734077
52,2028,7,14,3.00978221914696E18,136.29679886899228,1.764078064893465E-4,0.0,34.98504894634603,0.0,636.0306713535332,250.20454545454547,441.5612413651543,0.0,0.0,6.340909090909091,0.0,0.0,143.0,386.891950164197,819.4603777760987,0.10787615263053837,100.0,1.0,5.895933956152984
46,2028,7,14,6.646488575717851E18,145.75785436621322,9.455028164886315E-5,0.0,43.98913205924536,0.0,491.09660496737126,250.19786096256684,649.842831687362,0.0,0.0,6.339572192513369,0.0,0.0,143.0,393.5348698662141,826.5222768787015,0.07788754424764109,100.0,1.0,6.305200782886984
41,2028,7,15,1.9955042617296404E18,141.83012412163296,3.1012492380827115E-4,1.0,35.620378134765794,1.0,470.8678599091669,252.4331550802139,472.2352905676243,0.0,0.0,6.4866310160427805,0.0,0.0,143.0,461.2447044360816,852.3829806822822,0.07674738921474727,100.0,1.0,6.135294825360496
55,2028,11,15,8.661686022710631E18,122.15659662868663,1.0711326350846817E-4,0.0,31.361389144708493,0.0,849.8846184671772,370.7566844919786,347.62352661704114,0.0,0.0,5.251336898395722,0.0,0.0,88.0,27.26639089771596,760.0629758240159,0.16123971558828215,100.0,1.0,5.270938461819895
57,2028,11,15,5.866154019238748E17,116.48253737289049,6.393909516800453E-4,1.0,26.914594977685343,1.0,920.342188188534,371.01069518716577,276.3351227137965,0.0,0.0,5.302139037433155,0.0,0.0,88.0,38.21830852091079,749.5417560281098,0.18311228688800282,100.0,1.0,5.026108317632689
46,2028,11,15,6.646488575717851E18,112.066552237236,1.0392926401081472E-4,1.0,33.855363261328435,1.0,1030.8667129817643,368.8983957219251,383.5974643969083,0.0,0.0,4.879679144385027,0.0,0.0,88.0,25.282734133520165,748.6513754111305,0.21318443066100023,100.0,1.0,4.835562849432559
54,2028,11,16,7.887265943744844E18,117.00198531646272,1.4205120882748132E-4,0.0,36.711366952597075,0.0,1032.9036187636577,371.1844919786096,422.9374820854824,0.0,0.0,3.836898395721925,0.0,0.0,88.0,44.78994099903419,728.5490054308017,0.20459524994786768,100.0,1.0,5.048521991721944
52,2028,11,16,3.00978221914696E18,118.12309281619821,3.302506623145406E-4,0.0,30.305838999763434,0.0,986.2148508228065,378.5147058823529,330.54959160324427,0.0,0.0,4.102941176470588,0.0,0.0,88.0,66.8415140198463,759.5740369546709,0.1934931999981372,100.0,1.0,5.096896691110081
51,2028,11,16,6.50369789014244E18,122.19776930030139,3.0860638107789857E-4,1.0,35.51147420291929,1.0,804.907511616172,369.7072192513369,405.78899996982346,0.0,0.0,3.5414438502673797,0.0,0.0,88.0,59.43533230261581,735.4197869096964,0.15265522755666242,100.0,1.0,5.272715022598274
50,2028,11,16,2.52771244661108E18,120.72417361648833,1.870853334354662E-4,0.0,42.16612596979432,0.0,924.9299075922829,375.1617647058824,542.6767902494145,0.0,0.0,4.632352941176471,0.0,0.0,88.0,14.028653125360362,743.7618024489095,0.17755935548747256,100.0,1.0,5.209130800531318
58,2028,11,16,4.687141051879245E18,120.22264817196685,3.1012492380827115E-4,0.0,32.035890148102894,0.0,904.4528472270681,378.6818181818182,348.63100373906684,0.0,0.0,4.136363636363637,0.0,0.0,88.0,18.58680023462522,738.9463003987447,0.174352676569383,100.0,1.0,5.187490464863294
56,2028,11,16,5.182538500345593E18,122.30456077505289,7.696643144082784E-4,0.0,34.86993143927919,0.0,866.7209623822769,371.3783422459893,404.21504707863903,0.0,0.0,3.875668449197861,0.0,0.0,88.0,102.30541799020169,754.2901378924798,0.1642349666958977,100.0,1.0,5.277322970979273
45,2028,11,16,8.237168610376572E18,123.57756165459084,5.175045423890894E-4,1.0,33.55152057942235,1.0,841.5327873751014,373.096256684492,377.63844867601915,0.0,0.0,4.219251336898396,0.0,0.0,88.0,68.1993324030723,747.3286749776167,0.15781940373936867,100.0,1.0,5.332251722132047
43,2028,11,16,3.212672331395627E18,120.26902043733591,1.1120534711669815E-4,0.0,36.134333322967365,0.0,930.0810824708653,379.4639037433155,415.28787558774536,0.0,0.0,4.292780748663102,0.0,0.0,88.0,2.7217322723470403,733.305077700202,0.17922393811209344,100.0,1.0,5.189491383060434
53,2028,11,17,2.957751204712242E18,123.20058698051982,7.696643144082784E-4,0.0,37.800948508909066,0.0,861.3052570818677,379.4598930481283,447.0944484107517,0.0,0.0,3.9919786096256686,0.0,0.0,88.0,20.64750867535086,734.7601667206828,0.16202174287807802,100.0,1.0,5.315985631200148
59,2028,11,17,2.819594302524464E18,121.01148570203785,1.7988684675653775E-4,0.0,40.29876437225722,0.0,920.10406357688,378.129679144385,493.47210134569775,0.0,0.0,3.7259358288770055,0.0,0.0,88.0,37.506739031571605,730.5445678705978,0.1762135637119415,100.0,1.0,5.22152803788127
47,2028,11,17,8.815097190336754E18,123.03570525743152,9.625230409940134E-5,0.0,36.43425097756336,0.0,845.8861361658121,379.03208556149735,420.50354763181906,0.0,0.0,3.906417112299465,0.0,0.0,88.0,0.03962428158386189,732.8952400550598,0.1593344635904074,100.0,1.0,5.308871145041706
44,2028,11,17,5.156518253817723E18,129.83570414126262,1.7541002477843395E-4,0.0,40.81990497733073,0.0,739.1082298339242,380.37566844919786,511.30223419853695,0.0,0.0,4.175133689839572,0.0,0.0,88.0,0.9807618914259038,740.7077941793035,0.1319297924122066,100.0,1.0,5.602284490258467
42,2028,11,17,2.853793568557007E18,123.21151410757106,1.7461988953168425E-4,1.0,39.031116097440275,1.0,863.4987479972164,380.8302139037433,479.2515555079498,0.0,0.0,4.266042780748663,0.0,0.0,88.0,3.856348557775325,747.9864497880292,0.16241995891501732,100.0,1.0,5.3164571261160285
41,2028,11,17,1.9955042617296404E18,112.78635075729275,8.10996139665981E-5,1.0,28.324414110943387,2.0,1106.0105752718196,375.5855614973262,297.7916634932124,0.0,0.0,4.4171122994652405,0.0,0.0,88.0,44.16559277732534,752.9183486077958,0.22726455821887537,100.0,1.0,4.866621456244119
40,2028,11,17,3.5299406018237317E18,128.01497650021145,7.696643144082784E-4,0.0,42.311099236955165,0.0,746.3117134345007,372.08957219251334,535.8209065506978,0.0,0.0,3.7179144385026737,0.0,0.0,88.0,41.18291990088643,729.3300014411333,0.13511029920544423,100.0,1.0,5.523721861496908
49,2028,11,18,3.317868809496197E18,124.73214635156262,1.2751847196063777E-4,0.0,40.33210001968774,0.0,862.5630310346555,376.9197860962567,477.0707158667775,0.0,0.0,1.9839572192513368,0.0,0.0,88.0,20.909544249938364,704.6011382291903,0.16026600954248665,100.0,1.0,5.382070930055754
48,2028,11,18,2.2093098651697398E18,127.99086111688271,1.7927593080261213E-4,1.0,44.7706713344673,1.0,770.4854541888461,382.4812834224599,597.0558742444559,0.0,0.0,3.0962566844919786,0.0,0.0,88.0,21.387091738400972,735.9027690695602,0.13951293067242793,100.0,1.0,5.522681306135861
43,2029,2,26,3.212672331395627E18,151.53335911386844,0.02815369508667862,0.0,35.4082907987086,0.0,295.7999999999965,253.99064171122996,529.4590715542153,0.0,0.0,6.798128342245989,0.0,0.0,143.0,770.6666880000082,964.7744301455276,0.045353861412233715,100.0,1.0,6.522046652464472
56,2029,2,27,5.182538500345593E18,152.09598095335497,0.02815369508667862,0.0,33.179238539904816,0.0,298.7000000000036,255.798128342246,491.2120865657346,0.0,0.0,6.859625668449198,0.0,0.0,143.0,795.3289750000013,988.0562160700475,0.04562909277177993,100.0,1.0,6.546262085332093
45,2029,2,27,8.237168610376572E18,153.80348009652087,0.016522121529740967,0.0,26.15359509487186,0.0,298.7000000000036,255.36363636363637,346.6157358760027,0.0,0.0,6.7727272727272725,0.0,0.0,143.0,805.9146979999978,977.3520327899053,0.045122526621505885,100.0,1.0,6.619753421734145
55,2029,3,3,8.661686022710631E18,167.61420524007065,9.88594022775989E-4,0.0,32.673455152206905,0.0,313.20000000000397,263.5922459893048,493.1103389785987,0.0,0.0,6.918449197860962,0.0,0.0,143.0,828.7590677928068,1014.8674119865642,0.043414547695921915,100.0,1.0,7.214171668761251
52,2029,3,4,3.00978221914696E18,169.18017782055495,8.809223020752819E-4,0.0,37.213321404353195,0.0,313.20000000000397,259.6617647058824,591.1713027384292,0.0,0.0,6.132352941176471,0.0,0.0,143.0,858.7152946499884,996.2671028896104,0.043012692158460215,100.0,1.0,7.281571654389001
50,2029,3,4,2.52771244661108E18,172.430804094389,0.0027854763191620404,0.0,42.498090077961926,0.0,313.20000000000397,260.5975935828877,746.1457660810443,0.0,0.0,6.31951871657754,0.0,0.0,143.0,848.7964020000048,1008.7880366140156,0.04220182667550339,100.0,1.0,7.421479700588532
58,2029,3,4,4.687141051879245E18,170.6716064371759,0.0027854763191620404,0.0,34.93623395047814,0.0,313.20000000000397,260.0360962566845,520.9338589988697,0.0,0.0,6.207219251336898,0.0,0.0,143.0,787.0549970657933,969.3362887698045,0.04263682202222493,100.0,1.0,7.345763242784487
57,2029,3,4,5.866154019238748E17,170.5783119111538,0.0027854763191620404,0.0,32.9882907953157,0.0,316.1000000000039,262.8663101604278,495.21711980964824,0.0,0.0,6.473262032085562,0.0,0.0,143.0,791.6612117841019,1004.8974882324147,0.04305514272112794,100.0,1.0,7.341747815061542
46,2029,3,4,6.646488575717851E18,174.6979361223432,0.0027854763191620404,0.0,42.19728722586722,0.0,316.1000000000039,259.47727272727275,720.1335812273386,0.0,0.0,5.795454545454546,0.0,0.0,143.0,830.3010239999979,985.4918482406907,0.042039841611640434,100.0,1.0,7.519057824244486
53,2029,3,5,2.957751204712242E18,170.03853221579635,0.0034677511515402368,0.0,42.97460033335949,0.0,313.20000000000397,260.8048128342246,729.709340586153,0.0,0.0,6.36096256684492,0.0,0.0,143.0,801.6923490000088,967.3957342911154,0.04279556411763172,100.0,1.0,7.318515515746315
51,2029,3,5,6.50369789014244E18,176.1423648944465,0.0014985960032585291,1.0,40.86273575090254,1.0,316.1000000000039,260.5735294117647,671.7488484898367,0.0,0.0,6.014705882352941,0.0,0.0,143.0,774.6924480873214,971.3004607983081,0.0416951002608876,100.0,1.0,7.58122652355207
44,2029,3,6,5.156518253817723E18,174.41884245706663,0.004119013491537606,0.0,45.15665030828087,0.0,316.1000000000039,261.58957219251334,807.1326542336291,0.0,0.0,6.217914438502674,0.0,0.0,143.0,773.4652918293247,979.5671441686557,0.042107111026560055,100.0,1.0,7.507045539187345
40,2029,3,6,3.5299406018237317E18,172.52186978093758,0.004119013491537606,0.0,40.31298131676192,0.0,316.1000000000039,262.4986631016043,667.5812508741539,0.0,0.0,6.399732620320855,0.0,0.0,143.0,812.491423827876,987.3231960492301,0.04257010182992627,100.0,1.0,7.425399198312215
54,2029,3,7,7.887265943744844E18,176.79900147415842,0.0015240497864328995,0.0,45.69466361300507,0.0,321.89999999999606,265.20454545454544,814.6512416017802,0.0,0.0,6.340909090909091,0.0,0.0,143.0,795.3765961729977,967.3318004996455,0.04230244976053328,100.0,1.0,7.609488382403744
59,2029,3,7,2.819594302524464E18,176.62242074220052,0.002087300728305474,0.0,44.32612248159629,0.0,318.99999999999994,263.61096256684493,789.5301784535518,0.0,0.0,6.322192513368984,0.0,0.0,143.0,825.4185430000047,990.8042456103768,0.04196325806131106,100.0,1.0,7.601888288414597
42,2029,3,7,2.853793568557007E18,178.76429912708818,0.0017048877167744733,0.0,43.1606022537864,0.0,318.99999999999994,261.00401069518716,755.2922244991776,0.0,0.0,5.800802139037433,0.0,0.0,143.0,823.0929880805011,993.9035012757142,0.04146047201376197,100.0,1.0,7.69407545321998
41,2029,3,8,1.9955042617296404E18,178.1573000042962,0.0029169511250819904,0.0,40.363643275787936,0.0,321.89999999999606,263.10561497326205,654.7685945010561,0.0,0.0,5.921122994652406,0.0,0.0,143.0,740.680238327597,966.4190844243773,0.04197992940728611,100.0,1.0,7.667950007179538
47,2029,3,9,8.815097190336754E18,178.28591977968082,0.006041788019148885,0.0,44.58076005183795,0.0,324.79999999999575,261.096256684492,748.8885166866683,0.0,0.0,5.219251336898396,0.0,0.0,143.0,697.7971523142777,930.0833621984129,0.0423275687920466,100.0,1.0,7.673485845495244
49,2029,3,10,3.317868809496197E18,181.9067004835096,0.002701878624209689,0.0,43.56268362599462,0.0,324.79999999999575,259.83957219251334,737.3350480716844,0.0,0.0,4.967914438502674,0.0,0.0,143.0,789.3070032260025,954.3975106469917,0.04148505532819478,100.0,1.0,7.829325462638341
48,2029,3,10,2.2093098651697398E18,184.87397753691542,0.006510686831089474,0.0,50.29449100882214,0.0,324.79999999999575,252.82085561497325,974.2274447090921,0.0,0.0,3.564171122994652,0.0,0.0,143.0,863.5371413232036,962.36587180412,0.04081920903454836,100.0,1.0,7.957038063258235
45,2029,7,10,8.237168610376572E18,138.54455648780387,3.311177918089593E-5,1.0,35.077584799062926,1.0,347.15117475387444,234.9866310160428,417.6474243386736,0.0,0.0,5.997326203208556,0.0,0.0,100.69999999999858,530.6384732024316,771.9661301917448,0.058364441643446174,100.0,1.0,5.947991019508992
43,2029,7,10,3.212672331395627E18,142.20769849135692,3.1012492380827115E-4,0.0,44.73896033238985,0.0,336.4685957917696,233.72326203208556,626.1353585002313,0.0,0.0,5.744652406417113,0.0,0.0,100.69999999999858,544.9121955301961,772.6095334867026,0.05511129174105334,100.0,1.0,6.105256929427558
56,2029,7,11,5.182538500345593E18,138.81465334986484,6.753591546347365E-5,1.0,42.27067758666866,1.0,348.96671312180155,236.4866310160428,569.6664766642198,0.0,0.0,5.997326203208556,0.0,0.0,100.69999999999858,510.1980067699953,777.0299663677451,0.0585555214182319,100.0,1.0,5.95958681042753
55,2029,7,12,8.661686022710631E18,139.2444278900725,9.997579748815962E-5,1.0,38.497185622159805,1.0,415.10384109920494,237.6524064171123,481.4842880597122,0.0,0.0,5.93048128342246,0.0,0.0,100.69999999999858,476.5018896058321,768.1045115697117,0.06943814166194533,100.0,1.0,5.978037878952875
52,2029,7,12,3.00978221914696E18,139.6131675252213,7.106437300831141E-5,1.0,41.325496858614954,1.0,435.18052535177236,240.03208556149733,540.4119328308486,0.0,0.0,6.406417112299465,0.0,0.0,100.69999999999858,466.04799335632464,766.2973414010637,0.07260428189070904,100.0,1.0,5.993868598643369
50,2029,7,12,2.52771244661108E18,137.49648939126473,6.0382578623105754E-5,0.0,44.682411640025904,0.0,438.82275771664666,237.9933155080214,624.2147378881631,0.0,0.0,5.998663101604278,0.0,0.0,100.69999999999858,483.93309888205033,771.6478985645016,0.07433899665884779,100.0,1.0,5.902995432269105
54,2029,7,13,7.887265943744844E18,140.65416093091702,1.0010488179737613E-4,1.0,48.15792150906231,1.0,519.1506003350969,239.88101604278074,681.366899067421,0.0,0.0,6.07620320855615,0.0,0.0,100.69999999999858,422.33241042718373,732.7376853761878,0.08597257582727741,100.0,1.0,6.038560498386051
53,2029,7,13,2.957751204712242E18,140.09376611295698,3.9326011134703425E-5,0.0,46.43849441991224,0.0,459.869805385704,239.8542780748663,648.0877769350485,0.0,0.0,6.070855614973262,0.0,0.0,100.69999999999858,453.2084300668741,746.626935428525,0.07646016787829404,100.0,1.0,6.014501643753969
51,2029,7,13,6.50369789014244E18,145.0227808491301,7.476492859408656E-5,0.0,45.059219610328526,0.0,466.8027923040764,239.35294117647058,608.3191207558482,0.0,0.0,5.970588235294118,0.0,0.0,100.69999999999858,404.06994132244074,741.0419912267771,0.07497498356512958,100.0,1.0,6.226113966381496
59,2029,7,13,2.819594302524464E18,140.1527891218513,4.927310514907389E-5,0.0,48.537519365690606,0.0,518.9095738264452,239.4933155080214,684.4194909447284,0.0,0.0,5.998663101604278,0.0,0.0,100.69999999999858,380.4516058694898,724.7482362008835,0.08624007015699042,100.0,1.0,6.017035617919006
58,2029,7,13,4.687141051879245E18,142.2030895614963,1.8933145531640488E-4,0.0,40.152254517418974,0.0,439.7647912859322,239.9879679144385,497.6750697620121,0.0,0.0,6.097593582887701,0.0,0.0,100.69999999999858,412.16075201673993,740.8874819100943,0.07203284800973193,100.0,1.0,6.105059058979845
44,2029,7,13,5.156518253817723E18,139.4450040786778,5.4637935836552334E-5,0.0,46.53771104354451,0.0,488.98901061848306,241.67245989304814,663.4801941105202,0.0,0.0,6.434491978609626,0.0,0.0,100.69999999999858,424.43091291054856,761.3605803207518,0.08167991973138994,100.0,1.0,5.986649010265401
40,2029,7,13,3.5299406018237317E18,141.716258621904,8.026007344934548E-5,0.0,44.65805361706141,0.0,486.61345687673946,239.47326203208556,606.0424580069075,0.0,0.0,5.994652406417113,0.0,0.0,100.69999999999858,444.6343479283033,749.9386280391886,0.0799804050368817,100.0,1.0,6.084158446713858
48,2029,7,14,2.2093098651697398E18,135.43083207644364,1.3919431050640532E-4,0.0,41.80808360788765,0.0,641.5282691419128,246.97994652406416,592.0187155612923,0.0,0.0,5.995989304812834,0.0,0.0,143.0,383.61730712954716,823.075570350719,0.11033604543063619,100.0,1.0,5.814312690273241
57,2029,7,14,5.866154019238748E17,141.76466771839395,1.158912271331357E-4,0.0,38.66817347078247,0.0,442.60145993474566,243.30614973262033,481.2865164555224,0.0,0.0,6.461229946524064,0.0,0.0,100.69999999999858,405.0993240106087,762.2937424550004,0.07272169626345644,100.0,1.0,6.086236744688783
46,2029,7,14,6.646488575717851E18,141.20853513772894,1.9382807738016947E-4,0.0,45.72870354016369,0.0,446.7972522783213,242.12967914438502,629.255268603477,0.0,0.0,6.225935828877005,0.0,0.0,100.69999999999858,399.3759661349129,745.9325694131187,0.07370020712959544,100.0,1.0,6.062360876308896
42,2029,7,14,2.853793568557007E18,142.31430677387146,1.2965088787971198E-4,0.0,42.31220914794583,0.0,524.6773332570917,249.54010695187165,588.2244963874638,0.0,0.0,6.508021390374331,0.0,0.0,143.0,307.86834377308645,800.8046717373569,0.08587423939481542,100.0,1.0,6.1098338332271585
49,2029,7,15,3.317868809496197E18,134.52077084947248,6.595595997623804E-5,0.0,37.05176675233026,0.0,638.7396001138812,251.6350267379679,462.8121199155935,0.0,0.0,6.627005347593583,0.0,0.0,143.0,271.1909454396513,785.0814460050356,0.11059962573790844,100.0,1.0,5.775241967161113
47,2029,7,15,8.815097190336754E18,135.18979757690636,4.966766877134387E-5,0.0,35.25775097552735,0.0,592.7018243185984,250.77941176470588,448.2325470735247,0.0,0.0,6.455882352941177,0.0,0.0,143.0,369.3167767339623,821.6848740544691,0.10212016522662476,100.0,1.0,5.8039646038887245
41,2029,7,16,1.9955042617296404E18,146.3686465323855,3.1012492380827115E-4,0.0,39.859810814717235,0.0,560.6062908588301,251.14973262032086,530.0259017307637,0.0,0.0,6.229946524064171,0.0,0.0,143.0,302.2765067491496,798.5394315204627,0.08921319078252907,100.0,1.0,6.283894634207115
55,2029,11,15,8.661686022710631E18,120.4421201059277,4.0170371315672177E-4,1.0,28.26284832975318,1.0,784.4123411284284,369.8716577540107,304.9974028714662,0.0,0.0,5.374331550802139,0.0,0.0,88.0,55.444715161926986,773.1383080948038,0.15208257167831968,100.0,1.0,5.1578056083085775
53,2029,11,16,2.957751204712242E18,121.75635521567543,2.9117393807472086E-4,0.0,37.23848838141825,0.0,852.0190690593971,378.27139037433153,450.4956507815374,0.0,0.0,4.35427807486631,0.0,0.0,88.0,82.02638155359604,758.6091668997681,0.16340716578823408,100.0,1.0,5.214086328157499
49,2029,11,16,3.317868809496197E18,117.10753055893244,2.891940790302965E-4,1.0,31.00518352742604,1.0,970.9411212192205,373.32754010695186,336.2135861425747,0.0,0.0,4.565508021390374,0.0,0.0,88.0,43.25757693448417,747.4107809910606,0.19360719511446858,100.0,1.0,5.0150053599255955
56,2029,11,16,5.182538500345593E18,126.3457519682573,3.3237609482978595E-4,0.0,37.464082486624385,0.0,731.389797890536,376.44251336898395,458.3218766202057,0.0,0.0,5.188502673796791,0.0,0.0,88.0,33.272411916442465,764.3242762255301,0.13517664868758367,100.0,1.0,5.41062235964218
42,2029,11,16,2.853793568557007E18,115.88228136304346,1.6219362826260937E-4,0.0,31.42237131633573,0.0,931.2121401134307,370.8368983957219,354.8663128717845,0.0,0.0,5.267379679144385,0.0,0.0,88.0,66.58066098471332,773.3323519280718,0.18764846418652473,100.0,1.0,4.96253536713093
54,2029,11,17,7.887265943744844E18,120.67882895707216,9.752356094599722E-5,1.0,39.02341551308216,1.0,857.1366922596083,374.5868983957219,472.4787027984963,0.0,0.0,4.517379679144385,0.0,0.0,88.0,27.454117459993004,737.7453332480396,0.16585647125531422,100.0,1.0,5.167942412932197
52,2029,11,17,3.00978221914696E18,121.744963292939,2.5070498840660545E-4,1.0,34.6562729825879,2.0,791.4936987000602,378.6818181818182,394.2056413788654,0.0,0.0,4.136363636363637,0.0,0.0,88.0,24.314897345919725,742.3987695078073,0.1518133207909232,100.0,1.0,5.213598481190611
59,2029,11,17,2.819594302524464E18,122.00410041840935,3.9534601090715087E-4,0.0,39.45273009516178,0.0,855.1430942728189,373.6844919786096,482.967184650383,0.0,0.0,4.336898395721925,0.0,0.0,88.0,44.92120370635247,740.6374450219985,0.16367328065291248,100.0,1.0,5.224695752792086
47,2029,11,17,8.815097190336754E18,117.418297809527,8.614581216896423E-5,1.0,31.702298279088424,1.0,977.2990534215107,373.7513368983957,349.0145135168336,0.0,0.0,4.350267379679145,0.0,0.0,88.0,30.569992001349338,751.1891441424146,0.19435920748682484,100.0,1.0,5.028313636686133
46,2029,11,17,6.646488575717851E18,118.73237177341525,1.302697959599693E-4,1.0,32.994521524694676,1.0,929.2381016191671,381.38235294117646,380.727862819227,0.0,0.0,4.676470588235294,0.0,0.0,88.0,64.26726040738863,772.6615465190143,0.18275584985549126,100.0,1.0,5.084587455635124
45,2029,11,17,8.237168610376572E18,130.47030150793756,7.696643144082784E-4,0.0,34.42896828838791,0.0,685.0969676883212,372.45454545454544,384.95632748895616,0.0,0.0,4.090909090909091,0.0,0.0,88.0,36.96154954066879,732.5084529338942,0.12261787936638228,100.0,1.0,5.587251803966134
44,2029,11,17,5.156518253817723E18,122.94050109979952,9.851490591114078E-5,1.0,39.750539393467974,1.0,852.3575008596079,380.620320855615,498.31525595382556,0.0,0.0,4.524064171122995,0.0,0.0,88.0,18.63768298520659,754.7223217270954,0.1618975326263783,100.0,1.0,5.264796115371628
43,2029,11,17,3.212672331395627E18,128.5296402277361,7.696643144082784E-4,1.0,41.89128345572778,2.0,695.2248274999346,376.7232620320856,528.6218975556285,0.0,0.0,3.7446524064171123,0.0,0.0,88.0,29.79632462290203,732.4052569980414,0.1263093216432574,100.0,1.0,5.5041450500660405
41,2029,11,17,1.9955042617296404E18,115.33346540006443,2.159215955425254E-4,0.0,26.526467040428702,0.0,1124.9726329557166,373.69786096256684,277.21385555207905,0.0,0.0,4.339572192513369,0.0,0.0,88.0,79.35585288942974,767.0156044908176,0.2277718440023343,100.0,1.0,4.939032907615164
50,2029,11,18,2.52771244661108E18,126.7993873192256,1.1426857914822072E-4,0.0,40.90226948030723,0.0,786.8502392814917,383.25,525.4299332318026,0.0,0.0,4.75,0.0,0.0,88.0,8.647985651499825,758.5965133419749,0.1449066604565314,100.0,1.0,5.43004881074827
48,2029,11,18,2.2093098651697398E18,124.19785810601235,2.09741318134811E-4,0.0,41.84760058712525,0.0,906.1196111879087,376.4879679144385,541.9971853426854,0.0,0.0,4.597593582887701,0.0,0.0,88.0,7.518237474150757,752.4599616286691,0.17036675265155174,100.0,1.0,5.318641090971428
58,2029,11,18,4.687141051879245E18,124.04641267787831,8.891196210099513E-5,1.0,33.6401656266852,1.0,866.1335985021232,373.51069518716577,362.80346548243557,0.0,0.0,2.802139037433155,0.0,0.0,88.0,22.02718462608207,714.8989667708584,0.16304748268782557,100.0,1.0,5.312155601693295
57,2029,11,18,5.866154019238748E17,122.10472952738853,7.369888873770702E-5,0.0,29.76846961198038,0.0,934.5788163587908,379.6270053475936,318.56020654479903,0.0,0.0,4.025401069518717,0.0,0.0,88.0,35.94997067661071,749.8647944980539,0.1787297584833532,100.0,1.0,5.229005087285657
40,2029,11,18,3.5299406018237317E18,123.48735741626989,1.2505037250333515E-4,1.0,38.85480875141942,1.0,864.2181968452717,373.5401069518717,458.2534682621484,0.0,0.0,4.008021390374331,0.0,0.0,88.0,1.1551757805052625,720.335010996754,0.16342343365543346,100.0,1.0,5.288214655111295
51,2029,11,19,6.50369789014244E18,124.13028629712873,3.1012492380827115E-4,1.0,35.80586938096576,2.0,880.0980536326473,377.9852941176471,413.0665303845656,0.0,0.0,3.3970588235294117,0.0,0.0,88.0,35.87482342030855,738.9944279668717,0.1655643105998949,100.0,1.0,5.315747400171918
46,2030,2,26,6.646488575717851E18,153.40927451936207,0.019744858010559262,0.0,35.780853324812995,0.0,292.8999999999962,252.37032085561498,549.0623995059199,0.0,0.0,6.774064171122995,0.0,0.0,143.0,786.0144817699936,984.3273784100762,0.04469664093629318,100.0,1.0,6.553065149067268
53,2030,2,27,2.957751204712242E18,159.4251152814383,0.016861555146867775,0.0,37.826973280544394,0.0,298.7000000000036,255.20989304812835,594.5768110557223,0.0,0.0,6.741978609625669,0.0,0.0,143.0,812.206790999987,976.3280680696197,0.04386171547978238,100.0,1.0,6.8100391590403335
56,2030,3,3,5.182538500345593E18,169.02135163856616,0.0034987636439210647,0.0,37.852920207632415,0.0,310.2999999999961,258.9505347593583,615.1829131769176,0.0,0.0,6.290106951871658,0.0,0.0,143.0,866.8558330000002,1009.0350765281415,0.04297811223858137,100.0,1.0,7.219954154278567
55,2030,3,4,8.661686022710631E18,170.45834319209945,0.00418103847629926,0.0,33.05128720376019,0.0,313.20000000000397,263.01069518716577,494.8823463945705,0.0,0.0,6.802139037433155,0.0,0.0,143.0,768.5173118900143,1001.424355865311,0.04301407826564718,100.0,1.0,7.281337009379517
52,2030,3,4,3.00978221914696E18,169.91151335952847,0.004023955339631571,0.0,39.00352631522862,0.0,310.2999999999961,261.54411764705884,636.8791945361487,0.0,0.0,6.8088235294117645,0.0,0.0,143.0,809.0823152315065,995.2111413363896,0.042752951096775384,100.0,1.0,7.2579785029950905
49,2030,3,4,3.317868809496197E18,171.89440712258704,0.0018107226117019483,0.0,40.82552031752385,0.0,313.20000000000397,262.6229946524064,670.4117855813615,0.0,0.0,6.724598930481283,0.0,0.0,143.0,747.6561095800064,970.910501921939,0.04265472412879962,100.0,1.0,7.342680239925349
59,2030,3,4,2.819594302524464E18,170.35355027092737,0.00418103847629926,0.0,44.32903563511574,0.0,310.2999999999961,259.71256684491976,768.4969334384314,0.0,0.0,6.442513368983957,0.0,0.0,143.0,770.8522449117128,964.2006815811574,0.042642014856080906,100.0,1.0,7.2768606513382466
44,2030,3,4,5.156518253817723E18,168.68747658387895,0.0016195510765291375,0.0,42.623095673608404,0.0,310.2999999999961,261.524064171123,727.8831018427124,0.0,0.0,6.804812834224599,0.0,0.0,143.0,757.999629317601,979.0227423027255,0.0430631767606466,100.0,1.0,7.2056922721865835
41,2030,3,4,1.9955042617296404E18,171.33881880465916,0.002488713378749559,0.0,40.03327428235868,0.0,310.2999999999961,255.5548128342246,653.1778323129795,0.0,0.0,5.61096256684492,0.0,0.0,143.0,830.5026656059009,977.6325260817365,0.04239680576834632,100.0,1.0,7.318947604106245
51,2030,3,5,6.50369789014244E18,167.1621628800097,0.0048323008162966296,0.0,35.86316126393015,0.0,307.3999999999961,259.40909090909093,543.5595306892837,0.0,0.0,6.681818181818182,0.0,0.0,143.0,719.7931229813117,971.0523120397854,0.0430499857371808,100.0,1.0,7.140536628203926
58,2030,3,5,4.687141051879245E18,165.47326707254044,0.004571873510768616,0.0,27.10276499474311,0.0,310.2999999999961,263.28208556149735,373.07598000159504,0.0,0.0,7.156417112299465,0.0,0.0,143.0,779.2588330124298,1001.7692222555867,0.043899650680460096,100.0,1.0,7.068393374212242
47,2030,3,5,8.815097190336754E18,170.08997074475005,0.0048323008162966296,0.0,39.659588887328965,0.0,313.20000000000397,263.451871657754,643.0613479878273,0.0,0.0,6.890374331550802,0.0,0.0,143.0,714.9849495318048,977.4063190153014,0.04310723602922253,100.0,1.0,7.265601528886815
43,2030,3,5,3.212672331395627E18,170.53225021741295,0.0048323008162966296,0.0,42.97199932585799,0.0,313.20000000000397,260.3903743315508,733.2168745510945,0.0,0.0,6.278074866310161,0.0,0.0,143.0,764.3218705457296,972.2480967969303,0.042995436380800355,100.0,1.0,7.284494038531579
42,2030,3,5,2.853793568557007E18,175.09603205331504,0.0048323008162966296,0.0,42.15788598573035,0.0,316.1000000000039,261.50267379679144,747.5955291247454,0.0,0.0,6.2005347593582885,0.0,0.0,143.0,846.3988115007047,1024.813086177339,0.04226251344463701,100.0,1.0,7.4794415721177625
50,2030,3,6,2.52771244661108E18,174.39150232647555,0.005387393369289671,0.0,45.01997282881785,0.0,313.20000000000397,259.8422459893048,813.555451716825,0.0,0.0,6.168449197860962,0.0,0.0,143.0,777.4620986763629,992.8961221039639,0.04204395522306575,100.0,1.0,7.449346721503956
48,2030,3,6,2.2093098651697398E18,176.78041766445148,0.005483563156294001,0.0,47.854498667342135,0.0,313.20000000000397,258.1577540106952,917.6042887633564,0.0,0.0,5.831550802139038,0.0,0.0,143.0,810.7680612935101,999.1763471030619,0.04147579586000669,100.0,1.0,7.551392167546306
57,2030,3,6,5.866154019238748E17,171.7117867694275,0.0037456032488346986,0.0,31.322312487305446,0.0,313.20000000000397,256.5,457.7640753683127,0.0,0.0,5.5,0.0,0.0,143.0,849.3899410357727,1002.5310733069646,0.04270008863714744,100.0,1.0,7.334879387756867
45,2030,3,6,8.237168610376572E18,171.23992916078134,0.005182716798056167,0.0,31.607139303715112,0.0,316.1000000000039,263.99598930481284,456.4234855019889,0.0,0.0,6.699197860962567,0.0,0.0,143.0,790.4853592625716,986.4220438413905,0.04321421087372547,100.0,1.0,7.314723411788478
54,2030,3,7,7.887265943744844E18,175.15681982645873,0.001641204773190099,1.0,42.88993234246401,1.0,318.99999999999994,261.09090909090907,710.4523811805943,0.0,0.0,5.818181818181818,0.0,0.0,143.0,756.5822594896453,945.321614210854,0.04263544125665805,100.0,1.0,7.482038196337048
40,2030,3,10,3.5299406018237317E18,179.27424653795794,0.007964562546760163,0.0,45.92726086709953,0.0,324.79999999999575,252.7673796791444,784.340674096171,0.0,0.0,3.553475935828877,0.0,0.0,143.0,772.4186175892854,922.6708784702214,0.04241361063604092,100.0,1.0,7.657919123820063
53,2030,7,9,2.957751204712242E18,139.42968804635677,5.2670673201132984E-5,1.0,44.326064291998684,1.0,346.7657901557301,232.5909090909091,607.8802418578432,0.0,0.0,5.818181818181818,0.0,0.0,101.0,524.2220861320383,762.5446611963067,0.058368869713475484,100.0,1.0,5.940937212900545
46,2030,7,9,6.646488575717851E18,139.4591514417195,1.1773915102819705E-4,0.0,44.61154471753768,0.0,334.25550433838964,233.36631016042782,620.7478312254902,0.0,0.0,5.973262032085562,0.0,0.0,101.0,490.8412689074718,769.7003339348,0.05625120659191931,100.0,1.0,5.9421926139875305
55,2030,7,11,8.661686022710631E18,141.602839979075,7.239143879744892E-5,0.0,39.21320567297566,0.0,432.83981338558414,236.89438502673798,486.64353171549953,0.0,0.0,6.078877005347594,0.0,0.0,101.0,410.32849064918037,753.2407640165322,0.07173903503379815,100.0,1.0,6.03353269501969
52,2030,7,12,3.00978221914696E18,145.231673658848,5.902644153183692E-5,0.0,46.619543169710326,0.0,435.060251765651,235.37299465240642,649.0431197629134,0.0,0.0,5.474598930481283,0.0,0.0,101.0,454.1167981552637,742.4772390194282,0.07030534727161442,100.0,1.0,6.188153087202022
51,2030,7,12,6.50369789014244E18,143.55761774198157,3.1012492380827115E-4,0.0,40.76296371998607,0.0,452.46807713372306,237.9264705882353,529.2399342910854,0.0,0.0,5.985294117647059,0.0,0.0,101.0,463.86061814590363,768.2274419341987,0.07397108590818302,100.0,1.0,6.116823507165372
50,2030,7,12,2.52771244661108E18,137.0547242683207,1.0730966221739488E-4,1.0,47.497253352995315,1.0,485.1172944411978,239.48395721925132,673.0190140210573,0.0,0.0,6.2967914438502675,0.0,0.0,101.0,354.6962620065914,743.1068421022519,0.08307168897547064,100.0,1.0,5.839742762235676
57,2030,7,12,5.866154019238748E17,137.18226036712153,1.65488219748277E-4,1.0,34.85898151118228,1.0,481.60451233893997,238.2072192513369,406.1102916229019,0.0,0.0,6.041443850267379,0.0,0.0,101.0,425.66569153938855,757.6012105043444,0.08239348754018952,100.0,1.0,5.8451769274121945
45,2030,7,12,8.237168610376572E18,139.83727233517564,5.671633573669917E-5,0.0,36.08593975152237,0.0,454.58793058366444,238.46122994652407,424.5249932369235,0.0,0.0,6.092245989304812,0.0,1.0,101.0,447.8888278894227,750.7637593201177,0.07629485466307166,100.0,1.0,5.958303906484728
44,2030,7,12,5.156518253817723E18,141.10193381461238,6.222410188769482E-5,1.0,45.025759465911754,1.0,433.6934484834857,239.91844919786095,641.6752073299868,0.0,0.0,6.383689839572193,0.0,0.0,101.0,498.86851699999636,782.5101848546461,0.07213568976985202,100.0,1.0,6.012189664605399
49,2030,7,13,3.317868809496197E18,139.33429891399854,9.036274003737501E-5,1.0,42.56870828458124,1.0,440.2650356226353,241.39839572192514,565.3379325732928,0.0,0.0,6.379679144385027,0.0,0.0,101.0,448.4965563236836,761.7417323809048,0.07415773438280529,100.0,1.0,5.936872792660696
48,2030,7,13,2.2093098651697398E18,145.6331276197778,5.235059483596745E-5,0.0,49.81097417346871,0.0,490.85032189740633,239.90106951871658,784.9494487512063,0.0,0.0,6.080213903743315,0.0,0.0,101.0,484.13398274755934,790.1401787627086,0.0791023155593145,100.0,1.0,6.205258574628508
59,2030,7,13,2.819594302524464E18,140.6320614050513,5.412302335222883E-5,1.0,45.44394656251751,1.0,438.52440039496184,246.09491978609626,648.8112583644156,0.0,0.0,6.1189839572192515,0.0,0.0,143.0,322.3173935740489,777.9876511960597,0.07318291662201454,100.0,1.0,5.992168946475783
58,2030,7,13,4.687141051879245E18,144.7363117511206,6.112040280021107E-5,0.0,38.14810312646261,0.0,453.50485960050844,237.8288770053476,457.97052045126065,0.0,0.0,5.665775401069519,0.0,0.0,101.0,411.9570775393454,741.5572302814736,0.073536801605091,100.0,1.0,6.167046291133662
56,2030,7,13,5.182538500345593E18,142.90113170144951,6.570443301022691E-5,1.0,45.736068113849264,1.0,418.604773525093,240.02139037433156,626.8356734377385,0.0,0.0,6.10427807486631,0.0,0.0,101.0,394.31215598862855,742.926760948086,0.068749382454931,100.0,1.0,6.088851398767276
47,2030,7,13,8.815097190336754E18,142.34904070930054,6.112040280021107E-5,1.0,43.92144787508255,1.0,458.9082628559311,240.77005347593584,594.5968985154034,0.0,0.0,6.254010695187166,0.0,0.0,101.0,407.8910159466335,758.1702427681007,0.07566092139725009,100.0,1.0,6.065327442240351
43,2030,7,13,3.212672331395627E18,144.38529672001798,5.1550020579832265E-5,0.0,47.31837453954893,0.0,459.53064443191334,240.1885026737968,681.9877033137703,0.0,0.0,6.137700534759358,0.0,0.0,101.0,437.28790900464486,758.3558334314374,0.07469504645051184,100.0,1.0,6.1520899479775935
42,2030,7,13,2.853793568557007E18,143.57328181833148,1.8592621331431125E-4,0.0,44.78841459163659,0.0,464.85401519952916,240.8235294117647,649.7285506636489,0.0,0.0,6.264705882352941,0.0,0.0,101.0,503.4450226317871,799.9376487684284,0.07598769170519426,100.0,1.0,6.117490935282001
41,2030,7,13,1.9955042617296404E18,142.06017931508725,5.6924545486099696E-5,0.0,40.637793239417526,0.0,439.6838514485835,240.201871657754,548.5146551850114,0.0,0.0,6.140374331550802,0.0,0.0,101.0,550.6156310473415,800.2211549784051,0.07263876470078828,100.0,1.0,6.053019393428809
54,2030,7,14,7.887265943744844E18,140.07459048969187,9.2629905558026E-5,1.0,40.91764505420793,2.0,518.7997732823733,249.69385026737967,540.8384747500716,0.0,0.0,6.538770053475936,0.0,0.0,143.0,297.43976072446145,779.9710888875813,0.08692420138731265,100.0,1.0,5.968415757663743
40,2030,7,15,3.5299406018237317E18,137.19364248620903,1.1368215682121373E-4,0.0,36.87970120299037,0.0,632.1372998570569,251.42780748663102,480.9916738038866,0.0,0.0,6.5855614973262036,0.0,0.0,143.0,362.57425149850883,822.0532193460689,0.10813784820089105,100.0,1.0,5.845661906298669
54,2030,11,15,7.887265943744844E18,118.93598296136801,1.7008783828272817E-4,0.0,33.015631780052324,0.0,915.5513951286767,369.8783422459893,369.5899470798259,0.0,0.0,5.375668449197861,0.0,0.0,88.0,24.116448467097396,749.0787593475217,0.18111831785439453,100.0,1.0,5.054990604896799
52,2030,11,15,3.00978221914696E18,122.31244965458878,8.093030370779519E-5,0.0,36.34406584280305,0.0,803.0412356064186,369.8582887700535,425.0570468549807,0.0,0.0,5.371657754010696,0.0,0.0,88.0,5.806536678293337,743.9207608468964,0.15447567293072362,100.0,1.0,5.1984964387664565
42,2030,11,15,2.853793568557007E18,117.3352326725803,3.1012492380827115E-4,1.0,36.4399757709444,2.0,860.264000565159,367.64572192513367,430.8520612630833,0.0,0.0,4.929144385026738,0.0,0.0,88.0,16.001389689621142,750.91043649187,0.1725028298646662,100.0,1.0,4.986955873361977
41,2030,11,15,1.9955042617296404E18,118.11200029765752,1.8943188293960123E-4,1.0,32.21194183572553,1.0,854.3423885002512,370.2860962566845,360.574260733308,0.0,0.0,5.457219251336898,0.0,0.0,88.0,18.289382797336668,757.9771100465467,0.17018874800632874,100.0,1.0,5.019969877611892
40,2030,11,15,3.5299406018237317E18,109.4961145980067,9.631208813921466E-5,1.0,28.46486613955464,1.0,978.6051184960713,365.1951871657754,295.587633070112,0.0,0.0,5.63903743315508,0.0,0.0,88.0,0.0,741.7771021188403,0.21028180083960116,100.0,1.0,4.653779426411381
55,2030,11,16,8.661686022710631E18,126.06138522216264,1.9229125195543582E-4,1.0,31.048082231700587,1.0,738.0846335614013,368.1029411764706,342.0836499596658,0.0,0.0,4.720588235294118,0.0,0.0,88.0,41.03473879761824,758.9450773315297,0.13775805491244944,100.0,1.0,5.357832861610036
50,2030,11,16,2.52771244661108E18,121.23768213098245,3.144053571929243E-4,1.0,38.946650975467406,2.0,777.2224241094849,370.2486631016043,486.9634078213261,0.0,0.0,5.149732620320855,0.0,0.0,88.0,17.622618990829807,762.5843127333179,0.15083447321825372,100.0,1.0,5.152816909333873
59,2030,11,16,2.819594302524464E18,119.20469517500987,3.1012492380827115E-4,1.0,38.862997515012054,2.0,851.6517258852339,373.78877005347596,469.0546476147132,0.0,0.0,4.657754010695188,0.0,0.0,88.0,28.61647435566194,737.3115707243627,0.16809762705991602,100.0,1.0,5.06641135143255
57,2030,11,16,5.866154019238748E17,121.94514031911415,3.2171593920519347E-4,1.0,27.897352955300747,1.0,777.6988108551691,373.44117647058823,288.0752893233197,0.0,0.0,4.588235294117647,0.0,0.0,88.0,12.818788560822986,743.7810814556464,0.1500513304739811,100.0,1.0,5.182885139362507
46,2030,11,16,6.646488575717851E18,129.4822196831762,1.7693803978912473E-4,1.0,39.53756024966474,1.0,639.8349484874882,375.4532085561497,509.4479631727956,0.0,0.0,4.990641711229946,0.0,0.0,88.0,69.15217668577182,778.283480875906,0.11626546574599123,100.0,1.0,5.503224404444872
53,2030,11,17,2.957751204712242E18,131.59895408463316,7.696643144082784E-4,1.0,43.156797609413545,1.0,642.6722771189352,372.0802139037433,557.0682885894887,0.0,0.0,4.016042780748663,0.0,0.0,88.0,37.083010836256,733.1399287091298,0.11490264922810617,100.0,1.0,5.593189377584273
51,2030,11,17,6.50369789014244E18,127.13291474086641,8.92702716776831E-5,0.0,33.2580639273076,0.0,803.0442369262485,374.84090909090907,381.3961904587324,0.0,0.0,4.568181818181818,0.0,0.0,88.0,51.11792097056129,764.7383150548249,0.1486190151704446,100.0,1.0,5.403374770080884
49,2030,11,17,3.317868809496197E18,121.56244037227741,8.795375037103549E-5,0.0,36.2232542407346,0.0,849.421559376072,369.596256684492,418.58927660489786,0.0,0.0,4.719251336898396,0.0,0.0,88.0,10.008522979337599,736.3143562185439,0.16440566691296774,100.0,1.0,5.166619711629129
48,2030,11,17,2.2093098651697398E18,121.97079183627594,1.4881234347805715E-4,1.0,43.109785863790826,1.0,874.1222548668746,369.1149732620321,567.4846516441414,0.0,0.0,4.622994652406417,0.0,0.0,88.0,2.1312029540056123,748.3712056640657,0.16862006312378205,100.0,1.0,5.183975374420252
58,2030,11,17,4.687141051879245E18,120.47448457522741,7.696643144082784E-4,1.0,24.628292874266016,1.0,870.5937881423304,372.88903743315507,245.67240640159426,0.0,0.0,4.177807486631016,0.0,0.0,88.0,37.950932965344634,750.2723624676529,0.17002524157130297,100.0,1.0,5.120379657141861
47,2030,11,17,8.815097190336754E18,118.14657312393057,2.120224678446984E-4,1.0,32.085095954124476,2.0,861.268308716907,375.39572192513367,359.68352327927454,0.0,0.0,4.679144385026738,0.0,0.0,88.0,15.943747666097485,760.2622884262889,0.1715182161883365,100.0,1.0,5.021439284158522
44,2030,11,17,5.156518253817723E18,122.1797163906883,2.674622991288688E-4,1.0,39.86615978060525,2.0,794.5045229112294,368.5066844919786,490.72749582604166,0.0,0.0,4.501336898395722,0.0,0.0,88.0,26.177055251573314,739.3714702975049,0.15299955745205532,100.0,1.0,5.192855039206235
43,2030,11,17,3.212672331395627E18,121.44205290359304,6.68616682633738E-4,1.0,38.18026728951339,2.0,869.2280419959291,374.03877005347596,461.69564390512124,0.0,0.0,4.407754010695188,0.0,0.0,88.0,30.10572953296318,746.7290690706956,0.16840599276855908,100.0,1.0,5.161503030301968
56,2030,11,18,5.182538500345593E18,121.98998603289354,9.857753458622728E-5,1.0,36.66767107385271,2.0,866.3422263715387,374.903743315508,427.9824495607512,0.0,0.0,4.280748663101604,0.0,0.0,88.0,7.455362283135734,738.4004523308088,0.16709298394521677,100.0,1.0,5.1847911618813285
45,2030,11,18,8.237168610376572E18,127.18245436496099,7.623523200793296E-5,0.0,32.1788558706297,0.0,792.963831489798,378.7914438502674,343.41445993237636,0.0,0.0,3.858288770053476,0.0,0.0,88.0,1.582244949051072,722.8286000419416,0.14669627648897934,100.0,1.0,5.40548029212841
41,2031,2,26,1.9955042617296404E18,156.10115583470335,0.02961128222857749,0.0,38.09200167050341,0.0,295.7999999999965,247.63636363636363,558.5177263548755,0.0,0.0,6.7272727272727275,0.0,0.0,101.19999999999857,744.5145589099916,906.5596209575458,0.044696863246398724,100.0,1.0,6.6179140663484795
42,2031,2,27,2.853793568557007E18,157.46051874661194,0.02961128222857749,0.0,35.62901561629053,0.0,298.7000000000036,255.49732620320856,556.8191612698417,0.0,0.0,6.7994652406417115,0.0,0.0,143.0,793.9350599646054,1004.8479894475313,0.044745414955270964,100.0,1.0,6.675544305457761
52,2031,3,2,3.00978221914696E18,167.27378147157083,0.003560788628682719,0.0,36.61066139285461,0.0,307.3999999999961,260.11764705882354,573.7039817800365,0.0,0.0,6.823529411764706,0.0,0.0,143.0,796.7502217744351,992.309320021919,0.04334719340307098,100.0,1.0,7.09157792850824
49,2031,3,2,3.317868809496197E18,162.81228255720842,0.003560788628682719,0.0,40.70174288668063,0.0,304.49999999999994,258.8382352941176,679.4016201703623,0.0,0.0,6.867647058823529,0.0,0.0,143.0,780.3194344809326,988.7489350894344,0.044114882541167494,100.0,1.0,6.902432522989132
59,2031,3,2,2.819594302524464E18,167.70194369433617,0.003560788628682719,0.0,44.12734851681883,0.0,307.3999999999961,258.0187165775401,756.1777136223227,0.0,0.0,6.403743315508021,0.0,0.0,143.0,749.0642233523976,956.7617299809112,0.04323652306574969,100.0,1.0,7.10972988120561
54,2031,3,3,7.887265943744844E18,167.56272094940033,0.004243063461060914,0.0,38.10029670847918,0.0,310.2999999999961,261.71122994652404,603.1599832285161,0.0,0.0,6.842245989304812,0.0,0.0,143.0,789.7615710657066,978.9165179141083,0.04368067760347546,100.0,1.0,7.103827527971018
50,2031,3,3,2.52771244661108E18,171.67180419266285,0.0026885151028687637,0.0,40.53293107173577,0.0,310.2999999999961,262.11898395721926,694.4599608200173,0.0,0.0,6.92379679144385,0.0,0.0,143.0,775.0474939685208,1018.0455237452783,0.042635150405582516,100.0,1.0,7.27803225855083
46,2031,3,3,6.646488575717851E18,169.52626979783423,0.00390593181686768,0.0,33.22738685604674,0.0,310.2999999999961,262.12566844919786,504.7562035986137,0.0,0.0,6.925133689839572,0.0,0.0,143.0,807.8239867700025,1013.2614797285321,0.04317474336502738,100.0,1.0,7.187072251397489
44,2031,3,3,5.156518253817723E18,165.56133296313558,0.004206318867688362,0.0,42.739678850759724,0.0,307.3999999999961,259.8034759358289,741.0909520488847,0.0,0.0,6.760695187165775,0.0,0.0,143.0,817.3317740000018,992.0656555716077,0.04379554589794045,100.0,1.0,7.018978612947306
58,2031,3,4,4.687141051879245E18,169.90695392988502,0.001761565913247179,0.0,27.727429367147874,0.0,310.2999999999961,261.3836898395722,385.7449420415871,0.0,0.0,6.776737967914438,0.0,0.0,143.0,787.7979222399912,1003.9616735162572,0.043078008420846046,100.0,1.0,7.2032113687465085
47,2031,3,4,8.815097190336754E18,172.865486833817,0.004925338293439112,0.0,39.3934547706878,0.0,310.2999999999961,259.61229946524065,643.9763740508556,0.0,0.0,6.422459893048129,0.0,0.0,143.0,758.2661591235209,989.8677202766071,0.042340743234583374,100.0,1.0,7.328638476675277
43,2031,3,4,3.212672331395627E18,171.94458995353065,0.004925338293439112,0.0,39.830347016027986,0.0,310.2999999999961,262.0655080213904,676.0503688564094,0.0,0.0,6.913101604278075,0.0,0.0,143.0,839.7899759999831,1020.349958156447,0.042567510813396214,100.0,1.0,7.28959702060716
40,2031,3,4,3.5299406018237317E18,172.35650938218535,0.004925338293439112,0.0,43.10556444014523,0.0,313.20000000000397,259.4077540106952,741.6863923755359,0.0,0.0,6.081550802139038,0.0,0.0,143.0,803.4637938191914,978.1638766118266,0.04286265400752149,100.0,1.0,7.307060359469201
55,2031,3,5,8.661686022710631E18,174.5149476054428,0.005576600633436481,0.0,33.01665837431899,0.0,316.1000000000039,263.16042780748666,495.0792068187208,0.0,0.0,6.532085561497326,0.0,0.0,143.0,768.2896084300008,1003.2609349393613,0.04272448730231784,100.0,1.0,7.398567424888799
53,2031,3,5,2.957751204712242E18,173.7033520422099,0.005576600633436481,0.0,43.198942100768775,0.0,313.20000000000397,262.8368983957219,740.105208540006,0.0,0.0,6.767379679144385,0.0,0.0,143.0,749.112943011496,972.2037618923516,0.04253031009901033,100.0,1.0,7.36415980205355
57,2031,3,5,5.866154019238748E17,174.22112414665472,0.005576600633436481,0.0,31.79852998508641,0.0,316.1000000000039,263.6550802139037,471.9518671517423,0.0,0.0,6.6310160427807485,0.0,0.0,143.0,801.5951983459429,1011.1141076850948,0.04279654203560932,100.0,1.0,7.386110768879166
51,2031,3,7,6.50369789014244E18,177.4766087446552,0.006419585922831213,0.0,40.75046285315309,0.0,318.99999999999994,261.2914438502674,670.1252327206747,0.0,0.0,5.858288770053476,0.0,0.0,143.0,741.099340922302,973.5651066545267,0.04239694431675689,100.0,1.0,7.524127154463793
48,2031,3,7,2.2093098651697398E18,181.1607936604045,0.006879125313431219,0.0,53.10464776797424,0.0,318.99999999999994,259.39304812834223,1078.6138142806542,0.0,0.0,5.478609625668449,0.0,0.0,143.0,701.6411352532484,951.7453524676746,0.041534736884510495,100.0,1.0,7.680318305301804
45,2031,3,7,8.237168610376572E18,174.53081206632626,0.006879125313431219,1.0,33.60210768875845,1.0,316.1000000000039,258.36764705882354,485.2836048243174,0.0,0.0,5.573529411764706,0.0,0.0,143.0,764.1055282432379,957.8608162943319,0.0427206037418764,100.0,1.0,7.3992399992734725
56,2031,3,8,5.182538500345593E18,178.12620053404066,0.0054186236712772855,0.0,41.28778383977544,0.0,318.99999999999994,264.0922459893048,712.1625805627964,0.0,0.0,6.418449197860962,0.0,0.0,143.0,837.1395646135015,1011.695619620956,0.04224233086381947,100.0,1.0,7.551666621531609
42,2031,7,9,2.853793568557007E18,137.59725472769415,6.0523989814260526E-5,0.0,44.22218665057311,0.0,345.447242875326,233.26604278074868,602.3992769891446,0.0,0.0,5.9532085561497325,0.0,0.0,101.30000000000143,439.64202511640076,758.8417164588999,0.059367464874067535,100.0,1.0,5.818797275714931
41,2031,7,9,1.9955042617296404E18,136.13884859309118,1.310756229113572E-4,0.0,41.220202561380844,0.0,335.32029122680603,233.24598930481284,525.7759993256387,0.0,0.0,5.949197860962567,0.0,0.0,101.30000000000143,402.4834015146476,748.7390289832101,0.05824441716976107,100.0,1.0,5.757123300752938
54,2031,7,11,7.887265943744844E18,139.76651964496244,4.46094539425016E-5,1.0,43.923854795483685,1.0,410.7188877440521,236.88770053475935,578.6018491202937,0.0,0.0,6.077540106951871,0.0,0.0,101.30000000000143,424.7379159145823,737.7187562155373,0.06948932077973251,100.0,1.0,5.910532483774741
53,2031,7,11,2.957751204712242E18,141.734605844317,9.369333045567106E-5,0.0,45.310639587366474,0.0,456.6377369884229,237.44919786096256,631.9629969269071,0.0,0.0,6.189839572192513,0.0,0.0,101.30000000000143,468.8340881549345,761.7016573392823,0.0761855208834941,100.0,1.0,5.99376012256622
50,2031,7,12,2.52771244661108E18,140.39940322612864,6.620942011278206E-5,1.0,46.09069281680356,1.0,417.7183456247604,238.57486631016042,644.3381238174105,0.0,0.0,6.114973262032086,0.0,0.0,101.30000000000143,376.5997209350669,752.695035231962,0.07035497771726175,100.0,1.0,5.937296253627727
59,2031,7,12,2.819594302524464E18,138.1504858153751,9.740104390963289E-5,1.0,46.82989442375891,1.0,397.5948652889846,239.5842245989305,659.5648671171015,0.0,0.0,6.316844919786096,0.0,0.0,101.30000000000143,429.84268453085025,747.9882182877687,0.06805576073479953,100.0,1.0,5.8421926519686815
58,2031,7,12,4.687141051879245E18,139.09195065292113,2.2120180014855296E-4,0.0,34.53942255981027,0.0,434.2015068005169,237.97994652406416,392.3866919144901,0.0,0.0,5.995989304812834,0.0,0.0,101.30000000000143,382.7712353464232,742.421394017452,0.07381861128732879,100.0,1.0,5.8820058956466585
47,2031,7,12,8.815097190336754E18,143.4150661240768,8.005289721431882E-5,0.0,42.228100109504474,0.0,437.60355372614276,239.11631016042782,571.3595701424123,0.0,0.0,6.223262032085562,0.0,0.0,101.30000000000143,458.78707517196756,780.7302700292253,0.07215436434053508,100.0,1.0,6.064824459693903
43,2031,7,12,3.212672331395627E18,138.80021257583056,6.207464447723601E-5,1.0,48.15089397990836,1.0,436.534702511808,238.4211229946524,658.0389518692804,0.0,0.0,6.084224598930481,0.0,0.0,101.30000000000143,291.2111740628876,707.9224130892813,0.07437126779730892,100.0,1.0,5.8696686965393345
55,2031,7,13,8.661686022710631E18,143.83529947849632,9.697464784498783E-5,1.0,36.76437511442151,1.0,463.36203478945464,239.31283422459893,453.2526400335428,0.0,0.0,5.962566844919786,0.0,0.0,101.30000000000143,461.667569312734,778.5800309894626,0.07617834052592859,100.0,1.0,6.082595546062617
52,2031,7,13,3.00978221914696E18,141.8717470452112,5.585823555624479E-5,0.0,42.10979120130509,0.0,400.2068693195893,239.47326203208556,558.3284018602528,0.0,0.0,5.994652406417113,0.0,0.0,101.30000000000143,471.56260352195847,766.5375569500208,0.06670604073246368,100.0,1.0,5.999559633957131
49,2031,7,13,3.317868809496197E18,141.17194406156545,1.2954257469017169E-4,1.0,47.01127260664536,1.0,396.9701833634633,241.86631016042782,678.7421964173085,0.0,0.0,6.473262032085562,0.0,0.0,101.30000000000143,426.2527585703005,764.0537971191958,0.06649454748432043,100.0,1.0,5.969965935283188
48,2031,7,13,2.2093098651697398E18,144.96250455490906,5.6284015210212564E-5,1.0,55.18737962830818,1.0,522.7927486097477,239.68048128342247,894.6791139595166,0.0,0.0,6.036096256684492,0.0,0.0,101.30000000000143,311.1255548343098,725.9095349590335,0.08528063266910064,100.0,1.0,6.13026348711844
57,2031,7,13,5.866154019238748E17,142.33528626110788,4.507629706515569E-5,0.0,38.33463640036179,0.0,463.04130479699523,241.75935828877004,463.73631139242985,0.0,0.0,6.451871657754011,0.0,0.0,101.30000000000143,365.79142931511154,744.8584058106778,0.07692786799564139,100.0,1.0,6.019162065211926
44,2031,7,13,5.156518253817723E18,144.76517411495155,4.8977404265361837E-5,0.0,50.10690967770529,0.0,414.8216958211435,240.24197860962568,757.7856907032822,0.0,0.0,6.148395721925134,0.0,0.0,101.30000000000143,434.5527758609197,753.8649860383584,0.06776007966088746,100.0,1.0,6.121918656193483
40,2031,7,13,3.5299406018237317E18,141.81924013442364,1.3637859446274014E-4,0.0,46.304791565772696,0.0,439.95694621938026,240.58288770053477,654.0319695949972,0.0,0.0,6.216577540106952,0.0,0.0,101.30000000000143,443.94069579212294,757.5514730961701,0.0733586899660172,100.0,1.0,5.997339189442814
51,2031,7,14,6.50369789014244E18,140.95503996639124,3.7247768893618904E-5,0.0,44.8700031971093,0.0,520.8192865567805,241.50133689839572,584.6682607573047,0.0,0.0,6.100267379679145,0.0,0.0,101.30000000000143,296.2567760307569,717.5025109919737,0.08737415558007157,100.0,1.0,5.960793361596386
46,2031,7,14,6.646488575717851E18,147.4390755820052,8.341176003450001E-5,1.0,41.81862608251034,1.0,421.28074152172843,242.39705882352942,551.1106778716617,0.0,0.0,6.279411764705882,0.0,0.0,101.30000000000143,422.02781317473887,765.8138204513643,0.06756714200202861,100.0,1.0,6.234994244822137
45,2031,7,14,8.237168610376572E18,145.16094371644692,5.891430923409406E-5,1.0,41.37983121692978,1.0,516.8507876129781,239.44251336898395,495.754844732154,0.0,0.0,5.688502673796791,0.0,0.0,101.30000000000143,311.95675529719364,701.5256884291348,0.08419609351040187,100.0,1.0,6.138655204342998
56,2031,7,15,5.182538500345593E18,144.325660447741,4.802182158691099E-5,1.0,43.18847820116578,1.0,555.2220923783717,251.71524064171123,602.0492429118378,0.0,0.0,6.643048128342246,0.0,0.0,143.0,261.8026318694168,791.1901364280873,0.09097032100882897,100.0,1.0,6.103332232107718
41,2031,11,13,1.9955042617296404E18,125.53742128429494,1.063528545295854E-4,1.0,34.67894209794616,1.0,621.1433377697515,358.0133689839572,406.93947655789265,0.0,0.0,6.002673796791444,0.0,0.0,88.0,21.301084425455333,765.3775554517852,0.1172968060699766,100.0,1.0,5.295483812229223
50,2031,11,14,2.52771244661108E18,120.16144601916223,2.3210624680587412E-4,0.0,35.928192686123865,0.0,781.1115053938773,366.4532085561497,428.8397996682065,0.0,0.0,4.990641711229946,0.0,0.0,88.0,34.03770186107338,763.8172573067369,0.15410454496007156,100.0,1.0,5.068711669706193
57,2031,11,14,5.866154019238748E17,117.41269170656955,1.2658160155439634E-4,1.0,24.989082752819343,2.0,850.0254545880856,368.76604278074865,248.78823681865663,0.0,0.0,5.4532085561497325,0.0,0.0,88.0,3.5976212688779423,745.6828033721351,0.1716265392645669,100.0,1.0,4.952762307219565
56,2031,11,14,5.182538500345593E18,113.46383619442628,1.3554411005606252E-4,1.0,31.833813691983927,1.0,1008.1149591360914,363.17379679144386,348.11082794932486,0.0,0.0,5.53475935828877,0.0,0.0,88.0,0.0,744.4575690082763,0.2106299646490309,100.0,1.0,4.786189661171411
44,2031,11,14,5.156518253817723E18,113.60682682821557,1.902186354524747E-4,1.0,35.9130486813312,1.0,859.4783242645841,365.16577540106954,425.311650918812,0.0,0.0,5.933155080213904,0.0,0.0,88.0,24.218031925225763,758.0044100801655,0.17934862744068317,100.0,1.0,4.792221365334082
55,2031,11,15,8.661686022710631E18,120.09658686459204,1.3869629866201754E-4,0.0,26.884874633723125,0.0,858.763439416359,363.3302139037433,276.1236527304027,0.0,0.0,5.266042780748663,0.0,0.0,88.0,0.0,749.8256133805684,0.16951590023288612,100.0,1.0,5.065975747623459
54,2031,11,15,7.887265943744844E18,122.61770215647128,3.1012492380827115E-4,1.0,36.09340415144063,2.0,727.4924519044532,362.35427807486633,415.9635628358542,0.0,0.0,5.070855614973262,0.0,0.0,88.0,21.740318876554767,735.9521060434286,0.14065101709192446,100.0,1.0,5.17232272432833
51,2031,11,15,6.50369789014244E18,113.73268959227248,2.00828617487535E-4,1.0,26.686160197567386,1.0,916.6605573625753,372.11096256684493,279.99466358103376,0.0,0.0,5.822192513368984,0.0,0.0,88.0,7.057203139245764,768.0544315077555,0.1910692476951342,100.0,1.0,4.797530572921804
58,2031,11,15,4.687141051879245E18,124.25872832616918,1.0912207030551407E-4,1.0,26.05758736733907,1.0,779.4146166820879,367.9398395721925,263.7236267837099,0.0,0.0,4.987967914438503,0.0,0.0,88.0,0.625356293811777,747.5211984939411,0.14869939445052274,100.0,1.0,5.2415453308481705
46,2031,11,15,6.646488575717851E18,114.78791976816818,1.1115588666963119E-4,1.0,25.427839828680593,1.0,945.1394805283571,364.7139037433155,260.39114368981683,0.0,0.0,5.542780748663102,0.0,0.0,88.0,32.691202621727534,762.3210799302947,0.19519436592657383,100.0,1.0,4.842042832752098
42,2031,11,15,2.853793568557007E18,128.30951241043235,5.181806092525866E-4,1.0,40.27738099867688,2.0,630.6978560664948,369.06283422459893,510.41604956476107,0.0,0.0,5.212566844919786,0.0,0.0,88.0,14.389472074603127,755.7570674285964,0.11652793723470671,100.0,1.0,5.4124175801392935
53,2031,11,16,2.957751204712242E18,126.04195988095071,3.622586353900204E-4,1.0,39.15214169573758,1.0,736.5125756138109,375.78743315508024,484.3229340138175,0.0,0.0,5.057486631016043,0.0,0.0,88.0,17.457014741208127,751.9276698268502,0.13852640945441813,100.0,1.0,5.316766517767567
52,2031,11,16,3.00978221914696E18,123.94062184171796,3.235058399592311E-4,0.0,35.61560798341572,0.0,854.0129695136542,372.5120320855615,411.44312544385764,0.0,0.0,4.402406417112299,0.0,0.0,88.0,22.143894744245568,743.0694802285242,0.16334970480940952,100.0,1.0,5.2281268001682974
59,2031,11,16,2.819594302524464E18,123.88091896861252,1.1891293090807936E-4,1.0,42.7296736846336,1.0,778.95211893423,368.08288770053474,538.22629585612,0.0,0.0,4.716577540106952,0.0,0.0,88.0,0.0,720.7738160485848,0.14906438864985916,100.0,1.0,5.225608382991655
45,2031,11,16,8.237168610376572E18,117.08611829746245,1.3944465998573345E-4,1.0,22.03298119249447,1.0,938.0176546150312,371.2446524064171,212.45884475729292,0.0,0.0,5.348930481283422,0.0,0.0,88.0,23.580765433397136,750.8388706689395,0.18992107626758659,100.0,1.0,4.938986620386589
43,2031,11,16,3.212672331395627E18,123.14393027993631,2.335780933559667E-4,1.0,37.81184126225791,2.0,781.2962063829455,370.322192513369,457.36078879366335,0.0,0.0,5.1644385026737964,0.0,0.0,88.0,11.235097458633172,751.4832657026733,0.1504077670220197,100.0,1.0,5.194520348597182
40,2031,11,16,3.5299406018237317E18,120.9977601792943,3.128716725236905E-4,1.0,37.81877136835742,1.0,853.7797573990364,368.43716577540107,454.54361817686095,0.0,0.0,4.787433155080214,0.0,0.0,88.0,57.410054128085214,746.7736402167521,0.16727694229415624,100.0,1.0,5.103989502017953
49,2031,11,17,3.317868809496197E18,119.46873553458488,1.5444468317144978E-4,1.0,38.13187223725211,2.0,854.1619451155681,371.78208556149735,464.74549973774106,0.0,0.0,5.156417112299465,0.0,0.0,88.0,4.563650319244542,753.1773631280636,0.16949368043615712,100.0,1.0,5.0394914011989
48,2031,11,17,2.2093098651697398E18,122.67007263618798,2.4496439479326315E-4,1.0,43.7482624143771,1.0,868.9363188523009,376.73262032085563,598.7297697264089,0.0,0.0,4.946524064171123,0.0,0.0,88.0,13.706992655661452,769.2028787508559,0.16792559119584086,100.0,1.0,5.174531842730964
47,2031,11,17,8.815097190336754E18,125.04738804513883,1.7438172436720092E-4,0.0,33.92034410610679,0.0,800.3117504915859,377.26737967914437,399.16435252318786,0.0,0.0,5.053475935828877,0.0,0.0,88.0,24.960028033250335,776.8006049559061,0.15172324661762776,100.0,1.0,5.274812979111421
58,2032,2,25,4.687141051879245E18,156.2017570569033,0.030324569553336508,0.0,33.86096597051492,0.0,292.8999999999962,246.27673796791444,457.6921709140016,0.0,0.0,6.755347593582887,0.0,0.0,101.50000000000001,712.0914543325187,893.1715412419272,0.0445647531011835,100.0,1.0,6.572458717205767
57,2032,2,25,5.866154019238748E17,152.6772725476822,0.030324569553336508,0.0,28.535199341174778,0.0,292.8999999999962,245.77540106951872,353.50645208390443,0.0,0.0,6.6550802139037435,0.0,0.0,101.50000000000001,719.8471508629015,884.1131044675316,0.04559350989871749,100.0,1.0,6.42415994405018
40,2032,2,25,3.5299406018237317E18,155.5472969797721,0.030324569553336508,0.0,42.69627928004208,0.0,292.8999999999962,246.95855614973263,677.3588659163875,0.0,0.0,6.891711229946524,0.0,0.0,101.50000000000001,807.5006639667963,908.2665349114704,0.04475225781722954,100.0,1.0,6.544921179088092
50,2032,2,26,2.52771244661108E18,156.11641458471806,0.019168501613992743,0.0,36.289138558709915,0.0,295.7999999999965,248.3649732620321,539.3634884462514,0.0,0.0,6.872994652406417,0.0,0.0,101.50000000000001,808.0821942823144,945.9230213185588,0.04503059121734099,100.0,1.0,6.568867785286502
42,2032,2,29,2.853793568557007E18,165.244818118064,0.0035918011210635445,0.0,36.37146796929943,0.0,304.49999999999994,258.798128342246,586.2248044650049,0.0,0.0,6.859625668449198,0.0,0.0,143.0,822.8774109301062,1024.5596145128004,0.043794290560562096,100.0,1.0,6.952961130376437
51,2032,3,1,6.50369789014244E18,170.876683671949,0.004305088445822569,0.0,39.505137599140525,0.0,307.3999999999961,258.68716577540107,648.2353899298124,0.0,0.0,6.537433155080214,0.0,0.0,143.0,737.6344443241221,991.7967422079668,0.04275423148183655,100.0,1.0,7.189931600819209
45,2032,3,1,8.237168610376572E18,162.66738704976922,0.004305088445822569,0.0,27.686553003702166,0.0,307.3999999999961,260.2914438502674,370.4207699858502,0.0,0.0,6.858288770053476,0.0,0.0,143.0,732.984479330004,966.2576648815908,0.04491189918925682,100.0,1.0,6.844511266482535
55,2032,3,2,8.661686022710631E18,168.68115955536487,0.004987363278200764,0.0,31.950614849845547,0.0,310.2999999999961,262.95454545454544,481.4109532575708,0.0,0.0,7.090909090909091,0.0,0.0,143.0,793.3956056894481,1024.0178001995034,0.04371930462339501,100.0,1.0,7.097551131541759
54,2032,3,2,7.887265943744844E18,175.00701809236006,0.004987363278200764,0.0,38.815197708922256,0.0,310.2999999999961,258.37566844919786,601.6112633063204,0.0,0.0,6.175133689839572,0.0,0.0,143.0,736.2606674169206,947.4524863365709,0.04213901293339297,100.0,1.0,7.363722555401851
52,2032,3,2,3.00978221914696E18,169.1150348876055,0.004987363278200764,1.0,37.43263190422969,1.0,310.2999999999961,257.6470588235294,583.6547846229665,0.0,0.0,6.029411764705882,0.0,0.0,143.0,776.3466576808536,974.6048573462158,0.04360713997859321,100.0,1.0,7.1158071855279355
59,2032,3,2,2.819594302524464E18,171.01196875108204,0.004987363278200764,0.0,45.25761303405007,0.0,310.2999999999961,260.85561497326205,792.1943500430835,0.0,0.0,6.671122994652406,0.0,0.0,143.0,686.698765032412,957.2550381027784,0.04312343196026641,100.0,1.0,7.195623954185837
44,2032,3,2,5.156518253817723E18,169.69767019680077,0.0026449581786346494,0.0,44.505859293241436,0.0,310.2999999999961,260.4879679144385,776.7283475196649,0.0,0.0,6.597593582887701,0.0,0.0,143.0,749.3362028483662,967.6645449313254,0.0434574204246649,100.0,1.0,7.140322572480183
43,2032,3,2,3.212672331395627E18,171.50056408929265,0.004905606557946817,0.0,42.741498513718064,0.0,310.2999999999961,262.0053475935829,745.7971379251117,0.0,0.0,6.901069518716578,0.0,0.0,143.0,751.2066943844582,998.2274363676671,0.043000575758974535,100.0,1.0,7.216182446934661
41,2032,3,2,1.9955042617296404E18,171.6078827111481,0.004987363278200764,0.0,39.622402587225785,0.0,310.2999999999961,259.3917112299465,662.7580548514889,0.0,0.0,6.378342245989304,0.0,0.0,143.0,781.8360337035915,1008.9200501212231,0.0429736844387359,100.0,1.0,7.220698063308155
53,2032,3,3,2.957751204712242E18,171.48512588146176,0.005465705617361254,0.0,43.44891420974372,0.0,313.20000000000397,262.3288770053476,755.4709124189184,0.0,0.0,6.665775401069519,0.0,0.0,143.0,744.6967080109108,982.4773180975545,0.043406357670013995,100.0,1.0,7.21553285767557
48,2032,3,3,2.2093098651697398E18,171.49050536280868,0.005669638110578961,0.0,47.01866675515895,0.0,310.2999999999961,261.3435828877005,900.0804066203759,0.0,0.0,6.768716577540107,0.0,0.0,143.0,777.3827525914589,1013.3758159105807,0.04300309794543195,100.0,1.0,7.215759208644596
46,2032,3,3,6.646488575717851E18,170.59394388591505,0.003533033699479447,0.0,33.73655840254993,0.0,313.20000000000397,263.9398395721925,525.5355388182945,0.0,0.0,6.987967914438503,0.0,0.0,143.0,836.0113723156493,1031.2394438823342,0.043633112287244966,100.0,1.0,7.178034835978456
49,2032,3,5,3.317868809496197E18,177.81586453116526,0.006972162790573699,0.0,45.06050536794256,0.0,316.1000000000039,260.21256684491976,809.5008817566364,0.0,0.0,5.942513368983957,0.0,0.0,143.0,793.2776458181903,986.1611190259155,0.04224857235981247,100.0,1.0,7.481909620706696
56,2032,3,5,5.182538500345593E18,177.14286727627828,0.001984345947584916,0.0,45.701850690003624,0.0,318.99999999999994,259.33957219251334,795.3897272713555,0.0,0.0,5.467914438502674,0.0,0.0,143.0,688.2767186454759,944.2749746382843,0.042798156348077224,100.0,1.0,7.453592098817863
47,2032,3,5,8.815097190336754E18,173.50714473814844,0.006972162790573699,0.0,40.431139014376164,0.0,316.1000000000039,264.7379679144385,696.8022607704606,0.0,0.0,6.847593582887701,0.0,0.0,143.0,803.9718497744881,1025.7518759639156,0.043297735264476285,100.0,1.0,7.300612793467487
40,2032,7,6,3.5299406018237317E18,135.7131865134629,1.4160955425035214E-4,0.0,46.405598390191926,0.0,320.5988301210555,230.18582887700535,640.7935761770319,0.0,0.0,5.93716577540107,0.0,0.0,101.59999999999991,442.43472888066304,739.1782105957766,0.056284381686235806,100.0,1.0,5.696053159263133
57,2032,7,7,5.866154019238748E17,139.52105878873815,7.341972628036721E-5,0.0,32.57001222583198,0.0,321.9442798532589,230.38235294117646,367.79903083070616,0.0,0.0,5.676470588235294,0.0,0.0,101.59999999999991,492.68615865003113,760.3398508121709,0.05497800339919247,100.0,1.0,5.855874348794335
50,2032,7,8,2.52771244661108E18,135.14987803306394,5.247460639733861E-5,1.0,40.74105575059997,2.0,335.0228163721922,233.1457219251337,522.9906760157671,0.0,0.0,5.929144385026738,0.0,0.0,101.59999999999991,413.20728394324624,759.5978782124024,0.05906180849377758,100.0,1.0,5.672410393723185
58,2032,7,8,4.687141051879245E18,138.29542365770683,6.375923598031889E-5,0.0,36.58689354809969,0.0,326.7404178182424,233.3596256684492,436.910675211283,0.0,0.0,5.971925133689839,0.0,0.0,101.59999999999991,420.369112654594,756.097620827038,0.05629153156156337,100.0,1.0,5.804432900549204
55,2032,7,9,8.661686022710631E18,142.9131961645648,6.537203284322748E-5,0.0,38.7588040116359,0.0,408.1756816245494,234.76604278074868,493.5119073019489,0.0,0.0,5.9532085561497325,0.0,0.0,101.59999999999991,472.8218977420423,778.7484494263064,0.06804916626024973,100.0,1.0,5.998246621619248
44,2032,7,9,5.156518253817723E18,137.8848157971181,6.931714881722645E-5,1.0,49.5764660875394,2.0,409.1049679304417,234.47860962566844,701.328795230923,0.0,0.0,5.89572192513369,0.0,0.0,101.59999999999991,347.08255573103094,712.493759780963,0.07069135790276256,100.0,1.0,5.787199172113431
52,2032,7,10,3.00978221914696E18,142.13276019966787,1.0004029800266811E-4,0.0,41.61111074867179,0.0,411.4417766383796,236.46657754010695,543.9182291628773,0.0,0.0,5.99331550802139,0.0,0.0,101.59999999999991,457.14949071125807,762.4386220115708,0.0689703151683395,100.0,1.0,5.9654907424179795
59,2032,7,10,2.819594302524464E18,140.18441593608148,6.783134816453878E-5,0.0,48.109815634334225,0.0,413.323547095478,236.4398395721925,688.6033278981656,0.0,0.0,5.987967914438503,0.0,0.0,101.59999999999991,405.0679099718487,741.8860801649845,0.07024872159586851,100.0,1.0,5.88371628274281
46,2032,7,10,6.646488575717851E18,135.86202868914395,1.0062456969768695E-4,1.0,40.35867980838375,3.0,431.2292355746914,236.37967914438502,499.5042761573707,0.0,0.0,5.975935828877005,0.0,0.0,101.59999999999991,373.5735843482866,737.2128170254258,0.07562373366380555,100.0,1.0,5.70230025261346
45,2032,7,10,8.237168610376572E18,137.0028199538949,7.646078003162504E-5,0.0,34.078154774072935,0.0,390.5728734837692,238.11096256684493,383.139621112979,0.0,0.0,6.322192513368984,0.0,0.0,101.59999999999991,399.8278653870427,739.8247857090604,0.06792358258991799,100.0,1.0,5.750180697060913
43,2032,7,10,3.212672331395627E18,140.05615951823995,5.306723542235988E-5,1.0,46.1001132024358,1.0,413.79825364744846,236.52673796791444,655.3608935713851,0.0,0.0,6.005347593582887,0.0,0.0,101.59999999999991,440.54211434605054,765.3290115518582,0.07039380715599403,100.0,1.0,5.878333199545005
42,2032,7,10,2.853793568557007E18,139.34566057149553,8.001159024981193E-5,0.0,42.75941820569477,0.0,378.29530473977564,237.17513368983958,579.7625926490342,0.0,0.0,6.135026737967914,0.0,0.0,101.59999999999991,452.4478566714086,775.1555347910596,0.06468230923143624,100.0,1.0,5.84851266497332
54,2032,7,11,7.887265943744844E18,143.06809281680535,1.236542758406185E-4,1.0,41.134530758664454,1.0,420.19099566351605,238.32085561497325,520.0186732389747,0.0,0.0,6.064171122994653,0.0,0.0,101.59999999999991,429.2499641036455,743.1654184506447,0.069976459900032,100.0,1.0,6.004747828967036
51,2032,7,11,6.50369789014244E18,138.35224937442607,4.9971789205328875E-5,1.0,42.74711367055667,2.0,399.71693359018025,239.06951871657753,566.615371944703,0.0,0.0,6.213903743315508,0.0,0.0,101.59999999999991,384.2098765278672,757.9268556985426,0.06883579564804822,100.0,1.0,5.806817947364191
49,2032,7,11,3.317868809496197E18,142.4004655589831,6.288015486785711E-5,0.0,50.84006265324095,0.0,487.287486074864,239.37700534759358,729.6509984736695,0.0,0.0,6.275401069518717,0.0,0.0,101.59999999999991,269.77680295627204,704.7663521804174,0.08153082995533589,100.0,1.0,5.976726673110149
48,2032,7,11,2.2093098651697398E18,141.85273002967483,6.609653107593164E-5,0.0,52.221102555273035,0.0,435.15093572228534,237.91310160427807,824.8628250410403,0.0,0.0,5.982620320855615,0.0,0.0,101.59999999999991,379.96498061404907,753.9337759885605,0.07308869999293385,100.0,1.0,5.953737523917587
47,2032,7,11,8.815097190336754E18,140.64544720242353,1.0075533587013357E-4,0.0,46.16556977574768,0.0,481.9506540842969,239.14304812834226,643.3859756564477,0.0,0.0,6.228609625668449,0.0,0.0,101.59999999999991,354.31720224497843,749.4219487697061,0.08164411950015145,100.0,1.0,5.903066344948492
53,2032,7,12,2.957751204712242E18,145.7563345780823,5.9274641400663425E-5,1.0,47.32056145012353,1.0,438.00687278098485,238.5842245989305,697.6407753190679,0.0,0.0,5.816844919786096,0.0,0.0,101.59999999999991,490.20564431017664,775.8514588280028,0.07159810052510948,100.0,1.0,6.117576717379194
56,2032,7,12,5.182538500345593E18,146.76394239230956,7.061132144997065E-5,0.0,47.29696183182104,0.0,489.39937300258197,239.47994652406416,680.454435659748,0.0,0.0,5.995989304812834,0.0,0.0,101.59999999999991,411.8404308314584,757.2555358363367,0.07944966187903464,100.0,1.0,6.159867284869162
41,2032,7,12,1.9955042617296404E18,142.56622114706508,5.2262373408876135E-5,1.0,42.1653196716809,1.0,419.71903546812274,241.7058823529412,584.6382304384089,0.0,0.0,6.4411764705882355,0.0,0.0,101.59999999999991,460.1310763734727,800.6562170625697,0.07014392144764646,100.0,1.0,5.983683643655278
51,2032,11,12,6.50369789014244E18,116.46837955797109,1.1597790718334748E-4,1.0,31.52259392043949,2.0,768.7535609746254,363.03743315508024,350.94900690840467,0.0,0.0,5.807486631016043,0.0,0.0,88.0,0.0,761.2901243177289,0.15765820153323462,100.0,1.0,4.876077194198938
50,2032,11,12,2.52771244661108E18,122.7669440977833,8.496573255021127E-5,1.0,34.468757974712055,1.0,617.0109232004661,357.77941176470586,400.99779717765745,0.0,0.0,5.955882352941177,0.0,0.0,88.0,6.716147808338347,761.1562546573497,0.1200463245229629,100.0,1.0,5.139773547023024
49,2032,11,13,3.317868809496197E18,116.01334108525997,3.1012492380827115E-4,1.0,34.780548701273126,3.0,785.8838281432201,364.51069518716577,405.7237899935249,0.0,0.0,5.802139037433155,0.0,0.0,88.0,16.107950369050275,759.9649681917033,0.16180348760347119,100.0,1.0,4.857026506555724
59,2032,11,13,2.819594302524464E18,122.2548938374099,1.9778510330729492E-4,1.0,39.30598679827141,1.0,723.9436301630845,364.6644385026738,489.4258045205509,0.0,0.0,5.8328877005347595,0.0,0.0,88.0,25.532102123090556,754.9791056067963,0.141441208714425,100.0,1.0,5.118335997995841
46,2032,11,13,6.646488575717851E18,119.91392201517965,1.5054607951857824E-4,1.0,31.180247107679744,1.0,710.1224863972735,358.7580213903743,339.851394152353,0.0,0.0,5.851604278074866,0.0,0.0,88.0,0.0,748.9594287237101,0.1414494027599706,100.0,1.0,5.020328630176686
45,2032,11,13,8.237168610376572E18,120.96474703858125,1.1301928710213961E-4,1.0,26.134065739546145,2.0,713.7997408416986,358.57085561497325,258.7752497866417,0.0,0.0,5.814171122994653,0.0,0.0,88.0,0.0,730.2465393559565,0.14094673664732302,100.0,1.0,5.064322579016276
44,2032,11,13,5.156518253817723E18,127.51535709095936,1.608265548385427E-4,0.0,42.62414001258834,0.0,669.1920671238022,363.36764705882354,556.2624836208406,0.0,0.0,5.573529411764706,0.0,0.0,88.0,13.372089389577026,747.959472727308,0.12535040841105405,100.0,1.0,5.33857109527207
40,2032,11,13,3.5299406018237317E18,128.6507183453919,1.4628534141899587E-4,1.0,41.98164103928866,1.0,551.3604833991736,365.60695187165777,548.2184545976563,0.0,0.0,6.021390374331551,0.0,0.0,88.0,31.068286597624194,756.6626083450309,0.10236721350852084,100.0,1.0,5.386104246681283
53,2032,11,14,2.957751204712242E18,117.41052392142512,7.457941079386371E-4,1.0,36.469333929618955,3.0,863.6933301696918,362.38101604278074,432.0861336422377,0.0,0.0,5.07620320855615,0.0,0.0,88.0,42.366636368242105,751.876489636555,0.17570737899671499,100.0,1.0,4.915521107316953
52,2032,11,14,3.00978221914696E18,123.46162643791715,1.3008595797326807E-4,1.0,33.30939837890531,2.0,732.9023713244043,370.0120320855615,377.27030229342193,0.0,0.0,5.402406417112299,0.0,0.0,88.0,2.8796071148990583,754.6352347127109,0.14179195602601063,100.0,1.0,5.16885718954296
48,2032,11,14,2.2093098651697398E18,122.50867002339747,3.1012492380827115E-4,1.0,43.63730249484489,1.0,786.8947072433599,365.0013368983957,593.8644228550039,0.0,0.0,5.600267379679145,0.0,0.0,88.0,0.0,766.2199876435902,0.1534218657255626,100.0,1.0,5.128960617979568
58,2032,11,14,4.687141051879245E18,127.28113021299679,1.5643583626184524E-4,1.0,30.717593161439716,2.0,630.8901573745807,361.9866310160428,336.7201715552465,0.0,0.0,4.997326203208556,0.0,0.0,88.0,28.92088618088749,758.5221848337846,0.11839331736785674,100.0,1.0,5.3287649286349374
56,2032,11,14,5.182538500345593E18,121.6945346461487,7.835394739976533E-5,0.0,36.91950327223333,0.0,867.611436175302,363.8783422459893,439.40245383210026,0.0,0.0,5.375668449197861,0.0,0.0,88.0,0.0,749.739066107833,0.17029098372635051,100.0,1.0,5.09487594228425
47,2032,11,14,8.815097190336754E18,123.25754121613747,1.3460283151400663E-4,1.0,35.53670431210975,1.0,782.6836739926774,369.7914438502674,433.03948823451884,0.0,0.0,5.358288770053476,0.0,0.0,88.0,35.751465176290104,784.5183589267654,0.15167368405944037,100.0,1.0,5.160312936593183
42,2032,11,14,2.853793568557007E18,123.16198971398853,1.158912271331357E-4,1.0,36.566910279407104,1.0,724.1970981745476,364.5935828877005,437.0476890134498,0.0,0.0,5.518716577540107,0.0,0.0,88.0,13.415529169907996,757.5092468648503,0.14044864206498955,100.0,1.0,5.1563125675465145
41,2032,11,14,1.9955042617296404E18,115.50572544212922,2.5519373819903133E-4,1.0,30.64374623981738,4.0,851.3190901388315,369.47727272727275,343.4824352855653,0.0,0.0,5.295454545454546,0.0,0.0,88.0,11.280240563909423,776.0573208527316,0.17604606447699803,100.0,1.0,4.835774617671523
55,2032,11,15,8.661686022710631E18,128.31372173004814,7.054707092999796E-5,1.0,33.19907350635672,3.0,688.9825669841875,369.39304812834223,378.46776880713793,0.0,0.0,4.978609625668449,0.0,0.0,88.0,7.260974107741909,760.961360585158,0.1282544941622363,100.0,1.0,5.371995511616574
54,2032,11,15,7.887265943744844E18,121.38359606590983,4.453959878092018E-4,1.0,30.150054076215437,3.0,793.9956904518226,368.54411764705884,322.5405776790024,0.0,0.0,4.8088235294117645,0.0,0.0,88.0,35.74193564044142,746.5005479811188,0.15624121455967915,100.0,1.0,5.081858155605553
57,2032,11,15,5.866154019238748E17,130.48342783449837,3.1012492380827115E-4,1.0,29.135628771655213,3.0,598.8645718032078,370.50267379679144,306.93833774721367,0.0,0.0,5.2005347593582885,0.0,0.0,88.0,20.502568452970447,745.480746180954,0.1096252823466551,100.0,1.0,5.462832651226285
43,2032,11,15,3.212672331395627E18,131.63944859819063,2.2495351436832567E-4,0.0,43.60823978422725,0.0,729.3520748119973,371.98395721925135,581.1684312923288,0.0,0.0,4.2967914438502675,0.0,0.0,88.0,27.921307893169054,750.7992550129974,0.13233923778162587,100.0,1.0,5.511230735781534
51,2033,2,24,6.50369789014244E18,156.94715319968,0.03106886937047636,0.0,42.18995624181285,0.0,292.8999999999962,246.15641711229947,666.2390332702638,0.0,0.0,6.731283422459893,0.0,0.0,101.80000000000143,748.2924110075658,912.1327566198271,0.04468814431963482,100.0,1.0,6.554311092110028
56,2033,2,25,5.182538500345593E18,157.335956297795,0.03101191525074891,0.0,40.32590287195477,0.0,295.7999999999965,247.24197860962568,603.4624176229256,0.0,0.0,6.648395721925134,0.0,0.0,101.80000000000143,722.5398115708422,892.269518506611,0.045019076034949895,100.0,1.0,6.570547999926887
44,2033,2,25,5.156518253817723E18,155.05525685156414,0.03106886937047636,0.0,47.64333634084327,0.0,295.7999999999965,247.28877005347593,790.929851924642,0.0,0.0,6.657754010695188,0.0,0.0,101.80000000000143,693.8698045255762,868.4124740058194,0.04568125920672735,100.0,1.0,6.4753031141583515
43,2033,2,26,3.212672331395627E18,153.28772803622113,0.03106886937047636,0.0,38.75561769938866,0.0,298.7000000000036,255.4639037433155,603.1783735862965,0.0,0.0,6.792780748663102,0.0,0.0,143.0,662.3526618243225,952.1787994956362,0.04666101988784699,100.0,1.0,6.401488881253558
54,2033,2,28,7.887265943744844E18,165.24676386572818,0.0036848385982060274,0.0,32.885223218772836,0.0,304.49999999999994,258.8114973262032,480.70142486240087,0.0,0.0,6.862299465240642,0.0,0.0,143.0,765.654519180585,979.8673786658687,0.04412459433156156,100.0,1.0,6.900913302724607
52,2033,2,28,3.00978221914696E18,166.72866734726233,0.0035585290584878504,0.0,34.112401842609614,0.0,304.49999999999994,258.3970588235294,518.820199902067,0.0,0.0,6.779411764705882,0.0,0.0,143.0,780.7003352844229,1001.1957189698992,0.04373240988600943,100.0,1.0,6.9627994613993005
48,2033,3,1,2.2093098651697398E18,166.55637747721636,0.002501131797530762,0.0,43.43301977499339,0.0,307.3999999999961,260.1844919786096,796.4328745984568,0.0,0.0,6.836898395721925,0.0,0.0,143.0,815.5316782365671,1036.5121727096644,0.04419457770714465,100.0,1.0,6.955604419098246
59,2033,3,1,2.819594302524464E18,169.36961295668775,0.004398125922965051,0.0,43.486961667061436,0.0,307.3999999999961,259.7098930481283,768.8696470957325,0.0,0.0,6.741978609625669,0.0,0.0,143.0,805.1612324474848,998.3884117849828,0.043460504151472054,100.0,1.0,7.073088681360456
58,2033,3,1,4.687141051879245E18,164.0336442651815,0.004398125922965051,0.0,29.229476028026863,0.0,307.3999999999961,260.1844919786096,404.00047115315164,0.0,0.0,6.836898395721925,0.0,0.0,143.0,684.6797306078951,976.5206472417073,0.04487426222840926,100.0,1.0,6.850251897966259
57,2033,3,1,5.866154019238748E17,164.81061312191255,0.004355410333169456,0.0,22.006554467657764,0.0,307.3999999999961,260.03743315508024,280.67381618815983,0.0,0.0,6.807486631016043,0.0,0.0,143.0,748.4867437077401,993.0262671896718,0.04466271089952433,100.0,1.0,6.8826990974985796
47,2033,3,1,8.815097190336754E18,167.96132372643294,0.004398125922965051,1.0,37.45971495187689,1.0,307.3999999999961,258.76737967914437,600.6410096385459,0.0,0.0,6.553475935828877,0.0,0.0,143.0,735.3977631387537,1001.7370257188568,0.04382490327967646,100.0,1.0,7.014276746676838
40,2033,3,1,3.5299406018237317E18,169.33421910518612,0.004398125922965051,0.0,41.79960421970772,0.0,307.3999999999961,259.93048128342247,720.5850399102703,0.0,0.0,6.786096256684492,0.0,0.0,143.0,827.7263626449977,1002.388177983801,0.04346958816673055,100.0,1.0,7.071610589475626
55,2033,3,2,8.661686022710631E18,169.47005122701964,0.005080400755343248,0.0,31.617352760177894,0.0,310.2999999999961,262.620320855615,463.4270563315526,0.0,0.0,7.024064171122995,0.0,0.0,143.0,710.1622581634441,1001.2235899304075,0.043844508573037726,100.0,1.0,7.077283110223198
50,2033,3,2,2.52771244661108E18,172.53183755880897,0.005080400755343248,0.0,37.470677870407954,0.0,310.2999999999961,260.22058823529414,596.0390839135599,0.0,0.0,6.544117647058823,0.0,0.0,143.0,710.7126134837602,993.6869066209085,0.043066434688400754,100.0,1.0,7.205147169602373
49,2033,3,2,3.317868809496197E18,167.89444615763387,0.005080400755343248,1.0,39.46762966242994,1.0,310.2999999999961,262.0254010695187,650.5365279574193,0.0,0.0,6.9050802139037435,0.0,0.0,143.0,743.5035141464737,996.857353242477,0.04425596726957809,100.0,1.0,7.011483855043856
46,2033,3,2,6.646488575717851E18,168.43577930828408,0.0026084223987091733,0.0,35.252521134079096,0.0,310.2999999999961,261.2098930481283,527.4126146731575,0.0,0.0,6.741978609625669,0.0,0.0,143.0,695.5198516654062,967.7962108012813,0.04411373369963526,100.0,1.0,7.034090610257315
45,2033,3,2,8.237168610376572E18,170.85090682704487,0.005080400755343248,0.0,29.147873336478597,0.0,310.2999999999961,260.44117647058823,401.6914143302124,0.0,0.0,6.588235294117647,0.0,0.0,143.0,766.9459265606048,975.2522475023023,0.043490147356478805,100.0,1.0,7.134949381903398
41,2033,3,3,1.9955042617296404E18,174.16753819979266,0.00579368808010227,0.0,38.03904890788821,0.0,313.20000000000397,261.4465240641711,629.0877725694214,0.0,0.0,6.489304812834225,0.0,0.0,143.0,820.4438443218941,1023.8316210523653,0.04306068477670058,100.0,1.0,7.273456091656752
53,2033,3,4,2.957751204712242E18,177.793617334909,0.006444950420099639,0.0,43.80746803584305,0.0,316.1000000000039,263.32085561497325,788.622210986019,0.0,0.0,6.564171122994653,0.0,0.0,143.0,818.0604684398974,1010.6436951420645,0.04257304576550673,100.0,1.0,7.424885730306674
42,2033,3,4,2.853793568557007E18,176.43405937065117,0.006444950420099639,0.0,42.294554811858525,0.0,316.1000000000039,261.8168449197861,709.6724112012017,0.0,0.0,6.2633689839572195,0.0,0.0,143.0,694.1148706147658,967.3849780783286,0.04290110330518847,100.0,1.0,7.368108874761147
51,2033,7,8,6.50369789014244E18,130.38868692032872,1.0783203192220833E-4,1.0,42.474220059101754,4.0,316.3900532914386,231.11096256684493,555.9542246371853,0.0,0.0,5.822192513368984,0.0,0.0,101.90000000000008,417.5642911119162,752.0446189494172,0.05825024026548722,100.0,1.0,5.431566493965126
44,2033,7,8,5.156518253817723E18,137.99543619232844,6.75065136718048E-5,1.0,50.254552514104994,2.0,322.8957294292881,231.49197860962568,740.6457283667852,0.0,0.0,5.898395721925134,0.0,0.0,101.90000000000008,408.300115057967,732.4324654924595,0.056171030155942075,100.0,1.0,5.74843880435991
56,2033,7,9,5.182538500345593E18,135.88290648542457,6.496123246926497E-5,0.0,42.539980624152804,0.0,326.9072133076406,233.44652406417111,548.4930459332796,0.0,0.0,5.989304812834225,0.0,0.0,101.90000000000008,387.77499921192504,740.0596704300618,0.05775299179350876,100.0,1.0,5.660437722022633
43,2033,7,9,3.212672331395627E18,129.47963136691138,7.69922849573662E-5,1.0,44.219102709350494,3.0,332.96457743233617,233.81417112299465,579.9819879152433,0.0,0.0,6.06283422459893,0.0,0.0,101.90000000000008,358.93236737520175,730.5142665677646,0.06173214822255581,100.0,1.0,5.393698211051029
52,2033,7,10,3.00978221914696E18,139.3979692803844,8.750703267727742E-5,0.0,38.45444234936553,0.0,363.2598556223669,234.9331550802139,487.92862630044783,0.0,0.0,5.9866310160427805,0.0,0.0,101.90000000000008,486.88758277749537,779.7404176116131,0.06255697935512697,100.0,1.0,5.806863748330829
49,2033,7,10,3.317868809496197E18,137.47527919505774,7.229019202990003E-5,1.0,42.84759663416571,1.0,390.80767075029854,234.95320855614975,576.9642784634524,0.0,0.0,5.990641711229946,0.0,0.0,101.90000000000008,452.626807878433,768.5778793526301,0.06824224102008382,100.0,1.0,5.7267707640973144
57,2033,7,10,5.866154019238748E17,137.54221545262538,7.578810454747586E-5,1.0,27.483278487841506,2.0,374.6752120436414,235.80213903743316,291.79719733477884,0.0,0.0,6.160427807486631,0.0,0.0,101.90000000000008,454.00516134812716,768.5048458727643,0.06539337580151622,100.0,1.0,5.7295591097921905
47,2033,7,10,8.815097190336754E18,133.88882573937727,3.1012492380827115E-4,1.0,40.32580993683438,1.0,376.62264791946035,234.97994652406416,514.268154997945,0.0,0.0,5.995989304812834,0.0,0.0,101.90000000000008,382.27571900000027,759.8555851630723,0.06752691527586797,100.0,1.0,5.577370836219044
54,2033,7,11,7.887265943744844E18,138.2419881524432,6.783134816453878E-5,0.0,37.86705721361588,0.0,365.3756681790015,237.17513368983958,461.9861977411102,0.0,0.0,6.135026737967914,0.0,0.0,101.90000000000008,445.1689790449229,756.8367117452841,0.06344749244579055,100.0,1.0,5.75870935311081
48,2033,7,11,2.2093098651697398E18,142.4201388005564,4.5115642101872416E-5,0.0,50.97068008007535,0.0,378.62565235776515,236.6403743315508,797.2324558727976,0.0,0.0,6.028074866310161,0.0,0.0,101.90000000000008,398.2030007338231,766.1713453197149,0.06381950643104345,100.0,1.0,5.932757451937797
59,2033,7,11,2.819594302524464E18,143.59614050477853,1.5871285762961672E-4,0.0,50.01090289530257,0.0,380.466960631282,236.225935828877,747.9500825421716,0.0,0.0,5.945187165775401,0.0,0.0,101.90000000000008,422.14302970833324,746.6287381466136,0.06360466841561917,100.0,1.0,5.981745838924176
58,2033,7,11,4.687141051879245E18,138.81443509924907,7.97236307990414E-5,1.0,33.70371143738851,2.0,377.09919013158446,236.39973262032086,393.1788203617956,0.0,0.0,5.979946524064171,0.0,0.0,101.90000000000008,444.8725627260097,772.171048960403,0.06521324044219859,100.0,1.0,5.782555621750223
46,2033,7,11,6.646488575717851E18,139.6874509568269,8.62128666207804E-6,1.0,39.65351691641871,1.0,394.1009262989973,237.0548128342246,490.90142126199646,0.0,0.0,6.11096256684492,0.0,0.0,101.90000000000008,390.99997943996783,746.0039473796998,0.06772747341700747,100.0,1.0,5.818922608739042
40,2033,7,11,3.5299406018237317E18,138.97132234006887,9.870303112930331E-5,1.0,47.35043373350909,2.0,380.493140917873,236.10561497326202,668.2811295163132,0.0,0.0,5.921122994652406,0.0,0.0,101.90000000000008,419.63472891183267,742.2106780881602,0.06572588664699963,100.0,1.0,5.7890910313834825
55,2033,7,12,8.661686022710631E18,139.33765445962788,6.3213396618074E-5,1.0,36.21915586008947,2.0,397.82708856238827,239.08957219251337,435.44914422073333,0.0,0.0,6.217914438502674,0.0,0.0,101.90000000000008,389.82329518243694,765.7670072066155,0.0685394582090041,100.0,1.0,5.804351230049923
45,2033,7,12,8.237168610376572E18,138.98424608918432,3.1012492380827115E-4,1.0,34.44477341440692,1.0,398.96285909554894,238.50133689839572,385.2319647135358,0.0,0.0,6.100267379679145,0.0,0.0,101.90000000000008,380.3648251378923,732.084090340713,0.06890991323390565,100.0,1.0,5.789629392527631
41,2033,7,12,1.9955042617296404E18,141.59797138080512,2.4078022034803662E-4,1.0,45.71047577185383,1.0,418.70938849847676,238.24064171122996,613.1542222138039,0.0,0.0,6.048128342245989,0.0,0.0,101.90000000000008,299.41354799541455,727.3033552214827,0.07098563615356347,100.0,1.0,5.898508644659904
53,2033,7,13,2.957751204712242E18,143.1210887095816,6.100018170894397E-5,1.0,48.147201671778646,2.0,443.807491262813,240.21524064171123,696.0505137010038,0.0,0.0,6.143048128342246,0.0,0.0,101.90000000000008,391.0603383876216,748.7051195622117,0.0744399047272555,100.0,1.0,5.961956733944032
50,2033,7,13,2.52771244661108E18,138.41633353496763,1.442441506084982E-4,1.0,41.478835035427636,3.0,403.48462431386923,240.1951871657754,528.1255357812256,0.0,0.0,6.13903743315508,0.0,0.0,101.90000000000008,327.58869003775163,744.0643795924134,0.06997686140061297,100.0,1.0,5.765972011861836
42,2033,7,13,2.853793568557007E18,142.21320828243796,6.485255621252012E-5,1.0,46.81418608190372,2.0,442.52899519786826,239.93449197860963,631.6673732638843,0.0,0.0,6.086898395721925,0.0,0.0,101.90000000000008,289.5651205751276,716.7272522221069,0.07469931318229607,100.0,1.0,5.924137402949359
54,2033,11,13,7.887265943744844E18,119.51563701590393,8.855651736386951E-6,1.0,28.12814389322905,2.0,712.9046637001143,358.0534759358289,296.0519140292728,0.0,0.0,6.010695187165775,0.0,0.0,88.0,29.372646952910234,755.032163091836,0.1435520661586801,100.0,1.0,4.966174871437107
51,2033,11,13,6.50369789014244E18,128.68117308980618,7.696643144082784E-4,1.0,40.88474179167853,1.0,568.3836527603354,351.3048128342246,526.7849285706762,0.0,0.0,5.86096256684492,0.0,0.0,88.0,40.57130307894211,760.8553349921636,0.10629902714625308,100.0,1.0,5.3470259137773315
49,2033,11,13,3.317868809496197E18,124.34145454203946,3.1012492380827115E-4,1.0,37.30243677123279,2.0,663.3170649939844,362.7967914438503,453.19918744745235,0.0,0.0,5.759358288770054,0.0,0.0,88.0,7.3174735393258965,760.7506216138701,0.12838312700899748,100.0,1.0,5.1666997092810885
58,2033,11,13,4.687141051879245E18,118.21861528823453,7.266282188572424E-5,1.0,23.003605361749727,3.0,714.7382581901678,357.13101604278074,228.09811081848275,0.0,0.0,5.82620320855615,0.0,0.0,88.0,5.366374876702253,761.8664743164351,0.14550029835882394,100.0,1.0,4.912280361291934
57,2033,11,13,5.866154019238748E17,121.18301824876427,8.760591068030257E-5,1.0,21.3464657480919,3.0,663.5141732402848,356.629679144385,199.21124485871118,0.0,0.0,5.725935828877005,0.0,0.0,88.0,5.086045532135359,732.6418171134927,0.1317683663583472,100.0,1.0,5.035458749149566
47,2033,11,13,8.815097190336754E18,121.56959615353196,1.559984526198547E-4,1.0,33.206904653797025,2.0,653.1368530292606,357.13101604278074,383.64175961441595,0.0,0.0,5.82620320855615,0.0,0.0,88.0,0.0,770.3543317083572,0.1292950617453965,100.0,1.0,5.051522031950422
46,2033,11,13,6.646488575717851E18,118.79675177120846,1.0201477756851023E-4,1.0,28.60304683210455,4.0,717.5276524420199,355.3729946524064,300.37535559566106,0.0,0.0,5.474598930481283,0.0,0.0,88.0,25.073429689673187,748.915134686538,0.145357283904619,100.0,1.0,4.9363033841004444
45,2033,11,13,8.237168610376572E18,113.2648470133921,9.37499769674338E-5,1.0,18.24536437049466,3.0,768.819811644778,363.451871657754,166.0686632608828,0.0,0.0,5.890374331550802,0.0,0.0,88.0,0.0,742.2070364495221,0.16335489239162995,100.0,1.0,4.706438848501676
44,2033,11,13,5.156518253817723E18,128.73164930965137,3.1012492380827115E-4,0.0,45.263608372361816,0.0,585.2865564165186,357.3181818181818,620.8437409273002,0.0,0.0,5.863636363636363,0.0,0.0,88.0,21.718097301349278,749.9070312643206,0.10941728589615386,100.0,1.0,5.349123327478662
53,2033,11,14,2.957751204712242E18,120.18381023669076,1.4532564377144847E-4,0.0,38.713675689420384,0.0,848.108708296482,358.2032085561497,468.82109218668427,0.0,0.0,5.740641711229946,0.0,0.0,88.0,0.0,741.3557065588615,0.16982760169120137,100.0,1.0,4.993939146821395
59,2033,11,14,2.819594302524464E18,123.48209029842246,7.696643144082784E-4,0.0,41.00124174575437,0.0,732.4963856944552,364.63101604278074,525.9543382160884,0.0,0.0,5.82620320855615,0.0,0.0,88.0,26.560761014898254,756.0577422924054,0.14275924289146066,100.0,1.0,5.130990966738102
42,2033,11,14,2.853793568557007E18,115.79245247509438,1.0413865809545705E-4,1.0,31.18016354430608,2.0,844.5873892007437,358.2299465240642,341.77517240796413,0.0,0.0,5.745989304812834,0.0,0.0,88.0,9.73663067561549,753.3642675391816,0.17553634962344658,100.0,1.0,4.8114672033030095
40,2033,11,14,3.5299406018237317E18,122.41660511011588,7.376901137209115E-5,1.0,40.17786915945902,2.0,718.178052894804,363.78208556149735,498.2812590698596,0.0,0.0,5.656417112299465,0.0,0.0,88.0,1.185372716323402,741.0796621888454,0.14118693826724177,100.0,1.0,5.086717381287926
55,2033,11,15,8.661686022710631E18,121.2649645810046,3.1012492380827115E-4,1.0,27.21915874676049,3.0,775.859890211283,367.2914438502674,284.06732770048586,0.0,0.0,4.858288770053476,0.0,0.0,88.0,0.0,758.7304582369899,0.15397516526510732,100.0,1.0,5.038863825055445
52,2033,11,15,3.00978221914696E18,127.13860353354059,1.1676897096626907E-4,1.0,34.018836124907985,1.0,674.6577796312866,363.49064171122996,392.695825772425,0.0,0.0,5.298128342245989,0.0,0.0,88.0,29.168688097346262,760.5953353894639,0.1277052696067459,100.0,1.0,5.282928274681379
50,2033,11,15,2.52771244661108E18,121.21584062740462,2.2635215134594183E-4,1.0,30.394245618887805,1.0,832.4712889384468,365.85695187165777,338.1612408294292,0.0,0.0,5.771390374331551,0.0,0.0,88.0,11.552823705563341,773.1509379083454,0.1652770714428098,100.0,1.0,5.036822601412705
48,2033,11,15,2.2093098651697398E18,124.84077796673148,1.3413707777174355E-4,1.0,43.27731841748288,1.0,731.8433616837318,364.27272727272725,591.8599309640579,0.0,0.0,5.454545454545454,0.0,0.0,88.0,26.16025492822307,775.1394374338473,0.14107965662922875,100.0,1.0,5.187447851585635
56,2033,11,15,5.182538500345593E18,128.51983478766212,8.519915489238216E-5,1.0,37.70589192620225,2.0,623.0924849758129,364.653743315508,458.7178682570335,0.0,0.0,5.530748663101604,0.0,0.0,88.0,15.231538182128663,756.9630792568282,0.11667695251228626,100.0,1.0,5.340321902135731
43,2033,11,15,3.212672331395627E18,126.46111620808948,1.7299932060516418E-4,1.0,39.89879077614651,4.0,607.4116264815063,370.05882352941177,509.66908541048554,0.0,0.0,5.411764705882353,0.0,0.0,88.0,30.407961860208157,767.0737493265231,0.11559227525504505,100.0,1.0,5.25477697485668
41,2033,11,15,1.9955042617296404E18,120.44558853785686,1.4532564377144847E-4,1.0,32.36460370429838,2.0,783.8249401919838,365.1016042780749,368.44131441725006,0.0,0.0,5.620320855614973,0.0,0.0,88.0,0.0,768.9215112583994,0.15661411562587949,100.0,1.0,5.004816692668932
57,2034,2,24,5.866154019238748E17,153.3086506462994,0.031782156695235375,0.0,21.50925444707026,0.0,290.00000000000006,244.00802139037432,243.8100619783109,0.0,0.0,6.601604278074866,0.0,0.0,102.09999999999995,714.5299827662528,888.1525036643733,0.045637460104311516,100.0,1.0,6.354429000587674
49,2034,2,25,3.317868809496197E18,151.32683684955114,0.031782156695235375,0.0,40.69440514996425,0.0,292.8999999999962,245.975935828877,601.2873800342979,0.0,0.0,6.695187165775401,0.0,0.0,102.09999999999995,661.8693702288446,875.2297449088783,0.04669749099967618,100.0,1.0,6.272285592432093
59,2034,2,25,2.819594302524464E18,149.86081413884847,0.031782156695235375,1.0,42.9118503975328,1.0,292.8999999999962,246.02272727272728,638.0895501469178,0.0,0.0,6.704545454545454,0.0,0.0,102.09999999999995,627.5232332548479,847.8705341002949,0.04715431210218894,100.0,1.0,6.2115210028988965
47,2034,2,25,8.815097190336754E18,148.4623757112667,0.025280921237030993,0.0,38.108703715982486,0.0,292.8999999999962,246.1898395721925,538.4880083309748,0.0,0.0,6.737967914438503,0.0,0.0,102.09999999999995,600.0096929650921,873.4436333162112,0.04759848121745431,100.0,1.0,6.153557687311043
54,2034,2,26,7.887265943744844E18,154.46398130627622,0.031782156695235375,0.0,37.06830241244219,0.0,295.7999999999965,248.15106951871658,521.6752342505118,0.0,0.0,6.830213903743315,0.0,0.0,102.09999999999995,703.1389231908835,884.7585022911594,0.046202031798701124,100.0,1.0,6.402315839458652
41,2034,2,28,1.9955042617296404E18,165.40119744681726,0.005142425740104902,0.0,38.58801802428685,0.0,301.60000000000383,256.7232620320856,632.7358882845317,0.0,0.0,6.744652406417113,0.0,0.0,143.0,756.5882340608665,1006.0114565389939,0.04399292288652694,100.0,1.0,6.855648140905191
53,2034,3,1,2.957751204712242E18,163.06146098081967,0.005855713064863924,0.0,41.22807711913426,0.0,304.49999999999994,258.9117647058824,688.677219057161,0.0,0.0,6.882352941176471,0.0,0.0,143.0,702.9215344732073,980.8056691634952,0.045053247129658955,100.0,1.0,6.758669339052921
52,2034,3,1,3.00978221914696E18,163.1194180339592,0.005855713064863924,0.0,30.2800672774611,0.0,304.49999999999994,258.63101604278074,438.28279419927145,0.0,0.0,6.82620320855615,0.0,0.0,143.0,786.9529062904862,1007.9597714535877,0.045037239511010865,100.0,1.0,6.761071577789635
51,2034,3,1,6.50369789014244E18,166.32034422367425,0.005855713064863924,0.0,36.923605945363065,0.0,304.49999999999994,258.1363636363636,599.0806709197927,0.0,0.0,6.7272727272727275,0.0,0.0,143.0,820.6926721911852,1022.37288624279,0.04417047315037015,100.0,1.0,6.893745488380585
56,2034,3,1,5.182538500345593E18,163.4538354050403,0.002929854604272186,0.0,37.08198056827714,0.0,304.49999999999994,257.6149732620321,594.0752981280145,0.0,0.0,6.622994652406417,0.0,0.0,143.0,802.3778395986131,1007.021401853225,0.04494509584732321,100.0,1.0,6.7749327097749426
46,2034,3,1,6.646488575717851E18,164.5180819542951,0.005855713064863924,0.0,31.764514634776344,0.0,304.49999999999994,258.8181818181818,469.05362800481765,0.0,0.0,6.863636363636363,0.0,0.0,143.0,774.5982849100712,1006.2568070398173,0.0446543517382669,100.0,1.0,6.819044239736578
43,2034,3,1,3.212672331395627E18,164.24964984847534,0.005677501787007005,1.0,42.07886575796619,1.0,304.49999999999994,259.13235294117646,725.6057187938081,0.0,0.0,6.926470588235294,0.0,0.0,143.0,758.9165521857034,997.8756021733919,0.04472733004709245,100.0,1.0,6.807918104644261
42,2034,3,1,2.853793568557007E18,161.04586083615106,0.005855713064863924,0.0,35.62744318942839,0.0,304.49999999999994,258.9585561497326,555.9244623689245,0.0,0.0,6.891711229946524,0.0,0.0,143.0,746.643313355902,1003.4692828475678,0.04561711962511369,100.0,1.0,6.675125534062939
48,2034,3,2,2.2093098651697398E18,168.68576254848514,0.006537987897242121,0.0,48.13744053031568,0.0,307.3999999999961,260.451871657754,955.5817428950216,0.0,0.0,6.890374331550802,0.0,0.0,143.0,780.0267102717082,1028.7789046755966,0.04396585912836295,100.0,1.0,6.9917887673367085
45,2034,3,2,8.237168610376572E18,168.18153313521026,0.006537987897242121,0.0,28.582410959295462,0.0,307.3999999999961,259.56951871657753,390.47657736028356,0.0,0.0,6.713903743315508,0.0,0.0,143.0,764.1404695389658,974.4914817438884,0.044097674310084475,100.0,1.0,6.970889163869088
55,2034,3,3,8.661686022710631E18,175.06199842672734,0.007220262729620319,0.0,34.409176105486964,0.0,310.2999999999961,259.4251336898396,524.2720866087296,0.0,0.0,6.385026737967914,0.0,0.0,143.0,737.8992947650419,998.1830834192159,0.04276416763616341,100.0,1.0,7.25607482039687
40,2034,3,3,3.5299406018237317E18,170.34254023020972,0.007220262729620319,0.0,47.281245136806135,0.0,310.2999999999961,260.548128342246,839.0909027103055,0.0,0.0,6.609625668449198,0.0,0.0,143.0,637.3608098629668,934.9289785455593,0.04394897855418188,100.0,1.0,7.060459883440682
50,2034,3,4,2.52771244661108E18,175.9188099307424,0.007902537561998511,0.0,40.798186961401,0.0,313.20000000000397,258.74598930481284,680.1087615875621,0.0,0.0,5.949197860962567,0.0,0.0,143.0,696.475948301333,986.0042981851119,0.04295360356685322,100.0,1.0,7.291588458056559
58,2034,3,4,4.687141051879245E18,175.43374627734346,0.0035122389164437833,0.0,35.641260342459624,0.0,313.20000000000397,260.8048128342246,529.064004012638,0.0,0.0,6.36096256684492,0.0,0.0,143.0,639.1128928627595,954.3898173416478,0.04307236767190649,100.0,1.0,7.271483248511677
44,2034,3,4,5.156518253817723E18,172.11110457835434,0.007902537561998511,1.0,46.70433453927805,1.0,313.20000000000397,260.7379679144385,847.5553298354856,0.0,0.0,6.347593582887701,0.0,0.0,143.0,745.6303989339051,966.4939781583237,0.04390388894562951,100.0,1.0,7.133764400412689
47,2034,7,6,8.815097190336754E18,131.5555793332943,8.785408606466604E-5,0.0,38.961163338292984,0.0,313.56185492163263,228.94652406417111,486.67857088836246,0.0,0.0,5.989304812834225,0.0,0.0,102.19999999999857,395.7073985235521,761.3359253909026,0.05764889531836161,100.0,1.0,5.439165021116386
57,2034,7,7,5.866154019238748E17,135.13255990025212,9.224417721840304E-5,1.0,26.51793074725547,2.0,311.4244558056006,229.99866310160428,264.3470250756575,0.0,0.0,5.899732620320855,0.0,0.0,102.19999999999857,390.0140561669632,730.9174462168261,0.05574035706935779,100.0,1.0,5.587055271606796
54,2034,7,8,7.887265943744844E18,132.48644892808218,6.237428073376333E-5,1.0,40.1506610531668,3.0,330.3700802982386,231.5788770053476,483.50349633109903,0.0,0.0,5.915775401069519,0.0,0.0,102.19999999999857,356.8684536762868,719.8039493120148,0.06031235482935441,100.0,1.0,5.477651821637138
49,2034,7,8,3.317868809496197E18,134.01844849730765,7.067568910853943E-5,1.0,44.26030790355074,1.0,320.578532191065,231.97326203208556,577.7406895631291,0.0,0.0,5.994652406417113,0.0,0.0,102.19999999999857,338.5402063897562,726.6275438799402,0.05785579776554741,100.0,1.0,5.540992339093914
59,2034,7,8,2.819594302524464E18,135.2681175661542,6.922431335006049E-5,1.0,46.762369620129554,1.0,319.9135347445205,231.77272727272728,626.0230678914302,0.0,0.0,5.954545454545454,0.0,0.0,102.19999999999857,345.06103830568463,711.8890757812993,0.05720239390553807,100.0,1.0,5.592659902884727
53,2034,7,9,2.957751204712242E18,141.81266221405775,6.910091885211032E-5,0.0,46.428932225290886,0.0,370.2609539306663,232.9451871657754,672.8108871794763,0.0,0.0,5.88903743315508,0.0,0.0,102.19999999999857,473.87505211325526,775.4898317732933,0.06314950372303982,100.0,1.0,5.863244081134056
56,2034,7,9,5.182538500345593E18,137.05520466180334,5.844796905546007E-5,1.0,42.61124610963131,2.0,370.519349501942,233.45320855614975,571.0277212705245,0.0,0.0,5.990641711229946,0.0,0.0,102.19999999999857,456.1675989882376,768.1279739951221,0.06538714822803125,100.0,1.0,5.666547013333448
52,2034,7,10,3.00978221914696E18,142.45539712333073,5.077356316441897E-5,0.0,40.23318527565128,0.0,373.21053900598486,235.42780748663102,507.34397976058585,0.0,0.0,6.0855614973262036,0.0,0.0,102.19999999999857,398.8895569991811,752.5310756911972,0.06336537766065882,100.0,1.0,5.889817953972319
48,2034,7,10,2.2093098651697398E18,139.236693026902,1.571048246242508E-4,1.0,53.62670222247188,2.0,390.8726659261741,235.3342245989305,876.5874813194239,0.0,0.0,6.066844919786096,0.0,0.0,102.19999999999857,364.3985183140546,757.2504349093292,0.0678982587826199,100.0,1.0,5.756740643049108
46,2034,7,10,6.646488575717851E18,141.48798652910264,3.9078241407292215E-5,0.0,39.837709461741625,0.0,374.05056610785846,234.94652406417111,504.6632123622372,0.0,0.0,5.989304812834225,0.0,0.0,102.19999999999857,422.1090507642945,760.9541858532715,0.06394223116415063,100.0,1.0,5.849820365942609
42,2034,7,10,2.853793568557007E18,136.8182533233093,9.207984673642251E-5,1.0,44.55227390260131,3.0,371.9343556562891,235.36096256684493,589.1172279303472,0.0,0.0,6.072192513368984,0.0,0.0,102.19999999999857,330.3524152579485,732.371174078426,0.0657505349356105,100.0,1.0,5.656750260975434
41,2034,7,10,1.9955042617296404E18,138.38454739172067,4.443050484359185E-5,1.0,43.88170380905671,2.0,362.16138017278473,235.3475935828877,600.5343364667822,0.0,0.0,6.06951871657754,0.0,0.0,102.19999999999857,403.52553997674306,767.1127440467843,0.06329823131450414,100.0,1.0,5.72150868439509
51,2034,7,11,6.50369789014244E18,143.3222133047819,3.1012492380827115E-4,0.0,45.84224275016574,0.0,378.0387222065817,236.29946524064172,639.356297103821,0.0,0.0,5.959893048128342,0.0,0.0,102.19999999999857,398.26420402136995,754.3964563198477,0.06379693530252437,100.0,1.0,5.925656466316544
50,2034,7,11,2.52771244661108E18,142.58294211220385,3.1012492380827115E-4,0.0,40.97692116201768,0.0,435.500764469954,236.9879679144385,552.4205314153851,0.0,0.0,6.097593582887701,0.0,0.0,102.19999999999857,454.09781592743127,794.5957822295302,0.07387515175303494,100.0,1.0,5.895091301143252
44,2034,7,11,5.156518253817723E18,137.81710392315654,4.01196537914969E-5,1.0,49.22235015628133,1.0,431.21738455902187,237.14171122994654,713.6938572823505,0.0,0.0,6.128342245989304,0.0,0.0,102.19999999999857,376.09628699999473,735.2661829034732,0.07567809266305824,100.0,1.0,5.698047735940335
43,2034,7,11,3.212672331395627E18,135.76805777704465,1.442441506084982E-4,1.0,47.19248083742226,4.0,376.79187032303344,236.4933155080214,671.0913174992518,0.0,0.0,5.998663101604278,0.0,0.0,102.19999999999857,397.71754820120475,749.9700309146563,0.06712448316146369,100.0,1.0,5.613329929359522
40,2034,7,11,3.5299406018237317E18,135.21475289726988,8.419071663814506E-6,1.0,48.885973546966746,2.0,411.12168641854294,236.88101604278074,687.1087980547762,0.0,0.0,6.07620320855615,0.0,0.0,102.19999999999857,333.2807032095171,717.5554717476158,0.07353995224484762,100.0,1.0,5.590453540814573
58,2034,7,12,4.687141051879245E18,140.24436485486785,6.329080077719817E-5,0.0,38.13993038130767,0.0,437.8676151094266,237.9933155080214,451.58969528688607,0.0,0.0,5.998663101604278,0.0,0.0,102.19999999999857,320.88331486356856,731.3412892743469,0.07551521131273667,100.0,1.0,5.798402831663324
45,2034,7,12,8.237168610376572E18,139.8022904581431,5.9251991556796135E-5,1.0,36.10400683854904,2.0,396.26359835129733,237.95989304812835,409.1142696986862,0.0,0.0,5.991978609625669,0.0,0.0,102.19999999999857,362.7022676841006,722.690609383433,0.06855623019228327,100.0,1.0,5.780125267096454
55,2034,7,14,8.661686022710631E18,144.40246389400355,1.39319372779996E-4,1.0,39.57202131013403,1.0,424.57152230267604,242.97192513368984,496.15548820985657,0.0,0.0,6.394385026737968,0.0,0.0,102.19999999999857,335.4374326340549,756.5250447434495,0.07111370299971832,100.0,1.0,5.970319423590665
46,2034,11,12,6.646488575717851E18,124.41121272520854,1.6941311158671002E-4,1.0,32.191983893786045,1.0,669.9890663905595,354.6149732620321,357.73395270303183,0.0,0.0,5.622994652406417,0.0,0.0,88.0,10.218793453575877,752.3504067128858,0.1305784887559668,100.0,1.0,5.130929855090272
54,2034,11,13,7.887265943744844E18,132.5761496705597,3.1012492380827115E-4,0.0,38.53730932878139,0.0,571.5782845159375,355.18582887700535,463.1362953418362,0.0,0.0,5.43716577540107,0.0,0.0,88.0,7.66344588014423,737.9774481191479,0.10453789836402853,100.0,1.0,5.467665731384337
53,2034,11,13,2.957751204712242E18,127.12512716173418,1.4875311472948113E-4,1.0,41.94184216034136,1.0,630.7707911992771,356.629679144385,543.4526545284623,0.0,0.0,5.725935828877005,0.0,0.0,88.0,4.142452711103933,751.6038776480511,0.12031052450080533,100.0,1.0,5.242856298868973
52,2034,11,13,3.00978221914696E18,123.44797532750785,1.0010488179737613E-4,0.0,30.398918002155426,0.0,675.5639720010765,358.16042780748666,331.5572917472427,0.0,0.0,6.032085561497326,0.0,0.0,88.0,0.0,757.4884749747149,0.13269237122803743,100.0,1.0,5.091204307744953
50,2034,11,13,2.52771244661108E18,117.62854717233598,8.384927372742954E-6,1.0,31.772919995949145,2.0,724.570148781459,355.66711229946526,352.5946661664056,0.0,0.0,5.533422459893048,0.0,0.0,88.0,0.0,755.8948929769648,0.14935891521953545,100.0,1.0,4.851201200252749
58,2034,11,13,4.687141051879245E18,118.18972912112805,3.1012492380827115E-4,1.0,22.509184659026225,2.0,771.0744730119633,357.59893048128345,224.1969829384824,0.0,0.0,5.919786096256685,0.0,0.0,88.0,21.35012502364543,770.2172116849741,0.15819036730854863,100.0,1.0,4.874345297574224
56,2034,11,13,5.182538500345593E18,123.84792247121158,1.9684427226115782E-4,1.0,37.48455219409318,4.0,618.7944566922986,355.67379679144386,452.7652213279718,0.0,0.0,5.53475935828877,0.0,0.0,88.0,33.10078964532904,754.3197868631304,0.12114936295029642,100.0,1.0,5.107698807678993
42,2034,11,13,2.853793568557007E18,122.43242948158071,7.696643144082784E-4,1.0,32.97532803822046,2.0,659.6992620173224,356.9572192513369,389.2739888438758,0.0,0.0,5.791443850267379,0.0,0.0,88.0,94.78627938038602,790.3113656834082,0.1306510717913059,100.0,1.0,5.0493214710942915
55,2034,11,14,8.661686022710631E18,116.31306471074693,1.0228394584705512E-4,0.0,23.60638792930666,0.0,920.464365074537,358.7379679144385,237.95463091040995,0.0,0.0,5.847593582887701,0.0,0.0,88.0,2.672996755326539,768.5315445981574,0.19188539782114106,100.0,1.0,4.796948467816786
51,2034,11,14,6.50369789014244E18,122.19888918152549,3.1012492380827115E-4,1.0,35.26476757234288,2.0,729.7486353680232,364.56417112299465,418.3082286204864,0.0,0.0,5.81283422459893,0.0,0.0,88.0,5.577312549624389,767.0594476392954,0.14480030594586857,100.0,1.0,5.039689872208066
49,2034,11,14,3.317868809496197E18,124.45022259269615,1.350718309269473E-4,1.0,37.16692634601628,6.0,577.8180460392175,362.9264705882353,449.3727274183194,0.0,0.0,5.485294117647059,0.0,0.0,88.0,0.0,758.8441428224193,0.11257938441918543,100.0,1.0,5.132538688324428
48,2034,11,14,2.2093098651697398E18,124.09956295650645,1.1384909097219939E-4,1.0,46.25092106307233,1.0,669.5226903789453,364.7847593582888,672.1753987225876,0.0,0.0,5.856951871657754,0.0,0.0,88.0,0.0,780.4014321381834,0.13081528568323914,100.0,1.0,5.118076888966567
59,2034,11,14,2.819594302524464E18,133.16837471366767,3.1012492380827115E-4,0.0,43.51442663060538,0.0,580.5577653527026,363.26069518716577,571.9877853077219,0.0,0.0,5.552139037433155,0.0,0.0,88.0,13.100510045983205,741.8654016831808,0.10570798273917933,100.0,1.0,5.492090098674508
57,2034,11,14,5.866154019238748E17,128.03452379406738,1.615233978168079E-4,1.0,20.502000650523623,3.0,547.7740617619336,365.11898395721926,193.1698856654147,0.0,0.0,5.92379679144385,0.0,0.0,88.0,4.989939060935168,747.4608765609116,0.10373798765953703,100.0,1.0,5.280361361545793
47,2034,11,14,8.815097190336754E18,134.38154168591905,1.3483692339490044E-4,0.0,37.90216976469122,0.0,512.718564019212,364.1096256684492,482.33902010050485,0.0,0.0,5.721925133689839,0.0,0.0,88.0,12.775719342862443,789.2991863209733,0.09251302228790227,100.0,1.0,5.542123166440526
43,2034,11,14,3.212672331395627E18,119.59095529337758,9.015259413031138E-5,1.0,38.58708761607515,2.0,705.9551608055152,365.68048128342247,482.2175387757026,0.0,0.0,6.036096256684492,0.0,0.0,88.0,10.255544341712037,766.3934338372569,0.14313380892381206,100.0,1.0,4.932134246363026
41,2034,11,14,1.9955042617296404E18,123.50128129326794,1.8956291186324631E-4,1.0,37.16264876577642,2.0,667.101496075746,357.26069518716577,452.87508057005977,0.0,0.0,5.552139037433155,0.0,0.0,88.0,6.559149741028686,764.6320082985866,0.13097363994258712,100.0,1.0,5.09340273636873
45,2034,11,15,8.237168610376572E18,122.69850929470476,9.727883431878017E-5,0.0,24.706362341347255,0.0,775.2875685819574,364.04545454545456,245.0938791190058,0.0,0.0,5.409090909090909,0.0,0.0,88.0,33.34813037427345,745.7612266037851,0.15320995321137845,100.0,1.0,5.060295054801825
44,2034,11,15,5.156518253817723E18,124.00091715165006,2.057854145219678E-4,1.0,40.91088035805475,2.0,715.3892007475043,366.5053475935829,532.388394875451,0.0,0.0,5.901069518716578,0.0,0.0,88.0,25.23621675133227,768.0559685382203,0.139888150594616,100.0,1.0,5.114008568321426
40,2034,11,15,3.5299406018237317E18,123.57654234676238,3.1012492380827115E-4,1.0,41.76255142146538,1.0,707.1072327450906,365.1417112299465,535.1000056885797,0.0,0.0,5.628342245989304,0.0,0.0,88.0,0.0,745.454552520588,0.13874351277511157,100.0,1.0,5.096506630124292
51,2035,2,23,6.50369789014244E18,150.44574914160478,0.02458051741300637,0.0,37.04459537415357,0.0,287.1000000000037,242.92245989304814,529.9746054608768,0.0,0.0,6.684491978609626,0.0,0.0,102.40000000000003,739.5076776576452,899.6741654098487,0.04638767803062767,100.0,1.0,6.189143587019912
53,2035,2,24,2.957751204712242E18,151.2008663980976,0.032495444019994414,1.0,45.106789571695465,1.0,290.00000000000006,243.80748663101605,719.2640411653176,0.0,0.0,6.561497326203209,0.0,0.0,102.40000000000003,656.2743436033944,874.4259726765862,0.046622234132171245,100.0,1.0,6.220208134553728
48,2035,2,24,2.2093098651697398E18,149.52208068071397,0.032495444019994414,0.0,51.13131221819477,0.0,290.00000000000006,244.29545454545453,901.0566275500189,0.0,0.0,6.659090909090909,0.0,0.0,102.40000000000003,587.1917760255885,860.5225926155197,0.04714569354644142,100.0,1.0,6.15114506088095
46,2035,2,26,6.646488575717851E18,155.4693649566827,0.032495444019994414,1.0,42.6500186412887,1.0,295.7999999999965,247.3355614973262,605.0178877462022,0.0,0.0,6.6671122994652405,0.0,0.0,102.40000000000003,473.39229523902225,812.6901240441888,0.04624903845260146,100.0,1.0,6.395808645906194
40,2035,2,27,3.5299406018237317E18,164.68010497424982,0.005235463217247381,0.0,42.65322861545546,0.0,298.7000000000036,253.80614973262033,758.0989137311111,0.0,0.0,6.461229946524064,0.0,0.0,143.0,878.6236000368276,1018.449104769497,0.04409034024577929,100.0,1.0,6.774726580355609
50,2035,2,28,2.52771244661108E18,162.62546009578492,0.005948750542006409,0.0,33.991756130685225,0.0,301.60000000000383,257.07085561497325,507.3812542030563,0.0,0.0,6.814171122994653,0.0,0.0,143.0,671.1358365701753,984.2327050398899,0.0450808568206309,100.0,1.0,6.690201146797613
57,2035,2,28,5.866154019238748E17,163.50179338585758,0.005948750542006409,0.0,16.06993010314806,0.0,301.60000000000383,257.08422459893046,190.96032935961125,0.0,0.0,6.816844919786096,0.0,0.0,143.0,753.3094705633087,994.9856893788609,0.044839233442936846,100.0,1.0,6.726252365215499
43,2035,2,28,3.212672331395627E18,160.61704712786823,0.0043485018581918165,0.0,41.972641057210744,0.0,301.60000000000383,257.4986631016043,698.2405199617879,0.0,0.0,6.899732620320855,0.0,0.0,143.0,675.2650372128121,964.5284055815222,0.0456445639679256,100.0,1.0,6.607577634259753
54,2035,3,1,7.887265943744844E18,167.02536974733752,0.006631025374384602,0.0,34.531043288146165,0.0,304.49999999999994,258.3970588235294,528.8085971997332,0.0,0.0,6.779411764705882,0.0,0.0,143.0,783.3189934480886,1001.5375572885079,0.044315353500525304,100.0,1.0,6.871207740594702
52,2035,3,1,3.00978221914696E18,164.71835524710585,0.006631025374384602,0.0,33.54899281957759,0.0,304.49999999999994,258.8248663101604,508.3167007972657,0.0,0.0,6.864973262032086,0.0,0.0,143.0,745.3952062606556,1005.6823432292819,0.04493602605978702,100.0,1.0,6.776300147121714
49,2035,3,1,3.317868809496197E18,164.44614572783786,0.002587139737363148,0.0,36.66536137215531,0.0,304.49999999999994,258.1898395721925,561.2756324638236,0.0,0.0,6.737967914438503,0.0,0.0,143.0,678.2974989219681,968.5658053942531,0.045010409159478466,100.0,1.0,6.7651017994773595
59,2035,3,1,2.819594302524464E18,169.74591182380152,0.006631025374384602,0.0,44.60205301780872,0.0,304.49999999999994,258.2299465240642,776.235935805991,0.0,0.0,6.745989304812834,0.0,0.0,143.0,714.3950351555396,963.3849518365545,0.043605104973558045,100.0,1.0,6.983127323845396
58,2035,3,1,4.687141051879245E18,165.81617376708056,0.006631025374384602,0.0,28.929909630683216,0.0,304.49999999999994,258.951871657754,401.76940016553016,0.0,0.0,6.890374331550802,0.0,0.0,143.0,688.6467214984577,985.754367889318,0.044638518280529095,100.0,1.0,6.821462981508059
47,2035,3,1,8.815097190336754E18,164.46205796404,0.004368264410003032,0.0,33.112505738534814,0.0,304.49999999999994,258.71791443850265,506.18796168653864,0.0,0.0,6.843582887700535,0.0,0.0,143.0,740.1376319609246,1021.356368760154,0.0450060542567674,100.0,1.0,6.76575640829952
44,2035,3,1,5.156518253817723E18,163.43176446505328,0.00625568431545717,1.0,43.77434262024817,1.0,304.49999999999994,258.8917112299465,747.3233488798397,0.0,0.0,6.878342245989304,0.0,0.0,143.0,694.1327690880142,958.9863575537546,0.04528977783564177,100.0,1.0,6.7233714659639405
56,2035,3,2,5.182538500345593E18,169.22387272872777,0.007344312699143625,0.0,37.70807896772508,0.0,307.3999999999961,258.4197860962567,618.6062976893326,0.0,0.0,6.483957219251337,0.0,0.0,143.0,779.4407778744386,1021.0250651673347,0.044156190290181155,100.0,1.0,6.961651310492506
42,2035,3,2,2.853793568557007E18,168.72049953043057,0.007344312699143625,0.0,36.63277505857402,0.0,307.3999999999961,256.5614973262032,579.6725884348937,0.0,0.0,6.112299465240642,0.0,0.0,143.0,766.2533304440495,1001.6337188620486,0.04428792912922473,100.0,1.0,6.940943187997222
55,2035,3,3,8.661686022710631E18,173.1815331435291,0.007932118094385907,0.0,28.211081939666446,0.0,310.2999999999961,261.677807486631,394.6255905834937,0.0,0.0,6.8355614973262036,0.0,0.0,143.0,706.4961663185999,1002.9139250690216,0.04355415159387583,100.0,1.0,7.124464342536466
41,2035,3,3,1.9955042617296404E18,172.38359188082234,0.007995575039140992,1.0,40.966679219802344,1.0,310.2999999999961,260.0200534759358,678.5515485645616,0.0,0.0,6.504010695187166,0.0,0.0,143.0,664.0134671482957,976.7032292608988,0.04375575810607197,100.0,1.0,7.0916380707602436
45,2035,3,4,8.237168610376572E18,177.6508443560925,0.008646837379138362,0.0,33.74041059944222,0.0,313.20000000000397,261.66711229946526,480.03742181206593,0.0,0.0,6.533422459893048,0.0,0.0,143.0,651.8128207944133,941.680131532369,0.04285523098598308,100.0,1.0,7.308326026814421
51,2035,7,8,6.50369789014244E18,136.02774046036095,5.7366800556468955E-5,1.0,43.77937125149808,1.0,306.5142198820279,231.18449197860963,564.9132925694917,0.0,0.0,5.836898395721925,0.0,0.0,102.49999999999999,350.83755355059975,724.4980627938364,0.05491082054417593,100.0,1.0,5.5820367797169625
46,2035,7,8,6.646488575717851E18,133.9925194513672,7.016400991137356E-5,1.0,38.983551566393395,3.0,330.5391934788978,231.76604278074868,475.52527730209175,0.0,0.0,5.9532085561497325,0.0,0.0,102.49999999999999,378.6804118306293,743.2877701172201,0.060114217770730206,100.0,1.0,5.498519414151611
53,2035,7,9,2.957751204712242E18,134.55741967406618,5.304908036405595E-5,1.0,48.88292402874141,2.0,315.9688352535959,233.4933155080214,691.99406734077,0.0,0.0,5.998663101604278,0.0,0.0,102.49999999999999,315.7710342220375,722.7301712131564,0.057223101024769275,100.0,1.0,5.521700669749222
50,2035,7,9,2.52771244661108E18,135.6690495484773,5.0476061817752464E-5,1.0,38.63779736470407,1.0,357.40035157902395,233.11898395721926,480.04568839538973,0.0,0.0,5.92379679144385,0.0,0.0,102.49999999999999,395.5441753486726,761.2157274650112,0.06419615002307066,100.0,1.0,5.567317533069853
48,2035,7,9,2.2093098651697398E18,134.37620545493672,2.59301775759424E-4,1.0,51.6664818318901,3.0,315.3961724620151,233.68716577540107,816.287531018447,0.0,0.0,6.037433155080214,0.0,0.0,102.49999999999999,391.1473627657396,762.9003136229717,0.05719641857575996,100.0,1.0,5.514264359826213
58,2035,7,9,4.687141051879245E18,136.2526014611489,7.205504735322282E-5,1.0,35.33075827505508,1.0,371.492782182831,233.46657754010695,402.252010615901,0.0,0.0,5.99331550802139,0.0,0.0,102.49999999999999,332.6923341347138,735.0424325125819,0.06644164364980666,100.0,1.0,5.591264179749292
44,2035,7,9,5.156518253817723E18,136.8623456243665,5.1635851449928585E-5,1.0,47.61606968451999,2.0,370.0451920227877,233.25935828877004,679.059600536881,0.0,0.0,5.951871657754011,0.0,0.0,102.49999999999999,422.4777289842022,746.2852239719854,0.06588788657592218,100.0,1.0,5.616285652088524
54,2035,7,10,7.887265943744844E18,134.66821138112365,1.9096362303464972E-4,1.0,40.1769694908207,3.0,375.12038119526335,234.96657754010695,494.90486041417086,0.0,0.0,5.99331550802139,0.0,0.0,102.49999999999999,366.42063457705075,735.8934720544676,0.06787976958598542,100.0,1.0,5.526247120212846
49,2035,7,10,3.317868809496197E18,141.05226395121815,3.1807684493156006E-5,0.0,42.152710890442215,0.0,373.56719638826934,235.2673796791444,552.1742325490565,0.0,0.0,6.053475935828877,0.0,0.0,102.49999999999999,403.74643197048414,756.7585800811584,0.0645391828376684,100.0,1.0,5.788223215157231
59,2035,7,10,2.819594302524464E18,136.7016967087033,3.9872065287769494E-5,1.0,46.24348712015432,1.0,376.8030465988681,235.4144385026738,646.6709019585114,0.0,0.0,6.0828877005347595,0.0,0.0,102.49999999999999,429.02002359957726,750.8031975907468,0.06716999114084418,100.0,1.0,5.609693260324769
57,2035,7,10,5.866154019238748E17,140.75704988134245,3.1012492380827115E-4,0.0,27.13522669898244,0.0,360.76793180668153,235.39438502673798,276.7342673956462,0.0,0.0,6.078877005347594,0.0,0.0,102.49999999999999,383.7642031738971,741.6862243637181,0.06245864542472518,100.0,1.0,5.7761088053290734
47,2035,7,10,8.815097190336754E18,137.81293020022736,5.365483110869742E-5,1.0,39.0933228341089,2.0,373.583100183378,234.91978609625667,499.5901957131389,0.0,0.0,5.983957219251337,0.0,0.0,102.49999999999999,398.9268004243546,777.2385205405501,0.06605900764585249,100.0,1.0,5.655293857670196
43,2035,7,10,3.212672331395627E18,137.88645965884356,1.1937064041888805E-4,1.0,46.64576964038877,2.0,359.2081831660119,235.18048128342247,664.5599500528409,0.0,0.0,6.036096256684492,0.0,0.0,102.49999999999999,425.8800615283021,759.3301013708048,0.06348328495739068,100.0,1.0,5.658311213843277
42,2035,7,10,2.853793568557007E18,140.94465818741207,5.1584318664050435E-5,0.0,40.605322699872616,0.0,390.32801044082623,234.01069518716577,535.4622087768083,0.0,0.0,5.802139037433155,0.0,0.0,102.49999999999999,463.22745144712735,782.2220074961555,0.06748634186570551,100.0,1.0,5.78380750311759
40,2035,7,10,3.5299406018237317E18,139.75721955623132,5.506479471027542E-5,0.0,50.43865934547095,0.0,350.4386301373964,234.94652406417111,758.9521755567739,0.0,0.0,5.989304812834225,0.0,0.0,102.49999999999999,407.0809822223397,744.9674949269861,0.061104404017887415,100.0,1.0,5.73507975030426
55,2035,7,11,8.661686022710631E18,140.10153576946718,6.420805875947643E-5,1.0,32.42795608641847,1.0,413.18666847448907,237.66978609625667,366.18346900027103,0.0,0.0,6.233957219251337,0.0,0.0,102.49999999999999,364.67334026121404,761.5850954619605,0.07186843617919997,100.0,1.0,5.7492091165616985
45,2035,7,11,8.237168610376572E18,139.1177729641095,4.768218385736028E-5,0.0,36.35676079460637,0.0,436.3439496208205,237.7366310160428,404.2396705609645,0.0,0.0,6.247326203208556,0.0,0.0,102.49999999999999,291.8050281265164,706.3234278285051,0.0764330397814795,100.0,1.0,5.7088394085636125
41,2035,7,11,1.9955042617296404E18,141.40732652244637,4.094598941223543E-5,1.0,43.38090738579231,1.0,412.34733546647436,236.37967914438502,587.9715050706681,0.0,0.0,5.975935828877005,0.0,0.0,102.49999999999999,391.7636717313052,766.4548889775106,0.07106014207682577,100.0,1.0,5.802793569152596
52,2035,7,12,3.00978221914696E18,140.3349273043818,5.986967641086314E-5,1.0,42.378206797454204,1.0,379.52742347263177,239.44385026737967,545.7153608073027,0.0,0.0,6.288770053475936,0.0,0.0,102.49999999999999,319.1987306853051,740.9450853261573,0.06590406129499174,100.0,1.0,5.758786575744359
56,2035,7,13,5.182538500345593E18,140.80034138762,5.3822444256902296E-5,1.0,42.11161988303762,2.0,399.3683388950868,239.4398395721925,573.4650452395216,0.0,0.0,5.987967914438503,0.0,0.0,102.49999999999999,439.8040419474724,787.3617978688807,0.0691201567751554,100.0,1.0,5.777885316351541
53,2035,11,11,2.957751204712242E18,121.96844312622105,3.1012492380827115E-4,1.0,40.94495514513343,2.0,605.2029295964189,348.68582887700535,524.1530707509638,0.0,0.0,5.93716577540107,0.0,0.0,88.0,26.91795768174781,755.0122662963208,0.12121971922921043,100.0,1.0,4.992611214121527
47,2035,11,11,8.815097190336754E18,117.76821558207871,1.2658160155439634E-4,1.0,30.139843478556905,3.0,655.039373300732,341.8034759358289,328.41566934587945,0.0,0.0,5.760695187165775,0.0,0.0,88.0,0.0,759.9775497674882,0.1358810966242203,100.0,1.0,4.820680650762232
55,2035,11,12,8.661686022710631E18,120.53194129793602,1.0004029800266811E-4,1.0,21.182941218293465,3.0,712.0017278572732,349.8048128342246,205.39845044251885,0.0,0.0,5.86096256684492,0.0,0.0,88.0,9.294796249077972,762.4208937853355,0.1443107316515231,100.0,1.0,4.933809978710329
46,2035,11,12,6.646488575717851E18,126.08624384228565,1.1228273852580414E-4,1.0,34.40644090877571,2.0,570.6386107959072,349.65106951871655,394.0545632636854,0.0,0.0,5.830213903743315,0.0,0.0,88.0,0.0,749.9804246202207,0.11056385660046766,100.0,1.0,5.161167748136361
44,2035,11,12,5.156518253817723E18,126.33151331145721,3.1012492380827115E-4,1.0,42.05255609151274,1.0,613.8054857561435,355.64438502673795,552.2299374724265,0.0,0.0,5.828877005347594,0.0,0.0,88.0,42.768476217162736,760.1594830216545,0.11869674222452298,100.0,1.0,5.171207518021755
41,2035,11,12,1.9955042617296404E18,120.31698264701751,1.3590049246637646E-4,1.0,33.553180609826036,1.0,716.0872998940895,350.19919786096256,386.04927545884766,0.0,0.0,5.939839572192513,0.0,0.0,88.0,0.0,763.4944278491506,0.14539811353131799,100.0,1.0,4.925010940667041
51,2035,11,13,6.50369789014244E18,128.79504529813687,1.04489529584997E-4,1.0,37.63980489470493,1.0,578.007502173401,357.3048128342246,458.7580566847699,0.0,0.0,5.86096256684492,0.0,0.0,88.0,18.318812809708234,759.0482551413412,0.10963621946091268,100.0,1.0,5.2720488267061345
50,2035,11,13,2.52771244661108E18,130.12239406834007,7.696643144082784E-4,0.0,34.58698131243705,0.0,613.7398477340655,357.3248663101604,411.1010481277901,0.0,0.0,5.864973262032086,0.0,0.0,88.0,33.58879427726782,776.4425870461694,0.11522640399160664,100.0,1.0,5.326382031142548
48,2035,11,13,2.2093098651697398E18,126.5513278191447,1.4810168281197283E-4,1.0,47.542521540474134,1.0,610.535365394664,357.83957219251334,705.7479117325165,0.0,0.0,5.967914438502674,0.0,0.0,88.0,17.772949932839232,777.7713297222208,0.11785929846762908,100.0,1.0,5.180205323913006
58,2035,11,13,4.687141051879245E18,127.48986765416636,3.1012492380827115E-4,1.0,27.673278636463248,1.0,615.208461692785,357.3048128342246,294.13445396902165,0.0,0.0,5.86096256684492,0.0,0.0,88.0,0.0,767.3627205100709,0.11788712118308772,100.0,1.0,5.218623166964263
57,2035,11,13,5.866154019238748E17,120.11515272944683,3.1012492380827115E-4,1.0,14.937552722370675,6.0,669.1456337943372,362.0949197860963,129.88832136888152,0.0,0.0,5.6189839572192515,0.0,0.0,88.0,1.6064295640173154,737.0133278629863,0.13609512946333818,100.0,1.0,4.9167493093468435
56,2035,11,13,5.182538500345593E18,112.361227215839,3.1012492380827115E-4,1.0,29.92312669835248,3.0,831.2639825189859,351.9933155080214,324.541985548041,0.0,0.0,5.998663101604278,0.0,0.0,88.0,4.421280015251305,758.7129876678674,0.1807349827548215,100.0,1.0,4.599352985507229
45,2035,11,13,8.237168610376572E18,120.96639492334995,6.925523086383905E-5,1.0,23.148791552085576,1.0,711.7711770304928,357.09090909090907,223.29383835294448,0.0,0.0,5.818181818181818,0.0,0.0,88.0,14.447122509363895,739.9592671615031,0.14374587536345948,100.0,1.0,4.951593742991158
43,2035,11,13,3.212672331395627E18,120.54184614339962,6.133799917093971E-5,1.0,40.319123554685184,1.0,661.0375730036658,351.81951871657753,500.99133661395445,0.0,0.0,5.963903743315508,0.0,0.0,88.0,0.0,740.6830751657185,0.13397014859234596,100.0,1.0,4.934215419997171
42,2035,11,13,2.853793568557007E18,122.09159148601829,3.1012492380827115E-4,1.0,32.51638661378716,4.0,669.6733221444234,362.8368983957219,370.5943255334738,0.0,0.0,5.767379679144385,0.0,0.0,88.0,0.0,767.9856355307501,0.13399758638278927,100.0,1.0,4.9976521236089715
40,2035,11,13,3.5299406018237317E18,123.34697093508424,1.399480703105917E-4,1.0,43.78996163312169,3.0,666.3466953418869,357.65909090909093,580.1549563702051,0.0,0.0,5.931818181818182,0.0,0.0,88.0,2.2797665544563404,743.8631819652348,0.13197494563032552,100.0,1.0,5.049039362428592
52,2035,11,14,3.00978221914696E18,122.98112172787316,6.017169650917172E-5,0.0,33.14662377833041,0.0,772.0832724246388,355.46256684491976,373.1301890107493,0.0,0.0,5.192513368983957,0.0,0.0,88.0,8.819857156656953,751.6086293363682,0.1533717686347537,100.0,1.0,5.034063826070311
49,2035,11,14,3.317868809496197E18,127.710933698503,6.937917758574295E-5,0.0,33.386624711854346,0.0,672.8505937765801,364.97192513368987,395.00466280453327,0.0,0.0,5.894385026737968,0.0,0.0,88.0,44.711825305315784,787.1666919549542,0.12870940787314353,100.0,1.0,5.2276722027945635
59,2035,11,14,2.819594302524464E18,127.19140372392883,7.48732312429433E-5,0.0,43.296124161745595,0.0,660.5750078140654,358.1163101604278,561.8710942796326,0.0,0.0,5.723262032085562,0.0,0.0,88.0,2.1277713359771315,735.1369836528519,0.12687735331584749,100.0,1.0,5.2064059546516175
54,2035,11,15,7.887265943744844E18,126.57496633234197,7.256081511658191E-5,1.0,33.67231569665761,3.0,657.7738185421356,370.31951871657753,388.76960111745956,0.0,0.0,5.463903743315508,0.0,0.0,88.0,0.0,765.1742723255792,0.1269546156653162,100.0,1.0,5.181172934083706
42,2036,2,23,2.853793568557007E18,151.3562693814627,0.018779516292166256,0.0,40.95468813560281,0.0,287.1000000000037,241.95989304812835,594.6853311333747,0.0,0.0,6.491978609625669,0.0,0.0,102.69999999999855,578.9290498076587,856.1782238230056,0.04645548198083173,100.0,1.0,6.180110242284554
43,2036,2,24,3.212672331395627E18,148.60140181309447,0.033239743837134246,0.0,45.074572180295256,0.0,290.00000000000006,244.85695187165774,706.0007658579526,0.0,0.0,6.771390374331551,0.0,0.0,102.69999999999855,590.7676478460783,859.3735719800749,0.0477946498345639,100.0,1.0,6.067624744690132
47,2036,2,26,8.815097190336754E18,159.33156070065775,0.005297488202009037,0.0,34.20204068058946,0.0,295.7999999999965,247.5427807486631,488.7707575013906,0.0,0.0,6.708556149732621,0.0,0.0,102.69999999999855,749.9831858419757,939.2905601480746,0.04546744519426418,100.0,1.0,6.505753704351797
56,2036,2,27,5.182538500345593E18,162.73866940988802,0.006010775526768063,0.0,31.778124006908723,0.0,298.7000000000036,255.43048128342247,474.745276132971,0.0,0.0,6.786096256684492,0.0,0.0,143.0,770.1955202599486,1018.1682377781824,0.04495196224748806,100.0,1.0,6.644871215086837
53,2036,2,28,2.957751204712242E18,164.11746369498766,0.0035602724973919538,0.0,41.75908323003945,0.0,301.60000000000383,257.3582887700535,727.1441316833236,0.0,0.0,6.871657754010696,0.0,0.0,143.0,762.8163122992238,1013.3014106782111,0.04500706918608773,100.0,1.0,6.7011695152376705
52,2036,2,28,3.00978221914696E18,164.436720492646,0.006724062851527088,1.0,32.75957214802606,1.0,301.60000000000383,257.03743315508024,490.86237407154556,0.0,0.0,6.807486631016043,0.0,0.0,143.0,735.3051546447255,1006.4072414546931,0.044919687166200234,100.0,1.0,6.714205263364843
51,2036,2,28,6.50369789014244E18,163.54045354070723,0.006552281877510371,0.0,35.38626659282705,0.0,301.60000000000383,256.8903743315508,555.4059331248914,0.0,0.0,6.778074866310161,0.0,0.0,143.0,777.7427496444442,1012.9305088273791,0.045165864978642625,100.0,1.0,6.677609299470299
50,2036,2,28,2.52771244661108E18,166.961465826744,0.006724062851527088,0.0,32.35617782735897,0.0,301.60000000000383,257.13770053475935,481.5064044752592,0.0,0.0,6.827540106951871,0.0,0.0,143.0,721.8105190377576,1005.5439556929139,0.04424042401993814,100.0,1.0,6.8172945147198325
58,2036,2,28,4.687141051879245E18,165.72901495735056,0.002893670312557997,0.0,30.20698602920933,0.0,301.60000000000383,256.3355614973262,430.18749063590303,0.0,0.0,6.6671122994652405,0.0,0.0,143.0,720.9885934650525,992.6109459417966,0.044569419815030174,100.0,1.0,6.766971642253576
57,2036,2,28,5.866154019238748E17,162.96061102333232,0.006724062851527088,0.0,18.48091218791798,0.0,301.60000000000383,256.8235294117647,219.9017175622872,0.0,0.0,6.764705882352941,0.0,0.0,143.0,664.1678492125909,968.0783547394899,0.04532657307051942,100.0,1.0,6.6539334339433145
41,2036,2,28,1.9955042617296404E18,162.11602451128584,0.003480363794786276,0.0,39.032551776616806,0.0,301.60000000000383,257.61229946524065,631.8628858575851,0.0,0.0,6.922459893048129,0.0,0.0,143.0,648.5520856796803,985.9649744745832,0.04556271389847298,100.0,1.0,6.61944766222786
40,2036,2,28,3.5299406018237317E18,159.43767482037285,0.00512504790512735,0.0,44.383660472295574,0.0,301.60000000000383,257.64572192513367,780.6487921742529,0.0,0.0,6.929144385026738,0.0,0.0,143.0,717.36278774713,977.3783611980307,0.04632810941007101,100.0,1.0,6.510086507748591
45,2036,2,29,8.237168610376572E18,165.3462433982227,0.005263906724650669,0.0,26.641052646355575,0.0,304.49999999999994,258.8449197860963,361.82079528143265,0.0,0.0,6.8689839572192515,0.0,0.0,143.0,747.4411574375143,995.0779175652061,0.0451021408744715,100.0,1.0,6.751342488319697
44,2036,2,29,5.156518253817723E18,166.8609207618717,0.007437350176286107,0.0,43.47789523651792,0.0,304.49999999999994,258.7647058823529,751.0117376961675,0.0,0.0,6.852941176470588,0.0,0.0,143.0,723.2734225293523,975.569235666816,0.04469272690550405,100.0,1.0,6.813189104433452
55,2036,3,1,8.661686022710631E18,170.24591583265686,0.008119625008664307,0.0,24.929540340165918,0.0,307.3999999999961,260.3983957219251,337.17034997331564,0.0,0.0,6.879679144385027,0.0,0.0,143.0,718.5618760806939,1013.9365098547732,0.04422128452031195,100.0,1.0,6.951403681157193
49,2036,3,1,3.317868809496197E18,167.81154994582667,0.008119625008664307,0.0,37.28176109480415,0.0,307.3999999999961,260.4585561497326,588.7901212614677,0.0,0.0,6.891711229946524,0.0,0.0,143.0,701.2621840003856,989.5865411985335,0.04486278259683187,100.0,1.0,6.8520047622214175
48,2036,3,1,2.2093098651697398E18,167.01793632808776,0.0049795146051442645,0.0,49.958654399239364,0.0,307.3999999999961,256.96256684491976,990.9233598095652,0.0,0.0,6.192513368983957,0.0,0.0,143.0,716.2869876912565,991.8971554428648,0.045075955600769387,100.0,1.0,6.819600292506038
59,2036,3,1,2.819594302524464E18,170.6625140341873,0.008119625008664307,0.0,45.96245742652826,0.0,307.3999999999961,260.6524064171123,816.3066924234496,0.0,0.0,6.93048128342246,0.0,0.0,143.0,689.2394816115839,959.0010543687428,0.04411333751329179,100.0,1.0,6.968414029144212
46,2036,3,1,6.646488575717851E18,171.14609551415754,0.0032351332614430025,0.0,33.624086400637715,0.0,307.3999999999961,259.0080213903743,487.8184898618874,0.0,0.0,6.601604278074866,0.0,0.0,143.0,677.5306416476998,962.0310161414087,0.04398869316790375,100.0,1.0,6.988159407842783
54,2036,3,2,7.887265943744844E18,172.51547037153674,0.004285006589808852,1.0,38.898094408448465,1.0,310.2999999999961,259.83288770053474,619.3404205558801,0.0,0.0,6.466577540106952,0.0,0.0,143.0,683.0517276129223,972.0646094937481,0.04405121804865494,100.0,1.0,7.044073098211886
43,2036,7,5,3.212672331395627E18,136.6555510061455,8.30988541822806E-5,1.0,48.43248015342857,1.0,306.2091704224405,227.79679144385025,695.9209922991519,0.0,0.0,5.759358288770054,0.0,0.0,102.80000000000145,384.31265945315613,740.0266311914003,0.05501474316377979,100.0,1.0,5.565947468133238
42,2036,7,6,2.853793568557007E18,139.03696792945652,1.7171922691487884E-4,0.0,44.59237215672284,0.0,303.72326723852706,230.44652406417111,593.2607534056995,0.0,0.0,5.989304812834225,0.0,0.0,102.80000000000145,331.3124445557192,736.1906386715553,0.05363347657835023,100.0,1.0,5.662942002180937
56,2036,7,7,5.182538500345593E18,136.0151801897425,7.597376869384398E-5,1.0,37.24468014034762,4.0,343.39706964827025,231.6657754010695,463.967371595497,0.0,0.0,5.933155080213904,0.0,0.0,102.80000000000145,449.75542828000016,780.6827553628004,0.06198653754422209,100.0,1.0,5.539865320002521
45,2036,7,7,8.237168610376572E18,138.6574592730335,8.456722398785753E-6,1.0,32.98858940020167,1.0,367.8801124147764,231.5922459893048,374.88832349314134,0.0,0.0,5.918449197860962,0.0,0.0,102.80000000000145,441.5693766599927,760.1547797796433,0.06514052388405242,100.0,1.0,5.647484706595062
55,2036,7,8,8.661686022710631E18,137.2879689695691,6.962840678227909E-5,1.0,28.746645897039162,1.0,388.00067322695077,233.74064171122996,312.86601587653473,0.0,0.0,6.048128342245989,0.0,0.0,102.80000000000145,403.0292818680506,773.9636769304396,0.06938860772514213,100.0,1.0,5.591705698489802
53,2036,7,8,2.957751204712242E18,137.03868517978734,9.92082289853714E-5,1.0,48.27177102225047,3.0,357.8161203426858,233.03208556149733,700.1699834432571,0.0,0.0,5.906417112299465,0.0,0.0,102.80000000000145,376.1121660957051,749.4856362860996,0.06410691735321479,100.0,1.0,5.5815524301566235
52,2036,7,8,3.00978221914696E18,139.7827670473713,3.1012492380827115E-4,1.0,38.061116410761585,1.0,357.9820350986467,233.68716577540107,483.6717212536174,0.0,0.0,6.037433155080214,0.0,0.0,102.80000000000145,453.7331470812416,785.939803442758,0.06287757355174223,100.0,1.0,5.69331821947712
51,2036,7,8,6.50369789014244E18,139.87024079840617,1.0075533587013357E-4,1.0,43.457339433615,1.0,357.5078898800784,233.4331550802139,581.8179552634182,0.0,0.0,5.9866310160427805,0.0,0.0,102.80000000000145,395.8282362155672,756.1797747009057,0.06275502149674701,100.0,1.0,5.696881004153751
46,2036,7,8,6.646488575717851E18,138.44748169457716,4.977928151015588E-5,1.0,36.2920831263603,3.0,388.63645972843904,233.05882352941177,424.96813635496375,0.0,0.0,5.911764705882353,0.0,0.0,102.80000000000145,394.57080788048955,744.954132862508,0.06892022003071215,100.0,1.0,5.638932370721616
44,2036,7,8,5.156518253817723E18,135.3226263610538,1.4559855577853104E-4,1.0,46.71749782676844,2.0,371.6795050515778,233.47326203208556,652.9367659968678,0.0,0.0,5.994652406417113,0.0,0.0,102.80000000000145,396.4527958947062,743.8134624564566,0.06743515663211527,100.0,1.0,5.5116577704302285
41,2036,7,8,1.9955042617296404E18,139.10700541653927,3.198483125085305E-5,1.0,44.69735203264474,1.0,356.73010789337184,233.5,619.386610129076,0.0,0.0,6.0,0.0,0.0,102.80000000000145,375.1359529249038,765.3634237150732,0.06296206133813542,100.0,1.0,5.665794612053218
50,2036,7,9,2.52771244661108E18,138.251259683693,3.873656305374357E-5,1.0,37.172258111129956,1.0,362.20796417923066,234.94652406417111,456.9915311303609,0.0,0.0,5.989304812834225,0.0,0.0,102.80000000000145,406.7007402983132,771.280443455295,0.06432459680856607,100.0,1.0,5.630940295781157
48,2036,7,9,2.2093098651697398E18,140.82655807802928,5.4734367068173506E-5,1.0,52.65972194134757,1.0,388.6451515374113,234.7192513368984,878.6663329792891,0.0,0.0,5.94385026737968,0.0,0.0,102.80000000000145,448.806683567063,789.0449743438517,0.06775742042728479,100.0,1.0,5.735831575148193
58,2036,7,9,4.687141051879245E18,139.9449061793515,6.474424296623615E-5,1.0,37.6413178096335,1.0,361.56369683317916,234.79946524064172,451.60436142622484,0.0,0.0,5.959893048128342,0.0,0.0,102.80000000000145,357.10348004018203,746.840185296271,0.06343309435541178,100.0,1.0,5.699922107021294
57,2036,7,9,5.866154019238748E17,134.8866361737136,1.1285477576720206E-4,1.0,24.798165436850585,3.0,360.09415681329847,234.9331550802139,243.64629004915514,0.0,0.0,5.9866310160427805,0.0,0.0,102.80000000000145,358.4671897446974,737.2237139867208,0.06554435957877669,100.0,1.0,5.49389999578083
47,2036,7,9,8.815097190336754E18,135.14425336465308,2.263685575242855E-4,1.0,35.74740662625704,5.0,338.1215173737623,234.55213903743316,432.3346914853725,0.0,0.0,5.910427807486631,0.0,0.0,102.80000000000145,389.6745762047993,775.9204351078773,0.061427579196656486,100.0,1.0,5.504392681523193
40,2036,7,9,3.5299406018237317E18,134.8843214189457,5.243911461079998E-5,1.0,52.554617279868545,1.0,358.1230740084305,235.36096256684493,780.1011123216775,0.0,0.0,6.072192513368984,0.0,0.0,102.80000000000145,281.7792192620976,703.4828021551182,0.06518670162300383,100.0,1.0,5.4938057163802245
54,2036,7,10,7.887265943744844E18,139.6621338016279,4.533990114156011E-5,1.0,44.76497564081198,1.0,411.74410352412593,238.39839572192514,575.7156285247459,0.0,0.0,6.379679144385027,0.0,0.0,102.80000000000145,243.56290666628098,709.4152858718654,0.07238305182252419,100.0,1.0,5.688404856618648
49,2036,7,10,3.317868809496197E18,138.71154178554252,4.35813552288183E-5,1.0,43.181418674113175,2.0,392.0849496492384,236.47994652406416,562.3990973853205,0.0,0.0,5.995989304812834,0.0,0.0,102.80000000000145,339.0580920311274,739.0207306725683,0.06939940508892431,100.0,1.0,5.649687474220332
59,2036,7,10,2.819594302524464E18,137.84835813509213,5.136219340978321E-5,1.0,51.580882230136666,3.0,394.0959007309287,236.45989304812835,738.1744309544591,0.0,0.0,5.991978609625669,0.0,0.0,102.80000000000145,271.43790937604854,692.2111547329099,0.07019214177397429,100.0,1.0,5.614530213367144
54,2036,11,10,7.887265943744844E18,117.78937578930055,1.5758380274810528E-4,1.0,30.688407733664345,2.0,705.7715583192386,342.68582887700535,332.2101991255161,0.0,0.0,5.93716577540107,0.0,0.0,88.0,26.36680629078695,748.9531392509381,0.14747884054353969,100.0,1.0,4.785578430899557
47,2036,11,10,8.815097190336754E18,116.0670879219624,7.362190765555767E-6,1.0,25.71181637803549,4.0,645.849153888351,342.5655080213904,266.5007536661092,0.0,0.0,5.913101604278075,0.0,0.0,88.0,0.0,768.6095795374071,0.1369599815007274,100.0,1.0,4.7156048563347746
49,2036,11,11,3.317868809496197E18,118.87526212694327,1.190955928603192E-4,1.0,32.335946099572745,3.0,705.6521196836815,349.97192513368987,360.0785076844745,0.0,0.0,5.894385026737968,0.0,0.0,88.0,0.0,752.4542321586532,0.14610693989304066,100.0,1.0,4.829696112999579
57,2036,11,11,5.866154019238748E17,126.30194441709291,9.121321288478564E-5,0.0,21.0601022770145,0.0,648.0498149313383,344.05213903743316,193.26645717191968,0.0,0.0,5.910427807486631,0.0,0.0,88.0,0.0,722.8887584190107,0.126290312059699,100.0,1.0,5.131429357977966
41,2036,11,11,1.9955042617296404E18,122.62828120707759,1.1147552976573371E-4,1.0,35.81810343865867,3.0,617.9916974527135,356.0855614973262,436.5471471841196,0.0,0.0,5.9171122994652405,0.0,0.0,88.0,0.0,781.1226007361494,0.1240405494748792,100.0,1.0,4.982174781303026
55,2036,11,12,8.661686022710631E18,124.69322677685419,6.987943303476141E-5,1.0,21.324440895694458,4.0,616.3027618824358,356.64304812834223,210.32862608046088,0.0,0.0,5.728609625668449,0.0,0.0,88.0,0.13604462179141308,774.3360789483725,0.1216530305654537,100.0,1.0,5.066069945136655
53,2036,11,12,2.957751204712242E18,125.74374939013252,9.358024254926707E-5,1.0,42.63788426540489,1.0,615.6561876391297,357.09090909090907,566.107688940443,0.0,0.0,5.818181818181818,0.0,0.0,88.0,0.0,760.7506514860582,0.12051012164621668,100.0,1.0,5.108750860334541
52,2036,11,12,3.00978221914696E18,127.81042884400327,8.208706294554555E-5,1.0,32.81637456450809,2.0,622.6230340978542,363.1844919786096,380.3455761887735,0.0,0.0,5.836898395721925,0.0,0.0,88.0,0.5335121081049192,777.6316208021346,0.11990314468921141,100.0,1.0,5.192716468877371
51,2036,11,12,6.50369789014244E18,124.63920776078152,2.127057090591708E-4,1.0,35.62543978765405,2.0,622.8265158094059,358.24064171122996,424.11903243928117,0.0,0.0,6.048128342245989,0.0,0.0,88.0,0.9168574020724236,765.2078253740382,0.12299404814486023,100.0,1.0,5.063875246026961
50,2036,11,12,2.52771244661108E18,119.95679826929263,3.1012492380827115E-4,1.0,27.993371005641677,3.0,660.327102509372,357.20454545454544,298.0091392280589,0.0,0.0,5.840909090909091,0.0,0.0,88.0,0.0,765.0729560403839,0.13548959332967175,100.0,1.0,4.873637054195532
48,2036,11,12,2.2093098651697398E18,123.68795621643457,1.0004029800266811E-4,1.0,47.30312087264856,1.0,667.6167407430903,356.8034759358289,691.5152288996077,0.0,0.0,5.760695187165775,0.0,0.0,88.0,0.0,769.585691641027,0.13285303702082066,100.0,1.0,5.025227542509711
58,2036,11,12,4.687141051879245E18,118.96631154715564,1.5490755434978583E-4,1.0,24.013360839631638,5.0,665.1640407321636,358.24732620320856,244.45022900549574,0.0,0.0,6.0494652406417115,0.0,0.0,88.0,0.0,771.8015938579485,0.13761838218585296,100.0,1.0,4.8333952933254425
56,2036,11,12,5.182538500345593E18,129.4008083820922,3.200692746097894E-4,1.0,34.55860937847566,1.0,576.6478362099313,357.3783422459893,408.5565223815107,0.0,0.0,5.875668449197861,0.0,0.0,88.0,14.03871427441859,772.6161442766534,0.10968452512447788,100.0,1.0,5.257330836373772
46,2036,11,12,6.646488575717851E18,125.65078208722888,1.9905322452392238E-4,1.0,28.49153246291794,2.0,619.221492961464,357.59893048128345,302.16119669401223,0.0,0.0,5.919786096256685,0.0,0.0,88.0,0.0,756.9794513332739,0.1212976838085017,100.0,1.0,5.104973759755032
45,2036,11,12,8.237168610376572E18,125.2479024101762,1.0657213876572892E-4,1.0,27.16298190610311,3.0,582.6178538229576,357.08422459893046,278.14160096075244,0.0,0.0,5.816844919786096,0.0,0.0,88.0,0.0,744.5767998984817,0.11449460149173202,100.0,1.0,5.088605455909029
44,2036,11,12,5.156518253817723E18,124.58818657399793,1.1494622824620871E-4,1.0,41.009286671660284,2.0,611.4025988675867,357.81951871657753,526.4385271241371,0.0,0.0,5.963903743315508,0.0,0.0,88.0,0.0,756.310488542988,0.1207875292975196,100.0,1.0,5.061802343531685
42,2036,11,12,2.853793568557007E18,128.16166810252184,1.9862304887955574E-5,1.0,36.49633135280708,3.0,550.3382399056413,357.12433155080214,446.51770466993895,0.0,0.0,5.824866310160428,0.0,0.0,88.0,24.72807120672627,775.8920833900221,0.10569226893673819,100.0,1.0,5.206986711914046
40,2036,11,12,3.5299406018237317E18,118.51041197698424,2.457408271063955E-4,1.0,43.38692856023309,5.0,650.9305421575402,351.61229946524065,564.4939402895417,0.0,0.0,5.922459893048129,0.0,0.0,88.0,0.0,735.7464264528933,0.13519163599417547,100.0,1.0,4.814872883005755
59,2036,11,13,2.819594302524464E18,122.70951869526158,8.350159499414943E-5,1.0,41.23103716524125,2.0,708.7080724734818,364.403743315508,523.9458916966274,0.0,0.0,5.780748663101604,0.0,0.0,88.0,5.664244782324536,746.1785469050501,0.1421545644116464,100.0,1.0,4.985475319816175
43,2036,11,13,3.212672331395627E18,134.3753054822892,7.696643144082784E-4,1.0,44.63682812261787,2.0,519.4089457555898,359.3061497326203,629.0940732987651,0.0,0.0,5.961229946524064,0.0,0.0,88.0,49.20223113610396,779.3748810253404,0.09513967042555128,100.0,1.0,5.459436042108616
58,2037,2,21,4.687141051879245E18,148.00258682012327,0.03395303116189328,1.0,30.61187740835935,1.0,284.2000000000032,240.96122994652407,383.7023954778874,0.0,0.0,6.592245989304812,0.0,0.0,103.0,627.647235691185,868.5562674767583,0.04738157426669188,100.0,1.0,5.998112228191393
41,2037,2,21,1.9955042617296404E18,148.84512041624998,0.03395303116189328,0.0,41.779647703560904,0.0,284.2000000000032,240.63368983957218,629.6217441764501,0.0,0.0,6.526737967914438,0.0,0.0,103.0,604.7640760236576,876.6011692466782,0.04711337220507618,100.0,1.0,6.032257652093568
50,2037,2,22,2.52771244661108E18,153.8127481574367,0.03380789001807167,0.0,33.98599609891805,0.0,287.1000000000037,242.2072192513369,469.7097516087123,0.0,0.0,6.541443850267379,0.0,0.0,103.0,712.8364409934758,911.2137185761702,0.04605699294424386,100.0,1.0,6.23358108393147
46,2037,2,22,6.646488575717851E18,148.4696127021474,0.03395303116189328,1.0,29.68771927906483,2.0,287.1000000000037,243.22326203208556,349.0306002809782,0.0,0.0,6.744652406417113,0.0,0.0,103.0,514.5203628119629,825.375048477648,0.04771449542899871,100.0,1.0,6.017039422060353
44,2037,2,22,5.156518253817723E18,154.5399767318634,0.03395303116189328,0.0,43.68441293298404,0.0,287.1000000000037,242.03342245989305,681.574704406372,0.0,0.0,6.50668449197861,0.0,0.0,103.0,679.401961999291,877.5653320567058,0.04584025963012333,100.0,1.0,6.263053532343863
55,2037,2,24,8.661686022710631E18,157.9210695890587,0.004615213369630841,0.0,27.516068548949473,0.0,292.8999999999962,246.06283422459893,356.99077323325014,0.0,0.0,6.712566844919786,0.0,0.0,103.0,746.009869303616,938.9119138252631,0.04576505763614475,100.0,1.0,6.400079342818678
53,2037,2,24,2.957751204712242E18,156.86190719729905,0.03395303116189328,0.0,48.44014672384034,0.0,292.8999999999962,246.5173796791444,824.3031850234886,0.0,0.0,6.803475935828877,0.0,0.0,103.0,597.9289349009049,876.6504775088783,0.04607407228967662,100.0,1.0,6.357154587041432
47,2037,2,24,8.815097190336754E18,155.37937727099197,0.018800127996618655,0.0,34.021000184330774,0.0,292.8999999999962,246.16310160427807,458.1117664550062,0.0,0.0,6.732620320855615,0.0,0.0,103.0,591.4778781884772,887.2368224140347,0.04651368140766888,100.0,1.0,6.2970719826039145
43,2037,2,26,3.212672331395627E18,161.10597934950903,0.006103813003910541,0.0,44.917138033612616,0.0,298.7000000000036,249.89171122994654,770.07644931374,0.0,0.0,6.878342245989304,0.0,0.0,103.0,786.518112706204,943.5828571185973,0.04574864990453754,100.0,1.0,6.5291544258309875
42,2037,2,26,2.853793568557007E18,162.19287639857953,0.003379878619501811,0.0,38.14180384882048,0.0,298.7000000000036,249.37700534759358,583.708854070415,0.0,0.0,6.775401069518717,0.0,0.0,103.0,730.302781435619,945.78606228037,0.0454420761900545,100.0,1.0,6.573203186199873
54,2037,2,27,7.887265943744844E18,164.80010683250381,0.006817100328669564,0.0,40.946913383765384,0.0,301.60000000000383,251.024064171123,638.1268760202247,0.0,0.0,6.804812834224599,0.0,0.0,103.0,710.9909665125268,919.4707435005377,0.04515736237898001,100.0,1.0,6.678866614680613
52,2037,2,27,3.00978221914696E18,164.00508628174987,0.006817100328669564,0.0,36.21813873370272,0.0,301.60000000000383,256.9505347593583,557.4643482878128,0.0,0.0,6.790106951871658,0.0,0.0,143.0,631.760082360067,980.7554456651603,0.045376264316249526,100.0,1.0,6.646646755625473
51,2037,2,27,6.50369789014244E18,164.06104776132807,0.006817100328669564,0.0,36.833400892547516,0.0,301.60000000000383,257.10427807486633,578.5071452907825,0.0,0.0,6.820855614973262,0.0,0.0,143.0,675.4516316164631,991.10711143844,0.04536078640163468,100.0,1.0,6.648914710815838
59,2037,2,27,2.819594302524464E18,160.32772034056956,0.0031671439539423577,0.0,44.56285387661573,0.0,301.60000000000383,251.47860962566844,732.6329761372931,0.0,0.0,6.89572192513369,0.0,0.0,103.0,742.9290640419214,910.6670469940013,0.04641703960189643,100.0,1.0,6.497613863071129
57,2037,2,27,5.866154019238748E17,164.38833767341234,0.006817100328669564,0.0,13.921159891911625,0.0,301.60000000000383,256.8168449197861,159.31466295898642,0.0,0.0,6.7633689839572195,0.0,0.0,143.0,668.6644161913579,982.4628145418558,0.04527047508147915,100.0,1.0,6.662178814275203
56,2037,2,27,5.182538500345593E18,164.32985879230483,0.006679767410939628,0.0,31.194359966194547,0.0,298.7000000000036,257.2446524064171,452.9697429799056,0.0,0.0,6.848930481283422,0.0,0.0,143.0,713.5098702380631,998.024992034278,0.04485113722457299,100.0,1.0,6.65980883615928
45,2037,2,27,8.237168610376572E18,164.40433819728773,0.003998147704134157,0.0,33.69192825760435,0.0,301.60000000000383,250.71657754010695,452.80008961154493,0.0,0.0,6.74331550802139,0.0,0.0,103.0,681.01576333346,890.035797089551,0.04526606916783157,100.0,1.0,6.662827268737895
49,2037,2,28,3.317868809496197E18,165.49526866025138,0.005670472630593815,1.0,39.19006701636409,1.0,304.49999999999994,258.35695187165777,626.383416239678,0.0,0.0,6.771390374331551,0.0,0.0,143.0,658.200428771597,971.1110572360639,0.04540006069476306,100.0,1.0,6.707039491582097
40,2037,3,1,3.5299406018237317E18,165.85238013661393,0.0047362528753211,1.0,48.81344198230328,1.0,307.3999999999961,260.61229946524065,903.7012945484715,0.0,0.0,6.922459893048129,0.0,0.0,143.0,612.0854066508338,946.646894391303,0.04573375632695301,100.0,1.0,6.721512175872402
48,2037,3,2,2.2093098651697398E18,172.40537737239558,0.00889493731818498,1.0,49.78083115072195,1.0,310.2999999999961,262.225935828877,983.9684058122757,0.0,0.0,6.945187165775401,0.0,0.0,143.0,641.9308739758561,991.9408628311049,0.04441050246603632,100.0,1.0,6.987085999247662
46,2037,7,5,6.646488575717851E18,135.0945294039149,4.272870264649643E-5,0.0,32.09235402290725,0.0,291.4514827014007,223.64304812834226,342.4647773842033,0.0,0.0,5.228609625668449,0.0,0.0,103.10000000000001,384.21440771707387,723.4825598205474,0.053366140419203685,100.0,1.0,5.461355841212803
53,2037,7,6,2.957751204712242E18,131.702394227401,4.015081872194084E-5,1.0,46.66368859873878,4.0,309.3110074830745,228.45855614973263,665.2884553846573,0.0,0.0,5.891711229946524,0.0,0.0,103.10000000000001,401.10838282932815,759.2890819554833,0.05809503180802597,100.0,1.0,5.324224772011269
58,2037,7,6,4.687141051879245E18,134.39898294670715,9.083916924671095E-5,1.0,36.37168586045469,1.0,289.40070948710496,226.17245989304814,412.9289704168916,0.0,0.0,5.434491978609626,0.0,0.0,103.10000000000001,336.41495100000594,721.3977204999334,0.053264873214636986,100.0,1.0,5.4332375545311296
47,2037,7,6,8.815097190336754E18,137.99142520664296,3.937594258611874E-5,1.0,38.250526450037114,1.0,308.5222795554983,228.39171122994654,456.2535009401124,0.0,0.0,5.878342245989304,0.0,0.0,103.10000000000001,290.08134209330603,735.5673565300792,0.05530593256254007,100.0,1.0,5.5784662740587665
44,2037,7,6,5.156518253817723E18,133.77494876655612,4.9304439397181415E-5,1.0,46.0348550874499,4.0,296.0854696369996,227.87700534759358,620.1575499102585,0.0,0.0,5.775401069518717,0.0,0.0,103.10000000000001,356.2479591728713,726.1258936406161,0.054749428479607225,100.0,1.0,5.408010236075504
41,2037,7,6,1.9955042617296404E18,139.1926075437796,4.126196431722607E-5,0.0,47.64316966723927,0.0,289.55660955972905,228.27807486631016,669.743967890546,0.0,0.0,5.855614973262032,0.0,0.0,103.10000000000001,311.8973178240626,735.2946119348876,0.05145820117049364,100.0,1.0,5.627025488130783
55,2037,7,7,8.661686022710631E18,138.929005500092,4.1999583397653194E-5,0.0,32.76242881859482,0.0,312.68127405751574,230.41978609625667,373.078126990087,0.0,0.0,5.983957219251337,0.0,0.0,103.10000000000001,377.5047889976729,764.1371123990608,0.055673206386031744,100.0,1.0,5.616369064311097
50,2037,7,7,2.52771244661108E18,134.3729063943704,1.3957017273099508E-4,1.0,41.96910851579545,1.0,298.6429765927049,230.5,505.5378603860181,0.0,0.0,6.0,0.0,0.0,103.10000000000001,226.3827891084634,697.8522008916361,0.05497660070548382,100.0,1.0,5.432183379117433
48,2037,7,8,2.2093098651697398E18,135.59335170802342,2.0059826895748459E-4,2.0,53.0869034554017,2.0,386.1503612467833,231.51871657754012,823.351589634126,0.0,0.0,5.903743315508021,0.0,0.0,103.10000000000001,283.10309617357416,726.7923168658778,0.07044583767541335,100.0,1.0,5.481521321756609
59,2037,7,8,2.819594302524464E18,142.08972262066627,6.394328325943738E-5,0.0,50.82105795664412,0.0,341.84023695136216,231.47860962566844,738.7125534919838,0.0,0.0,5.89572192513369,0.0,0.0,103.10000000000001,335.1229634142594,714.0289386355759,0.059511076012675045,100.0,1.0,5.744144785393477
43,2037,7,8,3.212672331395627E18,135.58783240664883,2.1183396434991194E-4,1.0,47.3708763963379,2.0,332.8119394443704,231.7125668449198,682.0341027545554,0.0,0.0,5.942513368983957,0.0,0.0,103.10000000000001,403.4950415694291,756.6020597300328,0.060717721870564026,100.0,1.0,5.481298197482566
51,2037,7,9,6.50369789014244E18,137.86774744531743,6.224908145489183E-5,1.0,41.99544153832391,2.0,346.5827683855151,233.40641711229947,553.0079718348271,0.0,0.0,5.981283422459893,0.0,0.0,103.10000000000001,383.6268465316988,762.7244126137344,0.06218441811968793,100.0,1.0,5.5734664545455495
57,2037,7,9,5.866154019238748E17,135.8545771198179,4.477691651866462E-5,2.0,19.353250713853107,3.0,346.73676347074075,233.4331550802139,182.6406887403404,0.0,0.0,5.9866310160427805,0.0,0.0,103.10000000000001,394.27705187405,758.6032086804331,0.06313394163951584,100.0,1.0,5.492081667426204
56,2037,7,9,5.182538500345593E18,141.5787201961262,4.158285382250887E-5,0.0,38.7040520606517,0.0,346.70621236362,233.4264705882353,483.0610147837916,0.0,0.0,5.985294117647059,0.0,0.0,103.10000000000001,398.87512761435977,763.9341430859812,0.06057604706184988,100.0,1.0,5.723486909101597
45,2037,7,9,8.237168610376572E18,136.34272645999482,5.5320179059627394E-5,1.0,32.97425881624562,3.0,346.7397358504646,233.45320855614975,366.67431157630057,0.0,0.0,5.990641711229946,0.0,0.0,103.10000000000001,393.4523159796615,744.1850276401809,0.06290844177865587,100.0,1.0,5.511815680802787
42,2037,7,9,2.853793568557007E18,139.36721096362407,4.9891397009052614E-5,1.0,39.477188777330134,2.0,336.19548295540415,233.4866310160428,517.9292797308487,0.0,0.0,5.997326203208556,0.0,0.0,103.10000000000001,435.61683826404175,793.0453926721858,0.0596717196117467,100.0,1.0,5.634084037511503
54,2037,7,10,7.887265943744844E18,137.83993704340313,5.671633573669917E-5,1.0,40.60965833126591,2.0,349.8246843309546,234.81283422459893,528.138579653408,0.0,0.0,5.962566844919786,0.0,0.0,103.10000000000001,417.5092135900037,771.4033074875399,0.0627787513114888,100.0,1.0,5.572342186215722
52,2037,7,10,3.00978221914696E18,135.23452569160813,2.2407870217360635E-4,1.0,38.98586724751581,2.0,349.45552094437573,235.02005347593584,493.709448493887,0.0,0.0,6.004010695187166,0.0,0.0,103.10000000000001,383.2254238980622,771.5106759203368,0.06392071325243641,100.0,1.0,5.467015356419788
49,2037,7,10,3.317868809496197E18,139.37864741041935,3.322529717251673E-5,1.0,43.10142947006384,1.0,361.05888114766543,234.87299465240642,578.8270681559161,0.0,0.0,5.974598930481283,0.0,0.0,103.10000000000001,407.8191069284866,763.2191054078792,0.06407949415592876,100.0,1.0,5.634546369374852
40,2037,7,10,3.5299406018237317E18,136.1409546134849,5.131120513042209E-5,1.0,51.69341693635262,3.0,373.53165696426043,233.4024064171123,783.5490185542315,0.0,0.0,5.68048128342246,0.0,0.0,103.10000000000001,369.0317604005466,731.5393805604203,0.0678696971365185,100.0,1.0,5.503658815699579
48,2037,11,10,2.2093098651697398E18,124.46511865144582,1.4866966625516354E-4,0.0,46.582727731158485,0.0,565.7440615726488,341.13235294117646,661.6343549910458,0.0,0.0,5.926470588235294,0.0,0.0,88.0,14.906999725726731,757.7472503320039,0.11271760206449366,100.0,1.0,5.019127902037402
53,2037,11,11,2.957751204712242E18,130.38525349937083,3.1012492380827115E-4,1.0,46.368006039400214,4.0,501.39944322443915,347.5494652406417,652.7254673598942,0.0,0.0,5.709893048128342,0.0,0.0,88.0,5.930029182955537,754.0953675404586,0.09536187162860416,100.0,1.0,5.257860764071271
57,2037,11,11,5.866154019238748E17,120.57895479364494,6.830945458331965E-5,1.0,12.970003373977628,5.0,605.4492076990798,341.9572192513369,108.43293632470392,0.0,0.0,5.791443850267379,0.0,0.0,88.0,2.2031462291824235,724.8976211659083,0.12451612442529554,100.0,1.0,4.8624160966584205
47,2037,11,11,8.815097190336754E18,128.29575612034625,1.6391380750965708E-4,1.0,29.11063196929785,2.0,511.99900908359564,348.7994652406417,322.1605646874275,0.0,0.0,5.959893048128342,0.0,0.0,88.0,0.0,783.1620758005355,0.09896376842264099,100.0,1.0,5.173600573666718
55,2037,11,12,8.661686022710631E18,125.32810596704192,7.696643144082784E-4,1.0,22.351286115734748,3.0,545.9822859979071,356.4398395721925,229.21451287251674,0.0,0.0,5.987967914438503,0.0,0.0,88.0,28.1236744495061,794.1164486989143,0.10803126728330258,100.0,1.0,5.05392836470312
52,2037,11,12,3.00978221914696E18,121.19676402376743,9.318657566354302E-5,1.0,31.509244285874868,4.0,647.3801797882188,355.7446524064171,356.7407561966926,0.0,0.0,5.848930481283422,0.0,0.0,88.0,0.0,774.323887968041,0.13246092064323847,100.0,1.0,4.88732961121288
50,2037,11,12,2.52771244661108E18,124.8644905709499,2.8875691229820403E-4,2.0,30.910852807484115,4.0,537.0853432588068,356.4131016042781,345.25887127429024,0.0,0.0,5.982620320855615,0.0,0.0,88.0,6.7692917516934195,770.1948407422714,0.1066654440786662,100.0,1.0,5.035232805693886
49,2037,11,12,3.317868809496197E18,119.4164674300665,7.074017422633922E-5,1.0,33.717064913497275,5.0,658.9030693668785,355.61096256684493,387.0744189515185,0.0,0.0,5.822192513368984,0.0,0.0,88.0,0.0,759.8989282726615,0.13682854392727717,100.0,1.0,4.8155381213226836
58,2037,11,12,4.687141051879245E18,122.54381406697186,1.5887547326243396E-4,2.0,25.395702777264464,4.0,508.690074750989,356.0655080213904,262.4465312457203,0.0,0.0,5.913101604278075,0.0,0.0,88.0,0.0,769.248778207946,0.10293931295745705,100.0,1.0,4.941650183358241
56,2037,11,12,5.182538500345593E18,121.51642861241106,3.1012492380827115E-4,1.0,28.117802232120336,1.0,622.6671201979991,356.26604278074865,300.6279162496198,0.0,0.0,5.9532085561497325,0.0,0.0,88.0,0.0,766.9993967921708,0.12706921032257823,100.0,1.0,4.900220270648529
46,2037,11,12,6.646488575717851E18,129.82662268049964,3.1012492380827115E-4,1.0,25.440968081442033,4.0,484.44962168561057,356.19919786096256,260.3601585290286,0.0,0.0,5.939839572192513,0.0,0.0,88.0,0.0,761.4721719837102,0.09253462219954879,100.0,1.0,5.235333653180169
45,2037,11,12,8.237168610376572E18,124.9810435203372,6.623770265020742E-5,1.0,26.660672552965107,2.0,609.5460469074662,356.16577540106954,271.247116506988,0.0,0.0,5.933155080213904,0.0,0.0,88.0,3.0829714119377023,744.5082756853045,0.12094328685204435,100.0,1.0,5.039932870793836
44,2037,11,12,5.156518253817723E18,128.72460373758608,1.1650072269281411E-4,1.0,41.1769413049269,3.0,507.66244551653847,356.2860962566845,532.498805510764,0.0,0.0,5.957219251336898,0.0,0.0,88.0,0.0,759.7352106110603,0.09779865193788656,100.0,1.0,5.190894101883559
43,2037,11,12,3.212672331395627E18,126.46320197515413,1.2444820377538964E-4,1.0,43.87040487261776,1.0,571.5804556285192,355.2700534759358,587.5871002220717,0.0,0.0,5.754010695187166,0.0,0.0,88.0,0.0,750.8942442873811,0.11208115330176475,100.0,1.0,5.099701767786141
42,2037,11,12,2.853793568557007E18,122.94307238997972,1.4451301202622139E-4,1.0,32.593027092793164,3.0,617.1057659632379,356.3529411764706,376.55571790048276,0.0,0.0,5.970588235294118,0.0,0.0,88.0,3.166307341500177,777.045347048003,0.12447293690862464,100.0,1.0,4.957750506170302
41,2037,11,12,1.9955042617296404E18,128.2546413177466,1.1351571149643889E-4,1.0,39.6215966372831,3.0,517.0585381818051,350.346256684492,512.1417387153301,0.0,0.0,5.969251336898396,0.0,0.0,88.0,5.233824693847966,779.2650435369355,0.09997375814546672,100.0,1.0,5.1719425954705
40,2037,11,12,3.5299406018237317E18,119.89366966774344,7.863208007309104E-5,1.0,43.86272470133966,3.0,649.8629878863347,356.03877005347596,584.190093454337,0.0,0.0,5.907754010695188,0.0,0.0,88.0,0.0,746.7647723425179,0.13441413587331721,100.0,1.0,4.834781577577662
54,2037,11,13,7.887265943744844E18,123.48390677722543,3.1012492380827115E-4,1.0,33.03367999213955,2.0,657.4437200799179,363.73262032085563,384.1138333644419,0.0,0.0,5.946524064171123,0.0,0.0,88.0,0.0,777.1836136796522,0.13202847733805023,100.0,1.0,4.979559965662381
51,2037,11,13,6.50369789014244E18,124.42045777567039,1.274136909647786E-4,1.0,33.928831373199046,2.0,616.237870381743,364.0601604278075,402.28829677623145,0.0,0.0,6.012032085561497,0.0,0.0,88.0,4.373163958140913,782.1558143087339,0.1228219487035142,100.0,1.0,5.0173269263892655
59,2037,11,13,2.819594302524464E18,129.7703484645074,1.438087284021447E-4,1.0,43.55252555063414,3.0,588.9097645362824,357.725935828877,576.7814930588956,0.0,0.0,5.945187165775401,0.0,0.0,88.0,12.79885818491691,746.7035538792471,0.11253631212998301,100.0,1.0,5.233064362870474
54,2038,2,23,7.887265943744844E18,150.47936841259917,0.03469733097903314,1.0,37.883975234629965,1.0,287.1000000000037,242.8957219251337,532.7875704560445,0.0,0.0,6.679144385026738,0.0,0.0,103.30000000000145,581.32158140582,872.4769244310215,0.04743045312453474,100.0,1.0,6.053073101498437
52,2038,2,23,3.00978221914696E18,154.03330117729456,0.03469733097903314,0.0,39.91288120663556,0.0,287.1000000000037,242.11363636363637,582.3848454529506,0.0,0.0,6.5227272727272725,0.0,0.0,103.30000000000145,601.4040484533347,875.551343543472,0.04633611417240381,100.0,1.0,6.196031003631085
47,2038,2,25,8.815097190336754E18,157.70133918946354,0.006910137805812045,0.0,27.271453465641425,0.0,292.8999999999962,246.33689839572193,358.0203890006998,0.0,0.0,6.767379679144385,0.0,0.0,103.30000000000145,730.0027661332143,953.3202282420385,0.04617267449626652,100.0,1.0,6.343578820059035
55,2038,2,26,8.661686022710631E18,159.11603476499056,0.007623425130571072,1.0,30.13747230970108,1.0,295.7999999999965,248.41176470588235,395.3339602209892,0.0,0.0,6.882352941176471,0.0,0.0,103.30000000000145,654.8918963669569,914.9050984867398,0.046215245365057535,100.0,1.0,6.400485330402361
46,2038,2,26,6.646488575717851E18,160.95422064978163,0.007623425130571072,0.0,28.406012085569323,0.0,295.7999999999965,248.13770053475935,359.48339079270716,0.0,0.0,6.827540106951871,0.0,0.0,103.30000000000145,685.8304538579655,904.8011151077276,0.04568744179861937,100.0,1.0,6.474426852433994
43,2038,2,26,3.212672331395627E18,158.80716759619685,0.007535697413894093,1.0,46.475530795766815,1.0,295.7999999999965,247.59625668449198,784.3101528463983,0.0,0.0,6.719251336898396,0.0,0.0,103.30000000000145,686.3031672346875,902.4744135371744,0.046305130300398144,100.0,1.0,6.388061065394585
53,2038,2,27,2.957751204712242E18,164.544806720351,0.008336712455330094,0.0,44.89359183350939,0.0,298.7000000000036,255.0360962566845,789.3862307948763,0.0,0.0,6.707219251336898,0.0,0.0,143.0,622.694210841828,968.1754740636362,0.04512862315343697,100.0,1.0,6.618859143662015
51,2038,2,27,6.50369789014244E18,160.1929681192428,0.008336712455330094,1.0,39.76202323184204,2.0,298.7000000000036,249.84491978609626,594.7510943916939,0.0,0.0,6.8689839572192515,0.0,0.0,103.30000000000145,628.2476850877244,900.2025843668949,0.04635459759263845,100.0,1.0,6.443805264473703
50,2038,2,27,2.52771244661108E18,159.36926487122147,0.008147937106878568,1.0,32.88303707945406,2.0,298.7000000000036,249.6577540106952,459.4835915563226,0.0,0.0,6.831550802139038,0.0,0.0,103.30000000000145,718.397278706949,936.6695145422185,0.04659418226179423,100.0,1.0,6.410671579591778
48,2038,2,27,2.2093098651697398E18,161.6828546665333,0.008336712455330094,0.0,49.451739419383486,0.0,298.7000000000036,249.95855614973263,902.0220512040802,0.0,0.0,6.891711229946524,0.0,0.0,103.30000000000145,642.5679540617284,921.3651086802396,0.045927445984629146,100.0,1.0,6.503736351896676
59,2038,2,27,2.819594302524464E18,158.92110735070227,0.004783084391710097,0.0,46.261420728993066,0.0,298.7000000000036,249.83155080213905,752.8818142642098,0.0,0.0,6.866310160427807,0.0,0.0,103.30000000000145,670.4350464163732,873.8235468702865,0.04672557785512459,100.0,1.0,6.39264432269068
44,2038,2,27,5.156518253817723E18,163.74863694723047,0.008336712455330094,0.0,41.948943329943525,0.0,298.7000000000036,249.8716577540107,673.0518858646697,0.0,0.0,6.874331550802139,0.0,0.0,103.30000000000145,768.776363093742,930.5407669797094,0.045348045106053884,100.0,1.0,6.586833000219621
42,2038,2,27,2.853793568557007E18,164.49008721808735,0.008142425417872683,0.0,29.436133033210112,0.0,295.7999999999965,255.68449197860963,429.49317768758704,0.0,0.0,6.836898395721925,0.0,0.0,143.0,734.209605256257,1028.0891459988695,0.04470534797899026,100.0,1.0,6.616658036953671
49,2038,2,28,3.317868809496197E18,164.37591496997695,0.009018987287708289,0.0,37.709595036237836,0.0,301.60000000000383,256.3288770053476,580.9665055896152,0.0,0.0,6.665775401069519,0.0,0.0,143.0,629.7336131250324,958.7243772035467,0.04561358372889323,100.0,1.0,6.612065427539734
45,2038,2,28,8.237168610376572E18,163.21529968204825,0.009018987287708289,0.0,27.64547363598627,0.0,301.60000000000383,257.4585561497326,368.6123768791178,0.0,0.0,6.891711229946524,0.0,0.0,143.0,659.7983203157353,963.4911236860287,0.04593793948914428,100.0,1.0,6.565379365160158
41,2038,2,28,1.9955042617296404E18,162.49227928199966,0.009018987287708289,0.0,42.41371215873121,0.0,301.60000000000383,257.61898395721926,731.918764734301,0.0,0.0,6.92379679144385,0.0,0.0,143.0,636.2529268244527,992.8686988030825,0.04614234346165055,100.0,1.0,6.5362956749404635
40,2038,2,28,3.5299406018237317E18,166.43853704184107,0.007046083818522102,0.0,42.69195269085779,0.0,301.60000000000383,257.1844919786096,730.2364204132595,0.0,0.0,6.836898395721925,0.0,0.0,143.0,705.5454688255094,979.3818824497723,0.04504830848526149,100.0,1.0,6.6950349556116775
58,2038,3,1,4.687141051879245E18,163.58739336077247,0.009701262120086483,1.0,26.868447613361017,1.0,304.49999999999994,259.23262032085563,360.10113197189236,0.0,0.0,6.946524064171123,0.0,0.0,143.0,612.2986933897033,978.7846293470731,0.046274155918363265,100.0,1.0,6.580346933549647
57,2038,3,1,5.866154019238748E17,166.61462198910098,0.009701262120086483,0.0,10.699085161408165,0.0,304.49999999999994,259.15909090909093,122.17990433489943,0.0,0.0,6.931818181818182,0.0,0.0,143.0,701.4091571525177,1016.2471996693622,0.04543339867943988,100.0,1.0,6.702118020015005
56,2038,3,2,5.182538500345593E18,172.99616385120495,0.010352524460083853,0.0,35.700350435031275,0.0,307.3999999999961,259.4024064171123,539.3771043038096,0.0,0.0,6.68048128342246,0.0,0.0,143.0,656.7002080532226,970.6438561420807,0.044174173361360904,100.0,1.0,6.958817259246746
54,2038,7,5,7.887265943744844E18,132.53870965842717,3.1012492380827115E-4,1.0,37.29194723041143,2.0,297.26987059903536,226.5173796791444,460.9336665747962,0.0,0.0,5.803475935828877,0.0,0.0,103.39999999999998,424.03079761504125,773.712924965635,0.05589724289913371,100.0,1.0,5.318149074641433
52,2038,7,5,3.00978221914696E18,128.76049384601643,5.5637768892764836E-5,2.0,40.095527306204524,4.0,298.3617630179738,226.97860962566844,487.84100751297296,0.0,0.0,5.89572192513369,0.0,0.0,103.39999999999998,300.5323024084501,727.8559687846212,0.057748773142209206,100.0,1.0,5.166547214487885
55,2038,7,7,8.661686022710631E18,137.807374309734,6.434127049964131E-5,1.0,28.860087425193484,1.0,328.51948307149127,230.27272727272728,327.1096366387044,0.0,0.0,5.954545454545454,0.0,0.0,103.39999999999998,479.0212850940667,804.8419749085809,0.05941155287134652,100.0,1.0,5.5295555694847405
53,2038,7,8,2.957751204712242E18,139.69113533857427,8.17408866126176E-5,0.0,47.62985757722558,0.0,343.5748410165374,231.9331550802139,709.4061219961799,0.0,0.0,5.9866310160427805,0.0,0.0,103.39999999999998,423.7349124598197,778.9746753831539,0.06129636747641215,100.0,1.0,5.605141954761848
51,2038,7,8,6.50369789014244E18,138.69752532384985,5.7923967838675964E-5,2.0,40.80946964133002,2.0,341.38750084853655,231.77272727272728,527.2971007792746,0.0,0.0,5.954545454545454,0.0,0.0,103.39999999999998,387.8221036451085,763.8383629748434,0.061342452479141524,100.0,1.0,5.565273102907316
49,2038,7,8,3.317868809496197E18,138.98137137206567,7.070791696495012E-5,1.0,44.01940287959356,1.0,354.30463845377534,230.97727272727272,572.077245276281,0.0,0.0,5.795454545454546,0.0,0.0,103.39999999999998,323.65811684165334,726.5088768912331,0.06353345547511623,100.0,1.0,5.576662497013778
59,2038,7,8,2.819594302524464E18,138.32099558718045,3.9526500612830873E-5,0.0,48.19639081817925,0.0,340.6548174064786,232.0,681.1386157840668,0.0,0.0,6.0,0.0,0.0,103.39999999999998,386.91318703999093,731.1850334440209,0.06137742438262458,100.0,1.0,5.550164752480475
47,2038,7,8,8.815097190336754E18,138.57374634523853,5.820662984389474E-5,1.0,30.519133792641746,1.0,322.45960229367023,231.90641711229947,351.2625600356709,0.0,0.0,5.981283422459893,0.0,0.0,103.39999999999998,408.26129972468914,798.1604843117082,0.05799313504732969,100.0,1.0,5.560306440245085
46,2038,7,8,6.646488575717851E18,136.2907802929737,7.676359500204733E-5,0.0,30.379980169062975,0.0,332.4067028119039,231.89973262032086,324.8707618361875,0.0,0.0,5.979946524064171,0.0,0.0,103.39999999999998,358.2753886561836,743.0222235452349,0.06078347508235806,100.0,1.0,5.468701852954478
42,2038,7,8,2.853793568557007E18,140.04236046059978,4.031785280918763E-5,0.0,37.9295501304553,0.0,343.5522982849564,231.91978609625667,469.9308738402779,0.0,0.0,5.983957219251337,0.0,0.0,103.39999999999998,370.4255636526828,767.9293105166682,0.06113862496781716,100.0,1.0,5.6192349511589335
41,2038,7,8,1.9955042617296404E18,134.20374303579126,1.2668501789553564E-4,1.0,45.61682214111696,1.0,353.25669174391186,231.7058823529412,648.6414667201778,0.0,0.0,5.9411764705882355,0.0,0.0,103.39999999999998,380.13890551760284,772.3330674950519,0.06560062843707785,100.0,1.0,5.384958957866464
40,2038,7,8,3.5299406018237317E18,138.97236293602785,6.204980468352763E-5,1.0,47.77225209223202,2.0,355.36219386425455,231.7860962566845,680.6697667010565,0.0,0.0,5.957219251336898,0.0,0.0,103.39999999999998,387.03616715614595,743.2729563029692,0.06372722560577572,100.0,1.0,5.576301031251035
50,2038,7,9,2.52771244661108E18,141.77274062013558,3.1012492380827115E-4,1.0,38.18615082228043,1.0,343.8294487893784,233.45320855614975,473.46069020318885,0.0,0.0,5.990641711229946,0.0,0.0,103.39999999999998,378.75246183128064,765.4500619809284,0.06044112889891836,100.0,1.0,5.688666890461264
48,2038,7,9,2.2093098651697398E18,137.4961028612754,3.6511057665207336E-5,1.0,49.468792852255774,1.0,345.10074629665115,233.4933155080214,765.6158662677909,0.0,0.0,5.998663101604278,0.0,0.0,103.39999999999998,380.2297115070447,781.1483716428539,0.06255150174794981,100.0,1.0,5.517065724292737
58,2038,7,9,4.687141051879245E18,139.19337155549823,7.24252507725995E-5,1.0,31.386421654245034,1.0,368.8533907154021,233.46657754010695,357.07977464065283,0.0,0.0,5.99331550802139,0.0,0.0,103.39999999999998,410.59831470084725,779.3197801931166,0.0660415802822844,100.0,1.0,5.585169057717819
45,2038,7,9,8.237168610376572E18,142.05039286154897,5.2297626274581996E-5,0.0,35.01872990744612,0.0,356.577558025153,233.12566844919786,405.3483173196254,0.0,0.0,5.925133689839572,0.0,0.0,103.39999999999998,402.7719758462675,751.1322823070567,0.06255957626251693,100.0,1.0,5.69980775651128
44,2038,7,9,5.156518253817723E18,139.51034537063282,8.850597140647005E-5,1.0,44.49766005771156,2.0,346.1087377161994,233.2192513368984,606.8988016542185,0.0,0.0,5.94385026737968,0.0,0.0,103.39999999999998,404.2641212507733,755.9308929506199,0.0618284530763556,100.0,1.0,5.5978877118075285
43,2038,7,9,3.212672331395627E18,137.17127517950289,5.21393617700523E-5,1.0,48.465875547067725,2.0,334.192314268094,233.47994652406416,704.801500571246,0.0,0.0,5.995989304812834,0.0,0.0,103.39999999999998,369.43130226266544,748.5528146815692,0.06071772809593867,100.0,1.0,5.504031931827957
57,2038,7,11,5.866154019238748E17,138.84941802136146,8.106569526565014E-6,1.0,17.509349767512756,4.0,376.46266400809054,236.96122994652407,166.12804524192774,0.0,0.0,6.092245989304812,0.0,0.0,103.39999999999998,403.25265127757876,780.228931985221,0.06757095835632812,100.0,1.0,5.571367835614459
56,2038,7,11,5.182538500345593E18,141.16076741341686,4.619078400480652E-5,1.0,38.52604574623369,2.0,394.6724364358661,236.41978609625667,473.9577144990893,0.0,0.0,5.983957219251337,0.0,0.0,103.39999999999998,376.44725091041636,755.1199411015549,0.06967949864096908,100.0,1.0,5.664111311556032
55,2038,11,10,8.661686022710631E18,126.20688982099308,8.750703267727742E-5,2.0,26.392672774480637,2.0,536.7048730116859,340.8917112299465,273.34120014320337,0.0,0.0,5.878342245989304,0.0,0.0,88.0,0.0,760.7473528954594,0.10624669833518319,100.0,1.0,5.051496953990128
56,2038,11,10,5.182538500345593E18,114.3639259118161,1.0927587167310467E-4,1.0,24.770641010507834,3.0,703.7186078146657,346.9451871657754,246.50991286992706,0.0,0.0,5.88903743315508,0.0,0.0,88.0,0.0,746.774523022857,0.15373506939584025,100.0,1.0,4.577476112510909
44,2038,11,10,5.156518253817723E18,119.20838796927161,7.696643144082784E-4,1.0,34.402205437101465,4.0,610.1287473943947,341.20588235294116,400.0585114438514,0.0,0.0,5.9411764705882355,0.0,0.0,88.0,61.72071450914522,761.5539206034268,0.12787264304072507,100.0,1.0,4.77137824702724
42,2038,11,10,2.853793568557007E18,120.9093490491931,5.3030937723712575E-5,1.0,27.995656977928444,4.0,574.281206149248,346.798128342246,298.8410098155124,0.0,0.0,5.859625668449198,0.0,0.0,88.0,10.675233362364455,767.2427242623835,0.11866637879703539,100.0,1.0,4.839460106316105
54,2038,11,11,7.887265943744844E18,130.85849607220615,1.7600733473795176E-4,1.0,36.2873708708179,2.0,476.9944972117373,348.69251336898395,441.6896593076279,0.0,0.0,5.938502673796791,0.0,0.0,88.0,11.875902018199897,774.2754418928567,0.09106980633561991,100.0,1.0,5.23767993371884
53,2038,11,11,2.957751204712242E18,126.24955419002605,3.1012492380827115E-4,1.0,42.81424175050955,2.0,576.3743713413726,354.5855614973262,574.8183887549044,0.0,0.0,5.9171122994652405,0.0,0.0,88.0,0.0,767.0018147240115,0.11406115820412159,100.0,1.0,5.0532046177359025
51,2038,11,11,6.50369789014244E18,124.32265108992559,9.697464784498783E-5,1.0,33.22384208698256,2.0,574.1246279846983,354.4117647058824,383.93922582383294,0.0,0.0,5.882352941176471,0.0,0.0,88.0,15.989840143431291,770.5041140736379,0.11537690461691903,100.0,1.0,4.976079310594608
50,2038,11,11,2.52771244661108E18,123.88016219215592,3.1012492380827115E-4,0.0,29.63552776275146,0.0,618.6906363024679,348.81951871657753,320.4405078814652,0.0,0.0,5.963903743315508,0.0,0.0,88.0,0.0,759.4216315557536,0.12477705947909053,100.0,1.0,4.9583684603991225
59,2038,11,11,2.819594302524464E18,123.4984574628284,9.335488374722187E-5,1.0,42.208411439660786,3.0,573.3396839177294,348.5922459893048,531.3023475962094,0.0,0.0,5.918449197860962,0.0,0.0,88.0,0.0,726.5420525088599,0.11598810109200372,100.0,1.0,4.943090528423659
58,2038,11,11,4.687141051879245E18,121.84672012517014,7.680161560383139E-5,1.0,21.65374096554683,4.0,612.2041511572303,354.4652406417112,215.25058036127948,0.0,0.0,5.893048128342246,0.0,0.0,88.0,0.0,777.0553938135512,0.12552938341932843,100.0,1.0,4.876978875234131
57,2038,11,11,5.866154019238748E17,119.1761132802777,2.7640367540844135E-4,1.0,5.252794787861283,1.0,699.3471984545466,348.77272727272725,43.01206874279891,0.0,0.0,5.954545454545454,0.0,0.0,88.0,50.738075583750415,767.2386118028143,0.14661101174694924,100.0,1.0,4.770086435673881
47,2038,11,11,8.815097190336754E18,121.85374751019368,3.1012492380827115E-4,1.0,21.1703548297609,3.0,573.8915893458011,348.75267379679144,213.90342733988993,0.0,0.0,5.9505347593582885,0.0,0.0,88.0,0.0,794.3207182066488,0.11766679891889488,100.0,1.0,4.877260150005201
45,2038,11,11,8.237168610376572E18,120.47310294428506,1.4505375295054777E-4,1.0,24.441982141076355,3.0,619.4046960509302,348.82620320855614,239.5481833602581,0.0,0.0,5.96524064171123,0.0,0.0,88.0,0.0,738.8266461467125,0.1284539212294107,100.0,1.0,4.821999127178936
43,2038,11,11,3.212672331395627E18,122.47679397831729,1.3321517345716118E-4,1.0,41.81136292654151,1.0,607.219731131069,354.77272727272725,541.6043309905184,0.0,0.0,5.954545454545454,0.0,0.0,88.0,0.0,752.8341056610599,0.1238668332195198,100.0,1.0,4.902197911647095
40,2038,11,11,3.5299406018237317E18,122.92486032295561,7.0132275849903E-5,1.0,41.202552107203786,3.0,574.7804999580435,348.77941176470586,518.0272182854196,0.0,0.0,5.955882352941177,0.0,0.0,88.0,0.0,738.358712336977,0.11682217056680977,100.0,1.0,4.920132002078583
52,2038,11,12,3.00978221914696E18,130.53429071194716,1.0420864375277925E-4,1.0,36.76307585288493,4.0,474.4454627801551,355.8248663101604,452.3609386514471,0.0,0.0,5.864973262032086,0.0,0.0,88.0,0.0,777.0202932259131,0.09080811338905177,100.0,1.0,5.224703444145733
49,2038,11,12,3.317868809496197E18,125.94876467832506,3.1012492380827115E-4,1.0,34.895785026561704,2.0,577.7017946511357,355.7914438502674,409.9353456405037,0.0,0.0,5.858288770053476,0.0,0.0,88.0,0.0,763.9544817014948,0.11459687461554499,100.0,1.0,5.041165359781731
48,2038,11,12,2.2093098651697398E18,123.87179263930832,3.1012492380827115E-4,1.0,43.31151290662768,1.0,610.9161227414764,356.4866310160428,602.4547904893758,0.0,0.0,5.997326203208556,0.0,0.0,88.0,0.0,787.5791943746942,0.1232174262429548,100.0,1.0,4.958033464657008
46,2038,11,12,6.646488575717851E18,128.62679491226737,1.2282732092125078E-4,1.0,23.339516862615575,1.0,571.7942840342588,355.831550802139,235.07057324465057,0.0,0.0,5.866310160427807,0.0,0.0,88.0,19.465932780997218,770.2671207514258,0.11106349356885245,100.0,1.0,5.1483549243818985
41,2038,11,12,1.9955042617296404E18,127.51740730172351,1.1494622824620871E-4,1.0,42.39566319817349,3.0,567.3731614250564,349.677807486631,571.3341138099277,0.0,0.0,5.8355614973262036,0.0,0.0,88.0,0.0,775.4885079842916,0.11116351820868331,100.0,1.0,5.1039511034541665
50,2039,2,21,2.52771244661108E18,148.99090885926054,0.03541061830379216,0.0,34.50537981946121,0.0,281.2999999999969,238.83288770053477,450.1953919019734,0.0,0.0,6.466577540106952,0.0,0.0,103.60000000000002,547.6687636992391,853.4281187425132,0.04728824762078146,100.0,1.0,5.948623900293903
51,2039,2,22,6.50369789014244E18,152.83709347191018,0.03541061830379216,0.0,40.30787325486172,0.0,284.2000000000032,240.13235294117646,562.7864369740777,0.0,0.0,6.426470588235294,0.0,0.0,103.60000000000002,489.0714067595347,832.5832837385583,0.046573466205678545,100.0,1.0,6.102186999458324
48,2039,2,22,2.2093098651697398E18,151.09652159250484,0.03501653253987147,1.0,45.72295736083399,1.0,284.2000000000032,240.1590909090909,743.2189067228426,0.0,0.0,6.431818181818182,0.0,0.0,103.60000000000002,597.7339222657157,881.3552286997855,0.047109974026968156,100.0,1.0,6.032692776211522
59,2039,2,22,2.819594302524464E18,152.7063629963013,0.03541061830379216,1.0,49.542933146303504,2.0,284.2000000000032,241.10828877005346,769.8881742625229,0.0,0.0,6.621657754010696,0.0,0.0,103.60000000000002,467.9201099147321,783.5406173507956,0.046613337310381496,100.0,1.0,6.096967443193722
42,2039,2,22,2.853793568557007E18,149.51119899397048,0.03541061830379216,1.0,38.697152575209934,2.0,284.2000000000032,239.8181818181818,520.4998584527003,0.0,0.0,6.363636363636363,0.0,0.0,103.60000000000002,454.2656813739463,823.7322380910332,0.047609498523754054,100.0,1.0,5.969397049166687
58,2039,2,23,4.687141051879245E18,154.13931860000255,0.0161692321021882,0.0,35.326337540915056,0.0,287.1000000000037,242.16042780748663,449.16653746545404,0.0,0.0,6.532085561497326,0.0,0.0,103.60000000000002,457.5476556614367,821.2982768925604,0.04665122104798277,100.0,1.0,6.1541797524379716
43,2039,2,23,3.212672331395627E18,154.77665091916057,0.03541061830379216,1.0,46.31078290820499,1.0,287.1000000000037,243.08288770053477,738.2009072968871,0.0,0.0,6.716577540106952,0.0,0.0,103.60000000000002,561.1685945597711,855.0587787785283,0.04645912275198337,100.0,1.0,6.179625937679748
56,2039,2,25,5.182538500345593E18,156.80894776773903,0.007778487592475206,0.0,31.855522620543052,0.0,292.8999999999962,246.1831550802139,426.9575412077768,0.0,0.0,6.7366310160427805,0.0,0.0,103.60000000000002,686.5211102393768,911.9287224829377,0.04678340082909004,100.0,1.0,6.2607675972515064
44,2039,2,25,5.156518253817723E18,158.13450525039065,0.007778487592475206,0.0,40.788115414310234,0.0,292.8999999999962,246.41711229946523,613.221585335161,0.0,0.0,6.783422459893048,0.0,0.0,103.60000000000002,665.1571859057447,889.403711776646,0.046391240453119514,100.0,1.0,6.3136919198352786
41,2039,2,25,1.9955042617296404E18,159.64467853364937,0.007778487592475206,0.0,41.402655596704115,0.0,292.8999999999962,245.74866310160428,682.5626667234717,0.0,0.0,6.649732620320855,0.0,0.0,103.60000000000002,781.3453912952681,965.1497009405731,0.045952398315986985,100.0,1.0,6.373987228825343
55,2039,2,26,8.661686022710631E18,161.85878110587547,0.008491774917234228,1.0,30.87991122195013,1.0,295.7999999999965,247.8168449197861,408.6490838738697,0.0,0.0,6.7633689839572195,0.0,0.0,103.60000000000002,658.1610790931618,913.4569520744816,0.04577255569820328,100.0,1.0,6.4623876794279065
54,2039,2,26,7.887265943744844E18,158.43898184020918,0.00422400494605902,1.0,41.926042292520535,2.0,295.7999999999965,247.86363636363637,652.2378019819963,0.0,0.0,6.7727272727272725,0.0,0.0,103.60000000000002,621.7573861097458,902.714850869664,0.04676052564440165,100.0,1.0,6.32584847846788
45,2039,2,26,8.237168610376572E18,156.28704353389668,0.008444006945849899,0.0,26.905832609897526,0.0,295.7999999999965,248.4318181818182,329.6772542737663,0.0,0.0,6.886363636363637,0.0,0.0,103.60000000000002,648.2122379817913,894.155202153717,0.04740437790548599,100.0,1.0,6.239930003717321
52,2039,2,27,3.00978221914696E18,161.5625894609555,0.009205062241993248,1.0,37.892186573549075,1.0,298.7000000000036,249.47727272727272,551.9020023379496,0.0,0.0,6.795454545454546,0.0,0.0,103.60000000000002,605.1971334896358,903.688841869703,0.04630604346451228,100.0,1.0,6.4505619062211474
49,2039,2,27,3.317868809496197E18,161.03653741307366,0.009205062241993248,0.0,37.57352611637428,0.0,298.7000000000036,248.6951871657754,549.4410022268412,0.0,0.0,6.63903743315508,0.0,0.0,103.60000000000002,712.1249524435144,911.8977259527193,0.04645730968884327,100.0,1.0,6.429558706705234
53,2039,2,28,2.957751204712242E18,167.1537615616216,0.009887337074371446,1.0,47.58469661743827,1.0,301.60000000000383,256.8168449197861,890.8344947847456,0.0,0.0,6.7633689839572195,0.0,0.0,143.0,640.7871332777581,980.4761941788904,0.04519167523154657,100.0,1.0,6.673795526603282
57,2039,2,28,5.866154019238748E17,164.5247062704947,0.009887337074371446,0.0,7.081010442078403,0.0,301.60000000000383,257.53208556149735,78.34939425185213,0.0,0.0,6.906417112299465,0.0,0.0,143.0,716.4671884519478,1023.4017506923262,0.045913824600936855,100.0,1.0,6.568827637892962
47,2039,3,1,8.815097190336754E18,164.97751640224305,0.01053859941436882,0.0,23.33141567722356,0.0,304.49999999999994,258.7580213903743,316.18568967670507,0.0,0.0,6.851604278074866,0.0,0.0,143.0,675.232155751626,1037.5521564590372,0.04622807330930563,100.0,1.0,6.58690657433704
46,2039,3,1,6.646488575717851E18,167.88909224311644,0.01053859941436882,0.0,28.355197223986252,0.0,304.49999999999994,258.6844919786096,382.34071283410344,0.0,0.0,6.836898395721925,0.0,0.0,143.0,610.9479564614459,964.6026977484605,0.04542637416602479,100.0,1.0,6.703154402927035
40,2039,3,2,3.5299406018237317E18,170.704748799427,0.011189861754366186,0.0,47.80299483021013,0.0,307.3999999999961,260.5187165775401,835.2058617954069,0.0,0.0,6.903743315508021,0.0,0.0,143.0,535.0323033286879,911.2906497394333,0.04510259376604884,100.0,1.0,6.8155725498739
51,2039,7,5,6.50369789014244E18,138.8993792417502,7.010057048107396E-5,1.0,39.596279520335386,1.0,292.1241022678892,225.88903743315507,501.2408226808473,0.0,0.0,5.677807486631016,0.0,0.0,103.69999999999852,401.94430480471914,763.731390722172,0.05280684090936519,100.0,1.0,5.531936719510931
58,2039,7,5,4.687141051879245E18,134.80488602290066,3.1012492380827115E-4,1.0,32.891357013338975,2.0,298.14755502678855,226.3168449197861,364.95268162840955,0.0,0.0,5.7633689839572195,0.0,0.0,103.69999999999852,344.95788430029086,743.3923962161388,0.05553269112787863,100.0,1.0,5.36886559918779
42,2039,7,5,2.853793568557007E18,133.29549622090147,2.61399969494497E-5,1.0,36.86246098097844,2.0,291.39619997303686,227.39304812834226,441.11963075175424,0.0,0.0,5.978609625668449,0.0,0.0,103.69999999999852,342.99743269599264,754.3434510625862,0.05488978244964341,100.0,1.0,5.308751227796676
50,2039,7,6,2.52771244661108E18,135.84546791385833,7.451343676315979E-5,1.0,38.69824792076058,1.0,289.3477972826682,228.51871657754012,459.2552597569893,0.0,0.0,5.903743315508021,0.0,0.0,103.69999999999852,291.51700765071814,726.3980701292853,0.05348082866084319,100.0,1.0,5.410308787801537
48,2039,7,6,2.2093098651697398E18,132.8029552782887,4.734731661194977E-5,2.0,48.91194928287396,4.0,294.633557219075,227.3957219251337,697.1606104487789,0.0,0.0,5.679144385026738,0.0,0.0,103.69999999999852,278.5055029202759,727.1770715935501,0.055705435128540856,100.0,1.0,5.289134831084347
59,2039,7,6,2.819594302524464E18,134.94973395371312,9.114887250419446E-6,1.0,49.70588402968951,2.0,295.02971396917775,227.63636363636363,681.1595305872191,0.0,0.0,5.7272727272727275,0.0,0.0,103.69999999999852,297.39922083940303,688.2281157259939,0.05489298235938464,100.0,1.0,5.37463444849137
47,2039,7,6,8.815097190336754E18,137.89609949060048,4.9414423806289214E-5,1.0,30.73140690002602,2.0,360.56615741818894,228.7125668449198,347.2584909404582,0.0,0.0,5.942513368983957,0.0,0.0,103.69999999999852,355.65029178406246,781.4504039427101,0.06565322752663207,100.0,1.0,5.491979160840589
43,2039,7,6,3.212672331395627E18,128.829865527192,4.24015482373901E-5,1.0,46.93005998874545,5.0,301.29163434295424,228.76604278074868,621.3115491403081,0.0,0.0,5.9532085561497325,0.0,0.0,103.69999999999852,250.0634725350633,701.5604751277212,0.05872102409366787,100.0,1.0,5.130898838929545
53,2039,7,7,2.957751204712242E18,136.7584808816092,4.8639417159390086E-5,1.0,48.538418884778544,1.0,352.47106907967117,230.33957219251337,741.7433364847611,0.0,0.0,5.967914438502674,0.0,0.0,103.69999999999852,443.00700004767697,785.4856858614772,0.06471311556305095,100.0,1.0,5.446671297045703
52,2039,7,7,3.00978221914696E18,133.01456576795775,8.23923814580954E-5,1.0,36.926011481966434,5.0,338.85088105760974,230.36631016042782,441.853921613072,0.0,0.0,5.973262032085562,0.0,0.0,103.69999999999852,330.1144817401597,753.558783645176,0.06396354414588279,100.0,1.0,5.297562628562084
45,2039,7,7,8.237168610376572E18,135.02362779519586,1.3746672154621944E-4,1.0,27.593349274819605,3.0,326.5187045790098,230.4398395721925,291.45643274724057,0.0,0.0,5.987967914438503,0.0,0.0,103.69999999999852,415.05122441454904,763.2435033167941,0.060718550278951997,100.0,1.0,5.377577413803917
44,2039,7,7,5.156518253817723E18,137.39270194220018,6.331664430548615E-5,1.0,40.74548704526918,1.0,319.39707311441055,230.41978609625667,531.0759527190377,0.0,0.0,5.983957219251337,0.0,0.0,103.69999999999852,448.04763482819686,771.2145479246351,0.058370090809801704,100.0,1.0,5.471930378781873
55,2039,7,8,8.661686022710631E18,135.70697453091768,4.166105908225028E-5,1.0,31.06858706353783,3.0,332.48963672707066,231.94652406417111,343.94816928154654,0.0,0.0,5.989304812834225,0.0,0.0,103.69999999999852,351.1422701983262,761.7901166507104,0.061517552190334335,100.0,1.0,5.4047930206708
54,2039,7,8,7.887265943744844E18,136.78851828664173,5.498668861848781E-5,1.0,40.60781745524034,3.0,330.68717140251505,231.33155080213905,544.2198151320251,0.0,0.0,5.866310160427807,0.0,0.0,103.69999999999852,445.0764157156055,794.916934324951,0.06070029523376923,100.0,1.0,5.447867594860474
57,2039,7,8,5.866154019238748E17,134.30240498672612,1.0798221581067934E-4,1.0,14.71497824476653,1.0,354.0002531085408,232.0,132.41649606100768,0.0,0.0,6.0,0.0,0.0,103.69999999999852,380.05589174881413,764.7154722608819,0.06618245668672049,100.0,1.0,5.348853319003055
56,2039,7,8,5.182538500345593E18,141.19883619432397,3.888226226282235E-5,1.0,34.835464588528474,1.0,321.59187480848675,231.73930481283423,419.3355923261887,0.0,0.0,5.947860962566845,0.0,0.0,103.69999999999852,436.9309903427274,783.2724917667198,0.05718696542382967,100.0,1.0,5.6235170449257685
49,2039,7,9,3.317868809496197E18,135.8124276242825,3.1012492380827115E-4,1.0,37.83579490895304,2.0,344.38831636414807,233.4933155080214,465.5578704672946,0.0,0.0,5.998663101604278,0.0,0.0,103.69999999999852,397.6691147092301,763.8221161620785,0.06366958195255677,100.0,1.0,5.4089928942955545
46,2039,7,9,6.646488575717851E18,140.22196211054808,9.015259413031138E-5,1.0,32.6861723776418,2.0,370.983057159623,233.27272727272728,367.20743034267457,0.0,0.0,5.954545454545454,0.0,0.0,103.69999999999852,369.19199616112707,754.9739678004323,0.06642952349850068,100.0,1.0,5.584611143086042
40,2039,7,9,3.5299406018237317E18,141.44109651143256,3.573691216965559E-5,1.0,50.56093505872037,2.0,386.75125539940933,233.44652406417111,730.2559715482699,0.0,0.0,5.989304812834225,0.0,0.0,103.69999999999852,317.4769207744122,713.2476925998849,0.0686561140911607,100.0,1.0,5.633165531126419
41,2039,7,10,1.9955042617296404E18,141.68749541035143,3.531370118518232E-5,1.0,45.525489342829545,1.0,328.8432870560867,234.9398395721925,664.5412307118772,0.0,0.0,5.987967914438503,0.0,0.0,103.69999999999852,407.36095083306884,794.201264138333,0.05827476872161286,100.0,1.0,5.6429788443609175
56,2039,11,9,5.182538500345593E18,120.49263031981862,1.5475295599215124E-4,1.0,26.959924856952885,2.0,572.6124542197172,339.5187165775401,276.39250001223047,0.0,0.0,5.903743315508021,0.0,0.0,88.0,1.5061549435145025,747.3107565442391,0.11961972725612549,100.0,1.0,4.7869399751569395
55,2039,11,10,8.661686022710631E18,120.34000995188788,1.724832724183933E-4,1.0,20.460471067161443,3.0,563.4744797367983,347.19251336898395,200.59526019196508,0.0,0.0,5.938502673796791,0.0,0.0,88.0,0.0,777.4992469189476,0.11786007453512609,100.0,1.0,4.780876662086828
51,2039,11,10,6.50369789014244E18,129.8515961197594,6.677969935578622E-5,1.0,36.02653911222955,2.0,482.64618232913193,341.225935828877,425.4712317173052,0.0,0.0,5.945187165775401,0.0,0.0,88.0,6.780174035076022,754.1662717955064,0.09355868009919897,100.0,1.0,5.158753648698217
49,2039,11,10,3.317868809496197E18,122.3173476319689,3.1012492380827115E-4,1.0,31.27510035626853,3.0,599.6014222307463,347.11898395721926,345.84356101210295,0.0,0.0,5.92379679144385,0.0,0.0,88.0,6.41393875028584,758.629887288874,0.12338918691614177,100.0,1.0,4.859432477160658
45,2039,11,10,8.237168610376572E18,124.70760988513491,2.0695779255839458E-4,2.0,23.211091260929432,2.0,530.2765770595265,340.951871657754,226.00971170719188,0.0,0.0,5.890374331550802,0.0,0.0,88.0,29.208734909539285,745.6914033795622,0.10703159361063386,100.0,1.0,4.95439298968676
44,2039,11,10,5.156518253817723E18,126.97318100170862,1.0775709652823875E-4,1.0,37.750863805833376,3.0,534.7288260188901,346.8449197860963,453.5898632726061,0.0,0.0,5.8689839572192515,0.0,0.0,88.0,0.0,746.9506112840336,0.10600445069192624,100.0,1.0,5.0443997636753695
43,2039,11,10,3.212672331395627E18,121.17636638994458,7.106437300831141E-5,1.0,39.643336812723774,5.0,491.85614146192347,347.17245989304814,492.50290574268314,0.0,0.0,5.934491978609626,0.0,0.0,88.0,0.0,748.6914796245173,0.10216983127507902,100.0,1.0,4.814103491447144
42,2039,11,10,2.853793568557007E18,131.44985982160978,3.1012492380827115E-4,1.0,34.33494931951003,1.0,474.34778021329333,347.17914438502675,404.1839910629559,0.0,0.0,5.935828877005347,0.0,0.0,88.0,9.32436513165409,771.8000238694902,0.09083207772306968,100.0,1.0,5.222249585212534
54,2039,11,11,7.887265943744844E18,123.73127357598106,1.2576030973571422E-4,1.0,35.923510260670845,3.0,568.6478796998739,348.61229946524065,434.4712295060026,0.0,0.0,5.922459893048129,0.0,0.0,88.0,0.0,773.83040900581,0.11568217467609687,100.0,1.0,4.91560502983328
53,2039,11,11,2.957751204712242E18,129.3326747406921,2.1839783366779656E-4,1.0,47.201661131085814,1.0,536.4386316982291,348.65909090909093,680.4341623180864,0.0,0.0,5.931818181818182,0.0,0.0,88.0,0.0,760.2830936819613,0.10440331534195406,100.0,1.0,5.138137902433672
52,2039,11,11,3.00978221914696E18,129.45299639356867,1.862875145039676E-5,1.0,33.02254783050276,2.0,529.5032716803,348.62566844919786,383.706858102198,0.0,0.0,5.925133689839572,0.0,0.0,88.0,7.962434553028284,776.8097813220361,0.1029577501629497,100.0,1.0,5.142918049804537
50,2039,11,11,2.52771244661108E18,129.90891551010188,6.941023361868199E-5,1.0,32.75570979585346,2.0,506.2483728494292,348.55213903743316,370.8799391679322,0.0,0.0,5.910427807486631,0.0,0.0,88.0,0.0,760.1448577988502,0.0980905537631826,100.0,1.0,5.161030837603906
48,2039,11,11,2.2093098651697398E18,127.18446558968246,9.14822784095195E-5,1.0,41.58050416900202,5.0,501.2995776845725,354.65909090909093,566.183235277346,0.0,0.0,5.931818181818182,0.0,0.0,88.0,32.21459889708809,794.508954763551,0.09921235817817886,100.0,1.0,5.052793693143262
59,2039,11,11,2.819594302524464E18,126.13664320822578,1.721004016694068E-4,1.0,43.00725675712845,5.0,504.79060324998784,348.5855614973262,549.4731654668573,0.0,0.0,5.9171122994652405,0.0,0.0,88.0,0.0,727.3073317468749,0.10073316878886573,100.0,1.0,5.0111657294134835
58,2039,11,11,4.687141051879245E18,130.21780874946762,8.152600520722165E-5,1.0,27.373747603217677,3.0,479.4023939708975,348.67914438502675,292.7573805128345,0.0,0.0,5.935828877005347,0.0,0.0,88.0,9.852807920806315,775.215794540897,0.09266853956870279,100.0,1.0,5.1733025706688425
47,2039,11,11,8.815097190336754E18,127.43451801979171,6.24496423294948E-5,1.0,23.003656947570835,2.0,509.6887627751398,348.73262032085563,239.75475156077545,0.0,0.0,5.946524064171123,0.0,0.0,88.0,2.2916005884649007,800.7346105438747,0.10067473178251492,100.0,1.0,5.062727794261301
46,2039,11,11,6.646488575717851E18,122.27571865427892,3.1012492380827115E-4,1.0,22.149782224882507,5.0,613.2999442853697,348.5922459893048,216.5597671690724,0.0,0.0,5.918449197860962,0.0,0.0,88.0,0.8186647851963501,759.5706534300502,0.126251109812628,100.0,1.0,4.857778638109252
41,2039,11,11,1.9955042617296404E18,123.09045076310045,7.110999812168009E-6,1.0,37.23783527601725,3.0,659.0118944377915,354.60561497326205,471.1157916953512,0.0,0.0,5.921122994652406,0.0,0.0,88.0,0.0,793.0151787257925,0.1347632246486641,100.0,1.0,4.8901463745459886
57,2039,11,12,5.866154019238748E17,130.38938412281922,3.1012492380827115E-4,1.0,12.602790584616214,2.0,566.3523297994712,355.9251336898396,109.91321085778054,0.0,0.0,5.885026737967914,0.0,0.0,88.0,5.357302533708655,758.917922521394,0.10933191640954512,100.0,1.0,5.180118929572027
40,2039,11,12,3.5299406018237317E18,123.84134687087963,9.409129969911138E-5,1.0,40.89365393630861,3.0,619.2386680606655,355.1697860962567,515.8989376470186,0.0,0.0,5.733957219251337,0.0,0.0,88.0,16.085053511149486,744.8497966389615,0.12586207993681653,100.0,1.0,4.91997802969351
47,2040,2,21,8.815097190336754E18,153.26969379216902,0.03615491812093203,0.0,30.113604731002273,0.0,281.2999999999969,238.63235294117646,391.98413688767994,0.0,0.0,6.426470588235294,0.0,0.0,103.89999999999996,607.5761762120496,908.2376178300789,0.04631214641026526,100.0,1.0,6.0740004902395475
41,2040,2,21,1.9955042617296404E18,151.36232971962863,0.03615491812093203,0.0,48.17724346277019,0.0,281.2999999999969,238.13770053475935,794.5307476521069,0.0,0.0,6.327540106951871,0.0,0.0,103.89999999999996,524.2335742622807,853.9536879148934,0.04689574025655967,100.0,1.0,5.998412616178913
55,2040,2,22,8.661686022710631E18,148.41109429660798,0.03615491812093203,0.0,22.639978448399415,0.0,284.2000000000032,240.18582887700535,252.39008219308437,0.0,0.0,6.43716577540107,0.0,0.0,103.89999999999996,559.3563936981193,860.7158467818573,0.04832136271703565,100.0,1.0,5.881456648154684
45,2040,2,24,8.237168610376572E18,158.13522744479215,0.007871525069617687,0.0,24.84840434005688,0.0,290.00000000000006,243.96791443850267,294.4448491846073,0.0,0.0,6.593582887700535,0.0,0.0,103.89999999999996,660.2925052868669,889.0129964683142,0.04627546990091879,100.0,1.0,6.266819129463711
40,2040,2,24,3.5299406018237317E18,154.66453651343474,0.004679860326764381,1.0,42.82439614480207,1.0,290.00000000000006,244.02807486631016,648.2126720463623,0.0,0.0,6.605614973262032,0.0,0.0,103.89999999999996,640.3021176005713,864.6824447243647,0.04731389705008925,100.0,1.0,6.1292774022184044
52,2040,2,25,3.00978221914696E18,153.10665748244924,0.008615824886757537,0.0,36.082656511142865,0.0,292.8999999999962,246.28342245989305,500.29271120961425,0.0,0.0,6.75668449197861,0.0,0.0,103.89999999999996,551.3559761965918,885.0390341524052,0.04827327497710239,100.0,1.0,6.067539443696919
50,2040,2,25,2.52771244661108E18,159.70315768141342,0.008615824886757537,1.0,34.653334850356096,1.0,292.8999999999962,244.4318181818182,473.6764151134256,0.0,0.0,6.386363636363637,0.0,0.0,103.89999999999996,625.8084089266331,892.2427877135862,0.046279359060759986,100.0,1.0,6.328955412183842
59,2040,2,25,2.819594302524464E18,158.9666406022322,0.008615824886757537,0.0,44.98264070463594,0.0,292.8999999999962,246.61096256684493,737.0368459238571,0.0,0.0,6.822192513368984,0.0,0.0,103.89999999999996,756.7186645156369,900.4162515508332,0.04649377850267986,100.0,1.0,6.299767612630445
54,2040,2,26,7.887265943744844E18,162.1938954150291,0.00932911221151656,0.0,39.672283396929764,0.0,295.7999999999965,248.13770053475935,628.4600822675187,0.0,0.0,6.827540106951871,0.0,0.0,103.89999999999996,710.5280100482781,954.826796922882,0.04601984296606665,100.0,1.0,6.427662089549255
51,2040,2,26,6.50369789014244E18,160.24258655312175,0.0045111761177546224,0.0,34.994007266348085,0.0,295.7999999999965,248.25802139037432,509.7998527238802,0.0,0.0,6.851604278074866,0.0,0.0,103.89999999999996,715.9982745637087,946.0240207843176,0.04658023661256745,100.0,1.0,6.350332705699245
48,2040,2,26,2.2093098651697398E18,157.59261305450934,0.00932911221151656,0.0,46.69512739290295,0.0,295.7999999999965,248.21791443850267,813.55931064476,0.0,0.0,6.843582887700535,0.0,0.0,103.89999999999996,630.9354949900721,927.8351045116881,0.04736349916650285,100.0,1.0,6.2453155954574555
58,2040,2,26,4.687141051879245E18,166.56028100863884,0.00932911221151656,0.0,33.80386460933877,0.0,295.7999999999965,247.9639037433155,467.84032622132713,0.0,0.0,6.792780748663102,0.0,0.0,103.89999999999996,674.4792678841154,915.1902270702648,0.04481343062015557,100.0,1.0,6.60069974350403
57,2040,2,26,5.866154019238748E17,163.76926232324587,0.0068495684372368295,1.0,15.981026378758074,2.0,292.8999999999962,247.37566844919786,173.62137290376353,0.0,0.0,6.675133689839572,0.0,0.0,103.89999999999996,651.0870696908214,910.8346189116711,0.045130323435707415,100.0,1.0,6.490093083805639
44,2040,2,26,5.156518253817723E18,159.38116892353295,0.00932911221151656,0.0,42.444423785614404,0.0,295.7999999999965,247.62967914438502,647.903143764372,0.0,0.0,6.725935828877005,0.0,0.0,103.89999999999996,627.0503545464609,877.7421418646084,0.04683199180597911,100.0,1.0,6.316195160467876
43,2040,2,26,3.212672331395627E18,156.39109698432995,0.005619947115371421,0.0,43.67912735113594,0.0,295.7999999999965,248.2379679144385,703.7454277919568,0.0,0.0,6.847593582887701,0.0,0.0,103.89999999999996,665.3177662098343,906.3875327214857,0.047727381807432134,100.0,1.0,6.197700120938424
42,2040,2,26,2.853793568557007E18,161.32507142405817,0.00932911221151656,1.0,37.81123950550033,1.0,295.7999999999965,247.79010695187165,557.4133021611113,0.0,0.0,6.758021390374331,0.0,0.0,103.89999999999996,645.2736688928411,915.6153429295915,0.0462676850607682,100.0,1.0,6.393231033960125
53,2040,2,27,2.957751204712242E18,162.09151593684476,0.0060748707790623515,0.0,49.789138798448704,0.0,298.7000000000036,249.97192513368984,898.8860067526456,0.0,0.0,6.894385026737968,0.0,0.0,103.89999999999996,645.0509766401254,905.7107454076245,0.04650036970207717,100.0,1.0,6.4236048425795795
49,2040,2,27,3.317868809496197E18,164.78297537975428,0.010011387043894758,0.0,36.50513696944532,0.0,298.7000000000036,249.0427807486631,516.32006785438,0.0,0.0,6.708556149732621,0.0,0.0,103.89999999999996,653.210767529093,897.2707588101437,0.045740862484507976,100.0,1.0,6.530266019823537
46,2040,2,27,6.646488575717851E18,161.4000971722499,0.005637042254445246,0.0,30.462320350731417,0.0,295.7999999999965,249.91844919786095,397.7344273991986,0.0,0.0,6.883689839572193,0.0,0.0,103.89999999999996,648.1294807925036,906.6350515244492,0.046246177838966,100.0,1.0,6.396204266436954
56,2040,2,29,5.182538500345593E18,168.89883534915631,0.0062157392028679365,1.0,34.872701054774126,2.0,304.49999999999994,258.71791443850265,528.1353366337831,0.0,0.0,6.843582887700535,0.0,0.0,143.0,653.7235232593501,985.3060492347888,0.045492741497637844,100.0,1.0,6.693375469926577
55,2040,7,3,8.661686022710631E18,133.59067268590726,1.9096362303464972E-4,1.0,29.397789242516968,2.0,288.1206717021703,225.28475935828877,294.31120754606826,0.0,0.0,5.856951871657754,0.0,0.0,104.0,224.9543210251167,705.1541277925701,0.05455797951658415,100.0,1.0,5.280999667786257
41,2040,7,3,1.9955042617296404E18,136.40544901812717,3.1012492380827115E-4,1.0,50.48115090247336,1.0,283.86236380919286,225.34491978609626,748.4391240011217,0.0,0.0,5.8689839572192515,0.0,0.0,104.0,279.394483021497,733.4654465493276,0.052642449838076755,100.0,1.0,5.392271155357072
47,2040,7,4,8.815097190336754E18,131.06151684466013,3.764565717507541E-5,2.0,31.09529537061648,3.0,287.1406319137203,227.3596256684492,345.2620102749031,0.0,0.0,5.971925133689839,0.0,0.0,104.0,298.6039905992803,763.8050300884153,0.055421650897221814,100.0,1.0,5.181019101112957
50,2040,7,5,2.52771244661108E18,134.05211464505047,8.063570561837526E-5,2.0,31.364724492132073,4.0,317.02583918543894,228.91310160427807,359.1298582270721,0.0,0.0,5.982620320855615,0.0,0.0,104.0,429.46600293404924,784.5557267533419,0.05982476317752659,100.0,1.0,5.299241022395404
48,2040,7,5,2.2093098651697398E18,138.61644136935985,9.655196880705825E-5,1.0,47.29111353485224,1.0,323.97218686065537,228.00401069518716,723.0442174350159,0.0,0.0,5.800802139037433,0.0,0.0,104.0,443.1051006173309,804.8648436880303,0.05912252570460916,100.0,1.0,5.479674337312668
54,2040,7,6,7.887265943744844E18,141.42682235571223,8.217406566196902E-5,0.0,41.402440294626665,0.0,329.4146578046941,228.85561497326202,570.5701712815261,0.0,0.0,5.671122994652406,0.0,0.0,104.0,456.13230361474615,806.5706836922395,0.058921138902971265,100.0,1.0,5.590772071584693
53,2040,7,6,2.957751204712242E18,135.5826121041609,1.9190898750511825E-4,1.0,48.53432725244618,2.0,338.77162266119706,229.5173796791444,731.2007817503187,0.0,0.0,5.803475935828877,0.0,0.0,104.0,432.4965860000008,774.5231556623847,0.06320668655958211,100.0,1.0,5.359743424326668
52,2040,7,6,3.00978221914696E18,136.4434789956968,1.5822700194299553E-4,1.0,35.91645523065075,2.0,316.7255549157972,230.18582887700535,442.70885106203343,0.0,0.0,5.93716577540107,0.0,0.0,104.0,403.3817686684446,788.7898721956307,0.058720577470852096,100.0,1.0,5.393774526025641
51,2040,7,6,6.50369789014244E18,132.67491943962742,3.921660645021132E-5,1.0,33.54643529728393,5.0,328.4296230651352,230.4264705882353,403.8511008024245,0.0,0.0,5.985294117647059,0.0,0.0,104.0,453.3472468839556,798.5273761460668,0.0626200609254965,100.0,1.0,5.244798842592808
59,2040,7,6,2.819594302524464E18,137.08120084150866,9.583588498401453E-5,1.0,48.09444562572026,1.0,319.4685742653736,230.38636363636363,677.7859118831519,0.0,0.0,5.9772727272727275,0.0,0.0,104.0,386.8318294769836,730.731575714302,0.05895358771145988,100.0,1.0,5.418984436180001
58,2040,7,6,4.687141051879245E18,135.03045875485878,3.1012492380827115E-4,1.0,30.94246287501977,3.0,331.28754421111125,230.4264705882353,346.54581787348417,0.0,0.0,5.985294117647059,0.0,0.0,104.0,397.07364882319274,771.89637746981,0.0620630852095244,100.0,1.0,5.337916139564889
57,2040,7,6,5.866154019238748E17,139.69032707746172,6.076115278375217E-5,1.0,18.566139384914536,1.0,330.1603547902336,225.47994652406416,171.64033579035592,0.0,0.0,4.995989304812834,0.0,0.0,104.0,410.8694108712952,751.0741626368759,0.059788627631100634,100.0,1.0,5.522126328561052
46,2040,7,6,6.646488575717851E18,134.5074723445567,5.310358284388202E-5,1.0,29.358659217400643,2.0,338.3899996912606,230.03208556149733,318.8082139943475,0.0,0.0,5.906417112299465,0.0,0.0,104.0,399.2011453508992,765.5298877795825,0.06364013687355356,100.0,1.0,5.317241858916911
45,2040,7,6,8.237168610376572E18,139.0431413166909,7.359395439209091E-5,1.0,30.428836284500807,2.0,311.7827390854509,230.03208556149733,316.2027254407435,0.0,0.0,5.906417112299465,0.0,0.0,104.0,306.98553583264567,721.7921444804714,0.05672343123262815,100.0,1.0,5.496542298486853
44,2040,7,6,5.156518253817723E18,140.4809849609371,3.49633510494105E-5,1.0,45.15596088083083,1.0,327.94234149997186,230.2125668449198,606.0533712996775,0.0,0.0,5.942513368983957,0.0,0.0,104.0,348.35213844902495,735.3382145777134,0.05905272542958617,100.0,1.0,5.553381983885007
40,2040,7,6,3.5299406018237317E18,135.0368263795789,2.307477111668683E-4,2.0,43.98060520069942,4.0,310.1973216398878,229.97192513368984,579.9096693091165,0.0,0.0,5.894385026737968,0.0,0.0,104.0,387.0417981873666,737.7151593676701,0.05810932323771345,100.0,1.0,5.33816785941446
49,2040,7,7,3.317868809496197E18,143.35497686600894,6.26768237284299E-5,0.0,38.77586058546698,0.0,343.03651868800614,231.35160427807486,476.0825070446721,0.0,0.0,5.870320855614973,0.0,0.0,104.0,365.02640548566956,750.6379942612823,0.06053235603598038,100.0,1.0,5.666994334139341
43,2040,7,7,3.212672331395627E18,137.9930463268985,5.067400715821424E-5,1.0,47.274753109543575,2.0,329.11039497686943,231.95320855614975,670.4486335068356,0.0,0.0,5.990641711229946,0.0,0.0,104.0,350.8273232679363,746.7423716661389,0.060331537634744345,100.0,1.0,5.455030782894185
42,2040,7,7,2.853793568557007E18,140.53330716148287,5.479238936541892E-5,1.0,41.056531506449886,1.0,331.8646957469842,231.35828877005346,525.9054198424413,0.0,0.0,5.871657754010696,0.0,0.0,104.0,338.4324797062723,754.0948567891722,0.05973677654199044,100.0,1.0,5.555450343285738
56,2040,7,9,5.182538500345593E18,141.561264885865,7.458511876100796E-5,1.0,39.90570110059973,2.0,374.04832099633796,234.9398395721925,505.35673660777326,0.0,0.0,5.987967914438503,0.0,0.0,104.0,363.30105435358723,759.9763257108874,0.06684105124894286,100.0,1.0,5.596086746200805
54,2040,11,8,7.887265943744844E18,127.9474038328233,8.327736944368183E-5,0.0,37.48862361634875,0.0,538.6004436290413,339.3649732620321,466.2941449774308,0.0,0.0,5.872994652406417,0.0,0.0,88.0,8.41881948912827,776.5021746042889,0.1067513371925553,100.0,1.0,5.0453742106998405
52,2040,11,8,3.00978221914696E18,121.92748949154506,3.1012492380827115E-4,1.0,29.971573553544605,4.0,528.916153918313,339.63903743315507,329.4711312795319,0.0,0.0,5.927807486631016,0.0,0.0,88.0,0.0,768.2820760607084,0.11000775318106086,100.0,1.0,4.8079897882086025
51,2040,11,8,6.50369789014244E18,127.27670021490627,9.268527310468359E-5,1.0,32.816978494421896,2.0,522.0501983653343,339.4050802139037,377.9720123820869,0.0,0.0,5.8810160427807485,0.0,0.0,88.0,58.74402335413414,772.6248083772965,0.10401631238652145,100.0,1.0,5.018926227892137
50,2040,11,8,2.52771244661108E18,124.3744116657682,1.0088644235792817E-4,1.0,29.373755242189166,4.0,496.58844366984624,339.3582887700535,311.29945633492946,0.0,0.0,5.871657754010696,0.0,0.0,88.0,0.0,747.188494988985,0.10125201257297467,100.0,1.0,4.904479733792387
55,2040,11,9,8.661686022710631E18,131.45150078363832,9.296310665715568E-5,1.0,20.401532902985632,2.0,451.8571270747484,346.9852941176471,200.49243918410684,0.0,0.0,5.897058823529412,0.0,0.0,88.0,0.0,780.5302446575097,0.08717133217159347,100.0,1.0,5.183551929495407
49,2040,11,9,3.317868809496197E18,125.33491517776218,6.692380746833645E-5,1.0,29.94935659970424,1.0,578.9135188774078,340.9585561497326,320.8604860401749,0.0,0.0,5.891711229946524,0.0,0.0,88.0,0.0,748.999195945122,0.11713312096836814,100.0,1.0,4.9423554507161445
59,2040,11,9,2.819594302524464E18,117.24155711257238,1.0042905563739347E-4,1.0,39.24370433934131,9.0,532.998309810898,347.17245989304814,472.011196797977,0.0,0.0,5.934491978609626,0.0,0.0,88.0,0.0,729.666006515589,0.11528753385322567,100.0,1.0,4.623208529115267
58,2040,11,9,4.687141051879245E18,129.2818143178261,3.1012492380827115E-4,1.0,27.842161501728494,2.0,529.2139870066054,340.42379679144386,297.82063597519823,0.0,0.0,5.78475935828877,0.0,0.0,88.0,40.42033022996495,770.3512416774106,0.10380827414839561,100.0,1.0,5.097994272114431
57,2040,11,9,5.866154019238748E17,127.58344787652354,1.3344445946999618E-4,1.0,11.623488662383908,2.0,538.0079373621646,347.0120320855615,98.11542688142566,0.0,0.0,5.902406417112299,0.0,0.0,88.0,0.0,742.5385007972708,0.10693809505490884,100.0,1.0,5.031022266535766
56,2040,11,9,5.182538500345593E18,120.91851170934805,6.873336077310972E-5,1.0,30.46143883598467,3.0,654.0843070518554,341.11229946524065,328.75588081925105,0.0,0.0,5.922459893048129,0.0,0.0,88.0,0.0,749.3840124914936,0.1371762832216511,100.0,1.0,4.768202576206107
46,2040,11,9,6.646488575717851E18,127.81911426663672,3.1012492380827115E-4,1.0,25.743700134651828,3.0,528.2633034412994,347.17245989304814,264.982387537538,0.0,0.0,5.934491978609626,0.0,0.0,88.0,0.0,762.8824561916316,0.10480758988161865,100.0,1.0,5.040315343936243
45,2040,11,9,8.237168610376572E18,122.82531438680643,9.870303112930331E-5,1.0,18.674603988692752,5.0,536.7393154986594,346.7245989304813,171.18386847639985,0.0,0.0,5.8449197860962565,0.0,0.0,88.0,0.0,743.4671493967826,0.11081884479779845,100.0,1.0,4.843393887366369
43,2040,11,9,3.212672331395627E18,121.1941136522901,7.627273089234412E-5,1.0,39.64144302767857,3.0,567.0857186685648,347.13235294117646,492.58545211835184,0.0,0.0,5.926470588235294,0.0,0.0,88.0,0.0,748.9942767526998,0.1186602553381166,100.0,1.0,4.779070439825717
40,2040,11,9,3.5299406018237317E18,126.11986593512624,7.831437469905834E-5,1.0,40.07272594017748,2.0,529.2209940121152,347.0855614973262,492.32566229052895,0.0,0.0,5.9171122994652405,0.0,0.0,88.0,0.0,735.2406142577535,0.10641225802686904,100.0,1.0,4.973308562613973
48,2040,11,10,2.2093098651697398E18,122.93874713547564,3.1012492380827115E-4,1.0,40.774862304025774,7.0,509.9398712621528,354.77272727272725,551.5872235219715,0.0,0.0,5.954545454545454,0.0,0.0,88.0,17.24128935011447,800.1536485414111,0.10518850486725877,100.0,1.0,4.847866902430685
47,2040,11,10,8.815097190336754E18,126.46104877189714,1.4573539652644314E-4,1.0,23.535991297588872,7.0,473.25183038283353,354.2847593582888,251.65089675743695,0.0,0.0,5.856951871657754,0.0,0.0,88.0,11.052944805051762,815.832895116179,0.09490161830002138,100.0,1.0,4.986762490042036
44,2040,11,10,5.156518253817723E18,126.98808840492833,1.574238191920158E-4,1.0,37.53770213919925,2.0,542.482848504107,348.5788770053476,454.4707502462276,0.0,0.0,5.915775401069519,0.0,0.0,88.0,4.135919464042794,755.0767308129336,0.10833308762431595,100.0,1.0,5.007545343721411
42,2040,11,10,2.853793568557007E18,129.14045990824548,3.1012492380827115E-4,1.0,33.58972466667311,1.0,575.5567648682978,354.64572192513367,394.469439487189,0.0,0.0,5.929144385026738,0.0,0.0,88.0,4.498327680287284,778.8466525633446,0.1130222448959494,100.0,1.0,5.092420216906567
41,2040,11,10,1.9955042617296404E18,132.97026039091062,1.6018849370261944E-4,1.0,44.32429971679412,3.0,458.32559460113254,354.47192513368987,639.0639526069015,0.0,0.0,5.894385026737968,0.0,0.0,88.0,9.196720909857449,801.9392254941768,0.08740930888249734,100.0,1.0,5.243441464767223
53,2040,11,11,2.957751204712242E18,129.86595448092993,3.1012492380827115E-4,1.0,46.48346037618088,2.0,536.0274534718001,355.9585561497326,669.1507910435347,0.0,0.0,5.891711229946524,0.0,0.0,88.0,5.821288754241217,769.5105422501296,0.10467182988222554,100.0,1.0,5.1210287818119395
52,2041,2,20,3.00978221914696E18,150.1944596063758,0.03686820544569104,0.0,35.24882685105757,0.0,281.2999999999969,238.01069518716577,466.678371980512,0.0,0.0,6.302139037433155,0.0,0.0,104.19999999999852,528.5714919014137,856.3606197511573,0.04761366213585982,100.0,1.0,5.907968162527415
51,2041,2,20,6.50369789014244E18,150.44135644883636,0.01484227272370815,0.0,37.958980219326634,0.0,281.2999999999969,237.69652406417111,525.518986072244,0.0,0.0,6.239304812834225,0.0,0.0,104.19999999999852,552.7563490433246,857.972583263104,0.047535520970977914,100.0,1.0,5.917679963405477
40,2041,2,20,3.5299406018237317E18,146.96791960133407,0.03686820544569104,0.0,47.19267022284038,0.0,281.2999999999969,238.52540106951872,695.1832782280923,0.0,0.0,6.4050802139037435,0.0,0.0,104.19999999999852,439.64209283911157,777.1697317718199,0.048658974514810445,100.0,1.0,5.7810507271249
54,2041,2,21,7.887265943744844E18,146.82985438021555,0.03667943009723951,1.0,38.74408253158193,1.0,284.2000000000032,239.67780748663102,530.4308950678331,0.0,0.0,6.3355614973262036,0.0,0.0,104.19999999999852,453.0133284272796,837.6708092920022,0.049206839523464184,100.0,1.0,5.775619868138106
48,2041,2,21,2.2093098651697398E18,149.9571385321771,0.03657333008387625,0.0,49.615965892325576,0.0,284.2000000000032,240.88101604278074,847.4792071420062,0.0,0.0,6.57620320855615,0.0,0.0,104.19999999999852,483.13736017937316,859.7565917397724,0.04818065450209005,100.0,1.0,5.898633028899073
45,2041,2,21,8.237168610376572E18,151.75925365700746,0.014027875297109756,1.0,30.760442992310132,1.0,284.2000000000032,239.90508021390374,352.7817383684825,0.0,0.0,6.3810160427807485,0.0,0.0,104.19999999999852,414.64344314556115,793.032392047317,0.04760851748829931,100.0,1.0,5.969520056360729
42,2041,2,22,2.853793568557007E18,150.79864619662735,0.011669068431386726,1.0,38.34539796791586,2.0,284.2000000000032,242.38770053475935,520.7894475831342,0.0,0.0,6.577540106951871,0.0,0.0,104.19999999999852,461.10564763832366,836.2725075344704,0.04791179008543691,100.0,1.0,5.931734119998734
58,2041,2,23,4.687141051879245E18,155.77308151859057,0.007964562546760163,0.0,31.528693231884972,0.0,290.00000000000006,243.8475935828877,416.57547906952965,0.0,0.0,6.56951871657754,0.0,0.0,104.19999999999852,629.8743130866335,903.4753397550186,0.047328348804542,100.0,1.0,6.1274058217760885
53,2041,2,24,2.957751204712242E18,157.91569800514725,0.007185530003217835,0.0,50.7045829586334,0.0,292.8999999999962,246.29010695187165,906.5303839954588,0.0,0.0,6.758021390374331,0.0,0.0,104.19999999999852,585.1311876661363,880.6907512133713,0.047153054812778046,100.0,1.0,6.211686626941994
56,2041,2,24,5.182538500345593E18,158.35476752567644,0.008708862363900017,0.0,37.02412461600684,0.0,292.8999999999962,246.21657754010695,530.6818124855828,0.0,0.0,6.74331550802139,0.0,0.0,104.19999999999852,663.1676858015128,901.6969472413825,0.047022313759056564,100.0,1.0,6.228957628517021
46,2041,2,24,6.646488575717851E18,162.83947011840368,0.008708862363900017,0.0,30.302140557873088,0.0,292.8999999999962,245.74197860962568,404.0711981857472,0.0,0.0,6.648395721925134,0.0,0.0,104.19999999999852,709.065425706798,928.2257973896803,0.045727289326233565,100.0,1.0,6.405365468098296
55,2041,2,25,8.661686022710631E18,158.5416966487761,0.005845006010334394,1.0,24.700198728968655,1.0,295.7999999999965,247.89705882352942,301.87636718003125,0.0,0.0,6.779411764705882,0.0,0.0,104.19999999999852,662.8105611597565,918.7984753197069,0.04743189047521507,100.0,1.0,6.236310571567098
59,2041,2,25,2.819594302524464E18,158.51962281972536,0.005093053885761644,1.0,46.4662603961663,2.0,295.7999999999965,247.93048128342247,744.1257629402909,0.0,0.0,6.786096256684492,0.0,0.0,104.19999999999852,631.5020433299975,856.5349985640829,0.04743849535745793,100.0,1.0,6.235442287346768
57,2041,2,25,5.866154019238748E17,164.15611171953273,0.009422149688659042,1.0,14.444357448262323,1.0,295.7999999999965,247.85026737967914,151.37634721142953,0.0,0.0,6.770053475935829,0.0,0.0,104.19999999999852,586.497389085537,894.3959481530669,0.045809640058041994,100.0,1.0,6.4571561711729295
43,2041,2,25,3.212672331395627E18,159.02158403979294,0.009422149688659042,1.0,44.32924830982151,1.0,295.7999999999965,247.99064171122996,701.1927965600365,0.0,0.0,6.798128342245989,0.0,0.0,104.19999999999852,584.1914078556582,879.7239376004882,0.04728875288600931,100.0,1.0,6.255187162855184
41,2041,2,25,1.9955042617296404E18,159.59007095256507,0.009038627995332948,0.0,44.426375385108884,0.0,295.7999999999965,247.91042780748663,747.3339426973894,0.0,0.0,6.782085561497326,0.0,0.0,104.19999999999852,656.4312127400035,934.0220833802398,0.04712030232403787,100.0,1.0,6.277548857089943
49,2041,2,26,3.317868809496197E18,166.11038063850984,0.010135437013418068,0.0,36.67508490001322,0.0,298.7000000000036,249.8783422459893,528.2166397594774,0.0,0.0,6.875668449197861,0.0,0.0,104.19999999999852,668.8742225560156,911.0377417933266,0.0457145254220431,100.0,1.0,6.5340282381226125
47,2041,2,26,8.815097190336754E18,163.4397346157345,0.010135437013418068,0.0,29.373034685200537,0.0,298.7000000000036,248.73529411764707,387.6881256368909,0.0,0.0,6.647058823529412,0.0,0.0,104.19999999999852,614.3209402581562,931.1310476442347,0.04646151216788235,100.0,1.0,6.428977148240286
50,2041,2,27,2.52771244661108E18,167.20048663049087,0.010394689714594669,1.0,37.732906982140506,1.0,301.60000000000383,251.1644385026738,554.7672372684069,0.0,0.0,6.8328877005347595,0.0,0.0,104.19999999999852,611.7099432880805,914.6496811280139,0.04585741465498158,100.0,1.0,6.576908058798304
44,2041,2,27,5.156518253817723E18,167.56808593134488,0.010817711845796258,1.0,44.383784098063536,1.0,301.60000000000383,251.11764705882354,722.8816845677298,0.0,0.0,6.823529411764706,0.0,0.0,104.19999999999852,653.0503633011404,904.9009602114663,0.04575681582393056,100.0,1.0,6.591367746403995
52,2041,7,4,3.00978221914696E18,135.03798556239568,3.5257494748552874E-5,1.0,36.9661190091845,1.0,279.2226315711109,224.8903743315508,439.06104088182144,0.0,0.0,5.778074866310161,0.0,0.0,104.30000000000148,325.48298654446444,747.520079794097,0.05269721685682553,100.0,1.0,5.298621980924311
51,2041,7,4,6.50369789014244E18,129.1489105391728,9.889187621437219E-5,4.0,36.02983554045321,4.0,279.2575142273969,224.15508021390374,427.34549753804504,0.0,0.0,5.6310160427807485,0.0,0.0,104.30000000000148,381.08464852730003,757.3937500352201,0.05510704643979728,100.0,1.0,5.0675463895978705
48,2041,7,4,2.2093098651697398E18,132.5486407646382,7.422808133275995E-5,1.0,50.081478600161766,3.0,283.4897267357404,223.60695187165774,754.365266305442,0.0,0.0,5.521390374331551,0.0,0.0,104.30000000000148,323.6300031577041,750.9393560158873,0.05450734903839932,100.0,1.0,5.200945042035115
42,2041,7,4,2.853793568557007E18,136.99324339715704,5.334106016654131E-5,0.0,39.93020305398717,0.0,288.4936816875549,221.6885026737968,491.66870729122957,0.0,0.0,5.137700534759358,0.0,0.0,104.30000000000148,357.0352242036903,738.1019689133207,0.0536698241160623,100.0,1.0,5.375342409613274
54,2041,7,5,7.887265943744844E18,133.6076480147804,5.119262525722535E-5,1.0,39.6884576280102,2.0,285.7841808586326,227.18582887700535,493.28854912279917,0.0,0.0,5.93716577540107,0.0,0.0,104.30000000000148,290.3467231402448,748.529841448182,0.0545129745642237,100.0,1.0,5.242498380306508
45,2041,7,5,8.237168610376572E18,134.21037125971026,1.1827800297798285E-4,1.0,32.1637205706386,4.0,286.7121286586538,226.48395721925132,325.48289427606306,0.0,0.0,5.7967914438502675,0.0,0.0,104.30000000000148,215.27975738739443,685.3231306762383,0.054444373076534734,100.0,1.0,5.2661480417014
40,2041,7,5,3.5299406018237317E18,134.78250435280933,8.932169464523937E-5,1.0,46.658285813006806,2.0,281.60095099830266,227.39304812834226,628.9335773651395,0.0,0.0,5.978609625668449,0.0,0.0,104.30000000000148,341.81255773631693,717.9984385438732,0.053246811840637426,100.0,1.0,5.288597406378191
55,2041,7,6,8.661686022710631E18,140.25525819457152,5.258137060160581E-5,0.0,27.58450615089308,0.0,315.95605587188805,228.54545454545453,297.572577140297,0.0,0.0,5.909090909090909,0.0,0.0,104.30000000000148,407.2683763208145,779.6325132054089,0.057411718364503914,100.0,1.0,5.5033373825514165
59,2041,7,6,2.819594302524464E18,141.01721372486753,7.106437300831141E-5,1.0,50.02785383270442,1.0,315.9386996311903,227.20855614973263,711.0301982462593,0.0,0.0,5.641711229946524,0.0,0.0,104.30000000000148,353.91013079501016,709.3713938057565,0.057098370032980676,100.0,1.0,5.533235002132293
56,2041,7,6,5.182538500345593E18,137.5226047506967,4.2045136091143056E-5,1.0,38.02003166538305,2.0,308.6312066006091,227.52272727272728,472.25974695517135,0.0,0.0,5.704545454545454,0.0,0.0,104.30000000000148,431.32226470590143,768.6024996888355,0.05719509176602764,100.0,1.0,5.396113496297034
47,2041,7,6,8.815097190336754E18,136.38728592630383,4.77556088402019E-5,1.0,27.248582389571098,2.0,326.77269339777723,228.95989304812835,299.6019832829229,0.0,0.0,5.991978609625669,0.0,0.0,104.30000000000148,377.9668916765313,798.2005876255256,0.06106113667404578,100.0,1.0,5.35156584362559
43,2041,7,6,3.212672331395627E18,135.03086581082277,6.282919850248603E-5,2.0,42.09108491909059,3.0,316.2251294263744,228.73930481283423,564.1301434001209,0.0,0.0,5.947860962566845,0.0,0.0,104.30000000000148,423.48219314044786,774.9566475982879,0.05968378271149834,100.0,1.0,5.298342616032818
53,2041,7,7,2.957751204712242E18,135.88916012976875,7.984678779821603E-5,2.0,48.70595789722511,5.0,311.31955230186963,229.8716577540107,747.6318819927792,0.0,0.0,5.874331550802139,0.0,0.0,104.30000000000148,445.0641920000013,786.4924364697738,0.05838678966456713,100.0,1.0,5.332020378075323
49,2041,7,7,3.317868809496197E18,135.70097211883086,3.3375476087846655E-5,1.0,35.227191709310624,2.0,330.812693226437,230.32620320855614,413.5415146130757,0.0,0.0,5.96524064171123,0.0,0.0,104.30000000000148,379.60189785682826,759.319357825953,0.062128693378404175,100.0,1.0,5.324636254806975
58,2041,7,7,4.687141051879245E18,137.47481355095846,1.3402114252734278E-4,1.0,33.753342491125316,1.0,304.08196671676984,230.02540106951872,392.6699683675066,0.0,0.0,5.9050802139037435,0.0,0.0,104.30000000000148,362.7031190816777,769.4317179457848,0.056371623164738746,100.0,1.0,5.394238264669616
57,2041,7,7,5.866154019238748E17,136.751159184996,7.980569320851034E-5,1.0,11.556777737935061,1.0,321.5883587232775,230.5,100.86256222505855,0.0,0.0,6.0,0.0,0.0,104.30000000000148,379.0611393899944,768.1655875843848,0.05993248933325136,100.0,1.0,5.3658435066012835
46,2041,7,7,6.646488575717851E18,132.71208642430793,1.2395080887620753E-4,1.0,31.037483142169442,3.0,313.6375506471236,230.37967914438502,336.62273963340874,0.0,0.0,5.975935828877005,0.0,0.0,104.30000000000148,330.7878681678252,746.4923277843251,0.06022968482167359,100.0,1.0,5.207358324648935
41,2041,7,7,1.9955042617296404E18,135.07783959177425,2.8967394340395203E-5,1.0,45.8697868147773,2.0,319.43455457954303,230.33288770053477,651.59982456587,0.0,0.0,5.966577540106952,0.0,0.0,104.30000000000148,326.98040416609734,767.982801222701,0.06026855816266297,100.0,1.0,5.30018577377277
50,2041,7,9,2.52771244661108E18,138.06524535205375,3.2928957720139204E-5,1.0,37.31288440790463,3.0,346.7004030029385,233.37967914438502,452.0326283619068,0.0,0.0,5.975935828877005,0.0,0.0,104.30000000000148,329.2057744438872,758.3275320086619,0.06399749740184439,100.0,1.0,5.417405634254485
44,2041,7,10,5.156518253817723E18,139.2122729362851,7.819589606865129E-5,1.0,43.74525017765363,3.0,349.76549005852456,235.5681818181818,590.5074980875403,0.0,0.0,6.113636363636363,0.0,0.0,104.30000000000148,356.30714292899944,758.4721005032732,0.06403131881156712,100.0,1.0,5.4624127153748425
52,2041,11,8,3.00978221914696E18,128.72769188979944,6.373214234242322E-4,1.0,32.335450746697745,1.0,447.16984895399185,332.03877005347596,365.347459677204,0.0,0.0,5.907754010695188,0.0,0.0,88.0,16.95745599178009,762.9838473326839,0.08875041079472394,100.0,1.0,5.0385101877249605
43,2041,11,8,3.212672331395627E18,121.82030787795189,7.61977699774622E-5,2.0,38.74348410568762,6.0,494.3245341759531,337.60427807486633,467.27984739079113,0.0,0.0,5.820855614973262,0.0,0.0,88.0,0.0,737.8075345714224,0.10367219991608419,100.0,1.0,4.768149364787051
55,2041,11,9,8.661686022710631E18,123.81013914728821,3.1012492380827115E-4,1.0,19.029798581698167,5.0,505.9542389958867,338.99732620320856,180.96016777252817,0.0,0.0,5.7994652406417115,0.0,0.0,88.0,0.0,767.5863396619296,0.104405858425948,100.0,1.0,4.846033035155256
50,2041,11,9,2.52771244661108E18,118.26190594854363,1.1520242340574704E-4,1.0,27.2324951700628,5.0,599.2442660252952,339.55213903743316,282.03664468284904,0.0,0.0,5.910427807486631,0.0,0.0,88.0,0.0,752.1485062389354,0.1294579884211152,100.0,1.0,4.628870518797245
49,2041,11,9,3.317868809496197E18,125.90003334701396,3.1012492380827115E-4,1.0,31.66551095809011,1.0,526.4686520628092,333.4652406417112,344.12974472288766,0.0,0.0,5.893048128342246,0.0,0.0,88.0,0.0,741.3270886755618,0.10683572780412179,100.0,1.0,4.927833252824039
54,2041,11,10,7.887265943744844E18,131.31816531740228,3.1012492380827115E-4,1.0,35.773100939140484,3.0,473.1595455431616,340.97860962566847,435.94560727993735,0.0,0.0,5.89572192513369,0.0,0.0,88.0,0.0,781.5705894027777,0.09205611462591608,100.0,1.0,5.139903497621172
53,2041,11,10,2.957751204712242E18,125.00788915405771,7.373393338285093E-5,1.0,45.26857181406528,4.0,529.704581421039,346.8649732620321,637.691639289333,0.0,0.0,5.872994652406417,0.0,0.0,88.0,30.712744265322076,770.0933634090618,0.10825953281920295,100.0,1.0,4.892913978352959
58,2041,11,10,4.687141051879245E18,127.50384302891219,6.68372680621274E-5,1.0,28.387538401752636,2.0,532.6430548788657,340.97192513368987,305.58298150329466,0.0,0.0,5.894385026737968,0.0,0.0,88.0,0.0,769.5630085194699,0.10672909702903839,100.0,1.0,4.990607713414332
57,2041,11,10,5.866154019238748E17,120.36795261594422,3.1012492380827115E-4,1.0,3.143583737941582,8.0,531.3208297694496,341.05882352941177,24.46015321047324,0.0,0.0,5.911764705882353,0.0,0.0,88.0,0.0,738.5615203504226,0.11277577233861616,100.0,1.0,4.7113029576434755
56,2041,11,10,5.182538500345593E18,126.25342859173779,7.867197458352894E-5,1.0,33.5348289325289,5.0,504.19337363803675,346.97192513368987,381.51690520186185,0.0,0.0,5.894385026737968,0.0,0.0,88.0,2.9282208725990095,754.8428256236438,0.10202903853981181,100.0,1.0,4.941665440092334
47,2041,11,10,8.815097190336754E18,130.59990418503816,7.642309605920929E-5,1.0,23.45782015472966,3.0,502.32046450415567,346.51737967914437,246.4023081450478,0.0,0.0,5.803475935828877,0.0,0.0,88.0,1.4129600882713493,802.2134681156876,0.09826703552406758,100.0,1.0,5.111790152468039
46,2041,11,10,6.646488575717851E18,124.7137949762525,3.1012492380827115E-4,1.0,24.195256054709358,5.0,523.9713775511658,346.8048128342246,246.11404370446573,0.0,0.0,5.86096256684492,0.0,0.0,88.0,9.537156869043688,769.2032601920871,0.1073403261157625,100.0,1.0,4.881402884746991
45,2041,11,10,8.237168610376572E18,130.36712618831314,9.39317069930552E-6,1.0,23.39492985892748,3.0,474.00729330667,341.17914438502675,229.5640807629941,0.0,0.0,5.935828877005347,0.0,0.0,88.0,20.089058209860138,749.8650317156308,0.09289380948930574,100.0,1.0,5.102679025788466
44,2041,11,10,5.156518253817723E18,116.88831652622778,3.1012492380827115E-4,1.0,32.664279687359254,4.0,645.9246215526214,347.0187165775401,369.51854398146355,0.0,0.0,5.903743315508021,0.0,0.0,88.0,0.0,760.3349519549666,0.14118240540824276,100.0,1.0,4.57510707290237
59,2041,11,11,2.819594302524464E18,128.7170082437977,1.0114968160739436E-4,1.0,43.34730367900955,3.0,513.0636153440054,348.5788770053476,561.0209020209696,0.0,0.0,5.915775401069519,0.0,0.0,88.0,0.0,732.2756820810406,0.10183688849325316,100.0,1.0,5.038092020829923
42,2041,11,11,2.853793568557007E18,133.02780795800493,1.0541295846644156E-4,1.0,34.88571419888958,3.0,458.38620214005635,348.67914438502675,415.88767587464594,0.0,0.0,5.935828877005347,0.0,0.0,88.0,11.402696621124267,775.32852839043,0.0880357245672597,100.0,1.0,5.206820349275904
41,2041,11,11,1.9955042617296404E18,130.33021849182433,9.838988699500987E-5,1.0,41.76181108297767,3.0,531.137004632977,347.58957219251334,570.9911824654804,0.0,0.0,5.717914438502674,0.0,0.0,88.0,7.740175455700344,795.3050328808671,0.10411930919520457,100.0,1.0,5.101234427489263
40,2041,11,11,3.5299406018237317E18,131.5180392772593,9.015259413031138E-5,1.0,42.850166596412215,5.0,477.7064100203821,354.74598930481284,562.1767752098979,0.0,0.0,5.949197860962567,0.0,0.0,88.0,0.5310839158976772,748.8774443717822,0.09279948894613056,100.0,1.0,5.147726732608272
51,2041,11,12,6.50369789014244E18,132.57316694969322,1.1641325968778949E-4,1.0,35.88194601856331,3.0,451.23894179814135,356.4933155080214,435.76425852962603,0.0,0.0,5.998663101604278,0.0,0.0,88.0,0.0,777.3754895455642,0.08696025056302546,100.0,1.0,5.189025317620268
48,2041,11,12,2.2093098651697398E18,129.75618694997053,1.5524448567698257E-4,1.0,45.02348962551226,5.0,455.6697402715027,355.9251336898396,662.1771186696758,0.0,0.0,5.885026737967914,0.0,0.0,88.0,26.38389301038964,807.7654399185639,0.0897205559145625,100.0,1.0,5.078766349881065
53,2042,2,21,2.957751204712242E18,150.31831311193207,0.03761250526283088,0.0,48.11022668409372,0.0,281.2999999999969,238.27807486631016,809.8761892513709,0.0,0.0,6.355614973262032,0.0,0.0,104.5,601.2279162334786,872.6998463883756,0.04792963159416492,100.0,1.0,5.869020700635702
46,2042,2,22,6.646488575717851E18,153.30984368471775,0.021888138076180383,2.0,40.32194962306374,2.0,284.2000000000032,240.2125668449198,537.5568687539901,0.0,0.0,6.442513368983957,0.0,0.0,104.5,371.21289148286616,794.8370468063201,0.047478860236327795,100.0,1.0,5.985821870731249
55,2042,2,24,8.661686022710631E18,152.38688108706896,0.003975029402584309,2.0,23.255669530303475,3.0,290.00000000000006,243.39304812834226,270.9083490864979,0.0,0.0,6.478609625668449,0.0,0.0,104.5,614.5435224230177,892.4566147653914,0.04874125076825467,100.0,1.0,5.949785765220411
54,2042,2,24,7.887265943744844E18,155.44010168019142,0.010259486982941372,0.0,33.00910698416592,0.0,290.00000000000006,243.86096256684493,449.21370630037484,0.0,0.0,6.572192513368984,0.0,0.0,104.5,613.4583430262861,910.1855216748711,0.047783854388738875,100.0,1.0,6.068995557385253
49,2042,2,24,3.317868809496197E18,153.8596354723955,0.010259486982941372,0.0,34.54517391339104,0.0,290.00000000000006,244.44251336898395,463.9831094485629,0.0,0.0,6.688502673796791,0.0,0.0,104.5,618.1954116619736,877.9426420863726,0.04827469636238436,100.0,1.0,6.007287913797589
48,2042,2,24,2.2093098651697398E18,158.7092508262624,0.009324999936442601,0.0,47.97019490268268,0.0,290.00000000000006,244.26871657754012,892.9518380645744,0.0,0.0,6.653743315508021,0.0,0.0,104.5,721.6469826412381,967.659973247661,0.046799585696412044,100.0,1.0,6.1966360531741485
57,2042,2,24,5.866154019238748E17,155.52490495506683,0.004650719393899082,0.0,4.185007623497183,0.0,290.00000000000006,244.17513368983958,40.26842794079539,0.0,0.0,6.635026737967914,0.0,0.0,104.5,624.8261435823089,913.5845855669763,0.04775779922195061,100.0,1.0,6.0723066122089895
47,2042,2,24,8.815097190336754E18,159.64559620805073,0.010259486982941372,1.0,26.629100287552916,1.0,290.00000000000006,243.73395721925132,334.7454537101864,0.0,0.0,6.5467914438502675,0.0,0.0,104.5,621.8312767110344,921.184766144952,0.04652509910249856,100.0,1.0,6.233194675439735
41,2042,2,24,1.9955042617296404E18,155.86357788937465,0.010259486982941372,0.0,40.59276152340529,0.0,290.00000000000006,243.8542780748663,623.1846383910776,0.0,0.0,6.570855614973262,0.0,0.0,104.5,611.2780503032105,911.0998546583982,0.04765402722968914,100.0,1.0,6.085529741321126
51,2042,2,25,6.50369789014244E18,159.5180645858775,0.01094176181531957,0.0,32.18887861323313,0.0,292.8999999999962,246.85160427807486,442.52470943522934,0.0,0.0,6.870320855614973,0.0,0.0,104.5,664.1011281195105,930.9764817417635,0.04702791797393488,100.0,1.0,6.228215337160694
50,2042,2,25,2.52771244661108E18,157.27986517788858,0.007826725189785097,0.0,35.855687873081244,0.0,292.8999999999962,246.14304812834226,503.71473539083973,0.0,0.0,6.728609625668449,0.0,0.0,104.5,587.9282255931216,900.074276516743,0.04769715721857164,100.0,1.0,6.140827191393935
58,2042,2,25,4.687141051879245E18,158.69358196394057,0.006001019595817968,1.0,32.14499881508147,1.0,292.8999999999962,246.1764705882353,421.8116280810678,0.0,0.0,6.735294117647059,0.0,0.0,104.5,583.3961305017715,888.7938962059745,0.04727224859295262,100.0,1.0,6.196024278897154
45,2042,2,25,8.237168610376572E18,159.51667358229477,0.01094176181531957,1.0,23.095487700276806,1.0,292.8999999999962,245.98930481283423,273.62482549281344,0.0,0.0,6.697860962566845,0.0,0.0,104.5,659.1783971014673,908.9131506909798,0.04702832806274214,100.0,1.0,6.228161026886351
44,2042,2,25,5.156518253817723E18,156.91201598358577,0.010727265251507252,0.0,40.418943286858564,0.0,292.8999999999962,246.12967914438502,582.4089793522173,0.0,0.0,6.725935828877005,0.0,0.0,104.5,555.4874528934772,857.6370722346278,0.04780897377222057,100.0,1.0,6.126464905845478
42,2042,2,25,2.853793568557007E18,156.865633779391,0.01094176181531957,0.0,35.40080439904181,0.0,292.8999999999962,246.19652406417111,498.5847644536395,0.0,0.0,6.739304812834225,0.0,0.0,104.5,604.9684429092033,908.658819766656,0.047823109982494366,100.0,1.0,6.124653961384197
52,2042,2,26,3.00978221914696E18,160.81496841086195,0.011624036647697768,1.0,33.785016241860696,2.0,295.7999999999965,247.04144385026737,471.64446923993074,0.0,0.0,6.608288770053476,0.0,0.0,104.5,627.0812747978649,922.9926756955975,0.047110525863476506,100.0,1.0,6.278851585253097
59,2042,2,26,2.819594302524464E18,162.22924531441305,0.011489459574470763,0.0,52.02664196887041,0.0,295.7999999999965,247.38235294117646,919.3221009222992,0.0,0.0,6.676470588235294,0.0,0.0,104.5,592.2179297741556,846.7887906240529,0.04669982723442401,100.0,1.0,6.334070541955933
40,2042,2,26,3.5299406018237317E18,160.79758669390426,0.01153125654943206,1.0,46.929435553287455,1.0,295.7999999999965,248.23128342245988,771.2115445954619,0.0,0.0,6.846256684491979,0.0,0.0,104.5,622.5151995880746,871.2580759571887,0.0471156183641982,100.0,1.0,6.278172934365356
43,2042,2,27,3.212672331395627E18,166.2953439736952,0.012275298987695133,0.0,44.44787179375583,0.0,298.7000000000036,249.16310160427807,739.2578726145608,0.0,0.0,6.732620320855615,0.0,0.0,104.5,675.0673496575337,923.1047446483636,0.04600461334391288,100.0,1.0,6.492827094688022
56,2042,2,28,5.182538500345593E18,165.3464970948253,0.012895548835311679,1.0,38.80911564943376,1.0,301.60000000000383,256.6029411764706,585.6926540352489,0.0,0.0,6.720588235294118,0.0,0.0,143.0,515.1833983028042,922.7714436726897,0.046717822318433425,100.0,1.0,6.4557803645954985
53,2042,7,3,2.957751204712242E18,130.38929041955268,5.980040952724085E-5,1.0,52.75528646882698,3.0,280.5353632707609,223.47058823529412,768.4351653604825,0.0,0.0,5.794117647058823,0.0,0.0,104.60000000000008,211.40047392665215,687.4553939142648,0.05524181543806906,100.0,1.0,5.078315421861285
55,2042,7,5,8.661686022710631E18,136.1945959053587,2.734787687903625E-5,1.0,24.70991309372321,1.0,303.2500568760887,227.1590909090909,256.7736572129334,0.0,0.0,5.931818181818182,0.0,0.0,104.60000000000008,404.2438247772279,780.4019103413773,0.057169351440055714,100.0,1.0,5.3044166015082075
59,2042,7,5,2.819594302524464E18,138.9836825524637,1.0141429817144255E-4,0.0,53.78365250729953,0.0,322.9319579910537,227.09893048128342,812.1620160117478,0.0,0.0,5.919786096256685,0.0,0.0,104.60000000000008,292.154549315173,697.1416882042282,0.05965810592941977,100.0,1.0,5.413044094512615
47,2042,7,5,8.815097190336754E18,132.8006570509725,3.1012492380827115E-4,1.0,23.735718309614274,3.0,306.0388013287957,226.6644385026738,248.0420340260238,0.0,0.0,5.8328877005347595,0.0,0.0,104.60000000000008,391.07411310000515,794.1141102868174,0.05916958432982369,100.0,1.0,5.172231726741076
46,2042,7,5,6.646488575717851E18,134.04414714928717,4.7492331364206906E-5,1.0,37.682561496177044,2.0,291.78209071950386,227.19919786096256,438.35579824716405,0.0,0.0,5.939839572192513,0.0,0.0,104.60000000000008,263.2976046498202,723.7200042154772,0.05588986052180795,100.0,1.0,5.220662352622116
44,2042,7,5,5.156518253817723E18,136.0308031178884,7.016400991137356E-5,0.0,39.1301243476027,0.0,311.9353882575145,227.12566844919786,487.79664929712214,0.0,0.0,5.925133689839572,0.0,0.0,104.60000000000008,399.80722581535053,757.5247269078295,0.05887753710877502,100.0,1.0,5.298037308884378
52,2042,7,6,3.00978221914696E18,137.0350949132255,3.527353546499898E-5,1.0,33.318698262656675,1.0,325.0357394227186,228.88636363636363,395.4511555724796,0.0,0.0,5.9772727272727275,0.0,0.0,104.60000000000008,390.5438635735777,790.0188376135379,0.06090059861701021,100.0,1.0,5.337151798240823
51,2042,7,6,6.50369789014244E18,134.9394612298259,6.257565048593041E-5,1.0,33.6181458501657,3.0,316.14323655375586,228.17780748663102,390.07238277069445,0.0,0.0,5.8355614973262036,0.0,0.0,104.60000000000008,379.51608511666,768.9241660139324,0.060154368665598014,100.0,1.0,5.255532450373078
50,2042,7,6,2.52771244661108E18,135.74905395478712,6.559325799667324E-5,2.0,35.05748675280182,4.0,315.00227458691614,228.46524064171123,424.1080161486607,0.0,0.0,5.893048128342246,0.0,0.0,104.60000000000008,405.7593089783926,784.5112819524484,0.059579811928314734,100.0,1.0,5.287063929740508
49,2042,7,6,3.317868809496197E18,133.6999262174314,6.076115278375217E-5,1.0,35.48327414477466,3.0,306.6100444760673,228.4451871657754,413.2697497067751,0.0,0.0,5.88903743315508,0.0,0.0,104.60000000000008,371.0338459599945,749.9424751345085,0.058881309551816544,100.0,1.0,5.207255864549773
48,2042,7,6,2.2093098651697398E18,136.56241923770284,6.439471009307956E-5,1.0,50.749696042845855,2.0,308.49007019564186,228.5788770053476,810.9165375986714,0.0,0.0,5.915775401069519,0.0,0.0,104.60000000000008,362.046831938729,786.0975091454088,0.058000566762696666,100.0,1.0,5.318742340187764
57,2042,7,6,5.866154019238748E17,137.63679000974264,5.986967641086314E-5,1.0,5.965029448364267,2.0,307.1451426850584,228.7927807486631,50.65781551459043,0.0,0.0,5.958556149732621,0.0,0.0,104.60000000000008,419.5166326036548,791.3963898568572,0.05729693174212499,100.0,1.0,5.360586218951822
54,2042,7,7,7.887265943744844E18,135.57416267765996,4.263471594834629E-5,1.0,32.50065481652492,4.0,310.051868771906,229.99866310160428,384.8326643031258,0.0,0.0,5.899732620320855,0.0,0.0,104.60000000000008,407.74446068803206,797.8953409688255,0.0587191381070863,100.0,1.0,5.280252380517972
45,2042,7,7,8.237168610376572E18,140.6866701129651,9.083916924671095E-5,1.0,25.93335552770232,2.0,319.0640314842137,230.27941176470588,270.2607463758525,0.0,0.0,5.955882352941177,0.0,0.0,104.60000000000008,395.9332884977533,770.1048082510764,0.058230047941138174,100.0,1.0,5.479370922152416
42,2042,7,7,2.853793568557007E18,137.94756646077815,4.5326647735789416E-5,1.0,39.110315909187975,2.0,317.7100526855253,227.81951871657753,483.18404879552276,0.0,0.0,5.463903743315508,0.0,0.0,104.60000000000008,341.71988456405194,751.2830359085781,0.05913425952072154,100.0,1.0,5.372690133613576
40,2042,7,7,3.5299406018237317E18,137.46288549092975,4.285861301938518E-5,1.0,46.36589221320366,2.0,327.96346777545995,230.38636363636363,649.8419730201298,0.0,0.0,5.9772727272727275,0.0,0.0,104.60000000000008,407.62815360752114,750.800453525333,0.06125792245037507,100.0,1.0,5.353813101336281
58,2042,7,8,4.687141051879245E18,140.5631369522726,4.896193934453285E-5,1.0,32.01114664230659,2.0,321.50052379919185,231.73930481283423,371.13398011635206,0.0,0.0,5.947860962566845,0.0,0.0,104.60000000000008,406.66571241000173,786.8647263658933,0.0587262803313984,100.0,1.0,5.47455963471433
56,2042,7,8,5.182538500345593E18,142.16597152778414,8.287678348697786E-5,1.0,46.27245143933263,2.0,353.31293527021506,231.89973262032086,599.0488156545365,0.0,0.0,5.979946524064171,0.0,0.0,104.60000000000008,214.18711174600492,694.7288181175458,0.06380961590241958,100.0,1.0,5.536985770459995
41,2042,7,8,1.9955042617296404E18,138.90093768044275,3.4650829475784495E-5,1.0,44.599028244190045,4.0,313.07809330326495,231.77272727272728,608.6515718554501,0.0,0.0,5.954545454545454,0.0,0.0,104.60000000000008,279.6890105167335,755.2732531689791,0.0578721680486667,100.0,1.0,5.409821402232361
43,2042,7,9,3.212672331395627E18,134.90967491289058,3.1012492380827115E-4,1.0,45.41541009927736,5.0,345.953181014217,233.4331550802139,611.4293650981473,0.0,0.0,5.9866310160427805,0.0,0.0,104.60000000000008,287.36608777129106,733.8509032538847,0.06584100969482463,100.0,1.0,5.254372352698144
51,2042,11,8,6.50369789014244E18,122.52023899711364,1.0072442423886768E-4,1.0,29.669654286561393,5.0,493.23791998142536,331.2700534759358,311.81422900909246,0.0,0.0,5.754010695187166,0.0,0.0,88.0,1.2745169163443661,737.9104752125024,0.10362068534511241,100.0,1.0,4.760033369193407
44,2042,11,8,5.156518253817723E18,126.51910949823419,5.06260282425595E-6,1.0,36.32785706336455,4.0,469.97797674402193,331.47727272727275,420.177180345191,0.0,0.0,5.795454545454546,0.0,0.0,88.0,0.0,735.2024833409077,0.09561350059659943,100.0,1.0,4.915393472799353
48,2042,11,9,2.2093098651697398E18,128.86567230010635,1.1293697152522618E-4,1.0,48.3862391730067,2.0,498.7451424061942,339.47860962566847,727.7400042591507,0.0,0.0,5.89572192513369,0.0,0.0,88.0,0.0,775.5376084771249,0.0996183336930678,100.0,1.0,5.006559775862831
59,2042,11,9,2.819594302524464E18,127.75482353702259,6.75947959477487E-5,1.0,47.728084534965994,4.0,477.1714531436179,339.3382352941176,660.963730639241,0.0,0.0,5.867647058823529,0.0,0.0,88.0,0.0,722.9676002176552,0.09613797843548809,100.0,1.0,4.963402194522079
58,2042,11,9,4.687141051879245E18,124.71888020491951,1.3760350907669018E-4,1.0,25.991259668522442,2.0,567.1350882025232,333.47192513368987,266.7771652694971,0.0,0.0,5.894385026737968,0.0,0.0,88.0,6.422826126287897,758.1505760378893,0.11704480778447504,100.0,1.0,4.845452770932302
47,2042,11,9,8.815097190336754E18,129.93071738196647,7.383926757339791E-5,2.0,22.482329029988154,3.0,468.2648933174553,339.09090909090907,229.08635388449983,0.0,0.0,5.818181818181818,0.0,0.0,88.0,0.0,788.0257386292114,0.09276360135452963,100.0,1.0,5.047937838547382
45,2042,11,9,8.237168610376572E18,125.4511516818072,7.472889730319783E-5,1.0,20.52293810820888,4.0,534.7712732738993,333.12433155080214,190.31741991077857,0.0,0.0,5.824866310160428,0.0,0.0,88.0,0.0,735.0880850152149,0.10972137850138418,100.0,1.0,4.873902247474524
41,2042,11,9,1.9955042617296404E18,124.51164110572826,8.350159499414943E-5,2.0,36.41164677382678,3.0,563.5464925768175,333.3048128342246,444.47931011529784,0.0,0.0,5.86096256684492,0.0,0.0,88.0,0.6677502175988329,775.1268960403546,0.11649777528579254,100.0,1.0,4.837401325427239
55,2042,11,10,8.661686022710631E18,129.03937470053228,6.001101509506387E-6,1.0,20.65886366350639,2.0,476.00072785853865,341.19919786096256,202.9178718585251,0.0,0.0,5.939839572192513,0.0,0.0,88.0,0.0,777.3371229370472,0.09494742804338026,100.0,1.0,5.013308287203525
54,2042,11,10,7.887265943744844E18,129.60780773413202,5.4350670138147725E-5,1.0,30.386219592643588,2.0,528.0939203250887,340.9986631016043,343.1640840632948,0.0,0.0,5.899732620320855,0.0,0.0,88.0,6.741440687305846,784.7175531894904,0.10487641683156358,100.0,1.0,5.035392476968698
53,2042,11,10,2.957751204712242E18,130.79926523639736,7.112956968079612E-5,1.0,47.83499710255212,4.0,427.3356005237182,346.8783422459893,697.3013187377165,0.0,0.0,5.875668449197861,0.0,0.0,88.0,0.0,759.5543363393765,0.08409334120848566,100.0,1.0,5.081681788148486
52,2042,11,10,3.00978221914696E18,129.91131358829708,1.6946717147992964E-4,1.0,29.967692025034708,3.0,502.40475299435633,346.9919786096257,336.33834776621563,0.0,0.0,5.898395721925134,0.0,0.0,88.0,0.0,784.7249809026614,0.09954159681976463,100.0,1.0,5.047183981828597
50,2042,11,10,2.52771244661108E18,129.19062129372094,1.4739777747541403E-4,1.0,34.15244369729513,3.0,500.3331283226742,340.370320855615,392.23087606534483,0.0,0.0,5.774064171122995,0.0,0.0,88.0,0.0,755.1513323920876,0.09968415017923385,100.0,1.0,5.019184368057173
49,2042,11,10,3.317868809496197E18,124.60060390162195,8.473358573996482E-5,1.0,30.447760104210513,5.0,497.0443877942806,341.16577540106954,329.66806298778295,0.0,0.0,5.933155080213904,0.0,0.0,88.0,0.0,751.6970374128581,0.10267692771521562,100.0,1.0,4.840857618693863
57,2042,11,10,5.866154019238748E17,126.1161685421657,6.686608965249485E-5,1.0,1.8165305183934963,4.0,503.36529182382446,346.97192513368987,14.40489771911263,0.0,0.0,5.894385026737968,0.0,0.0,88.0,0.0,755.2582521676903,0.10273308656116284,100.0,1.0,4.899738815149319
56,2042,11,10,5.182538500345593E18,121.9152701550109,9.420562691624274E-5,1.0,32.4750862114204,4.0,573.5730461627803,341.09893048128345,359.8697678438366,0.0,0.0,5.919786096256685,0.0,0.0,88.0,14.332516569393158,746.8725060850463,0.12109562891791727,100.0,1.0,4.736529726862129
46,2042,11,10,6.646488575717851E18,129.8679216808093,1.1452175916110457E-4,1.0,31.87265529097542,3.0,472.95018733629706,340.8582887700535,358.3350709842292,0.0,0.0,5.871657754010696,0.0,0.0,88.0,0.0,764.7506469860201,0.09373706461850523,100.0,1.0,5.0454981629852425
43,2042,11,10,3.212672331395627E18,121.13680548877397,1.1854928280132685E-4,1.0,38.03256200694628,4.0,593.4392459426873,340.9451871657754,458.64172201804115,0.0,0.0,5.88903743315508,0.0,0.0,88.0,0.0,746.311548976948,0.1260950347091753,100.0,1.0,4.706285598884931
40,2042,11,10,3.5299406018237317E18,121.797582218057,5.506479471027542E-5,2.0,40.09972260567642,5.0,531.5203755524254,347.1524064171123,496.7905655185391,0.0,0.0,5.93048128342246,0.0,0.0,88.0,0.0,741.164554721337,0.11232568826981573,100.0,1.0,4.731957433242419
42,2042,11,11,2.853793568557007E18,128.9118230518829,3.1012492380827115E-4,1.0,31.904241763105336,3.0,535.3034454772458,354.64572192513367,367.56922494289506,0.0,0.0,5.929144385026738,0.0,0.0,88.0,4.2089372711412025,783.1851457647319,0.10688213653184422,100.0,1.0,5.008352778555832
52,2043,2,20,3.00978221914696E18,148.54445485681828,0.038325792587589905,1.0,32.611733184565196,1.0,278.39999999999634,236.41042780748663,415.70079773168425,0.0,0.0,6.282085561497326,0.0,0.0,104.80000000000148,524.83089641742,857.6393319036721,0.04835994596283591,100.0,1.0,5.7568302539862986
54,2043,2,21,7.887265943744844E18,151.6181214629083,0.038325792587589905,1.0,33.54288401274616,1.0,281.2999999999969,238.52540106951872,436.9288921599352,0.0,0.0,6.4050802139037435,0.0,0.0,104.80000000000148,500.24219752968355,864.5130065246101,0.047873109925390546,100.0,1.0,5.8759499944415206
58,2043,2,21,4.687141051879245E18,152.12470640470346,0.038325792587589905,0.0,33.160694719167616,0.0,281.2999999999969,238.1577540106952,422.0080172743748,0.0,0.0,6.331550802139038,0.0,0.0,104.80000000000148,512.4610428616278,849.5414182911138,0.047713689426391606,100.0,1.0,5.895582659437
57,2043,2,21,5.866154019238748E17,147.10896385984933,0.038325792587589905,1.0,12.757417910691954,1.0,281.2999999999969,238.17780748663102,117.9733134457072,0.0,0.0,6.3355614973262036,0.0,0.0,104.80000000000148,389.80111080609237,803.6943054159271,0.049340507913509135,100.0,1.0,5.701197897944189
45,2043,2,21,8.237168610376572E18,148.9540351848369,0.029122942695737022,1.0,24.520243388632608,2.0,281.2999999999969,238.0975935828877,270.77988253624034,0.0,0.0,6.31951871657754,0.0,0.0,104.80000000000148,524.3482313512513,831.8983835838477,0.048729334431712845,100.0,1.0,5.77270351176658
44,2043,2,21,5.156518253817723E18,146.77164073428006,0.038325792587589905,1.0,42.96630569410194,2.0,281.2999999999969,237.54946524064172,587.9213847682279,0.0,0.0,6.209893048128342,0.0,0.0,104.80000000000148,381.78676333715106,779.7357977475526,0.04945390648467241,100.0,1.0,5.688124963134755
40,2043,2,21,3.5299406018237317E18,148.50031388655015,0.017078712147783018,0.0,49.54043235634456,0.0,281.2999999999969,238.48529411764707,787.2234162393398,0.0,0.0,6.397058823529412,0.0,0.0,104.80000000000148,472.6578994083633,801.0473371330237,0.0488782198872674,100.0,1.0,5.755119573683053
55,2043,2,22,8.661686022710631E18,152.54449013695498,0.038325792587589905,0.0,28.5999861895338,0.0,284.2000000000032,240.5601604278075,335.75434042343306,0.0,0.0,6.512032085561497,0.0,0.0,104.80000000000148,459.9380513567591,837.040953796378,0.048072927277882926,100.0,1.0,5.911851349454978
48,2043,2,23,2.2093098651697398E18,154.38501583671885,0.010383536952464682,0.0,48.402592616101465,0.0,287.1000000000037,241.9331550802139,831.9666460319204,0.0,0.0,6.4866310160427805,0.0,0.0,104.80000000000148,521.6129330588006,885.9658291708419,0.04798451019593045,100.0,1.0,5.983180797880741
53,2043,2,24,2.957751204712242E18,160.36072878756323,0.011096824277223704,0.0,48.666326309461006,0.0,290.00000000000006,243.774064171123,862.175264468747,0.0,0.0,6.554812834224599,0.0,0.0,104.80000000000148,657.6835465811884,908.6001720333803,0.04666303657143607,100.0,1.0,6.214769147225156
51,2043,2,24,6.50369789014244E18,158.96164530340496,0.010954898285322198,0.0,36.10122011808718,0.0,290.00000000000006,243.66042780748663,498.0082053780016,0.0,0.0,6.532085561497326,0.0,0.0,104.80000000000148,572.3270721624688,880.5404091366164,0.04707373616921106,100.0,1.0,6.160547761868046
59,2043,2,24,2.819594302524464E18,159.17465620353425,0.011096824277223704,0.0,49.68790139852196,0.0,290.00000000000006,243.8542780748663,880.3146291323574,0.0,0.0,6.570855614973262,0.0,0.0,104.80000000000148,709.3296119065051,890.7504015607888,0.047010741097300635,100.0,1.0,6.168802984827905
56,2043,2,24,5.182538500345593E18,155.94300476443246,0.006886695536939289,1.0,34.50792828304512,1.0,290.00000000000006,244.25534759358288,470.6886378737587,0.0,0.0,6.651069518716578,0.0,0.0,104.80000000000148,644.3884655804843,892.2060616881562,0.04798495811556221,100.0,1.0,6.0435605529047844
46,2043,2,24,6.646488575717851E18,154.31707587883255,0.008751438704435104,0.0,29.687563653151173,0.0,290.00000000000006,244.21524064171123,379.1498767714213,0.0,0.0,6.643048128342246,0.0,0.0,104.80000000000148,596.6581462213485,896.311186307773,0.048490541370234806,100.0,1.0,5.980547789429552
42,2043,2,24,2.853793568557007E18,158.59494376402657,0.004168508581622792,0.0,37.733131240230655,0.0,290.00000000000006,244.60294117647058,540.5132959420521,0.0,0.0,6.720588235294118,0.0,0.0,104.80000000000148,569.0222397274472,890.9287748262435,0.04718257956048109,100.0,1.0,6.146336268627765
49,2043,2,25,3.317868809496197E18,159.58037851765604,0.011779099109601902,0.0,34.845096359343465,0.0,292.8999999999962,246.20320855614975,495.214952080979,0.0,0.0,6.740641711229946,0.0,0.0,104.80000000000148,707.7590350575615,924.993771906541,0.047360131663807696,100.0,1.0,6.184526725541781
47,2043,2,25,8.815097190336754E18,157.92455165730732,0.011515456652153793,1.0,25.256197046628955,2.0,292.8999999999962,244.77941176470588,311.0843847433846,0.0,0.0,6.455882352941177,0.0,0.0,104.80000000000148,578.4476604101197,918.9629465379787,0.04785669902648579,100.0,1.0,6.120355268086789
43,2043,2,25,3.212672331395627E18,160.26447405181221,0.011779099109601902,0.0,42.013030059050195,0.0,292.8999999999962,246.42379679144386,669.6670346716196,0.0,0.0,6.78475935828877,0.0,0.0,104.80000000000148,683.9137334688529,923.3845344761226,0.047157972983539256,100.0,1.0,6.211038801481874
41,2043,2,27,1.9955042617296404E18,164.8847559354591,0.013050611297215815,1.0,44.35461137091551,1.0,298.7000000000036,249.36363636363637,729.5984231075819,0.0,0.0,6.7727272727272725,0.0,0.0,104.80000000000148,584.1275387399807,914.4463910824145,0.04674420060769167,100.0,1.0,6.39009751192222
50,2043,2,28,2.52771244661108E18,167.00384747272096,0.013670861144832352,1.0,35.37505428007858,1.0,301.60000000000383,257.4385026737968,534.7980019925277,0.0,0.0,6.887700534759358,0.0,0.0,143.0,542.6211898077887,975.9219600848635,0.046599137755727,100.0,1.0,6.472222760450914
52,2043,7,3,3.00978221914696E18,129.56142506427634,1.0049414251726222E-4,1.0,34.40150123812133,4.0,275.84457212856825,222.80213903743316,381.5358357662009,0.0,0.0,5.660427807486631,0.0,0.0,104.89999999999989,271.8126857592505,726.3344604106927,0.055072719992806246,100.0,1.0,5.008733401302857
58,2043,7,3,4.687141051879245E18,130.44516382069494,9.57648603656964E-6,1.0,34.88646547138121,3.0,280.74513184238805,220.36229946524065,379.98414124186394,0.0,0.0,5.172459893048129,0.0,0.0,104.89999999999989,263.8099999999982,707.6596852770967,0.055671388320038935,100.0,1.0,5.0428979825052025
55,2043,7,4,8.661686022710631E18,125.86860011089126,5.5838120959357415E-5,1.0,23.96811163797568,6.0,288.59338033392635,224.91042780748663,231.80944798515463,0.0,0.0,5.782085561497326,0.0,0.0,104.89999999999989,282.2164808991678,733.5038997255565,0.05930847581222311,100.0,1.0,4.865971960696536
54,2043,7,4,7.887265943744844E18,132.04907187105937,4.67478028049851E-5,1.0,39.79730058994211,3.0,283.5581015986448,225.27139037433156,450.44012399904796,0.0,0.0,5.85427807486631,0.0,0.0,104.89999999999989,103.3471439633333,680.2256504192873,0.05554621963865682,100.0,1.0,5.104903689994871
57,2043,7,4,5.866154019238748E17,132.05317959399133,8.510563221961339E-5,1.0,13.031427449868188,5.0,282.6379957970597,224.4157754010695,107.96654268065248,0.0,0.0,5.683155080213904,0.0,0.0,104.89999999999989,261.61934801944136,717.3285750258606,0.055364257791830074,100.0,1.0,5.105062491034924
44,2043,7,4,5.156518253817723E18,132.78050609251935,4.3889742967488136E-5,1.0,41.96340399151569,4.0,282.57073577305704,224.3355614973262,518.304726103779,0.0,0.0,5.6671122994652405,0.0,0.0,104.89999999999989,290.15375791854586,715.9211328298608,0.055047888205670595,100.0,1.0,5.133180308703447
40,2043,7,4,3.5299406018237317E18,133.1520395101908,5.581802084382129E-5,1.0,53.16801830022224,3.0,282.9624392796152,222.85160427807486,755.6073238025664,0.0,0.0,5.370320855614973,0.0,0.0,104.89999999999989,215.56797659508834,664.9874427880106,0.05497038361053843,100.0,1.0,5.147543471487948
51,2043,7,5,6.50369789014244E18,132.94201010428196,1.0570038302940387E-4,1.0,32.65997440476466,3.0,305.3610399266257,225.86898395721926,376.2059598694514,0.0,0.0,5.67379679144385,0.0,0.0,104.89999999999989,411.13819799406804,773.8453004055268,0.05941542183966224,100.0,1.0,5.139423915068203
59,2043,7,5,2.819594302524464E18,139.1339875164992,7.010057048107396E-5,1.0,50.77615202588994,1.0,305.4843328874083,226.65106951871658,784.5774913449887,0.0,0.0,5.830213903743315,0.0,0.0,104.89999999999989,453.8832654000087,759.6775926784014,0.05679413767533396,100.0,1.0,5.378800442991531
47,2043,7,5,8.815097190336754E18,136.91878688608202,8.17839988945863E-5,1.0,25.35484066499125,1.0,312.0858069495582,224.94652406417111,270.16569706526,0.0,0.0,5.489304812834225,0.0,0.0,104.89999999999989,382.44583785219754,793.6353986236209,0.05896017660133395,100.0,1.0,5.293162689449905
45,2043,7,5,8.237168610376572E18,138.23559027278435,4.176204198872489E-5,1.0,33.155900760194434,1.0,285.95140039377776,227.19919786096256,338.85880795329285,0.0,0.0,5.939839572192513,0.0,0.0,104.89999999999989,198.69081474741995,681.9434768682739,0.05350817717900405,100.0,1.0,5.3440691772617805
53,2043,7,6,2.957751204712242E18,139.63552372558672,4.448148648999874E-5,0.0,50.32430470602839,0.0,308.963441206879,228.77272727272728,774.6005789794426,0.0,0.0,5.954545454545454,0.0,0.0,104.89999999999989,371.38437507498827,763.5066247215279,0.05723464261761283,100.0,1.0,5.398189402021384
48,2043,7,6,2.2093098651697398E18,135.99780342462165,7.283347200757898E-5,1.0,47.372878943610075,3.0,300.34176015512196,228.13770053475935,715.6206669701618,0.0,0.0,5.827540106951871,0.0,0.0,104.89999999999989,376.99431695999317,793.9660194670175,0.05712571222336876,100.0,1.0,5.257558259943398
43,2043,7,6,3.212672331395627E18,137.50565500017035,6.756534287761899E-5,1.0,45.633104164981845,3.0,316.17949234774807,223.97326203208556,622.54313813912,0.0,0.0,4.994652406417113,0.0,0.0,104.89999999999989,385.2614765505208,740.904146865468,0.059478627541072346,100.0,1.0,5.315850506628009
42,2043,7,6,2.853793568557007E18,133.88731372094563,4.427825868193477E-5,1.0,35.52680296921811,2.0,308.10306434022476,228.87299465240642,428.711974712776,0.0,0.0,5.974598930481283,0.0,0.0,104.89999999999989,378.1420185297282,776.7377115031151,0.059525683339565746,100.0,1.0,5.175968540884162
50,2043,7,7,2.52771244661108E18,134.8607682157498,4.33014414700183E-5,1.0,38.71367165404415,3.0,350.8947778509054,230.2927807486631,471.5757540853842,0.0,0.0,5.958556149732621,0.0,0.0,104.89999999999989,280.93656115934397,745.3619324880175,0.0673037210166697,100.0,1.0,5.213601455467763
49,2043,7,7,3.317868809496197E18,133.63899036050722,8.52928833356081E-5,1.0,36.50378193294481,3.0,318.6809298317312,230.39304812834226,433.5663734029205,0.0,0.0,5.978609625668449,0.0,0.0,104.89999999999989,343.0875370124066,752.8334991233314,0.0616837388436595,100.0,1.0,5.166368573076348
56,2043,7,7,5.182538500345593E18,137.59589271416533,5.236827487475026E-5,1.0,38.872592439288006,3.0,309.950343082388,230.4331550802139,466.69507884933523,0.0,0.0,5.9866310160427805,0.0,0.0,104.89999999999989,313.08410591384137,732.8790614099813,0.058268582236861835,100.0,1.0,5.319339019137956
46,2043,7,7,6.646488575717851E18,135.82634970052894,3.8668943118238294E-5,1.0,32.44052046139298,2.0,309.44985585058595,230.2927807486631,363.81457433161705,0.0,0.0,5.958556149732621,0.0,0.0,104.89999999999989,327.96260933353926,756.0421685171074,0.058932390163734256,100.0,1.0,5.250930006246629
41,2043,7,7,1.9955042617296404E18,139.82370636302582,4.301316557673662E-5,1.0,44.22829603584831,3.0,339.12862538525087,229.5374331550802,615.4709899425957,0.0,0.0,5.807486631016043,0.0,0.0,104.89999999999989,346.99342498242044,775.2473312596212,0.06273811119144643,100.0,1.0,5.40546438113819
47,2043,11,7,8.815097190336754E18,125.16466198835617,7.310818571623553E-5,1.0,20.32844313619748,4.0,467.4816678070697,323.64973262032083,197.65039928369515,0.0,0.0,5.729946524064171,0.0,0.0,88.0,0.0,772.4233238069193,0.09685120639307203,100.0,1.0,4.826802733977195
53,2043,11,8,2.957751204712242E18,128.0332309343209,1.7002462928085037E-4,1.0,47.099271480699876,2.0,499.9892328686517,331.54411764705884,662.9775613583073,0.0,0.0,5.8088235294117645,0.0,0.0,88.0,13.423450642581283,743.8439883460904,0.10126517737280238,100.0,1.0,4.937425142978498
52,2043,11,8,3.00978221914696E18,124.30627634399553,1.0693962889940384E-4,1.0,28.13321833736858,6.0,419.898382641246,331.8382352941176,298.768586173701,0.0,0.0,5.867647058823529,0.0,0.0,88.0,0.0,761.5390239904915,0.08759379156251713,100.0,1.0,4.793700274311765
49,2043,11,8,3.317868809496197E18,123.52340432960624,1.0372071030376962E-4,2.0,31.02042751266325,6.0,517.7726279100401,337.8917112299465,339.69289293943433,0.0,0.0,5.878342245989304,0.0,0.0,88.0,0.0,754.1949028642966,0.10869561299543827,100.0,1.0,4.76350989374125
59,2043,11,8,2.819594302524464E18,126.64718853723113,8.19136090354652E-5,1.0,49.204032205868906,4.0,473.57852983403694,331.1029411764706,690.4377068688283,0.0,0.0,5.720588235294118,0.0,0.0,88.0,0.0,711.7526635815061,0.0969658106414383,100.0,1.0,4.883974327665274
58,2043,11,8,4.687141051879245E18,129.19098367570726,7.239143879744892E-5,1.0,30.399522297115873,2.0,420.92486481102026,325.677807486631,327.0543819305413,0.0,0.0,5.8355614973262036,0.0,0.0,88.0,0.0,747.4706590030735,0.08448790803568113,100.0,1.0,4.982072282263804
57,2043,11,8,5.866154019238748E17,127.71695384261646,1.114976394846785E-5,1.0,7.087716034352492,5.0,441.99666489952415,331.6644385026738,56.86940155362464,0.0,0.0,5.8328877005347595,0.0,0.0,88.0,4.046590334966365,739.3533518841339,0.08974135476501569,100.0,1.0,4.925228352712923
56,2043,11,8,5.182538500345593E18,118.18392364937328,1.5413763608760985E-4,2.0,28.959715154485437,7.0,524.8847386485807,331.8716577540107,298.08061424096417,0.0,0.0,5.874331550802139,0.0,0.0,88.0,0.0,729.7123682601876,0.115166911998728,100.0,1.0,4.557600178203771
45,2043,11,8,8.237168610376572E18,128.29363382394445,1.1195845624847336E-4,1.0,23.890224837967185,2.0,472.275341106914,325.9117647058824,226.17907251367646,0.0,0.0,5.882352941176471,0.0,0.0,88.0,2.567636313251573,718.8659252951637,0.09545800304498102,100.0,1.0,4.947467221625954
44,2043,11,8,5.156518253817723E18,124.02696667962971,3.1012492380827115E-4,1.0,35.10449131451964,5.0,442.93065927164724,331.951871657754,404.2015649333342,0.0,0.0,5.890374331550802,0.0,0.0,88.0,4.390183236811933,745.8096170965031,0.09260657051000451,100.0,1.0,4.78292908194669
43,2043,11,8,3.212672331395627E18,129.9181291632212,3.1012492380827115E-4,1.0,41.82621784135998,2.0,496.3939088610194,331.524064171123,537.877183824696,0.0,0.0,5.804812834224599,0.0,0.0,88.0,39.28352146455629,747.1525286986202,0.09907837305182236,100.0,1.0,5.010113646107041
55,2043,11,9,8.661686022710631E18,127.27484571789302,9.530575408981904E-5,1.0,20.823379014503733,2.0,436.38544087792235,333.68582887700535,203.16792264989107,0.0,0.0,5.93716577540107,0.0,0.0,88.0,0.0,770.5184856984685,0.08890984525271023,100.0,1.0,4.908179062032728
54,2043,11,9,7.887265943744844E18,128.01716902665626,1.3820183770422067E-4,1.0,27.927356010876686,5.0,444.8387591203298,339.4117647058824,305.7651354115339,0.0,0.0,5.882352941176471,0.0,0.0,88.0,0.0,787.6692605089095,0.09010659579507453,100.0,1.0,4.936805737639974
51,2043,11,9,6.50369789014244E18,127.6318560616432,3.1012492380827115E-4,1.0,31.72403354612085,4.0,467.6736578962855,339.4117647058824,349.8056259748007,0.0,0.0,5.882352941176471,0.0,0.0,88.0,3.648842196923237,751.5806517537196,0.09501802617305022,100.0,1.0,4.92194667403995
50,2043,11,9,2.52771244661108E18,126.61402591628145,1.2114254836260595E-4,1.0,32.7808375312198,2.0,522.8751032484175,339.67914438502675,374.0077991236427,0.0,0.0,5.935828877005347,0.0,0.0,88.0,0.0,765.6911526072004,0.10708738807610267,100.0,1.0,4.882695456880799
48,2043,11,9,2.2093098651697398E18,125.80152092453011,8.381754697520841E-5,2.0,44.3573142498349,7.0,496.91425614757014,338.7232620320856,618.2761306732816,0.0,0.0,5.744652406417113,0.0,0.0,88.0,0.0,774.6807533647818,0.10242777661832075,100.0,1.0,4.851362321367517
46,2043,11,9,6.646488575717851E18,125.58201236235955,7.429921509541716E-5,1.0,27.184823831771123,2.0,524.5862933132223,332.8368983957219,281.160655424624,0.0,0.0,5.767379679144385,0.0,0.0,88.0,0.0,751.6756541675828,0.10832075582125104,100.0,1.0,4.842897276112855
42,2043,11,9,2.853793568557007E18,126.4589109823372,1.2772855181559766E-4,1.0,33.07629412240453,5.0,493.5623139073923,339.4385026737968,376.0480790636315,0.0,0.0,5.887700534759358,0.0,0.0,88.0,0.0,759.7070764410785,0.10120797487749873,100.0,1.0,4.876713663175218
40,2043,11,9,3.5299406018237317E18,125.76661355070001,1.045599877977988E-4,2.0,44.691410278899326,5.0,446.3063596169093,339.4986631016043,598.5981809856563,0.0,0.0,5.899732620320855,0.0,0.0,88.0,5.498771596819543,739.8864034192196,0.09202162308058913,100.0,1.0,4.850016166592179
41,2043,11,10,1.9955042617296404E18,126.04870667534958,8.978718118363377E-5,2.0,36.39627841171519,5.0,534.8094696447181,346.63770053475935,455.600125505578,0.0,0.0,5.827540106951871,0.0,0.0,88.0,0.0,795.0112630914007,0.11002284614913731,100.0,1.0,4.8608946992679805
53,2044,2,19,2.957751204712242E18,147.57974839561268,0.03903907991234893,1.0,45.9774116624883,1.0,272.6000000000036,234.14839572192514,714.771109873698,0.0,0.0,6.129679144385027,0.0,0.0,105.10000000000012,514.4515539488598,839.0503136756552,0.04801702535357212,100.0,1.0,5.6771530096402385
56,2044,2,20,5.182538500345593E18,150.97303941534992,0.03903907991234893,1.0,37.491568427429456,1.0,278.39999999999634,235.78877005347593,485.7719799195936,0.0,0.0,6.157754010695188,0.0,0.0,105.10000000000012,487.36415117847224,809.1415208658262,0.0479364643579622,100.0,1.0,5.807687398909185
47,2044,2,20,8.815097190336754E18,152.16378001919804,0.03903907991234893,0.0,21.658924917640785,0.0,278.39999999999634,236.13636363636363,244.24063133467604,0.0,0.0,6.2272727272727275,0.0,0.0,105.10000000000012,531.8421087028071,881.9266110133316,0.04756134292953319,100.0,1.0,5.853493254226933
46,2044,2,20,6.646488575717851E18,152.13816034234014,0.02183393731115713,0.0,35.50977596312694,0.0,278.39999999999634,236.09625668449198,461.4555600541255,0.0,0.0,6.219251336898396,0.0,0.0,105.10000000000012,469.8709288076281,837.2872649962402,0.04756935213796624,100.0,1.0,5.852507706906494
59,2044,2,21,2.819594302524464E18,149.89260151506807,0.03903907991234893,1.0,53.56195927141376,1.0,281.2999999999969,237.83021390374333,892.7621535803647,0.0,0.0,6.266042780748663,0.0,0.0,105.10000000000012,421.926612605496,773.511947321283,0.04878493167985187,100.0,1.0,5.766124709285459
43,2044,2,21,3.212672331395627E18,148.77689251200678,0.03903907991234893,1.0,47.12882004840475,1.0,281.2999999999969,237.84358288770053,690.0072877173737,0.0,0.0,6.268716577540107,0.0,0.0,105.10000000000012,346.66310705814965,773.4555725973671,0.04915078007586229,100.0,1.0,5.723205197675834
51,2044,2,22,6.50369789014244E18,150.80917117277644,0.010507586921987989,0.0,35.60321747681625,0.0,284.2000000000032,239.6711229946524,483.18869266917966,0.0,0.0,6.334224598930481,0.0,0.0,105.10000000000012,559.394761738954,872.7902365100682,0.04898831329723767,100.0,1.0,5.801383654007711
52,2044,2,23,3.00978221914696E18,156.42148867298752,0.011220874246747012,0.0,35.664806799571316,0.0,287.1000000000037,241.4318181818182,489.78684019683976,0.0,0.0,6.386363636363637,0.0,0.0,105.10000000000012,554.1203697536691,882.363832055014,0.04771258469731125,100.0,1.0,6.017280384648344
49,2044,2,23,3.317868809496197E18,157.8563270345033,0.011220874246747012,0.0,34.74168744896228,0.0,284.2000000000032,241.53208556149733,473.65412242136534,0.0,0.0,6.406417112299465,0.0,0.0,105.10000000000012,623.7822631353172,888.2449540260251,0.04680133552007651,100.0,1.0,6.072476283889144
58,2044,2,23,4.687141051879245E18,162.39915307432616,0.011220874246747012,0.0,30.0446995365476,0.0,287.1000000000037,241.53208556149733,397.6004152139887,0.0,0.0,6.406417112299465,0.0,0.0,105.10000000000012,682.7594955041856,924.864450166245,0.04595635744093853,100.0,1.0,6.24723141665382
44,2044,2,23,5.156518253817723E18,157.11863556236744,0.005767599399227979,0.0,39.37654486010486,0.0,287.1000000000037,241.27807486631016,592.3319149744008,0.0,0.0,6.355614973262032,0.0,0.0,105.10000000000012,691.0587387683455,911.080809308591,0.047500880465748026,100.0,1.0,6.044098492174814
42,2044,2,23,2.853793568557007E18,160.2550169046521,0.010971929626647926,0.0,36.97738240543531,0.0,287.1000000000037,241.81951871657753,537.6921799648721,0.0,0.0,6.463903743315508,0.0,0.0,105.10000000000012,631.4937297612195,915.5290624963385,0.04657123172143747,100.0,1.0,6.164749983794117
55,2044,2,24,8.661686022710631E18,156.37683059321938,0.01190314907912521,0.0,26.11542925156635,0.0,290.00000000000006,244.20855614973263,308.95813325853777,0.0,0.0,6.641711229946524,0.0,0.0,105.10000000000012,514.5382640904132,872.2817176925138,0.04820829338637918,100.0,1.0,6.015562460917502
54,2044,2,24,7.887265943744844E18,158.169075957937,0.01190314907912521,0.0,33.984462041611096,0.0,290.00000000000006,243.96122994652407,477.7464383014732,0.0,0.0,6.592245989304812,0.0,0.0,105.10000000000012,608.5086206100668,927.0833572338615,0.047662035593321904,100.0,1.0,6.084507226557335
48,2044,2,24,2.2093098651697398E18,151.27812042435906,0.011698757278490348,1.0,46.59921461993423,3.0,290.00000000000006,243.89438502673798,793.5641035009103,0.0,0.0,6.578877005347594,0.0,0.0,105.10000000000012,542.0792190256191,908.597310771752,0.049833116031075084,100.0,1.0,5.819423369374714
57,2044,2,24,5.866154019238748E17,160.0710800745158,0.01190314907912521,1.0,12.93492870174607,1.0,290.00000000000006,243.62700534759358,135.5052468273004,0.0,0.0,6.525401069518717,0.0,0.0,105.10000000000012,597.6258719464392,909.217540811792,0.04709570351221883,100.0,1.0,6.15767423295334
41,2044,2,24,1.9955042617296404E18,159.4960944497728,0.01190314907912521,0.0,40.13502999688736,0.0,290.00000000000006,244.17513368983958,611.9646563703009,0.0,0.0,6.635026737967914,0.0,0.0,105.10000000000012,597.2235783037445,911.8454286017702,0.04726548417424761,100.0,1.0,6.135555470687535
40,2044,2,24,3.5299406018237317E18,159.98707693954483,0.01190314907912521,0.0,44.98796231583468,0.0,290.00000000000006,244.09491978609626,727.3695145535507,0.0,0.0,6.6189839572192515,0.0,0.0,105.10000000000012,651.8809541449765,888.7927521475038,0.047120431676607955,100.0,1.0,6.154442768909629
50,2044,2,25,2.52771244661108E18,161.49347868277084,0.012585423911503411,0.0,34.75697761167453,0.0,292.8999999999962,246.06951871657753,510.41449884376954,0.0,0.0,6.713903743315508,0.0,0.0,105.10000000000012,684.5967947469907,957.0586730040575,0.047147703990619044,100.0,1.0,6.212391595108734
45,2044,2,25,8.237168610376572E18,161.5114225614812,0.012585423911503411,0.0,24.88713424618007,0.0,292.8999999999962,245.5548128342246,290.13839256165323,0.0,0.0,6.61096256684492,0.0,0.0,105.10000000000012,580.3649604440425,874.4316096974713,0.047142465892480556,100.0,1.0,6.21308186695247
59,2044,7,2,2.819594302524464E18,129.11702399641115,1.5202202147464265E-4,1.0,51.256799510559055,5.0,280.2272314790958,222.65508021390374,734.3626916187075,0.0,0.0,5.6310160427807485,0.0,0.0,105.19999999999852,304.13737075999967,697.4168775026623,0.0565583313992611,100.0,1.0,4.954658748697752
47,2044,7,2,8.815097190336754E18,133.67859666606972,9.531161220980731E-6,1.0,24.106779732017408,3.0,276.3348570026521,223.19652406417111,238.3220738315478,0.0,0.0,5.739304812834225,0.0,0.0,105.19999999999852,264.48473913868474,748.5932368262299,0.05386957538226561,100.0,1.0,5.129701785130911
53,2044,7,3,2.957751204712242E18,133.59058724684115,1.2020345884041518E-4,2.0,47.03820586565861,4.0,274.7314058922014,223.2860962566845,660.4391593990405,0.0,0.0,5.457219251336898,0.0,0.0,105.19999999999852,343.26799037793495,742.6220086410648,0.05359227696561253,100.0,1.0,5.12632456479658
50,2044,7,3,2.52771244661108E18,130.35678070548025,9.432023230178564E-5,1.0,32.77525511497955,4.0,310.6608166134474,224.10160427807486,387.72903602956916,0.0,0.0,5.620320855614973,0.0,0.0,105.19999999999852,417.20326499999953,793.8838371683593,0.06210443463187616,100.0,1.0,5.002232424381422
56,2044,7,3,5.182538500345593E18,129.54177836827097,1.0835951216221909E-4,1.0,38.01040460140265,5.0,279.0525556267072,225.4451871657754,421.6539604055984,0.0,0.0,5.88903743315508,0.0,0.0,105.19999999999852,219.2921555740475,686.6978163686051,0.05613657461900902,100.0,1.0,4.970958016597867
46,2044,7,3,6.646488575717851E18,134.84975397411355,1.758077799366616E-4,1.0,36.535225489144736,2.0,279.2269921815858,225.3850267379679,419.96696747295294,0.0,0.0,5.877005347593583,0.0,0.0,105.19999999999852,258.25507015914604,728.3494285694643,0.05396062848565562,100.0,1.0,5.174643068803634
41,2044,7,3,1.9955042617296404E18,133.15073976938297,6.783134816453878E-5,1.0,37.334237104917335,3.0,302.4193355354911,224.99732620320856,474.30494075377084,0.0,0.0,5.7994652406417115,0.0,0.0,105.19999999999852,410.59385827999256,794.663381398531,0.05918828151724477,100.0,1.0,5.109446123171863
55,2044,7,4,8.661686022710631E18,136.15442705652885,5.251014625944313E-5,1.0,20.609788179534704,5.0,304.08437763327913,226.89171122994654,211.88946788854972,0.0,0.0,5.878342245989304,0.0,0.0,105.19999999999852,468.2040136150725,814.0550070254847,0.05820122175472483,100.0,1.0,5.224707806217028
54,2044,7,4,7.887265943744844E18,137.3927571636174,6.047677921378142E-5,1.0,35.99769508815694,2.0,304.7344085689736,223.52941176470588,438.569757883158,0.0,0.0,5.205882352941177,0.0,0.0,105.19999999999852,373.2968618923645,778.7155431362175,0.057799943684720204,100.0,1.0,5.272226738337328
52,2044,7,4,3.00978221914696E18,136.68543326410415,4.5234090403773485E-5,1.0,34.82414468102439,2.0,297.87271868362166,226.67780748663102,416.93302618162477,0.0,0.0,5.8355614973262036,0.0,0.0,105.19999999999852,375.3532562694731,779.1298980637846,0.05679083511875833,100.0,1.0,5.245084317931304
51,2044,7,4,6.50369789014244E18,134.97096148282938,8.501231464042518E-5,1.0,35.35542561781413,3.0,290.9906741412632,227.38636363636363,428.4159227888415,0.0,0.0,5.9772727272727275,0.0,0.0,105.19999999999852,396.43668598271665,782.1597328025741,0.056183460949967096,100.0,1.0,5.179294212586838
49,2044,7,4,3.317868809496197E18,141.56036401519046,4.341054364617457E-5,1.0,37.0070005677545,1.0,298.32195580577604,224.9866310160428,451.25413235764125,0.0,0.0,5.497326203208556,0.0,0.0,105.19999999999852,407.3374765740543,767.0367925998455,0.05491782217239334,100.0,1.0,5.43215196825011
48,2044,7,4,2.2093098651697398E18,132.71793302749026,4.886935452383724E-5,1.0,45.04193120388147,4.0,302.58136097940246,227.32620320855614,671.4235397417704,0.0,0.0,5.96524064171123,0.0,0.0,105.19999999999852,412.5475491399994,818.2140998703275,0.05941311492478173,100.0,1.0,5.0928378584842235
57,2044,7,4,5.866154019238748E17,132.09057979018644,3.1012492380827115E-4,1.0,10.979082625527282,5.0,305.5941387009154,226.5975935828877,94.88994917639586,0.0,0.0,5.81951871657754,0.0,0.0,105.19999999999852,350.5850673399984,765.0862768891587,0.06028967369707125,100.0,1.0,5.06876418400255
44,2044,7,4,5.156518253817723E18,140.7518413049975,3.868823899803781E-5,0.0,41.66765125095204,0.0,297.99743456530985,227.41978609625667,560.2193529338101,0.0,0.0,5.983957219251337,0.0,0.0,105.19999999999852,425.2392625023507,783.2600549075831,0.05517320336772657,100.0,1.0,5.401126205762828
43,2044,7,4,3.212672331395627E18,135.82255715197076,3.8014822727172236E-5,1.0,45.87372614380984,3.0,285.78344451238456,226.9318181818182,611.8822391070646,0.0,0.0,5.886363636363637,0.0,0.0,105.19999999999852,271.94266541631083,720.8549952573603,0.054832105574948,100.0,1.0,5.211972830803618
42,2044,7,4,2.853793568557007E18,133.97020173482412,4.853285192617701E-5,1.0,34.96599785793539,3.0,299.22204805157565,227.38636363636363,424.2374859987815,0.0,0.0,5.9772727272727275,0.0,0.0,105.19999999999852,391.5523990888416,787.6288489059509,0.05820430923708339,100.0,1.0,5.140891662037524
58,2044,7,5,4.687141051879245E18,135.7326293239168,6.290566405847285E-5,2.0,28.94904330956792,3.0,303.10351498880266,228.19786096256684,319.6713390852391,0.0,0.0,5.839572192513369,0.0,0.0,105.19999999999852,393.78843204320054,782.9110496614861,0.058193766927095214,100.0,1.0,5.208521994606895
45,2044,7,5,8.237168610376572E18,137.63822927367673,5.816296395503958E-5,1.0,23.935743602559924,3.0,316.4533953681156,228.60561497326202,237.35646419714635,0.0,0.0,5.921122994652406,0.0,0.0,105.19999999999852,365.5954593765423,752.6267708940144,0.05991567310279073,100.0,1.0,5.281646336931095
40,2044,7,5,3.5299406018237317E18,139.33793503920873,4.660729242685168E-5,1.0,44.678316600431494,2.0,308.43328099302755,228.0842245989305,627.8215313178172,0.0,0.0,5.816844919786096,0.0,0.0,105.19999999999852,454.3745964548252,776.271344784858,0.05768483082075078,100.0,1.0,5.346869820099669
50,2044,11,6,2.52771244661108E18,122.34740528168324,5.0117149936695385E-5,1.0,31.18531479002058,6.0,436.1182842945619,324.2379679144385,345.4868550244606,0.0,0.0,5.847593582887701,0.0,0.0,88.0,29.224940161515317,760.7882658377613,0.09312204315408007,100.0,1.0,4.683298062661264
46,2044,11,6,6.646488575717851E18,129.43035991085378,9.414842859996088E-5,1.0,32.05855441418012,1.0,441.88847376369347,324.3516042780749,352.8981177708971,0.0,0.0,5.870320855614973,0.0,0.0,88.0,0.0,746.5490409850778,0.08919068087140565,100.0,1.0,4.95442426771923
41,2044,11,6,1.9955042617296404E18,127.41713624929758,1.5822700194299553E-4,1.0,37.03131222358304,4.0,439.7311567300739,324.12433155080214,448.96647928492456,0.0,0.0,5.824866310160428,0.0,0.0,88.0,1.746322268588068,762.3617324220274,0.09015760428287706,100.0,1.0,4.877360708813652
54,2044,11,7,7.887265943744844E18,125.18891407757464,4.2917924689769046E-5,1.0,28.949717577828185,5.0,470.2209996973584,332.0187165775401,320.780326367621,0.0,0.0,5.903743315508021,0.0,0.0,88.0,0.0,785.6427017231337,0.0981248741559313,100.0,1.0,4.792067289178125
53,2044,11,7,2.957751204712242E18,124.0232859003999,3.1012492380827115E-4,1.0,42.67330392711749,5.0,443.22368312009417,331.6844919786096,555.0096008353543,0.0,0.0,5.836898395721925,0.0,0.0,88.0,0.0,744.3542329360048,0.09336039692260507,100.0,1.0,4.747448572733925
52,2044,11,7,3.00978221914696E18,123.95652614292615,9.159034961850889E-5,1.0,29.537441294413497,6.0,469.2400460820327,331.49732620320856,320.07697843349257,0.0,0.0,5.7994652406417115,0.0,0.0,88.0,0.0,761.9248290982906,0.09889370245093335,100.0,1.0,4.744893096856685
49,2044,11,7,3.317868809496197E18,124.86629612045733,3.1012492380827115E-4,1.0,30.365998413423146,6.0,476.3082378795819,331.1898395721925,325.929069679389,0.0,0.0,5.737967914438503,0.0,0.0,88.0,0.0,746.0377994670956,0.09965195605979396,100.0,1.0,4.779717897296302
48,2044,11,7,2.2093098651697398E18,125.613179430583,2.632639421122846E-4,1.0,45.61558905574429,5.0,463.66619097523846,325.8382352941176,642.0155237515642,0.0,0.0,5.867647058823529,0.0,0.0,88.0,0.0,764.3979921751594,0.09643022630603033,100.0,1.0,4.808307609937059
58,2044,11,7,4.687141051879245E18,122.05588807049682,5.8184788706992705E-5,2.0,22.71046264745523,5.0,492.68012769710475,331.7379679144385,225.01433137330645,0.0,0.0,5.847593582887701,0.0,0.0,88.0,11.301645470813044,764.0221684432402,0.10545065336003889,100.0,1.0,4.672139166506185
57,2044,11,7,5.866154019238748E17,127.76076388941839,3.1012492380827115E-4,1.0,10.895939980665585,4.0,462.7807224056383,331.57754010695186,90.8456730067246,0.0,0.0,5.815508021390374,0.0,0.0,88.0,0.0,738.8883408497304,0.09462823166785177,100.0,1.0,4.890514323780391
56,2044,11,7,5.182538500345593E18,129.34957625511018,2.617723083080058E-4,2.0,33.56058020964575,3.0,437.9016086093713,331.9919786096257,370.944288108357,0.0,0.0,5.898395721925134,0.0,0.0,88.0,9.215866596978497,733.0315600156318,0.08844117315960964,100.0,1.0,4.951331975426094
45,2044,11,7,8.237168610376572E18,124.68993269708785,1.2616961912460177E-4,1.0,18.698015415741423,4.0,495.68854387833136,331.57754010695186,167.75687689745206,0.0,0.0,5.815508021390374,0.0,0.0,88.0,0.0,726.880315336605,0.10385333701744216,100.0,1.0,4.772966936970745
40,2044,11,7,3.5299406018237317E18,123.85343761480976,1.049137090014449E-4,2.0,41.49619751338767,4.0,498.43294551036615,331.677807486631,517.018625477227,0.0,0.0,5.8355614973262036,0.0,0.0,88.0,0.0,727.9583680400117,0.10513362523569428,100.0,1.0,4.740947003329829
55,2044,11,8,8.661686022710631E18,129.55127877468868,8.063570561837526E-5,1.0,19.35967122099295,2.0,471.39060590372236,339.54545454545456,188.9869101717407,0.0,0.0,5.909090909090909,0.0,0.0,88.0,0.0,784.7925038960204,0.0950565797576127,100.0,1.0,4.959052883090616
51,2044,11,8,6.50369789014244E18,128.40155076818903,8.721173335440693E-5,1.0,34.72479201370721,3.0,469.74650443701665,333.54545454545456,399.39264876865536,0.0,0.0,5.909090909090909,0.0,0.0,88.0,0.0,749.418544583487,0.09557322756688699,100.0,1.0,4.91504280430693
59,2044,11,8,2.819594302524464E18,129.79410541847807,1.5172452241109152E-4,1.0,50.11085439560034,3.0,421.55535408224955,333.11764705882354,719.8627579648552,0.0,0.0,5.823529411764706,0.0,0.0,88.0,0.0,715.8726728733518,0.08484819436494094,100.0,1.0,4.968347968244275
47,2044,11,8,8.815097190336754E18,131.07152117222614,3.1012492380827115E-4,1.0,16.918617735376426,2.0,426.91467170543973,339.63235294117646,163.77415135530902,0.0,0.0,5.926470588235294,0.0,0.0,88.0,7.0259580458862665,801.5054831288645,0.08508944779363754,100.0,1.0,5.017245766370595
44,2044,11,8,5.156518253817723E18,125.10725647032349,1.1326695537190323E-4,2.0,36.42429109140472,7.0,477.99734243702335,338.92379679144386,434.29794126847025,0.0,0.0,5.78475935828877,0.0,0.0,88.0,0.0,756.9062823503855,0.09981273275696803,100.0,1.0,4.788941543168538
43,2044,11,8,3.212672331395627E18,129.88785062997954,1.0323732483630866E-4,1.0,41.251114915568394,4.0,470.94294569912927,339.4986631016043,524.8439479453433,0.0,0.0,5.899732620320855,0.0,0.0,88.0,0.0,746.514326187958,0.09472022702747743,100.0,1.0,4.97193641187656
42,2044,11,9,2.853793568557007E18,132.45526390116544,7.24252507725995E-5,1.0,35.31233024053382,3.0,471.2452851816646,341.05882352941177,422.4847707470337,0.0,0.0,5.911764705882353,0.0,0.0,88.0,5.414547315520389,772.7205754531858,0.09294387186782563,100.0,1.0,5.0702136215265154
48,2045,2,19,2.2093098651697398E18,153.55841005508762,0.020894632210865956,1.0,48.23341384903826,1.0,278.39999999999634,235.548128342246,821.0715792491953,0.0,0.0,6.109625668449198,0.0,0.0,105.39999999999986,498.5791620951079,880.5147232673854,0.04748007635888762,100.0,1.0,5.863512052837794
50,2045,2,20,2.52771244661108E18,149.67697906188826,0.03932384033888877,1.0,43.88535057285707,1.0,281.2999999999969,237.3422459893048,605.5038961113216,0.0,0.0,6.168449197860962,0.0,0.0,105.39999999999986,299.93853870712974,773.4751404352836,0.049218741810431885,100.0,1.0,5.715302538277716
49,2045,2,20,3.317868809496197E18,147.33546820235023,0.039783379729488776,1.0,35.06788004726127,1.0,281.2999999999969,237.8903743315508,445.499833887948,0.0,0.0,6.278074866310161,0.0,0.0,105.39999999999986,457.6595604269712,823.6311656905403,0.05000094462858594,100.0,1.0,5.625893712399494
55,2045,2,21,8.661686022710631E18,156.6853670174647,0.005483728424685216,0.0,25.166400257525428,0.0,284.2000000000032,239.8850267379679,305.017305405998,0.0,0.0,6.377005347593583,0.0,0.0,105.39999999999986,616.5728217330924,905.1375526170743,0.04750194789428306,100.0,1.0,5.9829125456601995
54,2045,2,21,7.887265943744844E18,154.04884488867586,0.03932384033888877,0.0,35.541812048523674,0.0,284.2000000000032,239.5909090909091,455.3988175553321,0.0,0.0,6.318181818181818,0.0,0.0,105.39999999999986,380.3376641932395,824.9150082813082,0.04831493637773683,100.0,1.0,5.882238937004178
53,2045,2,21,2.957751204712242E18,157.37665327644078,0.005273008814730252,0.0,42.9497051567487,0.0,284.2000000000032,239.33689839572193,670.3838736075355,0.0,0.0,6.267379679144385,0.0,0.0,105.39999999999986,612.6049650828933,889.6461591533359,0.04729329277822689,100.0,1.0,6.009308789994942
57,2045,2,21,5.866154019238748E17,154.03668581300198,0.005216420427450222,0.0,7.594674021433084,0.0,284.2000000000032,239.4572192513369,74.77900665810903,0.0,0.0,6.291443850267379,0.0,0.0,105.39999999999986,589.5767546783909,903.9624607522717,0.04831875017679702,100.0,1.0,5.881774651871642
46,2045,2,21,6.646488575717851E18,155.17329228223355,0.010693661876272954,0.0,35.228194349619905,0.0,284.2000000000032,239.1898395721925,482.62483689041034,0.0,0.0,6.237967914438503,0.0,0.0,105.39999999999986,570.8370645785885,886.4497373786212,0.047964827132255056,100.0,1.0,5.925175112512525
51,2045,2,22,6.50369789014244E18,153.18487943281684,0.011406949201031974,1.0,34.812972134403005,1.0,287.1000000000037,242.17379679144386,479.6967959675486,0.0,0.0,6.53475935828877,0.0,0.0,105.39999999999986,580.8476513409537,896.8090301761262,0.04908322361937401,100.0,1.0,5.849249067795139
59,2045,2,22,2.819594302524464E18,159.80680937899183,0.005320405410929093,1.0,50.1201616467468,1.0,287.1000000000037,241.77272727272728,855.7633944169435,0.0,0.0,6.454545454545454,0.0,0.0,105.39999999999986,611.762641480264,850.9797468969263,0.0470493574180338,100.0,1.0,6.102102467609039
58,2045,2,22,4.687141051879245E18,160.36555543989797,0.01108864916094218,0.0,28.98307901028925,0.0,287.1000000000037,241.7058823529412,378.80321568039966,0.0,0.0,6.4411764705882355,0.0,0.0,105.39999999999986,684.0813541365752,926.6975663424417,0.046885427931721256,100.0,1.0,6.123437764460726
56,2045,2,22,5.182538500345593E18,155.5278443138214,0.011406949201031974,1.0,37.968429860113474,1.0,287.1000000000037,241.55213903743316,529.1909734045331,0.0,0.0,6.410427807486631,0.0,0.0,105.39999999999986,593.064740880454,863.3292730816162,0.048343804451738435,100.0,1.0,5.938713414386229
47,2045,2,22,8.815097190336754E18,157.58582170933886,0.011406949201031974,0.0,14.863973344630018,0.0,287.1000000000037,242.32754010695186,171.8575436907593,0.0,0.0,6.565508021390374,0.0,0.0,105.39999999999986,725.0684907583028,980.9128291903164,0.04771246302967498,100.0,1.0,6.017295728821222
45,2045,2,22,8.237168610376572E18,160.42619366431015,0.011406949201031974,0.0,22.697885334473288,0.0,287.1000000000037,241.62566844919786,261.9804102653394,0.0,0.0,6.425133689839572,0.0,0.0,105.39999999999986,635.5467645991172,891.0053954454488,0.046867706080721466,100.0,1.0,6.125753189318119
43,2045,2,22,3.212672331395627E18,154.32529442613728,0.011406949201031974,0.0,41.7664066546697,0.0,287.1000000000037,242.03342245989305,615.810690542614,0.0,0.0,6.50668449197861,0.0,0.0,105.39999999999986,513.7724857477052,857.6794999060508,0.04872051415982497,100.0,1.0,5.89279495405545
41,2045,2,22,1.9955042617296404E18,157.85490004440163,0.011205313244900058,0.0,38.758777837825775,0.0,287.1000000000037,241.26470588235293,599.1510124276048,0.0,0.0,6.352941176470588,0.0,0.0,105.39999999999986,714.5626505356672,945.7785873324814,0.04763113270600335,100.0,1.0,6.027570282069275
52,2045,2,23,3.00978221914696E18,159.43507670299846,0.004694127236944616,0.0,37.93165948473059,0.0,290.00000000000006,243.62032085561498,540.3979559769328,0.0,0.0,6.524064171122995,0.0,0.0,105.39999999999986,537.3688113337857,883.3684653838673,0.04763540998511284,100.0,1.0,6.087908135788727
44,2045,2,23,5.156518253817723E18,156.34858078732594,0.012120236525790997,1.0,39.73413587548806,1.0,290.00000000000006,243.4866310160428,569.542055543736,0.0,0.0,6.497326203208556,0.0,0.0,105.39999999999986,532.7323984302785,863.0386338480066,0.04857578627519531,100.0,1.0,5.9700526175133755
42,2045,2,23,2.853793568557007E18,159.7167285104865,0.01182857631589631,0.0,38.42424652766448,0.0,290.00000000000006,243.68716577540107,554.6176228007344,0.0,0.0,6.537433155080214,0.0,0.0,105.39999999999986,571.8338463028946,887.7608576075614,0.04755140751744487,100.0,1.0,6.098662797596678
40,2045,2,25,3.5299406018237317E18,160.2033025853891,0.013453773698166574,1.0,45.442800553729136,2.0,295.7999999999965,247.64973262032086,711.868805779139,0.0,0.0,6.729946524064171,0.0,0.0,105.39999999999986,515.9725910627561,853.7898347810817,0.04835512267620864,100.0,1.0,6.117242261604973
49,2045,7,2,3.317868809496197E18,128.3978881027191,4.117431277327022E-5,1.0,33.998122611696374,4.0,272.3972971740571,221.6764705882353,375.5652573268784,0.0,0.0,5.735294117647059,0.0,0.0,105.50000000000001,292.84533099999663,727.7117988928807,0.05569717097638302,100.0,1.0,4.890684614655927
48,2045,7,2,2.2093098651697398E18,132.40796738061246,6.439471009307956E-5,1.0,52.9705721969929,2.0,269.6830898565615,220.25935828877004,775.6983901398497,0.0,0.0,5.451871657754011,0.0,0.0,105.50000000000001,123.9795708172741,687.9004420531245,0.05347217134031464,100.0,1.0,5.043428817210523
54,2045,7,3,7.887265943744844E18,136.35553800621815,8.278828718854005E-5,1.0,34.23843840299564,2.0,280.85110613893437,221.63235294117646,387.4449617594027,0.0,0.0,5.426470588235294,0.0,0.0,105.50000000000001,282.66408067059774,743.0231907867988,0.05407438396680819,100.0,1.0,5.193792060790294
50,2045,7,3,2.52771244661108E18,134.15279163464635,4.7145777410804375E-5,1.0,40.980623778201604,1.0,275.81033477538443,223.3168449197861,505.67948122604236,0.0,0.0,5.7633689839572195,0.0,0.0,105.50000000000001,256.129150732331,727.2264185461693,0.05397579454113076,100.0,1.0,5.10988929612163
58,2045,7,3,4.687141051879245E18,130.11961384867968,6.504297898663403E-5,1.0,27.663865195256705,4.0,287.50252229612073,222.0735294117647,292.73632107807083,0.0,0.0,5.514705882352941,0.0,0.0,105.50000000000001,383.0470692452575,763.9263632630887,0.058007896399326346,100.0,1.0,4.956265269765231
52,2045,7,4,3.00978221914696E18,135.12967435457395,6.305915490204779E-5,1.0,35.18157806826612,2.0,295.7382958954867,222.77807486631016,423.95921791619793,0.0,0.0,5.355614973262032,0.0,0.0,105.50000000000001,408.6968614534064,779.7820861632417,0.05745727948654069,100.0,1.0,5.147098827830216
44,2045,7,4,5.156518253817723E18,135.5545253756663,7.152327578604037E-5,1.0,38.163542889632026,2.0,294.68355825034945,225.1042780748663,473.25418150825794,0.0,0.0,5.820855614973262,0.0,0.0,105.50000000000001,383.98423478449735,765.7327670131166,0.057072921951536175,100.0,1.0,5.163281433191415
55,2045,7,5,8.661686022710631E18,136.8197465367941,8.980798210595137E-6,1.0,24.521424273348593,4.0,287.18278801625416,224.7125668449198,258.90749723761945,0.0,0.0,5.442513368983957,0.0,0.0,105.50000000000001,434.7975841099981,795.2095877305351,0.05510586817324387,100.0,1.0,5.211473796463895
53,2045,7,5,2.957751204712242E18,133.27989335157028,1.0790707161039362E-4,2.0,42.99144405613251,5.0,287.2869821415523,226.6577540106952,566.9398126627673,0.0,0.0,5.831550802139038,0.0,0.0,105.50000000000001,330.42805904364656,750.9674513931533,0.056589979128424416,100.0,1.0,5.0766405389475
57,2045,7,5,5.866154019238748E17,131.3818744638339,7.582516474529858E-5,1.0,6.979229201601946,4.0,286.65140974378045,227.3596256684492,58.61668237626124,0.0,0.0,5.971925133689839,0.0,0.0,105.50000000000001,345.8154831223582,774.1183554508691,0.05728050672773469,100.0,1.0,5.004344865632735
56,2045,7,5,5.182538500345593E18,129.7547911843646,6.373302996470842E-5,1.0,37.01708785773583,4.0,291.8562028736103,227.34625668449198,429.4166017478312,0.0,0.0,5.969251336898396,0.0,0.0,105.50000000000001,316.30674645397767,729.4790419732237,0.05905188262749432,100.0,1.0,4.942369148747905
47,2045,7,5,8.815097190336754E18,128.94820692329716,7.132587944072474E-5,1.0,15.462462946963837,4.0,292.37414457610043,227.4398395721925,146.05343043377312,0.0,0.0,5.987967914438503,0.0,0.0,105.50000000000001,341.45673249999675,794.9008767538079,0.059526709961559114,100.0,1.0,4.9116462973496855
46,2045,7,5,6.646488575717851E18,137.5483278877441,9.2629905558026E-5,1.0,36.923537457889786,2.0,286.8512506212284,226.92513368983958,447.43000973278816,0.0,0.0,5.885026737967914,0.0,0.0,105.50000000000001,330.95117392880064,763.1486314836658,0.05475069740572321,100.0,1.0,5.239225511513634
45,2045,7,5,8.237168610376572E18,129.51005447449137,3.1012492380827115E-4,1.0,19.404519123145974,4.0,293.28398181027876,224.83288770053477,180.58690019858807,0.0,0.0,5.466577540106952,0.0,0.0,105.50000000000001,377.52540246999956,747.9084408948087,0.05945290512298458,100.0,1.0,4.933047110205801
41,2045,7,5,1.9955042617296404E18,135.1004612342099,1.0316863732810087E-4,1.0,39.86236109615629,3.0,292.42750816998915,227.39304812834226,526.2455778037973,0.0,0.0,5.978609625668449,0.0,0.0,105.50000000000001,391.630014707684,792.724732078317,0.05682633077512446,100.0,1.0,5.145986098014942
51,2045,7,6,6.50369789014244E18,143.39326689185287,4.778504218925594E-5,1.0,38.87658955618205,2.0,294.2426415924786,227.8101604278075,500.02159978646927,0.0,0.0,5.762032085561497,0.0,0.0,105.50000000000001,393.6718057732473,785.3197394700912,0.05387224506352829,100.0,1.0,5.461859650465579
59,2045,7,6,2.819594302524464E18,135.12894029030244,5.139624193043935E-5,1.0,48.22346174984119,3.0,295.95038995392986,228.95320855614975,694.7086410865357,0.0,0.0,5.990641711229946,0.0,0.0,105.50000000000001,395.90175007764384,744.9144965452668,0.05749879836235514,100.0,1.0,5.147070867270342
43,2045,7,6,3.212672331395627E18,134.33146061199383,7.631026668510608E-5,2.0,41.09987730902689,4.0,294.48575254836294,228.725935828877,526.2539654847553,0.0,0.0,5.945187165775401,0.0,0.0,105.50000000000001,328.90393311041396,753.1728038060005,0.057553902173079166,100.0,1.0,5.116694810071603
40,2045,7,6,3.5299406018237317E18,139.6763645559319,3.735544733898714E-5,1.0,43.14539296179209,1.0,315.4212669305838,228.12433155080214,588.0252412452506,0.0,0.0,5.824866310160428,0.0,0.0,105.50000000000001,423.83657013770915,773.6580194024093,0.05928656275072202,100.0,1.0,5.320282578310588
42,2045,7,7,2.853793568557007E18,144.55640042937102,3.7238823704163205E-5,0.0,40.89576669469213,0.0,304.51460724843656,229.99866310160428,533.0137932330824,0.0,0.0,5.899732620320855,0.0,0.0,105.50000000000001,356.650236233339,769.2342551762392,0.055304316310138484,100.0,1.0,5.506163488953798
52,2045,11,7,3.00978221914696E18,125.70049432075297,9.571756907662688E-6,1.0,32.62334449419142,3.0,441.5387138730334,324.2379679144385,364.84824654567234,0.0,0.0,5.847593582887701,0.0,0.0,88.0,0.0,752.1367962616268,0.09244684330722598,100.0,1.0,4.7761361889413605
51,2045,11,7,6.50369789014244E18,121.91339143490764,3.1012492380827115E-4,1.0,32.03603166180375,5.0,501.3932351544311,324.01737967914437,349.74549635009265,0.0,0.0,5.803475935828877,0.0,0.0,88.0,0.0,740.3613535063967,0.10823988966817259,100.0,1.0,4.632240818902676
50,2045,11,7,2.52771244661108E18,125.34013386770675,9.313060775023161E-5,1.0,35.507423090184695,3.0,421.00622003064586,318.2914438502674,408.41448334295785,0.0,0.0,5.858288770053476,0.0,0.0,88.0,0.0,740.6603421277048,0.08840129795956303,100.0,1.0,4.7624438752384
49,2045,11,7,3.317868809496197E18,118.53899965580976,9.313060775023161E-5,1.0,26.893782586081002,9.0,397.734054895303,324.2647058823529,273.6390023525373,0.0,0.0,5.852941176470588,0.0,0.0,88.0,0.0,742.4129240983127,0.08830632341348948,100.0,1.0,4.504026886420525
59,2045,11,7,2.819594302524464E18,124.2053594843264,3.1012492380827115E-4,1.0,46.680509628737646,3.0,487.9216044248825,324.298128342246,616.6004855012334,0.0,0.0,5.859625668449198,0.0,0.0,88.0,0.0,703.3836837918676,0.10338796708713836,100.0,1.0,4.719326805349099
57,2045,11,7,5.866154019238748E17,120.23386329424069,1.4058246772813735E-4,1.0,3.39467479534222,9.0,457.965034797403,324.11764705882354,26.277346780172127,0.0,0.0,5.823529411764706,0.0,0.0,88.0,0.0,733.9196084550736,0.10024571159223501,100.0,1.0,4.568425197680743
47,2045,11,7,8.815097190336754E18,125.17096980470473,1.145755241091291E-4,1.0,14.499945544089329,5.0,454.2875462859596,324.1644385026738,132.64125377933794,0.0,0.0,5.8328877005347595,0.0,0.0,88.0,7.742810629059027,778.4980552204596,0.09551850089576568,100.0,1.0,4.756016290306939
46,2045,11,7,6.646488575717851E18,123.90938869501164,3.329664202364946E-5,1.0,31.158488701745874,4.0,466.728280696145,324.2379679144385,339.39145912251,0.0,0.0,5.847593582887701,0.0,0.0,88.0,0.0,748.4606193441408,0.0991334421763136,100.0,1.0,4.708081051660108
40,2045,11,7,3.5299406018237317E18,120.65506371443098,1.1623872706456946E-4,1.0,38.0682162047654,6.0,495.14571048080387,324.3449197860963,447.06682049218887,0.0,0.0,5.8689839572192515,0.0,0.0,88.0,0.0,726.2807234941569,0.10800596742836151,100.0,1.0,4.584429196555509
54,2045,11,8,7.887265943744844E18,130.30477640693522,6.666485894416834E-5,1.0,27.20294837555936,3.0,426.2932584680259,331.55748663101605,293.6252976377319,0.0,0.0,5.811497326203209,0.0,0.0,88.0,5.612136138815491,784.015005839183,0.08610104309705643,100.0,1.0,4.951081231240039
53,2045,11,8,2.957751204712242E18,132.05926071421686,6.339430167789678E-5,1.0,42.58859264291188,1.0,463.6847160887423,331.8783422459893,555.1775458697687,0.0,0.0,5.875668449197861,0.0,0.0,88.0,0.0,747.4402780359856,0.09240898559420127,100.0,1.0,5.017744899018119
48,2045,11,8,2.2093098651697398E18,126.64498128726707,3.1012492380827115E-4,1.0,43.97336543337102,3.0,404.97067737984946,331.71122994652404,614.4668482711205,0.0,0.0,5.842245989304812,0.0,0.0,88.0,0.0,781.9782285620206,0.08415809145030247,100.0,1.0,4.812023067550138
58,2045,11,8,4.687141051879245E18,128.4846645072523,7.664975872671059E-5,1.0,26.18035512780525,3.0,419.2112977629824,337.8917112299465,272.910550570672,0.0,0.0,5.878342245989304,0.0,0.0,88.0,0.0,767.9027640625529,0.0858700996992816,100.0,1.0,4.881923966911263
45,2045,11,8,8.237168610376572E18,121.56309067156211,9.619259423333472E-5,2.0,15.524583179034012,8.0,458.0289058288031,332.0053475935829,135.46695455578302,0.0,0.0,5.901069518716578,0.0,0.0,88.0,0.0,733.9055797567058,0.09916340645232775,100.0,1.0,4.618930734786707
43,2045,11,8,3.212672331395627E18,121.37732148635085,7.185470894538259E-5,1.0,35.45149923805823,8.0,489.53837074218484,331.77139037433153,409.2776487753091,0.0,0.0,5.85427807486631,0.0,0.0,88.0,12.596246630863657,743.9185047014344,0.10614742722692258,100.0,1.0,4.611872218962471
42,2045,11,8,2.853793568557007E18,120.50374908589785,1.567871202266285E-4,1.0,30.67149538030233,6.0,535.8577212581024,332.0922459893048,332.59746455054506,0.0,0.0,5.918449197860962,0.0,0.0,88.0,0.0,750.293894185674,0.1170332371199104,100.0,1.0,4.578679821605473
41,2045,11,8,1.9955042617296404E18,127.60279525991459,3.1012492380827115E-4,1.0,37.834399314848,3.0,466.23628534800235,331.9852941176471,470.64032700953203,0.0,0.0,5.897058823529412,0.0,0.0,88.0,0.0,772.0597222797983,0.09616259299079283,100.0,1.0,4.848416321226306
56,2045,11,9,5.182538500345593E18,126.64142007021812,1.647847629161908E-4,1.0,34.21001131078848,6.0,461.3252795677114,339.3382352941176,386.42040864703733,0.0,0.0,5.867647058823529,0.0,0.0,88.0,0.0,741.8797222178418,0.09587199516255983,100.0,1.0,4.811887754974659
44,2045,11,9,5.156518253817723E18,124.0366931784609,1.2180868963404202E-4,1.0,33.285081554967164,8.0,447.8474345932422,333.4451871657754,376.88607181416376,0.0,0.0,5.88903743315508,0.0,0.0,88.0,0.0,754.031181513194,0.09502550690006686,100.0,1.0,4.7129181332778245
55,2045,11,10,8.661686022710631E18,128.8019691549861,7.564022531909051E-5,1.0,20.165158874609936,6.0,474.43060197340225,340.7513368983957,200.01999336839253,0.0,0.0,5.850267379679145,0.0,0.0,88.0,0.0,789.8781574986612,0.09694166515533359,100.0,1.0,4.893980325314226
58,2046,2,19,4.687141051879245E18,150.43406952659393,0.04049666705424781,1.0,30.163458919095792,3.0,275.50000000000006,234.1149732620321,367.2958878350378,0.0,0.0,6.122994652406417,0.0,0.0,105.69999999999851,530.1671012379812,849.157439614641,0.04831782411621523,100.0,1.0,5.70182960510309
44,2046,2,19,5.156518253817723E18,148.76418644670366,0.04049666705424781,1.0,42.71584435343849,1.0,275.50000000000006,234.17513368983958,581.0618972298639,0.0,0.0,6.135026737967914,0.0,0.0,105.69999999999851,363.36724165087264,778.4673484061374,0.04886019334415904,100.0,1.0,5.638536836304486
51,2046,2,20,6.50369789014244E18,154.32893187373796,0.011562011662936111,0.0,33.624378885190225,0.0,278.39999999999634,235.78208556149733,466.2733409534209,0.0,0.0,6.156417112299465,0.0,0.0,105.69999999999851,668.9608133314292,919.2667709871367,0.047594180145331316,100.0,1.0,5.849454684372909
56,2046,2,20,5.182538500345593E18,152.0411846806102,0.016198666821699126,0.0,43.46334271931542,0.0,278.39999999999634,235.78208556149733,597.3430640766925,0.0,0.0,6.156417112299465,0.0,0.0,105.69999999999851,414.5240793812217,776.2690300832776,0.048310324604909374,100.0,1.0,5.7627433116378795
46,2046,2,20,6.646488575717851E18,147.72731091615017,0.04049666705424781,1.0,37.30386779862477,2.0,278.39999999999634,235.65508021390374,479.17918960845907,0.0,0.0,6.1310160427807485,0.0,0.0,105.69999999999851,377.00937559418514,804.5323273041095,0.049721063354387716,100.0,1.0,5.599236645759075
55,2046,2,22,8.661686022710631E18,149.73788092006743,0.01295757382007333,1.0,20.917036836781865,2.0,284.2000000000032,239.8716577540107,245.34352244805103,0.0,0.0,6.374331550802139,0.0,0.0,105.69999999999851,649.4081414175452,925.0162770888381,0.05007539231013837,100.0,1.0,5.675442305870132
54,2046,2,22,7.887265943744844E18,154.0022302870576,0.01295757382007333,0.0,27.081441513286865,0.0,284.2000000000032,239.83155080213905,348.70562566933177,0.0,0.0,6.366310160427807,0.0,0.0,105.69999999999851,655.6733295553682,937.0881322137202,0.04868879571928715,100.0,1.0,5.837071872521642
50,2046,2,22,2.52771244661108E18,153.31185712309127,0.01295757382007333,0.0,34.06388001390666,0.0,284.2000000000032,239.13636363636363,451.0468275564053,0.0,0.0,6.2272727272727275,0.0,0.0,105.69999999999851,531.5957346843161,872.0238527170495,0.04890804450135249,100.0,1.0,5.810904993188677
48,2046,2,22,2.2093098651697398E18,157.7493310399166,0.01295757382007333,0.0,47.80032784279747,0.0,284.2000000000032,239.4639037433155,864.3269805422705,0.0,0.0,6.292780748663102,0.0,0.0,105.69999999999851,608.6097050010608,943.0030230580651,0.0475322657873196,100.0,1.0,5.979096415719793
59,2046,2,22,2.819594302524464E18,156.59075592409977,0.005481207199692612,0.0,50.24552622798966,0.0,284.2000000000032,239.10294117647058,865.0197068179423,0.0,0.0,6.220588235294118,0.0,0.0,105.69999999999851,642.8649980745946,855.8860488233893,0.047883944914319056,100.0,1.0,5.935183504795508
40,2046,2,22,3.5299406018237317E18,157.37911769598927,0.01295757382007333,0.0,41.25656931942946,0.0,263.89999999999645,239.0427807486631,643.6592913637638,0.0,0.0,6.208556149732621,0.0,0.0,105.69999999999851,722.4706320837274,915.6365805709501,0.04424093058439064,100.0,1.0,5.965064398828611
52,2046,2,23,3.00978221914696E18,153.80311860992444,0.013608836160070699,0.0,31.978710483586045,0.0,287.1000000000037,241.298128342246,427.6382283307181,0.0,0.0,6.359625668449198,0.0,0.0,105.69999999999851,599.9543501724095,908.3483261239516,0.04924929528077375,100.0,1.0,5.829525039154898
49,2046,2,23,3.317868809496197E18,157.62530812459238,0.013608836160070699,1.0,33.452565527115866,1.0,287.1000000000037,241.21791443850267,444.2866525537244,0.0,0.0,6.343582887700535,0.0,0.0,105.69999999999851,580.9031579381696,882.5411451799687,0.04805506992276101,100.0,1.0,5.9743956352880145
45,2046,2,23,8.237168610376572E18,158.32403764402795,0.01340306643718437,0.0,21.333641434924832,0.0,287.1000000000037,241.48529411764707,240.50754320117278,0.0,0.0,6.397058823529412,0.0,0.0,105.69999999999851,627.4837129372333,885.1246743059437,0.04784298907633218,100.0,1.0,6.000879241511092
42,2046,2,24,2.853793568557007E18,158.36113612942776,0.014260098500068069,0.0,37.035654709925936,0.0,290.00000000000006,243.7139037433155,524.4663665008499,0.0,0.0,6.542780748663102,0.0,0.0,105.69999999999851,574.0060940646624,890.6255835906055,0.048314930438700124,100.0,1.0,6.002285367417415
47,2046,2,25,8.815097190336754E18,162.91064395516474,0.014849335855303784,1.0,17.69187535697022,1.0,292.8999999999962,244.8596256684492,199.29472451591246,0.0,0.0,6.471925133689839,0.0,0.0,105.69999999999851,560.1100747287846,924.4861757273433,0.04743532504344136,100.0,1.0,6.174723156882721
53,2046,2,26,2.957751204712242E18,164.64608574460883,0.015438573210539503,0.0,50.36295423441396,0.0,295.7999999999965,247.64973262032086,871.95301143971,0.0,0.0,6.729946524064171,0.0,0.0,105.69999999999851,472.910846616798,858.5546338381957,0.04740004225741513,100.0,1.0,6.240500765665929
43,2046,2,26,3.212672331395627E18,165.15379147631978,0.006985779733275793,1.0,39.625668367297536,1.0,295.7999999999965,247.26871657754012,594.8272694494713,0.0,0.0,6.653743315508021,0.0,0.0,105.69999999999851,572.1192366561155,905.2234829527098,0.047254327933073534,100.0,1.0,6.259744089873398
41,2046,2,26,1.9955042617296404E18,164.04358330556278,0.015438573210539503,1.0,45.0422373203233,1.0,295.7999999999965,247.80347593582889,752.2806943847029,0.0,0.0,6.760695187165775,0.0,0.0,105.69999999999851,582.0583063723172,917.1140934666396,0.04757413404750842,100.0,1.0,6.217664407818859
57,2046,2,27,5.866154019238748E17,165.6241610522917,0.01599679807339439,1.0,15.426137323474926,2.0,298.7000000000036,249.12299465240642,170.26999453575507,0.0,0.0,6.724598930481283,0.0,0.0,105.69999999999851,605.9528824296297,931.622588481283,0.04758208853409601,100.0,1.0,6.277572279870889
46,2046,7,2,6.646488575717851E18,134.55080430616937,6.79204826562136E-5,1.0,40.54920985334678,3.0,272.41115112705035,218.84893048128342,473.39508795724805,0.0,0.0,5.169786096256685,0.0,0.0,105.80000000000149,208.49482760792844,692.9354004580185,0.05354782897426312,100.0,1.0,5.08724921897357
58,2046,7,3,4.687141051879245E18,130.37293065469507,1.306339190430796E-4,2.0,35.184387068332995,3.0,272.0855154995705,223.82486631016042,370.39961476058147,0.0,0.0,5.864973262032086,0.0,0.0,105.80000000000149,149.52952914842592,681.2361799035871,0.05519773777366607,100.0,1.0,4.929287439554777
44,2046,7,3,5.156518253817723E18,123.76878935537066,6.922431335006049E-5,3.0,36.28947230899951,7.0,271.80636418728335,223.85160427807486,409.9362119643038,0.0,0.0,5.870320855614973,0.0,0.0,105.80000000000149,259.1943555740507,718.377824472033,0.05808336419040736,100.0,1.0,4.679590584599316
55,2046,7,4,8.661686022710631E18,135.31680863283754,3.3672630163764526E-5,1.0,24.98513712630975,2.0,287.49927721272894,225.0909090909091,264.0464708835988,0.0,0.0,5.818181818181818,0.0,0.0,105.80000000000149,389.85890261209806,790.9916329750893,0.0561937862213207,100.0,1.0,5.1162111782325095
54,2046,7,4,7.887265943744844E18,135.1396444185562,4.134998984110282E-5,1.0,29.928021196485115,2.0,288.4779873477644,224.6831550802139,337.326409860264,0.0,0.0,5.7366310160427805,0.0,0.0,105.80000000000149,362.0190917630032,788.2001807032877,0.056459001336632696,100.0,1.0,5.109512752939701
52,2046,7,4,3.00978221914696E18,138.5380117732571,9.363675235756975E-5,1.0,34.99621524633338,1.0,293.9024704122008,224.90374331550802,420.6053831382579,0.0,0.0,5.780748663101604,0.0,0.0,105.80000000000149,369.9737280715267,779.8183731421202,0.056109651387310826,100.0,1.0,5.238002075319732
51,2046,7,4,6.50369789014244E18,136.42056334903927,1.0484277343078808E-4,1.0,38.10742293484201,1.0,272.5944496200868,225.01069518716577,466.01412415872363,0.0,0.0,5.802139037433155,0.0,1.0,105.80000000000149,323.542202215576,755.7300496209035,0.05284944788026192,100.0,1.0,5.1579431867990175
49,2046,7,4,3.317868809496197E18,133.76088169072395,4.6537353512645716E-5,1.0,32.27868515058249,4.0,294.8977077847676,223.80748663101605,362.93438718107006,0.0,0.0,5.561497326203209,0.0,0.0,105.80000000000149,364.42858207999967,760.2380079679432,0.05831033794926122,100.0,1.0,5.057382929959574
48,2046,7,4,2.2093098651697398E18,133.34909542733396,1.608531762491033E-4,1.0,46.579760657748416,4.0,289.31422218242756,225.05080213903744,710.3250811004403,0.0,0.0,5.810160427807487,0.0,0.0,105.80000000000149,376.545548317541,813.6879880792786,0.057382966201099166,100.0,1.0,5.041813648470576
59,2046,7,4,2.819594302524464E18,137.6936516016507,5.520201562980976E-5,1.0,52.89264754362438,3.0,289.040329808287,224.97727272727272,798.7934691814728,0.0,0.0,5.795454545454546,0.0,0.0,105.80000000000149,327.1392273610032,710.7081009121914,0.055519789526564736,100.0,1.0,5.206077549519328
56,2046,7,4,5.182538500345593E18,132.55977299151348,4.498475831277505E-5,3.0,41.39710905794824,4.0,279.00770532436195,225.62566844919786,494.99033942186736,0.0,0.0,5.925133689839572,0.0,0.0,105.80000000000149,260.3699999999973,699.6668414241898,0.055668270649020794,100.0,1.0,5.011970051727657
45,2046,7,4,8.237168610376572E18,137.39081859414466,1.3471977576380155E-4,1.0,23.555763303233743,1.0,295.12293548809305,224.50267379679144,229.97667382453844,0.0,0.0,5.7005347593582885,0.0,0.0,105.80000000000149,362.68287482704125,744.4205865444869,0.05681310629964813,100.0,1.0,5.194627696143432
53,2046,7,5,2.957751204712242E18,130.5053295780131,9.169867646607661E-5,1.0,47.6930426806207,5.0,322.71441586199825,226.84491978609626,653.0165332578922,0.0,0.0,5.8689839572192515,0.0,0.0,105.80000000000149,230.36970743161444,715.2762766975467,0.06540235742156518,100.0,1.0,4.934293328019845
50,2046,7,5,2.52771244661108E18,134.2282579831175,5.131120513042209E-5,1.0,34.91431177978406,3.0,291.2374657555618,227.4264705882353,403.89685754864917,0.0,0.0,5.985294117647059,0.0,0.0,105.80000000000149,285.9716603265479,751.6297231632857,0.05738608189778069,100.0,1.0,5.075054022233655
42,2046,7,5,2.853793568557007E18,134.56079606410393,2.1358465827015917E-4,1.0,38.34512471663093,2.0,304.2795529913866,227.27941176470588,460.40809878804913,0.0,0.0,5.955882352941177,0.0,0.0,105.80000000000149,285.283175661752,739.0450378413855,0.059807755771128734,100.0,1.0,5.087626998675527
41,2046,7,5,1.9955042617296404E18,139.32525204400363,5.173922652790643E-5,0.0,43.473372380818724,0.0,322.42150243219396,226.97860962566844,615.3552920285562,0.0,0.0,5.89572192513369,0.0,0.0,105.80000000000149,403.1709415157156,798.9993769407657,0.06120648572031924,100.0,1.0,5.267766947206985
40,2046,7,5,3.5299406018237317E18,134.42996671746494,4.691753764119079E-5,1.0,43.00627740671547,3.0,292.12820232833855,223.42245989304814,571.7543499994918,0.0,0.0,5.184491978609626,0.0,0.0,105.80000000000149,414.5597125100324,756.8822113575403,0.05747522492137053,100.0,1.0,5.082680454543449
57,2046,7,6,5.866154019238748E17,137.90908858035772,7.509078058311648E-5,1.0,21.504707095957915,3.0,335.51754527822686,228.32486631016042,197.2479439842503,0.0,0.0,5.864973262032086,0.0,0.0,105.80000000000149,219.85898913260834,717.9965856107939,0.06434660409350448,100.0,1.0,5.214223034842268
47,2046,7,7,8.815097190336754E18,136.90938798194847,1.2114254836260595E-4,1.0,13.78965681766332,5.0,319.39540839679125,230.40641711229947,130.33263867819173,0.0,0.0,5.981283422459893,0.0,0.0,105.80000000000149,356.28621804405526,811.7610630922902,0.06170192646179324,100.0,1.0,5.176425222226501
43,2046,7,7,3.212672331395627E18,137.4979301682131,5.1550020579832265E-5,1.0,40.448466490534834,1.0,328.79622407618444,230.4866310160428,504.3707561357658,0.0,0.0,5.997326203208556,0.0,0.0,105.80000000000149,262.57829308024714,741.4118143982355,0.06324612838375417,100.0,1.0,5.198677491864328
49,2046,11,5,3.317868809496197E18,123.62228609978321,1.1520242340574704E-4,1.0,29.42490862373711,3.0,433.32906436378175,314.8235294117647,305.2028284724366,0.0,0.0,5.764705882352941,0.0,0.0,88.0,0.0,730.2805251428803,0.09293841897546215,100.0,1.0,4.662539659494213
52,2046,11,6,3.00978221914696E18,122.42436365861695,1.884112538324855E-4,2.0,29.11828098110319,7.0,442.0856340554322,322.0494652406417,308.6428081660466,0.0,0.0,5.709893048128342,0.0,0.0,88.0,0.0,749.5444772708603,0.0957442670176721,100.0,1.0,4.61735880200361
50,2046,11,6,2.52771244661108E18,123.78038017334129,8.292110262253238E-5,1.0,29.53316253980864,5.0,458.41042866544274,322.53743315508024,314.3831959934708,0.0,0.0,5.807486631016043,0.0,0.0,88.0,0.0,748.5766305380132,0.09819218145871142,100.0,1.0,4.668502337512469
40,2046,11,6,3.5299406018237317E18,126.55773864804873,8.620328102297956E-6,1.0,42.3249632006512,4.0,458.72569619136806,316.2165775401069,528.6752091080372,0.0,0.0,5.74331550802139,0.0,0.0,88.0,0.0,719.075619713063,0.0961033648710879,100.0,1.0,4.773253223825182
55,2046,11,7,8.661686022710631E18,121.99176948847601,8.314341120865176E-5,1.0,19.069137039785094,6.0,441.0506720934165,324.3048128342246,181.48856058463124,0.0,0.0,5.86096256684492,0.0,0.0,88.0,0.0,767.3142922463911,0.09585884437647528,100.0,1.0,4.601043074974256
51,2046,11,7,6.50369789014244E18,125.34402426515736,3.1012492380827115E-4,1.0,33.608837966208796,5.0,442.4096760987094,324.1844919786096,376.79179196605935,0.0,0.0,5.836898395721925,0.0,0.0,88.0,0.0,742.9892865947613,0.09358262320775489,100.0,1.0,4.72747675726671
48,2046,11,7,2.2093098651697398E18,122.97538684731279,5.7815981321452505E-5,2.0,44.48842564114338,5.0,438.581890645535,324.3181818181818,624.2361059138024,0.0,0.0,5.863636363636363,0.0,0.0,88.0,0.0,777.7569658956909,0.09455984020214785,100.0,1.0,4.638141199350007
58,2046,11,7,4.687141051879245E18,120.48363125227212,9.018929907761039E-6,1.0,23.018628336720212,7.0,415.95867910058126,323.99732620320856,223.65195513052785,0.0,0.0,5.7994652406417115,0.0,0.0,88.0,0.6902719233521603,745.8195141699208,0.09153693653452266,100.0,1.0,4.544162114751401
57,2046,11,7,5.866154019238748E17,128.22575016903238,6.088043262824326E-5,2.0,12.656456524084383,3.0,491.3807483555709,329.7901069518717,107.87815370962663,0.0,0.0,5.758021390374331,0.0,0.0,88.0,0.28561334230447816,741.0062505972627,0.10160547734257644,100.0,1.0,4.8361639668185905
56,2046,11,7,5.182538500345593E18,124.88447293971461,1.2565839700497206E-4,1.0,35.66863763885966,5.0,437.5672280525766,329.8770053475936,400.8466546892898,0.0,0.0,5.775401069518717,0.0,0.0,88.0,0.0,721.867102430456,0.09289890052139489,100.0,1.0,4.710144313837208
47,2046,11,7,8.815097190336754E18,123.38940959599888,3.1012492380827115E-4,1.0,7.718012053340545,3.0,517.6415584809918,324.177807486631,65.87318985843177,0.0,0.0,5.8355614973262036,0.0,0.0,88.0,0.0,781.0963860961265,0.11123090776054169,100.0,1.0,4.653756486419876
46,2046,11,7,6.646488575717851E18,122.28734684697231,8.657870569745145E-5,1.0,27.581857988593132,6.0,403.66502320091394,324.1644385026738,292.20317997484557,0.0,0.0,5.8328877005347595,0.0,0.0,88.0,27.37133599504386,765.2128884647694,0.08752131399200058,100.0,1.0,4.61219107425431
45,2046,11,7,8.237168610376572E18,130.64912823597248,8.165479826442106E-5,1.0,22.43108900011683,4.0,443.58468162519193,323.36898395721926,207.7101166214307,0.0,0.0,5.67379679144385,0.0,0.0,88.0,0.0,716.5919245081492,0.09002108759765207,100.0,1.0,4.927564123728288
42,2046,11,7,2.853793568557007E18,126.22533926063758,6.150831491635682E-5,1.0,32.5197180364211,4.0,461.76837587292584,324.00401069518716,365.5385950289395,0.0,0.0,5.800802139037433,0.0,0.0,88.0,49.52617581590975,756.8424823154364,0.09699556385282697,100.0,1.0,4.760716444450748
41,2046,11,7,1.9955042617296404E18,126.36378535718173,3.1012492380827115E-4,1.0,40.382336791748294,4.0,468.40659800323107,324.19117647058823,517.1387650108146,0.0,0.0,5.838235294117647,0.0,0.0,88.0,0.0,762.4787354949326,0.09828214093982604,100.0,1.0,4.765938079126872
54,2046,11,8,7.887265943744844E18,126.38445342154576,2.1096933592399392E-4,2.0,25.848401789785846,6.0,443.7419014485013,326.0855614973262,271.8692617227105,0.0,0.0,5.9171122994652405,0.0,0.0,88.0,0.0,778.1462022814734,0.09309171195959402,100.0,1.0,4.7667175960960435
53,2046,11,8,2.957751204712242E18,130.7342517064444,1.1171647111248958E-4,1.0,44.78947678289391,2.0,458.7398576611559,324.78208556149735,612.8539751580959,0.0,0.0,5.656417112299465,0.0,0.0,88.0,46.481723374992676,754.4630935859834,0.09303606248645745,100.0,1.0,4.930774641585151
44,2046,11,8,5.156518253817723E18,129.4793035665021,7.843321290042265E-5,1.0,35.80539680506744,4.0,410.9121329370657,331.4639037433155,422.05257764615646,0.0,0.0,5.792780748663102,0.0,0.0,88.0,10.499830321889036,755.4130971470262,0.08414393958463692,100.0,1.0,4.883443002139757
43,2046,11,8,3.212672331395627E18,124.14741315335135,1.0188072398432036E-4,2.0,33.00894466550735,4.0,521.5958875191182,331.677807486631,370.90157246585886,0.0,0.0,5.8355614973262036,0.0,0.0,88.0,3.8616617921173733,751.1499964589643,0.11139628704238178,100.0,1.0,4.682345357890358
59,2046,11,9,2.819594302524464E18,122.62952969779846,0.0022459210984853346,2.0,45.31343668278519,9.0,449.7572386167194,345.5053475935829,608.1343072335245,0.0,0.0,5.901069518716578,0.0,0.0,88.0,0.0,732.9119767980048,0.09724277209947556,100.0,1.0,4.625096846854955
52,2047,2,18,3.00978221914696E18,148.7628020958971,0.041240966871387674,1.0,40.33734333371374,1.0,272.6000000000036,232.975935828877,549.2436145401529,0.0,0.0,6.195187165775401,0.0,0.0,106.0,387.6919318688082,811.5039484063011,0.04870531046375338,100.0,1.0,5.596925620726169
48,2047,2,19,2.2093098651697398E18,153.02873388614003,0.041240966871387674,0.0,47.21292141970786,0.0,275.50000000000006,234.01470588235293,826.1723888180745,0.0,0.0,6.102941176470588,0.0,0.0,106.0,583.6145567524811,922.86269445785,0.04785126604645471,100.0,1.0,5.7574234239182
59,2047,2,19,2.819594302524464E18,148.17593356067746,0.041240966871387674,0.0,52.9269174196259,0.0,275.50000000000006,234.00802139037432,849.4264801174825,0.0,0.0,6.101604278074866,0.0,0.0,106.0,386.1620616142955,754.8556627412775,0.0494184074429281,100.0,1.0,5.5748457762052945
49,2047,2,20,3.317868809496197E18,146.6195643113096,0.041240966871387674,1.0,39.2479246755166,2.0,278.39999999999634,235.8957219251337,490.0011777248438,0.0,0.0,6.179144385026738,0.0,0.0,106.0,271.852290990033,757.6426244621762,0.05046870033405411,100.0,1.0,5.51629025826417
42,2047,2,20,2.853793568557007E18,148.39055883177258,0.041240966871387674,1.0,41.018195046196645,1.0,278.39999999999634,235.84893048128342,553.3597572286347,0.0,0.0,6.169786096256685,0.0,0.0,106.0,379.0130760199376,794.7754802469965,0.04986637231231108,100.0,1.0,5.582920655554978
54,2047,2,21,7.887265943744844E18,152.85876920248532,0.006300243751331616,0.0,26.82839981366721,0.0,281.2999999999969,237.37566844919786,338.2739566684683,0.0,0.0,6.175133689839572,0.0,0.0,106.0,610.3812572755716,920.7297225711707,0.04891298739186012,100.0,1.0,5.751028816669855
47,2047,2,21,8.815097190336754E18,155.47731392013387,0.01311263628197747,0.0,12.314232805002872,0.0,281.2999999999969,237.42245989304814,132.86486207466524,0.0,0.0,6.184491978609626,0.0,0.0,106.0,632.1596652835755,942.9085648276571,0.04808919618058955,100.0,1.0,5.84954672445823
46,2047,2,21,6.646488575717851E18,152.94949556347365,0.01311263628197747,0.0,33.72958483076228,0.0,281.2999999999969,237.4625668449198,446.6857406300332,0.0,0.0,6.192513368983957,0.0,0.0,106.0,515.6295478076802,876.4020976042021,0.0488839732566072,100.0,1.0,5.754442228404095
40,2047,2,21,3.5299406018237317E18,153.22191060877307,0.01311263628197747,1.0,43.74365336125453,1.0,281.2999999999969,237.78342245989305,685.801535008193,0.0,0.0,6.25668449197861,0.0,0.0,106.0,609.9006168692014,880.9640654960131,0.048797061862954745,100.0,1.0,5.764691341253711
51,2047,2,22,6.50369789014244E18,157.07343780821742,0.013763898621974836,0.0,35.12378538184025,0.0,284.2000000000032,238.8957219251337,474.96626133241006,0.0,0.0,6.179144385026738,0.0,0.0,106.0,539.6158913129289,876.124521349451,0.048091258156321634,100.0,1.0,5.9095979372426735
58,2047,2,22,4.687141051879245E18,151.21061427050276,0.013479128023337497,1.0,29.183790945685754,2.0,284.2000000000032,239.5374331550802,364.2457572524137,0.0,0.0,6.307486631016043,0.0,0.0,106.0,550.4534440692948,882.5687483332858,0.049955879642302886,100.0,1.0,5.6890200319752
57,2047,2,22,5.866154019238748E17,155.24696437297106,0.013570070891934582,1.0,12.102840687571735,1.0,284.2000000000032,239.43716577540107,122.07277514544572,0.0,0.0,6.287433155080214,0.0,0.0,106.0,537.6810181574949,883.9077115372297,0.048657049608958905,100.0,1.0,5.8408802482688
56,2047,2,22,5.182538500345593E18,158.7905949626121,0.013763898621974836,0.0,40.18250462673053,0.0,284.2000000000032,239.19652406417111,573.7860513147216,0.0,0.0,6.239304812834225,0.0,0.0,106.0,604.9437087403492,853.4931445871639,0.0475712006048879,100.0,1.0,5.974202803088428
45,2047,2,22,8.237168610376572E18,156.45717416837903,0.011891395152660553,0.0,22.246612431099425,0.0,284.2000000000032,239.6644385026738,255.47488276588845,0.0,0.0,6.3328877005347595,0.0,0.0,106.0,634.6077087457395,891.1942875946156,0.048280683115281636,100.0,1.0,5.886412156211792
44,2047,2,22,5.156518253817723E18,161.14250071628652,0.01068661474738983,0.0,35.71290748963844,0.0,284.2000000000032,239.78475935828877,497.9312210489663,0.0,0.0,6.356951871657754,0.0,0.0,106.0,615.3211681755942,895.3031632200644,0.046876889793559404,100.0,1.0,6.062688912416935
43,2047,2,22,3.212672331395627E18,154.84424020904223,0.013763898621974836,1.0,38.96217569530302,1.0,284.2000000000032,240.02540106951872,563.3307998043505,0.0,0.0,6.4050802139037435,0.0,0.0,106.0,537.1232866725911,881.4235727301345,0.04878359851769816,100.0,1.0,5.825728495549556
41,2047,2,22,1.9955042617296404E18,155.4273625765508,0.013763898621974836,0.0,45.719273363069256,0.0,284.2000000000032,239.14973262032086,760.7395692845365,0.0,0.0,6.229946524064171,0.0,0.0,106.0,593.3978935450389,902.2563846387726,0.04860057535503453,100.0,1.0,5.847667397430573
53,2047,2,23,2.957751204712242E18,161.35701751753675,0.010326046534364051,1.0,46.26238971541152,1.0,287.1000000000037,241.25802139037432,777.0163496387786,0.0,0.0,6.351604278074866,0.0,0.0,106.0,618.696083081058,901.8091800229271,0.04729226878964803,100.0,1.0,6.070759710789093
50,2047,2,23,2.52771244661108E18,157.13939690479376,0.01441516096197221,1.0,34.71972020280314,1.0,287.1000000000037,241.11096256684493,469.70006368401863,0.0,0.0,6.322192513368984,0.0,0.0,106.0,517.8566759046664,882.0944587928395,0.04856159304314151,100.0,1.0,5.912079526405727
55,2047,2,26,8.661686022710631E18,162.7766628024949,0.016182873027679363,0.0,31.542899555619222,0.0,295.7999999999965,247.63636363636363,401.80131274980977,0.0,0.0,6.7272727272727275,0.0,0.0,106.0,456.8938766818557,870.7477659136023,0.048300412954605874,100.0,1.0,6.124171242138197
49,2047,7,1,3.317868809496197E18,127.50293118852372,1.327589571097051E-4,2.0,33.85453681959296,5.0,268.9747453962279,220.02941176470588,366.86253830091755,0.0,0.0,5.705882352941177,0.0,0.0,106.10000000000018,245.79472215799612,715.4398968225596,0.05620906654087007,100.0,1.0,4.785255510348213
59,2047,7,1,2.819594302524464E18,131.35542603695862,6.931714881722645E-5,1.0,52.829343805635496,2.0,265.7353655132125,219.3542780748663,749.8526911367848,0.0,0.0,5.570855614973262,0.0,0.0,106.10000000000018,237.9375771338633,668.8156343793445,0.05390342688259004,100.0,1.0,4.929841772249936
52,2047,7,2,3.00978221914696E18,130.553520445616,6.934814933100877E-5,1.0,39.21830382713396,2.0,265.4934267757959,221.64304812834226,467.6778310853381,0.0,0.0,5.728609625668449,0.0,0.0,106.10000000000018,235.78484696643525,723.5685110200476,0.05418514285495742,100.0,1.0,4.899745811992555
42,2047,7,2,2.853793568557007E18,131.08918744656586,3.1012492380827115E-4,2.0,39.233789819653,4.0,272.3767043651166,220.94117647058823,466.64118265118583,0.0,0.0,5.588235294117647,0.0,0.0,106.10000000000018,278.46567372287063,721.3790562832367,0.055362810143979896,100.0,1.0,4.919849690735662
54,2047,7,3,7.887265943744844E18,135.79175230241893,3.1012492380827115E-4,1.0,26.506203833344006,2.0,280.39468839910904,223.20989304812835,296.2204859203147,0.0,0.0,5.741978609625669,0.0,0.0,106.10000000000018,428.4625030718518,819.4599338308689,0.05501883962885906,100.0,1.0,5.096339550062656
50,2047,7,3,2.52771244661108E18,126.34982560691857,4.2193867184798803E-5,3.0,29.126057605113154,6.0,291.65344943217247,222.5681818181818,316.265792957332,0.0,0.0,5.613636363636363,0.0,0.0,106.10000000000018,338.0652909484708,767.9856901795556,0.06150458711162764,100.0,1.0,4.741978820259968
48,2047,7,3,2.2093098651697398E18,129.62342867081378,7.099929574365182E-5,1.0,49.52252573817977,3.0,272.3604739038762,223.8114973262032,732.4120259222534,0.0,0.0,5.862299465240642,0.0,0.0,106.10000000000018,212.0156346605509,745.466771148146,0.05598550671736559,100.0,1.0,4.86483895338926
58,2047,7,3,4.687141051879245E18,133.9255374979149,1.1836829152987444E-4,1.0,28.126475763237078,3.0,284.848868947655,222.88903743315507,310.25511085995913,0.0,0.0,5.677807486631016,0.0,0.0,106.10000000000018,412.5275258444014,791.3165238901131,0.05667168665099222,100.0,1.0,5.026299476524717
47,2047,7,3,8.815097190336754E18,138.01278102313768,5.1243378025160475E-5,1.0,18.972170727623556,1.0,280.8735050962765,223.57754010695186,181.2591223320286,0.0,0.0,5.815508021390374,0.0,0.0,106.10000000000018,274.35571539979003,771.323968926821,0.054225866894814304,100.0,1.0,5.179695986070753
40,2047,7,3,3.5299406018237317E18,137.13119235694975,5.072373631146077E-5,1.0,47.1634435471703,2.0,280.469307457993,219.47994652406416,660.1386642499406,0.0,0.0,4.995989304812834,0.0,0.0,106.10000000000018,370.0427607047023,738.6405953520832,0.05449593732891997,100.0,1.0,5.1466094759536
53,2047,7,4,2.957751204712242E18,134.35798707188303,6.60683689408332E-5,1.0,45.10165459291919,2.0,295.91790580406865,225.4451871657754,629.3976392372628,0.0,0.0,5.88903743315508,0.0,0.0,106.10000000000018,354.19674307585086,765.0781336182772,0.05868441681459299,100.0,1.0,5.042529548159079
57,2047,7,4,5.866154019238748E17,134.01306849311248,5.7092217195926204E-5,1.0,12.035546550674683,3.0,288.60756004939446,224.88368983957218,104.6945096950494,0.0,0.0,5.776737967914438,0.0,0.0,106.10000000000018,325.83681455250866,761.5557319828122,0.05738198780123854,100.0,1.0,5.029584563174807
56,2047,7,4,5.182538500345593E18,129.5786315080056,3.1012492380827115E-4,1.0,38.13311878849252,6.0,289.38146666076955,224.1350267379679,443.5343282569434,0.0,0.0,5.627005347593583,0.0,0.0,106.10000000000018,330.8850085665762,718.3083522939783,0.05950484953232243,100.0,1.0,4.863157691098445
45,2047,7,4,8.237168610376572E18,134.02072504703384,5.663347768595162E-5,1.0,25.034653803626657,4.0,288.8583083417809,222.02272727272728,245.71130126286045,0.0,0.0,5.204545454545454,0.0,0.0,106.10000000000018,354.8121889608795,734.104400735747,0.0574285614142817,100.0,1.0,5.029871917877186
44,2047,7,4,5.156518253817723E18,130.24491051137997,1.6496006585546338E-4,3.0,32.98844194367447,6.0,290.18130434922733,222.9318181818182,370.91116295392794,0.0,0.0,5.386363636363637,0.0,0.0,106.10000000000018,356.777427318681,752.411768036294,0.05936407481563157,100.0,1.0,4.888163510514572
43,2047,7,4,3.212672331395627E18,134.83256206665456,8.4318902612363E-5,2.0,35.85210128075274,3.0,288.51565018707936,225.35828877005346,450.3352967067114,0.0,0.0,5.871657754010696,0.0,0.0,106.10000000000018,429.0396398632619,804.6063348134326,0.057015065272394645,100.0,1.0,5.06034061012944
41,2047,7,4,1.9955042617296404E18,134.83904706964498,5.208681958486246E-5,1.0,44.73150098449521,3.0,288.6452708244996,225.1577540106952,644.2243000046338,0.0,0.0,5.831550802139038,0.0,0.0,106.10000000000018,394.6046634147045,794.9359903585506,0.057037936937641046,100.0,1.0,5.060583995877557
55,2047,7,5,8.661686022710631E18,140.86828903185588,3.740952036287951E-5,1.0,27.754910667117365,2.0,321.2701707989092,225.57486631016042,305.24809834659493,0.0,0.0,5.614973262032086,0.0,0.0,106.10000000000018,398.8019671572448,793.3160403029816,0.060767616372223054,100.0,1.0,5.286864780593271
51,2047,7,5,6.50369789014244E18,138.2257313762785,8.56225631718032E-5,1.0,35.38303338749853,3.0,291.8987405448634,225.86898395721926,420.24125957151256,0.0,0.0,5.67379679144385,0.0,0.0,106.10000000000018,340.33378260069895,765.801799716288,0.056267596123304175,100.0,1.0,5.187688130575186
46,2047,7,5,6.646488575717851E18,140.31216045606388,4.8517666428077467E-5,1.0,35.472678322016456,2.0,286.21795774310135,227.37967914438502,429.90531223935,0.0,0.0,5.975935828877005,0.0,0.0,106.10000000000018,335.1454439500797,780.8760241879934,0.054352134441190234,100.0,1.0,5.265992967632084
50,2047,11,5,2.52771244661108E18,127.71263138128482,1.4437845614910202E-4,1.0,32.027874188232744,4.0,404.53595525980984,314.0882352941176,350.64653400567767,0.0,0.0,5.617647058823529,0.0,0.0,88.0,0.7442742336024952,742.6031645995048,0.0846073663476057,100.0,1.0,4.781332556763337
55,2047,11,6,8.661686022710631E18,123.30063402758148,3.1012492380827115E-4,2.0,20.614182886197828,8.0,466.83232734415446,321.6751336898396,198.23278332527323,0.0,0.0,5.635026737967914,0.0,0.0,88.0,0.0,760.9637997003349,0.10113011815119786,100.0,1.0,4.616155264905373
54,2047,11,6,7.887265943744844E18,117.74980934268663,8.84050523968846E-5,2.0,20.406458850109406,9.0,418.6540368367775,316.49064171122996,197.36335182875365,0.0,0.0,5.798128342245989,0.0,0.0,88.0,0.0,767.7020946717248,0.0949685861503883,100.0,1.0,4.408342314097572
53,2047,11,6,2.957751204712242E18,128.22329774527444,9.783120624866597E-5,1.0,45.05503806794073,2.0,436.23115778690624,316.41711229946526,598.5689581198592,0.0,0.0,5.783422459893048,0.0,0.0,88.0,0.0,728.9617075166186,0.09087295307994107,100.0,1.0,4.800450992311794
49,2047,11,6,3.317868809496197E18,124.40259334883557,8.947631962154391E-5,1.0,29.946684922010643,5.0,378.22434495121047,316.50401069518716,315.88365137959113,0.0,0.0,5.800802139037433,0.0,0.0,88.0,0.0,737.5035457247822,0.08120914672415347,100.0,1.0,4.657410651486599
48,2047,11,6,2.2093098651697398E18,125.92786657975371,3.1012492380827115E-4,1.0,45.99005209989092,3.0,411.4606625237093,316.3836898395722,659.2573962630173,0.0,0.0,5.776737967914438,0.0,0.0,88.0,19.206049812926228,772.9545584027302,0.08727530538465506,100.0,1.0,4.714514153920717
59,2047,11,6,2.819594302524464E18,118.48461313185986,7.523651717813466E-5,2.0,45.11581392361653,10.0,382.0584814970426,322.2633689839572,576.4256674470425,0.0,0.0,5.752673796791444,0.0,0.0,88.0,0.0,700.0864594132173,0.08612967178353546,100.0,1.0,4.43585205406619
58,2047,11,6,4.687141051879245E18,124.1136616982654,3.1012492380827115E-4,1.0,25.758133435494013,4.0,416.61168047325117,322.35695187165777,262.7762015802579,0.0,0.0,5.771390374331551,0.0,0.0,88.0,11.10473665283898,755.5784936909777,0.08965959136618079,100.0,1.0,4.646593567126107
57,2047,11,6,5.866154019238748E17,125.35546176727924,3.1012492380827115E-4,1.0,9.248368845530704,6.0,435.81630721091136,322.1764705882353,75.24115092759824,0.0,0.0,5.735294117647059,0.0,0.0,88.0,0.0,733.0533302095521,0.09286351480620487,100.0,1.0,4.693084341255101
47,2047,11,6,8.815097190336754E18,123.81712016838478,9.432023230178564E-5,1.0,9.113632513125783,4.0,421.0388179046359,316.6844919786096,78.26611265657071,0.0,0.0,5.836898395721925,0.0,0.0,88.0,0.0,774.2339014424689,0.09082937816022096,100.0,1.0,4.635491582491438
46,2047,11,6,6.646488575717851E18,125.52043706423476,3.1012492380827115E-4,1.0,30.207519153507665,4.0,466.0622132127898,322.14973262032083,326.8124807942293,0.0,0.0,5.729946524064171,0.0,0.0,88.0,0.0,753.6631695585164,0.09917777302548629,100.0,1.0,4.699260721381827
44,2047,11,6,5.156518253817723E18,124.96380446639851,8.973522100933771E-5,1.0,30.612069622201222,5.0,430.7641009877151,322.3235294117647,329.5694277767194,0.0,0.0,5.764705882352941,0.0,0.0,88.0,0.0,745.5537794201717,0.09207466896913709,100.0,1.0,4.67842139223009
43,2047,11,6,3.212672331395627E18,124.85211967812707,1.280449726706321E-4,2.0,36.37750238246615,6.0,436.85863871596445,322.51069518716577,422.10487273644566,0.0,0.0,5.802139037433155,0.0,0.0,88.0,0.0,737.0855782700586,0.0934608894947382,100.0,1.0,4.6742401134600735
41,2047,11,6,1.9955042617296404E18,116.17498800169209,8.56225631718032E-5,2.0,39.365378993231,11.0,436.8514685737835,316.3168449197861,487.3540182695414,0.0,0.0,5.7633689839572195,0.0,0.0,88.0,0.0,749.5507510177888,0.10043985234495306,100.0,1.0,4.349383819018872
40,2047,11,6,3.5299406018237317E18,129.19704308726952,8.795375037103549E-5,1.0,44.60667695742537,2.0,420.0898180336373,316.2433155080214,586.873385207002,0.0,0.0,5.748663101604278,0.0,0.0,88.0,0.0,727.7327088037708,0.08685093197925749,100.0,1.0,4.836906276768185
51,2047,11,7,6.50369789014244E18,125.56783249098078,7.408622164554973E-5,1.0,30.23137599311313,6.0,466.07392817235586,323.6229946524064,325.3956179954466,0.0,0.0,5.724598930481283,0.0,0.0,88.0,16.95689255146989,749.3856596910307,0.09914283049057304,100.0,1.0,4.701035121411753
56,2047,11,7,5.182538500345593E18,127.27775752554174,1.0420864375277925E-4,1.0,37.25833954106413,3.0,432.7743588971299,323.99732620320856,424.5473201504625,0.0,0.0,5.7994652406417115,0.0,0.0,88.0,0.0,713.8571367927879,0.09082259543676728,100.0,1.0,4.765051657199524
45,2047,11,7,8.237168610376572E18,127.19002381871447,3.1012492380827115E-4,2.0,21.876171360834668,6.0,438.71882494816435,324.14438502673795,203.4073154220961,0.0,0.0,5.828877005347594,0.0,0.0,88.0,0.0,724.1817394948854,0.09213361742461088,100.0,1.0,4.761767064091995
42,2047,11,7,2.853793568557007E18,125.73370622442242,7.369888873770702E-5,1.0,35.07146626869714,6.0,399.48864035931155,323.6631016042781,399.0609920309596,0.0,0.0,5.732620320855615,0.0,0.0,88.0,0.0,737.6205824855006,0.0848667593675549,100.0,1.0,4.707245137394024
52,2047,11,8,3.00978221914696E18,128.80846231354286,4.6860822576045814E-5,1.0,35.02058306088996,5.0,401.80903782876953,326.05882352941177,411.0305171925792,0.0,0.0,5.911764705882353,0.0,0.0,88.0,0.0,761.4011053260609,0.08332210000783404,100.0,1.0,4.822358507418692
43,2048,2,18,3.212672331395627E18,153.04015390705914,0.04161890921187545,1.0,38.517625820623266,1.0,272.6000000000036,232.59491978609626,522.7684892777246,0.0,0.0,6.1189839572192515,0.0,0.0,106.30000000000149,441.45253812376137,833.5535392406433,0.04769522156493382,100.0,1.0,5.715457252439369
58,2048,2,19,4.687141051879245E18,153.07291938937374,0.01695806556028565,0.0,38.408201698870755,0.0,275.50000000000006,234.3957219251337,505.7969049674561,0.0,0.0,6.179144385026738,0.0,0.0,106.30000000000149,390.03558782938296,810.3096633491152,0.04819229969823186,100.0,1.0,5.716680916352035
41,2048,2,20,1.9955042617296404E18,152.73635335074454,0.04163916930797698,1.0,47.574454392547615,2.0,278.39999999999634,235.94251336898395,785.638381005074,0.0,0.0,6.188502673796791,0.0,0.0,106.30000000000149,487.2006590114896,865.0066128871725,0.0488069002652202,100.0,1.0,5.704111477826921
53,2048,2,21,2.957751204712242E18,152.88920549826105,0.013918961083878975,1.0,46.976542868474006,1.0,281.2999999999969,237.54946524064172,774.0733750918025,0.0,0.0,6.209893048128342,0.0,0.0,106.30000000000149,549.5207584880953,872.9447439940617,0.049266002124108206,100.0,1.0,5.709819913768553
50,2048,2,21,2.52771244661108E18,156.4514378420166,0.004621169018552115,0.0,31.81203833157298,0.0,281.2999999999969,238.13101604278074,433.62570596193376,0.0,0.0,6.32620320855615,0.0,0.0,106.30000000000149,642.8484407853722,928.3103485103146,0.048144267810670764,100.0,1.0,5.84285550060124
56,2048,2,21,5.182538500345593E18,155.3866089603542,0.00852877517394545,0.0,38.74628729364469,0.0,281.2999999999969,237.50267379679144,532.5668370464499,0.0,0.0,6.2005347593582885,0.0,0.0,106.30000000000149,575.629055261088,840.971056522775,0.048474189463471366,100.0,1.0,5.803088264363363
40,2048,2,21,3.5299406018237317E18,154.91676198726125,0.013918961083878975,1.0,42.77076420928257,1.0,281.2999999999969,237.7366310160428,650.0988796486383,0.0,0.0,6.247326203208556,0.0,0.0,106.30000000000149,570.2771187803179,869.108031613862,0.04862120680943434,100.0,1.0,5.7855412989340715
48,2048,2,22,2.2093098651697398E18,156.78236330823663,0.014601235916257164,1.0,50.153572377851646,1.0,284.2000000000032,239.22326203208556,893.9231016462002,0.0,0.0,6.244652406417113,0.0,0.0,106.30000000000149,474.1845425833228,887.7013954033265,0.04853793322299201,100.0,1.0,5.855214285584373
59,2048,2,22,2.819594302524464E18,157.8911064201404,0.014601235916257164,1.0,53.14649703777341,1.0,284.2000000000032,239.04946524064172,935.1764135751738,0.0,0.0,6.209893048128342,0.0,0.0,106.30000000000149,531.7196796441723,823.5734301751369,0.04819709009162619,100.0,1.0,5.896621548307548
57,2048,2,22,5.866154019238748E17,156.67283058873707,0.014601235916257164,0.0,15.968130721791422,0.0,284.2000000000032,239.1898395721925,171.40156022620022,0.0,0.0,6.237967914438503,0.0,0.0,106.30000000000149,578.0796767315477,899.6374386099438,0.04857186694209832,100.0,1.0,5.851123662567739
47,2048,2,22,8.815097190336754E18,156.43944413541482,0.014601235916257164,0.0,11.366738839519588,0.0,284.2000000000032,239.00267379679144,119.9847206866509,0.0,0.0,6.2005347593582885,0.0,0.0,106.30000000000149,611.121916545862,932.3036415605325,0.04864432958615525,100.0,1.0,5.842407582093389
46,2048,2,22,6.646488575717851E18,156.03222615220707,0.0071785820630566235,0.0,28.383856052622832,0.0,284.2000000000032,239.22994652406416,380.85229938787205,0.0,0.0,6.245989304812834,0.0,0.0,106.30000000000149,682.4832881509761,959.6054047241734,0.048771283141052765,100.0,1.0,5.827199566967729
44,2048,2,22,5.156518253817723E18,156.2912632111539,0.014601235916257164,1.0,32.92010744256847,1.0,284.2000000000032,239.3235294117647,430.43893714559516,0.0,0.0,6.264705882352941,0.0,0.0,106.30000000000149,574.6554235653467,876.081754212109,0.0486904496415572,100.0,1.0,5.836873598255685
42,2048,2,22,2.853793568557007E18,158.74074331954128,0.014601235916257164,0.0,42.0308648239564,0.0,284.2000000000032,239.25,624.4190544132364,0.0,0.0,6.25,0.0,0.0,106.30000000000149,514.2827027527543,860.3792850843472,0.047939122128712146,100.0,1.0,5.928352197125184
55,2048,2,23,8.661686022710631E18,157.76792233822047,0.015221485763873707,0.0,27.80378614898905,0.0,287.1000000000037,241.3716577540107,337.8774483154864,0.0,0.0,6.374331550802139,0.0,0.0,106.30000000000149,494.3641298292944,876.0115332509062,0.04872691308113287,100.0,1.0,5.892021099755841
52,2048,2,23,3.00978221914696E18,160.875051315397,0.015221485763873707,1.0,39.457724267392585,1.0,287.1000000000037,241.2379679144385,600.2196984783304,0.0,0.0,6.347593582887701,0.0,0.0,106.30000000000149,598.6951390110813,919.980091751766,0.04778580504502146,100.0,1.0,6.008060337782571
49,2048,2,23,3.317868809496197E18,152.35398050861266,0.015221485763873707,1.0,30.04139948731396,1.0,287.1000000000037,241.0441176470588,381.1193672505902,0.0,0.0,6.3088235294117645,0.0,0.0,106.30000000000149,572.8814725844434,886.0391449378085,0.05045843773232311,100.0,1.0,5.689831332532332
54,2048,2,24,7.887265943744844E18,156.4855533693087,0.01581072311910943,1.0,33.844698908685764,1.0,290.00000000000006,242.85828877005346,456.9648300652454,0.0,0.0,6.371657754010696,0.0,0.0,106.30000000000149,491.37409619758415,892.0889158410034,0.04962244520046283,100.0,1.0,5.8441295834671045
51,2048,2,24,6.50369789014244E18,159.26502149518777,0.007524515505621987,1.0,29.309161917325177,1.0,290.00000000000006,243.3596256684492,379.58373480421227,0.0,0.0,6.471925133689839,0.0,0.0,106.30000000000149,588.3093613210326,914.3101576113637,0.04875644208522732,100.0,1.0,5.947931957239081
45,2048,2,24,8.237168610376572E18,159.08361784158978,0.007205565890298057,1.0,26.698732359187385,1.0,290.00000000000006,243.60695187165774,316.90969160672273,0.0,0.0,6.521390374331551,0.0,0.0,106.30000000000149,545.4042426544615,868.4579592929745,0.04881203924130602,100.0,1.0,5.941157233082664
58,2048,6,30,4.687141051879245E18,132.63799440559754,2.2472820565816752E-4,2.0,36.65691909922659,4.0,266.49990577877975,216.68048128342247,417.4219874345357,0.0,0.0,5.036096256684492,0.0,0.0,106.39999999999982,279.4161676281365,720.1829735595139,0.05393276510028238,100.0,1.0,4.941335851837947
55,2048,7,1,8.661686022710631E18,136.29451577262577,7.604828931051274E-5,1.0,25.747084822168926,3.0,288.7373191881947,219.97192513368984,269.8051550570169,0.0,0.0,5.394385026737968,0.0,0.0,106.39999999999982,370.9824197204111,776.2858879623553,0.056865401823551695,100.0,1.0,5.077557001779765
43,2048,7,1,3.212672331395627E18,125.2925233801608,1.542910068697867E-4,3.0,34.541012419357074,7.0,265.9857048677297,221.4558823529412,383.13733163831876,0.0,0.0,5.6911764705882355,0.0,0.0,106.39999999999982,241.5812810262136,724.5403798868191,0.056984496326190494,100.0,1.0,4.667685458605706
41,2048,7,1,1.9955042617296404E18,132.43449234893535,3.3804766057147496E-5,1.0,47.329880427774725,3.0,273.1148662197317,222.0842245989305,676.1794686499761,0.0,0.0,5.816844919786096,0.0,0.0,106.39999999999982,277.0620557167189,751.5410868073096,0.055356395387106426,100.0,1.0,4.933754524835724
40,2048,7,1,3.5299406018237317E18,134.03696127847905,4.9763306130980596E-5,1.0,39.48761216865788,2.0,277.75474795593897,222.17780748663102,518.2855420293109,0.0,0.0,5.8355614973262036,0.0,0.0,106.39999999999982,453.3821675974548,792.9295202530118,0.055623779076719816,100.0,1.0,4.993453385697547
53,2048,7,2,2.957751204712242E18,136.99546850124733,8.118453502834324E-5,1.0,46.24724135352377,2.0,280.29603770737486,223.28342245989305,681.2996317864427,0.0,0.0,5.75668449197861,0.0,0.0,106.39999999999982,419.11170489356056,790.8725075180054,0.05492048073418202,100.0,1.0,5.10367050616367
49,2048,7,2,3.317868809496197E18,133.95447904860066,1.1163604168764258E-4,1.0,31.753747262645277,3.0,290.3068613812561,223.71122994652407,353.4021716374683,0.0,0.0,5.842245989304812,0.0,0.0,106.39999999999982,331.7595159746401,757.984589411911,0.05817329108182951,100.0,1.0,4.990380567826148
59,2048,7,2,2.819594302524464E18,136.46545810127415,6.626600936074172E-5,1.0,51.885570105666275,2.0,286.1511608329672,223.8114973262032,787.1373436326144,0.0,0.0,5.862299465240642,0.0,0.0,106.39999999999982,357.1454083418043,729.2144897173039,0.05628547662690552,100.0,1.0,5.083925338853425
57,2048,7,2,5.866154019238748E17,135.928660113149,3.81269884199989E-5,0.0,15.227643482448244,0.0,285.8696050166865,223.50401069518716,141.64714819590904,0.0,0.0,5.800802139037433,0.0,0.0,106.39999999999982,385.59795455000113,785.2967934077059,0.0564521541910974,100.0,1.0,5.063927304686782
46,2048,7,2,6.646488575717851E18,139.93931122850506,3.1012492380827115E-4,1.0,32.579398955339826,2.0,285.73154442494933,221.89304812834226,391.204268701774,0.0,0.0,5.478609625668449,0.0,0.0,106.39999999999982,422.75287906394686,808.0447778266811,0.05480775713208956,100.0,1.0,5.2133413110907165
44,2048,7,2,5.156518253817723E18,135.61222874286798,3.1012492380827115E-4,1.0,29.704842533943385,3.0,285.7885162483716,222.975935828877,336.3413575708786,0.0,0.0,5.695187165775401,0.0,0.0,106.39999999999982,454.9014798637932,794.5249983042115,0.05656782668112621,100.0,1.0,5.052138874971567
52,2048,7,3,3.00978221914696E18,139.90254912301887,5.2617055277955764E-5,1.0,40.90878322137415,1.0,295.4379335436528,225.00401069518716,539.9052493156453,0.0,0.0,5.800802139037433,0.0,0.0,106.39999999999982,341.38718108225265,778.8628617980863,0.05668448466175132,100.0,1.0,5.211971764524196
51,2048,7,3,6.50369789014244E18,133.91902822291013,7.815648281458443E-5,1.0,29.732566960258087,4.0,301.26663162975467,225.34491978609626,323.1004018154475,0.0,0.0,5.8689839572192515,0.0,0.0,106.39999999999982,314.56589963478444,762.2035565652271,0.06038545123825041,100.0,1.0,4.989059872072647
50,2048,7,3,2.52771244661108E18,132.12986466761,5.9939103944389476E-5,1.0,31.19388252061643,4.0,283.83058761919597,225.05748663101605,358.3077493509905,0.0,0.0,5.811497326203209,0.0,0.0,106.39999999999982,369.84116379773735,789.076774951982,0.057660948168586766,100.0,1.0,4.922405833309288
48,2048,7,3,2.2093098651697398E18,134.71302218733555,2.08979059169994E-4,2.0,48.2356219245743,2.0,288.78464238643016,225.6524064171123,737.1292296044935,0.0,0.0,5.93048128342246,0.0,0.0,106.39999999999982,303.24160192799155,789.9423258835855,0.05754241538516341,100.0,1.0,5.018639562719672
47,2048,7,3,8.815097190336754E18,131.29507589882192,4.583578536923902E-5,1.0,7.542505153755372,3.0,288.7132530470844,225.69251336898395,66.98408152103556,0.0,0.0,5.938502673796791,0.0,0.0,106.39999999999982,376.1629138971006,813.9994320807656,0.0590257963324254,100.0,1.0,4.891306360715405
45,2048,7,3,8.237168610376572E18,134.9097585644118,7.741510828963332E-6,3.0,27.10444391044627,5.0,301.2288224112564,225.17780748663102,272.23521353021766,0.0,0.0,5.8355614973262036,0.0,0.0,106.39999999999982,297.2115328406132,730.5359036975698,0.05993447871594142,100.0,1.0,5.025968839053827
54,2048,7,4,7.887265943744844E18,132.70894502863888,3.1012492380827115E-4,2.0,30.089164020423745,6.0,303.30588662229343,227.2860962566845,343.84652639158486,0.0,0.0,5.957219251336898,0.0,0.0,106.39999999999982,333.9767029337833,797.4172641818624,0.06134853778018379,100.0,1.0,4.943979067749914
56,2048,7,4,5.182538500345593E18,139.21658702425032,3.857275171744666E-5,1.0,39.942043101174036,2.0,286.53623940070526,227.225935828877,490.7167615275294,0.0,0.0,5.945187165775401,0.0,0.0,106.39999999999982,349.7867368886727,736.8606213947774,0.05524743856140863,100.0,1.0,5.186416725586554
42,2048,7,4,2.853793568557007E18,139.8035187859019,7.964173698209325E-5,1.0,41.38639995516289,2.0,292.1174006266939,226.4639037433155,540.2615181896696,0.0,0.0,5.792780748663102,0.0,0.0,106.39999999999982,345.9004410078629,764.1901892724879,0.056087088777491044,100.0,1.0,5.208282458474238
58,2048,11,4,4.687141051879245E18,123.87010529320632,1.035821388805181E-4,1.0,29.782491280704058,5.0,379.8854090633062,314.2620320855615,316.0611798148158,0.0,0.0,5.652406417112299,0.0,0.0,88.0,8.925336168776294,743.7322535593537,0.08252366231697832,100.0,1.0,4.603351310368942
57,2048,11,4,5.866154019238748E17,121.96515377352563,3.1012492380827115E-4,2.0,14.253996377684727,7.0,415.2676398417859,308.3355614973262,118.7635084824483,0.0,0.0,5.6671122994652405,0.0,0.0,88.0,0.0,710.9141365661412,0.09161882311991933,100.0,1.0,4.532558110883444
44,2048,11,4,5.156518253817723E18,125.81303976655983,1.4109414185999592E-4,1.0,30.205370635076775,4.0,414.9523075055989,314.46256684491976,316.6760165488434,0.0,0.0,5.692513368983957,0.0,0.0,88.0,0.0,729.8963707597194,0.08874929573516394,100.0,1.0,4.675556060116294
43,2048,11,4,3.212672331395627E18,121.49817141829952,7.501812380461324E-5,1.0,32.08167215558441,6.0,386.8833068549286,314.0548128342246,344.19649573860323,0.0,0.0,5.61096256684492,0.0,0.0,88.0,0.0,727.2961369862683,0.08568457292893626,100.0,1.0,4.515203771579697
41,2048,11,4,1.9955042617296404E18,125.49246903543089,1.1452175916110457E-4,1.0,44.36376213196417,4.0,394.5824186215571,314.5561497326203,599.1906593588884,0.0,0.0,5.711229946524064,0.0,0.0,88.0,0.0,750.3654691047627,0.08460819954078642,100.0,1.0,4.663642776505885
55,2048,11,5,8.661686022710631E18,127.44509199502825,1.30304589835408E-4,1.0,21.85735368564013,5.0,401.3514175918757,315.91577540106954,213.73971765333468,0.0,0.0,5.683155080213904,0.0,0.0,88.0,9.580710289791359,762.0256597301143,0.08474109529178586,100.0,1.0,4.73620757685415
54,2048,11,5,7.887265943744844E18,125.82056385582166,3.1012492380827115E-4,1.0,28.554938880898575,6.0,454.5928835177599,316.42379679144386,308.6661584377171,0.0,0.0,5.78475935828877,0.0,0.0,88.0,0.0,770.699646787858,0.09722174067599776,100.0,1.0,4.67583567581598
53,2048,11,5,2.957751204712242E18,126.32542370374027,1.1873082841051728E-4,1.0,45.768991219555964,4.0,419.3471620841493,316.4639037433155,620.2403233111871,0.0,0.0,5.792780748663102,0.0,0.0,88.0,0.0,733.9332761756066,0.0893254744475998,100.0,1.0,4.694597646163605
51,2048,11,5,6.50369789014244E18,118.19430079328949,3.1012492380827115E-4,1.0,21.72289620253317,9.0,434.99994505276754,322.58422459893046,207.97947899520076,0.0,0.0,5.816844919786096,0.0,0.0,88.0,6.684130783888296,747.5340050703346,0.09903416704211593,100.0,1.0,4.392422918726388
50,2048,11,5,2.52771244661108E18,129.82278340760902,3.1012492380827115E-4,1.0,33.488029022171645,2.0,432.66868194322115,315.92914438502675,377.04644526528375,0.0,0.0,5.685828877005347,0.0,0.0,88.0,0.0,747.5328941793249,0.08968027499194284,100.0,1.0,4.824569081462935
48,2048,11,5,2.2093098651697398E18,125.08457893175675,3.1012492380827115E-4,1.0,45.55824684136725,5.0,435.961545520003,316.1764705882353,644.9440036371038,0.0,0.0,5.735294117647059,0.0,0.0,88.0,2.8574545185910982,769.4967658922794,0.0937857378360161,100.0,1.0,4.648484466607062
59,2048,11,5,2.819594302524464E18,129.66494187387775,7.960085313353979E-5,1.0,51.606480320128256,2.0,418.7694324855675,316.3836898395722,742.1220362698177,0.0,0.0,5.776737967914438,0.0,0.0,88.0,0.0,695.1236025469659,0.08690500534410608,100.0,1.0,4.818703259120949
56,2048,11,5,5.182538500345593E18,126.57609779884754,1.0413865809545705E-4,1.0,35.86577136462995,3.0,463.72883289731027,322.6644385026738,399.79753410261486,0.0,0.0,5.8328877005347595,0.0,0.0,88.0,0.0,713.5757218405201,0.09858362504602287,100.0,1.0,4.7039133799434
47,2048,11,5,8.815097190336754E18,120.84746550450281,1.1494622824620871E-4,2.0,4.626462953894005,9.0,431.4580792907568,316.35695187165777,37.80557311300853,0.0,0.0,5.771390374331551,0.0,0.0,88.0,0.0,771.0818366812528,0.09607125105107604,100.0,1.0,4.491021763226266
42,2048,11,5,2.853793568557007E18,121.50315124313005,5.0084774516839664E-5,1.0,34.54331910780096,6.0,464.5267299371006,316.524064171123,391.18766550771306,0.0,0.0,5.804812834224599,0.0,0.0,88.0,24.144291503873067,739.7238630512518,0.10287635170827891,100.0,1.0,4.515388835466626
40,2048,11,5,3.5299406018237317E18,128.29481881782948,3.1012492380827115E-4,2.0,41.46204726779533,5.0,399.12659158734493,316.2366310160428,519.4886266849029,0.0,0.0,5.747326203208556,0.0,0.0,88.0,3.0771731811577845,732.4690868337672,0.0837131978840706,100.0,1.0,4.767785745565132
52,2048,11,6,3.00978221914696E18,125.13351112601936,3.1012492380827115E-4,1.0,35.2688228483664,6.0,445.22870451204216,324.13770053475935,415.4036903026866,0.0,0.0,5.827540106951871,0.0,0.0,88.0,0.0,761.2471964834856,0.095741871469312,100.0,1.0,4.650302920543502
49,2048,11,6,3.317868809496197E18,127.46063256998957,8.336691500222343E-5,2.0,28.81598468963317,6.0,418.8868960872243,324.11096256684493,304.46904279724697,0.0,0.0,5.822192513368984,0.0,0.0,88.0,0.0,750.4405350115486,0.08843274217017273,100.0,1.0,4.736785107049521
46,2048,11,6,6.646488575717851E18,125.25649812944111,1.1277269956664404E-4,1.0,28.426162154648722,5.0,425.39210818642783,324.3248663101604,304.8245438130251,0.0,0.0,5.864973262032086,0.0,0.0,88.0,0.0,765.9575549529751,0.0913863958810299,100.0,1.0,4.654873453377225
45,2048,11,6,8.237168610376572E18,131.71436906024027,1.2815079496209553E-4,1.0,25.53068544051413,1.0,439.14843031787314,324.2847593582888,249.7796525425563,0.0,0.0,5.856951871657754,0.0,0.0,88.0,0.0,726.8340059030618,0.08971613707100268,100.0,1.0,4.894865568836569
57,2049,2,16,5.866154019238748E17,152.80112259654146,0.04269855401328654,0.0,20.468711131206597,0.0,269.7000000000028,231.02139037433156,213.72826823851767,0.0,0.0,6.10427807486631,0.0,0.0,106.6000000000002,454.6816688682473,828.7445753694493,0.04761187209166798,100.0,1.0,5.6645535693438935
48,2049,2,18,2.2093098651697398E18,152.90971967241282,0.04269855401328654,1.0,50.149878375734794,1.0,275.50000000000006,234.0548128342246,799.3135209970998,0.0,0.0,6.11096256684492,0.0,0.0,106.6000000000002,268.6782120116107,793.8513761225711,0.04860124199752982,100.0,1.0,5.668579416427309
47,2049,2,18,8.815097190336754E18,151.63251188400463,0.04269855401328654,0.0,13.276694081511032,0.0,275.50000000000006,234.36898395721926,133.70912437794877,0.0,0.0,6.17379679144385,0.0,0.0,106.6000000000002,450.8090045837052,870.4652056463732,0.04901061254764667,100.0,1.0,5.621231518626034
45,2049,2,18,8.237168610376572E18,154.1897619655364,0.01228483493214234,0.0,23.658050818301778,0.0,275.50000000000006,234.10828877005346,278.2961281618151,0.0,0.0,6.121657754010696,0.0,0.0,106.6000000000002,670.5224451610235,896.3651231900785,0.04819776744473122,100.0,1.0,5.716032393324404
44,2049,2,18,5.156518253817723E18,142.6710564765836,0.0235446012389557,0.0,40.67590768971665,0.0,275.50000000000006,234.77005347593584,503.05005240904865,0.0,0.0,6.254010695187166,0.0,0.0,106.6000000000002,206.74115848172872,732.652745636886,0.052089067489264194,100.0,1.0,5.289017701397359
42,2049,2,18,2.853793568557007E18,147.46017652628652,0.013486593181707685,1.0,45.40049430486395,1.0,275.50000000000006,234.35561497326202,657.424746770736,0.0,0.0,6.171122994652406,0.0,0.0,106.6000000000002,360.7935701352278,789.7830118557056,0.050397351099390635,100.0,1.0,5.4665571501302805
53,2049,2,19,2.957751204712242E18,150.2561293914373,0.013391748713404913,0.0,49.28904667016468,0.0,278.39999999999634,235.78877005347593,830.9762859394237,0.0,0.0,6.157754010695188,0.0,0.0,106.6000000000002,487.25049156681973,854.0898976612526,0.04998018857873683,100.0,1.0,5.570207074377398
50,2049,2,19,2.52771244661108E18,155.9078148117006,0.005080329557437372,0.0,34.04893847542076,0.0,275.50000000000006,236.00267379679144,468.1328928205222,0.0,0.0,6.2005347593582885,0.0,0.0,106.6000000000002,587.9346287725658,905.627030149511,0.04766664389818425,100.0,1.0,5.779723040465506
59,2049,2,19,2.819594302524464E18,153.0287244353804,0.013391748713404913,1.0,50.354577971924925,1.0,278.39999999999634,235.93582887700535,849.3465083859047,0.0,0.0,6.18716577540107,0.0,0.0,106.6000000000002,563.0498009379775,836.7274804994698,0.04907464078919565,100.0,1.0,5.672991091180627
58,2049,2,19,4.687141051879245E18,151.46506038197347,0.0064631991860062315,1.0,32.279148573329685,1.0,278.39999999999634,236.29010695187165,436.8760437137393,0.0,0.0,6.258021390374331,0.0,0.0,106.6000000000002,638.2318331036527,915.3608440466636,0.04958126754220662,100.0,1.0,5.6150238547855835
52,2049,2,20,3.00978221914696E18,152.44277250508523,0.014074023545783104,1.0,38.73236880719682,2.0,281.2999999999969,237.4826203208556,557.4036589938886,0.0,0.0,6.196524064171123,0.0,0.0,106.6000000000002,509.6411378051852,880.7574282102561,0.04977643052486355,100.0,1.0,5.6512690249954
51,2049,2,20,6.50369789014244E18,155.2499271969463,0.014074023545783104,0.0,23.64753786046433,0.0,278.39999999999634,237.37566844919786,296.00954289437004,0.0,0.0,6.175133689839572,0.0,0.0,106.6000000000002,691.5267899725579,954.0467907344492,0.04837251661038341,100.0,1.0,5.755334216790291
56,2049,2,20,5.182538500345593E18,152.93748835861877,0.014074023545783104,0.0,35.919285602954815,0.0,281.2999999999969,237.36229946524065,491.48200019588694,0.0,0.0,6.172459893048129,0.0,0.0,106.6000000000002,649.3714578733926,875.7135972848521,0.049615415788860924,100.0,1.0,5.669608840870605
46,2049,2,20,6.646488575717851E18,156.02114555312423,0.014074023545783104,1.0,28.154749506251868,1.0,281.2999999999969,237.24197860962568,366.1228026757348,0.0,0.0,6.148395721925134,0.0,0.0,106.6000000000002,604.6952927695236,932.8334479927607,0.048634799133898544,100.0,1.0,5.783924371221064
41,2049,2,20,1.9955042617296404E18,150.79111548630874,0.014074023545783104,0.0,45.17156418200833,0.0,281.2999999999969,237.79010695187165,731.5109020959048,0.0,0.0,6.258021390374331,0.0,0.0,106.6000000000002,519.4124620091363,887.0747352314601,0.05032164560985624,100.0,1.0,5.590039765013171
55,2049,2,21,8.661686022710631E18,158.29808702064898,0.01475629837816131,0.0,26.539230880117522,0.0,284.2000000000032,239.43716577540107,326.7310996429674,0.0,0.0,6.287433155080214,0.0,0.0,106.6000000000002,566.663828540826,903.2644221000747,0.048429419530123106,100.0,1.0,5.868333809436447
54,2049,2,21,7.887265943744844E18,155.86203768302724,0.01475629837816131,0.0,29.626226631930766,0.0,284.2000000000032,239.30347593582889,382.5816156527629,0.0,0.0,6.260695187165775,0.0,0.0,106.6000000000002,542.2524232122221,907.0755246055884,0.04918634826736758,100.0,1.0,5.7780260176085125
49,2049,2,22,3.317868809496197E18,158.68960211627166,0.015407560718158676,0.0,37.01810446328359,0.0,287.1000000000037,241.39171122994654,499.49567617592106,0.0,0.0,6.378342245989304,0.0,0.0,106.6000000000002,479.8419131994014,848.7508383570183,0.048802894180718766,100.0,1.0,5.8828478273616875
43,2049,2,22,3.212672331395627E18,155.4671809980638,0.015407560718158676,1.0,38.35675850804282,2.0,287.1000000000037,241.451871657754,541.4084858383958,0.0,0.0,6.390374331550802,0.0,0.0,106.6000000000002,463.2670994335954,869.1602855517011,0.04981444836101592,100.0,1.0,5.763388122243748
40,2049,2,25,3.5299406018237317E18,165.74725049180913,0.016797244296100154,0.0,46.60121390213828,0.0,295.7999999999965,247.25534759358288,745.5303782323799,0.0,0.0,6.651069518716578,0.0,0.0,106.6000000000002,452.86165250236047,853.5754379859783,0.04814073243175983,100.0,1.0,6.144484827257192
48,2049,7,1,2.2093098651697398E18,135.03117705495728,6.311048510546827E-5,1.0,46.55487383713022,2.0,263.01257750660875,219.12032085561498,653.8264314314964,0.0,0.0,5.524064171122995,0.0,0.0,106.69999999999851,246.75354670121192,749.6061691111648,0.05267098620962966,100.0,1.0,4.993500149395779
44,2049,7,1,5.156518253817723E18,130.52958993492535,1.3460283151400663E-4,2.0,37.0396640453199,3.0,260.7790152657825,218.3181818181818,418.0766361532653,0.0,0.0,5.363636363636363,0.0,0.0,106.69999999999851,258.0937544446521,709.6893631257067,0.054024736030809824,100.0,1.0,4.827029883441957
42,2049,7,1,2.853793568557007E18,122.9447376402336,1.0570038302940387E-4,2.0,38.04340105948713,8.0,261.98977824795065,217.21524064171123,458.294113003187,0.0,0.0,5.143048128342246,0.0,0.0,106.69999999999851,361.70519309203064,745.3495888476441,0.05762399829788692,100.0,1.0,4.546539393077101
51,2049,7,2,6.50369789014244E18,130.35806901313208,5.920674375873828E-5,1.0,27.412221534645923,3.0,273.40356438492194,222.46524064171123,287.4071857047312,0.0,0.0,5.893048128342246,0.0,0.0,106.69999999999851,295.77464860977324,759.6441347771907,0.0567146478359178,100.0,1.0,4.820686979771274
58,2049,7,2,4.687141051879245E18,128.68529154936252,8.034324450991478E-5,1.0,32.67352224288419,5.0,269.075682099666,221.64304812834226,374.84161992568056,0.0,0.0,5.728609625668449,0.0,0.0,106.69999999999851,356.7505984737967,771.201868421469,0.056542437314986475,100.0,1.0,4.75882708417219
57,2049,7,2,5.866154019238748E17,125.22830957725398,6.978508636549754E-5,3.0,11.450505528523417,7.0,260.2800703010071,221.57620320855614,98.03776393851855,0.0,0.0,5.71524064171123,0.0,0.0,106.69999999999851,329.7387119766437,754.2231946507753,0.05620402047761835,100.0,1.0,4.630986681898605
47,2049,7,2,8.815097190336754E18,131.66789605739498,5.5838120959357415E-5,2.0,11.89350055683185,3.0,265.74974579410093,221.7566844919786,103.98508984404201,0.0,0.0,5.751336898395722,0.0,0.0,106.69999999999851,259.7311083658739,765.8332337293131,0.05457854428082576,100.0,1.0,4.869124841929188
54,2049,7,3,7.887265943744844E18,136.0549903860371,6.249998464495589E-5,1.0,29.477972558507883,2.0,280.68451499057,223.89171122994654,331.47000871411194,0.0,0.0,5.878342245989304,0.0,0.0,106.69999999999851,329.12093757014384,791.5313034207954,0.05578699442350941,100.0,1.0,5.031361124418018
53,2049,7,3,2.957751204712242E18,127.0254159626209,3.1012492380827115E-4,2.0,45.92306370463788,5.0,271.70635806860594,224.0788770053476,653.0781830492101,0.0,0.0,5.915775401069519,0.0,0.0,106.69999999999851,329.56916041169325,767.9649561308994,0.05784131550180634,100.0,1.0,4.697444304497549
52,2049,7,3,3.00978221914696E18,137.41808929083427,7.022756426817733E-5,1.0,39.05498350790183,3.0,275.86040756647964,223.20989304812835,505.51200296315454,0.0,0.0,5.741978609625669,0.0,0.0,106.69999999999851,357.5283842213457,787.7200827212951,0.05428432650953429,100.0,1.0,5.081768998608255
50,2049,7,3,2.52771244661108E18,132.5046376364695,1.4711808529804132E-4,1.0,32.207926088507264,3.0,272.5548238735694,222.74197860962568,375.600200403546,0.0,0.0,5.648395721925134,0.0,0.0,106.69999999999851,377.34139710000534,789.0778938136718,0.05562266337458727,100.0,1.0,4.900067838141196
49,2049,7,3,3.317868809496197E18,138.61085660493163,5.5637768892764836E-5,1.0,35.96329224530203,1.0,286.16709602259976,222.11363636363637,422.8884219512232,0.0,0.0,5.5227272727272725,0.0,0.0,106.69999999999851,343.0752033450113,751.8737483744718,0.05582791840885509,100.0,1.0,5.125877951007567
59,2049,7,3,2.819594302524464E18,126.6035045190111,6.701057126367139E-5,1.0,48.20208017893614,6.0,272.1812545165068,224.17245989304814,671.1865732034275,0.0,0.0,5.934491978609626,0.0,0.0,106.69999999999851,315.9906310496429,720.3072037444604,0.05813550777054643,100.0,1.0,4.681841871765739
46,2049,7,3,6.646488575717851E18,136.06364889128918,4.973138611421924E-5,1.0,27.589716352645116,3.0,276.4170226765464,223.91176470588235,312.234171418914,0.0,0.0,5.882352941176471,0.0,0.0,106.69999999999851,397.6688519892099,817.7830074309613,0.05493531985708466,100.0,1.0,5.031681318970216
45,2049,7,3,8.237168610376572E18,132.24801202013575,1.1203935108680317E-4,1.0,23.36311755555062,5.0,268.9586837302783,224.2192513368984,235.1925693282472,0.0,0.0,5.94385026737968,0.0,0.0,106.69999999999851,394.06260906236037,769.8353529262041,0.05499527835120495,100.0,1.0,4.890577733104344
41,2049,7,3,1.9955042617296404E18,129.63787844607754,6.812937693503322E-5,2.0,43.466439880368185,6.0,275.57025722863244,222.72860962566844,603.8526446063025,0.0,0.0,5.64572192513369,0.0,0.0,106.69999999999851,354.0989777206834,784.2568154062649,0.05748167471359163,100.0,1.0,4.794054080742944
55,2049,7,4,8.661686022710631E18,129.91364431182294,1.1334975285390029E-4,1.0,22.83887266216438,5.0,284.03647344078706,225.75267379679144,230.48800503411613,0.0,0.0,5.9505347593582885,0.0,0.0,106.69999999999851,312.5192647912267,776.4772828753387,0.05912189317005492,100.0,1.0,4.804251998896591
56,2049,7,4,5.182538500345593E18,134.06518557913526,3.607781803260484E-5,1.0,39.13361803321822,2.0,278.8530998218805,225.4385026737968,468.4033660968313,0.0,0.0,5.887700534759358,0.0,0.0,106.69999999999851,315.11280284722983,727.1379293968527,0.05624558641730844,100.0,1.0,4.957777446801926
43,2049,7,4,3.212672331395627E18,137.58547211963364,2.7468992365657315E-5,1.0,37.4046118253776,2.0,288.3834747563719,224.89705882352942,466.29752451600166,0.0,0.0,5.779411764705882,0.0,0.0,106.69999999999851,337.4511844512613,778.9623375255615,0.056679600187292296,100.0,1.0,5.0879588741528945
40,2049,7,4,3.5299406018237317E18,135.3191271377643,4.049685607316155E-5,2.0,41.9025901218706,3.0,311.05754864449517,224.36229946524065,546.2130209165737,0.0,0.0,5.672459893048129,0.0,0.0,106.69999999999851,337.7513250747293,756.1196281275327,0.06215993383963017,100.0,1.0,5.004148644157339
41,2049,11,4,1.9955042617296404E18,118.0040169012145,1.046305410959079E-4,1.0,41.289933569413606,6.0,404.28074973343706,306.87566844919786,521.0798914822433,0.0,0.0,5.675133689839572,0.0,0.0,88.0,0.0,739.3561043289326,0.09287162618288818,100.0,1.0,4.353113715671394
54,2049,11,5,7.887265943744844E18,124.77670275844918,5.323119186547737E-5,2.0,25.173689927735204,3.0,414.8162184972664,314.1550802139037,259.24865055034354,0.0,0.0,5.6310160427807485,0.0,0.0,88.0,0.0,768.132279603943,0.09011954736153495,100.0,1.0,4.602954970835986
53,2049,11,5,2.957751204712242E18,128.66767563659909,1.2161761717971418E-4,1.0,48.755298758808664,2.0,404.0968120355322,314.2152406417112,700.5865454352629,0.0,0.0,5.643048128342246,0.0,0.0,88.0,1.826663921939989,735.2939604377426,0.08513590314297927,100.0,1.0,4.746491164331485
52,2049,11,5,3.00978221914696E18,117.01264546610247,8.89782876594569E-6,1.0,31.98898540206228,9.0,416.2840516457328,308.7165775401069,351.85913616295596,0.0,0.0,5.74331550802139,0.0,0.0,88.0,10.543303022282762,746.6345649887747,0.09643923428897781,100.0,1.0,4.316542481023313
51,2049,11,5,6.50369789014244E18,124.91650541358666,3.898980686551057E-5,1.0,26.08751346739498,4.0,391.6914464584794,314.57620320855614,261.60213368852357,0.0,0.0,5.71524064171123,0.0,0.0,88.0,1.729850487271261,739.2780337389022,0.0850004138846357,100.0,1.0,4.608112226254463
49,2049,11,5,3.317868809496197E18,122.02613290511779,9.857753458622728E-5,1.0,29.09661693011327,6.0,417.55057169185073,314.56283422459893,300.7326719724856,0.0,0.0,5.712566844919786,0.0,0.0,88.0,0.0,730.9301051115972,0.09275834963889645,100.0,1.0,4.50148771854344
48,2049,11,5,2.2093098651697398E18,121.75601890047602,6.0382578623105754E-5,2.0,38.71367020439484,8.0,381.5504269783435,313.9879679144385,489.2073868505215,0.0,0.0,5.597593582887701,0.0,0.0,88.0,21.044066307991677,773.1436874425603,0.0849490024431314,100.0,1.0,4.49152333759034
58,2049,11,5,4.687141051879245E18,124.22767322306136,6.551012332240623E-5,1.0,33.583593563158615,5.0,389.79125595267567,308.7433155080214,371.1532864065738,0.0,0.0,5.748663101604278,0.0,0.0,88.0,0.0,732.4748027254064,0.08505708998333104,100.0,1.0,4.582701524694349
46,2049,11,5,6.646488575717851E18,121.50018280951832,1.498188037721116E-4,1.0,24.690688998093073,6.0,414.82513696756763,314.6764705882353,249.01600914260672,0.0,0.0,5.735294117647059,0.0,0.0,88.0,0.0,757.572738113905,0.092551809185258,100.0,1.0,4.482085662282683
43,2049,11,5,3.212672331395627E18,127.01847804907162,9.437763962515856E-5,1.0,36.35580161892118,3.0,435.93205839877527,313.4732620320856,417.31367503499723,0.0,0.0,5.494652406417113,0.0,0.0,88.0,0.0,729.4832597961828,0.09303549706475994,100.0,1.0,4.685653026557516
55,2049,11,6,8.661686022710631E18,123.60519559952765,8.52928833356081E-5,2.0,19.7792010546535,6.0,428.85394851644446,316.62433155080214,189.63505417751796,0.0,0.0,5.824866310160428,0.0,0.0,88.0,0.0,766.0805298020882,0.0940523097842496,100.0,1.0,4.559738612482882
50,2049,11,6,2.52771244661108E18,125.92497088248204,3.1012492380827115E-4,1.0,31.839621489951874,5.0,413.65822749983545,316.35695187165777,352.00851433755247,0.0,0.0,5.771390374331551,0.0,0.0,88.0,0.0,752.1181418112349,0.08904849551108081,100.0,1.0,4.645314051918616
59,2049,11,6,2.819594302524464E18,126.76040455743275,0.005678740281598185,1.0,49.81609224384896,5.0,406.50491893822385,316.129679144385,692.808990247936,0.0,0.0,5.725935828877005,0.0,0.0,88.0,0.0,696.9879934771965,0.0869318590933727,100.0,1.0,4.676132814571476
57,2049,11,6,5.866154019238748E17,123.22099416191956,8.916760316511532E-5,1.0,13.460588144088005,6.0,389.2281291281911,316.48395721925135,113.13486484124351,0.0,0.0,5.7967914438502675,0.0,0.0,88.0,0.0,723.4056740671963,0.08562809636538998,100.0,1.0,4.545565598787657
56,2049,11,6,5.182538500345593E18,131.61757420220295,7.283347200757898E-5,1.0,38.684087571198184,3.0,434.4204868280726,322.2366310160428,453.402124122563,0.0,0.0,5.747326203208556,0.0,0.0,88.0,0.0,717.4300755329351,0.08947324623493441,100.0,1.0,4.855311560814424
47,2049,11,6,8.815097190336754E18,126.51639593168821,9.284621394176128E-6,1.0,6.526842222167339,5.0,396.0146675192428,316.54411764705884,54.838344672069724,0.0,0.0,5.8088235294117645,0.0,0.0,88.0,0.0,778.8959678895243,0.08485183497550959,100.0,1.0,4.667131448996273
45,2049,11,6,8.237168610376572E18,124.6713498905154,0.009937795492796822,1.0,23.65654098649511,6.0,413.35556174200923,316.3435828877005,224.0415542161752,0.0,0.0,5.768716577540107,0.0,0.0,88.0,13.501255561401335,721.0803850593811,0.0898781040233267,100.0,1.0,4.599068552166255
44,2049,11,6,5.156518253817723E18,128.24642355750112,1.0950738835037826E-4,2.0,33.009735035027056,3.0,380.13106885989305,316.677807486631,365.2400526532405,0.0,0.0,5.8355614973262036,0.0,0.0,88.0,0.0,740.0785858638098,0.08034981532565873,100.0,1.0,4.730951369573377
40,2049,11,6,3.5299406018237317E18,126.98962876609465,7.571409272662865E-5,2.0,39.31605277631728,5.0,436.06291252766414,316.2433155080214,479.76319629619206,0.0,0.0,5.748663101604278,0.0,0.0,88.0,0.0,739.4038113541086,0.09308456560260615,100.0,1.0,4.6845887898246295
42,2049,11,7,2.853793568557007E18,129.583983783808,3.1012492380827115E-4,1.0,41.76093548636003,3.0,376.1976551698691,323.52272727272725,529.0015485271371,0.0,0.0,5.704545454545454,0.0,0.0,88.0,0.0,736.5258086552565,0.07869760864227808,100.0,1.0,4.780293348936241
51,2050,2,17,6.50369789014244E18,144.9938786692804,0.043411841338045556,1.0,28.053627363200988,1.0,269.7000000000028,231.24197860962568,317.4047968243125,0.0,0.0,6.148395721925134,0.0,0.0,106.8999999999998,369.10866948190807,812.597872241921,0.05054701533089171,100.0,1.0,5.33562660890041
54,2050,2,18,7.887265943744844E18,144.59025285644256,0.043411841338045556,2.0,33.978771511729754,2.0,272.6000000000036,233.08288770053477,416.05787839395515,0.0,0.0,6.216577540106952,0.0,0.0,106.8999999999998,321.9364830593676,807.2340274402169,0.05123315159360136,100.0,1.0,5.3207735913331815
59,2050,2,18,2.819594302524464E18,152.7733852375075,0.043411841338045556,0.0,52.00571693813216,0.0,272.6000000000036,232.85561497326202,821.864035756199,0.0,0.0,6.171122994652406,0.0,0.0,106.8999999999998,359.4216163574616,757.9111323863475,0.04848890617979557,100.0,1.0,5.621904503046739
45,2050,2,18,8.237168610376572E18,150.1209133659139,0.04295230194744556,0.0,39.112401720912544,0.0,272.6000000000036,232.86898395721926,460.6933946747344,0.0,0.0,6.17379679144385,0.0,0.0,106.8999999999998,209.19442867653805,716.4780492781301,0.04934565196452689,100.0,1.0,5.524296247944349
41,2050,2,18,1.9955042617296404E18,151.42724213789137,0.04311604736139644,1.0,49.347959454810855,1.0,272.6000000000036,232.7620320855615,809.6805538033207,0.0,0.0,6.152406417112299,0.0,0.0,106.8999999999998,410.4594576758631,830.2906424889343,0.04891995811959413,100.0,1.0,5.572367812204194
56,2050,2,19,5.182538500345593E18,155.8728250562906,0.014911360840065445,0.0,38.96253963886788,0.0,275.50000000000006,234.475935828877,556.4659713782733,0.0,0.0,6.195187165775401,0.0,0.0,106.8999999999998,615.1511166089487,870.8574231766764,0.048030314946926944,100.0,1.0,5.735960721982044
55,2050,2,20,8.661686022710631E18,155.02919540600644,0.015562623180062818,0.0,25.81002788957984,0.0,278.39999999999634,235.72192513368984,319.228914945512,0.0,0.0,6.144385026737968,0.0,0.0,106.8999999999998,621.5233807615043,916.212603052752,0.048800017279824984,100.0,1.0,5.704916012705863
52,2050,2,20,3.00978221914696E18,154.52425398345633,0.015562623180062818,1.0,37.188079773584626,1.0,278.39999999999634,236.00267379679144,538.6267287403734,0.0,0.0,6.2005347593582885,0.0,0.0,106.8999999999998,575.067508396361,908.885131057755,0.0489594818914346,100.0,1.0,5.686334684205514
44,2050,2,20,5.156518253817723E18,152.30153652548108,0.015562623180062818,0.0,32.76181961389948,0.0,278.39999999999634,235.72860962566844,436.73985896063914,0.0,0.0,6.14572192513369,0.0,0.0,106.8999999999998,614.4556504556667,895.0367383205989,0.04967400583923015,100.0,1.0,5.604540952486046
43,2050,2,20,3.212672331395627E18,155.20621508307286,0.015562623180062818,0.0,32.72876884815688,0.0,278.39999999999634,236.42379679144386,440.3702304860578,0.0,0.0,6.28475935828877,0.0,0.0,106.8999999999998,557.7322334913359,904.0826588687466,0.0487443586627065,100.0,1.0,5.711430155978144
40,2050,2,20,3.5299406018237317E18,154.98992144128084,0.015562623180062818,1.0,40.28677400601876,1.0,278.39999999999634,236.0427807486631,600.2129978873091,0.0,0.0,6.208556149732621,0.0,0.0,106.8999999999998,586.3972037387595,888.7749691785903,0.04881238305264064,100.0,1.0,5.703470770926344
48,2050,2,21,2.2093098651697398E18,156.7806096737265,0.016182873027679363,1.0,39.90229090098095,1.0,281.2999999999969,238.26470588235293,623.9369463609273,0.0,0.0,6.352941176470588,0.0,0.0,106.8999999999998,588.7952651659898,938.8118810801626,0.04875752152111455,100.0,1.0,5.769366268508527
57,2050,2,21,5.866154019238748E17,158.5499014817236,0.016182873027679363,0.0,14.164678119832525,0.0,281.2999999999969,237.1885026737968,146.45600953275343,0.0,0.0,6.137700534759358,0.0,0.0,106.8999999999998,559.0104280465757,885.2455913245225,0.048213426049598364,100.0,1.0,5.834474399529635
47,2050,2,21,8.815097190336754E18,154.79594019689273,0.016182873027679363,1.0,13.646352741345591,1.0,281.2999999999969,237.38903743315507,139.22449421769036,0.0,0.0,6.177807486631016,0.0,0.0,106.8999999999998,449.0256688331946,878.2838824828732,0.04938265138308599,100.0,1.0,5.696332459304618
46,2050,2,21,6.646488575717851E18,155.61743169085904,0.016182873027679363,0.0,26.36935060100273,0.0,281.2999999999969,237.63636363636363,321.8691575232375,0.0,0.0,6.2272727272727275,0.0,0.0,106.8999999999998,519.045080922835,897.5042872704726,0.049121964468902095,100.0,1.0,5.726562507044704
42,2050,2,21,2.853793568557007E18,154.09714451125654,0.016182873027679363,1.0,40.21806573419014,2.0,281.2999999999969,237.93048128342247,602.9826203927013,0.0,0.0,6.286096256684492,0.0,0.0,106.8999999999998,583.8896733408196,895.4666892844291,0.04960659053420535,100.0,1.0,5.67061749196473
58,2050,2,22,4.687141051879245E18,159.99914385366154,0.01677211038291507,0.0,39.14694860843716,0.0,284.2000000000032,239.00935828877004,552.2003307833111,0.0,0.0,6.201871657754011,0.0,0.0,106.8999999999998,473.477946934909,857.5397964344859,0.048269261321133704,100.0,1.0,5.887805038267119
53,2050,2,23,2.957751204712242E18,162.42686709845628,0.017330335245769955,0.0,49.4881689323586,0.0,287.1000000000037,241.25133689839572,903.9180749208009,0.0,0.0,6.350267379679145,0.0,0.0,106.8999999999998,614.1056872283775,922.0402211947081,0.048032983463693835,100.0,1.0,5.977142773507102
50,2050,2,23,2.52771244661108E18,159.37226665491522,0.017330335245769955,0.0,38.145435524451806,0.0,287.1000000000037,241.11764705882354,533.63519478682,0.0,0.0,6.323529411764706,0.0,0.0,106.8999999999998,461.96235761777655,864.3405228917009,0.04895360519840568,100.0,1.0,5.8647365977726595
49,2050,2,23,3.317868809496197E18,155.7477311093042,0.017212293239560614,1.0,37.277395410325035,2.0,287.1000000000037,241.05080213903744,493.9503259072688,0.0,0.0,6.310160427807487,0.0,0.0,106.8999999999998,440.767656708539,830.2288062431406,0.05009284543557429,100.0,1.0,5.731357392529248
54,2050,6,30,7.887265943744844E18,132.16784027312931,3.7728092920714236E-5,1.0,34.575012078609575,3.0,258.16064521631256,216.2633689839572,386.2180662899976,0.0,0.0,5.252673796791444,0.0,0.0,107.0,236.39320070991855,729.2310128108298,0.0532102882269614,100.0,1.0,4.851705446795602
51,2050,6,30,6.50369789014244E18,123.19245779286548,6.482544393985599E-5,2.0,32.85046184166078,7.0,261.09253966645,216.79144385026737,314.9845720583374,0.0,0.0,5.358288770053476,0.0,0.0,107.0,59.154172195218294,642.7535896103308,0.05773533761421188,100.0,1.0,4.522231105862289
59,2050,6,30,2.819594302524464E18,128.282094963287,1.1791822198033124E-4,2.0,49.956784181267224,5.0,260.0309385093856,215.7620320855615,661.4838736702944,0.0,0.0,5.152406417112299,0.0,0.0,107.0,220.05585306655627,661.7801209326678,0.055219230033884,100.0,1.0,4.709064909992835
41,2050,6,30,1.9955042617296404E18,124.22033624735083,5.728203247289825E-5,2.0,47.13446043861858,7.0,259.81645394663997,217.36631016042782,633.0181543087165,0.0,0.0,5.473262032085562,0.0,0.0,107.0,201.5991766693313,708.9981093394069,0.056977752909922075,100.0,1.0,4.559963155398423
45,2050,7,1,8.237168610376572E18,132.03899496560288,7.951921123289003E-5,2.0,39.443788283901256,3.0,262.4902632910841,219.975935828877,407.747957339759,0.0,0.0,5.695187165775401,0.0,0.0,107.0,48.173717239179624,625.0933559872087,0.05415547325860459,100.0,1.0,4.846975707102289
52,2050,7,2,3.00978221914696E18,135.92699279437304,1.0716134202082621E-4,1.0,38.20335101848933,2.0,273.2048921998358,221.7633689839572,485.64451224547895,0.0,0.0,5.752673796791444,0.0,0.0,107.0,347.67825332195935,784.5319336339142,0.05475378294054275,100.0,1.0,4.989698930875873
48,2050,7,2,2.2093098651697398E18,139.58715372864668,6.342022981764233E-5,1.0,43.111919923440766,1.0,277.85579901444333,217.5120320855615,598.7298183622842,0.0,0.0,4.902406417112299,0.0,0.0,107.0,377.4084200393923,789.2244460141454,0.054225726630053955,100.0,1.0,5.12405856559689
56,2050,7,2,5.182538500345593E18,136.79870508880325,7.911350097149776E-5,1.0,36.09099756873074,3.0,269.57464097436844,221.4826203208556,451.4826114689932,0.0,0.0,5.696524064171123,0.0,0.0,107.0,500.5032382344931,798.1053568266182,0.05368196640550684,100.0,1.0,5.021698328597642
46,2050,7,2,6.646488575717851E18,135.40723534480773,6.450185603333425E-5,1.0,22.685070800547432,4.0,277.66610226175675,220.7673796791444,240.62215251586167,0.0,0.0,5.553475935828877,0.0,0.0,107.0,423.1066736200009,817.7861341237381,0.055861469969822296,100.0,1.0,4.970619326912782
44,2050,7,2,5.156518253817723E18,134.9990854283838,3.1012492380827115E-4,1.0,35.24995445477995,2.0,272.83016518031894,221.7566844919786,415.629133779387,0.0,0.0,5.751336898395722,0.0,0.0,107.0,343.14805412920947,761.9518706575254,0.05505451315705997,100.0,1.0,4.955636686895891
43,2050,7,2,3.212672331395627E18,132.62062363441183,1.7600733473795176E-4,1.0,30.201994808354872,4.0,273.3099723371554,221.8903743315508,346.5694698405711,0.0,0.0,5.778074866310161,0.0,0.0,107.0,387.8707625631024,799.419446933446,0.05614043576368745,100.0,1.0,4.868326521147823
42,2050,7,2,2.853793568557007E18,135.49498180077626,4.784401786613254E-5,1.0,42.362327851424425,3.0,277.3950789338052,221.66978609625667,557.2404904116588,0.0,0.0,5.733957219251337,0.0,0.0,107.0,334.09685074421725,757.0868642617269,0.05577080436892164,100.0,1.0,4.9738403824848545
40,2050,7,2,3.5299406018237317E18,133.24091931339467,7.132587944072474E-5,1.0,40.98741201102242,3.0,273.2828155463109,219.0360962566845,523.8246886522179,0.0,0.0,5.207219251336898,0.0,0.0,107.0,351.64580641942985,753.0792350280803,0.05587352480107364,100.0,1.0,4.891096749655207
53,2050,7,3,2.957751204712242E18,129.51794438306797,9.565852060711633E-5,1.0,51.17213505174835,6.0,292.68231836593986,223.27673796791444,743.6147908533061,0.0,0.0,5.755347593582887,0.0,0.0,107.0,188.65338655651686,708.8171818491124,0.0615599006688269,100.0,1.0,4.7544312967702735
50,2050,7,3,2.52771244661108E18,131.70605998206392,5.577786399429337E-5,1.0,33.09741355727507,4.0,291.71094253981084,223.22994652406416,381.86849779787616,0.0,0.0,5.745989304812834,0.0,0.0,107.0,324.8802671460727,770.5905649468453,0.060336252077356656,100.0,1.0,4.8347541071296645
58,2050,7,3,4.687141051879245E18,136.87521219634993,4.6026257614762716E-5,1.0,36.10722897076612,2.0,286.3209370354288,223.79144385026737,434.79626176360466,0.0,0.0,5.858288770053476,0.0,0.0,107.0,326.85932074172734,768.2410013832655,0.056984883946068064,100.0,1.0,5.024506802653318
57,2050,7,3,5.866154019238748E17,140.40391057579683,3.1012492380827115E-4,0.0,15.287516093623745,0.0,281.05701485447,222.92914438502675,139.81819811259106,0.0,0.0,5.685828877005347,0.0,0.0,107.0,361.463650547522,771.5632900035185,0.054531393030516455,100.0,1.0,5.154040622017248
47,2050,7,3,8.815097190336754E18,132.24275555249298,9.020503892038133E-5,1.0,8.277365655171057,3.0,280.41111638128723,223.36363636363637,72.2300718795041,0.0,0.0,5.7727272727272725,0.0,0.0,107.0,317.51245592631227,794.8978841497418,0.057763660030385966,100.0,1.0,4.854455486958061
55,2050,7,4,8.661686022710631E18,138.08233446799318,3.223751806738785E-5,1.0,29.236806624239428,2.0,279.0712050224163,224.89705882352942,321.3899920055823,0.0,0.0,5.779411764705882,0.0,0.0,107.0,324.2773701015899,776.29996495353,0.055056458726990054,100.0,1.0,5.068818654070255
49,2050,7,4,3.317868809496197E18,129.78404884442583,7.283347200757898E-5,1.0,30.75723840652486,7.0,293.74890643749126,225.53208556149733,339.01137883138915,0.0,0.0,5.906417112299465,0.0,0.0,107.0,341.8332664776315,761.7145590191302,0.06165755610671594,100.0,1.0,4.764199637252492
53,2050,11,4,2.957751204712242E18,125.66987569021869,5.8338021784851574E-5,1.0,48.751067954831385,3.0,403.4812667577441,306.0735294117647,685.8633607672075,0.0,0.0,5.514705882352941,0.0,0.0,88.0,0.0,719.958333064692,0.08767794441318677,100.0,1.0,4.601855910949715
50,2050,11,4,2.52771244661108E18,116.03286186255374,9.132064894236489E-5,1.0,27.395726552435445,10.0,406.1989860548691,306.6350267379679,278.05467082260856,0.0,0.0,5.627005347593583,0.0,0.0,88.0,0.0,734.7692529886917,0.09559958351272903,100.0,1.0,4.248961879638147
47,2050,11,4,8.815097190336754E18,119.32096192801629,1.6673383000444686E-4,2.0,2.4652531324703983,7.0,406.8346333929043,306.79545454545456,19.751775744653326,0.0,0.0,5.659090909090909,0.0,0.0,88.0,0.0,760.727259011805,0.09311064608081775,100.0,1.0,4.369367526886044
55,2050,11,5,8.661686022710631E18,127.48009334907636,5.187770555508048E-5,1.0,24.935753441446217,3.0,435.8446889573879,313.86764705882354,252.5897888405299,0.0,0.0,5.573529411764706,0.0,0.0,88.0,7.913662540591995,758.3310302030058,0.09336574233285642,100.0,1.0,4.668143561731307
51,2050,11,5,6.50369789014244E18,127.45058762909436,6.888603372018458E-5,1.0,25.982997880468442,5.0,357.93145414230224,308.3355614973262,257.2310082616712,0.0,0.0,5.6671122994652405,0.0,0.0,88.0,2.498833835679761,731.1803162256541,0.07669308218400941,100.0,1.0,4.66706310333856
49,2050,11,5,3.317868809496197E18,119.02743128922725,1.8459816893349478E-4,1.0,28.39244959181574,8.0,425.04382691093855,308.49598930481284,286.459770667853,0.0,0.0,5.699197860962567,0.0,0.0,88.0,0.0,720.56033334474,0.09751800792238557,100.0,1.0,4.358618843498426
48,2050,11,5,2.2093098651697398E18,125.53131660611498,5.642738788360103E-5,1.0,38.40009755818591,5.0,400.4728633047031,314.6229946524064,478.5774490771573,0.0,0.0,5.724598930481283,0.0,0.0,88.0,0.0,766.5533774001958,0.08712026308656148,100.0,1.0,4.5967820701688975
59,2050,11,5,2.819594302524464E18,119.49748404034888,6.501570729733148E-5,1.0,44.18633431350983,9.0,361.7847548119669,308.2152406417112,543.8054296036087,0.0,0.0,5.643048128342246,0.0,0.0,88.0,0.0,685.8187970210638,0.08267794431361829,100.0,1.0,4.37583152091477
58,2050,11,5,4.687141051879245E18,129.61851256387928,0.005404841657452466,1.0,34.74712787403199,2.0,415.08911229787384,314.2352941176471,395.4221580781933,0.0,0.0,5.647058823529412,0.0,0.0,88.0,0.0,741.0387596515809,0.08745255007835717,100.0,1.0,4.746449496623661
57,2050,11,5,5.866154019238748E17,119.11050448798757,0.01987900761611018,2.0,7.649156385623475,8.0,418.8579621560413,308.1016042780749,59.494611278810446,0.0,0.0,5.620320855614973,0.0,0.0,88.0,0.0,711.7715203685833,0.09603175826690356,100.0,1.0,4.36166086839625
56,2050,11,5,5.182538500345593E18,117.86832162117297,7.303931319083166E-5,1.0,33.00798551288244,9.0,397.8697716630728,314.8368983957219,355.0148983540647,0.0,0.0,5.767379679144385,0.0,0.0,88.0,17.111663337038415,719.0119692161873,0.09218112719240276,100.0,1.0,4.316173860975133
45,2050,11,5,8.237168610376572E18,123.7008517597432,9.036274003737501E-5,2.0,25.87580918427602,7.0,378.19101685141163,314.6163101604278,250.18381269799065,0.0,0.0,5.723262032085562,0.0,0.0,88.0,0.0,715.0605614652586,0.08349042811421843,100.0,1.0,4.529752995565317
44,2050,11,5,5.156518253817723E18,121.83405351089415,0.004105536475859185,2.0,29.954469458025006,7.0,396.0584375272217,314.52941176470586,318.0411788599703,0.0,0.0,5.705882352941177,0.0,0.0,88.0,0.0,742.0954903417049,0.08877460431274037,100.0,1.0,4.461393442340379
40,2050,11,5,3.5299406018237317E18,122.67715030400866,0.01987900761611018,1.0,36.69447028608614,6.0,394.2449281909012,314.1483957219251,430.7928805245247,0.0,0.0,5.629679144385027,0.0,0.0,88.0,0.0,741.9896219599063,0.08776080638481647,100.0,1.0,4.492266473284248
54,2050,11,6,7.887265943744844E18,127.60886608322751,7.960085313353979E-5,2.0,28.183952153143895,4.0,368.056326621264,316.3636363636364,303.2273112816834,0.0,0.0,5.7727272727272725,0.0,0.0,88.0,0.0,771.103430783113,0.07876469704536145,100.0,1.0,4.672859039999817
52,2050,11,6,3.00978221914696E18,121.76634788303733,8.038489471443005E-5,1.0,32.90163354526885,9.0,399.9161771340058,316.4438502673797,373.9484741341983,0.0,0.0,5.788770053475936,0.0,0.0,88.0,9.335912790287443,761.1115393537068,0.08968914024758912,100.0,1.0,4.458914156496842
46,2050,11,6,6.646488575717851E18,122.94423154554073,3.1012492380827115E-4,2.0,20.657200158565963,7.0,399.4172073904,316.1564171122995,198.43375195223408,0.0,0.0,5.731283422459893,0.0,0.0,88.0,0.0,760.1999981738998,0.08871902967884958,100.0,1.0,4.502046616562806
43,2050,11,6,3.212672331395627E18,122.95272479470815,0.02065431992563085,2.0,30.278392926225973,6.0,396.4833468913073,316.1096256684492,321.39242645280814,0.0,0.0,5.721925133689839,0.0,0.0,88.0,0.0,738.4485513621745,0.08806127360196174,100.0,1.0,4.50235762752442
42,2050,11,6,2.853793568557007E18,131.55749323327743,3.1012492380827115E-4,1.0,42.61557446433581,3.0,399.4677037007228,316.1029411764706,542.8571094911487,0.0,0.0,5.720588235294118,0.0,0.0,88.0,0.0,730.1449997194559,0.08292094687077635,100.0,1.0,4.817452269608686
41,2050,11,6,1.9955042617296404E18,126.98017769884115,3.1012492380827115E-4,1.0,44.28237132900362,4.0,361.57800964309394,321.8355614973262,606.4655544806535,0.0,0.0,5.6671122994652405,0.0,0.0,88.0,0.0,762.0010602024475,0.07776143178722873,100.0,1.0,4.649837346519618
