id_sim,year,month,day,seed,Straw Value,Salinity Exposure,Max Flood Continuous,Profit Margin,Flood Stress,Methane Emissions,Labor Intensity,Net Income,AWD Adoption,Salinity Stress,Pesticide Usage,Resilient Varieties,Drought Stress,Fertilizer Usage,Water Usage,Production Cost,Emission Intensity,Water Reliability,Biodiversity,Avg Yield
73,2027,2,27,2.957751204712242E18,154.3999426761633,0.026696107944779755,0.0,26.843392132970017,0.0,295.7999999999965,251.39304812834226,398.5857928923542,0.0,0.0,5.978609625668449,0.0,0.0,143.0,937.0003191147786,1084.6891630121534,0.04384243357503652,100.0,1.0,6.746888251395386
76,2027,2,28,5.182538500345593E18,157.3739829448043,0.026696107944779755,0.0,31.025615953892633,0.0,298.7000000000036,252.85294117647058,466.7819843659552,0.0,0.0,5.970588235294118,0.0,0.0,143.0,911.8781233634805,1036.6564266074436,0.04343560789067759,100.0,1.0,6.87684631355447
78,2027,3,1,4.687141051879245E18,159.51344347631098,0.018285005441629962,0.0,26.548939240737756,0.0,301.60000000000383,254.44652406417111,380.4132890337637,0.0,0.0,5.989304812834225,0.0,0.0,143.0,914.3560581522785,1050.6666168505324,0.043269080333188895,100.0,1.0,6.970335345183338
60,2027,3,4,3.5299406018237317E18,168.80691599274337,0.0014209266544056476,0.0,36.40567910326294,0.0,310.2999999999961,259.7687165775401,613.8027288916908,0.0,0.0,6.153743315508021,0.0,0.0,143.0,855.5238675611686,1071.2116382089944,0.042066381653174195,100.0,1.0,7.3764366652291296
62,2027,3,5,2.853793568557007E18,176.0013161075767,0.0020721889944030174,0.0,36.404959539528896,0.0,313.20000000000397,254.19652406417111,615.9752300029628,0.0,0.0,4.739304812834225,0.0,0.0,143.0,894.6863926168386,1075.045559490088,0.040723908758049786,100.0,1.0,7.69081381310419
64,2027,3,5,5.156518253817723E18,173.58076312463524,0.0020721889944030174,0.0,36.484668001953686,0.0,313.20000000000397,258.7085561497326,619.7091210575175,0.0,0.0,5.641711229946524,0.0,0.0,143.0,914.9865041206781,1077.6945296217652,0.04129179644932888,100.0,1.0,7.5850417499840805
72,2027,3,5,3.00978221914696E18,173.0476792276128,0.0020721889944030174,0.0,42.27468880915108,0.0,313.20000000000397,254.96524064171123,690.2453312207048,0.0,0.0,4.893048128342246,0.0,0.0,143.0,843.984975276294,941.6867233675216,0.04141899833879956,100.0,1.0,7.561747327593181
67,2027,3,6,8.815097190336754E18,172.868366771002,0.0027234513344003867,0.0,39.2192440124732,0.0,316.1000000000039,259.74064171122996,668.3204604687495,0.0,0.0,5.548128342245989,0.0,0.0,143.0,864.8043372731978,1034.915901273605,0.04184586838064838,100.0,1.0,7.5539118252874955
66,2027,3,6,6.646488575717851E18,175.87281460985886,0.0024423551951003033,0.0,44.45692268136055,0.0,316.1000000000039,258.70454545454544,821.0781888790597,0.0,0.0,5.340909090909091,0.0,0.0,143.0,856.7440339046303,1024.8902626590825,0.04113101242579137,100.0,1.0,7.6851986216072845
65,2027,3,6,8.237168610376572E18,175.6929382127257,8.911817193718542E-4,0.0,37.841857403723445,0.0,316.1000000000039,257.94919786096256,643.6890581395884,0.0,0.0,5.189839572192513,0.0,0.0,143.0,926.1143670018173,1056.3905068570796,0.04117312281679998,100.0,1.0,7.677338476522474
74,2027,3,6,7.887265943744844E18,177.60404789601094,0.0027234513344003867,0.0,45.35861758972496,0.0,316.1000000000039,253.14973262032086,813.0767566511338,0.0,0.0,4.229946524064171,0.0,0.0,143.0,882.1632679572685,978.8032802742813,0.04073007912135258,100.0,1.0,7.760849151758455
71,2027,3,7,6.50369789014244E18,178.8917100613353,0.0014821370487663693,0.0,39.88349694699825,0.0,318.99999999999994,257.0427807486631,666.411764825453,0.0,0.0,4.708556149732621,0.0,0.0,143.0,875.6172002001672,1003.5786706173127,0.040807884866153554,100.0,1.0,7.81711674217601
79,2027,3,7,2.819594302524464E18,180.7911756208189,0.002101557182801194,0.0,42.36205926644198,0.0,321.89999999999606,251.05347593582889,768.6625149610855,0.0,0.0,3.5106951871657754,0.0,0.0,143.0,846.7999437658576,1045.347575262757,0.04074622374135006,100.0,1.0,7.900118598556795
68,2027,3,8,2.2093098651697398E18,181.5804098919133,0.0011216447117431128,0.0,48.12022988146062,0.0,324.79999999999575,249.14438502673798,876.8364703964455,0.0,0.0,2.828877005347594,0.0,0.0,143.0,800.5483755001213,944.8413950370575,0.040934608977628406,100.0,1.0,7.9346061465374085
75,2027,3,8,8.661686022710631E18,183.44708548612147,0.0039949635220143,0.0,43.46533022913087,0.0,321.89999999999606,239.07085561497325,722.2016842547852,0.0,0.0,0.8141711229946524,0.0,0.0,143.0,881.7922109975594,938.2974445559666,0.04015630814077403,100.0,1.0,8.016175164099417
63,2027,3,9,3.212672331395627E18,183.14379162880053,0.002047130038931445,0.0,46.911383054227365,0.0,327.70000000000425,251.5066844919786,859.690137919676,0.0,0.0,3.001336898395722,0.0,0.0,143.0,782.0276165773402,972.4613062988266,0.04094754397538224,100.0,1.0,8.002921987140871
70,2027,3,9,2.52771244661108E18,189.4099555227397,0.004233988213390534,0.0,52.074033866248485,0.0,327.70000000000425,236.5,1026.9219892978974,0.0,0.0,0.0,0.0,0.0,143.0,814.4498535610012,945.0687461434966,0.03959289489742899,100.0,1.0,8.2767375522542
69,2027,3,9,3.317868809496197E18,183.43077002397717,0.004615213369630841,0.0,44.566417032051994,0.0,327.70000000000425,243.77941176470588,782.7766692452187,0.0,0.0,1.4558823529411764,0.0,0.0,143.0,910.9983586722609,972.3369416348556,0.04088348132954075,100.0,1.0,8.015462219535143
77,2027,3,9,5.866154019238748E17,184.649848303327,0.004615213369630841,0.0,35.34917540779694,0.0,324.79999999999575,249.23395721925132,626.1916624587346,0.0,0.0,2.5467914438502675,0.0,0.0,143.0,871.7349870412519,1144.4207979058158,0.04025415208959617,100.0,1.0,8.06873286703613
61,2027,3,10,1.9955042617296404E18,183.15106075052674,0.005235463217247381,0.0,49.01636310649625,0.0,327.70000000000425,249.55080213903744,861.9213145390429,0.0,0.0,2.3101604278074865,0.0,0.0,143.0,871.8544669538529,895.581094084655,0.04094591879952841,100.0,1.0,8.003239629434777
76,2027,7,11,5.182538500345593E18,134.12492846879218,8.70648298170329E-5,0.0,38.05434394812482,0.0,363.4910977788748,236.4933155080214,486.85363850867753,0.0,0.0,5.998663101604278,0.0,0.0,100.09999999999982,511.8880251644108,791.2438728485924,0.06217647731559629,100.0,1.0,5.8461191992891655
78,2027,7,12,4.687141051879245E18,142.2770720560541,4.064546838902636E-5,0.0,36.88814670102154,0.0,379.9323283793326,238.81550802139037,470.0525185634435,0.0,0.0,6.163101604278075,0.0,0.0,100.09999999999982,517.2151507383485,803.1670154975208,0.06126510288783309,100.0,1.0,6.201447650792815
73,2027,7,12,2.957751204712242E18,139.55135782556474,1.1756062312671388E-4,0.0,36.98936575342224,0.0,354.0401585886301,241.3288770053476,495.17177057681624,0.0,0.0,6.665775401069519,0.0,0.0,100.09999999999982,537.4300030713016,842.0713621793644,0.05820500050286185,100.0,1.0,6.082641620649459
65,2027,7,13,8.237168610376572E18,139.09946546449297,5.961647900966381E-5,1.0,41.65781216992493,1.0,492.41897562925703,239.8475935828877,559.7604538774109,0.0,0.0,6.06951871657754,0.0,0.0,100.09999999999982,449.31324547424884,782.8257585875306,0.08121778788052242,100.0,1.0,6.0629449345954
74,2027,7,13,7.887265943744844E18,141.70531446719318,8.071965742016424E-5,0.0,46.388668261092704,0.0,494.69040519982985,239.35294117647058,661.8861341505194,0.0,0.0,5.970588235294118,0.0,0.0,100.09999999999982,461.04932718283425,764.1941967592389,0.08009200874080229,100.0,1.0,6.176526384807895
60,2027,7,14,3.5299406018237317E18,141.38868970074225,7.642309605920929E-5,0.0,37.368573590991176,0.0,442.31277508033855,248.2566844919786,526.5853527910068,0.0,0.0,6.251336898395722,0.0,0.0,143.0,444.0171406592115,881.1785428864295,0.07177226475818316,100.0,1.0,6.1627256234785035
66,2027,7,14,6.646488575717851E18,143.1993199578161,9.70960938660836E-5,0.0,47.6225929994832,0.0,495.527923445773,240.91978609625667,714.393530267754,0.0,0.0,5.983957219251337,0.0,0.0,100.09999999999982,465.89388759184374,784.8365823565697,0.07939058718406677,100.0,1.0,6.241645779705514
64,2027,7,14,5.156518253817723E18,144.357008093846,9.524721247182777E-5,0.0,42.02913366335583,0.0,468.6815501054819,243.17914438502675,592.2656582602381,0.0,0.0,6.435828877005347,0.0,0.0,100.09999999999982,477.30305509811006,815.800924083982,0.07448722969454011,100.0,1.0,6.292106070093732
72,2027,7,14,3.00978221914696E18,141.07125198001796,6.17778732685799E-5,0.0,42.94004988292646,0.0,468.1235065024578,241.99598930481284,570.2032246105992,0.0,0.0,6.199197860962567,0.0,0.0,100.09999999999982,481.87327468026507,756.8141065229885,0.0761313912045476,100.0,1.0,6.148889427814571
62,2027,7,15,2.853793568557007E18,141.09179524135757,7.956001123865344E-5,0.0,34.69246653247602,0.0,474.158704411057,249.31550802139037,469.58301041428393,0.0,0.0,6.163101604278075,0.0,0.0,143.0,428.38069182626157,882.6034140582385,0.07710167363956068,100.0,1.0,6.14978484938837
71,2027,7,15,6.50369789014244E18,147.7932101619672,3.1012492380827115E-4,0.0,38.482907128083774,0.0,529.9304970414597,250.05080213903744,530.0765998305051,0.0,0.0,6.310160427807487,0.0,0.0,143.0,424.10929854926167,846.1185761214718,0.08226332671560659,100.0,1.0,6.441880218064704
67,2027,7,15,8.815097190336754E18,150.04744639671318,7.835394739976533E-5,0.0,40.4939898746263,0.0,494.83520680940217,249.70989304812835,597.5429057044753,0.0,0.0,6.241978609625669,0.0,0.0,143.0,461.75923297631715,877.1098967771416,0.07566130365342234,100.0,1.0,6.540135880767626
69,2027,7,16,3.317868809496197E18,136.2936812990115,8.287678348697786E-5,0.0,37.68755111165451,0.0,607.4642172307532,250.92245989304814,490.6678145579916,0.0,0.0,6.184491978609626,0.0,0.0,143.0,278.63188713812445,810.1322432424848,0.10225553282453033,100.0,1.0,5.940648886678406
68,2027,7,16,2.2093098651697398E18,142.85786578388644,8.17408866126176E-5,0.0,40.82264232562507,0.0,568.2646919742909,250.8422459893048,584.0747226594077,0.0,0.0,6.168449197860962,0.0,0.0,143.0,365.9417769473832,845.5054874899535,0.09126165752785993,100.0,1.0,6.226762776041118
79,2027,7,16,2.819594302524464E18,147.01755788746112,1.2846931392223327E-4,0.0,42.30452815949229,0.0,535.3780701830196,252.93449197860963,622.9841524038983,0.0,0.0,6.586898395721925,0.0,0.0,143.0,329.6133214199507,848.425004936036,0.08354745224207244,100.0,1.0,6.408071770181597
75,2027,7,16,8.661686022710631E18,142.27776393178513,1.0075533587013357E-4,0.0,35.23639240867238,0.0,571.3873139580668,250.70855614973263,452.99165770347963,0.0,0.0,6.141711229946524,0.0,0.0,143.0,317.45087740946536,831.6045850383938,0.09213728270575451,100.0,1.0,6.201477807662547
63,2027,7,17,3.212672331395627E18,138.7551490297641,1.0372071030376962E-4,0.0,39.34355099262357,0.0,609.6074990147297,252.99732620320856,545.1263674988173,0.0,0.0,6.2994652406417115,0.0,0.0,143.0,324.3019556168524,839.4600178588606,0.10079593778075338,100.0,1.0,6.047937173229336
61,2027,7,17,1.9955042617296404E18,139.89815954060558,6.501570729733148E-5,0.0,39.37641386914281,0.0,650.3233912821129,251.96122994652407,527.6825782435593,0.0,0.0,6.092245989304812,0.0,0.0,143.0,372.84533830551794,811.3781466149367,0.1066495952118663,100.0,1.0,6.097757708223866
70,2027,7,17,2.52771244661108E18,139.09636071443208,9.191610071377329E-5,0.0,39.458953721712916,0.0,620.9596013352844,254.70855614973263,570.4821779813551,0.0,0.0,6.641711229946524,0.0,0.0,143.0,351.14373679142454,874.0247066727667,0.10242109542226359,100.0,1.0,6.062809607485458
77,2027,7,17,5.866154019238748E17,138.99516110719662,3.485332926593291E-5,1.0,33.47722757594669,1.0,612.2051832504583,252.4090909090909,445.52122011524597,0.0,0.0,6.181818181818182,0.0,0.0,143.0,319.7886008707653,883.9410687301902,0.10105066088326366,100.0,1.0,6.058398608176285
63,2027,11,17,3.212672331395627E18,112.30451908563859,3.415898016179561E-4,0.0,32.268671708646195,0.0,1187.708124579115,375.28877005347596,360.93826819320174,0.0,0.0,4.657754010695188,0.0,0.0,88.0,21.90529059698744,756.8782918432228,0.243249509901909,100.0,1.0,4.882674275718218
61,2027,11,17,1.9955042617296404E18,111.21796489395004,8.7214473976808E-5,1.0,29.597554081901766,1.0,1194.972800948495,376.1951871657754,314.50754039960344,0.0,0.0,3.6390374331550803,0.0,0.0,88.0,50.23316991073565,747.348332092003,0.2471283419866923,100.0,1.0,4.835434055608415
71,2027,11,17,6.50369789014244E18,115.80327478036783,4.581335204811182E-4,0.0,29.35439614056471,0.0,1047.6195029299201,379.9852941176471,315.9988551338455,0.0,0.0,4.397058823529412,0.0,0.0,88.0,50.521709145025724,759.5960782832049,0.20807610660385029,100.0,1.0,5.034790010390048
69,2027,11,17,3.317868809496197E18,115.43329611180857,1.6708334790570996E-4,1.0,29.506518125113857,1.0,1075.2839645938375,374.60695187165777,324.4832642300243,0.0,0.0,4.521390374331551,0.0,0.0,88.0,70.64080616981845,774.4423101448855,0.21425528905447036,100.0,1.0,5.018704412568629
77,2027,11,17,5.866154019238748E17,112.49845607656823,1.5680910673205627E-4,0.0,29.39806940168532,0.0,1189.2436354966546,373.2700534759358,315.82322626911787,0.0,0.0,4.254010695187166,0.0,0.0,88.0,38.958017324362785,757.4869868088085,0.24314410952147542,100.0,1.0,4.891106092749559
73,2027,11,17,2.957751204712242E18,120.99812569412484,1.2267599834187942E-4,1.0,35.21678865818674,2.0,795.7835416874292,374.0922459893048,407.61939208396115,0.0,0.0,4.418449197860962,0.0,0.0,88.0,12.43580399987437,748.9116950332035,0.1512710386888001,100.0,1.0,5.260647038489251
62,2027,11,18,2.853793568557007E18,117.76512873100498,4.426374333924947E-4,0.0,32.9008605763258,0.0,1016.5110311204136,377.16711229946526,370.6908577824087,0.0,0.0,3.533422459893048,0.0,0.0,88.0,55.81618894145437,755.0900555858182,0.19853398681388762,100.0,1.0,5.120085721510871
60,2027,11,18,3.5299406018237317E18,119.74018955879234,1.86163535390143E-4,1.0,36.94784122745863,1.0,938.6451160930412,375.42245989304814,439.7406927472857,0.0,0.0,3.1844919786096257,0.0,0.0,88.0,65.69670397992736,749.4662953894604,0.18030217368976142,100.0,1.0,5.205955629287806
65,2027,11,18,8.237168610376572E18,122.20987574820464,1.0114968160739436E-4,0.0,35.872216728827425,0.0,858.9183548402632,380.1951871657754,422.3901585550771,0.0,0.0,4.13903743315508,0.0,0.0,88.0,26.110467023782284,754.2004635076099,0.16165348065994167,100.0,1.0,5.313330411035847
64,2027,11,18,5.156518253817723E18,120.12587574443715,2.1729144097531536E-4,0.0,35.88335526525296,0.0,951.9274756510766,378.1029411764706,419.74265333925285,0.0,0.0,3.7205882352941178,0.0,0.0,88.0,19.754665376330983,749.01439787783,0.18226646656903248,100.0,1.0,5.222724144326017
79,2027,11,18,2.819594302524464E18,114.19176121740288,1.26493517451103E-4,0.0,34.336878080391344,0.0,1139.2409739852753,378.51737967914437,391.71258185393543,0.0,0.0,3.803475935828877,0.0,0.0,88.0,43.402859438876696,748.2783049933815,0.22946703508754715,100.0,1.0,4.964726081681526
78,2027,11,18,4.687141051879245E18,125.96793010630302,1.7560867712812639E-4,0.0,33.61207597709594,0.0,808.2786515120241,377.1336898395722,378.31269578849486,0.0,0.0,3.5267379679144386,0.0,0.0,88.0,61.64225551322109,746.1129053348826,0.1475844476299091,100.0,1.0,5.476719698398766
76,2027,11,18,5.182538500345593E18,129.41282455101012,3.1012492380827115E-4,0.0,40.8442103732238,0.0,726.0272690688915,375.8034759358289,502.87891927422265,0.0,0.0,3.2606951871657754,0.0,0.0,88.0,20.838722898285045,727.2033547141795,0.12903724903536753,100.0,1.0,5.626493702371913
75,2027,11,18,8.661686022710631E18,117.9527845000855,7.696643144082784E-4,0.0,27.353471820178367,0.0,1112.1916234210976,379.3863636363636,290.8536967313267,0.0,0.0,3.977272727272727,0.0,0.0,88.0,38.40244889151193,771.4291583719003,0.2168757036496713,100.0,1.0,5.128244449261448
74,2027,11,18,7.887265943744844E18,124.40202770206155,5.873192697969552E-4,0.0,40.00136286913824,0.0,869.2714555690347,371.120320855615,499.78395457633854,0.0,0.0,3.5240641711229945,0.0,0.0,88.0,81.10154481309293,749.0010329620777,0.16071908035349022,100.0,1.0,5.40863881038352
70,2027,11,19,2.52771244661108E18,114.80146612283673,1.9703665470038794E-4,0.0,35.41240735957711,0.0,1195.6751738188325,376.120320855615,421.4276317218468,0.0,0.0,3.0240641711229945,0.0,0.0,88.0,91.83301966344742,767.7689202195357,0.23955500919355233,100.0,1.0,4.991234279942639
68,2027,11,19,2.2093098651697398E18,115.26175108206287,9.851490591114078E-5,0.0,34.57113870760077,0.0,1118.3719291152854,381.3983957219251,398.1096529673804,0.0,0.0,2.879679144385027,0.0,0.0,88.0,43.116161652676055,752.4044355799108,0.22317242047999974,100.0,1.0,5.011246132967006
67,2027,11,19,8.815097190336754E18,120.07982661785097,3.728227059846324E-4,0.0,36.07392927597355,0.0,1065.1332905357879,377.63770053475935,425.1904263937209,0.0,0.0,3.3275401069518717,0.0,0.0,88.0,48.17604132245486,751.9643850892055,0.20402030176550778,100.0,1.0,5.2207220620622685
66,2027,11,19,6.646488575717851E18,122.79994472878796,2.0702936510307626E-4,1.0,42.08782664688066,1.0,949.6240174309315,378.76069518716577,540.0541208176202,0.0,0.0,3.552139037433155,0.0,0.0,88.0,39.84838338178432,742.3587571187725,0.17786602432331516,100.0,1.0,5.338984896321496
72,2027,11,19,3.00978221914696E18,122.15330759976506,1.2699628329577032E-4,0.0,37.880757908546194,0.0,940.1283585272516,375.9264705882353,434.5437321976733,0.0,0.0,2.985294117647059,0.0,0.0,88.0,0.0,711.6173645134483,0.17701961879660616,100.0,1.0,5.310870992256797
71,2028,2,28,6.50369789014244E18,154.68736573843967,0.02740939526953877,0.0,24.850573116952997,0.0,298.7000000000036,255.71122994652407,361.22318561652236,0.0,0.0,6.842245989304812,0.0,0.0,143.0,857.1249730000154,1090.7182651152514,0.04452633261805666,100.0,1.0,6.708389899573102
60,2028,3,1,3.5299406018237317E18,159.40830105607014,0.02740939526953877,0.0,31.914964985836242,0.0,301.60000000000383,257.4385026737968,505.6640721447737,0.0,0.0,6.887700534759358,0.0,0.0,143.0,834.3200269999988,1077.7150535937851,0.04362716087375064,100.0,1.0,6.913124621443539
64,2028,3,1,5.156518253817723E18,158.54060202224787,0.02740939526953877,0.0,26.659260957289085,0.0,301.60000000000383,257.024064171123,410.05486990521104,0.0,0.0,6.804812834224599,0.0,0.0,143.0,860.8485120000078,1126.494801975484,0.043865934064060884,100.0,1.0,6.875494764560435
61,2028,3,4,1.9955042617296404E18,171.1067124198782,0.0027544638267812133,0.0,35.73131551620192,0.0,313.20000000000397,262.7299465240642,572.768663227449,0.0,0.0,6.745989304812834,0.0,0.0,143.0,870.6472048199948,1029.3172574489422,0.042207657882393064,100.0,1.0,7.420454384668794
77,2028,3,4,5.866154019238748E17,166.8332092909339,0.0027544638267812133,0.0,13.108776295729868,0.0,313.20000000000397,263.12433155080214,194.1386993566521,0.0,0.0,6.824866310160428,0.0,0.0,143.0,813.3395963234392,1282.6193775585648,0.04328882486822534,100.0,1.0,7.235123636490709
63,2028,3,5,3.212672331395627E18,171.20995601999107,0.002946186776178576,0.0,34.320733487003736,0.0,316.1000000000039,263.6149732620321,564.3614056806799,0.0,0.0,6.622994652406417,0.0,0.0,143.0,869.1028859999943,1079.0027903974328,0.0425727816579303,100.0,1.0,7.424931791862889
62,2028,3,5,2.853793568557007E18,167.79818445700667,0.002946186776178576,0.0,29.97867451499543,0.0,313.20000000000397,260.63770053475935,504.08759090283854,0.0,0.0,6.327540106951871,0.0,0.0,143.0,796.7489369299855,1175.7109142469858,0.04303987914153899,100.0,1.0,7.276972106962211
66,2028,3,5,6.646488575717851E18,170.7184367748638,0.0034057261667785835,0.0,35.881855393348175,0.0,310.2999999999961,258.8636363636364,622.3999654577569,0.0,0.0,6.2727272727272725,0.0,0.0,143.0,823.5402014513967,1111.1594459244272,0.04191195291069372,100.0,1.0,7.403615876864185
74,2028,3,5,7.887265943744844E18,167.872045044791,0.0030166927844466067,0.0,42.14332444169104,0.0,313.20000000000397,262.40909090909093,700.247115117574,0.0,0.0,6.681818181818182,0.0,0.0,143.0,803.0330584800073,960.2435076523064,0.04302094239259592,100.0,1.0,7.280175249110929
69,2028,3,6,3.317868809496197E18,173.9206915776169,0.0016243670485985755,0.0,32.55479497208336,0.0,318.99999999999994,260.7700534759358,539.5472574882474,0.0,0.0,5.754010695187166,0.0,0.0,143.0,796.2082374569721,1116.4597900141955,0.04229372885240519,100.0,1.0,7.542489363215815
76,2028,3,6,5.182538500345593E18,172.37675143306421,0.0013294342631840154,0.0,36.64897038153258,0.0,316.1000000000039,261.6764705882353,601.8214675390725,0.0,0.0,6.235294117647059,0.0,0.0,143.0,796.0980401600119,1039.2460626037118,0.042284612134213924,100.0,1.0,7.475532683064075
73,2028,3,6,2.957751204712242E18,175.38297176847885,0.004056988506775953,0.0,39.22502188082743,0.0,318.99999999999994,264.27941176470586,663.7043339676045,0.0,0.0,6.455882352941177,0.0,0.0,143.0,821.4707941915965,1027.2471003993635,0.04194109894041925,100.0,1.0,7.605904662945658
70,2028,3,7,2.52771244661108E18,173.6484393612977,0.004677238354392497,0.0,39.249459101088135,0.0,316.1000000000039,256.02139037433153,730.4581903086379,0.0,0.0,5.10427807486631,0.0,0.0,143.0,815.7435401191088,1129.307086523005,0.041974947210078016,100.0,1.0,7.530682490628829
65,2028,3,7,8.237168610376572E18,174.5981419294437,0.004677238354392497,0.0,33.98660031654114,0.0,318.99999999999994,264.60695187165777,543.2495850949945,0.0,0.0,6.521390374331551,0.0,0.0,143.0,804.0025701782839,1054.2187482023326,0.042129626868417834,100.0,1.0,7.571868628134848
79,2028,3,7,2.819594302524464E18,174.89571326847565,0.004677238354392497,0.0,37.78950996836756,0.0,318.99999999999994,263.1631016042781,672.2990561262235,0.0,0.0,6.232620320855615,0.0,0.0,143.0,773.8060239312991,1105.70331405806,0.0420579466125335,100.0,1.0,7.584773525413534
78,2028,3,7,4.687141051879245E18,174.64205156039603,0.004677238354392497,0.0,35.49449496699888,0.0,318.99999999999994,260.8034759358289,563.98180410081,0.0,0.0,5.760695187165775,0.0,0.0,143.0,775.837473698436,1023.8887744171361,0.042119034365916797,100.0,1.0,7.573772874957893
75,2028,3,7,8.661686022710631E18,176.18151474879096,0.004677238354392497,0.0,35.50971288205808,0.0,318.99999999999994,259.32620320855614,570.512458653625,0.0,0.0,5.46524064171123,0.0,0.0,143.0,706.8969856313792,1035.1442942301883,0.04175100084645512,100.0,1.0,7.640535401131221
68,2028,3,8,2.2093098651697398E18,177.42845613750666,0.004985857361190744,0.0,43.17640236890832,0.0,318.99999999999994,263.57754010695186,802.234840839777,0.0,0.0,6.315508021390374,0.0,0.0,143.0,836.7093232484674,1054.9426829745971,0.041457580883789154,100.0,1.0,7.69461201545255
67,2028,3,8,8.815097190336754E18,176.28268482582223,0.005328500694389865,0.0,42.55646870394029,0.0,318.99999999999994,263.3368983957219,707.2659323530332,0.0,0.0,6.267379679144385,0.0,0.0,143.0,694.8171890363916,953.6605709699007,0.041727039605021034,100.0,1.0,7.64492288500655
72,2028,3,9,3.00978221914696E18,179.6752876680997,0.0059177380496255785,0.0,37.25894035490881,0.0,321.89999999999606,261.1136363636364,621.3667204287667,0.0,0.0,5.5227272727272725,0.0,0.0,143.0,859.2268478051191,1045.1962337657517,0.04131132980970305,100.0,1.0,7.79205127220062
60,2028,7,10,3.5299406018237317E18,141.10159751244674,5.346981444970192E-5,0.0,39.3092064627979,0.0,390.32729447206145,237.00802139037432,549.9583063445658,0.0,0.0,6.101604278074866,0.0,0.0,100.40000000000015,567.2776428100044,848.0489132882525,0.06394845206141653,100.0,1.0,6.103780183720295
64,2028,7,10,5.156518253817723E18,138.7882199818159,6.071357161477507E-5,0.0,35.72754622164316,0.0,389.7138006355486,236.4398395721925,479.7969464138026,0.0,0.0,5.987967914438503,0.0,0.0,100.40000000000015,541.8662790923298,861.9240266000944,0.06491218460121685,100.0,1.0,6.003707979167951
71,2028,7,11,6.50369789014244E18,142.79118292078505,7.726081808875711E-5,0.0,37.50976401535003,0.0,364.45055417179964,238.44117647058823,501.8738080521384,0.0,0.0,6.088235294117647,0.0,0.0,100.40000000000015,522.2230818451304,835.0268993801593,0.05900248040580422,100.0,1.0,6.1768683564690905
68,2028,7,11,2.2093098651697398E18,131.59889816242838,1.5054607951857824E-4,0.0,41.739847373845954,0.0,583.9175782006132,238.18048128342247,573.9315158816934,0.0,0.0,6.036096256684492,0.0,0.0,100.40000000000015,466.91929837508894,800.0658494862255,0.10257283099655301,100.0,1.0,5.692711925053875
62,2028,7,12,2.853793568557007E18,140.8913441876062,3.92463836760657E-5,0.0,40.151430768136,0.0,481.1923166122323,239.90106951871658,565.3543672499113,0.0,0.0,6.080213903743315,0.0,0.0,100.40000000000015,393.5537403034962,841.5278716690491,0.07895277834449427,100.0,1.0,6.094685034548729
69,2028,7,12,3.317868809496197E18,139.92044549172422,1.1228273852580414E-4,0.0,37.906395658795695,0.0,516.3450903252384,240.42914438502675,504.18034230541264,0.0,0.0,6.185828877005347,0.0,0.0,100.40000000000015,402.4744889207979,824.7297746401937,0.08530842393511327,100.0,1.0,6.052685848679814
67,2028,7,12,8.815097190336754E18,136.4784825772571,8.418157540941128E-5,0.0,41.995890579132464,0.0,584.8443255806627,240.09491978609626,539.0448154818185,0.0,0.0,6.1189839572192515,0.0,0.0,100.40000000000015,385.24036405352604,743.6060115986495,0.09906246744548557,100.0,1.0,5.903793239377009
65,2028,7,12,8.237168610376572E18,136.11964466041553,1.1900419179135499E-4,0.0,36.01949685329466,0.0,547.7287017490561,241.4451871657754,447.81592832864504,0.0,0.0,6.38903743315508,0.0,0.0,100.40000000000015,438.3969336840496,794.4567918853211,0.09302030052672114,100.0,1.0,5.888270610260122
76,2028,7,12,5.182538500345593E18,142.44401055544066,7.764770250582655E-5,0.0,42.513983295856015,0.0,514.2396551960887,240.1216577540107,575.4913721131467,0.0,0.0,6.124331550802139,0.0,0.0,100.40000000000015,400.73130038142483,777.1898312429498,0.08345539496323406,100.0,1.0,6.161850356380614
75,2028,7,12,8.661686022710631E18,138.91749382945628,4.853285192617701E-5,0.0,36.47764038846325,0.0,550.1527856660821,238.5441176470588,461.0732698380087,0.0,0.0,5.8088235294117645,0.0,0.0,100.40000000000015,408.3703970735065,801.7797635529212,0.09155022635499474,100.0,1.0,6.009300113937591
73,2028,7,12,2.957751204712242E18,140.33278589400155,1.2142714322955014E-4,0.0,43.81831748263159,0.0,518.3185181945919,239.11229946524065,591.7610191233873,0.0,0.0,5.922459893048129,0.0,0.0,100.40000000000015,411.18351042860894,757.8429852527847,0.0853828455135109,100.0,1.0,6.070522891071529
63,2028,7,13,3.212672331395627E18,140.76182464126276,4.787356032853831E-5,0.0,43.84741072019287,0.0,488.8503875868075,243.45320855614975,591.3150118254943,0.0,0.0,6.490641711229946,0.0,0.0,100.40000000000015,315.37973853086964,756.3848825556481,0.08028309781399559,100.0,1.0,6.089082271331928
70,2028,7,13,2.52771244661108E18,139.6097946641127,5.9502095895677494E-5,0.0,45.595449969266014,0.0,549.1804210634517,242.97860962566844,680.4415363926726,0.0,0.0,6.39572192513369,0.0,0.0,100.40000000000015,339.64233463234973,811.0013949816845,0.09093523703959626,100.0,1.0,6.039247699154512
79,2028,7,13,2.819594302524464E18,137.89258543086785,8.327736944368183E-5,0.0,42.87040861716296,0.0,551.0758673143517,243.13903743315507,599.8829259020927,0.0,0.0,6.427807486631016,0.0,0.0,100.40000000000015,366.95232070040026,798.4081521801678,0.09238543842435316,100.0,1.0,5.96496457356299
78,2028,7,13,4.687141051879245E18,135.07968448249972,6.024182669158337E-5,1.0,28.545811753743834,2.0,550.7055790583559,247.8355614973262,350.20311228867484,0.0,0.0,6.1671122994652405,0.0,0.0,143.0,430.95533500541785,874.8638172306432,0.09424590399849071,100.0,1.0,5.843283959238962
77,2028,7,13,5.866154019238748E17,139.23253841479334,5.1843016350429784E-5,0.0,24.49984917256532,0.0,459.7234598240234,244.51604278074868,301.7192568517704,0.0,0.0,6.7032085561497325,0.0,0.0,100.40000000000015,445.57046927829975,927.618139881574,0.07632889430562839,100.0,1.0,6.022928328861224
66,2028,7,14,6.646488575717851E18,145.75785436621322,9.455028164886315E-5,0.0,40.279082568758874,0.0,491.09660496737126,250.19786096256684,595.0995632495866,0.0,0.0,6.339572192513369,0.0,0.0,143.0,393.5348698662141,881.2655453164836,0.07788754424764109,100.0,1.0,6.305200782886984
74,2028,7,14,7.887265943744844E18,145.58379069766482,3.1012492380827115E-4,0.0,40.975534751402954,0.0,487.066202196323,250.6590909090909,589.031298390703,0.0,0.0,6.431818181818182,0.0,0.0,143.0,486.94386204244404,847.3659716019489,0.07734068551965988,100.0,1.0,6.297671127734077
72,2028,7,14,3.00978221914696E18,136.29679886899228,1.764078064893465E-4,0.0,31.69736083758062,0.0,636.0306713535332,250.20454545454547,400.1245995055842,0.0,0.0,6.340909090909091,0.0,0.0,143.0,386.891950164197,860.8970196356644,0.10787615263053837,100.0,1.0,5.895933956152984
61,2028,7,15,1.9955042617296404E18,141.83012412163296,3.1012492380827115E-4,1.0,33.957510573549435,1.0,470.8678599091669,252.4331550802139,450.2200805432687,0.0,0.0,6.4866310160427805,0.0,0.0,143.0,461.2447044360816,874.3981907066251,0.07674738921474727,100.0,1.0,6.135294825360496
66,2028,11,15,6.646488575717851E18,112.066552237236,1.0392926401081472E-4,1.0,33.61662112619209,1.0,1030.8667129817643,368.8983957219251,380.8951301790624,0.0,0.0,4.879679144385027,0.0,0.0,88.0,25.282734133520165,751.3537096289797,0.21318443066100023,100.0,1.0,4.835562849432559
77,2028,11,15,5.866154019238748E17,116.48253737289049,6.393909516800453E-4,1.0,24.512984830323123,1.0,920.342188188534,371.01069518716577,251.70398127648102,0.0,0.0,5.302139037433155,0.0,0.0,88.0,38.21830852091079,774.1728974654322,0.18311228688800282,100.0,1.0,5.026108317632689
75,2028,11,15,8.661686022710631E18,122.15659662868663,1.0711326350846817E-4,0.0,28.522282115991114,0.0,849.8846184671772,370.7566844919786,316.1829125151411,0.0,0.0,5.251336898395722,0.0,0.0,88.0,27.26639089771596,791.5035899259232,0.16123971558828215,100.0,1.0,5.270938461819895
63,2028,11,16,3.212672331395627E18,120.26902043733591,1.1120534711669815E-4,0.0,33.664603440349,0.0,930.0810824708653,379.4639037433155,386.929469818186,0.0,0.0,4.292780748663102,0.0,0.0,88.0,2.7217322723470403,761.6634834697601,0.17922393811209344,100.0,1.0,5.189491383060434
71,2028,11,16,6.50369789014244E18,122.19776930030139,3.0860638107789857E-4,1.0,34.11844232754578,1.0,804.907511616172,369.7072192513369,389.9015824843221,0.0,0.0,3.5414438502673797,0.0,0.0,88.0,59.43533230261581,751.3072043951855,0.15265522755666242,100.0,1.0,5.272715022598274
70,2028,11,16,2.52771244661108E18,120.72417361648833,1.870853334354662E-4,0.0,39.70084866528691,0.0,924.9299075922829,375.1617647058824,510.97327231987714,0.0,0.0,4.632352941176471,0.0,0.0,88.0,14.028653125360362,775.465320378445,0.17755935548747256,100.0,1.0,5.209130800531318
65,2028,11,16,8.237168610376572E18,123.57756165459084,5.175045423890894E-4,1.0,32.01095280398662,1.0,841.5327873751014,373.096256684492,360.31168229126683,0.0,0.0,4.219251336898396,0.0,0.0,88.0,68.1993324030723,764.6554413623692,0.15781940373936867,100.0,1.0,5.332251722132047
78,2028,11,16,4.687141051879245E18,120.22264817196685,3.1012492380827115E-4,0.0,30.160297939967784,0.0,904.4528472270681,378.6818181818182,328.2379532707464,0.0,0.0,4.136363636363637,0.0,0.0,88.0,18.58680023462522,759.3393508670628,0.174352676569383,100.0,1.0,5.187490464863294
76,2028,11,16,5.182538500345593E18,122.30456077505289,7.696643144082784E-4,0.0,32.59396970793184,0.0,866.7209623822769,371.3783422459893,377.857281898374,0.0,0.0,3.875668449197861,0.0,0.0,88.0,102.30541799020169,780.6479030727394,0.1642349666958977,100.0,1.0,5.277322970979273
74,2028,11,16,7.887265943744844E18,117.00198531646272,1.4205120882748132E-4,0.0,35.35878134688158,0.0,1032.9036187636577,371.1844919786096,407.3675947874983,0.0,0.0,3.836898395721925,0.0,0.0,88.0,44.78994099903419,744.1188927287818,0.20459524994786768,100.0,1.0,5.048521991721944
72,2028,11,16,3.00978221914696E18,118.12309281619821,3.302506623145406E-4,0.0,28.449821774341338,0.0,986.2148508228065,378.5147058823529,310.32244975814336,0.0,0.0,4.102941176470588,0.0,0.0,88.0,66.8415140198463,779.801178799778,0.1934931999981372,100.0,1.0,5.096896691110081
62,2028,11,17,2.853793568557007E18,123.21151410757106,1.7461988953168425E-4,1.0,37.37859066555909,1.0,863.4987479972164,380.8302139037433,458.97660354658404,0.0,0.0,4.266042780748663,0.0,0.0,88.0,3.856348557775325,768.2614017493935,0.16241995891501732,100.0,1.0,5.3164571261160285
61,2028,11,17,1.9955042617296404E18,112.78635075729275,8.10996139665981E-5,1.0,26.632179801810935,2.0,1106.0105752718196,375.5855614973262,280.0167676333601,0.0,0.0,4.4171122994652405,0.0,0.0,88.0,44.16559277732534,770.6932444676514,0.22726455821887537,100.0,1.0,4.866621456244119
60,2028,11,17,3.5299406018237317E18,128.01497650021145,7.696643144082784E-4,0.0,40.1121602113897,0.0,746.3117134345007,372.08957219251334,508.023685427816,0.0,0.0,3.7179144385026737,0.0,0.0,88.0,41.18291990088643,757.1272225640124,0.13511029920544423,100.0,1.0,5.523721861496908
67,2028,11,17,8.815097190336754E18,123.03570525743152,9.625230409940134E-5,0.0,34.605392862591735,0.0,845.8861361658121,379.03208556149735,399.4188863120817,0.0,0.0,3.906417112299465,0.0,0.0,88.0,0.03962428158386189,753.9799013747959,0.1593344635904074,100.0,1.0,5.308871145041706
64,2028,11,17,5.156518253817723E18,129.83570414126262,1.7541002477843395E-4,0.0,38.88234716997597,0.0,739.1082298339242,380.37566844919786,487.05071699997586,0.0,0.0,4.175133689839572,0.0,0.0,88.0,0.9807618914259038,764.9593113778576,0.1319297924122066,100.0,1.0,5.602284490258467
79,2028,11,17,2.819594302524464E18,121.01148570203785,1.7988684675653775E-4,0.0,38.882169541088295,0.0,920.10406357688,378.129679144385,476.1375464182588,0.0,0.0,3.7259358288770055,0.0,0.0,88.0,37.506739031571605,747.8791227980371,0.1762135637119415,100.0,1.0,5.22152803788127
73,2028,11,17,2.957751204712242E18,123.20058698051982,7.696643144082784E-4,0.0,36.292269762060826,0.0,861.3052570818677,379.4598930481283,429.27076736731,0.0,0.0,3.9919786096256686,0.0,0.0,88.0,20.64750867535086,752.5838477641287,0.16202174287807802,100.0,1.0,5.315985631200148
69,2028,11,18,3.317868809496197E18,124.73214635156262,1.2751847196063777E-4,0.0,37.54013715322934,0.0,862.5630310346555,376.9197860962567,444.1029689116918,0.0,0.0,1.9839572192513368,0.0,0.0,88.0,20.909544249938364,737.5688851842838,0.16026600954248665,100.0,1.0,5.382070930055754
68,2028,11,18,2.2093098651697398E18,127.99086111688271,1.7927593080261213E-4,1.0,42.6175952675328,1.0,770.4854541888461,382.4812834224599,568.3679453317181,0.0,0.0,3.0962566844919786,0.0,0.0,88.0,21.387091738400972,764.5906979822855,0.13951293067242793,100.0,1.0,5.522681306135861
63,2029,2,26,3.212672331395627E18,151.53335911386844,0.02815369508667862,0.0,29.719869730483012,0.0,295.7999999999965,253.99064171122996,444.4920987820597,0.0,0.0,6.798128342245989,0.0,0.0,143.0,770.6666880000082,1049.7414029176814,0.045353861412233715,100.0,1.0,6.522046652464472
65,2029,2,27,8.237168610376572E18,153.80348009652087,0.016522121529740967,0.0,18.14448768050218,0.0,298.7000000000036,255.36363636363637,240.61632438165037,0.0,0.0,6.7727272727272725,0.0,0.0,143.0,805.9146979999978,1083.3514442842572,0.045122526621505885,100.0,1.0,6.619753421734145
76,2029,2,27,5.182538500345593E18,152.09598095335497,0.02815369508667862,0.0,24.807959000054197,0.0,298.7000000000036,255.798128342246,367.42692440076127,0.0,0.0,6.859625668449198,0.0,0.0,143.0,795.3289750000013,1111.8413782350383,0.04562909277177993,100.0,1.0,6.546262085332093
75,2029,3,3,8.661686022710631E18,167.61420524007065,9.88594022775989E-4,0.0,25.35066218048478,0.0,313.20000000000397,263.5922459893048,382.71835478791417,0.0,0.0,6.918449197860962,0.0,0.0,143.0,828.7590677928068,1125.2593961772532,0.043414547695921915,100.0,1.0,7.214171668761251
70,2029,3,4,2.52771244661108E18,172.430804094389,0.0027854763191620404,0.0,29.590535688248554,0.0,313.20000000000397,260.5975935828877,519.6690184503141,0.0,0.0,6.31951871657754,0.0,0.0,143.0,848.7964020000048,1235.264784244716,0.04220182667550339,100.0,1.0,7.421479700588532
66,2029,3,4,6.646488575717851E18,174.6979361223432,0.0027854763191620404,0.0,33.671629552148765,0.0,316.1000000000039,259.47727272727275,574.7444808788333,0.0,0.0,5.795454545454546,0.0,0.0,143.0,830.3010239999979,1130.8809485891916,0.042039841611640434,100.0,1.0,7.519057824244486
78,2029,3,4,4.687141051879245E18,170.6716064371759,0.0027854763191620404,0.0,31.26792089451049,0.0,313.20000000000397,260.0360962566845,466.2772780989863,0.0,0.0,6.207219251336898,0.0,0.0,143.0,787.0549970657933,1023.9928696696809,0.04263682202222493,100.0,1.0,7.345763242784487
77,2029,3,4,5.866154019238748E17,170.5783119111538,0.0027854763191620404,0.0,7.940504634949605,0.0,316.1000000000039,262.8663101604278,119.55768220977276,0.0,0.0,6.473262032085562,0.0,0.0,143.0,791.6612117841019,1380.5569258323114,0.04305514272112794,100.0,1.0,7.341747815061542
72,2029,3,4,3.00978221914696E18,169.18017782055495,8.809223020752819E-4,0.0,31.516967152750205,0.0,313.20000000000397,259.6617647058824,500.76846435198354,0.0,0.0,6.132352941176471,0.0,0.0,143.0,858.7152946499884,1086.6699412760452,0.043012692158460215,100.0,1.0,7.281571654389001
71,2029,3,5,6.50369789014244E18,176.1423648944465,0.0014985960032585291,1.0,35.11980392249305,1.0,316.1000000000039,260.5735294117647,577.4059476259253,0.0,0.0,6.014705882352941,0.0,0.0,143.0,774.6924480873214,1065.6433616622185,0.0416951002608876,100.0,1.0,7.58122652355207
73,2029,3,5,2.957751204712242E18,170.03853221579635,0.0034677511515402368,0.0,41.1844945850888,0.0,313.20000000000397,260.8048128342246,699.3362958439313,0.0,0.0,6.36096256684492,0.0,0.0,143.0,801.6923490000088,997.7687790333387,0.04279556411763172,100.0,1.0,7.318515515746315
60,2029,3,6,3.5299406018237317E18,172.52186978093758,0.004119013491537606,0.0,31.832417164245484,0.0,316.1000000000039,262.4986631016043,527.2678476595497,0.0,0.0,6.399732620320855,0.0,0.0,143.0,812.491423827876,1127.6365992638302,0.04257010182992627,100.0,1.0,7.425399198312215
64,2029,3,6,5.156518253817723E18,174.41884245706663,0.004119013491537606,0.0,35.55909340324507,0.0,316.1000000000039,261.58957219251334,635.6845931240913,0.0,0.0,6.217914438502674,0.0,0.0,143.0,773.4652918293247,1151.0152052782007,0.042107111026560055,100.0,1.0,7.507045539187345
62,2029,3,7,2.853793568557007E18,178.76429912708818,0.0017048877167744733,0.0,33.910176355226206,0.0,318.99999999999994,261.00401069518716,593.5044536313477,0.0,0.0,5.800802139037433,0.0,0.0,143.0,823.0929880805011,1155.6912721435442,0.04146047201376197,100.0,1.0,7.69407545321998
79,2029,3,7,2.819594302524464E18,176.62242074220052,0.002087300728305474,0.0,36.02795989822813,0.0,318.99999999999994,263.61096256684493,641.8221834205641,0.0,0.0,6.322192513368984,0.0,0.0,143.0,825.4185430000047,1138.512240643377,0.04196325806131106,100.0,1.0,7.601888288414597
74,2029,3,7,7.887265943744844E18,176.79900147415842,0.0015240497864328995,0.0,45.963449449606536,0.0,321.89999999999606,265.20454545454544,819.4400891316789,0.0,0.0,6.340909090909091,0.0,0.0,143.0,795.3765961729977,962.5429529697446,0.04230244976053328,100.0,1.0,7.609488382403744
61,2029,3,8,1.9955042617296404E18,178.1573000042962,0.0029169511250819904,0.0,34.65880285619965,0.0,321.89999999999606,263.10561497326205,562.2976109887179,0.0,0.0,5.921122994652406,0.0,0.0,143.0,740.680238327597,1058.8900679367196,0.04197992940728611,100.0,1.0,7.667950007179538
67,2029,3,9,8.815097190336754E18,178.28591977968082,0.006041788019148885,0.0,45.16070572587922,0.0,324.79999999999575,261.096256684492,758.6241184849,0.0,0.0,5.219251336898396,0.0,0.0,143.0,697.7971523142777,920.3477604001721,0.0423275687920466,100.0,1.0,7.673485845495244
69,2029,3,10,3.317868809496197E18,181.9067004835096,0.002701878624209689,0.0,36.8537533805943,0.0,324.79999999999575,259.83957219251334,623.8517644984238,0.0,0.0,4.967914438502674,0.0,0.0,143.0,789.3070032260025,1067.8807942202527,0.04148505532819478,100.0,1.0,7.829325462638341
68,2029,3,10,2.2093098651697398E18,184.87397753691542,0.006510686831089474,0.0,44.1221751372358,0.0,324.79999999999575,252.82085561497325,854.7071687956387,0.0,0.0,3.564171122994652,0.0,0.0,143.0,863.5371413232036,1081.8861477175697,0.04081920903454836,100.0,1.0,7.957038063258235
63,2029,7,10,3.212672331395627E18,142.20769849135692,3.1012492380827115E-4,0.0,40.45239432154695,0.0,336.4685957917696,233.72326203208556,566.2018651311402,0.0,0.0,5.744652406417113,0.0,0.0,100.69999999999858,544.9121955301961,832.5430268558141,0.05511129174105334,100.0,1.0,6.105256929427558
65,2029,7,10,8.237168610376572E18,138.54455648780387,3.311177918089593E-5,1.0,29.11741153515723,1.0,347.15117475387444,234.9866310160428,346.77680966553976,0.0,0.0,5.997326203208556,0.0,0.0,100.69999999999858,530.6384732024316,842.8367448648776,0.058364441643446174,100.0,1.0,5.947991019508992
76,2029,7,11,5.182538500345593E18,138.81465334986484,6.753591546347365E-5,1.0,36.13676331513754,1.0,348.96671312180155,236.4866310160428,487.1044247703866,0.0,0.0,5.997326203208556,0.0,0.0,100.69999999999858,510.1980067699953,859.5920182615974,0.0585555214182319,100.0,1.0,5.95958681042753
70,2029,7,12,2.52771244661108E18,137.49648939126473,6.0382578623105754E-5,0.0,34.69743253337371,0.0,438.82275771664666,237.9933155080214,484.9297660124988,0.0,0.0,5.998663101604278,0.0,0.0,100.69999999999858,483.93309888205033,910.9328704401569,0.07433899665884779,100.0,1.0,5.902995432269105
75,2029,7,12,8.661686022710631E18,139.2444278900725,9.997579748815962E-5,1.0,32.876769527585786,1.0,415.10384109920494,237.6524064171123,411.29040535159754,0.0,0.0,5.93048128342246,0.0,0.0,100.69999999999858,476.5018896058321,838.2983942778134,0.06943814166194533,100.0,1.0,5.978037878952875
72,2029,7,12,3.00978221914696E18,139.6131675252213,7.106437300831141E-5,1.0,37.349164839634845,1.0,435.18052535177236,240.03208556149733,488.4834094182563,0.0,0.0,6.406417112299465,0.0,0.0,100.69999999999858,466.04799335632464,818.2258648136568,0.07260428189070904,100.0,1.0,5.993868598643369
60,2029,7,13,3.5299406018237317E18,141.716258621904,8.026007344934548E-5,0.0,38.295781766004104,0.0,486.61345687673946,239.47326203208556,519.8272250437284,0.0,0.0,5.994652406417113,0.0,0.0,100.69999999999858,444.6343479283033,836.1538610023711,0.0799804050368817,100.0,1.0,6.084158446713858
71,2029,7,13,6.50369789014244E18,145.0227808491301,7.476492859408656E-5,0.0,40.91578766010082,0.0,466.8027923040764,239.35294117647058,552.4323284454927,0.0,0.0,5.970588235294118,0.0,0.0,100.69999999999858,404.06994132244074,796.9287835371327,0.07497498356512958,100.0,1.0,6.226113966381496
64,2029,7,13,5.156518253817723E18,139.4450040786778,5.4637935836552334E-5,0.0,39.48464042528305,0.0,488.98901061848306,241.67245989304814,563.0367130136029,0.0,0.0,6.434491978609626,0.0,0.0,100.69999999999858,424.43091291054856,861.804061417658,0.08167991973138994,100.0,1.0,5.986649010265401
79,2029,7,13,2.819594302524464E18,140.1527891218513,4.927310514907389E-5,0.0,43.16167577265652,0.0,518.9095738264452,239.4933155080214,608.7112258320094,0.0,0.0,5.998663101604278,0.0,0.0,100.69999999999858,380.4516058694898,800.4565013135971,0.08624007015699042,100.0,1.0,6.017035617919006
78,2029,7,13,4.687141051879245E18,142.2030895614963,1.8933145531640488E-4,0.0,37.34216523467778,0.0,439.7647912859322,239.9879679144385,462.8875350964937,0.0,0.0,6.097593582887701,0.0,0.0,100.69999999999858,412.16075201673993,775.6750165756287,0.07203284800973193,100.0,1.0,6.105059058979845
74,2029,7,13,7.887265943744844E18,140.65416093091702,1.0010488179737613E-4,1.0,48.032552952621884,1.0,519.1506003350969,239.88101604278074,679.5949573581024,0.0,0.0,6.07620320855615,0.0,0.0,100.69999999999858,422.33241042718373,734.5096270854905,0.08597257582727741,100.0,1.0,6.038560498386051
73,2029,7,13,2.957751204712242E18,140.09376611295698,3.9326011134703425E-5,0.0,44.77262168008137,0.0,459.869805385704,239.8542780748663,624.866548205011,0.0,0.0,6.070855614973262,0.0,0.0,100.69999999999858,453.2084300668741,769.8481641585662,0.07646016787829404,100.0,1.0,6.014501643753969
62,2029,7,14,2.853793568557007E18,142.31430677387146,1.2965088787971198E-4,0.0,36.60171978266666,0.0,524.6773332570917,249.54010695187165,508.94937471813347,0.0,0.0,6.508021390374331,0.0,0.0,143.0,307.86834377308645,880.0797934066845,0.08587423939481542,100.0,1.0,6.1098338332271585
68,2029,7,14,2.2093098651697398E18,135.43083207644364,1.3919431050640532E-4,0.0,35.779726731583686,0.0,641.5282691419128,246.97994652406416,506.7525836420563,0.0,0.0,5.995989304812834,0.0,0.0,143.0,383.61730712954716,908.3417022699517,0.11033604543063619,100.0,1.0,5.814312690273241
66,2029,7,14,6.646488575717851E18,141.20853513772894,1.9382807738016947E-4,0.0,40.47445608685548,0.0,446.7972522783213,242.12967914438502,557.0362477219111,0.0,0.0,6.225935828877005,0.0,0.0,100.69999999999858,399.3759661349129,818.1515902946882,0.07370020712959544,100.0,1.0,6.062360876308896
77,2029,7,14,5.866154019238748E17,141.76466771839395,1.158912271331357E-4,0.0,22.69669381106982,0.0,442.60145993474566,243.30614973262033,282.76912683116626,0.0,0.0,6.461229946524064,0.0,0.0,100.69999999999858,405.0993240106087,960.8111320793525,0.07272169626345644,100.0,1.0,6.086236744688783
69,2029,7,15,3.317868809496197E18,134.52077084947248,6.595595997623804E-5,0.0,30.06095218906729,0.0,638.7396001138812,251.6350267379679,375.6224155734344,0.0,0.0,6.627005347593583,0.0,0.0,143.0,271.1909454396513,872.271150347195,0.11059962573790844,100.0,1.0,5.775241967161113
67,2029,7,15,8.815097190336754E18,135.18979757690636,4.966766877134387E-5,0.0,34.225253552302206,0.0,592.7018243185984,250.77941176470588,435.12819374457575,0.0,0.0,6.455882352941177,0.0,0.0,143.0,369.3167767339623,834.7892273834193,0.10212016522662476,100.0,1.0,5.8039646038887245
61,2029,7,16,1.9955042617296404E18,146.3686465323855,3.1012492380827115E-4,0.0,34.90683009559862,0.0,560.6062908588301,251.14973262032086,464.2575114525292,0.0,0.0,6.229946524064171,0.0,0.0,143.0,302.2765067491496,864.3078217986878,0.08921319078252907,100.0,1.0,6.283894634207115
75,2029,11,15,8.661686022710631E18,120.4421201059277,4.0170371315672177E-4,1.0,24.930435623562026,1.0,784.4123411284284,369.8716577540107,269.07927346579714,0.0,0.0,5.374331550802139,0.0,0.0,88.0,55.444715161926986,809.0564375004873,0.15208257167831968,100.0,1.0,5.1578056083085775
62,2029,11,16,2.853793568557007E18,115.88228136304346,1.6219362826260937E-4,0.0,28.841506095158607,0.0,931.2121401134307,370.8368983957219,325.76020139512286,0.0,0.0,5.267379679144385,0.0,0.0,88.0,66.58066098471332,802.4384634047343,0.18764846418652473,100.0,1.0,4.96253536713093
69,2029,11,16,3.317868809496197E18,117.10753055893244,2.891940790302965E-4,1.0,26.631491478350302,1.0,970.9411212192205,373.32754010695186,288.8323698317278,0.0,0.0,4.565508021390374,0.0,0.0,88.0,43.25757693448417,794.7919973019186,0.19360719511446858,100.0,1.0,5.0150053599255955
76,2029,11,16,5.182538500345593E18,126.3457519682573,3.3237609482978595E-4,0.0,34.67955579003589,0.0,731.389797890536,376.44251336898395,424.2866379860213,0.0,0.0,5.188502673796791,0.0,0.0,88.0,33.272411916442465,798.3595148597133,0.13517664868758367,100.0,1.0,5.41062235964218
73,2029,11,16,2.957751204712242E18,121.75635521567543,2.9117393807472086E-4,0.0,35.13217672847946,0.0,852.0190690593971,378.27139037433153,425.03416508424755,0.0,0.0,4.35427807486631,0.0,0.0,88.0,82.02638155359604,784.0706525970633,0.16340716578823408,100.0,1.0,5.214086328157499
63,2029,11,17,3.212672331395627E18,128.5296402277361,7.696643144082784E-4,1.0,39.33894554637978,2.0,695.2248274999346,376.7232620320856,496.4497706136581,0.0,0.0,3.7446524064171123,0.0,0.0,88.0,29.79632462290203,764.5773839400096,0.1263093216432574,100.0,1.0,5.5041450500660405
61,2029,11,17,1.9955042617296404E18,115.33346540006443,2.159215955425254E-4,0.0,23.271797988194837,0.0,1124.9726329557166,373.69786096256684,243.23754791433487,0.0,0.0,4.339572192513369,0.0,0.0,88.0,79.35585288942974,800.9919121285564,0.2277718440023343,100.0,1.0,4.939032907615164
67,2029,11,17,8.815097190336754E18,117.418297809527,8.614581216896423E-5,1.0,29.725567494250967,1.0,977.2990534215107,373.7513368983957,327.27318709319763,0.0,0.0,4.350267379679145,0.0,0.0,88.0,30.569992001349338,772.930470566054,0.19435920748682484,100.0,1.0,5.028313636686133
66,2029,11,17,6.646488575717851E18,118.73237177341525,1.302697959599693E-4,1.0,31.54064300944992,1.0,929.2381016191671,381.38235294117646,363.96269874058135,0.0,0.0,4.676470588235294,0.0,0.0,88.0,64.26726040738863,789.4267105976586,0.18275584985549126,100.0,1.0,5.084587455635124
65,2029,11,17,8.237168610376572E18,130.47030150793756,7.696643144082784E-4,0.0,32.793586273733894,0.0,685.0969676883212,372.45454545454544,366.6872403084669,0.0,0.0,4.090909090909091,0.0,0.0,88.0,36.96154954066879,750.7775401143818,0.12261787936638228,100.0,1.0,5.587251803966134
64,2029,11,17,5.156518253817723E18,122.94050109979952,9.851490591114078E-5,1.0,37.4886975652202,1.0,852.3575008596079,380.620320855615,469.9812675092432,0.0,0.0,4.524064171122995,0.0,0.0,88.0,18.63768298520659,783.0563101716804,0.1618975326263783,100.0,1.0,5.264796115371628
79,2029,11,17,2.819594302524464E18,122.00410041840935,3.9534601090715087E-4,0.0,37.357908306407325,0.0,855.1430942728189,373.6844919786096,457.34230381408366,0.0,0.0,4.336898395721925,0.0,0.0,88.0,44.92120370635247,766.2623258582929,0.16367328065291248,100.0,1.0,5.224695752792086
74,2029,11,17,7.887265943744844E18,120.67882895707216,9.752356094599722E-5,1.0,37.84116925238169,1.0,857.1366922596083,374.5868983957219,458.17444613194084,0.0,0.0,4.517379679144385,0.0,0.0,88.0,27.454117459993004,752.0495899145923,0.16585647125531422,100.0,1.0,5.167942412932197
72,2029,11,17,3.00978221914696E18,121.744963292939,2.5070498840660545E-4,1.0,33.514315427555886,2.0,791.4936987000602,378.6818181818182,381.2312236258218,0.0,0.0,4.136363636363637,0.0,0.0,88.0,24.314897345919725,755.3731872608571,0.1518133207909232,100.0,1.0,5.213598481190611
60,2029,11,18,3.5299406018237317E18,123.48735741626989,1.2505037250333515E-4,1.0,35.707021129964026,1.0,864.2181968452717,373.5401069518717,421.16874760430557,0.0,0.0,4.008021390374331,0.0,0.0,88.0,1.1551757805052625,757.419731654598,0.16342343365543346,100.0,1.0,5.288214655111295
70,2029,11,18,2.52771244661108E18,126.7993873192256,1.1426857914822072E-4,0.0,37.14883881095533,0.0,786.8502392814917,383.25,477.2484583159543,0.0,0.0,4.75,0.0,0.0,88.0,8.647985651499825,806.7779882578334,0.1449066604565314,100.0,1.0,5.43004881074827
68,2029,11,18,2.2093098651697398E18,124.19785810601235,2.09741318134811E-4,0.0,39.05332295125226,0.0,906.1196111879087,376.4879679144385,505.83869393968195,0.0,0.0,4.597593582887701,0.0,0.0,88.0,7.518237474150757,788.6184530316841,0.17036675265155174,100.0,1.0,5.318641090971428
78,2029,11,18,4.687141051879245E18,124.04641267787831,8.891196210099513E-5,1.0,31.63610735054757,1.0,866.1335985021232,373.51069518716577,341.21263275513076,0.0,0.0,2.802139037433155,0.0,0.0,88.0,22.02718462608207,736.4897994981645,0.16304748268782557,100.0,1.0,5.312155601693295
77,2029,11,18,5.866154019238748E17,122.10472952738853,7.369888873770702E-5,0.0,26.42642286979952,0.0,934.5788163587908,379.6270053475936,282.87751307924975,0.0,0.0,4.025401069518717,0.0,0.0,88.0,35.94997067661071,785.5474879636097,0.1787297584833532,100.0,1.0,5.229005087285657
71,2029,11,19,6.50369789014244E18,124.13028629712873,3.1012492380827115E-4,1.0,33.618659709218534,2.0,880.0980536326473,377.9852941176471,387.8842792029217,0.0,0.0,3.3970588235294117,0.0,0.0,88.0,35.87482342030855,764.1766791485179,0.1655643105998949,100.0,1.0,5.315747400171918
66,2030,2,26,6.646488575717851E18,153.40927451936207,0.019744858010559262,0.0,23.930361959686046,0.0,292.8999999999962,252.37032085561498,367.4228385788402,0.0,0.0,6.774064171122995,0.0,0.0,143.0,786.0144817699936,1165.9669393371562,0.04469664093629318,100.0,1.0,6.553065149067268
73,2030,2,27,2.957751204712242E18,159.4251152814383,0.016861555146867775,0.0,33.65345759410047,0.0,298.7000000000036,255.20989304812835,529.0373190405205,0.0,0.0,6.741978609625669,0.0,0.0,143.0,812.206790999987,1041.86756008483,0.04386171547978238,100.0,1.0,6.8100391590403335
76,2030,3,3,5.182538500345593E18,169.02135163856616,0.0034987636439210647,0.0,27.734128140714308,0.0,310.2999999999961,258.9505347593583,450.86767357776677,0.0,0.0,6.290106951871658,0.0,0.0,143.0,866.8558330000002,1173.3503161273043,0.04297811223858137,100.0,1.0,7.219954154278567
61,2030,3,4,1.9955042617296404E18,171.33881880465916,0.002488713378749559,0.0,34.9166163432223,0.0,310.2999999999961,255.5548128342246,569.747399578609,0.0,0.0,5.61096256684492,0.0,0.0,143.0,830.5026656059009,1061.062958816107,0.04239680576834632,100.0,1.0,7.318947604106245
69,2030,3,4,3.317868809496197E18,171.89440712258704,0.0018107226117019483,0.0,35.86259909936035,0.0,313.20000000000397,262.6229946524064,588.9736196079642,0.0,0.0,6.724598930481283,0.0,0.0,143.0,747.6561095800064,1052.3486678953363,0.04265472412879962,100.0,1.0,7.342680239925349
64,2030,3,4,5.156518253817723E18,168.68747658387895,0.0016195510765291375,0.0,34.58386509395584,0.0,310.2999999999961,261.524064171123,590.6997420065268,0.0,0.0,6.804812834224599,0.0,0.0,143.0,757.999629317601,1116.2061021389216,0.0430631767606466,100.0,1.0,7.2056922721865835
79,2030,3,4,2.819594302524464E18,170.35355027092737,0.00418103847629926,0.0,33.9204547218775,0.0,310.2999999999961,259.71256684491976,588.2007563851666,0.0,0.0,6.442513368983957,0.0,0.0,143.0,770.8522449117128,1144.4968586344205,0.042642014856080906,100.0,1.0,7.2768606513382466
75,2030,3,4,8.661686022710631E18,170.45834319209945,0.00418103847629926,0.0,18.363006044963132,0.0,313.20000000000397,263.01069518716577,275.1566529730323,0.0,0.0,6.802139037433155,0.0,0.0,143.0,768.5173118900143,1221.1500492868536,0.04301407826564718,100.0,1.0,7.281337009379517
72,2030,3,4,3.00978221914696E18,169.91151335952847,0.004023955339631571,0.0,29.363160732812794,0.0,310.2999999999961,261.54411764705884,479.575852536967,0.0,0.0,6.8088235294117645,0.0,0.0,143.0,809.0823152315065,1152.5144833355776,0.042752951096775384,100.0,1.0,7.2579785029950905
63,2030,3,5,3.212672331395627E18,170.53225021741295,0.0048323008162966296,0.0,36.18493064337642,0.0,313.20000000000397,260.3903743315508,617.4890076356883,0.0,0.0,6.278074866310161,0.0,0.0,143.0,764.3218705457296,1087.9759637123368,0.042995436380800355,100.0,1.0,7.284494038531579
62,2030,3,5,2.853793568557007E18,175.09603205331504,0.0048323008162966296,0.0,25.124155269342772,0.0,316.1000000000039,261.50267379679144,445.74865975780676,0.0,0.0,6.2005347593582885,0.0,0.0,143.0,846.3988115007047,1326.6599555442745,0.04226251344463701,100.0,1.0,7.4794415721177625
71,2030,3,5,6.50369789014244E18,167.1621628800097,0.0048323008162966296,0.0,24.128535139438153,0.0,307.3999999999961,259.40909090909093,365.88106770123875,0.0,0.0,6.681818181818182,0.0,0.0,143.0,719.7931229813117,1148.7307750278158,0.0430499857371808,100.0,1.0,7.140536628203926
67,2030,3,5,8.815097190336754E18,170.08997074475005,0.0048323008162966296,0.0,38.44499496376713,0.0,313.20000000000397,263.451871657754,623.3839600744097,0.0,0.0,6.890374331550802,0.0,0.0,143.0,714.9849495318048,997.083706928725,0.04310723602922253,100.0,1.0,7.265601528886815
78,2030,3,5,4.687141051879245E18,165.47326707254044,0.004571873510768616,0.0,17.09168724688626,0.0,310.2999999999961,263.28208556149735,235.4851234679182,0.0,0.0,7.156417112299465,0.0,0.0,143.0,779.2588330124298,1139.3600787892442,0.043899650680460096,100.0,1.0,7.068393374212242
70,2030,3,6,2.52771244661108E18,174.39150232647555,0.005387393369289671,0.0,32.006888064509944,0.0,313.20000000000397,259.8422459893048,578.5167658735865,0.0,0.0,6.168449197860962,0.0,0.0,143.0,777.4620986763629,1227.9348079471977,0.04204395522306575,100.0,1.0,7.449346721503956
68,2030,3,6,2.2093098651697398E18,176.78041766445148,0.005483563156294001,0.0,40.795250967553905,0.0,313.20000000000397,258.1577540106952,782.31324040493,0.0,0.0,5.831550802139038,0.0,0.0,143.0,810.7680612935101,1134.4673954614889,0.04147579586000669,100.0,1.0,7.551392167546306
65,2030,3,6,8.237168610376572E18,171.23992916078134,0.005182716798056167,0.0,16.572313177580746,0.0,316.1000000000039,263.99598930481284,239.54752619528557,0.0,0.0,6.699197860962567,0.0,0.0,143.0,790.4853592625716,1203.2980031480947,0.04321421087372547,100.0,1.0,7.314723411788478
77,2030,3,6,5.866154019238748E17,171.7117867694275,0.0037456032488346986,0.0,3.3165114250548666,0.0,313.20000000000397,256.5,48.87147513827986,0.0,0.0,5.5,0.0,0.0,143.0,849.3899410357727,1411.4236735369932,0.04270008863714744,100.0,1.0,7.334879387756867
74,2030,3,7,7.887265943744844E18,175.15681982645873,0.001641204773190099,1.0,43.1641900327411,1.0,318.99999999999994,261.09090909090907,714.9927956874659,0.0,0.0,5.818181818181818,0.0,0.0,143.0,756.5822594896453,940.7811997040008,0.04263544125665805,100.0,1.0,7.482038196337048
60,2030,3,10,3.5299406018237317E18,179.27424653795794,0.007964562546760163,0.0,33.87593348679551,0.0,324.79999999999575,252.7673796791444,578.6474858408426,0.0,0.0,3.553475935828877,0.0,0.0,143.0,772.4186175892854,1128.364066725551,0.04241361063604092,100.0,1.0,7.657919123820063
66,2030,7,9,6.646488575717851E18,139.4591514417195,1.1773915102819705E-4,0.0,36.29780498782675,0.0,334.25550433838964,233.36631016042782,505.21520348215154,0.0,0.0,5.973262032085562,0.0,0.0,101.0,490.8412689074718,885.2329616781249,0.05625120659191931,100.0,1.0,5.9421926139875305
73,2030,7,9,2.957751204712242E18,139.42968804635677,5.2670673201132984E-5,1.0,40.99489303284336,1.0,346.7657901557301,232.5909090909091,562.2523229963869,0.0,0.0,5.818181818181818,0.0,0.0,101.0,524.2220861320383,808.172580057766,0.058368869713475484,100.0,1.0,5.940937212900545
75,2030,7,11,8.661686022710631E18,141.602839979075,7.239143879744892E-5,0.0,28.786043680831085,0.0,432.83981338558414,236.89438502673798,357.42765401890597,0.0,0.0,6.078877005347594,0.0,0.0,101.0,410.32849064918037,882.456641713132,0.07173903503379815,100.0,1.0,6.03353269501969
71,2030,7,12,6.50369789014244E18,143.55761774198157,3.1012492380827115E-4,0.0,31.638018360719716,0.0,452.46807713372306,237.9264705882353,410.90094075521137,0.0,0.0,5.985294117647059,0.0,0.0,101.0,463.86061814590363,886.5664354700542,0.07397108590818302,100.0,1.0,6.116823507165372
70,2030,7,12,2.52771244661108E18,137.0547242683207,1.0730966221739488E-4,1.0,38.39159071190914,1.0,485.1172944411978,239.48395721925132,544.149154567369,0.0,0.0,6.2967914438502675,0.0,0.0,101.0,354.6962620065914,871.9767015559464,0.08307168897547064,100.0,1.0,5.839742762235676
65,2030,7,12,8.237168610376572E18,139.83727233517564,5.671633573669917E-5,0.0,25.307649702154873,0.0,454.58793058366444,238.46122994652407,297.9175178594978,0.0,0.0,6.092245989304812,0.0,1.0,101.0,447.8888278894227,877.3712346975407,0.07629485466307166,100.0,1.0,5.958303906484728
64,2030,7,12,5.156518253817723E18,141.10193381461238,6.222410188769482E-5,1.0,38.53302599567371,1.0,433.6934484834857,239.91844919786095,549.2565327941086,0.0,0.0,6.383689839572193,0.0,0.0,101.0,498.86851699999636,874.9288593905173,0.07213568976985202,100.0,1.0,6.012189664605399
77,2030,7,12,5.866154019238748E17,137.18226036712153,1.65488219748277E-4,1.0,16.63782302638859,1.0,481.60451233893997,238.2072192513369,194.19686879748446,0.0,0.0,6.041443850267379,0.0,0.0,101.0,425.66569153938855,969.5146333297424,0.08239348754018952,100.0,1.0,5.8451769274121945
72,2030,7,12,3.00978221914696E18,145.231673658848,5.902644153183692E-5,0.0,39.926533492007515,0.0,435.060251765651,235.37299465240642,555.94737858305,0.0,0.0,5.474598930481283,0.0,0.0,101.0,454.1167981552637,835.5729801992915,0.07030534727161442,100.0,1.0,6.188153087202022
63,2030,7,13,3.212672331395627E18,144.38529672001798,5.1550020579832265E-5,0.0,42.17879953716478,0.0,459.53064443191334,240.1885026737968,607.9997903071225,0.0,0.0,6.137700534759358,0.0,0.0,101.0,437.28790900464486,832.3437464381036,0.07469504645051184,100.0,1.0,6.1520899479775935
62,2030,7,13,2.853793568557007E18,143.57328181833148,1.8592621331431125E-4,0.0,32.06400719444804,0.0,464.85401519952916,240.8235294117647,465.3643136039824,0.0,0.0,6.264705882352941,0.0,0.0,101.0,503.4450226317871,984.3018858280941,0.07598769170519426,100.0,1.0,6.117490935282001
61,2030,7,13,1.9955042617296404E18,142.06017931508725,5.6924545486099696E-5,0.0,36.38030942432231,0.0,439.6838514485835,240.201871657754,491.12379822335686,0.0,0.0,6.140374331550802,0.0,0.0,101.0,550.6156310473415,857.6120119400696,0.07263876470078828,100.0,1.0,6.053019393428809
69,2030,7,13,3.317868809496197E18,139.33429891399854,9.036274003737501E-5,1.0,38.17764433692639,1.0,440.2650356226353,241.39839572192514,507.09829341275093,0.0,0.0,6.379679144385027,0.0,0.0,101.0,448.4965563236836,819.9813715414401,0.07415773438280529,100.0,1.0,5.936872792660696
68,2030,7,13,2.2093098651697398E18,145.6331276197778,5.235059483596745E-5,0.0,44.09823905505947,0.0,490.85032189740633,239.90106951871658,695.0135231857413,0.0,0.0,6.080213903743315,0.0,0.0,101.0,484.13398274755934,880.0761043281755,0.0791023155593145,100.0,1.0,6.205258574628508
67,2030,7,13,8.815097190336754E18,142.34904070930054,6.112040280021107E-5,1.0,42.520636858824275,1.0,458.9082628559311,240.77005347593584,575.6566005120231,0.0,0.0,6.254010695187166,0.0,0.0,101.0,407.8910159466335,777.1105407714809,0.07566092139725009,100.0,1.0,6.065327442240351
79,2030,7,13,2.819594302524464E18,140.6320614050513,5.412302335222883E-5,1.0,38.50156423474537,1.0,438.52440039496184,246.09491978609626,549.8135905847757,0.0,0.0,6.1189839572192515,0.0,0.0,143.0,322.3173935740489,876.9853189757151,0.07318291662201454,100.0,1.0,5.992168946475783
78,2030,7,13,4.687141051879245E18,144.7363117511206,6.112040280021107E-5,0.0,31.107623592662584,0.0,453.50485960050844,237.8288770053476,373.5560451999055,0.0,0.0,5.665775401069519,0.0,0.0,101.0,411.9570775393454,825.9717055328339,0.073536801605091,100.0,1.0,6.167046291133662
76,2030,7,13,5.182538500345593E18,142.90113170144951,6.570443301022691E-5,1.0,39.04356367660021,1.0,418.604773525093,240.02139037433156,535.2098121066309,0.0,0.0,6.10427807486631,0.0,0.0,101.0,394.31215598862855,834.552622279194,0.068749382454931,100.0,1.0,6.088851398767276
74,2030,7,14,7.887265943744844E18,140.07459048969187,9.2629905558026E-5,1.0,39.800831905788996,2.0,518.7997732823733,249.69385026737967,526.0959539926437,0.0,0.0,6.538770053475936,0.0,0.0,143.0,297.43976072446145,794.7136096450153,0.08692420138731265,100.0,1.0,5.968415757663743
60,2030,7,15,3.5299406018237317E18,137.19364248620903,1.1368215682121373E-4,0.0,26.536858764706082,0.0,632.1372998570569,251.42780748663102,346.28949616685117,0.0,0.0,6.5855614973262036,0.0,0.0,143.0,362.57425149850883,956.7553969830988,0.10813784820089105,100.0,1.0,5.845661906298669
62,2030,11,15,2.853793568557007E18,117.3352326725803,3.1012492380827115E-4,1.0,33.772769114681694,2.0,860.264000565159,367.64572192513367,399.33994516030884,0.0,0.0,4.929144385026738,0.0,0.0,88.0,16.001389689621142,782.4225525946371,0.1725028298646662,100.0,1.0,4.986955873361977
61,2030,11,15,1.9955042617296404E18,118.11200029765752,1.8943188293960123E-4,1.0,29.502226348938123,1.0,854.3423885002512,370.2860962566845,330.27325266497525,0.0,0.0,5.457219251336898,0.0,0.0,88.0,18.289382797336668,788.278118114868,0.17018874800632874,100.0,1.0,5.019969877611892
60,2030,11,15,3.5299406018237317E18,109.4961145980067,9.631208813921466E-5,1.0,24.198223008927613,1.0,978.6051184960713,365.1951871657754,251.34207060082983,0.0,0.0,5.63903743315508,0.0,0.0,88.0,0.0,786.0226645881239,0.21028180083960116,100.0,1.0,4.653779426411381
74,2030,11,15,7.887265943744844E18,118.93598296136801,1.7008783828272817E-4,0.0,31.60757242034756,0.0,915.5513951286767,369.8783422459893,353.8432069616937,0.0,0.0,5.375668449197861,0.0,0.0,88.0,24.116448467097396,764.8254994656314,0.18111831785439453,100.0,1.0,5.054990604896799
72,2030,11,15,3.00978221914696E18,122.31244965458878,8.093030370779519E-5,0.0,34.52299954651356,0.0,803.0412356064186,369.8582887700535,403.77411983370547,0.0,0.0,5.371657754010696,0.0,0.0,88.0,5.806536678293337,765.2036878681689,0.15447567293072362,100.0,1.0,5.1984964387664565
70,2030,11,16,2.52771244661108E18,121.23768213098245,3.144053571929243E-4,1.0,34.41410051650526,2.0,777.2224241094849,370.2486631016043,430.34521681090376,0.0,0.0,5.149732620320855,0.0,0.0,88.0,17.622618990829807,819.2025037437418,0.15083447321825372,100.0,1.0,5.152816909333873
66,2030,11,16,6.646488575717851E18,129.4822196831762,1.7693803978912473E-4,1.0,37.24249747007293,1.0,639.8349484874882,375.4532085561497,479.9033704726245,0.0,0.0,4.990641711229946,0.0,0.0,88.0,69.15217668577182,807.8280735760743,0.11626546574599123,100.0,1.0,5.503224404444872
79,2030,11,16,2.819594302524464E18,119.20469517500987,3.1012492380827115E-4,1.0,36.36253377524761,2.0,851.6517258852339,373.78877005347596,438.897649288508,0.0,0.0,4.657754010695188,0.0,0.0,88.0,28.61647435566194,767.4685690505684,0.16809762705991602,100.0,1.0,5.06641135143255
77,2030,11,16,5.866154019238748E17,121.94514031911415,3.2171593920519347E-4,1.0,25.313707307491764,1.0,777.6988108551691,373.44117647058823,261.4221704541853,0.0,0.0,4.588235294117647,0.0,0.0,88.0,12.818788560822986,770.4342003247773,0.1500513304739811,100.0,1.0,5.182885139362507
75,2030,11,16,8.661686022710631E18,126.06138522216264,1.9229125195543582E-4,1.0,26.457610186601464,1.0,738.0846335614013,368.1029411764706,291.5552151593277,0.0,0.0,4.720588235294118,0.0,0.0,88.0,41.03473879761824,809.4735121318704,0.13775805491244944,100.0,1.0,5.357832861610036
63,2030,11,17,3.212672331395627E18,121.44205290359304,6.68616682633738E-4,1.0,35.03886271618049,2.0,869.2280419959291,374.03877005347596,423.74967036141265,0.0,0.0,4.407754010695188,0.0,0.0,88.0,30.10572953296318,784.6750426144159,0.16840599276855908,100.0,1.0,5.161503030301968
71,2030,11,17,6.50369789014244E18,127.13291474086641,8.92702716776831E-5,0.0,29.21030009542783,0.0,803.0442369262485,374.84090909090907,335.014694404367,0.0,0.0,4.568181818181818,0.0,0.0,88.0,51.11792097056129,811.1198111091853,0.1486190151704446,100.0,1.0,5.403374770080884
69,2030,11,17,3.317868809496197E18,121.56244037227741,8.795375037103549E-5,0.0,31.52954096584113,0.0,849.421559376072,369.596256684492,364.39859226040295,0.0,0.0,4.719251336898396,0.0,0.0,88.0,10.008522979337599,790.505040563042,0.16440566691296774,100.0,1.0,5.166619711629129
68,2030,11,17,2.2093098651697398E18,121.97079183627594,1.4881234347805715E-4,1.0,39.17821525908272,1.0,874.1222548668746,369.1149732620321,515.7707520379776,0.0,0.0,4.622994652406417,0.0,0.0,88.0,2.1312029540056123,800.0851052702284,0.16862006312378205,100.0,1.0,5.183975374420252
67,2030,11,17,8.815097190336754E18,118.14657312393057,2.120224678446984E-4,1.0,29.036153633331395,2.0,861.268308716907,375.39572192513367,325.5537530707598,0.0,0.0,4.679144385026738,0.0,0.0,88.0,15.943747666097485,794.3920586347986,0.1715182161883365,100.0,1.0,5.021439284158522
64,2030,11,17,5.156518253817723E18,122.1797163906883,2.674622991288688E-4,1.0,37.388572379392194,2.0,794.5045229112294,368.5066844919786,460.2609958023099,0.0,0.0,4.501336898395722,0.0,0.0,88.0,26.177055251573314,769.8379703212469,0.15299955745205532,100.0,1.0,5.192855039206235
78,2030,11,17,4.687141051879245E18,120.47448457522741,7.696643144082784E-4,1.0,20.213001755375657,1.0,870.5937881423304,372.88903743315507,201.7222661810543,0.0,0.0,4.177807486631016,0.0,0.0,88.0,37.950932965344634,794.2225026881873,0.17002524157130297,100.0,1.0,5.120379657141861
73,2030,11,17,2.957751204712242E18,131.59895408463316,7.696643144082784E-4,1.0,40.51045349212747,1.0,642.6722771189352,372.0802139037433,522.9349986871902,0.0,0.0,4.016042780748663,0.0,0.0,88.0,37.083010836256,767.2732186114231,0.11490264922810617,100.0,1.0,5.593189377584273
65,2030,11,18,8.237168610376572E18,127.18245436496099,7.623523200793296E-5,0.0,30.603189832211818,0.0,792.963831489798,378.7914438502674,326.62157335984466,0.0,0.0,3.858288770053476,0.0,0.0,88.0,1.582244949051072,739.6214866144796,0.14669627648897934,100.0,1.0,5.40548029212841
76,2030,11,18,5.182538500345593E18,121.98998603289354,9.857753458622728E-5,1.0,33.05174889441251,2.0,866.3422263715387,374.903743315508,385.8235223836661,0.0,0.0,4.280748663101604,0.0,0.0,88.0,7.455362283135734,780.5593795078933,0.16709298394521677,100.0,1.0,5.1847911618813285
61,2031,2,26,1.9955042617296404E18,156.10115583470335,0.02961128222857749,0.0,30.4303886341128,0.0,295.7999999999965,247.63636363636363,446.32541205175914,0.0,0.0,6.7272727272727275,0.0,0.0,101.19999999999857,744.5145589099916,1018.7519352606611,0.044696863246398724,100.0,1.0,6.6179140663484795
62,2031,2,27,2.853793568557007E18,157.46051874661194,0.02961128222857749,0.0,16.892087624455858,0.0,298.7000000000036,255.49732620320856,264.323682449648,0.0,0.0,6.7994652406417115,0.0,0.0,143.0,793.9350599646054,1297.343468267732,0.044745414955270964,100.0,1.0,6.675544305457761
69,2031,3,2,3.317868809496197E18,162.81228255720842,0.003560788628682719,0.0,35.062387434601256,0.0,304.49999999999994,258.8382352941176,585.3660065273085,0.0,0.0,6.867647058823529,0.0,0.0,143.0,780.3194344809326,1082.7845487325114,0.044114882541167494,100.0,1.0,6.902432522989132
79,2031,3,2,2.819594302524464E18,167.70194369433617,0.003560788628682719,0.0,31.265083326021983,0.0,307.3999999999961,258.0187165775401,535.9058684123705,0.0,0.0,6.403743315508021,0.0,0.0,143.0,749.0642233523976,1177.0335751908535,0.04323652306574969,100.0,1.0,7.10972988120561
72,2031,3,2,3.00978221914696E18,167.27378147157083,0.003560788628682719,0.0,27.737934241105894,0.0,307.3999999999961,260.11764705882354,434.8028979820848,0.0,0.0,6.823529411764706,0.0,0.0,143.0,796.7502217744351,1131.2104038198506,0.04334719340307098,100.0,1.0,7.09157792850824
70,2031,3,3,2.52771244661108E18,171.67180419266285,0.0026885151028687637,0.0,19.04422053024282,0.0,310.2999999999961,262.11898395721926,326.55247980220446,0.0,0.0,6.92379679144385,0.0,0.0,143.0,775.0474939685208,1385.9530047630772,0.042635150405582516,100.0,1.0,7.27803225855083
66,2031,3,3,6.646488575717851E18,169.52626979783423,0.00390593181686768,0.0,19.892887921395417,0.0,310.2999999999961,262.12566844919786,302.39009774916235,0.0,0.0,6.925133689839572,0.0,0.0,143.0,807.8239867700025,1215.6275855779659,0.04317474336502738,100.0,1.0,7.187072251397489
64,2031,3,3,5.156518253817723E18,165.56133296313558,0.004206318867688362,0.0,37.08130288786831,0.0,307.3999999999961,259.8034759358289,643.0502255463163,0.0,0.0,6.760695187165775,0.0,0.0,143.0,817.3317740000018,1090.1063820741804,0.04379554589794045,100.0,1.0,7.018978612947306
74,2031,3,3,7.887265943744844E18,167.56272094940033,0.004243063461060914,0.0,36.35060616041851,0.0,310.2999999999961,261.71122994652404,575.4874319103417,0.0,0.0,6.842245989304812,0.0,0.0,143.0,789.7615710657066,1006.5890692322611,0.04368067760347546,100.0,1.0,7.103827527971018
63,2031,3,4,3.212672331395627E18,171.94458995353065,0.004925338293439112,0.0,28.760946873567114,0.0,310.2999999999961,262.0655080213904,488.31680092264503,0.0,0.0,6.913101604278075,0.0,0.0,143.0,839.7899759999831,1208.0835260901952,0.042567510813396214,100.0,1.0,7.28959702060716
60,2031,3,4,3.5299406018237317E18,172.35650938218535,0.004925338293439112,0.0,29.048446635781517,0.0,313.20000000000397,259.4077540106952,499.9692152182719,0.0,0.0,6.081550802139038,0.0,0.0,143.0,803.4637938191914,1219.8810537690856,0.04286265400752149,100.0,1.0,7.307060359469201
67,2031,3,4,8.815097190336754E18,172.865486833817,0.004925338293439112,0.0,33.94940688670593,0.0,310.2999999999961,259.61229946524065,555.0484691797658,0.0,0.0,6.422459893048129,0.0,0.0,143.0,758.2661591235209,1078.7956251476762,0.042340743234583374,100.0,1.0,7.328638476675277
78,2031,3,4,4.687141051879245E18,169.90695392988502,0.001761565913247179,0.0,14.921970665060249,0.0,310.2999999999961,261.3836898395722,207.83681210696346,0.0,0.0,6.776737967914438,0.0,0.0,143.0,787.7979222399912,1181.869803450907,0.043078008420846046,100.0,1.0,7.2032113687465085
77,2031,3,5,5.866154019238748E17,174.22112414665472,0.005576600633436481,0.0,0.5720238828230985,0.0,316.1000000000039,263.6550802139037,8.930897733332191,0.0,0.0,6.6310160427807485,0.0,0.0,143.0,801.5951983459429,1474.1350771034977,0.04279654203560932,100.0,1.0,7.386110768879166
75,2031,3,5,8.661686022710631E18,174.5149476054428,0.005576600633436481,0.0,14.239020988321592,0.0,316.1000000000039,263.16042780748666,213.79037534215468,0.0,0.0,6.532085561497326,0.0,0.0,143.0,768.2896084300008,1284.5497664159323,0.04272448730231784,100.0,1.0,7.398567424888799
73,2031,3,5,2.957751204712242E18,173.7033520422099,0.005576600633436481,0.0,36.194470296221176,0.0,313.20000000000397,262.8368983957219,620.1945937366044,0.0,0.0,6.767379679144385,0.0,0.0,143.0,749.112943011496,1092.1143766957568,0.04253031009901033,100.0,1.0,7.36415980205355
71,2031,3,7,6.50369789014244E18,177.4766087446552,0.006419585922831213,0.0,27.460274416099534,0.0,318.99999999999994,261.2914438502674,451.70656886509965,0.0,0.0,5.858288770053476,0.0,0.0,143.0,741.099340922302,1191.9837705101093,0.04239694431675689,100.0,1.0,7.524127154463793
68,2031,3,7,2.2093098651697398E18,181.1607936604045,0.006879125313431219,0.0,48.2462582734397,0.0,318.99999999999994,259.39304812834223,979.9850795030909,0.0,0.0,5.478609625668449,0.0,0.0,143.0,701.6411352532484,1050.3740872452395,0.041534736884510495,100.0,1.0,7.680318305301804
65,2031,3,7,8.237168610376572E18,174.53081206632626,0.006879125313431219,1.0,15.759119506538967,1.0,316.1000000000039,258.36764705882354,227.81818204641365,0.0,0.0,5.573529411764706,0.0,0.0,143.0,764.1055282432379,1215.3262390722123,0.0427206037418764,100.0,1.0,7.3992399992734725
76,2031,3,8,5.182538500345593E18,178.12620053404066,0.0054186236712772855,0.0,31.547290847523442,0.0,318.99999999999994,264.0922459893048,544.2831478648644,0.0,0.0,6.418449197860962,0.0,0.0,143.0,837.1395646135015,1179.5750523188883,0.04224233086381947,100.0,1.0,7.551666621531609
62,2031,7,9,2.853793568557007E18,137.59725472769415,6.0523989814260526E-5,0.0,31.72554311917598,0.0,345.447242875326,233.26604278074868,432.38390885966226,0.0,0.0,5.9532085561497325,0.0,0.0,101.30000000000143,439.64202511640076,928.8570845883781,0.059367464874067535,100.0,1.0,5.818797275714931
61,2031,7,9,1.9955042617296404E18,136.13884859309118,1.310756229113572E-4,0.0,34.80738870021083,0.0,335.32029122680603,233.24598930481284,444.0882158831734,0.0,0.0,5.949197860962567,0.0,0.0,101.30000000000143,402.4834015146476,830.4268124256831,0.05824441716976107,100.0,1.0,5.757123300752938
74,2031,7,11,7.887265943744844E18,139.76651964496244,4.46094539425016E-5,1.0,42.374365333251035,1.0,410.7188877440521,236.88770053475935,558.2175492626221,0.0,0.0,6.077540106951871,0.0,0.0,101.30000000000143,424.7379159145823,758.103056073206,0.06948932077973251,100.0,1.0,5.910532483774741
73,2031,7,11,2.957751204712242E18,141.734605844317,9.369333045567106E-5,0.0,39.52680486771699,0.0,456.6377369884229,237.44919786096256,551.4042975534785,0.0,0.0,6.189839572192513,0.0,0.0,101.30000000000143,468.8340881549345,842.2603567127123,0.0761855208834941,100.0,1.0,5.99376012256622
63,2031,7,12,3.212672331395627E18,138.80021257583056,6.207464447723601E-5,1.0,41.55549465201931,1.0,436.534702511808,238.4211229946524,567.9916912093655,0.0,0.0,6.084224598930481,0.0,0.0,101.30000000000143,291.2111740628876,797.969673749202,0.07437126779730892,100.0,1.0,5.8696686965393345
70,2031,7,12,2.52771244661108E18,140.39940322612864,6.620942011278206E-5,1.0,31.63860407309317,1.0,417.7183456247604,238.57486631016042,442.5559754082817,0.0,0.0,6.114973262032086,0.0,0.0,101.30000000000143,376.5997209350669,954.4771836410894,0.07035497771726175,100.0,1.0,5.937296253627727
67,2031,7,12,8.815097190336754E18,143.4150661240768,8.005289721431882E-5,0.0,37.603828272930734,0.0,437.60355372614276,239.11631016042782,508.864163459877,0.0,0.0,6.223262032085562,0.0,0.0,101.30000000000143,458.78707517196756,843.2256767117591,0.07215436434053508,100.0,1.0,6.064824459693903
79,2031,7,12,2.819594302524464E18,138.1504858153751,9.740104390963289E-5,1.0,37.323990357420655,1.0,397.5948652889846,239.5842245989305,525.8353392218743,0.0,0.0,6.316844919786096,0.0,0.0,101.30000000000143,429.84268453085025,881.7177461829893,0.06805576073479953,100.0,1.0,5.8421926519686815
78,2031,7,12,4.687141051879245E18,139.09195065292113,2.2120180014855296E-4,0.0,25.39596945678654,0.0,434.2015068005169,237.97994652406416,288.68594888781985,0.0,0.0,5.995989304812834,0.0,0.0,101.30000000000143,382.7712353464232,846.1221370441244,0.07381861128732879,100.0,1.0,5.8820058956466585
60,2031,7,13,3.5299406018237317E18,141.81924013442364,1.3637859446274014E-4,0.0,35.881059825450706,0.0,439.95694621938026,240.58288770053477,506.97930657280295,0.0,0.0,6.216577540106952,0.0,0.0,101.30000000000143,443.94069579212294,904.6041361183571,0.0733586899660172,100.0,1.0,5.997339189442814
69,2031,7,13,3.317868809496197E18,141.17194406156545,1.2954257469017169E-4,1.0,42.39965430796645,1.0,396.9701833634633,241.86631016042782,612.2448962237379,0.0,0.0,6.473262032085562,0.0,0.0,101.30000000000143,426.2527585703005,830.551097312762,0.06649454748432043,100.0,1.0,5.969965935283188
68,2031,7,13,2.2093098651697398E18,144.96250455490906,5.6284015210212564E-5,1.0,50.98683996349958,1.0,522.7927486097477,239.68048128342247,826.6356130495104,0.0,0.0,6.036096256684492,0.0,0.0,101.30000000000143,311.1255548343098,793.9530358690313,0.08528063266910064,100.0,1.0,6.13026348711844
64,2031,7,13,5.156518253817723E18,144.76517411495155,4.8977404265361837E-5,0.0,46.15370858662134,0.0,414.8216958211435,240.24197860962568,698.0569801351014,0.0,0.0,6.148395721925134,0.0,0.0,101.30000000000143,434.5527758609197,813.5936966065365,0.06776007966088746,100.0,1.0,6.121918656193483
77,2031,7,13,5.866154019238748E17,142.33528626110788,4.507629706515569E-5,0.0,20.08050883897753,0.0,463.04130479699523,241.75935828877004,243.23857123866352,0.0,0.0,6.451871657754011,0.0,0.0,101.30000000000143,365.79142931511154,965.3561459644533,0.07692786799564139,100.0,1.0,6.019162065211926
75,2031,7,13,8.661686022710631E18,143.83529947849632,9.697464784498783E-5,1.0,22.345411489079726,1.0,463.36203478945464,239.31283422459893,275.719972216287,0.0,0.0,5.962566844919786,0.0,0.0,101.30000000000143,461.667569312734,956.1126988067052,0.07617834052592859,100.0,1.0,6.082595546062617
72,2031,7,13,3.00978221914696E18,141.8717470452112,5.585823555624479E-5,0.0,35.59304927624053,0.0,400.2068693195893,239.47326203208556,472.03846243753117,0.0,0.0,5.994652406417113,0.0,0.0,101.30000000000143,471.56260352195847,852.8274963727428,0.06670604073246368,100.0,1.0,5.999559633957131
71,2031,7,14,6.50369789014244E18,140.95503996639124,3.7247768893618904E-5,0.0,36.86315473195485,0.0,520.8192865567805,241.50133689839572,480.46380305965266,0.0,0.0,6.100267379679145,0.0,0.0,101.30000000000143,296.2567760307569,821.7069686896236,0.08737415558007157,100.0,1.0,5.960793361596386
66,2031,7,14,6.646488575717851E18,147.4390755820052,8.341176003450001E-5,1.0,33.29684378641218,1.0,421.28074152172843,242.39705882352942,438.94351429994197,0.0,0.0,6.279411764705882,0.0,0.0,101.30000000000143,422.02781317473887,877.9809840230863,0.06756714200202861,100.0,1.0,6.234994244822137
65,2031,7,14,8.237168610376572E18,145.16094371644692,5.891430923409406E-5,1.0,31.411842990546926,1.0,516.8507876129781,239.44251336898395,376.4671263612999,0.0,0.0,5.688502673796791,0.0,0.0,101.30000000000143,311.95675529719364,820.8134067999918,0.08419609351040187,100.0,1.0,6.138655204342998
76,2031,7,15,5.182538500345593E18,144.325660447741,4.802182158691099E-5,1.0,35.86967084383485,1.0,555.2220923783717,251.71524064171123,500.12921537000665,0.0,0.0,6.643048128342246,0.0,0.0,143.0,261.8026318694168,893.110163969909,0.09097032100882897,100.0,1.0,6.103332232107718
61,2031,11,13,1.9955042617296404E18,125.53742128429494,1.063528545295854E-4,1.0,31.1257249657865,1.0,621.1433377697515,358.0133689839572,365.30346222390546,0.0,0.0,6.002673796791444,0.0,0.0,88.0,21.301084425455333,807.0135697857756,0.1172968060699766,100.0,1.0,5.295483812229223
70,2031,11,14,2.52771244661108E18,120.16144601916223,2.3210624680587412E-4,0.0,29.61474270017271,0.0,781.1115053938773,366.4532085561497,353.56992597409106,0.0,0.0,4.990641711229946,0.0,0.0,88.0,34.03770186107338,839.0871310008465,0.15410454496007156,100.0,1.0,5.068711669706193
64,2031,11,14,5.156518253817723E18,113.60682682821557,1.902186354524747E-4,1.0,33.53690807349944,1.0,859.4783242645841,365.16577540106954,397.2051878376699,0.0,0.0,5.933155080213904,0.0,0.0,88.0,24.218031925225763,786.1108731613136,0.17934862744068317,100.0,1.0,4.792221365334082
77,2031,11,14,5.866154019238748E17,117.41269170656955,1.2658160155439634E-4,1.0,22.535427145189175,2.0,850.0254545880856,368.76604278074865,224.39449851200735,0.0,0.0,5.4532085561497325,0.0,0.0,88.0,3.5976212688779423,770.0765416787875,0.1716265392645669,100.0,1.0,4.952762307219565
76,2031,11,14,5.182538500345593E18,113.46383619442628,1.3554411005606252E-4,1.0,27.782487514879257,1.0,1008.1149591360914,363.17379679144386,303.8611607634591,0.0,0.0,5.53475935828877,0.0,0.0,88.0,0.0,788.7072361941454,0.2106299646490309,100.0,1.0,4.786189661171411
62,2031,11,15,2.853793568557007E18,128.30951241043235,5.181806092525866E-4,1.0,37.40312177286059,2.0,630.6978560664948,369.06283422459893,474.0399250979616,0.0,0.0,5.212566844919786,0.0,0.0,88.0,14.389472074603127,792.1331918954054,0.11652793723470671,100.0,1.0,5.4124175801392935
71,2031,11,15,6.50369789014244E18,113.73268959227248,2.00828617487535E-4,1.0,23.32281058748352,1.0,916.6605573625753,372.11096256684493,244.75762664708432,0.0,0.0,5.822192513368984,0.0,0.0,88.0,7.057203139245764,803.2914684417003,0.1910692476951342,100.0,1.0,4.797530572921804
66,2031,11,15,6.646488575717851E18,114.78791976816818,1.1115588666963119E-4,1.0,22.677717076943534,1.0,945.1394805283571,364.7139037433155,232.27399478020556,0.0,0.0,5.542780748663102,0.0,0.0,88.0,32.691202621727534,790.4382288399046,0.19519436592657383,100.0,1.0,4.842042832752098
78,2031,11,15,4.687141051879245E18,124.25872832616918,1.0912207030551407E-4,1.0,21.328472515432058,1.0,779.4146166820879,367.9398395721925,215.91128010063088,0.0,0.0,4.987967914438503,0.0,0.0,88.0,0.625356293811777,795.3335451770284,0.14869939445052274,100.0,1.0,5.2415453308481705
75,2031,11,15,8.661686022710631E18,120.09658686459204,1.3869629866201754E-4,0.0,22.1371433031239,0.0,858.763439416359,363.3302139037433,227.4295199616889,0.0,0.0,5.266042780748663,0.0,0.0,88.0,0.0,798.5197461492799,0.16951590023288612,100.0,1.0,5.065975747623459
74,2031,11,15,7.887265943744844E18,122.61770215647128,3.1012492380827115E-4,1.0,34.38091686076884,2.0,727.4924519044532,362.35427807486633,396.24187727946827,0.0,0.0,5.070855614973262,0.0,0.0,88.0,21.740318876554767,755.6737915998184,0.14065101709192446,100.0,1.0,5.17232272432833
63,2031,11,16,3.212672331395627E18,123.14393027993631,2.335780933559667E-4,1.0,34.16749455765547,2.0,781.2962063829455,370.322192513369,413.3184429352676,0.0,0.0,5.1644385026737964,0.0,0.0,88.0,11.235097458633172,795.5256115610683,0.1504077670220197,100.0,1.0,5.194520348597182
60,2031,11,16,3.5299406018237317E18,120.9977601792943,3.128716725236905E-4,1.0,32.45853272717827,1.0,853.7797573990364,368.43716577540107,390.17290520309905,0.0,0.0,4.787433155080214,0.0,0.0,88.0,57.410054128085214,811.1443531905136,0.16727694229415624,100.0,1.0,5.103989502017953
65,2031,11,16,8.237168610376572E18,117.08611829746245,1.3944465998573345E-4,1.0,18.34166243292757,1.0,938.0176546150312,371.2446524064171,176.90850477479165,0.0,0.0,5.348930481283422,0.0,0.0,88.0,23.580765433397136,786.3892106514404,0.18992107626758659,100.0,1.0,4.938986620386589
79,2031,11,16,2.819594302524464E18,123.88091896861252,1.1891293090807936E-4,1.0,40.066431528489225,1.0,778.95211893423,368.08288770053474,504.70730642765847,0.0,0.0,4.716577540106952,0.0,0.0,88.0,0.0,754.2928054770514,0.14906438864985916,100.0,1.0,5.225608382991655
73,2031,11,16,2.957751204712242E18,126.04195988095071,3.622586353900204E-4,1.0,35.72665008159653,1.0,736.5125756138109,375.78743315508024,441.98663126102304,0.0,0.0,5.057486631016043,0.0,0.0,88.0,17.457014741208127,794.2639725796366,0.13852640945441813,100.0,1.0,5.316766517767567
72,2031,11,16,3.00978221914696E18,123.94062184171796,3.235058399592311E-4,0.0,33.49852190230542,0.0,854.0129695136542,372.5120320855615,387.0089165225291,0.0,0.0,4.402406417112299,0.0,0.0,88.0,22.143894744245568,767.5036891498505,0.16334970480940952,100.0,1.0,5.2281268001682974
69,2031,11,17,3.317868809496197E18,119.46873553458488,1.5444468317144978E-4,1.0,33.41473961768128,2.0,854.1619451155681,371.78208556149735,407.3162975725659,0.0,0.0,5.156417112299465,0.0,0.0,88.0,4.563650319244542,810.6065652932381,0.16949368043615712,100.0,1.0,5.0394914011989
68,2031,11,17,2.2093098651697398E18,122.67007263618798,2.4496439479326315E-4,1.0,39.60986116877132,1.0,868.9363188523009,376.73262032085563,542.137528597111,0.0,0.0,4.946524064171123,0.0,0.0,88.0,13.706992655661452,825.7951198801462,0.16792559119584086,100.0,1.0,5.174531842730964
67,2031,11,17,8.815097190336754E18,125.04738804513883,1.7438172436720092E-4,0.0,29.505278442216927,0.0,800.3117504915859,377.26737967914437,347.2596986850598,0.0,0.0,5.053475935828877,0.0,0.0,88.0,24.960028033250335,828.7052587940153,0.15172324661762776,100.0,1.0,5.274812979111421
60,2032,2,25,3.5299406018237317E18,155.5472969797721,0.030324569553336508,0.0,32.767261325889955,0.0,292.8999999999962,246.95855614973263,519.9797383855251,0.0,0.0,6.891711229946524,0.0,0.0,101.50000000000001,807.5006639667963,1065.6456624423258,0.04475225781722954,100.0,1.0,6.544921179088092
78,2032,2,25,4.687141051879245E18,156.2017570569033,0.030324569553336508,0.0,24.31437348491556,0.0,292.8999999999962,246.27673796791444,328.77312441004506,0.0,0.0,6.755347593582887,0.0,0.0,101.50000000000001,712.0914543325187,1022.0905877458883,0.0445647531011835,100.0,1.0,6.572458717205767
77,2032,2,25,5.866154019238748E17,152.6772725476822,0.030324569553336508,0.0,-8.588045606336962,0.0,292.8999999999962,245.77540106951872,-105.75885507002806,0.0,0.0,6.6550802139037435,0.0,0.0,101.50000000000001,719.8471508629015,1343.3784116214695,0.04559350989871749,100.0,1.0,6.42415994405018
70,2032,2,26,2.52771244661108E18,156.11641458471806,0.019168501613992743,0.0,9.828343333321044,0.0,295.7999999999965,248.3649732620321,146.49317586878058,0.0,0.0,6.872994652406417,0.0,0.0,101.50000000000001,808.0821942823144,1338.793333896026,0.04503059121734099,100.0,1.0,6.568867785286502
62,2032,2,29,2.853793568557007E18,165.244818118064,0.0035918011210635445,0.0,17.450324810904412,0.0,304.49999999999994,258.798128342246,281.5463223001406,0.0,0.0,6.859625668449198,0.0,0.0,143.0,822.8774109301062,1329.2380966776611,0.043794290560562096,100.0,1.0,6.952961130376437
71,2032,3,1,6.50369789014244E18,170.876683671949,0.004305088445822569,0.0,22.481214017707018,0.0,307.3999999999961,258.68716577540107,369.10907333332176,0.0,0.0,6.537433155080214,0.0,0.0,143.0,737.6344443241221,1270.9230588044545,0.04275423148183655,100.0,1.0,7.189931600819209
65,2032,3,1,8.237168610376572E18,162.66738704976922,0.004305088445822569,0.0,11.478290209675196,0.0,307.3999999999961,260.2914438502674,153.83875873901903,0.0,0.0,6.858288770053476,0.0,0.0,143.0,732.984479330004,1182.8396761284184,0.04491189918925682,100.0,1.0,6.844511266482535
63,2032,3,2,3.212672331395627E18,171.50056408929265,0.004905606557946817,0.0,28.596045969235753,0.0,310.2999999999961,262.0053475935829,499.15665430349185,0.0,0.0,6.901069518716578,0.0,0.0,143.0,751.2066943844582,1244.8679199892856,0.043000575758974535,100.0,1.0,7.216182446934661
61,2032,3,2,1.9955042617296404E18,171.6078827111481,0.004987363278200764,0.0,32.73620605749893,0.0,310.2999999999961,259.3917112299465,547.6716193739508,0.0,0.0,6.378342245989304,0.0,0.0,143.0,781.8360337035915,1124.0064855987682,0.0429736844387359,100.0,1.0,7.220698063308155
64,2032,3,2,5.156518253817723E18,169.69767019680077,0.0026449581786346494,0.0,38.32390688297533,0.0,310.2999999999961,260.4879679144385,668.9196894874733,0.0,0.0,6.597593582887701,0.0,0.0,143.0,749.3362028483662,1075.4732029635272,0.0434574204246649,100.0,1.0,7.140322572480183
79,2032,3,2,2.819594302524464E18,171.01196875108204,0.004987363278200764,0.0,31.40406032574705,0.0,310.2999999999961,260.85561497326205,549.9070197149081,0.0,0.0,6.671122994652406,0.0,0.0,143.0,686.698765032412,1199.5423684309735,0.04312343196026641,100.0,1.0,7.195623954185837
75,2032,3,2,8.661686022710631E18,168.68115955536487,0.004987363278200764,0.0,15.273989606553274,0.0,310.2999999999961,262.95454545454544,230.4362647481049,0.0,0.0,7.090909090909091,0.0,0.0,143.0,793.3956056894481,1274.9924887089744,0.04371930462339501,100.0,1.0,7.097551131541759
74,2032,3,2,7.887265943744844E18,175.00701809236006,0.004987363278200764,0.0,34.500723902534595,0.0,310.2999999999961,258.37566844919786,534.7916529507504,0.0,0.0,6.175133689839572,0.0,0.0,143.0,736.2606674169206,1014.2720966921474,0.04213901293339297,100.0,1.0,7.363722555401851
72,2032,3,2,3.00978221914696E18,169.1150348876055,0.004987363278200764,1.0,29.868720398416045,1.0,310.2999999999961,257.6470588235294,465.81816715797515,0.0,0.0,6.029411764705882,0.0,0.0,143.0,776.3466576808536,1092.4414748112172,0.04360713997859321,100.0,1.0,7.1158071855279355
68,2032,3,3,2.2093098651697398E18,171.49050536280868,0.005669638110578961,0.0,39.426399112292906,0.0,310.2999999999961,261.3435828877005,754.8419194681127,0.0,0.0,6.768716577540107,0.0,0.0,143.0,777.3827525914589,1158.6143030628466,0.04300309794543195,100.0,1.0,7.215759208644596
66,2032,3,3,6.646488575717851E18,170.59394388591505,0.003533033699479447,0.0,17.68261974655248,0.0,313.20000000000397,263.9398395721925,275.6786886539859,0.0,0.0,6.987967914438503,0.0,0.0,143.0,836.0113723156493,1281.096294046627,0.043633112287244966,100.0,1.0,7.178034835978456
73,2032,3,3,2.957751204712242E18,171.48512588146176,0.005465705617361254,0.0,33.620807972423144,0.0,313.20000000000397,262.3288770053476,584.7033056303854,0.0,0.0,6.665775401069519,0.0,0.0,143.0,744.6967080109108,1153.244924886082,0.043406357670013995,100.0,1.0,7.21553285767557
69,2032,3,5,3.317868809496197E18,177.81586453116526,0.006972162790573699,0.0,37.927800026701604,0.0,316.1000000000039,260.21256684491976,681.4431452383333,0.0,0.0,5.942513368983957,0.0,0.0,143.0,793.2776458181903,1114.2188555442112,0.04224857235981247,100.0,1.0,7.481909620706696
67,2032,3,5,8.815097190336754E18,173.50714473814844,0.006972162790573699,0.0,37.77234815172443,0.0,316.1000000000039,264.7379679144385,651.0133609529463,0.0,0.0,6.847593582887701,0.0,0.0,143.0,803.9718497744881,1071.5407757814264,0.043297735264476285,100.0,1.0,7.300612793467487
76,2032,3,5,5.182538500345593E18,177.14286727627828,0.001984345947584916,0.0,34.48530343895849,0.0,318.99999999999994,259.33957219251334,600.2871236664256,0.0,0.0,5.467914438502674,0.0,0.0,143.0,688.2767186454759,1139.377578243207,0.042798156348077224,100.0,1.0,7.453592098817863
60,2032,7,6,3.5299406018237317E18,135.7131865134629,1.4160955425035214E-4,0.0,37.842660981437255,0.0,320.5988301210555,230.18582887700535,522.6891259990662,0.0,0.0,5.93716577540107,0.0,0.0,101.59999999999991,442.43472888066304,857.2826607737347,0.056284381686235806,100.0,1.0,5.696053159263133
77,2032,7,7,5.866154019238748E17,139.52105878873815,7.341972628036721E-5,0.0,3.6611913755641896,0.0,321.9442798532589,230.38235294117646,41.80764504219046,0.0,0.0,5.676470588235294,0.0,0.0,101.59999999999991,492.68615865003113,1086.3312366006808,0.05497800339919247,100.0,1.0,5.855874348794335
70,2032,7,8,2.52771244661108E18,135.14987803306394,5.247460639733861E-5,1.0,21.93807381645369,2.0,335.0228163721922,233.1457219251337,281.96442749527176,0.0,0.0,5.929144385026738,0.0,0.0,101.59999999999991,413.20728394324624,1000.6241267329025,0.05906180849377758,100.0,1.0,5.672410393723185
78,2032,7,8,4.687141051879245E18,138.29542365770683,6.375923598031889E-5,0.0,27.711198861149253,0.0,326.7404178182424,233.3596256684492,331.0811505900456,0.0,0.0,5.971925133689839,0.0,0.0,101.59999999999991,420.369112654594,861.9271454482791,0.05629153156156337,100.0,1.0,5.804432900549204
64,2032,7,9,5.156518253817723E18,137.8848157971181,6.931714881722645E-5,1.0,45.10237951856872,2.0,409.1049679304417,234.47860962566844,638.1073031256869,0.0,0.0,5.89572192513369,0.0,0.0,101.59999999999991,347.08255573103094,775.7152518861909,0.07069135790276256,100.0,1.0,5.787199172113431
75,2032,7,9,8.661686022710631E18,142.9131961645648,6.537203284322748E-5,0.0,26.13193150624124,0.0,408.1756816245494,234.76604278074868,332.9450638213799,0.0,0.0,5.9532085561497325,0.0,0.0,101.59999999999991,472.8218977420423,939.3152929068841,0.06804916626024973,100.0,1.0,5.998246621619248
63,2032,7,10,3.212672331395627E18,140.05615951823995,5.306723542235988E-5,1.0,35.130053988239766,1.0,413.79825364744846,236.52673796791444,499.5906109023372,0.0,0.0,6.005347593582887,0.0,0.0,101.59999999999991,440.54211434605054,921.0992942209152,0.07039380715599403,100.0,1.0,5.878333199545005
62,2032,7,10,2.853793568557007E18,139.34566057149553,8.001159024981193E-5,0.0,29.789013973742875,0.0,378.29530473977564,237.17513368983958,404.1212710173399,0.0,0.0,6.135026737967914,0.0,0.0,101.59999999999991,452.4478566714086,950.796856422755,0.06468230923143624,100.0,1.0,5.84851266497332
66,2032,7,10,6.646488575717851E18,135.86202868914395,1.0062456969768695E-4,1.0,30.595019151339685,3.0,431.2292355746914,236.37967914438502,378.81734976511615,0.0,0.0,5.975935828877005,0.0,0.0,101.59999999999991,373.5735843482866,857.8997434176747,0.07562373366380555,100.0,1.0,5.70230025261346
65,2032,7,10,8.237168610376572E18,137.0028199538949,7.646078003162504E-5,0.0,22.65806366064401,0.0,390.5728734837692,238.11096256684493,254.97413078935887,0.0,0.0,6.322192513368984,0.0,0.0,101.59999999999991,399.8278653870427,867.9902760326825,0.06792358258991799,100.0,1.0,5.750180697060913
79,2032,7,10,2.819594302524464E18,140.18441593608148,6.783134816453878E-5,0.0,37.42311833000852,0.0,413.323547095478,236.4398395721925,535.81207693433,0.0,0.0,5.987967914438503,0.0,0.0,101.59999999999991,405.0679099718487,894.6773311288175,0.07024872159586851,100.0,1.0,5.88371628274281
72,2032,7,10,3.00978221914696E18,142.13276019966787,1.0004029800266811E-4,0.0,35.74064251477038,0.0,411.4417766383796,236.46657754010695,467.26182309881153,0.0,0.0,5.99331550802139,0.0,0.0,101.59999999999991,457.14949071125807,839.0950280756408,0.0689703151683395,100.0,1.0,5.9654907424179795
71,2032,7,11,6.50369789014244E18,138.35224937442607,4.9971789205328875E-5,1.0,30.71560382537873,2.0,399.71693359018025,239.06951871657753,407.3505388348151,0.0,0.0,6.213903743315508,0.0,0.0,101.59999999999991,384.2098765278672,917.191688808426,0.06883579564804822,100.0,1.0,5.806817947364191
69,2032,7,11,3.317868809496197E18,142.4004655589831,6.288015486785711E-5,0.0,45.36182834514778,0.0,487.287486074864,239.37700534759358,651.1134475326078,0.0,0.0,6.275401069518717,0.0,0.0,101.59999999999991,269.77680295627204,783.3039031214777,0.08153082995533589,100.0,1.0,5.976726673110149
68,2032,7,11,2.2093098651697398E18,141.85273002967483,6.609653107593164E-5,0.0,46.199486663099925,0.0,435.15093572228534,237.91310160427807,729.8422117156139,0.0,0.0,5.982620320855615,0.0,0.0,101.59999999999991,379.96498061404907,848.95438931398,0.07308869999293385,100.0,1.0,5.953737523917587
67,2032,7,11,8.815097190336754E18,140.64544720242353,1.0075533587013357E-4,0.0,42.76302319191145,0.0,481.9506540842969,239.14304812834226,596.0200348317082,0.0,0.0,6.228609625668449,0.0,0.0,101.59999999999991,354.31720224497843,796.7878895944488,0.08164411950015145,100.0,1.0,5.903066344948492
74,2032,7,11,7.887265943744844E18,143.06809281680535,1.236542758406185E-4,1.0,37.55387855396808,1.0,420.19099566351605,238.32085561497325,474.81149723102163,0.0,0.0,6.064171122994653,0.0,0.0,101.59999999999991,429.2499641036455,788.37259445861,0.069976459900032,100.0,1.0,6.004747828967036
61,2032,7,12,1.9955042617296404E18,142.56622114706508,5.2262373408876135E-5,1.0,36.58795480282277,1.0,419.71903546812274,241.7058823529412,507.42004275326855,0.0,0.0,6.4411764705882355,0.0,0.0,101.59999999999991,460.1310763734727,877.8744047477202,0.07014392144764646,100.0,1.0,5.983683643655278
76,2032,7,12,5.182538500345593E18,146.76394239230956,7.061132144997065E-5,0.0,38.34408175043492,0.0,489.39937300258197,239.47994652406416,551.8157453103611,0.0,0.0,5.995989304812834,0.0,0.0,101.59999999999991,411.8404308314584,885.8942261857095,0.07944966187903464,100.0,1.0,6.159867284869162
73,2032,7,12,2.957751204712242E18,145.7563345780823,5.9274641400663425E-5,1.0,39.40510803840173,1.0,438.00687278098485,238.5842245989305,581.0586922482878,0.0,0.0,5.816844919786096,0.0,0.0,101.59999999999991,490.20564431017664,892.4335418987793,0.07159810052510948,100.0,1.0,6.117576717379194
71,2032,11,12,6.50369789014244E18,116.46837955797109,1.1597790718334748E-4,1.0,27.47204076758894,2.0,768.7535609746254,363.03743315508024,305.9137042564341,0.0,0.0,5.807486631016043,0.0,0.0,88.0,0.0,806.325426969702,0.15765820153323462,100.0,1.0,4.876077194198938
70,2032,11,12,2.52771244661108E18,122.7669440977833,8.496573255021127E-5,1.0,28.128216737994638,1.0,617.0109232004661,357.77941176470586,327.34844460885733,0.0,0.0,5.955882352941177,0.0,0.0,88.0,6.716147808338347,834.8056072261647,0.1200463245229629,100.0,1.0,5.139773547023024
60,2032,11,13,3.5299406018237317E18,128.6507183453919,1.4628534141899587E-4,1.0,37.04842167937809,1.0,551.3604833991736,365.60695187165777,483.8745066356541,0.0,0.0,6.021390374331551,0.0,0.0,88.0,31.068286597624194,821.0065563070307,0.10236721350852084,100.0,1.0,5.386104246681283
69,2032,11,13,3.317868809496197E18,116.01334108525997,3.1012492380827115E-4,1.0,29.733868527353575,3.0,785.8838281432201,364.51069518716577,346.91420439041224,0.0,0.0,5.802139037433155,0.0,0.0,88.0,16.107950369050275,818.7745537948186,0.16180348760347119,100.0,1.0,4.857026506555724
66,2032,11,13,6.646488575717851E18,119.91392201517965,1.5054607951857824E-4,1.0,29.24190336710893,1.0,710.1224863972735,358.7580213903743,318.7552162368735,0.0,0.0,5.851604278074866,0.0,0.0,88.0,0.0,770.0556066391862,0.1414494027599706,100.0,1.0,5.020328630176686
65,2032,11,13,8.237168610376572E18,120.96474703858125,1.1301928710213961E-4,1.0,22.35272481185974,2.0,713.7997408416986,358.57085561497325,221.39020495907468,0.0,0.0,5.814171122994653,0.0,0.0,88.0,0.0,767.6315841835299,0.14094673664732302,100.0,1.0,5.064322579016276
64,2032,11,13,5.156518253817723E18,127.51535709095936,1.608265548385427E-4,0.0,40.01433513707112,0.0,669.1920671238022,363.36764705882354,522.2367450097869,0.0,0.0,5.573529411764706,0.0,0.0,88.0,13.372089389577026,781.9852113383649,0.12535040841105405,100.0,1.0,5.33857109527207
79,2032,11,13,2.819594302524464E18,122.2548938374099,1.9778510330729492E-4,1.0,34.777605469267414,1.0,723.9436301630845,364.6644385026738,433.09438651067757,0.0,0.0,5.8328877005347595,0.0,0.0,88.0,25.532102123090556,811.310523616673,0.141441208714425,100.0,1.0,5.118335997995841
62,2032,11,14,2.853793568557007E18,123.16198971398853,1.158912271331357E-4,1.0,33.61615950645716,1.0,724.1970981745476,364.5935828877005,401.80801498226236,0.0,0.0,5.518716577540107,0.0,0.0,88.0,13.415529169907996,792.7489208960234,0.14044864206498955,100.0,1.0,5.1563125675465145
61,2032,11,14,1.9955042617296404E18,115.50572544212922,2.5519373819903133E-4,1.0,26.31820628663814,4.0,851.3190901388315,369.47727272727275,295.07712922914726,0.0,0.0,5.295454545454546,0.0,0.0,88.0,11.280240563909423,824.4626269091522,0.17604606447699803,100.0,1.0,4.835774617671523
68,2032,11,14,2.2093098651697398E18,122.50867002339747,3.1012492380827115E-4,1.0,38.73137835682655,1.0,786.8947072433599,365.0013368983957,527.1627484548579,0.0,0.0,5.600267379679145,0.0,0.0,88.0,0.0,832.9216620437351,0.1534218657255626,100.0,1.0,5.128960617979568
67,2032,11,14,8.815097190336754E18,123.25754121613747,1.3460283151400663E-4,1.0,30.642590021477634,1.0,782.6836739926774,369.7914438502674,373.4709481283864,0.0,0.0,5.358288770053476,0.0,0.0,88.0,35.751465176290104,844.0868990329101,0.15167368405944037,100.0,1.0,5.160312936593183
78,2032,11,14,4.687141051879245E18,127.28113021299679,1.5643583626184524E-4,1.0,24.77623785379657,2.0,630.8901573745807,361.9866310160428,271.6677605719209,0.0,0.0,4.997326203208556,0.0,0.0,88.0,28.92088618088749,823.5745958171076,0.11839331736785674,100.0,1.0,5.3287649286349374
76,2032,11,14,5.182538500345593E18,121.6945346461487,7.835394739976533E-5,0.0,31.426191847238886,0.0,867.611436175302,363.8783422459893,374.11154553618775,0.0,0.0,5.375668449197861,0.0,0.0,88.0,0.0,815.0299744037385,0.17029098372635051,100.0,1.0,5.09487594228425
73,2032,11,14,2.957751204712242E18,117.41052392142512,7.457941079386371E-4,1.0,31.878903924077402,3.0,863.6933301696918,362.38101604278074,377.7551867613555,0.0,0.0,5.07620320855615,0.0,0.0,88.0,42.366636368242105,806.207436517429,0.17570737899671499,100.0,1.0,4.915521107316953
72,2032,11,14,3.00978221914696E18,123.46162643791715,1.3008595797326807E-4,1.0,30.040855600437546,2.0,732.9023713244043,370.0120320855615,340.2830000795674,0.0,0.0,5.402406417112299,0.0,0.0,88.0,2.8796071148990583,791.622536926561,0.14179195602601063,100.0,1.0,5.16885718954296
63,2032,11,15,3.212672331395627E18,131.63944859819063,2.2495351436832567E-4,0.0,39.02355222097732,0.0,729.3520748119973,371.98395721925135,520.1246161558932,0.0,0.0,4.2967914438502675,0.0,0.0,88.0,27.921307893169054,811.8430701494332,0.13233923778162587,100.0,1.0,5.511230735781534
77,2032,11,15,5.866154019238748E17,130.48342783449837,3.1012492380827115E-4,1.0,24.95767559720682,3.0,598.8645718032078,370.50267379679144,262.9830847595534,0.0,0.0,5.2005347593582885,0.0,0.0,88.0,20.502568452970447,789.4359991686094,0.1096252823466551,100.0,1.0,5.462832651226285
75,2032,11,15,8.661686022710631E18,128.31372173004814,7.054707092999796E-5,1.0,27.887056541439478,3.0,688.9825669841875,369.39304812834223,317.95605468036916,0.0,0.0,4.978609625668449,0.0,0.0,88.0,7.260974107741909,821.4730747119401,0.1282544941622363,100.0,1.0,5.371995511616574
74,2032,11,15,7.887265943744844E18,121.38359606590983,4.453959878092018E-4,1.0,27.24598966746009,3.0,793.9956904518226,368.54411764705884,291.50337560559586,0.0,0.0,4.8088235294117645,0.0,0.0,88.0,35.74193564044142,777.537750054527,0.15624121455967915,100.0,1.0,5.081858155605553
71,2033,2,24,6.50369789014244E18,156.94715319968,0.03106886937047636,0.0,25.809408483288763,0.0,292.8999999999962,246.15641711229947,407.79151746988964,0.0,0.0,6.731283422459893,0.0,0.0,101.80000000000143,748.2924110075658,1170.580272420196,0.04468814431963482,100.0,1.0,6.554311092110028
64,2033,2,25,5.156518253817723E18,155.05525685156414,0.03106886937047636,0.0,41.9172764404429,0.0,295.7999999999965,247.28877005347593,695.9530123287144,0.0,0.0,6.657754010695188,0.0,0.0,101.80000000000143,693.8698045255762,963.389313601755,0.04568125920672735,100.0,1.0,6.4753031141583515
76,2033,2,25,5.182538500345593E18,157.335956297795,0.03101191525074891,0.0,24.380307176175727,0.0,295.7999999999965,247.24197860962568,365.04345139256753,0.0,0.0,6.648395721925134,0.0,0.0,101.80000000000143,722.5398115708422,1130.6884847369754,0.045019076034949895,100.0,1.0,6.570547999926887
63,2033,2,26,3.212672331395627E18,153.28772803622113,0.03106886937047636,0.0,23.11744994302051,0.0,298.7000000000036,255.4639037433155,360.04693482914905,0.0,0.0,6.792780748663102,0.0,0.0,143.0,662.3526618243225,1195.3102382527672,0.04666101988784699,100.0,1.0,6.401488881253558
74,2033,2,28,7.887265943744844E18,165.24676386572818,0.0036848385982060274,0.0,24.622836850188648,0.0,304.49999999999994,258.8114973262032,360.06870932209716,0.0,0.0,6.862299465240642,0.0,0.0,143.0,765.654519180585,1100.5000942061847,0.04412459433156156,100.0,1.0,6.900913302724607
72,2033,2,28,3.00978221914696E18,166.72866734726233,0.0035585290584878504,0.0,22.908433948170185,0.0,304.49999999999994,258.3970588235294,348.56462931912733,0.0,0.0,6.779411764705882,0.0,0.0,143.0,780.7003352844229,1171.4512895528262,0.04373240988600943,100.0,1.0,6.9627994613993005
60,2033,3,1,3.5299406018237317E18,169.33421910518612,0.004398125922965051,0.0,31.25512734071622,0.0,307.3999999999961,259.93048128342247,538.9664845350661,0.0,0.0,6.786096256684492,0.0,0.0,143.0,827.7263626449977,1184.0067333589823,0.04346958816673055,100.0,1.0,7.071610589475626
68,2033,3,1,2.2093098651697398E18,166.55637747721636,0.002501131797530762,0.0,29.73707061891208,0.0,307.3999999999961,260.1844919786096,545.4611033742694,0.0,0.0,6.836898395721925,0.0,0.0,143.0,815.5316782365671,1287.483943933847,0.04419457770714465,100.0,1.0,6.955604419098246
67,2033,3,1,8.815097190336754E18,167.96132372643294,0.004398125922965051,1.0,31.09736778651622,1.0,307.3999999999961,258.76737967914437,498.72109199374853,0.0,0.0,6.553475935828877,0.0,0.0,143.0,735.3977631387537,1103.6569433636548,0.04382490327967646,100.0,1.0,7.014276746676838
79,2033,3,1,2.819594302524464E18,169.36961295668775,0.004398125922965051,0.0,30.70680971707171,0.0,307.3999999999961,259.7098930481283,543.0741952387548,0.0,0.0,6.741978609625669,0.0,0.0,143.0,805.1612324474848,1224.1838636419475,0.043460504151472054,100.0,1.0,7.073088681360456
78,2033,3,1,4.687141051879245E18,164.0336442651815,0.004398125922965051,0.0,17.615759340487674,0.0,307.3999999999961,260.1844919786096,243.7435807601306,0.0,0.0,6.836898395721925,0.0,0.0,143.0,684.6797306078951,1136.7775376347204,0.04487426222840926,100.0,1.0,6.850251897966259
77,2033,3,1,5.866154019238748E17,164.81061312191255,0.004355410333169456,0.0,-32.87899705937461,0.0,307.3999999999961,260.03743315508024,-418.16925124285433,0.0,0.0,6.807486631016043,0.0,0.0,143.0,748.4867437077401,1691.869334620685,0.04466271089952433,100.0,1.0,6.8826990974985796
70,2033,3,2,2.52771244661108E18,172.53183755880897,0.005080400755343248,0.0,6.712359424574996,0.0,310.2999999999961,260.22058823529414,107.18863525445212,0.0,0.0,6.544117647058823,0.0,0.0,143.0,710.7126134837602,1482.5373552799965,0.043066434688400754,100.0,1.0,7.205147169602373
69,2033,3,2,3.317868809496197E18,167.89444615763387,0.005080400755343248,1.0,28.672418869072967,1.0,310.2999999999961,262.0254010695187,472.7442546158184,0.0,0.0,6.9050802139037435,0.0,0.0,143.0,743.5035141464737,1174.6496265840735,0.04425596726957809,100.0,1.0,7.011483855043856
66,2033,3,2,6.646488575717851E18,168.43577930828408,0.0026084223987091733,0.0,25.290879246915768,0.0,310.2999999999961,261.2098930481283,378.5051665754381,0.0,0.0,6.741978609625669,0.0,0.0,143.0,695.5198516654062,1116.7036588989952,0.04411373369963526,100.0,1.0,7.034090610257315
65,2033,3,2,8.237168610376572E18,170.85090682704487,0.005080400755343248,0.0,15.947556365525404,0.0,310.2999999999961,260.44117647058823,219.97234835279286,0.0,0.0,6.588235294117647,0.0,0.0,143.0,766.9459265606048,1156.9713134797028,0.043490147356478805,100.0,1.0,7.134949381903398
75,2033,3,2,8.661686022710631E18,169.47005122701964,0.005080400755343248,0.0,9.639710567366656,0.0,310.2999999999961,262.620320855615,141.6172981497484,0.0,0.0,7.024064171122995,0.0,0.0,143.0,710.1622581634441,1323.0333481122025,0.043844508573037726,100.0,1.0,7.077283110223198
61,2033,3,3,1.9955042617296404E18,174.16753819979266,0.00579368808010227,0.0,30.192048491127778,0.0,313.20000000000397,261.4465240641711,499.41066999239723,0.0,0.0,6.489304812834225,0.0,0.0,143.0,820.4438443218941,1153.508723629364,0.04306068477670058,100.0,1.0,7.273456091656752
62,2033,3,4,2.853793568557007E18,176.43405937065117,0.006444950420099639,0.0,30.636508752745556,0.0,316.1000000000039,261.8168449197861,514.2039254466039,0.0,0.0,6.2633689839572195,0.0,0.0,143.0,694.1148706147658,1162.8534638329222,0.04290110330518847,100.0,1.0,7.368108874761147
73,2033,3,4,2.957751204712242E18,177.793617334909,0.006444950420099639,0.0,30.171222001005447,0.0,316.1000000000039,263.32085561497325,543.3238372693925,0.0,0.0,6.564171122994653,0.0,0.0,143.0,818.0604684398974,1255.9420688586779,0.04257304576550673,100.0,1.0,7.424885730306674
71,2033,7,8,6.50369789014244E18,130.38868692032872,1.0783203192220833E-4,1.0,29.346932944997896,4.0,316.3900532914386,231.11096256684493,384.34002139974314,0.0,0.0,5.822192513368984,0.0,0.0,101.90000000000008,417.5642911119162,923.6588221868552,0.05825024026548722,100.0,1.0,5.431566493965126
64,2033,7,8,5.156518253817723E18,137.99543619232844,6.75065136718048E-5,1.0,45.099070705499635,2.0,322.8957294292881,231.49197860962568,664.7355226425791,0.0,0.0,5.898395721925134,0.0,0.0,101.90000000000008,408.300115057967,808.3426712166622,0.056171030155942075,100.0,1.0,5.74843880435991
63,2033,7,9,3.212672331395627E18,129.47963136691138,7.69922849573662E-5,1.0,32.84996294974912,3.0,332.96457743233617,233.81417112299465,431.0871497631321,0.0,0.0,6.06283422459893,0.0,0.0,101.90000000000008,358.93236737520175,879.4091047198684,0.06173214822255581,100.0,1.0,5.393698211051029
76,2033,7,9,5.182538500345593E18,135.88290648542457,6.496123246926497E-5,0.0,29.340283100280246,0.0,326.9072133076406,233.44652406417111,378.4862623406501,0.0,0.0,5.989304812834225,0.0,0.0,101.90000000000008,387.77499921192504,910.0664540226901,0.05775299179350876,100.0,1.0,5.660437722022633
69,2033,7,10,3.317868809496197E18,137.47527919505774,7.229019202990003E-5,1.0,33.875707379664604,1.0,390.80767075029854,234.95320855614975,456.31128989763795,0.0,0.0,5.990641711229946,0.0,0.0,101.90000000000008,452.626807878433,889.2308679184673,0.06824224102008382,100.0,1.0,5.7267707640973144
67,2033,7,10,8.815097190336754E18,133.88882573937727,3.1012492380827115E-4,1.0,34.45121899408898,1.0,376.62264791946035,234.97994652406416,439.4647533389142,0.0,0.0,5.995989304812834,0.0,0.0,101.90000000000008,382.27571900000027,834.658986822106,0.06752691527586797,100.0,1.0,5.577370836219044
77,2033,7,10,5.866154019238748E17,137.54221545262538,7.578810454747586E-5,1.0,-13.248013610685398,2.0,374.6752120436414,235.80213903743316,-139.87145543932542,0.0,0.0,6.160427807486631,0.0,0.0,101.90000000000008,454.00516134812716,1200.1734986468641,0.06539337580151622,100.0,1.0,5.7295591097921905
72,2033,7,10,3.00978221914696E18,139.3979692803844,8.750703267727742E-5,0.0,29.515991893948094,0.0,363.2598556223669,234.9331550802139,374.6839618298743,0.0,0.0,5.9866310160427805,0.0,0.0,101.90000000000008,486.88758277749537,892.9850820821736,0.06255697935512697,100.0,1.0,5.806863748330829
60,2033,7,11,3.5299406018237317E18,138.97132234006887,9.870303112930331E-5,1.0,39.155322770278595,2.0,380.493140917873,236.10561497326202,552.7519145220786,0.0,0.0,5.921122994652406,0.0,0.0,101.90000000000008,419.63472891183267,857.739893082402,0.06572588664699963,100.0,1.0,5.7890910313834825
68,2033,7,11,2.2093098651697398E18,142.4201388005564,4.5115642101872416E-5,0.0,41.17273688824279,0.0,378.62565235776515,236.6403743315508,644.1173034241516,0.0,0.0,6.028074866310161,0.0,0.0,101.90000000000008,398.2030007338231,919.286497768355,0.06381950643104345,100.0,1.0,5.932757451937797
66,2033,7,11,6.646488575717851E18,139.6874509568269,8.62128666207804E-6,1.0,32.27787788787097,1.0,394.1009262989973,237.0548128342246,399.72209656269325,0.0,0.0,6.11096256684492,0.0,0.0,101.90000000000008,390.99997943996783,837.1832720789969,0.06772747341700747,100.0,1.0,5.818922608739042
79,2033,7,11,2.819594302524464E18,143.59614050477853,1.5871285762961672E-4,0.0,40.868212508827106,0.0,380.466960631282,236.225935828877,611.3908254828638,0.0,0.0,5.945187165775401,0.0,0.0,101.90000000000008,422.14302970833324,883.1879952059099,0.06360466841561917,100.0,1.0,5.981745838924176
78,2033,7,11,4.687141051879245E18,138.81443509924907,7.97236307990414E-5,1.0,23.946122449172353,2.0,377.09919013158446,236.39973262032086,279.5288615908616,0.0,0.0,5.979946524064171,0.0,0.0,101.90000000000008,444.8725627260097,885.8210077313313,0.06521324044219859,100.0,1.0,5.782555621750223
74,2033,7,11,7.887265943744844E18,138.2419881524432,6.783134816453878E-5,0.0,31.262734009322497,0.0,365.3756681790015,237.17513368983958,381.5386720914002,0.0,0.0,6.135026737967914,0.0,0.0,101.90000000000008,445.1689790449229,837.2842373950024,0.06344749244579055,100.0,1.0,5.75870935311081
61,2033,7,12,1.9955042617296404E18,141.59797138080512,2.4078022034803662E-4,1.0,40.09316571003151,1.0,418.70938849847676,238.24064171122996,537.8982659978034,0.0,0.0,6.048128342245989,0.0,0.0,101.90000000000008,299.41354799541455,802.5593114374733,0.07098563615356347,100.0,1.0,5.898508644659904
65,2033,7,12,8.237168610376572E18,138.98424608918432,3.1012492380827115E-4,1.0,25.094473255438064,1.0,398.96285909554894,238.50133689839572,280.81300477889505,0.0,0.0,6.100267379679145,0.0,0.0,101.90000000000008,380.3648251378923,836.5030502753617,0.06890991323390565,100.0,1.0,5.789629392527631
75,2033,7,12,8.661686022710631E18,139.33765445962788,6.3213396618074E-5,1.0,19.931080190583202,2.0,397.82708856238827,239.08957219251337,239.90202776705328,0.0,0.0,6.217914438502674,0.0,0.0,101.90000000000008,389.82329518243694,961.3141236602974,0.0685394582090041,100.0,1.0,5.804351230049923
62,2033,7,13,2.853793568557007E18,142.21320828243796,6.485255621252012E-5,1.0,39.551054329822264,2.0,442.52899519786826,239.93449197860963,533.790229357368,0.0,0.0,6.086898395721925,0.0,0.0,101.90000000000008,289.5651205751276,814.6043961286166,0.07469931318229607,100.0,1.0,5.924137402949359
70,2033,7,13,2.52771244661108E18,138.41633353496763,1.442441506084982E-4,1.0,21.300287182992605,3.0,403.48462431386923,240.1951871657754,271.56982150935477,0.0,0.0,6.13903743315508,0.0,0.0,101.90000000000008,327.58869003775163,1000.6200938642883,0.06997686140061297,100.0,1.0,5.765972011861836
73,2033,7,13,2.957751204712242E18,143.1210887095816,6.100018170894397E-5,1.0,38.474187748954094,2.0,443.807491262813,240.21524064171123,556.3806982157365,0.0,0.0,6.143048128342246,0.0,0.0,101.90000000000008,391.0603383876216,888.3749350474759,0.0744399047272555,100.0,1.0,5.961956733944032
71,2033,11,13,6.50369789014244E18,128.68117308980618,7.696643144082784E-4,1.0,35.903137883583526,1.0,568.3836527603354,351.3048128342246,462.6645957046619,0.0,0.0,5.86096256684492,0.0,0.0,88.0,40.57130307894211,824.9756678581805,0.10629902714625308,100.0,1.0,5.3470259137773315
69,2033,11,13,3.317868809496197E18,124.34145454203946,3.1012492380827115E-4,1.0,31.18922983266517,2.0,663.3170649939844,362.7967914438503,379.0177331458589,0.0,0.0,5.759358288770054,0.0,0.0,88.0,7.3174735393258965,834.9320759154592,0.12838312700899748,100.0,1.0,5.1666997092810885
67,2033,11,13,8.815097190336754E18,121.56959615353196,1.559984526198547E-4,1.0,27.167032175841914,2.0,653.1368530292606,357.13101604278074,313.9733951854802,0.0,0.0,5.82620320855615,0.0,0.0,88.0,0.0,840.0226961373027,0.1292950617453965,100.0,1.0,5.051522031950422
66,2033,11,13,6.646488575717851E18,118.79675177120846,1.0201477756851023E-4,1.0,25.349385071111403,4.0,717.5276524420199,355.3729946524064,266.24382876162707,0.0,0.0,5.474598930481283,0.0,0.0,88.0,25.073429689673187,783.0466615205738,0.145357283904619,100.0,1.0,4.9363033841004444
65,2033,11,13,8.237168610376572E18,113.2648470133921,9.37499769674338E-5,1.0,13.772589723822362,3.0,768.819811644778,363.451871657754,125.46003135575606,0.0,0.0,5.890374331550802,0.0,0.0,88.0,0.0,782.815668354641,0.16335489239162995,100.0,1.0,4.706438848501676
64,2033,11,13,5.156518253817723E18,128.73164930965137,3.1012492380827115E-4,0.0,42.09551927168501,0.0,585.2865564165186,357.3181818181818,577.435856630961,0.0,0.0,5.863636363636363,0.0,0.0,88.0,21.718097301349278,793.3149155606541,0.10941728589615386,100.0,1.0,5.349123327478662
78,2033,11,13,4.687141051879245E18,118.21861528823453,7.266282188572424E-5,1.0,13.572231845148579,3.0,714.7382581901678,357.13101604278074,134.76823193610986,0.0,0.0,5.82620320855615,0.0,0.0,88.0,5.366374876702253,855.1963531988116,0.14550029835882394,100.0,1.0,4.912280361291934
77,2033,11,13,5.866154019238748E17,121.18301824876427,8.760591068030257E-5,1.0,16.045592069295562,3.0,663.5141732402848,356.629679144385,149.8296742653089,0.0,0.0,5.725935828877005,0.0,0.0,88.0,5.086045532135359,782.0233877068944,0.1317683663583472,100.0,1.0,5.035458749149566
74,2033,11,13,7.887265943744844E18,119.51563701590393,8.855651736386951E-6,1.0,23.37083900362065,2.0,712.9046637001143,358.0534759358289,246.0729328616732,0.0,0.0,6.010695187165775,0.0,0.0,88.0,29.372646952910234,805.0111442594381,0.1435520661586801,100.0,1.0,4.966174871437107
62,2033,11,14,2.853793568557007E18,115.79245247509438,1.0413865809545705E-4,1.0,27.892632239808062,2.0,844.5873892007437,358.2299465240642,305.7848667989383,0.0,0.0,5.745989304812834,0.0,0.0,88.0,9.73663067561549,789.3545731482074,0.17553634962344658,100.0,1.0,4.8114672033030095
60,2033,11,14,3.5299406018237317E18,122.41660511011588,7.376901137209115E-5,1.0,34.504345977166516,2.0,718.178052894804,363.78208556149735,427.9903167383148,0.0,0.0,5.656417112299465,0.0,0.0,88.0,1.185372716323402,811.3706045203841,0.14118693826724177,100.0,1.0,5.086717381287926
79,2033,11,14,2.819594302524464E18,123.48209029842246,7.696643144082784E-4,0.0,36.03332028403929,0.0,732.4963856944552,364.63101604278074,462.28765454775265,0.0,0.0,5.82620320855615,0.0,0.0,88.0,26.560761014898254,819.7244259607401,0.14275924289146066,100.0,1.0,5.130990966738102
73,2033,11,14,2.957751204712242E18,120.18381023669076,1.4532564377144847E-4,0.0,33.853712406150784,0.0,848.108708296482,358.2032085561497,410.02806158105216,0.0,0.0,5.740641711229946,0.0,0.0,88.0,0.0,800.148737164497,0.16982760169120137,100.0,1.0,4.993939146821395
63,2033,11,15,3.212672331395627E18,126.46111620808948,1.7299932060516418E-4,1.0,34.54380859932359,4.0,607.4116264815063,370.05882352941177,441.31796422206406,0.0,0.0,5.411764705882353,0.0,0.0,88.0,30.407961860208157,835.4248705149342,0.11559227525504505,100.0,1.0,5.25477697485668
61,2033,11,15,1.9955042617296404E18,120.44558853785686,1.4532564377144847E-4,1.0,28.016089947160772,2.0,783.8249401919838,365.1016042780749,318.9985620482548,0.0,0.0,5.620320855614973,0.0,0.0,88.0,0.0,818.3642636273918,0.15661411562587949,100.0,1.0,5.004816692668932
70,2033,11,15,2.52771244661108E18,121.21584062740462,2.2635215134594183E-4,1.0,22.985490279074508,1.0,832.4712889384468,365.85695187165777,255.86472587432775,0.0,0.0,5.771390374331551,0.0,0.0,88.0,11.552823705563341,855.4474528634557,0.1652770714428098,100.0,1.0,5.036822601412705
68,2033,11,15,2.2093098651697398E18,124.84077796673148,1.3413707777174355E-4,1.0,36.87066579369428,1.0,731.8433616837318,364.27272727272725,504.3092174720021,0.0,0.0,5.454545454545454,0.0,0.0,88.0,26.16025492822307,862.6901509258997,0.14107965662922875,100.0,1.0,5.187447851585635
76,2033,11,15,5.182538500345593E18,128.51983478766212,8.519915489238216E-5,1.0,31.007225314242334,2.0,623.0924849758129,364.653743315508,377.30923858116194,0.0,0.0,5.530748663101604,0.0,0.0,88.0,15.231538182128663,838.3717089327059,0.11667695251228626,100.0,1.0,5.340321902135731
75,2033,11,15,8.661686022710631E18,121.2649645810046,3.1012492380827115E-4,1.0,20.402963928137762,3.0,775.859890211283,367.2914438502674,213.00762894313314,0.0,0.0,4.858288770053476,0.0,0.0,88.0,0.0,829.7901569943447,0.15397516526510732,100.0,1.0,5.038863825055445
72,2033,11,15,3.00978221914696E18,127.13860353354059,1.1676897096626907E-4,1.0,29.48464299886837,1.0,674.6577796312866,363.49064171122996,340.42215487418974,0.0,0.0,5.298128342245989,0.0,0.0,88.0,29.168688097346262,812.8690062876873,0.1277052696067459,100.0,1.0,5.282928274681379
77,2034,2,24,5.866154019238748E17,153.3086506462994,0.031782156695235375,0.0,-34.432617770900194,0.0,290.00000000000006,244.00802139037432,-389.154776499566,0.0,0.0,6.601604278074866,0.0,0.0,102.09999999999995,714.5299827662528,1521.1173421422484,0.045637460104311516,100.0,1.0,6.354429000587674
69,2034,2,25,3.317868809496197E18,151.32683684955114,0.031782156695235375,0.0,32.1814623534131,0.0,292.8999999999962,245.975935828877,475.6532887344205,0.0,0.0,6.695187165775401,0.0,0.0,102.09999999999995,661.8693702288446,1000.8638362087522,0.04669749099967618,100.0,1.0,6.272285592432093
67,2034,2,25,8.815097190336754E18,148.4623757112667,0.025280921237030993,0.0,32.956630708955046,0.0,292.8999999999962,246.1898395721925,465.7788105084124,0.0,0.0,6.737967914438503,0.0,0.0,102.09999999999995,600.0096929650921,946.1528311387684,0.04759848121745431,100.0,1.0,6.153557687311043
79,2034,2,25,2.819594302524464E18,149.86081413884847,0.031782156695235375,1.0,27.170063804281185,1.0,292.8999999999962,246.02272727272728,404.2828037612763,0.0,0.0,6.704545454545454,0.0,0.0,102.09999999999995,627.5232332548479,1081.6772804859456,0.04715431210218894,100.0,1.0,6.2115210028988965
74,2034,2,26,7.887265943744844E18,154.46398130627622,0.031782156695235375,0.0,24.6811746297763,0.0,295.7999999999965,248.15106951871658,347.5220143003745,0.0,0.0,6.830213903743315,0.0,0.0,102.09999999999995,703.1389231908835,1058.9117222412888,0.046202031798701124,100.0,1.0,6.402315839458652
61,2034,2,28,1.9955042617296404E18,165.40119744681726,0.005142425740104902,0.0,28.60119492863103,0.0,301.60000000000383,256.7232620320856,469.1253269509126,0.0,0.0,6.744652406417113,0.0,0.0,143.0,756.5882340608665,1169.6220178726398,0.04399292288652694,100.0,1.0,6.855648140905191
63,2034,3,1,3.212672331395627E18,164.24964984847534,0.005677501787007005,1.0,25.66828723711825,1.0,304.49999999999994,259.13235294117646,442.8790586320795,0.0,0.0,6.926470588235294,0.0,0.0,143.0,758.9165521857034,1280.6022623351291,0.04472733004709245,100.0,1.0,6.807918104644261
62,2034,3,1,2.853793568557007E18,161.04586083615106,0.005855713064863924,0.0,18.829234008510795,0.0,304.49999999999994,258.9585561497326,294.0662422739784,0.0,0.0,6.891711229946524,0.0,0.0,143.0,746.643313355902,1265.327502942522,0.04561711962511369,100.0,1.0,6.675125534062939
71,2034,3,1,6.50369789014244E18,166.32034422367425,0.005855713064863924,0.0,17.850287635465214,0.0,304.49999999999994,258.1363636363636,289.91468485923895,0.0,0.0,6.7272727272727275,0.0,0.0,143.0,820.6926721911852,1331.538872303361,0.04417047315037015,100.0,1.0,6.893745488380585
66,2034,3,1,6.646488575717851E18,164.5180819542951,0.005855713064863924,0.0,17.070341269784578,0.0,304.49999999999994,258.8181818181818,252.35173446899387,0.0,0.0,6.863636363636363,0.0,0.0,143.0,774.5982849100712,1222.9587005756593,0.0446543517382669,100.0,1.0,6.819044239736578
76,2034,3,1,5.182538500345593E18,163.4538354050403,0.002929854604272186,0.0,17.366232474562207,0.0,304.49999999999994,257.6149732620321,278.49584061987395,0.0,0.0,6.622994652406417,0.0,0.0,143.0,802.3778395986131,1322.6008593613763,0.04494509584732321,100.0,1.0,6.7749327097749426
73,2034,3,1,2.957751204712242E18,163.06146098081967,0.005855713064863924,0.0,27.016782582690116,0.0,304.49999999999994,258.9117647058824,451.51121774690773,0.0,0.0,6.882352941176471,0.0,0.0,143.0,702.9215344732073,1217.9716704737552,0.045053247129658955,100.0,1.0,6.758669339052921
72,2034,3,1,3.00978221914696E18,163.1194180339592,0.005855713064863924,0.0,16.66531793184402,0.0,304.49999999999994,258.63101604278074,241.4435422464148,0.0,0.0,6.82620320855615,0.0,0.0,143.0,786.9529062904862,1204.7990234064441,0.045037239511010865,100.0,1.0,6.761071577789635
68,2034,3,2,2.2093098651697398E18,168.68576254848514,0.006537987897242121,0.0,36.76108553885384,0.0,307.3999999999961,260.451871657754,729.902303375381,0.0,0.0,6.890374331550802,0.0,0.0,143.0,780.0267102717082,1254.4583441952436,0.04396585912836295,100.0,1.0,6.9917887673367085
65,2034,3,2,8.237168610376572E18,168.18153313521026,0.006537987897242121,0.0,12.146226687221677,0.0,307.3999999999961,259.56951871657753,166.1850964170998,0.0,0.0,6.713903743315508,0.0,0.0,143.0,764.1404695389658,1198.782962687085,0.044097674310084475,100.0,1.0,6.970889163869088
60,2034,3,3,3.5299406018237317E18,170.34254023020972,0.007220262729620319,0.0,37.003505284208124,0.0,310.2999999999961,260.548128342246,656.8043128265522,0.0,0.0,6.609625668449198,0.0,0.0,143.0,637.3608098629668,1117.2155684293043,0.04394897855418188,100.0,1.0,7.060459883440682
75,2034,3,3,8.661686022710631E18,175.06199842672734,0.007220262729620319,0.0,13.90278188435062,0.0,310.2999999999961,259.4251336898396,212.14130885652074,0.0,0.0,6.385026737967914,0.0,0.0,143.0,737.8992947650419,1310.313861171422,0.04276416763616341,100.0,1.0,7.25607482039687
70,2034,3,4,2.52771244661108E18,175.9188099307424,0.007902537561998511,0.0,5.029966335792866,0.0,313.20000000000397,258.74598930481284,84.26697770559171,0.0,0.0,5.949197860962567,0.0,0.0,143.0,696.475948301333,1581.8460820670798,0.04295360356685322,100.0,1.0,7.291588458056559
64,2034,3,4,5.156518253817723E18,172.11110457835434,0.007902537561998511,1.0,40.16732429641381,1.0,313.20000000000397,260.7379679144385,728.999266200392,0.0,0.0,6.347593582887701,0.0,0.0,143.0,745.6303989339051,1085.050041793393,0.04390388894562951,100.0,1.0,7.133764400412689
78,2034,3,4,4.687141051879245E18,175.43374627734346,0.0035122389164437833,0.0,23.02853684688934,0.0,313.20000000000397,260.8048128342246,341.9998182569405,0.0,0.0,6.36096256684492,0.0,0.0,143.0,639.1128928627595,1141.4540030973362,0.04307236767190649,100.0,1.0,7.271483248511677
67,2034,7,6,8.815097190336754E18,131.5555793332943,8.785408606466604E-5,0.0,32.32336964354647,0.0,313.56185492163263,228.94652406417111,403.8850803488642,0.0,0.0,5.989304812834225,0.0,0.0,102.19999999999857,395.7073985235521,844.1294159303843,0.05764889531836161,100.0,1.0,5.439165021116386
77,2034,7,7,5.866154019238748E17,135.13255990025212,9.224417721840304E-5,1.0,-10.77728687650556,2.0,311.4244558056006,229.99866310160428,-106.643706525949,0.0,0.0,5.899732620320855,0.0,0.0,102.19999999999857,390.0140561669632,1101.9081778184525,0.05574035706935779,100.0,1.0,5.587055271606796
69,2034,7,8,3.317868809496197E18,134.01844849730765,7.067568910853943E-5,1.0,35.630435206925306,1.0,320.578532191065,231.97326203208556,465.24040437280144,0.0,0.0,5.994652406417113,0.0,0.0,102.19999999999857,338.5402063897562,839.1278290702803,0.05785579776554741,100.0,1.0,5.540992339093914
79,2034,7,8,2.819594302524464E18,135.2681175661542,6.922431335006049E-5,1.0,34.76826144893143,1.0,319.9135347445205,231.77272727272728,465.6365411894661,0.0,0.0,5.954545454545454,0.0,0.0,102.19999999999857,345.06103830568463,872.2756024832548,0.05720239390553807,100.0,1.0,5.592659902884727
74,2034,7,8,7.887265943744844E18,132.48644892808218,6.237428073376333E-5,1.0,30.45373470813806,3.0,330.3700802982386,231.5788770053476,366.87486584287615,0.0,0.0,5.915775401069519,0.0,0.0,102.19999999999857,356.8684536762868,836.4325798002419,0.06031235482935441,100.0,1.0,5.477651821637138
76,2034,7,9,5.182538500345593E18,137.05520466180334,5.844796905546007E-5,1.0,27.60981899242112,2.0,370.519349501942,233.45320855614975,370.23882042241104,0.0,0.0,5.990641711229946,0.0,0.0,102.19999999999857,456.1675989882376,968.9168748432518,0.06538714822803125,100.0,1.0,5.666547013333448
73,2034,7,9,2.957751204712242E18,141.81266221405775,6.910091885211032E-5,0.0,35.14105154078577,0.0,370.2609539306663,232.9451871657754,509.40457562947574,0.0,0.0,5.88903743315508,0.0,0.0,102.19999999999857,473.87505211325526,938.896143323283,0.06314950372303982,100.0,1.0,5.863244081134056
62,2034,7,10,2.853793568557007E18,136.8182533233093,9.207984673642251E-5,1.0,34.182583233062516,3.0,371.9343556562891,235.36096256684493,452.15121799631805,0.0,0.0,6.072192513368984,0.0,0.0,102.19999999999857,330.3524152579485,869.3371840124488,0.0657505349356105,100.0,1.0,5.656750260975434
61,2034,7,10,1.9955042617296404E18,138.38454739172067,4.443050484359185E-5,1.0,36.47160711642362,2.0,362.16138017278473,235.3475935828877,499.24148512256886,0.0,0.0,6.06951871657754,0.0,0.0,102.19999999999857,403.52553997674306,868.4055953910052,0.06329823131450414,100.0,1.0,5.72150868439509
68,2034,7,10,2.2093098651697398E18,139.236693026902,1.571048246242508E-4,1.0,45.01336883023565,2.0,390.8726659261741,235.3342245989305,735.9359038576381,0.0,0.0,6.066844919786096,0.0,0.0,102.19999999999857,364.3985183140546,897.90201237113,0.0678982587826199,100.0,1.0,5.756740643049108
66,2034,7,10,6.646488575717851E18,141.48798652910264,3.9078241407292215E-5,0.0,29.619936973545528,0.0,374.05056610785846,234.94652406417111,375.42421643010675,0.0,0.0,5.989304812834225,0.0,0.0,102.19999999999857,422.1090507642945,890.1931817853907,0.06394223116415063,100.0,1.0,5.849820365942609
72,2034,7,10,3.00978221914696E18,142.45539712333073,5.077356316441897E-5,0.0,31.120311381060922,0.0,373.21053900598486,235.42780748663102,392.6015123968097,0.0,0.0,6.0855614973262036,0.0,0.0,102.19999999999857,398.8895569991811,867.2735430549785,0.06336537766065882,100.0,1.0,5.889817953972319
63,2034,7,11,3.212672331395627E18,135.76805777704465,1.442441506084982E-4,1.0,35.04557319145395,4.0,376.79187032303344,236.4933155080214,498.5811935677067,0.0,0.0,5.998663101604278,0.0,0.0,102.19999999999857,397.71754820120475,922.4801548461952,0.06712448316146369,100.0,1.0,5.613329929359522
60,2034,7,11,3.5299406018237317E18,135.21475289726988,8.419071663814506E-6,1.0,40.45949327666338,2.0,411.12168641854294,236.88101604278074,568.8124692990847,0.0,0.0,6.07620320855615,0.0,0.0,102.19999999999857,333.2807032095171,835.8518005033033,0.07353995224484762,100.0,1.0,5.590453540814573
71,2034,7,11,6.50369789014244E18,143.3222133047819,3.1012492380827115E-4,0.0,33.4466224011659,0.0,378.0387222065817,236.29946524064172,466.68731227701016,0.0,0.0,5.959893048128342,0.0,0.0,102.19999999999857,398.26420402136995,927.065441146652,0.06379693530252437,100.0,1.0,5.925656466316544
70,2034,7,11,2.52771244661108E18,142.58294211220385,3.1012492380827115E-4,0.0,11.429129353081283,0.0,435.500764469954,236.9879679144385,154.62401890296397,0.0,0.0,6.097593582887701,0.0,0.0,102.19999999999857,454.09781592743127,1192.3922947419271,0.07387515175303494,100.0,1.0,5.895091301143252
64,2034,7,11,5.156518253817723E18,137.81710392315654,4.01196537914969E-5,1.0,44.02020649359802,1.0,431.21738455902187,237.14171122994654,638.3615112276995,0.0,0.0,6.128342245989304,0.0,0.0,102.19999999999857,376.09628699999473,810.598528958129,0.07567809266305824,100.0,1.0,5.698047735940335
65,2034,7,12,8.237168610376572E18,139.8022904581431,5.9251991556796135E-5,1.0,25.15350517048406,2.0,396.26359835129733,237.95989304812835,285.25905358212594,0.0,0.0,5.991978609625669,0.0,0.0,102.19999999999857,362.7022676841006,846.5458254999767,0.06855623019228327,100.0,1.0,5.780125267096454
78,2034,7,12,4.687141051879245E18,140.24436485486785,6.329080077719817E-5,0.0,27.195481030505253,0.0,437.8676151094266,237.9933155080214,322.19893502385213,0.0,0.0,5.998663101604278,0.0,0.0,102.19999999999857,320.88331486356856,860.7320495373882,0.07551521131273667,100.0,1.0,5.798402831663324
75,2034,7,14,8.661686022710631E18,144.40246389400355,1.39319372779996E-4,1.0,25.52805564097815,1.0,424.57152230267604,242.97192513368984,320.32707267604866,0.0,0.0,6.394385026737968,0.0,0.0,102.19999999999857,335.4374326340549,932.353460277246,0.07111370299971832,100.0,1.0,5.970319423590665
66,2034,11,12,6.646488575717851E18,124.41121272520854,1.6941311158671002E-4,1.0,28.369890650824424,1.0,669.9890663905595,354.6149732620321,315.3206741293618,0.0,0.0,5.622994652406417,0.0,0.0,88.0,10.218793453575877,794.7636852865511,0.1305784887559668,100.0,1.0,5.130929855090272
62,2034,11,13,2.853793568557007E18,122.43242948158071,7.696643144082784E-4,1.0,26.944899535688197,2.0,659.6992620173224,356.9572192513369,318.16202693774056,0.0,0.0,5.791443850267379,0.0,0.0,88.0,94.78627938038602,861.423327589537,0.1306510717913059,100.0,1.0,5.0493214710942915
70,2034,11,13,2.52771244661108E18,117.62854717233598,8.384927372742954E-6,1.0,23.52391374131005,2.0,724.570148781459,355.66711229946526,261.19246016305834,0.0,0.0,5.533422459893048,0.0,0.0,88.0,0.0,847.2970989803053,0.14935891521953545,100.0,1.0,4.851201200252749
78,2034,11,13,4.687141051879245E18,118.18972912112805,3.1012492380827115E-4,1.0,12.11268932064683,2.0,771.0744730119633,357.59893048128345,120.85448900723492,0.0,0.0,5.919786096256685,0.0,0.0,88.0,21.35012502364543,873.5597056162453,0.15819036730854863,100.0,1.0,4.874345297574224
76,2034,11,13,5.182538500345593E18,123.84792247121158,1.9684427226115782E-4,1.0,29.4473796432577,4.0,618.7944566922986,355.67379679144386,355.7835687561363,0.0,0.0,5.53475935828877,0.0,0.0,88.0,33.10078964532904,851.3014394349742,0.12114936295029642,100.0,1.0,5.107698807678993
74,2034,11,13,7.887265943744844E18,132.5761496705597,3.1012492380827115E-4,0.0,34.32292626271954,0.0,571.5782845159375,355.18582887700535,412.53574262103916,0.0,0.0,5.43716577540107,0.0,0.0,88.0,7.66344588014423,788.5780008399366,0.10453789836402853,100.0,1.0,5.467665731384337
73,2034,11,13,2.957751204712242E18,127.12512716173418,1.4875311472948113E-4,1.0,37.74485926149889,1.0,630.7707911992771,356.629679144385,489.11685760847274,0.0,0.0,5.725935828877005,0.0,0.0,88.0,4.142452711103933,805.9396745680335,0.12031052450080533,100.0,1.0,5.242856298868973
72,2034,11,13,3.00978221914696E18,123.44797532750785,1.0010488179737613E-4,0.0,26.32619029349012,0.0,675.5639720010765,358.16042780748666,287.2295089539007,0.0,0.0,6.032085561497326,0.0,0.0,88.0,0.0,801.8162577680486,0.13269237122803743,100.0,1.0,5.091204307744953
63,2034,11,14,3.212672331395627E18,119.59095529337758,9.015259413031138E-5,1.0,32.12202546425827,2.0,705.9551608055152,365.68048128342247,401.53296293530093,0.0,0.0,6.036096256684492,0.0,0.0,88.0,10.255544341712037,847.0780096776583,0.14313380892381206,100.0,1.0,4.932134246363026
61,2034,11,14,1.9955042617296404E18,123.50128129326794,1.8956291186324631E-4,1.0,33.188611609981294,2.0,667.101496075746,357.26069518716577,404.51065169402614,0.0,0.0,5.552139037433155,0.0,0.0,88.0,6.559149741028686,812.9964371746147,0.13097363994258712,100.0,1.0,5.09340273636873
71,2034,11,14,6.50369789014244E18,122.19888918152549,3.1012492380827115E-4,1.0,30.01948125080341,2.0,729.7486353680232,364.56417112299465,356.1527222876166,0.0,0.0,5.81283422459893,0.0,0.0,88.0,5.577312549624389,829.2149539721688,0.14480030594586857,100.0,1.0,5.039689872208066
69,2034,11,14,3.317868809496197E18,124.45022259269615,1.350718309269473E-4,1.0,30.134112808947773,6.0,577.8180460392175,362.9264705882353,364.4316028602432,0.0,0.0,5.485294117647059,0.0,0.0,88.0,0.0,843.7852673804998,0.11257938441918543,100.0,1.0,5.132538688324428
68,2034,11,14,2.2093098651697398E18,124.09956295650645,1.1384909097219939E-4,1.0,40.22013138756224,1.0,669.5226903789453,364.7847593582888,584.6057064418325,0.0,0.0,5.856951871657754,0.0,0.0,88.0,0.0,867.9711244189489,0.13081528568323914,100.0,1.0,5.118076888966567
67,2034,11,14,8.815097190336754E18,134.38154168591905,1.3483692339490044E-4,0.0,31.033252712915587,0.0,512.718564019212,364.1096256684492,395.02199963555546,0.0,0.0,5.721925133689839,0.0,0.0,88.0,12.775719342862443,876.6162067859196,0.09251302228790227,100.0,1.0,5.542123166440526
79,2034,11,14,2.819594302524464E18,133.16837471366767,3.1012492380827115E-4,0.0,38.625941986380155,0.0,580.5577653527026,363.26069518716577,507.7796166295523,0.0,0.0,5.552139037433155,0.0,0.0,88.0,13.100510045983205,806.0735703613539,0.10570798273917933,100.0,1.0,5.492090098674508
77,2034,11,14,5.866154019238748E17,128.03452379406738,1.615233978168079E-4,1.0,14.938444958540021,3.0,547.7740617619336,365.11898395721926,140.85652770549748,0.0,0.0,5.92379679144385,0.0,0.0,88.0,4.989939060935168,799.7742345208247,0.10373798765953703,100.0,1.0,5.280361361545793
75,2034,11,14,8.661686022710631E18,116.31306471074693,1.0228394584705512E-4,0.0,15.559904807326886,0.0,920.464365074537,358.7379679144385,156.99961719651273,0.0,0.0,5.847593582887701,0.0,0.0,88.0,2.672996755326539,849.4865583120554,0.19188539782114106,100.0,1.0,4.796948467816786
60,2034,11,15,3.5299406018237317E18,123.57654234676238,3.1012492380827115E-4,1.0,36.002906489258564,1.0,707.1072327450906,365.1417112299465,461.3694652693085,0.0,0.0,5.628342245989304,0.0,0.0,88.0,0.0,819.1850929398393,0.13874351277511157,100.0,1.0,5.096506630124292
65,2034,11,15,8.237168610376572E18,122.69850929470476,9.727883431878017E-5,0.0,19.53523944022862,0.0,775.2875685819574,364.04545454545456,193.87290201660872,0.0,0.0,5.409090909090909,0.0,0.0,88.0,33.34813037427345,796.9822037061658,0.15320995321137845,100.0,1.0,5.060295054801825
64,2034,11,15,5.156518253817723E18,124.00091715165006,2.057854145219678E-4,1.0,37.297744437848806,2.0,715.3892007475043,366.5053475935829,485.4206301091846,0.0,0.0,5.901069518716578,0.0,0.0,88.0,25.23621675133227,815.0237333045039,0.139888150594616,100.0,1.0,5.114008568321426
71,2035,2,23,6.50369789014244E18,150.44574914160478,0.02458051741300637,0.0,18.34255589870116,0.0,287.1000000000037,242.92245989304814,262.7118998842063,0.0,0.0,6.684491978609626,0.0,0.0,102.40000000000003,739.5076776576452,1166.9368709865298,0.04638767803062767,100.0,1.0,6.189143587019912
68,2035,2,24,2.2093098651697398E18,149.52208068071397,0.032495444019994414,0.0,40.81617935066459,0.0,290.00000000000006,244.29545454545453,719.4231158621313,0.0,0.0,6.659090909090909,0.0,0.0,102.40000000000003,587.1917760255885,1042.1561043034123,0.04714569354644142,100.0,1.0,6.15114506088095
73,2035,2,24,2.957751204712242E18,151.2008663980976,0.032495444019994414,1.0,31.10360798038139,1.0,290.00000000000006,243.80748663101605,496.1939177824338,0.0,0.0,6.561497326203209,0.0,0.0,102.40000000000003,656.2743436033944,1097.4960960594997,0.046622234132171245,100.0,1.0,6.220208134553728
66,2035,2,26,6.646488575717851E18,155.4693649566827,0.032495444019994414,1.0,34.54143245973529,1.0,295.7999999999965,247.3355614973262,490.1144280718038,0.0,0.0,6.6671122994652405,0.0,0.0,102.40000000000003,473.39229523902225,927.5935837185826,0.04624903845260146,100.0,1.0,6.395808645906194
60,2035,2,27,3.5299406018237317E18,164.68010497424982,0.005235463217247381,0.0,25.422697483684146,0.0,298.7000000000036,253.80614973262033,452.0787029992586,0.0,0.0,6.461229946524064,0.0,0.0,143.0,878.6236000368276,1324.4693155013479,0.04409034024577929,100.0,1.0,6.774726580355609
63,2035,2,28,3.212672331395627E18,160.61704712786823,0.0043485018581918165,0.0,23.745664496510035,0.0,301.60000000000383,257.4986631016043,395.2715477719469,0.0,0.0,6.899732620320855,0.0,0.0,143.0,675.2650372128121,1267.497377771342,0.0456445639679256,100.0,1.0,6.607577634259753
70,2035,2,28,2.52771244661108E18,162.62546009578492,0.005948750542006409,0.0,-1.2232936031173978,0.0,301.60000000000383,257.07085561497325,-17.70980527752205,0.0,0.0,6.814171122994653,0.0,0.0,143.0,671.1358365701753,1509.3237645204574,0.0450808568206309,100.0,1.0,6.690201146797613
77,2035,2,28,5.866154019238748E17,163.50179338585758,0.005948750542006409,0.0,-60.67555197885147,0.0,301.60000000000383,257.08422459893046,-718.8746585524194,0.0,0.0,6.816844919786096,0.0,0.0,143.0,753.3094705633087,1904.820677290888,0.044839233442936846,100.0,1.0,6.726252365215499
69,2035,3,1,3.317868809496197E18,164.44614572783786,0.002587139737363148,0.0,26.41456588845611,0.0,304.49999999999994,258.1898395721925,404.5046440677032,0.0,0.0,6.737967914438503,0.0,0.0,143.0,678.2974989219681,1125.3367937903727,0.045010409159478466,100.0,1.0,6.7651017994773595
67,2035,3,1,8.815097190336754E18,164.46205796404,0.004368264410003032,0.0,25.888443238783932,0.0,304.49999999999994,258.71791443850265,395.8732017328951,0.0,0.0,6.843582887700535,0.0,0.0,143.0,740.1376319609246,1131.6711287137969,0.0450060542567674,100.0,1.0,6.76575640829952
64,2035,3,1,5.156518253817723E18,163.43176446505328,0.00625568431545717,1.0,33.68425598619678,1.0,304.49999999999994,258.8917112299465,575.2213389496811,0.0,0.0,6.878342245989304,0.0,0.0,143.0,694.1327690880142,1131.0883674838917,0.04528977783564177,100.0,1.0,6.7233714659639405
79,2035,3,1,2.819594302524464E18,169.74591182380152,0.006631025374384602,0.0,29.54884295608312,0.0,304.49999999999994,258.2299465240642,514.4354242220911,0.0,0.0,6.745989304812834,0.0,0.0,143.0,714.3950351555396,1225.1854634204565,0.043605104973558045,100.0,1.0,6.983127323845396
78,2035,3,1,4.687141051879245E18,165.81617376708056,0.006631025374384602,0.0,13.624967788682392,0.0,304.49999999999994,258.951871657754,189.4813570415172,0.0,0.0,6.890374331550802,0.0,0.0,143.0,688.6467214984577,1198.0424110132985,0.044638518280529095,100.0,1.0,6.821462981508059
74,2035,3,1,7.887265943744844E18,167.02536974733752,0.006631025374384602,0.0,19.98725760515213,0.0,304.49999999999994,258.3970588235294,306.3044863277847,0.0,0.0,6.779411764705882,0.0,0.0,143.0,783.3189934480886,1224.041668160459,0.044315353500525304,100.0,1.0,6.871207740594702
72,2035,3,1,3.00978221914696E18,164.71835524710585,0.006631025374384602,0.0,15.967144808384017,0.0,304.49999999999994,258.8248663101604,242.22236163422932,0.0,0.0,6.864973262032086,0.0,0.0,143.0,745.3952062606556,1271.7766823923298,0.04493602605978702,100.0,1.0,6.776300147121714
62,2035,3,2,2.853793568557007E18,168.72049953043057,0.007344312699143625,0.0,15.937419306270918,0.0,307.3999999999961,256.5614973262032,252.50401811877782,0.0,0.0,6.112299465240642,0.0,0.0,143.0,766.2533304440495,1328.8022891781907,0.04428792912922473,100.0,1.0,6.940943187997222
76,2035,3,2,5.182538500345593E18,169.22387272872777,0.007344312699143625,0.0,7.234583031893022,0.0,307.3999999999961,258.4197860962567,119.07494580203881,0.0,0.0,6.483957219251337,0.0,0.0,143.0,779.4407778744386,1520.556417054637,0.044156190290181155,100.0,1.0,6.961651310492506
61,2035,3,3,1.9955042617296404E18,172.38359188082234,0.007995575039140992,1.0,31.0128565887357,1.0,310.2999999999961,260.0200534759358,513.833879249702,0.0,0.0,6.504010695187166,0.0,0.0,143.0,664.0134671482957,1141.4208985757464,0.04375575810607197,100.0,1.0,7.0916380707602436
75,2035,3,3,8.661686022710631E18,173.1815331435291,0.007932118094385907,0.0,2.89452529693195,0.0,310.2999999999961,261.677807486631,40.915451881512574,0.0,0.0,6.8355614973262036,0.0,0.0,143.0,706.4961663185999,1356.624063770997,0.04355415159387583,100.0,1.0,7.124464342536466
65,2035,3,4,8.237168610376572E18,177.6508443560925,0.008646837379138362,0.0,15.210025655263552,0.0,313.20000000000397,261.66711229946526,216.65022000702123,0.0,0.0,6.533422459893048,0.0,0.0,143.0,651.8128207944133,1205.0673333374082,0.04285523098598308,100.0,1.0,7.308326026814421
71,2035,7,8,6.50369789014244E18,136.02774046036095,5.7366800556468955E-5,1.0,31.256852323753424,1.0,306.5142198820279,231.18449197860963,403.53449873645775,0.0,0.0,5.836898395721925,0.0,0.0,102.49999999999999,350.83755355059975,885.8768566268699,0.05491082054417593,100.0,1.0,5.5820367797169625
66,2035,7,8,6.646488575717851E18,133.9925194513672,7.016400991137356E-5,1.0,30.50190233483199,3.0,330.5391934788978,231.76604278074868,372.20330511197045,0.0,0.0,5.9532085561497325,0.0,0.0,102.49999999999999,378.6804118306293,846.6097423073443,0.060114217770730206,100.0,1.0,5.498519414151611
70,2035,7,9,2.52771244661108E18,135.6690495484773,5.0476061817752464E-5,1.0,12.113962118662371,1.0,357.40035157902395,233.11898395721926,151.0014871434246,0.0,0.0,5.92379679144385,0.0,0.0,102.49999999999999,395.5441753486726,1090.259928716986,0.06419615002307066,100.0,1.0,5.567317533069853
68,2035,7,9,2.2093098651697398E18,134.37620545493672,2.59301775759424E-4,1.0,41.369819056719436,3.0,315.3961724620151,233.68716577540107,653.7635096546218,0.0,0.0,6.037433155080214,0.0,0.0,102.49999999999999,391.1473627657396,925.4243349868086,0.05719641857575996,100.0,1.0,5.514264359826213
64,2035,7,9,5.156518253817723E18,136.8623456243665,5.1635851449928585E-5,1.0,39.606413390616765,2.0,370.0451920227877,233.25935828877004,564.9498734432956,0.0,0.0,5.951871657754011,0.0,0.0,102.49999999999999,422.4777289842022,860.3949510655826,0.06588788657592218,100.0,1.0,5.616285652088524
78,2035,7,9,4.687141051879245E18,136.2526014611489,7.205504735322282E-5,1.0,22.522248434877586,1.0,371.492782182831,233.46657754010695,256.6677385953447,0.0,0.0,5.99331550802139,0.0,0.0,102.49999999999999,332.6923341347138,880.6267045331393,0.06644164364980666,100.0,1.0,5.591264179749292
73,2035,7,9,2.957751204712242E18,134.55741967406618,5.304908036405595E-5,1.0,39.04212292227003,2.0,315.9688352535959,233.4933155080214,552.8578145240778,0.0,0.0,5.998663101604278,0.0,0.0,102.49999999999999,315.7710342220375,861.8664240298642,0.057223101024769275,100.0,1.0,5.521700669749222
63,2035,7,10,3.212672331395627E18,137.88645965884356,1.1937064041888805E-4,1.0,32.34668642146363,2.0,359.2081831660119,235.18048128342247,461.0539011622642,0.0,0.0,6.036096256684492,0.0,0.0,102.49999999999999,425.8800615283021,962.8361502613753,0.06348328495739068,100.0,1.0,5.658311213843277
62,2035,7,10,2.853793568557007E18,140.94465818741207,5.1584318664050435E-5,0.0,24.72229992544475,0.0,390.32801044082623,234.01069518716577,326.282638267728,0.0,0.0,5.802139037433155,0.0,0.0,102.49999999999999,463.22745144712735,991.4015780052468,0.06748634186570551,100.0,1.0,5.78380750311759
60,2035,7,10,3.5299406018237317E18,139.75721955623132,5.506479471027542E-5,0.0,39.00858426929686,0.0,350.4386301373964,234.94652406417111,587.14302480433,0.0,0.0,5.989304812834225,0.0,0.0,102.49999999999999,407.0809822223397,916.7766456794196,0.061104404017887415,100.0,1.0,5.73507975030426
69,2035,7,10,3.317868809496197E18,141.05226395121815,3.1807684493156006E-5,0.0,33.55848610806526,0.0,373.56719638826934,235.2673796791444,439.74384701076775,0.0,0.0,6.053475935828877,0.0,0.0,102.49999999999999,403.74643197048414,869.1889656194513,0.0645391828376684,100.0,1.0,5.788223215157231
67,2035,7,10,8.815097190336754E18,137.81293020022736,5.365483110869742E-5,1.0,32.13747317812869,2.0,373.583100183378,234.91978609625667,410.8248640112692,0.0,0.0,5.983957219251337,0.0,0.0,102.49999999999999,398.9268004243546,866.0038522424044,0.06605900764585249,100.0,1.0,5.655293857670196
79,2035,7,10,2.819594302524464E18,136.7016967087033,3.9872065287769494E-5,1.0,34.16947568691343,1.0,376.8030465988681,235.4144385026738,478.035902472874,0.0,0.0,6.0828877005347595,0.0,0.0,102.49999999999999,429.02002359957726,919.438197076391,0.06716999114084418,100.0,1.0,5.609693260324769
77,2035,7,10,5.866154019238748E17,140.75704988134245,3.1012492380827115E-4,0.0,-20.241818366075705,0.0,360.76793180668153,235.39438502673798,-205.52003949608567,0.0,0.0,6.078877005347594,0.0,0.0,102.49999999999999,383.7642031738971,1223.9405312554286,0.06245864542472518,100.0,1.0,5.7761088053290734
74,2035,7,10,7.887265943744844E18,134.66821138112365,1.9096362303464972E-4,1.0,29.742658009495695,3.0,375.12038119526335,234.96657754010695,366.5500450594549,0.0,0.0,5.99331550802139,0.0,0.0,102.49999999999999,366.42063457705075,864.2482874091683,0.06787976958598542,100.0,1.0,5.526247120212846
61,2035,7,11,1.9955042617296404E18,141.40732652244637,4.094598941223543E-5,1.0,35.476113981160445,1.0,412.34733546647436,236.37967914438502,480.96242652179825,0.0,0.0,5.975935828877005,0.0,0.0,102.49999999999999,391.7636717313052,873.4639675263882,0.07106014207682577,100.0,1.0,5.802793569152596
65,2035,7,11,8.237168610376572E18,139.1177729641095,4.768218385736028E-5,0.0,23.802446931296643,0.0,436.3439496208205,237.7366310160428,264.90129456007134,0.0,0.0,6.247326203208556,0.0,0.0,102.49999999999999,291.8050281265164,845.6618038293968,0.0764330397814795,100.0,1.0,5.7088394085636125
75,2035,7,11,8.661686022710631E18,140.10153576946718,6.420805875947643E-5,1.0,13.329897939295277,1.0,413.18666847448907,237.66978609625667,150.93469546665438,0.0,0.0,6.233957219251337,0.0,0.0,102.49999999999999,364.67334026121404,976.8338689955762,0.07186843617919997,100.0,1.0,5.7492091165616985
72,2035,7,12,3.00978221914696E18,140.3349273043818,5.986967641086314E-5,1.0,31.33485063370711,1.0,379.52742347263177,239.44385026737967,403.70331844405285,0.0,0.0,6.288770053475936,0.0,0.0,102.49999999999999,319.1987306853051,882.9571276894004,0.06590406129499174,100.0,1.0,5.758786575744359
76,2035,7,13,5.182538500345593E18,140.80034138762,5.3822444256902296E-5,1.0,19.252616189677507,2.0,399.3683388950868,239.4398395721925,262.54008701556813,0.0,0.0,5.987967914438503,0.0,0.0,102.49999999999999,439.8040419474724,1098.2867560928241,0.0691201567751554,100.0,1.0,5.777885316351541
67,2035,11,11,8.815097190336754E18,117.76821558207871,1.2658160155439634E-4,1.0,20.81632594196118,3.0,655.039373300732,341.8034759358289,226.97793050799078,0.0,0.0,5.760695187165775,0.0,0.0,88.0,0.0,861.4152886053743,0.1358810966242203,100.0,1.0,4.820680650762232
73,2035,11,11,2.957751204712242E18,121.96844312622105,3.1012492380827115E-4,1.0,36.31306246873381,2.0,605.2029295964189,348.68582887700535,464.9333316761981,0.0,0.0,5.93716577540107,0.0,0.0,88.0,26.91795768174781,814.2320053710747,0.12121971922921043,100.0,1.0,4.992611214121527
61,2035,11,12,1.9955042617296404E18,120.31698264701751,1.3590049246637646E-4,1.0,29.402471499530012,1.0,716.0872998940895,350.19919786096256,338.3544646545518,0.0,0.0,5.939839572192513,0.0,0.0,88.0,0.0,811.1892386534405,0.14539811353131799,100.0,1.0,4.925010940667041
66,2035,11,12,6.646488575717851E18,126.08624384228565,1.1228273852580414E-4,1.0,30.142319111870545,2.0,570.6386107959072,349.65106951871655,345.29404899608835,0.0,0.0,5.830213903743315,0.0,0.0,88.0,0.0,798.7409388878003,0.11056385660046766,100.0,1.0,5.161167748136361
64,2035,11,12,5.156518253817723E18,126.33151331145721,3.1012492380827115E-4,1.0,37.590252660372556,1.0,613.8054857561435,355.64438502673795,493.6886203746357,0.0,0.0,5.828877005347594,0.0,0.0,88.0,42.768476217162736,818.7008001194478,0.11869674222452298,100.0,1.0,5.171207518021755
75,2035,11,12,8.661686022710631E18,120.53194129793602,1.0004029800266811E-4,1.0,10.563067698782971,3.0,712.0017278572732,349.8048128342246,102.6600034041277,0.0,0.0,5.86096256684492,0.0,0.0,88.0,9.294796249077972,865.1593408237285,0.1443107316515231,100.0,1.0,4.933809978710329
63,2035,11,13,3.212672331395627E18,120.54184614339962,6.133799917093971E-5,1.0,33.16192104682707,1.0,661.0375730036658,351.81951871657753,412.1629960041663,0.0,0.0,5.963903743315508,0.0,0.0,88.0,0.0,829.5114157755105,0.13397014859234596,100.0,1.0,4.934215419997171
62,2035,11,13,2.853793568557007E18,122.09159148601829,3.1012492380827115E-4,1.0,27.027707504836687,4.0,669.6733221444234,362.8368983957219,308.1252254037652,0.0,0.0,5.767379679144385,0.0,0.0,88.0,0.0,830.4547356604581,0.13399758638278927,100.0,1.0,4.9976521236089715
60,2035,11,13,3.5299406018237317E18,123.34697093508424,1.399480703105917E-4,1.0,38.24495769241532,3.0,666.3466953418869,357.65909090909093,506.77168384338734,0.0,0.0,5.931818181818182,0.0,0.0,88.0,2.2797665544563404,817.2464544920624,0.13197494563032552,100.0,1.0,5.049039362428592
71,2035,11,13,6.50369789014244E18,128.79504529813687,1.04489529584997E-4,1.0,32.59279201579733,1.0,578.007502173401,357.3048128342246,397.32125177017184,0.0,0.0,5.86096256684492,0.0,0.0,88.0,18.318812809708234,820.4850600559283,0.10963621946091268,100.0,1.0,5.2720488267061345
70,2035,11,13,2.52771244661108E18,130.12239406834007,7.696643144082784E-4,0.0,25.056936953067595,0.0,613.7398477340655,357.3248663101604,297.9752396772031,0.0,0.0,5.864973262032086,0.0,0.0,88.0,33.58879427726782,889.5683954967367,0.11522640399160664,100.0,1.0,5.326382031142548
68,2035,11,13,2.2093098651697398E18,126.5513278191447,1.4810168281197283E-4,1.0,40.23625049050469,1.0,610.535365394664,357.83957219251334,597.4127786038284,0.0,0.0,5.967914438502674,0.0,0.0,88.0,17.772949932839232,886.1064628509074,0.11785929846762908,100.0,1.0,5.180205323913006
65,2035,11,13,8.237168610376572E18,120.96639492334995,6.925523086383905E-5,1.0,17.637613502214183,1.0,711.7711770304928,357.09090909090907,170.22648622840575,0.0,0.0,5.818181818181818,0.0,0.0,88.0,14.447122509363895,793.026619286046,0.14374587536345948,100.0,1.0,4.951593742991158
78,2035,11,13,4.687141051879245E18,127.48986765416636,3.1012492380827115E-4,1.0,16.994151973974486,1.0,615.208461692785,357.3048128342246,180.82490341038113,0.0,0.0,5.86096256684492,0.0,0.0,88.0,0.0,880.6722710687094,0.11788712118308772,100.0,1.0,5.218623166964263
77,2035,11,13,5.866154019238748E17,120.11515272944683,3.1012492380827115E-4,1.0,8.314034541322577,6.0,669.1456337943372,362.0949197860963,72.49214833374448,0.0,0.0,5.6189839572192515,0.0,0.0,88.0,1.6064295640173154,794.4095008981283,0.13609512946333818,100.0,1.0,4.9167493093468435
76,2035,11,13,5.182538500345593E18,112.361227215839,3.1012492380827115E-4,1.0,18.93209809955898,3.0,831.2639825189859,351.9933155080214,205.53829555387844,0.0,0.0,5.998663101604278,0.0,0.0,88.0,4.421280015251305,877.7166776620264,0.1807349827548215,100.0,1.0,4.599352985507229
69,2035,11,14,3.317868809496197E18,127.710933698503,6.937917758574295E-5,0.0,25.200173385219706,0.0,672.8505937765801,364.97192513368987,298.2609083035554,0.0,0.0,5.894385026737968,0.0,0.0,88.0,44.711825305315784,883.910446455926,0.12870940787314353,100.0,1.0,5.2276722027945635
79,2035,11,14,2.819594302524464E18,127.19140372392883,7.48732312429433E-5,0.0,38.597946930790116,0.0,660.5750078140654,358.1163101604278,500.9590015991825,0.0,0.0,5.723262032085562,0.0,0.0,88.0,2.1277713359771315,796.0490763333091,0.12687735331584749,100.0,1.0,5.2064059546516175
72,2035,11,14,3.00978221914696E18,122.98112172787316,6.017169650917172E-5,0.0,27.64596174679195,0.0,772.0832724246388,355.46256684491976,311.2839240413136,0.0,0.0,5.192513368983957,0.0,0.0,88.0,8.819857156656953,813.4548943058057,0.1533717686347537,100.0,1.0,5.034063826070311
74,2035,11,15,7.887265943744844E18,126.57496633234197,7.256081511658191E-5,1.0,28.47278538849674,3.0,657.7738185421356,370.31951871657753,328.7842305788656,0.0,0.0,5.463903743315508,0.0,0.0,88.0,0.0,825.1596428641735,0.1269546156653162,100.0,1.0,5.181172934083706
62,2036,2,23,2.853793568557007E18,151.3562693814627,0.018779516292166256,0.0,23.21610012966757,0.0,287.1000000000037,241.95989304812835,337.4586410094888,0.0,0.0,6.491978609625669,0.0,0.0,102.69999999999855,578.9290498076587,1113.4049139468896,0.04645548198083173,100.0,1.0,6.180110242284554
63,2036,2,24,3.212672331395627E18,148.60140181309447,0.033239743837134246,0.0,24.32631568703781,0.0,290.00000000000006,244.85695187165774,381.35674435633,0.0,0.0,6.771390374331551,0.0,0.0,102.69999999999855,590.7676478460783,1184.0175934817069,0.0477946498345639,100.0,1.0,6.067624744690132
67,2036,2,26,8.815097190336754E18,159.33156070065775,0.005297488202009037,0.0,28.570853753588732,0.0,295.7999999999965,247.5427807486631,408.3824393888653,0.0,0.0,6.708556149732621,0.0,0.0,102.69999999999855,749.9831858419757,1019.6788782605958,0.04546744519426418,100.0,1.0,6.505753704351797
76,2036,2,27,5.182538500345593E18,162.73866940988802,0.006010775526768063,0.0,4.967743080136043,0.0,298.7000000000036,255.43048128342247,74.60346487376027,0.0,0.0,6.786096256684492,0.0,0.0,143.0,770.1955202599486,1418.3100490373956,0.04495196224748806,100.0,1.0,6.644871215086837
61,2036,2,28,1.9955042617296404E18,162.11602451128584,0.003480363794786276,0.0,26.6098484535974,0.0,301.60000000000383,257.61229946524065,430.95775269720014,0.0,0.0,6.922459893048129,0.0,0.0,143.0,648.5520856796803,1186.8701076349864,0.04556271389847298,100.0,1.0,6.61944766222786
60,2036,2,28,3.5299406018237317E18,159.43767482037285,0.00512504790512735,0.0,24.955445463319847,0.0,301.60000000000383,257.64572192513367,439.2257020511855,0.0,0.0,6.929144385026738,0.0,0.0,143.0,717.36278774713,1318.8014513210833,0.04632810941007101,100.0,1.0,6.510086507748591
71,2036,2,28,6.50369789014244E18,163.54045354070723,0.006552281877510371,0.0,11.897055384464648,0.0,301.60000000000383,256.8903743315508,187.1449576815373,0.0,0.0,6.778074866310161,0.0,0.0,143.0,777.7427496444442,1381.1914842707035,0.045165864978642625,100.0,1.0,6.677609299470299
70,2036,2,28,2.52771244661108E18,166.961465826744,0.006724062851527088,0.0,-6.773171225822573,0.0,301.60000000000383,257.13770053475935,-100.18769688723566,0.0,0.0,6.827540106951871,0.0,0.0,143.0,721.8105190377576,1587.2380570554033,0.04424042401993814,100.0,1.0,6.8172945147198325
78,2036,2,28,4.687141051879245E18,165.72901495735056,0.002893670312557997,0.0,10.031135149773588,0.0,301.60000000000383,256.3355614973262,143.21928172631553,0.0,0.0,6.6671122994652405,0.0,0.0,143.0,720.9885934650525,1279.5791548513816,0.044569419815030174,100.0,1.0,6.766971642253576
77,2036,2,28,5.866154019238748E17,162.96061102333232,0.006724062851527088,0.0,-54.66332629994769,0.0,301.60000000000383,256.8235294117647,-648.7113819460958,0.0,0.0,6.764705882352941,0.0,0.0,143.0,664.1678492125909,1836.6914542478746,0.04532657307051942,100.0,1.0,6.6539334339433145
73,2036,2,28,2.957751204712242E18,164.11746369498766,0.0035602724973919538,0.0,23.03818743667967,0.0,301.60000000000383,257.3582887700535,401.4186348580395,0.0,0.0,6.871657754010696,0.0,0.0,143.0,762.8163122992238,1339.0269075034996,0.04500706918608773,100.0,1.0,6.7011695152376705
72,2036,2,28,3.00978221914696E18,164.436720492646,0.006724062851527088,1.0,14.383618424631031,1.0,301.60000000000383,257.03743315508024,215.81960474140953,0.0,0.0,6.807486631016043,0.0,0.0,143.0,735.3051546447255,1281.4500107848116,0.044919687166200234,100.0,1.0,6.714205263364843
65,2036,2,29,8.237168610376572E18,165.3462433982227,0.005263906724650669,0.0,-3.228523773533191,0.0,304.49999999999994,258.8449197860963,-43.357814001882375,0.0,0.0,6.8689839572192515,0.0,0.0,143.0,747.4411574375143,1400.2565268485039,0.0451021408744715,100.0,1.0,6.751342488319697
64,2036,2,29,5.156518253817723E18,166.8609207618717,0.007437350176286107,0.0,31.41980573504998,0.0,304.49999999999994,258.7647058823529,542.881282704057,0.0,0.0,6.852941176470588,0.0,0.0,143.0,723.2734225293523,1183.6996906589115,0.04469272690550405,100.0,1.0,6.813189104433452
69,2036,3,1,3.317868809496197E18,167.81154994582667,0.008119625008664307,0.0,23.916234946101874,0.0,307.3999999999961,260.4585561497326,377.8960783266111,0.0,0.0,6.891711229946524,0.0,0.0,143.0,701.2621840003856,1200.4805841333846,0.04486278259683187,100.0,1.0,6.8520047622214175
68,2036,3,1,2.2093098651697398E18,167.01793632808776,0.0049795146051442645,0.0,34.832271175568444,0.0,307.3999999999961,256.96256684491976,691.0639584624151,0.0,0.0,6.192513368983957,0.0,0.0,143.0,716.2869876912565,1291.75655679001,0.045075955600769387,100.0,1.0,6.819600292506038
66,2036,3,1,6.646488575717851E18,171.14609551415754,0.0032351332614430025,0.0,22.197699970581212,0.0,307.3999999999961,259.0080213903743,322.1924374873975,0.0,0.0,6.601604278074866,0.0,0.0,143.0,677.5306416476998,1127.6570685158945,0.04398869316790375,100.0,1.0,6.988159407842783
79,2036,3,1,2.819594302524464E18,170.6625140341873,0.008119625008664307,0.0,31.658713983083693,0.0,307.3999999999961,260.6524064171123,562.4505417494822,0.0,0.0,6.93048128342246,0.0,0.0,143.0,689.2394816115839,1212.8572050426903,0.04411333751329179,100.0,1.0,6.968414029144212
75,2036,3,1,8.661686022710631E18,170.24591583265686,0.008119625008664307,0.0,-0.5369725091513772,0.0,307.3999999999961,260.3983957219251,-6.805175032440716,0.0,0.0,6.879679144385027,0.0,0.0,143.0,718.5618760806939,1357.9120348605295,0.04422128452031195,100.0,1.0,6.951403681157193
74,2036,3,2,7.887265943744844E18,172.51547037153674,0.004285006589808852,1.0,21.88262393081701,1.0,310.2999999999961,259.83288770053474,348.6208360877564,0.0,0.0,6.466577540106952,0.0,0.0,143.0,683.0517276129223,1242.784193961864,0.04405121804865494,100.0,1.0,7.044073098211886
63,2036,7,5,3.212672331395627E18,136.6555510061455,8.30988541822806E-5,1.0,30.92208458923448,1.0,306.2091704224405,227.79679144385025,444.6151140266475,0.0,0.0,5.759358288770054,0.0,0.0,102.80000000000145,384.31265945315613,991.3325094639099,0.05501474316377979,100.0,1.0,5.565947468133238
62,2036,7,6,2.853793568557007E18,139.03696792945652,1.7171922691487884E-4,0.0,31.039858723996165,0.0,303.72326723852706,230.44652406417111,413.1899661465695,0.0,0.0,5.989304812834225,0.0,0.0,102.80000000000145,331.3124445557192,916.2614259306921,0.05363347657835023,100.0,1.0,5.662942002180937
65,2036,7,7,8.237168610376572E18,138.6574592730335,8.456722398785753E-6,1.0,10.612347174288029,1.0,367.8801124147764,231.5922459893048,121.04986257118499,0.0,0.0,5.918449197860962,0.0,0.0,102.80000000000145,441.5693766599927,1013.9932407016287,0.06514052388405242,100.0,1.0,5.647484706595062
76,2036,7,7,5.182538500345593E18,136.0151801897425,7.597376869384398E-5,1.0,16.42849369063719,4.0,343.39706964827025,231.6657754010695,205.0063558729417,0.0,0.0,5.933155080213904,0.0,0.0,102.80000000000145,449.75542828000016,1039.6437710853813,0.06198653754422209,100.0,1.0,5.539865320002521
61,2036,7,8,1.9955042617296404E18,139.10700541653927,3.198483125085305E-5,1.0,35.331341496634835,1.0,356.73010789337184,233.5,489.7634733813132,0.0,0.0,6.0,0.0,0.0,102.80000000000145,375.1359529249038,894.9865604628537,0.06296206133813542,100.0,1.0,5.665794612053218
71,2036,7,8,6.50369789014244E18,139.87024079840617,1.0075533587013357E-4,1.0,27.71069687910071,1.0,357.5078898800784,233.4331550802139,371.2279815777251,0.0,0.0,5.9866310160427805,0.0,0.0,102.80000000000145,395.8282362155672,966.769748386606,0.06275502149674701,100.0,1.0,5.696881004153751
66,2036,7,8,6.646488575717851E18,138.44748169457716,4.977928151015588E-5,1.0,27.13625531405629,3.0,388.63645972843904,233.05882352941177,317.9059896076042,0.0,0.0,5.911764705882353,0.0,0.0,102.80000000000145,394.57080788048955,852.0162796098735,0.06892022003071215,100.0,1.0,5.638932370721616
64,2036,7,8,5.156518253817723E18,135.3226263610538,1.4559855577853104E-4,1.0,37.22300412311103,2.0,371.6795050515778,233.47326203208556,520.3950407571081,0.0,0.0,5.994652406417113,0.0,0.0,102.80000000000145,396.4527958947062,876.3551876962115,0.06743515663211527,100.0,1.0,5.5116577704302285
75,2036,7,8,8.661686022710631E18,137.2879689695691,6.962840678227909E-5,1.0,8.36810090315831,1.0,388.00067322695077,233.74064171122996,91.50974496557734,0.0,0.0,6.048128342245989,0.0,0.0,102.80000000000145,403.0292818680506,995.3199478413993,0.06938860772514213,100.0,1.0,5.591705698489802
73,2036,7,8,2.957751204712242E18,137.03868517978734,9.92082289853714E-5,1.0,35.779719900734314,3.0,357.8161203426858,233.03208556149733,519.1697301523002,0.0,0.0,5.906417112299465,0.0,0.0,102.80000000000145,376.1121660957051,930.4858895770549,0.06410691735321479,100.0,1.0,5.5815524301566235
72,2036,7,8,3.00978221914696E18,139.7827670473713,3.1012492380827115E-4,1.0,23.50467066390293,1.0,357.9820350986467,233.68716577540107,298.96251135245535,0.0,0.0,6.037433155080214,0.0,0.0,102.80000000000145,453.7331470812416,970.6490133439312,0.06287757355174223,100.0,1.0,5.69331821947712
60,2036,7,9,3.5299406018237317E18,134.8843214189457,5.243911461079998E-5,1.0,41.30558767759403,1.0,358.1230740084305,235.36096256684493,613.3065810485888,0.0,0.0,6.072192513368984,0.0,0.0,102.80000000000145,281.7792192620976,870.2773334282109,0.06518670162300383,100.0,1.0,5.4938057163802245
70,2036,7,9,2.52771244661108E18,138.251259683693,3.873656305374357E-5,1.0,8.427020797313402,1.0,362.20796417923066,234.94652406417111,104.10891945865875,0.0,0.0,5.989304812834225,0.0,0.0,102.80000000000145,406.7007402983132,1124.1630551270068,0.06432459680856607,100.0,1.0,5.630940295781157
68,2036,7,9,2.2093098651697398E18,140.82655807802928,5.4734367068173506E-5,1.0,40.280472904979554,1.0,388.6451515374113,234.7192513368984,672.3307093740848,0.0,0.0,5.94385026737968,0.0,0.0,102.80000000000145,448.806683567063,995.3805979490678,0.06775742042728479,100.0,1.0,5.735831575148193
67,2036,7,9,8.815097190336754E18,135.14425336465308,2.263685575242855E-4,1.0,27.007793825101324,5.0,338.1215173737623,234.55213903743316,326.7941542713864,0.0,0.0,5.910427807486631,0.0,0.0,102.80000000000145,389.6745762047993,881.4609723218631,0.061427579196656486,100.0,1.0,5.504392681523193
78,2036,7,9,4.687141051879245E18,139.9449061793515,6.474424296623615E-5,1.0,21.69795782348854,1.0,361.56369683317916,234.79946524064172,260.65287792650935,0.0,0.0,5.959893048128342,0.0,0.0,102.80000000000145,357.10348004018203,937.7916687959768,0.06343309435541178,100.0,1.0,5.699922107021294
77,2036,7,9,5.866154019238748E17,134.8866361737136,1.1285477576720206E-4,1.0,-25.02670762481804,3.0,360.09415681329847,234.9331550802139,-244.8029699053809,0.0,0.0,5.9866310160427805,0.0,0.0,102.80000000000145,358.4671897446974,1225.6729739412656,0.06554435957877669,100.0,1.0,5.49389999578083
69,2036,7,10,3.317868809496197E18,138.71154178554252,4.35813552288183E-5,1.0,32.382012411007345,2.0,392.0849496492384,236.47994652406416,421.93504122005925,0.0,0.0,5.995989304812834,0.0,0.0,102.80000000000145,339.0580920311274,879.4847868378156,0.06939940508892431,100.0,1.0,5.649687474220332
79,2036,7,10,2.819594302524464E18,137.84835813509213,5.136219340978321E-5,1.0,42.05211790145061,3.0,394.0959007309287,236.45989304812835,601.9481113858627,0.0,0.0,5.991978609625669,0.0,0.0,102.80000000000145,271.43790937604854,828.4374743014937,0.07019214177397429,100.0,1.0,5.614530213367144
74,2036,7,10,7.887265943744844E18,139.6621338016279,4.533990114156011E-5,1.0,33.20414792547743,1.0,411.74410352412593,238.39839572192514,427.2283785017897,0.0,0.0,6.379679144385027,0.0,0.0,102.80000000000145,243.56290666628098,857.9025358948261,0.07238305182252419,100.0,1.0,5.688404856618648
67,2036,11,10,8.815097190336754E18,116.0670879219624,7.362190765555767E-6,1.0,14.74117545730698,4.0,645.849153888351,342.5655080213904,152.9882743207111,0.0,0.0,5.913101604278075,0.0,0.0,88.0,0.0,882.1220588828241,0.1369599815007274,100.0,1.0,4.7156048563347746
74,2036,11,10,7.887265943744844E18,117.78937578930055,1.5758380274810528E-4,1.0,22.06715056573517,2.0,705.7715583192386,342.68582887700535,239.04928898189374,0.0,0.0,5.93716577540107,0.0,0.0,88.0,26.36680629078695,842.1140493945693,0.14747884054353969,100.0,1.0,4.785578430899557
61,2036,11,11,1.9955042617296404E18,122.62828120707759,1.1147552976573371E-4,1.0,30.98900027112262,3.0,617.9916974527135,356.0855614973262,377.7714377731273,0.0,0.0,5.9171122994652405,0.0,0.0,88.0,0.0,839.8983101471433,0.1240405494748792,100.0,1.0,4.982174781303026
69,2036,11,11,3.317868809496197E18,118.87526212694327,1.190955928603192E-4,1.0,23.285704539234786,3.0,705.6521196836815,349.97192513368987,259.4314357161086,0.0,0.0,5.894385026737968,0.0,0.0,88.0,0.0,853.1013041270197,0.14610693989304066,100.0,1.0,4.829696112999579
77,2036,11,11,5.866154019238748E17,126.30194441709291,9.121321288478564E-5,0.0,13.694383722989581,0.0,648.0498149313383,344.05213903743316,125.81184839832781,0.0,0.0,5.910427807486631,0.0,0.0,88.0,0.0,790.3433671926217,0.126290312059699,100.0,1.0,5.131429357977966
62,2036,11,12,2.853793568557007E18,128.16166810252184,1.9862304887955574E-5,1.0,30.489279362913738,3.0,550.3382399056413,357.12433155080214,373.1168343462071,0.0,0.0,5.824866310160428,0.0,0.0,88.0,24.72807120672627,849.2929537137602,0.10569226893673819,100.0,1.0,5.206986711914046
60,2036,11,12,3.5299406018237317E18,118.51041197698424,2.457408271063955E-4,1.0,38.64096103683251,5.0,650.9305421575402,351.61229946524065,502.81256627429536,0.0,0.0,5.922459893048129,0.0,0.0,88.0,0.0,797.4278004681305,0.13519163599417547,100.0,1.0,4.814872883005755
71,2036,11,12,6.50369789014244E18,124.63920776078152,2.127057090591708E-4,1.0,29.887720043571445,2.0,622.8265158094059,358.24064171122996,355.91034941707477,0.0,0.0,6.048128342245989,0.0,0.0,88.0,0.9168574020724236,833.4165083962478,0.12299404814486023,100.0,1.0,5.063875246026961
70,2036,11,12,2.52771244661108E18,119.95679826929263,3.1012492380827115E-4,1.0,18.630418440451823,3.0,660.327102509372,357.20454545454544,198.51793764607532,0.0,0.0,5.840909090909091,0.0,0.0,88.0,0.0,864.5641576223687,0.13548959332967175,100.0,1.0,4.873637054195532
68,2036,11,12,2.2093098651697398E18,123.68795621643457,1.0004029800266811E-4,1.0,38.88058170869767,1.0,667.6167407430903,356.8034759358289,568.5042264909653,0.0,0.0,5.760695187165775,0.0,0.0,88.0,0.0,892.5966940496916,0.13285303702082066,100.0,1.0,5.025227542509711
66,2036,11,12,6.646488575717851E18,125.65078208722888,1.9905322452392238E-4,1.0,23.974998998255668,2.0,619.221492961464,357.59893048128345,254.34607973765145,0.0,0.0,5.919786096256685,0.0,0.0,88.0,0.0,804.7945682896365,0.1212976838085017,100.0,1.0,5.104973759755032
65,2036,11,12,8.237168610376572E18,125.2479024101762,1.0657213876572892E-4,1.0,20.364294699403686,3.0,582.6178538229576,357.08422459893046,208.63607232610914,0.0,0.0,5.816844919786096,0.0,0.0,88.0,0.0,814.0823285331224,0.11449460149173202,100.0,1.0,5.088605455909029
64,2036,11,12,5.156518253817723E18,124.58818657399793,1.1494622824620871E-4,1.0,35.820791635539955,2.0,611.4025988675867,357.81951871657753,459.9143671648737,0.0,0.0,5.963903743315508,0.0,0.0,88.0,0.0,822.8346485022353,0.1207875292975196,100.0,1.0,5.061802343531685
78,2036,11,12,4.687141051879245E18,118.96631154715564,1.5490755434978583E-4,1.0,10.785586190355446,5.0,665.1640407321636,358.24732620320856,110.08815748382774,0.0,0.0,6.0494652406417115,0.0,0.0,88.0,0.0,906.1636653796063,0.13761838218585296,100.0,1.0,4.8333952933254425
76,2036,11,12,5.182538500345593E18,129.4008083820922,3.200692746097894E-4,1.0,24.458175048046833,1.0,576.6478362099313,357.3783422459893,289.30179114047843,0.0,0.0,5.875668449197861,0.0,0.0,88.0,14.03871427441859,891.8708755176791,0.10968452512447788,100.0,1.0,5.257330836373772
75,2036,11,12,8.661686022710631E18,124.69322677685419,6.987943303476141E-5,1.0,10.072744128435112,4.0,616.3027618824358,356.64304812834223,99.58070879276467,0.0,0.0,5.728609625668449,0.0,0.0,88.0,0.13604462179141308,885.0839962360658,0.1216530305654537,100.0,1.0,5.066069945136655
73,2036,11,12,2.957751204712242E18,125.74374939013252,9.358024254926707E-5,1.0,38.4466692693385,1.0,615.6561876391297,357.09090909090907,510.5193176238194,0.0,0.0,5.818181818181818,0.0,0.0,88.0,0.0,816.3390228026908,0.12051012164621668,100.0,1.0,5.108750860334541
72,2036,11,12,3.00978221914696E18,127.81042884400327,8.208706294554555E-5,1.0,24.981485839040943,2.0,622.6230340978542,363.1844919786096,289.65461577726296,0.0,0.0,5.836898395721925,0.0,0.0,88.0,0.5335121081049192,868.3225812136501,0.11990314468921141,100.0,1.0,5.192716468877371
63,2036,11,13,3.212672331395627E18,134.3753054822892,7.696643144082784E-4,1.0,36.426423691535575,2.0,519.4089457555898,359.3061497326203,513.5050324554032,0.0,0.0,5.961229946524064,0.0,0.0,88.0,49.20223113610396,894.963921868714,0.09513967042555128,100.0,1.0,5.459436042108616
79,2036,11,13,2.819594302524464E18,122.70951869526158,8.350159499414943E-5,1.0,35.733901651867704,2.0,708.7080724734818,364.403743315508,454.1455880992517,0.0,0.0,5.780748663101604,0.0,0.0,88.0,5.664244782324536,815.9788505024361,0.1421545644116464,100.0,1.0,4.985475319816175
61,2037,2,21,1.9955042617296404E18,148.84512041624998,0.03395303116189328,0.0,29.377760829735525,0.0,284.2000000000032,240.63368983957218,442.896804798691,0.0,0.0,6.526737967914438,0.0,0.0,103.0,604.7640760236576,1063.326108624438,0.04711337220507618,100.0,1.0,6.032257652093568
78,2037,2,21,4.687141051879245E18,148.00258682012327,0.03395303116189328,1.0,10.880922932505198,1.0,284.2000000000032,240.96122994652407,136.71488200442437,0.0,0.0,6.592245989304812,0.0,0.0,103.0,627.647235691185,1115.543780950236,0.04738157426669188,100.0,1.0,5.998112228191393
70,2037,2,22,2.52771244661108E18,153.8127481574367,0.03380789001807167,0.0,-5.5781433593015635,0.0,287.1000000000037,242.2072192513369,-76.43993891918696,0.0,0.0,6.541443850267379,0.0,0.0,103.0,712.8364409934758,1457.363409104055,0.04605699294424386,100.0,1.0,6.23358108393147
66,2037,2,22,6.646488575717851E18,148.4696127021474,0.03395303116189328,1.0,16.299337922620424,2.0,287.1000000000037,243.22326203208556,191.8710675334189,0.0,0.0,6.744652406417113,0.0,0.0,103.0,514.5203628119629,982.5345812252118,0.04771449542899871,100.0,1.0,6.017039422060353
64,2037,2,22,5.156518253817723E18,154.5399767318634,0.03395303116189328,0.0,25.665683003734518,0.0,287.1000000000037,242.03342245989305,400.77573857326087,0.0,0.0,6.50668449197861,0.0,0.0,103.0,679.401961999291,1158.3642978898192,0.04584025963012333,100.0,1.0,6.263053532343863
67,2037,2,24,8.815097190336754E18,155.37937727099197,0.018800127996618655,0.0,24.9694730748731,0.0,292.8999999999962,246.16310160427807,336.3845409839496,0.0,0.0,6.732620320855615,0.0,0.0,103.0,591.4778781884772,1008.9640478850869,0.04651368140766888,100.0,1.0,6.2970719826039145
75,2037,2,24,8.661686022710631E18,157.9210695890587,0.004615213369630841,0.0,2.208081002214609,0.0,292.8999999999962,246.06283422459893,29.16011477166873,0.0,0.0,6.712566844919786,0.0,0.0,103.0,746.009869303616,1266.7425722868559,0.04576505763614475,100.0,1.0,6.400079342818678
73,2037,2,24,2.957751204712242E18,156.86190719729905,0.03395303116189328,0.0,32.50826840788879,0.0,292.8999999999962,246.5173796791444,553.4129421620154,0.0,0.0,6.803475935828877,0.0,0.0,103.0,597.9289349009049,1147.5407203703487,0.04607407228967662,100.0,1.0,6.357154587041432
63,2037,2,26,3.212672331395627E18,161.10597934950903,0.006103813003910541,0.0,18.726491173996404,0.0,298.7000000000036,249.89171122994654,321.41048484185427,0.0,0.0,6.878342245989304,0.0,0.0,103.0,786.518112706204,1392.248821590495,0.04574864990453754,100.0,1.0,6.5291544258309875
62,2037,2,26,2.853793568557007E18,162.19287639857953,0.003379878619501811,0.0,7.528192501353627,0.0,298.7000000000036,249.37700534759358,115.61979534942304,0.0,0.0,6.775401069518717,0.0,0.0,103.0,730.302781435619,1413.8751210013534,0.0454420761900545,100.0,1.0,6.573203186199873
71,2037,2,27,6.50369789014244E18,164.06104776132807,0.006817100328669564,0.0,2.325723562824335,0.0,301.60000000000383,257.10427807486633,37.06321230426092,0.0,0.0,6.820855614973262,0.0,0.0,143.0,675.4516316164631,1532.5510444249394,0.04536078640163468,100.0,1.0,6.648914710815838
65,2037,2,27,8.237168610376572E18,164.40433819728773,0.003998147704134157,0.0,5.488130210967249,0.0,301.60000000000383,250.71657754010695,74.199722000886,0.0,0.0,6.74331550802139,0.0,0.0,103.0,681.01576333346,1268.6361647001893,0.04526606916783157,100.0,1.0,6.662827268737895
79,2037,2,27,2.819594302524464E18,160.32772034056956,0.0031671439539423577,0.0,23.60706123808075,0.0,301.60000000000383,251.47860962566844,388.3975331470758,0.0,0.0,6.89572192513369,0.0,0.0,103.0,742.9290640419214,1254.9024899841993,0.04641703960189643,100.0,1.0,6.497613863071129
77,2037,2,27,5.866154019238748E17,164.38833767341234,0.006817100328669564,0.0,-86.11254455210889,0.0,301.60000000000383,256.8168449197861,-982.4748421601201,0.0,0.0,6.7633689839572195,0.0,0.0,143.0,668.6644161913579,2124.252319660993,0.04527047508147915,100.0,1.0,6.662178814275203
76,2037,2,27,5.182538500345593E18,164.32985879230483,0.006679767410939628,0.0,5.844761902432787,0.0,298.7000000000036,257.2446524064171,85.26130451638936,0.0,0.0,6.848930481283422,0.0,0.0,143.0,713.5098702380631,1365.733430497797,0.04485113722457299,100.0,1.0,6.65980883615928
74,2037,2,27,7.887265943744844E18,164.80010683250381,0.006817100328669564,0.0,20.841401842350923,0.0,301.60000000000383,251.024064171123,325.0685016333363,0.0,0.0,6.804812834224599,0.0,0.0,103.0,710.9909665125268,1232.5291178874447,0.04515736237898001,100.0,1.0,6.678866614680613
72,2037,2,27,3.00978221914696E18,164.00508628174987,0.006817100328669564,0.0,12.454208914927062,0.0,301.60000000000383,256.9505347593583,192.03699954820604,0.0,0.0,6.790106951871658,0.0,0.0,143.0,631.760082360067,1346.1827944047889,0.045376264316249526,100.0,1.0,6.646646755625473
69,2037,2,28,3.317868809496197E18,165.49526866025138,0.005670472630593815,1.0,22.436575047791965,1.0,304.49999999999994,258.35695187165777,358.8227559987151,0.0,0.0,6.771390374331551,0.0,0.0,143.0,658.200428771597,1238.6717174770188,0.04540006069476306,100.0,1.0,6.707039491582097
60,2037,3,1,3.5299406018237317E18,165.85238013661393,0.0047362528753211,1.0,33.14328909906717,1.0,307.3999999999961,260.61229946524065,613.8804011836045,0.0,0.0,6.922459893048129,0.0,0.0,143.0,612.0854066508338,1236.4677877561662,0.04573375632695301,100.0,1.0,6.721512175872402
68,2037,3,2,2.2093098651697398E18,172.40537737239558,0.00889493731818498,1.0,31.013418997622455,1.0,310.2999999999961,262.225935828877,613.2515280448174,0.0,0.0,6.945187165775401,0.0,0.0,143.0,641.9308739758561,1362.6577405985636,0.04441050246603632,100.0,1.0,6.987085999247662
66,2037,7,5,6.646488575717851E18,135.0945294039149,4.272870264649643E-5,0.0,19.37345845130317,0.0,291.4514827014007,223.64304812834226,206.94997698078055,0.0,0.0,5.228609625668449,0.0,0.0,103.10000000000001,384.21440771707387,858.9973602239774,0.053366140419203685,100.0,1.0,5.461355841212803
61,2037,7,6,1.9955042617296404E18,139.1926075437796,4.126196431722607E-5,0.0,38.59985088941873,0.0,289.55660955972905,228.27807486631016,542.7374784531479,0.0,0.0,5.855614973262032,0.0,0.0,103.10000000000001,311.8973178240626,862.3011013722706,0.05145820117049364,100.0,1.0,5.627025488130783
67,2037,7,6,8.815097190336754E18,137.99142520664296,3.937594258611874E-5,1.0,27.010287456365724,1.0,308.5222795554983,228.39171122994654,322.35511150432785,0.0,0.0,5.878342245989304,0.0,0.0,103.10000000000001,290.08134209330603,869.4657459658573,0.05530593256254007,100.0,1.0,5.5784662740587665
64,2037,7,6,5.156518253817723E18,133.77494876655612,4.9304439397181415E-5,1.0,31.51477872385048,4.0,296.0854696369996,227.87700534759358,424.7755990555063,0.0,0.0,5.775401069518717,0.0,0.0,103.10000000000001,356.2479591728713,921.5078444953738,0.054749428479607225,100.0,1.0,5.408010236075504
78,2037,7,6,4.687141051879245E18,134.39898294670715,9.083916924671095E-5,1.0,18.1281001438853,1.0,289.40070948710496,226.17245989304814,206.09164805723978,0.0,0.0,5.434491978609626,0.0,0.0,103.10000000000001,336.41495100000594,928.2350428596,0.053264873214636986,100.0,1.0,5.4332375545311296
73,2037,7,6,2.957751204712242E18,131.702394227401,4.015081872194084E-5,1.0,32.09713420333142,4.0,309.3110074830745,228.45855614973263,457.9050292851398,0.0,0.0,5.891711229946524,0.0,0.0,103.10000000000001,401.10838282932815,966.6725080550018,0.05809503180802597,100.0,1.0,5.324224772011269
70,2037,7,7,2.52771244661108E18,134.3729063943704,1.3957017273099508E-4,1.0,20.94937090608524,1.0,298.6429765927049,230.5,252.76438443324227,0.0,0.0,6.0,0.0,0.0,103.10000000000001,226.3827891084634,950.6256768443938,0.05497660070548382,100.0,1.0,5.432183379117433
75,2037,7,7,8.661686022710631E18,138.929005500092,4.1999583397653194E-5,0.0,12.444231782948034,0.0,312.68127405751574,230.41978609625667,142.1664291170188,0.0,0.0,5.983957219251337,0.0,0.0,103.10000000000001,377.5047889976729,995.04881027214,0.055673206386031744,100.0,1.0,5.616369064311097
63,2037,7,8,3.212672331395627E18,135.58783240664883,2.1183396434991194E-4,1.0,27.10809728311788,2.0,332.8119394443704,231.7125668449198,390.72261323716486,0.0,0.0,5.942513368983957,0.0,0.0,103.10000000000001,403.4950415694291,1047.9135492474363,0.060717721870564026,100.0,1.0,5.481298197482566
68,2037,7,8,2.2093098651697398E18,135.59335170802342,2.0059826895748459E-4,2.0,38.13215974650368,2.0,386.1503612467833,231.51871657754012,591.6597332958612,0.0,0.0,5.903743315508021,0.0,0.0,103.10000000000001,283.10309617357416,958.4841732041588,0.07044583767541335,100.0,1.0,5.481521321756609
79,2037,7,8,2.819594302524464E18,142.08972262066627,6.394328325943738E-5,0.0,36.43305548894362,0.0,341.84023695136216,231.47860962566844,529.8054221374099,0.0,0.0,5.89572192513369,0.0,0.0,103.10000000000001,335.1229634142594,922.9360699901438,0.059511076012675045,100.0,1.0,5.744144785393477
62,2037,7,9,2.853793568557007E18,139.36721096362407,4.9891397009052614E-5,1.0,15.115083713142363,2.0,336.19548295540415,233.4866310160428,198.70625333368886,0.0,0.0,5.997326203208556,0.0,0.0,103.10000000000001,435.61683826404175,1112.2684190693585,0.0596717196117467,100.0,1.0,5.634084037511503
71,2037,7,9,6.50369789014244E18,137.86774744531743,6.224908145489183E-5,1.0,16.984352312961352,2.0,346.5827683855151,233.40641711229947,224.12374833004824,0.0,0.0,5.981283422459893,0.0,0.0,103.10000000000001,383.6268465316988,1091.6086361185169,0.06218441811968793,100.0,1.0,5.5734664545455495
65,2037,7,9,8.237168610376572E18,136.34272645999482,5.5320179059627394E-5,1.0,10.458648296784013,3.0,346.7397358504646,233.45320855614975,116.68381449334728,0.0,0.0,5.990641711229946,0.0,0.0,103.10000000000001,393.4523159796615,994.1755247231529,0.06290844177865587,100.0,1.0,5.511815680802787
77,2037,7,9,5.866154019238748E17,135.8545771198179,4.477691651866462E-5,2.0,-53.984921780948525,3.0,346.73676347074075,233.4331550802139,-507.21677042774667,0.0,0.0,5.9866310160427805,0.0,0.0,103.10000000000001,394.27705187405,1448.460667848511,0.06313394163951584,100.0,1.0,5.492081667426204
76,2037,7,9,5.182538500345593E18,141.5787201961262,4.158285382250887E-5,0.0,19.620922837579844,0.0,346.70621236362,233.4264705882353,245.22517637503927,0.0,0.0,5.985294117647059,0.0,0.0,103.10000000000001,398.87512761435977,1001.7699814947408,0.06057604706184988,100.0,1.0,5.723486909101597
60,2037,7,10,3.5299406018237317E18,136.1409546134849,5.131120513042209E-5,1.0,39.39745939356302,3.0,373.53165696426043,233.4024064171123,597.3522877864631,0.0,0.0,5.68048128342246,0.0,0.0,103.10000000000001,369.0317604005466,917.7361113282078,0.0678696971365185,100.0,1.0,5.503658815699579
69,2037,7,10,3.317868809496197E18,139.37864741041935,3.322529717251673E-5,1.0,29.199733583607113,1.0,361.05888114766543,234.87299465240642,392.35303773451074,0.0,0.0,5.974598930481283,0.0,0.0,103.10000000000001,407.8191069284866,949.6931358292983,0.06407949415592876,100.0,1.0,5.634546369374852
74,2037,7,10,7.887265943744844E18,137.83993704340313,5.671633573669917E-5,1.0,22.86277722630022,2.0,349.8246843309546,234.81283422459893,297.62816630784226,0.0,0.0,5.962566844919786,0.0,0.0,103.10000000000001,417.5092135900037,1001.9137208331055,0.0627787513114888,100.0,1.0,5.572342186215722
72,2037,7,10,3.00978221914696E18,135.23452569160813,2.2407870217360635E-4,1.0,19.993984203214787,2.0,349.45552094437573,235.02005347593584,253.55907943642373,0.0,0.0,6.004010695187166,0.0,0.0,103.10000000000001,383.2254238980622,1011.6610449778019,0.06392071325243641,100.0,1.0,5.467015356419788
68,2037,11,10,2.2093098651697398E18,124.46511865144582,1.4866966625516354E-4,0.0,35.80732802490684,0.0,565.7440615726488,341.13235294117646,508.773616461221,0.0,0.0,5.926470588235294,0.0,0.0,88.0,14.906999725726731,910.6079888618276,0.11271760206449366,100.0,1.0,5.019127902037402
67,2037,11,11,8.815097190336754E18,128.29575612034625,1.6391380750965708E-4,1.0,17.871454698865104,2.0,511.99900908359564,348.7994652406417,197.99025021726445,0.0,0.0,5.959893048128342,0.0,0.0,88.0,0.0,907.3323902707133,0.09896376842264099,100.0,1.0,5.173600573666718
77,2037,11,11,5.866154019238748E17,120.57895479364494,6.830945458331965E-5,1.0,3.2287273404268473,5.0,605.4492076990798,341.9572192513369,27.290241063574335,0.0,0.0,5.791443850267379,0.0,0.0,88.0,2.2031462291824235,806.0403164270571,0.12451612442529554,100.0,1.0,4.8624160966584205
73,2037,11,11,2.957751204712242E18,130.38525349937083,3.1012492380827115E-4,1.0,41.50912469334242,4.0,501.39944322443915,347.5494652406417,584.3987443652111,0.0,0.0,5.709893048128342,0.0,0.0,88.0,5.930029182955537,822.4220905351435,0.09536187162860416,100.0,1.0,5.257860764071271
63,2037,11,12,3.212672331395627E18,126.46320197515413,1.2444820377538964E-4,1.0,35.86909368630507,1.0,571.5804556285192,355.2700534759358,480.5373447900028,0.0,0.0,5.754010695187166,0.0,0.0,88.0,0.0,857.9439997194618,0.11208115330176475,100.0,1.0,5.099701767786141
62,2037,11,12,2.853793568557007E18,122.94307238997972,1.4451301202622139E-4,1.0,25.122744789837785,3.0,617.1057659632379,356.3529411764706,290.43660404575957,0.0,0.0,5.970588235294118,0.0,0.0,88.0,3.166307341500177,863.1644609027264,0.12447293690862464,100.0,1.0,4.957750506170302
61,2037,11,12,1.9955042617296404E18,128.2546413177466,1.1351571149643889E-4,1.0,35.34997387838926,3.0,517.0585381818051,350.346256684492,457.0083891199608,0.0,0.0,5.969251336898396,0.0,0.0,88.0,5.233824693847966,834.3983931323218,0.09997375814546672,100.0,1.0,5.1719425954705
60,2037,11,12,3.5299406018237317E18,119.89366966774344,7.863208007309104E-5,1.0,39.372452056788056,3.0,649.8629878863347,356.03877005347596,524.4543886020896,0.0,0.0,5.907754010695188,0.0,0.0,88.0,0.0,806.5004771947731,0.13441413587331721,100.0,1.0,4.834781577577662
70,2037,11,12,2.52771244661108E18,124.8644905709499,2.8875691229820403E-4,2.0,21.648489565050063,4.0,537.0853432588068,356.4131016042781,242.0007422957368,0.0,0.0,5.982620320855615,0.0,0.0,88.0,6.7692917516934195,873.4529697208178,0.1066654440786662,100.0,1.0,5.035232805693886
69,2037,11,12,3.317868809496197E18,119.4164674300665,7.074017422633922E-5,1.0,22.76114729067707,5.0,658.9030693668785,355.61096256684493,261.4612574813603,0.0,0.0,5.822192513368984,0.0,0.0,88.0,0.0,885.512089742826,0.13682854392727717,100.0,1.0,4.8155381213226836
66,2037,11,12,6.646488575717851E18,129.82662268049964,3.1012492380827115E-4,1.0,19.466571149579142,4.0,484.44962168561057,356.19919786096256,199.34087190541078,0.0,0.0,5.939839572192513,0.0,0.0,88.0,0.0,822.4914586073297,0.09253462219954879,100.0,1.0,5.235333653180169
65,2037,11,12,8.237168610376572E18,124.9810435203372,6.623770265020742E-5,1.0,20.309536497074205,2.0,609.5460469074662,356.16577540106954,206.76973894644428,0.0,0.0,5.933155080213904,0.0,0.0,88.0,3.0829714119377023,808.985653245851,0.12094328685204435,100.0,1.0,5.039932870793836
64,2037,11,12,5.156518253817723E18,128.72460373758608,1.1650072269281411E-4,1.0,34.49525139260912,3.0,507.66244551653847,356.2860962566845,446.1979209691345,0.0,0.0,5.957219251336898,0.0,0.0,88.0,0.0,846.0360951526947,0.09779865193788656,100.0,1.0,5.190894101883559
78,2037,11,12,4.687141051879245E18,122.54381406697186,1.5887547326243396E-4,2.0,12.12869247516452,4.0,508.690074750989,356.0655080213904,125.6423541395631,0.0,0.0,5.913101604278075,0.0,0.0,88.0,0.0,906.0529553141042,0.10293931295745705,100.0,1.0,4.941650183358241
76,2037,11,12,5.182538500345593E18,121.51642861241106,3.1012492380827115E-4,1.0,16.624346433291556,1.0,622.6671201979991,356.26604278074865,177.98576075959642,0.0,0.0,5.9532085561497325,0.0,0.0,88.0,0.0,889.6415522822075,0.12706921032257823,100.0,1.0,4.900220270648529
75,2037,11,12,8.661686022710631E18,125.32810596704192,7.696643144082784E-4,1.0,10.653082752790178,3.0,545.9822859979071,356.4398395721925,109.5717248151101,0.0,0.0,5.987967914438503,0.0,0.0,88.0,28.1236744495061,913.7592367563026,0.10803126728330258,100.0,1.0,5.05392836470312
72,2037,11,12,3.00978221914696E18,121.19676402376743,9.318657566354302E-5,1.0,22.714138081316392,4.0,647.3801797882188,355.7446524064171,257.3023088529735,0.0,0.0,5.848930481283422,0.0,0.0,88.0,0.0,873.7623353117634,0.13246092064323847,100.0,1.0,4.88732961121288
71,2037,11,13,6.50369789014244E18,124.42045777567039,1.274136909647786E-4,1.0,26.450577733565115,2.0,616.237870381743,364.0601604278075,313.75559286807174,0.0,0.0,6.012032085561497,0.0,0.0,88.0,4.373163958140913,870.6885182168904,0.1228219487035142,100.0,1.0,5.0173269263892655
79,2037,11,13,2.819594302524464E18,129.7703484645074,1.438087284021447E-4,1.0,36.93280095812464,3.0,588.9097645362824,357.725935828877,489.20823804722454,0.0,0.0,5.945187165775401,0.0,0.0,88.0,12.79885818491691,834.2768088909056,0.11253631212998301,100.0,1.0,5.233064362870474
74,2037,11,13,7.887265943744844E18,123.48390677722543,3.1012492380827115E-4,1.0,24.729160219230412,2.0,657.4437200799179,363.73262032085563,287.7309680706784,0.0,0.0,5.946524064171123,0.0,0.0,88.0,0.0,873.5664789734128,0.13202847733805023,100.0,1.0,4.979559965662381
74,2038,2,23,7.887265943744844E18,150.47936841259917,0.03469733097903314,1.0,17.40657174263804,1.0,287.1000000000037,242.8957219251337,245.15184330784155,0.0,0.0,6.679144385026738,0.0,0.0,103.30000000000145,581.32158140582,1160.1126515792346,0.04743045312453474,100.0,1.0,6.053073101498437
72,2038,2,23,3.00978221914696E18,154.03330117729456,0.03469733097903314,0.0,19.455448566793045,0.0,287.1000000000037,242.11363636363637,284.2590641551989,0.0,0.0,6.5227272727272725,0.0,0.0,103.30000000000145,601.4040484533347,1173.6771248412165,0.04633611417240381,100.0,1.0,6.196031003631085
67,2038,2,25,8.815097190336754E18,157.70133918946354,0.006910137805812045,0.0,14.361309466195282,0.0,292.8999999999962,246.33689839572193,188.79078267494995,0.0,0.0,6.767379679144385,0.0,0.0,103.30000000000145,730.0027661332143,1122.5498345677831,0.04617267449626652,100.0,1.0,6.343578820059035
63,2038,2,26,3.212672331395627E18,158.80716759619685,0.007535697413894093,1.0,15.220779758312938,1.0,295.7999999999965,247.59625668449198,257.32666583162364,0.0,0.0,6.719251336898396,0.0,0.0,103.30000000000145,686.3031672346875,1429.4579005519456,0.046305130300398144,100.0,1.0,6.388061065394585
66,2038,2,26,6.646488575717851E18,160.95422064978163,0.007623425130571072,0.0,9.398125555132259,0.0,295.7999999999965,248.13770053475935,119.25648722237395,0.0,0.0,6.827540106951871,0.0,0.0,103.30000000000145,685.8304538579655,1145.0280186780458,0.04568744179861937,100.0,1.0,6.474426852433994
75,2038,2,26,8.661686022710631E18,159.11603476499056,0.007623425130571072,1.0,4.8298994341340435,1.0,295.7999999999965,248.41176470588235,63.90188958522723,0.0,0.0,6.882352941176471,0.0,0.0,103.30000000000145,654.8918963669569,1246.3371691224906,0.046215245365057535,100.0,1.0,6.400485330402361
62,2038,2,27,2.853793568557007E18,164.49008721808735,0.008142425417872683,0.0,-5.802624920891032,0.0,295.7999999999965,255.68449197860963,-83.95057129621588,0.0,0.0,6.836898395721925,0.0,0.0,143.0,734.209605256257,1541.5328949826687,0.04470534797899026,100.0,1.0,6.616658036953671
71,2038,2,27,6.50369789014244E18,160.1929681192428,0.008336712455330094,1.0,-0.27157031894647493,2.0,298.7000000000036,249.84491978609626,-3.518996414196283,0.0,0.0,6.8689839572192515,0.0,0.0,103.30000000000145,628.2476850877244,1498.4726751727976,0.04635459759263845,100.0,1.0,6.443805264473703
70,2038,2,27,2.52771244661108E18,159.36926487122147,0.008147937106878568,1.0,-17.84745858408322,2.0,298.7000000000036,249.6577540106952,-248.54392406098145,0.0,0.0,6.831550802139038,0.0,0.0,103.30000000000145,718.397278706949,1644.6970301595295,0.04659418226179423,100.0,1.0,6.410671579591778
68,2038,2,27,2.2093098651697398E18,161.6828546665333,0.008336712455330094,0.0,28.623530864433885,0.0,298.7000000000036,249.95855614973263,522.3775462756163,0.0,0.0,6.891711229946524,0.0,0.0,103.30000000000145,642.5679540617284,1301.009613608712,0.045927445984629146,100.0,1.0,6.503736351896676
64,2038,2,27,5.156518253817723E18,163.74863694723047,0.008336712455330094,0.0,19.843513066546866,0.0,298.7000000000036,249.8716577540107,318.69424808114564,0.0,0.0,6.874331550802139,0.0,0.0,103.30000000000145,768.776363093742,1284.8984047632605,0.045348045106053884,100.0,1.0,6.586833000219621
79,2038,2,27,2.819594302524464E18,158.92110735070227,0.004783084391710097,0.0,30.548061665375748,0.0,298.7000000000036,249.83155080213905,497.3731930857793,0.0,0.0,6.866310160427807,0.0,0.0,103.30000000000145,670.4350464163732,1129.3321680487338,0.04672557785512459,100.0,1.0,6.39264432269068
73,2038,2,27,2.957751204712242E18,164.544806720351,0.008336712455330094,0.0,21.30658283505843,0.0,298.7000000000036,255.0360962566845,374.97217461099,0.0,0.0,6.707219251336898,0.0,0.0,143.0,622.694210841828,1382.5895302475326,0.04512862315343697,100.0,1.0,6.618859143662015
61,2038,2,28,1.9955042617296404E18,162.49227928199966,0.009018987287708289,0.0,24.12916950008311,0.0,301.60000000000383,257.61898395721926,416.66019259313987,0.0,0.0,6.92379679144385,0.0,0.0,143.0,636.2529268244527,1308.1272709442526,0.04614234346165055,100.0,1.0,6.5362956749404635
60,2038,2,28,3.5299406018237317E18,166.43853704184107,0.007046083818522102,0.0,18.2971574631307,0.0,301.60000000000383,257.1844919786096,313.3151551783961,0.0,0.0,6.836898395721925,0.0,0.0,143.0,705.5454688255094,1396.3031476846204,0.04504830848526149,100.0,1.0,6.6950349556116775
69,2038,2,28,3.317868809496197E18,164.37591496997695,0.009018987287708289,0.0,18.376960873824245,0.0,301.60000000000383,256.3288770053476,283.39565564500634,0.0,0.0,6.665775401069519,0.0,0.0,143.0,629.7336131250324,1256.2952271481531,0.04561358372889323,100.0,1.0,6.612065427539734
65,2038,2,28,8.237168610376572E18,163.21529968204825,0.009018987287708289,0.0,-4.9307226361177525,0.0,301.60000000000383,257.4585561497326,-65.1904742435718,0.0,0.0,6.891711229946524,0.0,0.0,143.0,659.7983203157353,1397.2939748087267,0.04593793948914428,100.0,1.0,6.565379365160158
78,2038,3,1,4.687141051879245E18,163.58739336077247,0.009701262120086483,1.0,-1.307686057446715,1.0,304.49999999999994,259.23262032085563,-17.007323520818176,0.0,0.0,6.946524064171123,0.0,0.0,143.0,612.2986933897033,1355.8930848397558,0.046274155918363265,100.0,1.0,6.580346933549647
77,2038,3,1,5.866154019238748E17,166.61462198910098,0.009701262120086483,0.0,-109.80860806364655,0.0,304.49999999999994,259.15909090909093,-1249.245347841168,0.0,0.0,6.931818181818182,0.0,0.0,143.0,701.4091571525177,2387.6724518454052,0.04543339867943988,100.0,1.0,6.702118020015005
76,2038,3,2,5.182538500345593E18,172.99616385120495,0.010352524460083853,0.0,11.254734161310216,0.0,307.3999999999961,259.4024064171123,170.32837592399795,0.0,0.0,6.68048128342246,0.0,0.0,143.0,656.7002080532226,1339.6925845218948,0.044174173361360904,100.0,1.0,6.958817259246746
74,2038,7,5,7.887265943744844E18,132.53870965842717,3.1012492380827115E-4,1.0,17.315399005988596,2.0,297.26987059903536,226.5173796791444,214.4439983658796,0.0,0.0,5.803475935828877,0.0,0.0,103.39999999999998,424.03079761504125,1020.2025931745518,0.05589724289913371,100.0,1.0,5.318149074641433
72,2038,7,5,3.00978221914696E18,128.76049384601643,5.5637768892764836E-5,2.0,22.276018942982233,4.0,298.3617630179738,226.97860962566844,271.3236704864861,0.0,0.0,5.89572192513369,0.0,0.0,103.39999999999998,300.5323024084501,944.3733058111313,0.057748773142209206,100.0,1.0,5.166547214487885
75,2038,7,7,8.661686022710631E18,137.807374309734,6.434127049964131E-5,1.0,4.3795657400499195,1.0,328.51948307149127,230.27272727272728,50.145220246754704,0.0,0.0,5.954545454545454,0.0,0.0,103.39999999999998,479.0212850940667,1081.8063913005228,0.05941155287134652,100.0,1.0,5.5295555694847405
62,2038,7,8,2.853793568557007E18,140.04236046059978,4.031785280918763E-5,0.0,14.620168822312229,0.0,343.5522982849564,231.91978609625667,181.5478314093656,0.0,0.0,5.983957219251337,0.0,0.0,103.39999999999998,370.4255636526828,1056.312352947586,0.06113862496781716,100.0,1.0,5.6192349511589335
61,2038,7,8,1.9955042617296404E18,134.20374303579126,1.2668501789553564E-4,1.0,31.39052557209307,1.0,353.25669174391186,231.7058823529412,446.6022915172315,0.0,0.0,5.9411764705882355,0.0,0.0,103.39999999999998,380.13890551760284,974.3722426979871,0.06560062843707785,100.0,1.0,5.384958957866464
60,2038,7,8,3.5299406018237317E18,138.97236293602785,6.204980468352763E-5,1.0,30.203420160470124,2.0,355.36219386425455,231.7860962566845,430.6356537138361,0.0,0.0,5.957219251336898,0.0,0.0,103.39999999999998,387.03616715614595,993.3070692901762,0.06372722560577572,100.0,1.0,5.576301031251035
71,2038,7,8,6.50369789014244E18,138.69752532384985,5.7923967838675964E-5,2.0,8.730697687490872,2.0,341.38750084853655,231.77272727272728,113.32524860434584,0.0,0.0,5.954545454545454,0.0,0.0,103.39999999999998,387.8221036451085,1177.8102151497933,0.061342452479141524,100.0,1.0,5.565273102907316
69,2038,7,8,3.317868809496197E18,138.98137137206567,7.070791696495012E-5,1.0,28.428356963168667,1.0,354.30463845377534,230.97727272727272,369.7295937673034,0.0,0.0,5.795454545454546,0.0,0.0,103.39999999999998,323.65811684165334,928.856528400214,0.06353345547511623,100.0,1.0,5.576662497013778
67,2038,7,8,8.815097190336754E18,138.57374634523853,5.820662984389474E-5,1.0,15.361481564557224,1.0,322.45960229367023,231.90641711229947,177.1379818223114,0.0,0.0,5.981283422459893,0.0,0.0,103.39999999999998,408.26129972468914,972.2850625250429,0.05799313504732969,100.0,1.0,5.560306440245085
66,2038,7,8,6.646488575717851E18,136.2907802929737,7.676359500204733E-5,0.0,15.25684526028986,0.0,332.4067028119039,231.89973262032086,163.4665035292404,0.0,0.0,5.979946524064171,0.0,0.0,103.39999999999998,358.2753886561836,904.4264818521817,0.06078347508235806,100.0,1.0,5.468701852954478
79,2038,7,8,2.819594302524464E18,138.32099558718045,3.9526500612830873E-5,0.0,34.521927803353385,0.0,340.6548174064786,232.0,488.1296178640296,0.0,0.0,6.0,0.0,0.0,103.39999999999998,386.91318703999093,924.194031364052,0.06137742438262458,100.0,1.0,5.550164752480475
73,2038,7,8,2.957751204712242E18,139.69113533857427,8.17408866126176E-5,0.0,28.31728119594192,0.0,343.5748410165374,231.9331550802139,422.14179052264564,0.0,0.0,5.9866310160427805,0.0,0.0,103.39999999999998,423.7349124598197,1066.2390068566965,0.06129636747641215,100.0,1.0,5.605141954761848
63,2038,7,9,3.212672331395627E18,137.17127517950289,5.21393617700523E-5,1.0,24.52949261729292,2.0,334.192314268094,233.47994652406416,357.1156469738549,0.0,0.0,5.995989304812834,0.0,0.0,103.39999999999998,369.43130226266544,1096.2386682789688,0.06071772809593867,100.0,1.0,5.504031931827957
70,2038,7,9,2.52771244661108E18,141.77274062013558,3.1012492380827115E-4,1.0,3.2974735963246236,1.0,343.8294487893784,233.45320855614975,41.42649941030602,0.0,0.0,5.990641711229946,0.0,0.0,103.39999999999998,378.75246183128064,1197.4842527738301,0.06044112889891836,100.0,1.0,5.688666890461264
68,2038,7,9,2.2093098651697398E18,137.4961028612754,3.6511057665207336E-5,1.0,29.942943361548213,1.0,345.10074629665115,233.4933155080214,463.77045766522735,0.0,0.0,5.998663101604278,0.0,0.0,103.39999999999998,380.2297115070447,1082.9937802454058,0.06255150174794981,100.0,1.0,5.517065724292737
65,2038,7,9,8.237168610376572E18,142.05039286154897,5.2297626274581996E-5,0.0,10.864158126409528,0.0,356.577558025153,233.12566844919786,126.13492107204287,0.0,0.0,5.925133689839572,0.0,0.0,103.39999999999998,402.7719758462675,1030.3456785546443,0.06255957626251693,100.0,1.0,5.69980775651128
64,2038,7,9,5.156518253817723E18,139.51034537063282,8.850597140647005E-5,1.0,27.19428254828718,2.0,346.1087377161994,233.2192513368984,371.2274732725479,0.0,0.0,5.94385026737968,0.0,0.0,103.39999999999998,404.2641212507733,991.602221332298,0.0618284530763556,100.0,1.0,5.5978877118075285
78,2038,7,9,4.687141051879245E18,139.19337155549823,7.24252507725995E-5,1.0,7.901020838883633,1.0,368.8533907154021,233.46657754010695,90.32957691455557,0.0,0.0,5.99331550802139,0.0,0.0,103.39999999999998,410.59831470084725,1046.0699779192128,0.0660415802822844,100.0,1.0,5.585169057717819
77,2038,7,11,5.866154019238748E17,138.84941802136146,8.106569526565014E-6,1.0,-68.23541323482229,4.0,376.46266400809054,236.96122994652407,-644.8779609846213,0.0,0.0,6.092245989304812,0.0,0.0,103.39999999999998,403.25265127757876,1591.2349382117654,0.06757095835632812,100.0,1.0,5.571367835614459
76,2038,7,11,5.182538500345593E18,141.16076741341686,4.619078400480652E-5,1.0,18.542001532498567,2.0,394.6724364358661,236.41978609625667,228.48015689823546,0.0,0.0,5.983957219251337,0.0,0.0,103.39999999999998,376.44725091041636,1000.5974987023914,0.06967949864096908,100.0,1.0,5.664111311556032
62,2038,11,10,2.853793568557007E18,120.9093490491931,5.3030937723712575E-5,1.0,19.72598547287734,4.0,574.281206149248,346.798128342246,210.71764482758167,0.0,0.0,5.859625668449198,0.0,0.0,88.0,10.675233362364455,855.3660892503221,0.11866637879703539,100.0,1.0,4.839460106316105
64,2038,11,10,5.156518253817723E18,119.20838796927161,7.696643144082784E-4,1.0,25.05119847501165,4.0,610.1287473943947,341.20588235294116,291.49379449974145,0.0,0.0,5.9411764705882355,0.0,0.0,88.0,61.72071450914522,870.1186375475453,0.12787264304072507,100.0,1.0,4.77137824702724
76,2038,11,10,5.182538500345593E18,114.3639259118161,1.0927587167310467E-4,1.0,10.73593845469727,3.0,703.7186078146657,346.9451871657754,107.18316779867273,0.0,0.0,5.88903743315508,0.0,0.0,88.0,0.0,886.1012680941094,0.15373506939584025,100.0,1.0,4.577476112510909
75,2038,11,10,8.661686022710631E18,126.20688982099308,8.750703267727742E-5,2.0,15.830582106511482,2.0,536.7048730116859,340.8917112299465,164.1733675503004,0.0,0.0,5.878342245989304,0.0,0.0,88.0,0.0,869.9151854883565,0.10624669833518319,100.0,1.0,5.051496953990128
63,2038,11,11,3.212672331395627E18,122.47679397831729,1.3321517345716118E-4,1.0,32.70154775981658,1.0,607.219731131069,354.77272727272725,423.7387792342899,0.0,0.0,5.954545454545454,0.0,0.0,88.0,0.0,870.6996574172832,0.1238668332195198,100.0,1.0,4.902197911647095
60,2038,11,11,3.5299406018237317E18,122.92486032295561,7.0132275849903E-5,1.0,35.21412143036062,3.0,574.7804999580435,348.77941176470586,442.8239747747257,0.0,0.0,5.955882352941177,0.0,0.0,88.0,0.0,813.5619558476868,0.11682217056680977,100.0,1.0,4.920132002078583
71,2038,11,11,6.50369789014244E18,124.32265108992559,9.697464784498783E-5,1.0,23.56832829462473,2.0,574.1246279846983,354.4117647058824,272.5214830042163,0.0,0.0,5.882352941176471,0.0,0.0,88.0,15.989840143431291,881.9218568932511,0.11537690461691903,100.0,1.0,4.976079310594608
70,2038,11,11,2.52771244661108E18,123.88016219215592,3.1012492380827115E-4,0.0,19.847658653538446,0.0,618.6906363024679,348.81951871657753,214.7993497369462,0.0,0.0,5.963903743315508,0.0,0.0,88.0,0.0,865.0627897002636,0.12477705947909053,100.0,1.0,4.9583684603991225
67,2038,11,11,8.815097190336754E18,121.85374751019368,3.1012492380827115E-4,1.0,5.958252421178926,3.0,573.8915893458011,348.75267379679144,60.61421238091142,0.0,0.0,5.9505347593582885,0.0,0.0,88.0,0.0,947.6099331656468,0.11766679891889488,100.0,1.0,4.877260150005201
65,2038,11,11,8.237168610376572E18,120.47310294428506,1.4505375295054777E-4,1.0,16.39623403417578,3.0,619.4046960509302,348.82620320855614,160.87137620761177,0.0,0.0,5.96524064171123,0.0,0.0,88.0,0.0,817.5034532993463,0.1284539212294107,100.0,1.0,4.821999127178936
79,2038,11,11,2.819594302524464E18,123.4984574628284,9.335488374722187E-5,1.0,34.926320931120614,3.0,573.3396839177294,348.5922459893048,439.7484847323872,0.0,0.0,5.918449197860962,0.0,0.0,88.0,0.0,818.0959153726733,0.11598810109200372,100.0,1.0,4.943090528423659
78,2038,11,11,4.687141051879245E18,121.84672012517014,7.680161560383139E-5,1.0,5.263672076306826,4.0,612.2041511572303,354.4652406417112,52.68285991720201,0.0,0.0,5.893048128342246,0.0,0.0,88.0,0.0,939.6231142576308,0.12552938341932843,100.0,1.0,4.876978875234131
77,2038,11,11,5.866154019238748E17,119.1761132802777,2.7640367540844135E-4,1.0,-17.20384633484788,1.0,699.3471984545466,348.77272727272725,-138.84251698745996,0.0,0.0,5.954545454545454,0.0,0.0,88.0,50.738075583750415,949.0931975330733,0.14661101174694924,100.0,1.0,4.770086435673881
74,2038,11,11,7.887265943744844E18,130.85849607220615,1.7600733473795176E-4,1.0,26.562185578696287,2.0,476.9944972117373,348.69251336898395,323.4974438194323,0.0,0.0,5.938502673796791,0.0,0.0,88.0,11.875902018199897,892.467657381064,0.09106980633561991,100.0,1.0,5.23767993371884
73,2038,11,11,2.957751204712242E18,126.24955419002605,3.1012492380827115E-4,1.0,37.14673376401402,2.0,576.3743713413726,354.5855614973262,498.79980181676643,0.0,0.0,5.9171122994652405,0.0,0.0,88.0,0.0,843.0204016621336,0.11406115820412159,100.0,1.0,5.0532046177359025
61,2038,11,12,1.9955042617296404E18,127.51740730172351,1.1494622824620871E-4,1.0,37.416580712564084,3.0,567.3731614250564,349.677807486631,504.2988507814051,0.0,0.0,5.8355614973262036,0.0,0.0,88.0,0.0,842.523771012819,0.11116351820868331,100.0,1.0,5.1039511034541665
69,2038,11,12,3.317868809496197E18,125.94876467832506,3.1012492380827115E-4,1.0,22.50584444824465,2.0,577.7017946511357,355.7914438502674,264.5382467017699,0.0,0.0,5.858288770053476,0.0,0.0,88.0,0.0,909.3515806402298,0.11459687461554499,100.0,1.0,5.041165359781731
68,2038,11,12,2.2093098651697398E18,123.87179263930832,3.1012492380827115E-4,1.0,31.745198825366526,1.0,610.9161227414764,356.4866310160428,441.7571614616274,0.0,0.0,5.997326203208556,0.0,0.0,88.0,0.0,948.2768234024506,0.1232174262429548,100.0,1.0,4.958033464657008
66,2038,11,12,6.646488575717851E18,128.62679491226737,1.2282732092125078E-4,1.0,16.51147061258674,1.0,571.7942840342588,355.831550802139,166.45888770895345,0.0,0.0,5.866310160427807,0.0,0.0,88.0,19.465932780997218,838.8788062871145,0.11106349356885245,100.0,1.0,5.1483549243818985
72,2038,11,12,3.00978221914696E18,130.53429071194716,1.0420864375277925E-4,1.0,27.42220093172977,4.0,474.4454627801551,355.8248663101604,337.57738568111307,0.0,0.0,5.864973262032086,0.0,0.0,88.0,0.0,891.8038461962536,0.09080811338905177,100.0,1.0,5.224703444145733
70,2039,2,21,2.52771244661108E18,148.99090885926054,0.03541061830379216,0.0,-24.1958800683409,0.0,281.2999999999969,238.83288770053477,-314.705835115291,0.0,0.0,6.466577540106952,0.0,0.0,103.60000000000002,547.6687636992391,1618.3293457597765,0.04728824762078146,100.0,1.0,5.948623900293903
62,2039,2,22,2.853793568557007E18,149.51119899397048,0.03541061830379216,1.0,9.466821670206125,2.0,284.2000000000032,239.8181818181818,127.73255267570885,0.0,0.0,6.363636363636363,0.0,0.0,103.60000000000002,454.2656813739463,1216.4995438680385,0.047609498523754054,100.0,1.0,5.969397049166687
71,2039,2,22,6.50369789014244E18,152.83709347191018,0.03541061830379216,0.0,-3.521073982923433,0.0,284.2000000000032,240.13235294117646,-48.56222938458951,0.0,0.0,6.426470588235294,0.0,0.0,103.60000000000002,489.0714067595347,1443.9319500972294,0.046573466205678545,100.0,1.0,6.102186999458324
68,2039,2,22,2.2093098651697398E18,151.09652159250484,0.03501653253987147,1.0,19.711845463388446,1.0,284.2000000000032,240.1590909090909,320.80205226735893,0.0,0.0,6.431818181818182,0.0,0.0,103.60000000000002,597.7339222657157,1303.772083155267,0.047109974026968156,100.0,1.0,6.032692776211522
79,2039,2,22,2.819594302524464E18,152.7063629963013,0.03541061830379216,1.0,34.987792106339846,2.0,284.2000000000032,241.10828877005346,543.8748264970441,0.0,0.0,6.621657754010696,0.0,0.0,103.60000000000002,467.9201099147321,1009.5539651162698,0.046613337310381496,100.0,1.0,6.096967443193722
63,2039,2,23,3.212672331395627E18,154.77665091916057,0.03541061830379216,1.0,15.067991847759176,1.0,287.1000000000037,243.08288770053477,240.64244083866168,0.0,0.0,6.716577540106952,0.0,0.0,103.60000000000002,561.1685945597711,1352.617245236754,0.04645912275198337,100.0,1.0,6.179625937679748
78,2039,2,23,4.687141051879245E18,154.13931860000255,0.0161692321021882,0.0,10.825675176597024,0.0,287.1000000000037,242.16042780748663,138.01503334628188,0.0,0.0,6.532085561497326,0.0,0.0,103.60000000000002,457.5476556614367,1132.4497810117218,0.04665122104798277,100.0,1.0,6.1541797524379716
61,2039,2,25,1.9955042617296404E18,159.64467853364937,0.007778487592475206,0.0,25.847113743673884,0.0,292.8999999999962,245.74866310160428,426.35529193819536,0.0,0.0,6.649732620320855,0.0,0.0,103.60000000000002,781.3453912952681,1221.3570757258371,0.045952398315986985,100.0,1.0,6.373987228825343
64,2039,2,25,5.156518253817723E18,158.13450525039065,0.007778487592475206,0.0,14.823760384986654,0.0,292.8999999999962,246.41711229946523,223.211879512058,0.0,0.0,6.783422459893048,0.0,0.0,103.60000000000002,665.1571859057447,1279.4134175997517,0.046391240453119514,100.0,1.0,6.3136919198352786
76,2039,2,25,5.182538500345593E18,156.80894776773903,0.007778487592475206,0.0,-0.6815186761338614,0.0,292.8999999999962,246.1831550802139,-8.47339196097497,0.0,0.0,6.7366310160427805,0.0,0.0,103.60000000000002,686.5211102393768,1347.3596556516936,0.04678340082909004,100.0,1.0,6.2607675972515064
65,2039,2,26,8.237168610376572E18,156.28704353389668,0.008444006945849899,0.0,-11.04262740653781,0.0,295.7999999999965,248.4318181818182,-134.54540839526558,0.0,0.0,6.886363636363637,0.0,0.0,103.60000000000002,648.2122379817913,1358.37786482278,0.04740437790548599,100.0,1.0,6.239930003717321
75,2039,2,26,8.661686022710631E18,161.85878110587547,0.008491774917234228,1.0,14.576262892854762,1.0,295.7999999999965,247.8168449197861,193.1826506241671,0.0,0.0,6.7633689839572195,0.0,0.0,103.60000000000002,658.1610790931618,1128.923385324173,0.04577255569820328,100.0,1.0,6.4623876794279065
74,2039,2,26,7.887265943744844E18,158.43898184020918,0.00422400494605902,1.0,20.105192385649193,2.0,295.7999999999965,247.86363636363637,313.04566845114823,0.0,0.0,6.7727272727272725,0.0,0.0,103.60000000000002,621.7573861097458,1241.9069844005298,0.04676052564440165,100.0,1.0,6.32584847846788
69,2039,2,27,3.317868809496197E18,161.03653741307366,0.009205062241993248,0.0,20.02558596997337,0.0,298.7000000000036,248.6951871657754,293.09732989395513,0.0,0.0,6.63903743315508,0.0,0.0,103.60000000000002,712.1249524435144,1168.2413982855833,0.04645730968884327,100.0,1.0,6.429558706705234
72,2039,2,27,3.00978221914696E18,161.5625894609555,0.009205062241993248,1.0,11.246432574005302,1.0,298.7000000000036,249.47727272727272,164.19760039168926,0.0,0.0,6.795454545454546,0.0,0.0,103.60000000000002,605.1971334896358,1291.393243815974,0.04630604346451228,100.0,1.0,6.4505619062211474
77,2039,2,28,5.866154019238748E17,164.5247062704947,0.009887337074371446,0.0,-135.55012461357543,0.0,301.60000000000383,257.53208556149735,-1492.586362753181,0.0,0.0,6.906417112299465,0.0,0.0,143.0,716.4671884519478,2594.3375076973466,0.045913824600936855,100.0,1.0,6.568827637892962
73,2039,2,28,2.957751204712242E18,167.1537615616216,0.009887337074371446,1.0,22.867698568996932,1.0,301.60000000000383,256.8168449197861,428.4453160445349,0.0,0.0,6.7633689839572195,0.0,0.0,143.0,640.7871332777581,1442.8653729191133,0.04519167523154657,100.0,1.0,6.673795526603282
67,2039,3,1,8.815097190336754E18,164.97751640224305,0.01053859941436882,0.0,1.3534560739146335,0.0,304.49999999999994,258.7580213903743,18.747155488318107,0.0,0.0,6.851604278074866,0.0,0.0,143.0,675.232155751626,1334.990690647393,0.04622807330930563,100.0,1.0,6.58690657433704
66,2039,3,1,6.646488575717851E18,167.88909224311644,0.01053859941436882,0.0,6.891051377133665,0.0,304.49999999999994,258.6844919786096,93.33339050283845,0.0,0.0,6.836898395721925,0.0,0.0,143.0,610.9479564614459,1253.61002007973,0.04542637416602479,100.0,1.0,6.703154402927035
60,2039,3,2,3.5299406018237317E18,170.704748799427,0.011189861754366186,0.0,30.213177912214633,0.0,307.3999999999961,260.5187165775401,528.0980672320819,0.0,0.0,6.903743315508021,0.0,0.0,143.0,535.0323033286879,1218.398444302738,0.04510259376604884,100.0,1.0,6.8155725498739
62,2039,7,5,2.853793568557007E18,133.29549622090147,2.61399969494497E-5,1.0,9.658402951564137,2.0,291.39619997303686,227.39304812834226,116.0917951940363,0.0,0.0,5.978609625668449,0.0,0.0,103.69999999999852,342.99743269599264,1079.3712866202955,0.05488978244964341,100.0,1.0,5.308751227796676
71,2039,7,5,6.50369789014244E18,138.8993792417502,7.010057048107396E-5,1.0,-1.7629836250112538,1.0,292.1241022678892,225.88903743315507,-21.723238319270422,0.0,0.0,5.677807486631016,0.0,0.0,103.69999999999852,401.94430480471914,1286.695451722304,0.05280684090936519,100.0,1.0,5.531936719510931
78,2039,7,5,4.687141051879245E18,134.80488602290066,3.1012492380827115E-4,1.0,6.849693854449197,2.0,298.14755502678855,226.3168449197861,76.46057257761974,0.0,0.0,5.7633689839572195,0.0,0.0,103.69999999999852,344.95788430029086,1031.88450526693,0.05553269112787863,100.0,1.0,5.36886559918779
63,2039,7,6,3.212672331395627E18,128.829865527192,4.24015482373901E-5,1.0,23.65756645159351,5.0,301.29163434295424,228.76604278074868,313.6549575884527,0.0,0.0,5.9532085561497325,0.0,0.0,103.69999999999852,250.0634725350633,1009.217066679559,0.05872102409366787,100.0,1.0,5.130898838929545
70,2039,7,6,2.52771244661108E18,135.84546791385833,7.451343676315979E-5,1.0,-1.3275295532160856,1.0,289.3477972826682,228.51871657754012,-15.046838268751728,0.0,0.0,5.903743315508021,0.0,0.0,103.69999999999852,291.51700765071814,1200.7001681550062,0.05348082866084319,100.0,1.0,5.410308787801537
68,2039,7,6,2.2093098651697398E18,132.8029552782887,4.734731661194977E-5,2.0,27.456665540221326,4.0,294.633557219075,227.3957219251337,391.7328226673099,0.0,0.0,5.679144385026738,0.0,0.0,103.69999999999852,278.5055029202759,1032.6048593750218,0.055705435128540856,100.0,1.0,5.289134831084347
67,2039,7,6,8.815097190336754E18,137.89609949060048,4.9414423806289214E-5,1.0,12.65756051371536,2.0,360.56615741818894,228.7125668449198,143.35405823070505,0.0,0.0,5.942513368983957,0.0,0.0,103.69999999999852,355.65029178406246,985.3548366524826,0.06565322752663207,100.0,1.0,5.491979160840589
79,2039,7,6,2.819594302524464E18,134.94973395371312,9.114887250419446E-6,1.0,35.948582888020155,2.0,295.02971396917775,227.63636363636363,492.8767337143049,0.0,0.0,5.7272727272727275,0.0,0.0,103.69999999999852,297.39922083940303,876.5109125989028,0.05489298235938464,100.0,1.0,5.37463444849137
65,2039,7,7,8.237168610376572E18,135.02362779519586,1.3746672154621944E-4,1.0,-4.624483277804965,3.0,326.5187045790098,230.4398395721925,-48.15575004897018,0.0,0.0,5.987967914438503,0.0,0.0,103.69999999999852,415.05122441454904,1102.8556861130062,0.060718550278951997,100.0,1.0,5.377577413803917
64,2039,7,7,5.156518253817723E18,137.39270194220018,6.331664430548615E-5,1.0,17.97319772449947,1.0,319.39707311441055,230.41978609625667,234.68611871308445,0.0,0.0,5.983957219251337,0.0,0.0,103.69999999999852,448.04763482819686,1067.6043819305928,0.058370090809801704,100.0,1.0,5.471930378781873
73,2039,7,7,2.957751204712242E18,136.7584808816092,4.8639417159390086E-5,1.0,27.27834445788654,1.0,352.47106907967117,230.33957219251337,417.23565867568544,0.0,0.0,5.967914438502674,0.0,0.0,103.69999999999852,443.00700004767697,1109.9933636705546,0.06471311556305095,100.0,1.0,5.446671297045703
72,2039,7,7,3.00978221914696E18,133.01456576795775,8.23923814580954E-5,1.0,13.953930613155325,5.0,338.85088105760974,230.36631016042782,167.39717446350375,0.0,0.0,5.973262032085562,0.0,0.0,103.69999999999852,330.1144817401597,1028.015530794752,0.06396354414588279,100.0,1.0,5.297562628562084
77,2039,7,8,5.866154019238748E17,134.30240498672612,1.0798221581067934E-4,1.0,-82.04386820233024,1.0,354.0002531085408,232.0,-735.1800107273449,0.0,0.0,6.0,0.0,0.0,103.69999999999852,380.05589174881413,1632.3119790492178,0.06618245668672049,100.0,1.0,5.348853319003055
76,2039,7,8,5.182538500345593E18,141.19883619432397,3.888226226282235E-5,1.0,5.970054616805348,1.0,321.59187480848675,231.73930481283423,72.36922601298662,0.0,0.0,5.947860962566845,0.0,0.0,103.69999999999852,436.9309903427274,1130.2388580799504,0.05718696542382967,100.0,1.0,5.6235170449257685
75,2039,7,8,8.661686022710631E18,135.70697453091768,4.166105908225028E-5,1.0,14.701080826197092,3.0,332.48963672707066,231.94652406417111,163.06290925223405,0.0,0.0,5.989304812834225,0.0,0.0,103.69999999999852,351.1422701983262,942.6753766800188,0.061517552190334335,100.0,1.0,5.4047930206708
74,2039,7,8,7.887265943744844E18,136.78851828664173,5.498668861848781E-5,1.0,19.459597084818792,3.0,330.68717140251505,231.33155080213905,261.157258947836,0.0,0.0,5.866310160427807,0.0,0.0,103.69999999999852,445.0764157156055,1077.9794905091574,0.06070029523376923,100.0,1.0,5.447867594860474
60,2039,7,9,3.5299406018237317E18,141.44109651143256,3.573691216965559E-5,1.0,36.85236815483525,2.0,386.75125539940933,233.44652406417111,532.483478938771,0.0,0.0,5.989304812834225,0.0,0.0,103.69999999999852,317.4769207744122,911.0201852093882,0.0686561140911607,100.0,1.0,5.633165531126419
69,2039,7,9,3.317868809496197E18,135.8124276242825,3.1012492380827115E-4,1.0,19.781780914196826,2.0,344.38831636414807,233.4933155080214,243.72499314345842,0.0,0.0,5.998663101604278,0.0,0.0,103.69999999999852,397.6691147092301,985.6549934859222,0.06366958195255677,100.0,1.0,5.4089928942955545
66,2039,7,9,6.646488575717851E18,140.22196211054808,9.015259413031138E-5,1.0,15.634442807022628,2.0,370.983057159623,233.27272727272728,175.95810899423697,0.0,0.0,5.954545454545454,0.0,0.0,103.69999999999852,369.19199616112707,946.2232891488787,0.06642952349850068,100.0,1.0,5.584611143086042
61,2039,7,10,1.9955042617296404E18,141.68749541035143,3.531370118518232E-5,1.0,33.49500210389006,1.0,328.8432870560867,234.9398395721925,489.1433828162147,0.0,0.0,5.987967914438503,0.0,0.0,103.69999999999852,407.36095083306884,969.5991120339929,0.05827476872161286,100.0,1.0,5.6429788443609175
76,2039,11,9,5.182538500345593E18,120.49263031981862,1.5475295599215124E-4,1.0,11.002442582472435,2.0,572.6124542197172,339.5187165775401,113.1151866919291,0.0,0.0,5.903743315508021,0.0,0.0,88.0,1.5061549435145025,910.5880698645234,0.11961972725612549,100.0,1.0,4.7869399751569395
63,2039,11,10,3.212672331395627E18,121.17636638994458,7.106437300831141E-5,1.0,29.04727428685857,5.0,491.85614146192347,347.17245989304814,361.0586316000115,0.0,0.0,5.934491978609626,0.0,0.0,88.0,0.0,880.1357537671953,0.10216983127507902,100.0,1.0,4.814103491447144
62,2039,11,10,2.853793568557007E18,131.44985982160978,3.1012492380827115E-4,1.0,25.485947328229912,1.0,474.34778021329333,347.17914438502675,300.17176713055864,0.0,0.0,5.935828877005347,0.0,0.0,88.0,9.32436513165409,875.8122478018894,0.09083207772306968,100.0,1.0,5.222249585212534
71,2039,11,10,6.50369789014244E18,129.8515961197594,6.677969935578622E-5,1.0,27.18555685671611,2.0,482.64618232913193,341.225935828877,321.2430136810215,0.0,0.0,5.945187165775401,0.0,0.0,88.0,6.780174035076022,858.3944898317686,0.09355868009919897,100.0,1.0,5.158753648698217
69,2039,11,10,3.317868809496197E18,122.3173476319689,3.1012492380827115E-4,1.0,17.529915634174035,3.0,599.6014222307463,347.11898395721926,194.10830462200292,0.0,0.0,5.92379679144385,0.0,0.0,88.0,6.41393875028584,910.3651436789773,0.12338918691614177,100.0,1.0,4.859432477160658
65,2039,11,10,8.237168610376572E18,124.70760988513491,2.0695779255839458E-4,2.0,11.3271568953477,2.0,530.2765770595265,340.951871657754,110.5976859640803,0.0,0.0,5.890374331550802,0.0,0.0,88.0,29.208734909539285,861.1034291226841,0.10703159361063386,100.0,1.0,4.95439298968676
64,2039,11,10,5.156518253817723E18,126.97318100170862,1.0775709652823875E-4,1.0,30.468364376575124,3.0,534.7288260188901,346.8449197860963,366.19903709720154,0.0,0.0,5.8689839572192515,0.0,0.0,88.0,0.0,834.3414374594324,0.10600445069192624,100.0,1.0,5.0443997636753695
75,2039,11,10,8.661686022710631E18,120.34000995188788,1.724832724183933E-4,1.0,8.204866711524339,3.0,563.4744797367983,347.19251336898395,80.79092473392255,0.0,0.0,5.938502673796791,0.0,0.0,88.0,0.0,897.3035823769695,0.11786007453512609,100.0,1.0,4.780876662086828
61,2039,11,11,1.9955042617296404E18,123.09045076310045,7.110999812168009E-6,1.0,31.37598848506835,3.0,659.0118944377915,354.60561497326205,397.04581459457677,0.0,0.0,5.921122994652406,0.0,0.0,88.0,0.0,867.085155826558,0.1347632246486641,100.0,1.0,4.8901463745459886
70,2039,11,11,2.52771244661108E18,129.90891551010188,6.941023361868199E-5,1.0,21.989445555798753,2.0,506.2483728494292,348.55213903743316,249.16975753693163,0.0,0.0,5.910427807486631,0.0,0.0,88.0,0.0,881.8550394298344,0.0980905537631826,100.0,1.0,5.161030837603906
68,2039,11,11,2.2093098651697398E18,127.18446558968246,9.14822784095195E-5,1.0,28.03307295467258,5.0,501.2995776845725,354.65909090909093,381.9288179161861,0.0,0.0,5.931818181818182,0.0,0.0,88.0,32.21459889708809,978.763372124705,0.09921235817817886,100.0,1.0,5.052793693143262
67,2039,11,11,8.815097190336754E18,127.43451801979171,6.24496423294948E-5,1.0,8.899531201697963,2.0,509.6887627751398,348.73262032085563,93.07279539128628,0.0,0.0,5.946524064171123,0.0,0.0,88.0,2.2916005884649007,947.4165667133473,0.10067473178251492,100.0,1.0,5.062727794261301
66,2039,11,11,6.646488575717851E18,122.27571865427892,3.1012492380827115E-4,1.0,13.465767648654822,5.0,613.2999442853697,348.5922459893048,131.8284118946928,0.0,0.0,5.918449197860962,0.0,0.0,88.0,0.8186647851963501,844.3020087044255,0.126251109812628,100.0,1.0,4.857778638109252
79,2039,11,11,2.819594302524464E18,126.13664320822578,1.721004016694068E-4,1.0,34.87678651214452,5.0,504.79060324998784,348.5855614973262,445.7123518395339,0.0,0.0,5.9171122994652405,0.0,0.0,88.0,0.0,831.0681453742089,0.10073316878886573,100.0,1.0,5.0111657294134835
78,2039,11,11,4.687141051879245E18,130.21780874946762,8.152600520722165E-5,1.0,9.821777273018855,3.0,479.4023939708975,348.67914438502675,105.40285203799377,0.0,0.0,5.935828877005347,0.0,0.0,88.0,9.852807920806315,962.5703230157484,0.09266853956870279,100.0,1.0,5.1733025706688425
74,2039,11,11,7.887265943744844E18,123.73127357598106,1.2576030973571422E-4,1.0,25.993474722912,3.0,568.6478796998739,348.61229946524065,314.5439225429106,0.0,0.0,5.922459893048129,0.0,0.0,88.0,0.0,893.7577159688922,0.11568217467609687,100.0,1.0,4.91560502983328
73,2039,11,11,2.957751204712242E18,129.3326747406921,2.1839783366779656E-4,1.0,41.09247590348321,1.0,536.4386316982291,348.65909090909093,592.4603682682281,0.0,0.0,5.931818181818182,0.0,0.0,88.0,0.0,848.2568877318218,0.10440331534195406,100.0,1.0,5.138137902433672
72,2039,11,11,3.00978221914696E18,129.45299639356867,1.862875145039676E-5,1.0,22.614132865192204,2.0,529.5032716803,348.62566844919786,262.98434043426965,0.0,0.0,5.925133689839572,0.0,0.0,88.0,7.962434553028284,897.532298989964,0.1029577501629497,100.0,1.0,5.142918049804537
60,2039,11,12,3.5299406018237317E18,123.84134687087963,9.409129969911138E-5,1.0,34.6845618141278,3.0,619.2386680606655,355.1697860962567,437.6459093556172,0.0,0.0,5.733957219251337,0.0,0.0,88.0,16.085053511149486,823.1028249303585,0.12586207993681653,100.0,1.0,4.91997802969351
77,2039,11,12,5.866154019238748E17,130.38938412281922,3.1012492380827115E-4,1.0,-1.074093934021617,2.0,566.3523297994712,355.9251336898396,-8.858153685790695,0.0,0.0,5.885026737967914,0.0,0.0,88.0,5.357302533708655,877.6892870649749,0.10933191640954512,100.0,1.0,5.180118929572027
61,2040,2,21,1.9955042617296404E18,151.36232971962863,0.03615491812093203,0.0,36.356785537443905,0.0,281.2999999999969,238.13770053475935,599.764723162086,0.0,0.0,6.327540106951871,0.0,0.0,103.89999999999996,524.2335742622807,1048.7197124049103,0.04689574025655967,100.0,1.0,5.998412616178913
67,2040,2,21,8.815097190336754E18,153.26969379216902,0.03615491812093203,0.0,10.57185378198652,0.0,281.2999999999969,238.63235294117646,138.00520079521536,0.0,0.0,6.426470588235294,0.0,0.0,103.89999999999996,607.5761762120496,1162.2165539225523,0.04631214641026526,100.0,1.0,6.0740004902395475
75,2040,2,22,8.661686022710631E18,148.41109429660798,0.03615491812093203,0.0,6.622008723220563,0.0,284.2000000000032,240.18582887700535,74.17461660582492,0.0,0.0,6.43716577540107,0.0,0.0,103.89999999999996,559.3563936981193,1038.9313123691115,0.04832136271703565,100.0,1.0,5.881456648154684
60,2040,2,24,3.5299406018237317E18,154.66453651343474,0.004679860326764381,1.0,19.587499793871924,1.0,290.00000000000006,244.02807486631016,296.7831357764003,0.0,0.0,6.605614973262032,0.0,0.0,103.89999999999996,640.3021176005713,1216.1119809943136,0.04731389705008925,100.0,1.0,6.1292774022184044
65,2040,2,24,8.237168610376572E18,158.13522744479215,0.007871525069617687,0.0,-15.156732988184011,0.0,290.00000000000006,243.96791443850267,-178.81222328179896,0.0,0.0,6.593582887700535,0.0,0.0,103.89999999999996,660.2925052868669,1362.2700689347046,0.04627546990091879,100.0,1.0,6.266819129463711
70,2040,2,25,2.52771244661108E18,159.70315768141342,0.008615824886757537,1.0,-29.081168733507845,1.0,292.8999999999962,244.4318181818182,-396.6214557499692,0.0,0.0,6.386363636363637,0.0,0.0,103.89999999999996,625.8084089266331,1762.540658576995,0.046279359060759986,100.0,1.0,6.328955412183842
79,2040,2,25,2.819594302524464E18,158.9666406022322,0.008615824886757537,0.0,29.842125880792228,0.0,292.8999999999962,246.61096256684493,489.23980673807506,0.0,0.0,6.822192513368984,0.0,0.0,103.89999999999996,756.7186645156369,1148.2132907366104,0.04649377850267986,100.0,1.0,6.299767612630445
72,2040,2,25,3.00978221914696E18,153.10665748244924,0.008615824886757537,0.0,8.858863640703316,0.0,292.8999999999962,246.28342245989305,123.33151394312665,0.0,0.0,6.75668449197861,0.0,0.0,103.89999999999996,551.3559761965918,1262.0002314189087,0.04827327497710239,100.0,1.0,6.067539443696919
63,2040,2,26,3.212672331395627E18,156.39109698432995,0.005619947115371421,0.0,6.503565568593043,0.0,295.7999999999965,248.2379679144385,105.4493246551781,0.0,0.0,6.847593582887701,0.0,0.0,103.89999999999996,665.3177662098343,1504.6836358582832,0.047727381807432134,100.0,1.0,6.197700120938424
62,2040,2,26,2.853793568557007E18,161.32507142405817,0.00932911221151656,1.0,3.8271603009245165,1.0,295.7999999999965,247.79010695187165,57.033880735253454,0.0,0.0,6.758021390374331,0.0,0.0,103.89999999999996,645.2736688928411,1415.9947643554592,0.0462676850607682,100.0,1.0,6.393231033960125
71,2040,2,26,6.50369789014244E18,160.24258655312175,0.0045111761177546224,0.0,-25.775405913728438,0.0,295.7999999999965,248.25802139037432,-374.5696991354349,0.0,0.0,6.851604278074866,0.0,0.0,103.89999999999996,715.9982745637087,1830.3935726436573,0.04658023661256745,100.0,1.0,6.350332705699245
68,2040,2,26,2.2093098651697398E18,157.59261305450934,0.00932911221151656,0.0,16.957686365666678,0.0,295.7999999999965,248.21791443850267,295.92886169247225,0.0,0.0,6.843582887700535,0.0,0.0,103.89999999999996,630.9354949900721,1445.46555346399,0.04736349916650285,100.0,1.0,6.2453155954574555
64,2040,2,26,5.156518253817723E18,159.38116892353295,0.00932911221151656,0.0,19.806724515634176,0.0,295.7999999999965,247.62967914438502,302.6582888633025,0.0,0.0,6.725935828877005,0.0,0.0,103.89999999999996,627.0503545464609,1222.9869967656955,0.04683199180597911,100.0,1.0,6.316195160467876
78,2040,2,26,4.687141051879245E18,166.56028100863884,0.00932911221151656,0.0,4.935238730187535,0.0,295.7999999999965,247.9639037433155,68.69665373666537,0.0,0.0,6.792780748663102,0.0,0.0,103.89999999999996,674.4792678841154,1314.3338995549404,0.04481343062015557,100.0,1.0,6.60069974350403
77,2040,2,26,5.866154019238748E17,163.76926232324587,0.0068495684372368295,1.0,-120.79949541221492,2.0,292.8999999999962,247.37566844919786,-1309.273565814402,0.0,0.0,6.675133689839572,0.0,0.0,103.89999999999996,651.0870696908214,2393.729557629819,0.045130323435707415,100.0,1.0,6.490093083805639
74,2040,2,26,7.887265943744844E18,162.1938954150291,0.00932911221151656,0.0,12.400770149879852,0.0,295.7999999999965,248.13770053475935,196.8286631597676,0.0,0.0,6.827540106951871,0.0,0.0,103.89999999999996,710.5280100482781,1386.4582160306513,0.04601984296606665,100.0,1.0,6.427662089549255
69,2040,2,27,3.317868809496197E18,164.78297537975428,0.010011387043894758,0.0,13.761319400994376,0.0,298.7000000000036,249.0427807486631,194.90556480151025,0.0,0.0,6.708556149732621,0.0,0.0,103.89999999999996,653.210767529093,1218.685261862997,0.045740862484507976,100.0,1.0,6.530266019823537
66,2040,2,27,6.646488575717851E18,161.4000971722499,0.005637042254445246,0.0,9.404086363936766,0.0,295.7999999999965,249.91844919786095,123.16588067374443,0.0,0.0,6.883689839572193,0.0,0.0,103.89999999999996,648.1294807925036,1181.2035982498921,0.046246177838966,100.0,1.0,6.396204266436954
73,2040,2,27,2.957751204712242E18,162.09151593684476,0.0060748707790623515,0.0,25.660552347057234,0.0,298.7000000000036,249.97192513368984,463.6389916848728,0.0,0.0,6.894385026737968,0.0,0.0,103.89999999999996,645.0509766401254,1340.9577604754277,0.04650036970207717,100.0,1.0,6.4236048425795795
76,2040,2,29,5.182538500345593E18,168.89883534915631,0.0062157392028679365,1.0,3.5955020270746516,2.0,304.49999999999994,258.71791443850265,54.916814550201224,0.0,0.0,6.843582887700535,0.0,0.0,143.0,653.7235232593501,1458.5245713183447,0.045492741497637844,100.0,1.0,6.693375469926577
61,2040,7,3,1.9955042617296404E18,136.40544901812717,3.1012492380827115E-4,1.0,39.9723009874494,1.0,283.86236380919286,225.34491978609626,592.789059773877,0.0,0.0,5.8689839572192515,0.0,0.0,104.0,279.394483021497,889.1155107765754,0.052642449838076755,100.0,1.0,5.392271155357072
75,2040,7,3,8.661686022710631E18,133.59067268590726,1.9096362303464972E-4,1.0,12.926150670104706,2.0,288.1206717021703,225.28475935828877,129.8077952070145,0.0,0.0,5.856951871657754,0.0,0.0,104.0,224.9543210251167,869.6575401316154,0.05455797951658415,100.0,1.0,5.280999667786257
67,2040,7,4,8.815097190336754E18,131.06151684466013,3.764565717507541E-5,2.0,11.219736092582368,3.0,287.1406319137203,227.3596256684492,124.94103880025494,0.0,0.0,5.971925133689839,0.0,0.0,104.0,298.6039905992803,984.1260015630518,0.055421650897221814,100.0,1.0,5.181019101112957
70,2040,7,5,2.52771244661108E18,134.05211464505047,8.063570561837526E-5,2.0,-25.524034973758397,4.0,317.02583918543894,228.91310160427807,-291.15257140080183,0.0,0.0,5.982620320855615,0.0,0.0,104.0,429.46600293404924,1434.8381563812577,0.05982476317752659,100.0,1.0,5.299241022395404
68,2040,7,5,2.2093098651697398E18,138.61644136935985,9.655196880705825E-5,1.0,19.30603155483719,1.0,323.97218686065537,228.00401069518716,295.6854040456692,0.0,0.0,5.800802139037433,0.0,0.0,104.0,443.1051006173309,1232.2236570773687,0.05912252570460916,100.0,1.0,5.479674337312668
60,2040,7,6,3.5299406018237317E18,135.0368263795789,2.307477111668683E-4,2.0,24.732317346420107,4.0,310.1973216398878,229.97192513368984,326.42567120549376,0.0,0.0,5.894385026737968,0.0,0.0,104.0,387.0417981873666,991.199157471306,0.05810932323771345,100.0,1.0,5.33816785941446
71,2040,7,6,6.50369789014244E18,132.67491943962742,3.921660645021132E-5,1.0,-16.41526453265928,5.0,328.4296230651352,230.4264705882353,-196.51241679570302,0.0,0.0,5.985294117647059,0.0,0.0,104.0,453.3472468839556,1398.890893744197,0.0626200609254965,100.0,1.0,5.244798842592808
66,2040,7,6,6.646488575717851E18,134.5074723445567,5.310358284388202E-5,1.0,10.445241097319732,2.0,338.3899996912606,230.03208556149733,113.84098102015724,0.0,0.0,5.906417112299465,0.0,0.0,104.0,399.2011453508992,970.4971207537586,0.06364013687355356,100.0,1.0,5.317241858916911
65,2040,7,6,8.237168610376572E18,139.0431413166909,7.359395439209091E-5,1.0,2.0546289807949103,2.0,311.7827390854509,230.03208556149733,21.825150779874853,0.0,0.0,5.906417112299465,0.0,0.0,104.0,306.98553583264567,1016.169719141329,0.05672343123262815,100.0,1.0,5.496542298486853
64,2040,7,6,5.156518253817723E18,140.4809849609371,3.49633510494105E-5,1.0,27.12347481013972,1.0,327.94234149997186,230.2125668449198,364.2758902155423,0.0,0.0,5.942513368983957,0.0,0.0,104.0,348.35213844902495,977.1156956618315,0.05905272542958617,100.0,1.0,5.553381983885007
79,2040,7,6,2.819594302524464E18,137.08120084150866,9.583588498401453E-5,1.0,34.20363877548124,1.0,319.4685742653736,230.38636363636363,482.22765904732495,0.0,0.0,5.9772727272727275,0.0,0.0,104.0,386.8318294769836,926.2898285501333,0.05895358771145988,100.0,1.0,5.418984436180001
78,2040,7,6,4.687141051879245E18,135.03045875485878,3.1012492380827115E-4,1.0,1.958032556827984,3.0,331.28754421111125,230.4264705882353,22.567231761867408,0.0,0.0,5.985294117647059,0.0,0.0,104.0,397.07364882319274,1095.8749635814415,0.0620630852095244,100.0,1.0,5.337916139564889
77,2040,7,6,5.866154019238748E17,139.69032707746172,6.076115278375217E-5,1.0,-88.66271405496003,1.0,330.1603547902336,225.47994652406416,-817.3475085360043,0.0,0.0,4.995989304812834,0.0,0.0,104.0,410.8694108712952,1740.0620069632232,0.059788627631100634,100.0,1.0,5.522126328561052
74,2040,7,6,7.887265943744844E18,141.42682235571223,8.217406566196902E-5,0.0,16.81927892799712,0.0,329.4146578046941,228.85561497326202,232.19456394783344,0.0,0.0,5.671122994652406,0.0,0.0,104.0,456.13230361474615,1144.9462910259083,0.058921138902971265,100.0,1.0,5.590772071584693
73,2040,7,6,2.957751204712242E18,135.5826121041609,1.9190898750511825E-4,1.0,26.732803263311155,2.0,338.77162266119706,229.5173796791444,403.0870777950166,0.0,0.0,5.803475935828877,0.0,0.0,104.0,432.4965860000008,1102.636859617689,0.06320668655958211,100.0,1.0,5.359743424326668
72,2040,7,6,3.00978221914696E18,136.4434789956968,1.5822700194299553E-4,1.0,10.011958284748307,2.0,316.7255549157972,230.18582887700535,123.85181374708391,0.0,0.0,5.93716577540107,0.0,0.0,104.0,403.3817686684446,1107.6469095105717,0.058720577470852096,100.0,1.0,5.393774526025641
63,2040,7,7,3.212672331395627E18,137.9930463268985,5.067400715821424E-5,1.0,19.453493792614857,2.0,329.11039497686943,231.95320855614975,276.415703744001,0.0,0.0,5.990641711229946,0.0,0.0,104.0,350.8273232679363,1140.7753014289851,0.060331537634744345,100.0,1.0,5.455030782894185
62,2040,7,7,2.853793568557007E18,140.53330716148287,5.479238936541892E-5,1.0,16.16465672178038,1.0,331.8646957469842,231.35828877005346,207.44629529673932,0.0,0.0,5.871657754010696,0.0,0.0,104.0,338.4324797062723,1072.5539813348644,0.05973677654199044,100.0,1.0,5.555450343285738
69,2040,7,7,3.317868809496197E18,143.35497686600894,6.26768237284299E-5,0.0,17.039643561645008,0.0,343.03651868800614,231.35160427807486,209.5831843494279,0.0,0.0,5.870320855614973,0.0,0.0,104.0,365.02640548566956,1017.1373169565445,0.06053235603598038,100.0,1.0,5.666994334139341
76,2040,7,9,5.182538500345593E18,141.561264885865,7.458511876100796E-5,1.0,15.3990316314033,2.0,374.04832099633796,234.9398395721925,195.43547242241627,0.0,0.0,5.987967914438503,0.0,0.0,104.0,363.30105435358723,1069.897589896257,0.06684105124894286,100.0,1.0,5.596086746200805
71,2040,11,8,6.50369789014244E18,127.27670021490627,9.268527310468359E-5,1.0,19.200791139848754,2.0,522.0501983653343,339.4050802139037,221.37313726091443,0.0,0.0,5.8810160427807485,0.0,0.0,88.0,58.74402335413414,929.223683498468,0.10401631238652145,100.0,1.0,5.018926227892137
70,2040,11,8,2.52771244661108E18,124.3744116657682,1.0088644235792817E-4,1.0,15.883309507331301,4.0,496.58844366984624,339.3582887700535,168.56948780101507,0.0,0.0,5.871657754010696,0.0,0.0,88.0,0.0,889.9184635229059,0.10125201257297467,100.0,1.0,4.904479733792387
74,2040,11,8,7.887265943744844E18,127.9474038328233,8.327736944368183E-5,0.0,25.60083981236523,0.0,538.6004436290413,339.3649732620321,318.61766661603974,0.0,0.0,5.872994652406417,0.0,0.0,88.0,8.41881948912827,924.1786529656846,0.1067513371925553,100.0,1.0,5.0453742106998405
72,2040,11,8,3.00978221914696E18,121.92748949154506,3.1012492380827115E-4,1.0,17.628473868590167,4.0,528.916153918313,339.63903743315507,194.0492923473213,0.0,0.0,5.927807486631016,0.0,0.0,88.0,0.0,903.703914992933,0.11000775318106086,100.0,1.0,4.8079897882086025
63,2040,11,9,3.212672331395627E18,121.1941136522901,7.627273089234412E-5,1.0,28.323312107264915,3.0,567.0857186685648,347.13235294117646,352.1317689395166,0.0,0.0,5.926470588235294,0.0,0.0,88.0,0.0,889.4479599315559,0.1186602553381166,100.0,1.0,4.779070439825717
60,2040,11,9,3.5299406018237317E18,126.11986593512624,7.831437469905834E-5,1.0,32.924823492890916,2.0,529.2209940121152,347.0855614973262,404.62376752267807,0.0,0.0,5.9171122994652405,0.0,0.0,88.0,0.0,822.942509025596,0.10641225802686904,100.0,1.0,4.973308562613973
69,2040,11,9,3.317868809496197E18,125.33491517776218,6.692380746833645E-5,1.0,14.383894417081278,1.0,578.9135188774078,340.9585561497326,154.42043134481023,0.0,0.0,5.891711229946524,0.0,0.0,88.0,0.0,915.439250640472,0.11713312096836814,100.0,1.0,4.9423554507161445
66,2040,11,9,6.646488575717851E18,127.81911426663672,3.1012492380827115E-4,1.0,18.06734052141063,3.0,528.2633034412994,347.17245989304814,186.11632653318807,0.0,0.0,5.934491978609626,0.0,0.0,88.0,0.0,841.7485171959727,0.10480758988161865,100.0,1.0,5.040315343936243
65,2040,11,9,8.237168610376572E18,122.82531438680643,9.870303112930331E-5,1.0,5.825556175113225,5.0,536.7393154986594,346.7245989304813,53.708395737262286,0.0,0.0,5.8449197860962565,0.0,0.0,88.0,0.0,860.9426221359194,0.11081884479779845,100.0,1.0,4.843393887366369
79,2040,11,9,2.819594302524464E18,117.24155711257238,1.0042905563739347E-4,1.0,29.32506871921381,9.0,532.998309810898,347.17245989304814,352.8856233179758,0.0,0.0,5.934491978609626,0.0,0.0,88.0,0.0,848.7915799955883,0.11528753385322567,100.0,1.0,4.623208529115267
78,2040,11,9,4.687141051879245E18,129.2818143178261,3.1012492380827115E-4,1.0,9.688316053408863,2.0,529.2139870066054,340.42379679144386,103.9918122277758,0.0,0.0,5.78475935828877,0.0,0.0,88.0,40.42033022996495,964.1800654248219,0.10380827414839561,100.0,1.0,5.097994272114431
77,2040,11,9,5.866154019238748E17,127.58344787652354,1.3344445946999618E-4,1.0,-2.874931312737312,2.0,538.0079373621646,347.0120320855615,-23.7053900639792,0.0,0.0,5.902406417112299,0.0,0.0,88.0,0.0,864.3593177426989,0.10693809505490884,100.0,1.0,5.031022266535766
76,2040,11,9,5.182538500345593E18,120.91851170934805,6.873336077310972E-5,1.0,14.837181540391303,3.0,654.0843070518554,341.11229946524065,160.37509264693412,0.0,0.0,5.922459893048129,0.0,0.0,88.0,0.0,917.7648006638193,0.1371762832216511,100.0,1.0,4.768202576206107
75,2040,11,9,8.661686022710631E18,131.45150078363832,9.296310665715568E-5,1.0,7.011649526088316,2.0,451.8571270747484,346.9852941176471,69.18725383016407,0.0,0.0,5.897058823529412,0.0,0.0,88.0,0.0,911.8354300114435,0.08717133217159347,100.0,1.0,5.183551929495407
62,2040,11,10,2.853793568557007E18,129.14045990824548,3.1012492380827115E-4,1.0,24.87158331648033,1.0,575.5567648682978,354.64572192513367,292.2219158104169,0.0,0.0,5.929144385026738,0.0,0.0,88.0,4.498327680287284,881.0941762401316,0.1130222448959494,100.0,1.0,5.092420216906567
61,2040,11,10,1.9955042617296404E18,132.97026039091062,1.6018849370261944E-4,1.0,37.707918892617904,3.0,458.32559460113254,354.47192513368987,543.7591444974229,0.0,0.0,5.894385026737968,0.0,0.0,88.0,9.196720909857449,897.2440336036469,0.08740930888249734,100.0,1.0,5.243441464767223
68,2040,11,10,2.2093098651697398E18,122.93874713547564,3.1012492380827115E-4,1.0,26.76295057986042,7.0,509.9398712621528,354.77272727272725,362.27592343141066,0.0,0.0,5.954545454545454,0.0,0.0,88.0,17.24128935011447,989.4649486319478,0.10518850486725877,100.0,1.0,4.847866902430685
67,2040,11,10,8.815097190336754E18,126.46104877189714,1.4573539652644314E-4,1.0,8.544346243020378,7.0,473.25183038283353,354.2847593582888,91.68659346749631,0.0,0.0,5.856951871657754,0.0,0.0,88.0,11.052944805051762,975.7971984061122,0.09490161830002138,100.0,1.0,4.986762490042036
64,2040,11,10,5.156518253817723E18,126.98808840492833,1.574238191920158E-4,1.0,29.54928838592494,2.0,542.482848504107,348.5788770053476,357.8971162158787,0.0,0.0,5.915775401069519,0.0,0.0,88.0,4.135919464042794,851.6503648432727,0.10833308762431595,100.0,1.0,5.007545343721411
73,2040,11,11,2.957751204712242E18,129.86595448092993,3.1012492380827115E-4,1.0,39.81189436767315,2.0,536.0274534718001,355.9585561497326,573.2144006979756,0.0,0.0,5.891711229946524,0.0,0.0,88.0,5.821288754241217,865.4469325956907,0.10467182988222554,100.0,1.0,5.1210287818119395
60,2041,2,20,3.5299406018237317E18,146.96791960133407,0.03686820544569104,0.0,30.921767965421974,0.0,281.2999999999969,238.52540106951872,455.7211565129204,0.0,0.0,6.4050802139037435,0.0,0.0,104.19999999999852,439.64209283911157,1016.6318534869791,0.048658974514810445,100.0,1.0,5.7810507271249
71,2041,2,20,6.50369789014244E18,150.44135644883636,0.01484227272370815,0.0,-23.029678565804335,0.0,281.2999999999969,237.69652406417111,-317.8416571335592,0.0,0.0,6.239304812834225,0.0,0.0,104.19999999999852,552.7563490433246,1701.3332264688931,0.047535520970977914,100.0,1.0,5.917679963405477
72,2041,2,20,3.00978221914696E18,150.1944596063758,0.03686820544569104,0.0,7.253947850829999,0.0,281.2999999999969,238.01069518716577,96.45974395511132,0.0,0.0,6.302139037433155,0.0,0.0,104.19999999999852,528.5714919014137,1226.5792477765483,0.04761366213585982,100.0,1.0,5.907968162527415
68,2041,2,21,2.2093098651697398E18,149.9571385321771,0.03657333008387625,0.0,19.88973862470796,0.0,284.2000000000032,240.88101604278074,340.2039161261742,0.0,0.0,6.57620320855615,0.0,0.0,104.19999999999852,483.13736017937316,1367.0318827555934,0.04818065450209005,100.0,1.0,5.898633028899073
65,2041,2,21,8.237168610376572E18,151.75925365700746,0.014027875297109756,1.0,-5.303926605670901,1.0,284.2000000000032,239.90508021390374,-60.26669105900147,0.0,0.0,6.3810160427807485,0.0,0.0,104.19999999999852,414.64344314556115,1206.0808214747908,0.04760851748829931,100.0,1.0,5.969520056360729
74,2041,2,21,7.887265943744844E18,146.82985438021555,0.03667943009723951,1.0,13.944387551477,1.0,284.2000000000032,239.67780748663102,191.3008740421639,0.0,0.0,6.3355614973262036,0.0,0.0,104.19999999999852,453.0133284272796,1176.8008303176703,0.049206839523464184,100.0,1.0,5.775619868138106
62,2041,2,22,2.853793568557007E18,150.79864619662735,0.011669068431386726,1.0,3.8103234716195487,2.0,284.2000000000032,242.38770053475935,52.36664787934351,0.0,0.0,6.577540106951871,0.0,0.0,104.19999999999852,461.10564763832366,1304.6953072382714,0.04791179008543691,100.0,1.0,5.931734119998734
78,2041,2,23,4.687141051879245E18,155.77308151859057,0.007964562546760163,0.0,-2.4059566963603185,0.0,290.00000000000006,243.8475935828877,-31.190755230766154,0.0,0.0,6.56951871657754,0.0,0.0,104.19999999999852,629.8743130866335,1351.2415740553095,0.047328348804542,100.0,1.0,6.1274058217760885
66,2041,2,24,6.646488575717851E18,162.83947011840368,0.008708862363900017,0.0,2.401610168798129,0.0,292.8999999999962,245.74197860962568,32.4712229107043,0.0,0.0,6.648395721925134,0.0,0.0,104.19999999999852,709.065425706798,1299.8257726647278,0.045727289326233565,100.0,1.0,6.405365468098296
76,2041,2,24,5.182538500345593E18,158.35476752567644,0.008708862363900017,0.0,3.3928021205959693,0.0,292.8999999999962,246.21657754010695,49.140194342425055,0.0,0.0,6.74331550802139,0.0,0.0,104.19999999999852,663.1676858015128,1383.2385653845593,0.047022313759056564,100.0,1.0,6.228957628517021
73,2041,2,24,2.957751204712242E18,157.91569800514725,0.007185530003217835,0.0,25.596272703263562,0.0,292.8999999999962,246.29010695187165,457.95923133421985,0.0,0.0,6.758021390374331,0.0,0.0,104.19999999999852,585.1311876661363,1329.2619038746034,0.047153054812778046,100.0,1.0,6.211686626941994
63,2041,2,25,3.212672331395627E18,159.02158403979294,0.009422149688659042,1.0,7.114225504007206,1.0,295.7999999999965,247.99064171122996,113.07334440868561,0.0,0.0,6.798128342245989,0.0,0.0,104.19999999999852,584.1914078556582,1467.8433897518519,0.04728875288600931,100.0,1.0,6.255187162855184
61,2041,2,25,1.9955042617296404E18,159.59007095256507,0.009038627995332948,0.0,32.5920215268135,0.0,295.7999999999965,247.91042780748663,548.4322522487752,0.0,0.0,6.782085561497326,0.0,0.0,104.19999999999852,656.4312127400035,1132.923773828851,0.04712030232403787,100.0,1.0,6.277548857089943
79,2041,2,25,2.819594302524464E18,158.51962281972536,0.005093053885761644,1.0,31.58569249854217,2.0,295.7999999999965,247.93048128342247,506.0315091580583,0.0,0.0,6.786096256684492,0.0,0.0,104.19999999999852,631.5020433299975,1094.6292523463385,0.04743849535745793,100.0,1.0,6.235442287346768
77,2041,2,25,5.866154019238748E17,164.15611171953273,0.009422149688659042,1.0,-135.27540269300093,1.0,295.7999999999965,247.85026737967914,-1413.844471607651,0.0,0.0,6.770053475935829,0.0,0.0,104.19999999999852,586.497389085537,2459.616766972148,0.045809640058041994,100.0,1.0,6.4571561711729295
75,2041,2,25,8.661686022710631E18,158.5416966487761,0.005845006010334394,1.0,6.398591104320935,1.0,295.7999999999965,247.89705882352942,78.55500457289381,0.0,0.0,6.779411764705882,0.0,0.0,104.19999999999852,662.8105611597565,1142.1198379268235,0.04743189047521507,100.0,1.0,6.236310571567098
69,2041,2,26,3.317868809496197E18,166.11038063850984,0.010135437013418068,0.0,12.410670885227043,0.0,298.7000000000036,249.8783422459893,179.11762215029603,0.0,0.0,6.875668449197861,0.0,0.0,104.19999999999852,668.8742225560156,1260.1367594024834,0.0457145254220431,100.0,1.0,6.5340282381226125
67,2041,2,26,8.815097190336754E18,163.4397346157345,0.010135437013418068,0.0,11.377530660387317,0.0,298.7000000000036,248.73529411764707,150.43872350740017,0.0,0.0,6.647058823529412,0.0,0.0,104.19999999999852,614.3209402581562,1168.3804497737092,0.04646151216788235,100.0,1.0,6.428977148240286
70,2041,2,27,2.52771244661108E18,167.20048663049087,0.010394689714594669,1.0,-38.27940501676015,1.0,301.60000000000383,251.1644385026738,-561.8276922621909,0.0,0.0,6.8328877005347595,0.0,0.0,104.19999999999852,611.7099432880805,2031.2446106586235,0.04585741465498158,100.0,1.0,6.576908058798304
64,2041,2,27,5.156518253817723E18,167.56808593134488,0.010817711845796258,1.0,22.16964191487745,1.0,301.60000000000383,251.11764705882354,361.4205911203057,0.0,0.0,6.823529411764706,0.0,0.0,104.19999999999852,653.0503633011404,1266.3620536588865,0.04575681582393056,100.0,1.0,6.591367746403995
62,2041,7,4,2.853793568557007E18,136.99324339715704,5.334106016654131E-5,0.0,8.148658195291928,0.0,288.4936816875549,221.6885026737968,101.12097088901831,0.0,0.0,5.137700534759358,0.0,0.0,104.30000000000148,357.0352242036903,1128.6497053155367,0.0536698241160623,100.0,1.0,5.375342409613274
71,2041,7,4,6.50369789014244E18,129.1489105391728,9.889187621437219E-5,4.0,-16.657647789077757,4.0,279.2575142273969,224.15508021390374,-196.51891104294106,0.0,0.0,5.6310160427807485,0.0,0.0,104.30000000000148,381.08464852730003,1381.2581586162307,0.05510704643979728,100.0,1.0,5.0675463895978705
68,2041,7,4,2.2093098651697398E18,132.5486407646382,7.422808133275995E-5,1.0,22.481053197657015,3.0,283.4897267357404,223.60695187165774,339.12268057725476,0.0,0.0,5.521390374331551,0.0,0.0,104.30000000000148,323.6300031577041,1166.1819417440804,0.05450734903839932,100.0,1.0,5.200945042035115
72,2041,7,4,3.00978221914696E18,135.03798556239568,3.5257494748552874E-5,1.0,13.025104861521111,1.0,279.2226315711109,224.8903743315508,155.14245045655366,0.0,0.0,5.778074866310161,0.0,0.0,104.30000000000148,325.48298654446444,1031.4386702193642,0.05269721685682553,100.0,1.0,5.298621980924311
60,2041,7,5,3.5299406018237317E18,134.78250435280933,8.932169464523937E-5,1.0,30.91920252750942,2.0,281.60095099830266,227.39304812834226,417.0782037612158,0.0,0.0,5.978609625668449,0.0,0.0,104.30000000000148,341.81255773631693,929.8538121477986,0.053246811840637426,100.0,1.0,5.288597406378191
65,2041,7,5,8.237168610376572E18,134.21037125971026,1.1827800297798285E-4,1.0,4.635791604009758,4.0,286.7121286586538,226.48395721925132,47.37082652894247,0.0,0.0,5.7967914438502675,0.0,0.0,104.30000000000148,215.27975738739443,963.4351984233502,0.054444373076534734,100.0,1.0,5.2661480417014
74,2041,7,5,7.887265943744844E18,133.6076480147804,5.119262525722535E-5,1.0,16.67097115495906,2.0,285.7841808586326,227.18582887700535,207.61004169735523,0.0,0.0,5.93716577540107,0.0,0.0,104.30000000000148,290.3467231402448,1034.2083488736216,0.0545129745642237,100.0,1.0,5.242498380306508
63,2041,7,6,3.212672331395627E18,135.03086581082277,6.282919850248603E-5,2.0,6.067522383718043,3.0,316.2251294263744,228.73930481283423,82.03416498698988,0.0,0.0,5.947860962566845,0.0,0.0,104.30000000000148,423.48219314044786,1257.0526260114152,0.05968378271149834,100.0,1.0,5.298342616032818
67,2041,7,6,8.815097190336754E18,136.38728592630383,4.77556088402019E-5,1.0,6.932875544511252,2.0,326.77269339777723,228.95989304812835,76.70544157716135,0.0,0.0,5.991978609625669,0.0,0.0,104.30000000000148,377.9668916765313,1021.0971293312809,0.06106113667404578,100.0,1.0,5.35156584362559
79,2041,7,6,2.819594302524464E18,141.01721372486753,7.106437300831141E-5,1.0,35.80696642560466,1.0,315.9386996311903,227.20855614973263,509.14059097813214,0.0,0.0,5.641711229946524,0.0,0.0,104.30000000000148,353.91013079501016,911.2610010738788,0.057098370032980676,100.0,1.0,5.533235002132293
76,2041,7,6,5.182538500345593E18,137.5226047506967,4.2045136091143056E-5,1.0,7.263213238785102,2.0,308.6312066006091,227.52272727272728,90.83083821142367,0.0,0.0,5.704545454545454,0.0,0.0,104.30000000000148,431.32226470590143,1150.0314084325707,0.05719509176602764,100.0,1.0,5.396113496297034
75,2041,7,6,8.661686022710631E18,140.25525819457152,5.258137060160581E-5,0.0,8.813145534120856,0.0,315.95605587188805,228.54545454545453,95.47742436079619,0.0,0.0,5.909090909090909,0.0,0.0,104.30000000000148,407.2683763208145,981.7276659849014,0.057411718364503914,100.0,1.0,5.5033373825514165
61,2041,7,7,1.9955042617296404E18,135.07783959177425,2.8967394340395203E-5,1.0,33.82566965308921,2.0,319.43455457954303,230.33288770053477,480.71906696408377,0.0,0.0,5.966577540106952,0.0,0.0,104.30000000000148,326.98040416609734,938.8635588244833,0.06026855816266297,100.0,1.0,5.30018577377277
69,2041,7,7,3.317868809496197E18,135.70097211883086,3.3375476087846655E-5,1.0,10.853113361827043,2.0,330.812693226437,230.32620320855614,127.80658224599698,0.0,0.0,5.96524064171123,0.0,0.0,104.30000000000148,379.60189785682826,1045.0542901930467,0.062128693378404175,100.0,1.0,5.324636254806975
66,2041,7,7,6.646488575717851E18,132.71208642430793,1.2395080887620753E-4,1.0,10.274532673972155,3.0,313.6375506471236,230.37967914438502,111.87013045339019,0.0,0.0,5.975935828877005,0.0,0.0,104.30000000000148,330.7878681678252,971.2449369643421,0.06022968482167359,100.0,1.0,5.207358324648935
78,2041,7,7,4.687141051879245E18,137.47481355095846,1.3402114252734278E-4,1.0,3.2062146592199605,1.0,304.08196671676984,230.02540106951872,37.87100039006929,0.0,0.0,5.9050802139037435,0.0,0.0,104.30000000000148,362.7031190816777,1124.2306859232165,0.056371623164738746,100.0,1.0,5.394238264669616
77,2041,7,7,5.866154019238748E17,136.751159184996,7.980569320851034E-5,1.0,-111.31419449194607,1.0,321.5883587232775,230.5,-966.3221260528177,0.0,0.0,6.0,0.0,0.0,104.30000000000148,379.0611393899944,1835.3502758622647,0.05993248933325136,100.0,1.0,5.3658435066012835
73,2041,7,7,2.957751204712242E18,135.88916012976875,7.984678779821603E-5,2.0,24.484079973741697,5.0,311.31955230186963,229.8716577540107,376.22689428430795,0.0,0.0,5.874331550802139,0.0,0.0,104.30000000000148,445.0641920000013,1157.8974241782487,0.05838678966456713,100.0,1.0,5.332020378075323
70,2041,7,9,2.52771244661108E18,138.06524535205375,3.2928957720139204E-5,1.0,-19.633277349195886,3.0,346.7004030029385,233.37967914438502,-236.85148030194543,0.0,0.0,5.975935828877005,0.0,0.0,104.30000000000148,329.2057744438872,1447.2116406725374,0.06399749740184439,100.0,1.0,5.417405634254485
64,2041,7,10,5.156518253817723E18,139.2122729362851,7.819589606865129E-5,1.0,25.072785250916436,3.0,349.76549005852456,235.5681818181818,338.7621433153152,0.0,0.0,6.113636363636363,0.0,0.0,104.30000000000148,356.30714292899944,1010.2174552755051,0.06403131881156712,100.0,1.0,5.4624127153748425
63,2041,11,8,3.212672331395627E18,121.82030787795189,7.61977699774622E-5,2.0,24.579877792591713,6.0,494.3245341759531,337.60427807486633,296.6759280162102,0.0,0.0,5.820855614973262,0.0,0.0,88.0,0.0,908.4114539459912,0.10367219991608419,100.0,1.0,4.768149364787051
72,2041,11,8,3.00978221914696E18,128.72769188979944,6.373214234242322E-4,1.0,20.817691365515955,1.0,447.16984895399185,332.03877005347596,235.46564642658382,0.0,0.0,5.907754010695188,0.0,0.0,88.0,16.95745599178009,892.8656605833118,0.08875041079472394,100.0,1.0,5.0385101877249605
70,2041,11,9,2.52771244661108E18,118.26190594854363,1.1520242340574704E-4,1.0,11.703457074802346,5.0,599.2442660252952,339.55213903743316,121.51504968292981,0.0,0.0,5.910427807486631,0.0,0.0,88.0,0.0,912.6701012388617,0.1294579884211152,100.0,1.0,4.628870518797245
69,2041,11,9,3.317868809496197E18,125.90003334701396,3.1012492380827115E-4,1.0,15.93055583352602,1.0,526.4686520628092,333.4652406417112,173.41994725033751,0.0,0.0,5.893048128342246,0.0,0.0,88.0,0.0,912.0368861481071,0.10683572780412179,100.0,1.0,4.927833252824039
75,2041,11,9,8.661686022710631E18,123.81013914728821,3.1012492380827115E-4,1.0,4.078258622555776,5.0,505.9542389958867,338.99732620320856,39.20733702163974,0.0,0.0,5.7994652406417115,0.0,0.0,88.0,0.0,909.3391704128198,0.104405858425948,100.0,1.0,4.846033035155256
67,2041,11,10,8.815097190336754E18,130.59990418503816,7.642309605920929E-5,1.0,7.379983731086691,3.0,502.32046450415567,346.51737967914437,77.87678370527784,0.0,0.0,5.803475935828877,0.0,0.0,88.0,1.4129600882713493,970.7389925554436,0.09826703552406758,100.0,1.0,5.111790152468039
66,2041,11,10,6.646488575717851E18,124.7137949762525,3.1012492380827115E-4,1.0,15.826993566849321,5.0,523.9713775511658,346.8048128342246,161.19286935482347,0.0,0.0,5.86096256684492,0.0,0.0,88.0,9.537156869043688,854.1244345417401,0.1073403261157625,100.0,1.0,4.881402884746991
65,2041,11,10,8.237168610376572E18,130.36712618831314,9.39317069930552E-6,1.0,10.604691811532,3.0,474.00729330667,341.17914438502675,104.35866770526442,0.0,0.0,5.935828877005347,0.0,0.0,88.0,20.089058209860138,875.0704447733737,0.09289380948930574,100.0,1.0,5.102679025788466
64,2041,11,10,5.156518253817723E18,116.88831652622778,3.1012492380827115E-4,1.0,23.708311427527917,4.0,645.9246215526214,347.0187165775401,268.38277046126456,0.0,0.0,5.903743315508021,0.0,0.0,88.0,0.0,861.4707254751542,0.14118240540824276,100.0,1.0,4.57510707290237
78,2041,11,10,4.687141051879245E18,127.50384302891219,6.68372680621274E-5,1.0,10.4643003697971,2.0,532.6430548788657,340.97192513368987,112.96809421340872,0.0,0.0,5.894385026737968,0.0,0.0,88.0,0.0,962.1778958093593,0.10672909702903839,100.0,1.0,4.990607713414332
77,2041,11,10,5.866154019238748E17,120.36795261594422,3.1012492380827115E-4,1.0,-14.206664852781259,8.0,531.3208297694496,341.05882352941177,-107.84999327833746,0.0,0.0,5.911764705882353,0.0,0.0,88.0,0.0,870.8716668392287,0.11277577233861616,100.0,1.0,4.7113029576434755
76,2041,11,10,5.182538500345593E18,126.25342859173779,7.867197458352894E-5,1.0,18.949985705164217,5.0,504.19337363803675,346.97192513368987,215.86562771563132,0.0,0.0,5.894385026737968,0.0,0.0,88.0,2.9282208725990095,920.4941031098774,0.10202903853981181,100.0,1.0,4.941665440092334
74,2041,11,10,7.887265943744844E18,131.31816531740228,3.1012492380827115E-4,1.0,22.603914013261882,3.0,473.1595455431616,340.97860962566847,275.6836687446638,0.0,0.0,5.89572192513369,0.0,0.0,88.0,0.0,941.8325279380659,0.09205611462591608,100.0,1.0,5.139903497621172
73,2041,11,10,2.957751204712242E18,125.00788915405771,7.373393338285093E-5,1.0,36.51974779776175,4.0,529.704581421039,346.8649732620321,514.5833711118229,0.0,0.0,5.872994652406417,0.0,0.0,88.0,30.712744265322076,893.2016315865568,0.10825953281920295,100.0,1.0,4.892913978352959
62,2041,11,11,2.853793568557007E18,133.02780795800493,1.0541295846644156E-4,1.0,25.454367470613665,3.0,458.38620214005635,348.67914438502675,303.5843570438697,0.0,0.0,5.935828877005347,0.0,0.0,88.0,11.402696621124267,887.6318472212162,0.0880357245672597,100.0,1.0,5.206820349275904
61,2041,11,11,1.9955042617296404E18,130.33021849182433,9.838988699500987E-5,1.0,32.8834284573115,3.0,531.137004632977,347.58957219251334,449.7334151242932,0.0,0.0,5.717914438502674,0.0,0.0,88.0,7.740175455700344,916.5628002220502,0.10411930919520457,100.0,1.0,5.101234427489263
60,2041,11,11,3.5299406018237317E18,131.5180392772593,9.015259413031138E-5,1.0,35.43343404111746,5.0,477.7064100203821,354.74598930481284,464.9873719891949,0.0,0.0,5.949197860962567,0.0,0.0,88.0,0.5310839158976772,846.0668475924836,0.09279948894613056,100.0,1.0,5.147726732608272
79,2041,11,11,2.819594302524464E18,128.7170082437977,1.0114968160739436E-4,1.0,33.194977946084855,3.0,513.0636153440054,348.5788770053476,429.7877546700985,0.0,0.0,5.915775401069519,0.0,0.0,88.0,0.0,863.508829431913,0.10183688849325316,100.0,1.0,5.038092020829923
71,2041,11,12,6.50369789014244E18,132.57316694969322,1.1641325968778949E-4,1.0,26.39521383261247,3.0,451.23894179814135,356.4933155080214,320.7428277993072,0.0,0.0,5.998663101604278,0.0,0.0,88.0,0.0,892.3969202758769,0.08696025056302546,100.0,1.0,5.189025317620268
68,2041,11,12,2.2093098651697398E18,129.75618694997053,1.5524448567698257E-4,1.0,30.888928490611303,5.0,455.6697402715027,355.9251336898396,454.49022841778543,0.0,0.0,5.885026737967914,0.0,0.0,88.0,26.38389301038964,1015.4523301704759,0.0897205559145625,100.0,1.0,5.078766349881065
73,2042,2,21,2.957751204712242E18,150.31831311193207,0.03761250526283088,0.0,13.901485788717608,0.0,281.2999999999969,238.27807486631016,234.5673841512004,0.0,0.0,6.355614973262032,0.0,0.0,104.5,601.2279162334786,1448.008651488527,0.04792963159416492,100.0,1.0,5.869020700635702
66,2042,2,22,6.646488575717851E18,153.30984368471775,0.021888138076180383,2.0,17.22731247021618,2.0,284.2000000000032,240.2125668449198,229.95777671345942,0.0,0.0,6.442513368983957,0.0,0.0,104.5,371.21289148286616,1102.4361388468399,0.047478860236327795,100.0,1.0,5.985821870731249
61,2042,2,24,1.9955042617296404E18,155.86357788937465,0.010259486982941372,0.0,25.42593713859584,0.0,290.00000000000006,243.8542780748663,390.58041485126125,0.0,0.0,6.570855614973262,0.0,0.0,104.5,611.2780503032105,1143.704078198216,0.04765402722968914,100.0,1.0,6.085529741321126
69,2042,2,24,3.317868809496197E18,153.8596354723955,0.010259486982941372,0.0,8.775535083909867,0.0,290.00000000000006,244.44251336898395,118.33654588176702,0.0,0.0,6.688502673796791,0.0,0.0,104.5,618.1954116619736,1223.5892056531507,0.04827469636238436,100.0,1.0,6.007287913797589
68,2042,2,24,2.2093098651697398E18,158.7092508262624,0.009324999936442601,0.0,3.9195461285512034,0.0,290.00000000000006,244.26871657754012,73.6658028508573,0.0,0.0,6.653743315508021,0.0,0.0,104.5,721.6469826412381,1786.9460084613731,0.046799585696412044,100.0,1.0,6.1966360531741485
67,2042,2,24,8.815097190336754E18,159.64559620805073,0.010259486982941372,1.0,7.011834988396594,1.0,290.00000000000006,243.73395721925132,88.45037082174687,0.0,0.0,6.5467914438502675,0.0,0.0,104.5,621.8312767110344,1167.4798490333874,0.04652509910249856,100.0,1.0,6.233194675439735
77,2042,2,24,5.866154019238748E17,155.52490495506683,0.004650719393899082,0.0,-176.49734093194084,0.0,290.00000000000006,244.17513368983958,-1682.4421408243506,0.0,0.0,6.635026737967914,0.0,0.0,104.5,624.8261435823089,2636.2951543321465,0.04775779922195061,100.0,1.0,6.0723066122089895
75,2042,2,24,8.661686022710631E18,152.38688108706896,0.003975029402584309,2.0,2.85476789889418,3.0,290.00000000000006,243.39304812834226,33.6642393479533,0.0,0.0,6.478609625668449,0.0,0.0,104.5,614.5435224230177,1129.7007245039604,0.04874125076825467,100.0,1.0,5.949785765220411
74,2042,2,24,7.887265943744844E18,155.44010168019142,0.010259486982941372,0.0,2.7459691040287586,0.0,290.00000000000006,243.86096256684493,38.01047245735463,0.0,0.0,6.572192513368984,0.0,0.0,104.5,613.4583430262861,1321.3887555178803,0.047783854388738875,100.0,1.0,6.068995557385253
62,2042,2,25,2.853793568557007E18,156.865633779391,0.01094176181531957,0.0,-14.516265813596288,0.0,292.8999999999962,246.19652406417111,-203.55676576184885,0.0,0.0,6.739304812834225,0.0,0.0,104.5,604.9684429092033,1610.800349982151,0.047823109982494366,100.0,1.0,6.124653961384197
71,2042,2,25,6.50369789014244E18,159.5180645858775,0.01094176181531957,0.0,-46.35500919838994,0.0,292.8999999999962,246.85160427807486,-635.7991270168708,0.0,0.0,6.870320855614973,0.0,0.0,104.5,664.1011281195105,2009.3003181938905,0.04702791797393488,100.0,1.0,6.228215337160694
70,2042,2,25,2.52771244661108E18,157.27986517788858,0.007826725189785097,0.0,-42.23185547189394,0.0,292.8999999999962,246.14304812834226,-591.9856981105921,0.0,0.0,6.728609625668449,0.0,0.0,104.5,587.9282255931216,1995.7747100182107,0.04769715721857164,100.0,1.0,6.140827191393935
65,2042,2,25,8.237168610376572E18,159.51667358229477,0.01094176181531957,1.0,-23.273141950197896,1.0,292.8999999999962,245.98930481283423,-274.44976632914705,0.0,0.0,6.697860962566845,0.0,0.0,104.5,659.1783971014673,1456.9877425129425,0.04702832806274214,100.0,1.0,6.228161026886351
64,2042,2,25,5.156518253817723E18,156.91201598358577,0.010727265251507252,0.0,18.055539900167346,0.0,292.8999999999962,246.12967914438502,260.49691511837153,0.0,0.0,6.725935828877005,0.0,0.0,104.5,555.4874528934772,1179.5491364684958,0.04780897377222057,100.0,1.0,6.126464905845478
78,2042,2,25,4.687141051879245E18,158.69358196394057,0.006001019595817968,1.0,-1.4249063224655305,1.0,292.8999999999962,246.1764705882353,-17.951549412917934,0.0,0.0,6.735294117647059,0.0,0.0,104.5,583.3961305017715,1328.55707369994,0.04727224859295262,100.0,1.0,6.196024278897154
60,2042,2,26,3.5299406018237317E18,160.79758669390426,0.01153125654943206,1.0,27.366956569723776,1.0,295.7999999999965,248.23128342245988,450.0365285173264,0.0,0.0,6.846256684491979,0.0,0.0,104.5,622.5151995880746,1192.4330920353104,0.0471156183641982,100.0,1.0,6.278172934365356
79,2042,2,26,2.819594302524464E18,162.22924531441305,0.011489459574470763,0.0,36.008210361310034,0.0,295.7999999999965,247.38235294117646,636.5418068766935,0.0,0.0,6.676470588235294,0.0,0.0,104.5,592.2179297741556,1129.5690846696693,0.04669982723442401,100.0,1.0,6.334070541955933
72,2042,2,26,3.00978221914696E18,160.81496841086195,0.011624036647697768,1.0,0.8171025870884203,2.0,295.7999999999965,247.04144385026737,12.04876036230213,0.0,0.0,6.608288770053476,0.0,0.0,104.5,627.0812747978649,1382.5883845731983,0.047110525863476506,100.0,1.0,6.278851585253097
63,2042,2,27,3.212672331395627E18,166.2953439736952,0.012275298987695133,0.0,-3.1277028296638263,0.0,298.7000000000036,249.16310160427807,-51.3409883840504,0.0,0.0,6.732620320855615,0.0,0.0,104.5,675.0673496575337,1713.703605646976,0.04600461334391288,100.0,1.0,6.492827094688022
76,2042,2,28,5.182538500345593E18,165.3464970948253,0.012895548835311679,1.0,1.9664953613496583,1.0,301.60000000000383,256.6029411764706,30.0719031825289,0.0,0.0,6.720588235294118,0.0,0.0,143.0,515.1833983028042,1478.3921945253874,0.046717822318433425,100.0,1.0,6.4557803645954985
73,2042,7,3,2.957751204712242E18,130.38929041955268,5.980040952724085E-5,1.0,32.60897174934973,3.0,280.5353632707609,223.47058823529412,475.3161585195556,0.0,0.0,5.794117647058823,0.0,0.0,104.60000000000008,211.40047392665215,980.5744007551838,0.05524181543806906,100.0,1.0,5.078315421861285
67,2042,7,5,8.815097190336754E18,132.8006570509725,3.1012492380827115E-4,1.0,1.1155708445236625,3.0,306.0388013287957,226.6644385026738,12.499146121533238,0.0,0.0,5.8328877005347595,0.0,0.0,104.60000000000008,391.07411310000515,1029.6569981913176,0.05916958432982369,100.0,1.0,5.172231726741076
66,2042,7,5,6.646488575717851E18,134.04414714928717,4.7492331364206906E-5,1.0,16.1906080495321,2.0,291.78209071950386,227.19919786096256,188.75561926985927,0.0,0.0,5.939839572192513,0.0,0.0,104.60000000000008,263.2976046498202,973.3201831927926,0.05588986052180795,100.0,1.0,5.220662352622116
64,2042,7,5,5.156518253817723E18,136.0308031178884,7.016400991137356E-5,0.0,17.313662250095778,0.0,311.9353882575145,227.12566844919786,216.28844069411372,0.0,0.0,5.925133689839572,0.0,0.0,104.60000000000008,399.80722581535053,1029.0329355108154,0.05887753710877502,100.0,1.0,5.298037308884378
79,2042,7,5,2.819594302524464E18,138.9836825524637,1.0141429817144255E-4,0.0,38.64441061157606,0.0,322.9319579910537,227.09893048128342,583.7970063578799,0.0,0.0,5.919786096256685,0.0,0.0,104.60000000000008,292.154549315173,925.5066978580975,0.05965810592941977,100.0,1.0,5.413044094512615
75,2042,7,5,8.661686022710631E18,136.1945959053587,2.734787687903625E-5,1.0,3.3746381199090987,1.0,303.2500568760887,227.1590909090909,35.62308432581565,0.0,0.0,5.931818181818182,0.0,0.0,104.60000000000008,404.2438247772279,1001.5524832284785,0.057169351440055714,100.0,1.0,5.3044166015082075
71,2042,7,6,6.50369789014244E18,134.9394612298259,6.257565048593041E-5,1.0,-25.50660974027654,3.0,316.14323655375586,228.17780748663102,-294.8204016850525,0.0,0.0,5.8355614973262036,0.0,0.0,104.60000000000008,379.51608511666,1453.8169504697028,0.060154368665598014,100.0,1.0,5.255532450373078
70,2042,7,6,2.52771244661108E18,135.74905395478712,6.559325799667324E-5,2.0,-32.31600923783602,4.0,315.00227458691614,228.46524064171123,-389.7868069064145,0.0,0.0,5.893048128342246,0.0,0.0,104.60000000000008,405.7593089783926,1598.4061050075215,0.059579811928314734,100.0,1.0,5.287063929740508
69,2042,7,6,3.317868809496197E18,133.6999262174314,6.076115278375217E-5,1.0,9.98257750116488,3.0,306.6100444760673,228.4451871657754,116.83820713780875,0.0,0.0,5.88903743315508,0.0,0.0,104.60000000000008,371.0338459599945,1046.3740177034597,0.058881309551816544,100.0,1.0,5.207255864549773
68,2042,7,6,2.2093098651697398E18,136.56241923770284,6.439471009307956E-5,1.0,17.526678357242492,2.0,308.49007019564186,228.5788770053476,280.64465833300227,0.0,0.0,5.915775401069519,0.0,0.0,104.60000000000008,362.046831938729,1316.3693884110596,0.058000566762696666,100.0,1.0,5.318742340187764
77,2042,7,6,5.866154019238748E17,137.63679000974264,5.986967641086314E-5,1.0,-138.15634574898868,2.0,307.1451426850584,228.7927807486631,-1162.2711401422462,0.0,0.0,5.958556149732621,0.0,0.0,104.60000000000008,419.5166326036548,2004.3253455136824,0.05729693174212499,100.0,1.0,5.360586218951822
72,2042,7,6,3.00978221914696E18,137.0350949132255,3.527353546499898E-5,1.0,4.014437154695934,1.0,325.0357394227186,228.88636363636363,48.26165158764918,0.0,0.0,5.9772727272727275,0.0,0.0,104.60000000000008,390.5438635735777,1137.2083415983832,0.06090059861701021,100.0,1.0,5.337151798240823
62,2042,7,7,2.853793568557007E18,137.94756646077815,4.5326647735789416E-5,1.0,1.9567171956921008,2.0,317.7100526855253,227.81951871657753,24.772472508909566,0.0,0.0,5.463903743315508,0.0,0.0,104.60000000000008,341.71988456405194,1209.6946121952153,0.05913425952072154,100.0,1.0,5.372690133613576
60,2042,7,7,3.5299406018237317E18,137.46288549092975,4.285861301938518E-5,1.0,28.45620510920658,2.0,327.96346777545995,230.38636363636363,399.12957936486015,0.0,0.0,5.9772727272727275,0.0,0.0,104.60000000000008,407.62815360752114,1001.5128471806136,0.06125792245037507,100.0,1.0,5.353813101336281
65,2042,7,7,8.237168610376572E18,140.6866701129651,9.083916924671095E-5,1.0,-11.76233498845423,2.0,319.0640314842137,230.27941176470588,-121.68157569157883,0.0,0.0,5.955882352941177,0.0,0.0,104.60000000000008,395.9332884977533,1162.0471303185097,0.058230047941138174,100.0,1.0,5.479370922152416
74,2042,7,7,7.887265943744844E18,135.57416267765996,4.263471594834629E-5,1.0,3.3057447096727985,4.0,310.051868771906,229.99866310160428,39.723914048376166,0.0,0.0,5.899732620320855,0.0,0.0,104.60000000000008,407.74446068803206,1143.0040912235536,0.0587191381070863,100.0,1.0,5.280252380517972
61,2042,7,8,1.9955042617296404E18,138.90093768044275,3.4650829475784495E-5,1.0,30.316494964065622,4.0,313.07809330326495,231.77272727272728,413.9420758978184,0.0,0.0,5.954545454545454,0.0,0.0,104.60000000000008,279.6890105167335,949.9827491266117,0.0578721680486667,100.0,1.0,5.409821402232361
78,2042,7,8,4.687141051879245E18,140.5631369522726,4.896193934453285E-5,1.0,-0.7764441781832422,2.0,321.50052379919185,231.73930481283423,-8.33463078110112,0.0,0.0,5.947860962566845,0.0,0.0,104.60000000000008,406.66571241000173,1166.3333372633329,0.0587262803313984,100.0,1.0,5.47455963471433
76,2042,7,8,5.182538500345593E18,142.16597152778414,8.287678348697786E-5,1.0,22.136765959859403,2.0,353.31293527021506,231.89973262032086,286.9562125964697,0.0,0.0,5.979946524064171,0.0,0.0,104.60000000000008,214.18711174600492,1006.8214211756102,0.06380961590241958,100.0,1.0,5.536985770459995
63,2042,7,9,3.212672331395627E18,134.90967491289058,3.1012492380827115E-4,1.0,12.029807849091947,5.0,345.953181014217,233.4331550802139,162.57883038525566,0.0,0.0,5.9866310160427805,0.0,0.0,104.60000000000008,287.36608777129106,1182.7014379667633,0.06584100969482463,100.0,1.0,5.254372352698144
71,2042,11,8,6.50369789014244E18,122.52023899711364,1.0072442423886768E-4,1.0,16.67147624461978,5.0,493.23791998142536,331.2700534759358,175.42826168097045,0.0,0.0,5.754010695187166,0.0,0.0,88.0,1.2745169163443661,874.2964425406325,0.10362068534511241,100.0,1.0,4.760033369193407
64,2042,11,8,5.156518253817723E18,126.51910949823419,5.06260282425595E-6,1.0,26.003500690537717,4.0,469.97797674402193,331.47727272727275,300.9510110945829,0.0,0.0,5.795454545454546,0.0,0.0,88.0,0.0,854.4286525915163,0.09561350059659943,100.0,1.0,4.915393472799353
61,2042,11,9,1.9955042617296404E18,124.51164110572826,8.350159499414943E-5,2.0,25.182743856873923,3.0,563.5464925768175,333.3048128342246,307.5947489026124,0.0,0.0,5.86096256684492,0.0,0.0,88.0,0.6677502175988329,912.0114572530331,0.11649777528579254,100.0,1.0,4.837401325427239
68,2042,11,9,2.2093098651697398E18,128.86567230010635,1.1293697152522618E-4,1.0,35.00176567702277,2.0,498.7451424061942,339.47860962566847,526.6177720948566,0.0,0.0,5.89572192513369,0.0,0.0,88.0,0.0,976.6598406414236,0.0996183336930678,100.0,1.0,5.006559775862831
67,2042,11,9,8.815097190336754E18,129.93071738196647,7.383926757339791E-5,2.0,4.5275473415475815,3.0,468.2648933174553,339.09090909090907,46.5501721849027,0.0,0.0,5.818181818181818,0.0,0.0,88.0,0.0,970.5619203288065,0.09276360135452963,100.0,1.0,5.047937838547382
65,2042,11,9,8.237168610376572E18,125.4511516818072,7.472889730319783E-5,1.0,6.253696395973158,4.0,534.7712732738993,333.12433155080214,58.32894494140919,0.0,0.0,5.824866310160428,0.0,0.0,88.0,0.0,867.0765599845765,0.10972137850138418,100.0,1.0,4.873902247474524
79,2042,11,9,2.819594302524464E18,127.75482353702259,6.75947959477487E-5,1.0,37.07063548511948,4.0,477.1714531436179,339.3382352941176,513.5503876388776,0.0,0.0,5.867647058823529,0.0,0.0,88.0,0.0,870.3809432180079,0.09613797843548809,100.0,1.0,4.963402194522079
78,2042,11,9,4.687141051879245E18,124.71888020491951,1.3760350907669018E-4,1.0,6.051160956583779,2.0,567.1350882025232,333.47192513368987,62.49782070537303,0.0,0.0,5.894385026737968,0.0,0.0,88.0,6.422826126287897,962.4299206020193,0.11704480778447504,100.0,1.0,4.845452770932302
63,2042,11,10,3.212672331395627E18,121.13680548877397,1.1854928280132685E-4,1.0,24.383111626058735,4.0,593.4392459426873,340.9451871657754,294.2461771239908,0.0,0.0,5.88903743315508,0.0,0.0,88.0,0.0,910.7070938709992,0.1260950347091753,100.0,1.0,4.706285598884931
60,2042,11,10,3.5299406018237317E18,121.797582218057,5.506479471027542E-5,2.0,32.1558949325923,5.0,531.5203755524254,347.1524064171123,398.49554538438355,0.0,0.0,5.93048128342246,0.0,0.0,88.0,0.0,839.4595748554899,0.11232568826981573,100.0,1.0,4.731957433242419
70,2042,11,10,2.52771244661108E18,129.19062129372094,1.4739777747541403E-4,1.0,20.522426242887033,3.0,500.3331283226742,340.370320855615,235.90794985088883,0.0,0.0,5.774064171122995,0.0,0.0,88.0,0.0,911.4742586065485,0.09968415017923385,100.0,1.0,5.019184368057173
69,2042,11,10,3.317868809496197E18,124.60060390162195,8.473358573996482E-5,1.0,13.149256215770333,5.0,497.0443877942806,341.16577540106954,142.7042145714614,0.0,0.0,5.933155080213904,0.0,0.0,88.0,0.0,938.6608858291996,0.10267692771521562,100.0,1.0,4.840857618693863
66,2042,11,10,6.646488575717851E18,129.8679216808093,1.1452175916110457E-4,1.0,23.790854193819687,3.0,472.95018733629706,340.8582887700535,267.60949041173365,0.0,0.0,5.871657754010696,0.0,0.0,88.0,0.0,855.4762275585207,0.09373706461850523,100.0,1.0,5.0454981629852425
77,2042,11,10,5.866154019238748E17,126.1161685421657,6.686608965249485E-5,1.0,-16.877714095580423,4.0,503.36529182382446,346.97192513368987,-129.406215717283,0.0,0.0,5.894385026737968,0.0,0.0,88.0,0.0,899.0693656040711,0.10273308656116284,100.0,1.0,4.899738815149319
76,2042,11,10,5.182538500345593E18,121.9152701550109,9.420562691624274E-5,1.0,17.433786498638327,4.0,573.5730461627803,341.09893048128345,193.49413680864885,0.0,0.0,5.919786096256685,0.0,0.0,88.0,14.332516569393158,913.2481371202254,0.12109562891791727,100.0,1.0,4.736529726862129
75,2042,11,10,8.661686022710631E18,129.03937470053228,6.001101509506387E-6,1.0,4.3556345349641825,2.0,476.00072785853865,341.19919786096256,43.183384058109276,0.0,0.0,5.939839572192513,0.0,0.0,88.0,0.0,937.071610737468,0.09494742804338026,100.0,1.0,5.013308287203525
74,2042,11,10,7.887265943744844E18,129.60780773413202,5.4350670138147725E-5,1.0,14.245432292967987,2.0,528.0939203250887,340.9986631016043,161.20702171278302,0.0,0.0,5.899732620320855,0.0,0.0,88.0,6.741440687305846,966.6746155400073,0.10487641683156358,100.0,1.0,5.035392476968698
73,2042,11,10,2.957751204712242E18,130.79926523639736,7.112956968079612E-5,1.0,39.74550546378342,4.0,427.3356005237182,346.8783422459893,579.5049711098907,0.0,0.0,5.875668449197861,0.0,0.0,88.0,0.0,877.3506839671923,0.08409334120848566,100.0,1.0,5.081681788148486
72,2042,11,10,3.00978221914696E18,129.91131358829708,1.6946717147992964E-4,1.0,17.85447096436765,3.0,502.40475299435633,346.9919786096257,200.6009590705404,0.0,0.0,5.898395721925134,0.0,0.0,88.0,0.0,920.4623695983264,0.09954159681976463,100.0,1.0,5.047183981828597
62,2042,11,11,2.853793568557007E18,128.9118230518829,3.1012492380827115E-4,1.0,21.189437981918584,3.0,535.3034454772458,354.64572192513367,244.32963507911322,0.0,0.0,5.929144385026738,0.0,0.0,88.0,4.2089372711412025,906.424735628508,0.10688213653184422,100.0,1.0,5.008352778555832
72,2043,2,20,3.00978221914696E18,148.54445485681828,0.038325792587589905,1.0,5.836409445493744,1.0,278.39999999999634,236.41042780748663,74.9284449331909,0.0,0.0,6.282085561497326,0.0,0.0,104.80000000000148,524.83089641742,1198.4116847021667,0.04835994596283591,100.0,1.0,5.7568302539862986
60,2043,2,21,3.5299406018237317E18,148.50031388655015,0.017078712147783018,0.0,33.320472037735314,0.0,281.2999999999969,238.48529411764707,529.7272127919546,0.0,0.0,6.397058823529412,0.0,0.0,104.80000000000148,472.6578994083633,1058.543540580382,0.0488782198872674,100.0,1.0,5.755119573683053
65,2043,2,21,8.237168610376572E18,148.9540351848369,0.029122942695737022,1.0,-23.49553101668841,2.0,281.2999999999969,238.0975935828877,-258.39751065982256,0.0,0.0,6.31951871657754,0.0,0.0,104.80000000000148,524.3482313512513,1361.075776779916,0.048729334431712845,100.0,1.0,5.77270351176658
64,2043,2,21,5.156518253817723E18,146.77164073428006,0.038325792587589905,1.0,20.190378263685798,2.0,281.2999999999969,237.54946524064172,276.5634164088268,0.0,0.0,6.209893048128342,0.0,0.0,104.80000000000148,381.78676333715106,1091.0937661069534,0.04945390648467241,100.0,1.0,5.688124963134755
78,2043,2,21,4.687141051879245E18,152.12470640470346,0.038325792587589905,0.0,-3.546317376227404,0.0,281.2999999999969,238.1577540106952,-44.554138907773506,0.0,0.0,6.331550802139038,0.0,0.0,104.80000000000148,512.4610428616278,1316.103574473273,0.047713689426391606,100.0,1.0,5.895582659437
77,2043,2,21,5.866154019238748E17,147.10896385984933,0.038325792587589905,1.0,-111.87776091423625,1.0,281.2999999999969,238.17780748663102,-1030.1643729271716,0.0,0.0,6.3355614973262036,0.0,0.0,104.80000000000148,389.80111080609237,1951.8319917888086,0.049340507913509135,100.0,1.0,5.701197897944189
74,2043,2,21,7.887265943744844E18,151.6181214629083,0.038325792587589905,1.0,1.088763864145279,1.0,281.2999999999969,238.52540106951872,14.754017602746828,0.0,0.0,6.4050802139037435,0.0,0.0,104.80000000000148,500.24219752968355,1286.6878810818034,0.047873109925390546,100.0,1.0,5.8759499944415206
75,2043,2,22,8.661686022710631E18,152.54449013695498,0.038325792587589905,0.0,8.588494880460717,0.0,284.2000000000032,240.5601604278075,101.16725238809175,0.0,0.0,6.512032085561497,0.0,0.0,104.80000000000148,459.9380513567591,1071.6280418317187,0.048072927277882926,100.0,1.0,5.911851349454978
68,2043,2,23,2.2093098651697398E18,154.38501583671885,0.010383536952464682,0.0,3.866469232210761,0.0,287.1000000000037,241.9331550802139,67.24212376192739,0.0,0.0,6.4866310160427805,0.0,0.0,104.80000000000148,521.6129330588006,1650.6903514408302,0.04798451019593045,100.0,1.0,5.983180797880741
62,2043,2,24,2.853793568557007E18,158.59494376402657,0.004168508581622792,0.0,-5.617428171410386,0.0,290.00000000000006,244.60294117647058,-79.77686648747058,0.0,0.0,6.720588235294118,0.0,0.0,104.80000000000148,569.0222397274472,1511.2189372557552,0.04718257956048109,100.0,1.0,6.146336268627765
71,2043,2,24,6.50369789014244E18,158.96164530340496,0.010954898285322198,0.0,-37.31038939063612,0.0,290.00000000000006,243.66042780748663,-513.6257654723704,0.0,0.0,6.532085561497326,0.0,0.0,104.80000000000148,572.3270721624688,1892.1743799869857,0.04707373616921106,100.0,1.0,6.160547761868046
66,2043,2,24,6.646488575717851E18,154.31707587883255,0.008751438704435104,0.0,-7.26769877687776,0.0,290.00000000000006,244.21524064171123,-91.94944040131384,0.0,0.0,6.643048128342246,0.0,0.0,104.80000000000148,596.6581462213485,1367.410503480491,0.048490541370234806,100.0,1.0,5.980547789429552
79,2043,2,24,2.819594302524464E18,159.17465620353425,0.011096824277223704,0.0,26.87710632348694,0.0,290.00000000000006,243.8542780748663,476.4740192424398,0.0,0.0,6.570855614973262,0.0,0.0,104.80000000000148,709.3296119065051,1294.5910114507042,0.047010741097300635,100.0,1.0,6.168802984827905
76,2043,2,24,5.182538500345593E18,155.94300476443246,0.006886695536939289,1.0,-9.348933187663235,1.0,290.00000000000006,244.25534759358288,-126.80629936277752,0.0,0.0,6.651069518716578,0.0,0.0,104.80000000000148,644.3884655804843,1489.7009989247,0.04798495811556221,100.0,1.0,6.0435605529047844
73,2043,2,24,2.957751204712242E18,160.36072878756323,0.011096824277223704,0.0,12.966926251280716,0.0,290.00000000000006,243.774064171123,230.2880338547599,0.0,0.0,6.554812834224599,0.0,0.0,104.80000000000148,657.6835465811884,1540.487402647359,0.04666303657143607,100.0,1.0,6.214769147225156
63,2043,2,25,3.212672331395627E18,160.26447405181221,0.011779099109601902,0.0,-9.13082115755515,0.0,292.8999999999962,246.42379679144386,-144.74398221512283,0.0,0.0,6.78475935828877,0.0,0.0,104.80000000000148,683.9137334688529,1737.7955513628692,0.047157972983539256,100.0,1.0,6.211038801481874
69,2043,2,25,3.317868809496197E18,159.58037851765604,0.011779099109601902,0.0,4.724946000722608,0.0,292.8999999999962,246.20320855614975,67.60741858138863,0.0,0.0,6.740641711229946,0.0,0.0,104.80000000000148,707.7590350575615,1352.6013054061373,0.047360131663807696,100.0,1.0,6.184526725541781
67,2043,2,25,8.815097190336754E18,157.92455165730732,0.011515456652153793,1.0,0.25287756414101065,2.0,292.8999999999962,244.77941176470588,3.6613688491644503,0.0,0.0,6.455882352941177,0.0,0.0,104.80000000000148,578.4476604101197,1226.3859624321951,0.04785669902648579,100.0,1.0,6.120355268086789
61,2043,2,27,1.9955042617296404E18,164.8847559354591,0.013050611297215815,1.0,28.96894789005833,1.0,298.7000000000036,249.36363636363637,476.74812168629535,0.0,0.0,6.7727272727272725,0.0,0.0,104.80000000000148,584.1275387399807,1167.296692503715,0.04674420060769167,100.0,1.0,6.39009751192222
70,2043,2,28,2.52771244661108E18,167.00384747272096,0.013670861144832352,1.0,-36.23466208762369,1.0,301.60000000000383,257.4385026737968,-546.6585723566232,0.0,0.0,6.887700534759358,0.0,0.0,143.0,542.6211898077887,2057.3785344340035,0.046599137755727,100.0,1.0,6.472222760450914
78,2043,7,3,4.687141051879245E18,130.44516382069494,9.57648603656964E-6,1.0,1.4578942557884254,3.0,280.74513184238805,220.36229946524065,16.654742344650725,0.0,0.0,5.172459893048129,0.0,0.0,104.89999999999989,263.8099999999982,1070.9890841742972,0.055671388320038935,100.0,1.0,5.0428979825052025
72,2043,7,3,3.00978221914696E18,129.56142506427634,1.0049414251726222E-4,1.0,11.781603910169865,4.0,275.84457212856825,222.80213903743316,131.0774408585297,0.0,0.0,5.660427807486631,0.0,0.0,104.89999999999989,271.8126857592505,976.7928553183631,0.055072719992806246,100.0,1.0,5.008733401302857
60,2043,7,4,3.5299406018237317E18,133.1520395101908,5.581802084382129E-5,1.0,39.90672713835963,3.0,282.9624392796152,222.85160427807486,567.3130297714717,0.0,0.0,5.370320855614973,0.0,0.0,104.89999999999989,215.56797659508834,853.2817368190997,0.05497038361053843,100.0,1.0,5.147543471487948
64,2043,7,4,5.156518253817723E18,132.78050609251935,4.3889742967488136E-5,1.0,19.519190620174122,4.0,282.57073577305704,224.3355614973262,241.4372868917244,0.0,0.0,5.6671122994652405,0.0,0.0,104.89999999999989,290.15375791854586,992.7885720419099,0.055047888205670595,100.0,1.0,5.133180308703447
77,2043,7,4,5.866154019238748E17,132.05317959399133,8.510563221961339E-5,1.0,-88.20353603462598,5.0,282.6379957970597,224.4157754010695,-727.0736633864639,0.0,0.0,5.683155080213904,0.0,0.0,104.89999999999989,261.61934801944136,1552.3687810929898,0.055364257791830074,100.0,1.0,5.105062491034924
75,2043,7,4,8.661686022710631E18,125.86860011089126,5.5838120959357415E-5,1.0,1.8357857625474174,6.0,288.59338033392635,224.91042780748663,18.29214086196424,0.0,0.0,5.782085561497326,0.0,0.0,104.89999999999989,282.2164808991678,947.02120684874,0.05930847581222311,100.0,1.0,4.865971960696536
74,2043,7,4,7.887265943744844E18,132.04907187105937,4.67478028049851E-5,1.0,14.61559460389791,3.0,283.5581015986448,225.27139037433156,165.9312911626297,0.0,0.0,5.85427807486631,0.0,0.0,104.89999999999989,103.3471439633333,964.7344832557125,0.05554621963865682,100.0,1.0,5.104903689994871
71,2043,7,5,6.50369789014244E18,132.94201010428196,1.0570038302940387E-4,1.0,-35.149673409633046,3.0,305.3610399266257,225.86898395721926,-403.1427588503429,0.0,0.0,5.67379679144385,0.0,0.0,104.89999999999989,411.13819799406804,1553.1940191253325,0.05941542183966224,100.0,1.0,5.139423915068203
67,2043,7,5,8.815097190336754E18,136.91878688608202,8.17839988945863E-5,1.0,-1.3814416565270415,1.0,312.0858069495582,224.94652406417111,-14.109273349536997,0.0,0.0,5.489304812834225,0.0,0.0,104.89999999999989,382.44583785219754,1077.910369038422,0.05896017660133395,100.0,1.0,5.293162689449905
65,2043,7,5,8.237168610376572E18,138.23559027278435,4.176204198872489E-5,1.0,4.0281942644708595,1.0,285.95140039377776,227.19919786096256,41.69085932429113,0.0,0.0,5.939839572192513,0.0,0.0,104.89999999999989,198.69081474741995,979.1114254972664,0.05350817717900405,100.0,1.0,5.3440691772617805
79,2043,7,5,2.819594302524464E18,139.1339875164992,7.010057048107396E-5,1.0,29.668215951092133,1.0,305.4843328874083,226.65106951871658,458.7918320963751,0.0,0.0,5.830213903743315,0.0,0.0,104.89999999999989,453.8832654000087,1085.4632519270074,0.05679413767533396,100.0,1.0,5.378800442991531
63,2043,7,6,3.212672331395627E18,137.50565500017035,6.756534287761899E-5,1.0,6.036164453856432,3.0,316.17949234774807,223.97326203208556,82.92202898958226,0.0,0.0,4.994652406417113,0.0,0.0,104.89999999999989,385.2614765505208,1280.5252560150036,0.059478627541072346,100.0,1.0,5.315850506628009
62,2043,7,6,2.853793568557007E18,133.88731372094563,4.427825868193477E-5,1.0,-2.53291215991316,2.0,308.10306434022476,228.87299465240642,-29.817457649859758,0.0,0.0,5.974598930481283,0.0,0.0,104.89999999999989,378.1420185297282,1235.2671438657565,0.059525683339565746,100.0,1.0,5.175968540884162
68,2043,7,6,2.2093098651697398E18,135.99780342462165,7.283347200757898E-5,1.0,6.005661972659825,3.0,300.34176015512196,228.13770053475935,91.51599134510272,0.0,0.0,5.827540106951871,0.0,0.0,104.89999999999989,376.99431695999317,1418.0706950920612,0.05712571222336876,100.0,1.0,5.257558259943398
73,2043,7,6,2.957751204712242E18,139.63552372558672,4.448148648999874E-5,0.0,22.420446701013134,0.0,308.963441206879,228.77272727272728,345.72007705218624,0.0,0.0,5.954545454545454,0.0,0.0,104.89999999999989,371.38437507498827,1192.3871266488018,0.05723464261761283,100.0,1.0,5.398189402021384
61,2043,7,7,1.9955042617296404E18,139.82370636302582,4.301316557673662E-5,1.0,28.635202245768994,3.0,339.12862538525087,229.5374331550802,398.7292382367195,0.0,0.0,5.807486631016043,0.0,0.0,104.89999999999989,346.99342498242044,991.989082965497,0.06273811119144643,100.0,1.0,5.40546438113819
70,2043,7,7,2.52771244661108E18,134.8607682157498,4.33014414700183E-5,1.0,-12.511473793349351,3.0,350.8947778509054,230.2927807486631,-151.43571296345695,0.0,0.0,5.958556149732621,0.0,0.0,104.89999999999989,280.93656115934397,1368.3733995368605,0.0673037210166697,100.0,1.0,5.213601455467763
69,2043,7,7,3.317868809496197E18,133.63899036050722,8.52928833356081E-5,1.0,7.416358808617679,3.0,318.6809298317312,230.39304812834226,88.69002774631176,0.0,0.0,5.978609625668449,0.0,0.0,104.89999999999989,343.0875370124066,1097.709844779939,0.0616837388436595,100.0,1.0,5.166368573076348
66,2043,7,7,6.646488575717851E18,135.82634970052894,3.8668943118238294E-5,1.0,4.888728107372582,2.0,309.44985585058595,230.2927807486631,55.48053917478375,0.0,0.0,5.958556149732621,0.0,0.0,104.89999999999989,327.96260933353926,1064.376203673952,0.058932390163734256,100.0,1.0,5.250930006246629
76,2043,7,7,5.182538500345593E18,137.59589271416533,5.236827487475026E-5,1.0,7.1177738492652045,3.0,309.950343082388,230.4331550802139,85.97229216293216,0.0,0.0,5.9866310160427805,0.0,0.0,104.89999999999989,313.08410591384137,1113.6018480963853,0.058268582236861835,100.0,1.0,5.319339019137956
67,2043,11,7,8.815097190336754E18,125.16466198835617,7.310818571623553E-5,1.0,-0.3202020314692084,4.0,467.4816678070697,323.64973262032083,-2.5632170674571495,0.0,0.0,5.729946524064171,0.0,0.0,88.0,0.0,972.636940158081,0.09685120639307203,100.0,1.0,4.826802733977195
63,2043,11,8,3.212672331395627E18,129.9181291632212,3.1012492380827115E-4,1.0,26.933222182654944,2.0,496.3939088610194,331.524064171123,346.58539138717055,0.0,0.0,5.804812834224599,0.0,0.0,88.0,39.28352146455629,938.4443211361329,0.09907837305182236,100.0,1.0,5.010113646107041
69,2043,11,8,3.317868809496197E18,123.52340432960624,1.0372071030376962E-4,2.0,10.550742166550314,6.0,517.7726279100401,337.8917112299465,115.87381348560513,0.0,0.0,5.878342245989304,0.0,0.0,88.0,0.0,978.0139823181304,0.10869561299543827,100.0,1.0,4.76350989374125
65,2043,11,8,8.237168610376572E18,128.29363382394445,1.1195845624847336E-4,1.0,9.884083815268289,2.0,472.275341106914,325.9117647058824,93.8809700453728,0.0,0.0,5.882352941176471,0.0,0.0,88.0,2.567636313251573,851.1640277634463,0.09545800304498102,100.0,1.0,4.947467221625954
64,2043,11,8,5.156518253817723E18,124.02696667962971,3.1012492380827115E-4,1.0,22.759871498175375,5.0,442.93065927164724,331.951871657754,262.3207810280628,0.0,0.0,5.890374331550802,0.0,0.0,88.0,4.390183236811933,887.6904010017718,0.09260657051000451,100.0,1.0,4.78292908194669
79,2043,11,8,2.819594302524464E18,126.64718853723113,8.19136090354652E-5,1.0,38.02315162671833,4.0,473.57852983403694,331.1029411764706,533.7495899740987,0.0,0.0,5.720588235294118,0.0,0.0,88.0,0.0,868.4407804762485,0.0969658106414383,100.0,1.0,4.883974327665274
78,2043,11,8,4.687141051879245E18,129.19098367570726,7.239143879744892E-5,1.0,10.595608847030414,2.0,420.92486481102026,325.677807486631,114.35557978226575,0.0,0.0,5.8355614973262036,0.0,0.0,88.0,0.0,960.1694611513426,0.08448790803568113,100.0,1.0,4.982072282263804
77,2043,11,8,5.866154019238748E17,127.71695384261646,1.114976394846785E-5,1.0,-14.776815170321505,5.0,441.99666489952415,331.6644385026738,-117.13082780846743,0.0,0.0,5.8328877005347595,0.0,0.0,88.0,4.046590334966365,913.3535812462264,0.08974135476501569,100.0,1.0,4.925228352712923
76,2043,11,8,5.182538500345593E18,118.18392364937328,1.5413763608760985E-4,2.0,14.610110192740398,7.0,524.8847386485807,331.8716577540107,150.6752972054169,0.0,0.0,5.874331550802139,0.0,0.0,88.0,0.0,877.1176852957385,0.115166911998728,100.0,1.0,4.557600178203771
73,2043,11,8,2.957751204712242E18,128.0332309343209,1.7002462928085037E-4,1.0,36.558562454393766,2.0,499.9892328686517,331.54411764705884,514.7510753774643,0.0,0.0,5.8088235294117645,0.0,0.0,88.0,13.423450642581283,892.0704743269387,0.10126517737280238,100.0,1.0,4.937425142978498
72,2043,11,8,3.00978221914696E18,124.30627634399553,1.0693962889940384E-4,1.0,15.999694661437587,6.0,419.898382641246,331.8382352941176,170.1838565062538,0.0,0.0,5.867647058823529,0.0,0.0,88.0,0.0,890.1237536579374,0.08759379156251713,100.0,1.0,4.793700274311765
62,2043,11,9,2.853793568557007E18,126.4589109823372,1.2772855181559766E-4,1.0,22.892486845191566,5.0,493.5623139073923,339.4385026737968,260.43660755086313,0.0,0.0,5.887700534759358,0.0,0.0,88.0,0.0,875.318547953839,0.10120797487749873,100.0,1.0,4.876713663175218
60,2043,11,9,3.5299406018237317E18,125.76661355070001,1.045599877977988E-4,2.0,36.41835697116719,5.0,446.3063596169093,339.4986631016043,487.9207673699509,0.0,0.0,5.899732620320855,0.0,0.0,88.0,5.498771596819543,850.5638170349226,0.09202162308058913,100.0,1.0,4.850016166592179
71,2043,11,9,6.50369789014244E18,127.6318560616432,3.1012492380827115E-4,1.0,17.040694180850288,4.0,467.6736578962855,339.4117647058824,188.16132301766078,0.0,0.0,5.882352941176471,0.0,0.0,88.0,3.648842196923237,913.2249547108685,0.09501802617305022,100.0,1.0,4.92194667403995
70,2043,11,9,2.52771244661108E18,126.61402591628145,1.2114254836260595E-4,1.0,16.98705702367912,2.0,522.8751032484175,339.67914438502675,194.0958961576701,0.0,0.0,5.935828877005347,0.0,0.0,88.0,0.0,945.603055573158,0.10708738807610267,100.0,1.0,4.882695456880799
68,2043,11,9,2.2093098651697398E18,125.80152092453011,8.381754697520841E-5,2.0,28.879621596347704,7.0,496.91425614757014,338.7232620320856,402.7675526837717,0.0,0.0,5.744652406417113,0.0,0.0,88.0,0.0,990.1893313542968,0.10242777661832075,100.0,1.0,4.851362321367517
66,2043,11,9,6.646488575717851E18,125.58201236235955,7.429921509541716E-5,1.0,18.283961879475296,2.0,524.5862933132223,332.8368983957219,189.26850922186838,0.0,0.0,5.767379679144385,0.0,0.0,88.0,0.0,843.5678003703366,0.10832075582125104,100.0,1.0,4.842897276112855
75,2043,11,9,8.661686022710631E18,127.27484571789302,9.530575408981904E-5,1.0,5.325809419361645,2.0,436.38544087792235,333.68582887700535,52.34567763522146,0.0,0.0,5.93716577540107,0.0,0.0,88.0,0.0,921.3407307131342,0.08890984525271023,100.0,1.0,4.908179062032728
74,2043,11,9,7.887265943744844E18,128.01716902665626,1.3820183770422067E-4,1.0,8.84559576250617,5.0,444.8387591203298,339.4117647058824,97.21571581195151,0.0,0.0,5.882352941176471,0.0,0.0,88.0,0.0,996.2186801084916,0.09010659579507453,100.0,1.0,4.936805737639974
61,2043,11,10,1.9955042617296404E18,126.04870667534958,8.978718118363377E-5,2.0,25.412166442264354,5.0,534.8094696447181,346.63770053475935,318.2928248001801,0.0,0.0,5.827540106951871,0.0,0.0,88.0,0.0,932.3185637968135,0.11002284614913731,100.0,1.0,4.8608946992679805
73,2044,2,19,2.957751204712242E18,147.57974839561268,0.03903907991234893,1.0,3.6349281652226755,1.0,272.6000000000036,234.14839572192514,57.131503969848524,0.0,0.0,6.129679144385027,0.0,0.0,105.10000000000012,514.4515539488598,1496.6899195794872,0.04801702535357212,100.0,1.0,5.6771530096402385
67,2044,2,20,8.815097190336754E18,152.16378001919804,0.03903907991234893,0.0,-6.013087005431537,0.0,278.39999999999634,236.13636363636363,-67.2677752208396,0.0,0.0,6.2272727272727275,0.0,0.0,105.10000000000012,531.8421087028071,1193.435017568874,0.04756134292953319,100.0,1.0,5.853493254226933
66,2044,2,20,6.646488575717851E18,152.13816034234014,0.02183393731115713,0.0,-5.970505797678019,0.0,278.39999999999634,236.09625668449198,-77.06544712969186,0.0,0.0,6.219251336898396,0.0,0.0,105.10000000000012,469.8709288076281,1375.8082721800715,0.04756935213796624,100.0,1.0,5.852507706906494
76,2044,2,20,5.182538500345593E18,150.97303941534992,0.03903907991234893,1.0,-1.2623511656687063,1.0,278.39999999999634,235.78877005347593,-15.858863900717408,0.0,0.0,6.157754010695188,0.0,0.0,105.10000000000012,487.36415117847224,1310.7723646861518,0.0479364643579622,100.0,1.0,5.807687398909185
63,2044,2,21,3.212672331395627E18,148.77689251200678,0.03903907991234893,1.0,2.6013166758686044,1.0,281.2999999999969,237.84358288770053,38.6455040739924,0.0,0.0,6.268716577540107,0.0,0.0,105.10000000000012,346.66310705814965,1424.8173562407676,0.04915078007586229,100.0,1.0,5.723205197675834
79,2044,2,21,2.819594302524464E18,149.89260151506807,0.03903907991234893,1.0,30.56163930002786,1.0,281.2999999999969,237.83021390374333,509.6805508566685,0.0,0.0,6.266042780748663,0.0,0.0,105.10000000000012,421.926612605496,1156.5935500449884,0.04878493167985187,100.0,1.0,5.766124709285459
71,2044,2,22,6.50369789014244E18,150.80917117277644,0.010507586921987989,0.0,-38.701541253937414,0.0,284.2000000000032,239.6711229946524,-523.904316242695,0.0,0.0,6.334224598930481,0.0,0.0,105.10000000000012,559.394761738954,1879.8832454219225,0.04898831329723767,100.0,1.0,5.801383654007711
62,2044,2,23,2.853793568557007E18,160.2550169046521,0.010971929626647926,0.0,-7.100591067085529,0.0,287.1000000000037,241.81951871657753,-102.61137062725192,0.0,0.0,6.463903743315508,0.0,0.0,105.10000000000012,631.4937297612195,1555.8326130884527,0.04657123172143747,100.0,1.0,6.164749983794117
69,2044,2,23,3.317868809496197E18,157.8563270345033,0.011220874246747012,0.0,-0.5260085263572419,0.0,284.2000000000032,241.53208556149733,-6.4191408557983065,0.0,0.0,6.406417112299465,0.0,0.0,105.10000000000012,623.7822631353172,1368.3182173032003,0.04680133552007651,100.0,1.0,6.072476283889144
64,2044,2,23,5.156518253817723E18,157.11863556236744,0.005767599399227979,0.0,3.5580652706936493,0.0,287.1000000000037,241.27807486631016,54.02205851175305,0.0,0.0,6.355614973262032,0.0,0.0,105.10000000000012,691.0587387683455,1449.3906657712346,0.047500880465748026,100.0,1.0,6.044098492174814
78,2044,2,23,4.687141051879245E18,162.39915307432616,0.011220874246747012,0.0,-9.942941457233205,0.0,287.1000000000037,241.53208556149733,-131.06558728977518,0.0,0.0,6.406417112299465,0.0,0.0,105.10000000000012,682.7594955041856,1453.5304526700306,0.04595635744093853,100.0,1.0,6.24723141665382
72,2044,2,23,3.00978221914696E18,156.42148867298752,0.011220874246747012,0.0,8.316190798763445,0.0,287.1000000000037,241.4318181818182,114.72306284055658,0.0,0.0,6.386363636363637,0.0,0.0,105.10000000000012,554.1203697536691,1257.4276094112774,0.04771258469731125,100.0,1.0,6.017280384648344
61,2044,2,24,1.9955042617296404E18,159.4960944497728,0.01190314907912521,0.0,20.45217386385749,0.0,290.00000000000006,244.17513368983958,312.16982791997873,0.0,0.0,6.635026737967914,0.0,0.0,105.10000000000012,597.2235783037445,1211.6402570520818,0.04726548417424761,100.0,1.0,6.135555470687535
60,2044,2,24,3.5299406018237317E18,159.98707693954483,0.01190314907912521,0.0,17.7848787538977,0.0,290.00000000000006,244.09491978609626,287.87034268213426,0.0,0.0,6.6189839572192515,0.0,0.0,105.10000000000012,651.8809541449765,1328.2919240189065,0.047120431676607955,100.0,1.0,6.154442768909629
68,2044,2,24,2.2093098651697398E18,151.27812042435906,0.011698757278490348,1.0,-5.939786204890013,3.0,290.00000000000006,243.89438502673798,-100.35061280576426,0.0,0.0,6.578877005347594,0.0,0.0,105.10000000000012,542.0792190256191,1802.5120270784348,0.049833116031075084,100.0,1.0,5.819423369374714
77,2044,2,24,5.866154019238748E17,160.0710800745158,0.01190314907912521,1.0,-164.72602369126108,1.0,290.00000000000006,243.62700534759358,-1719.808817405973,0.0,0.0,6.525401069518717,0.0,0.0,105.10000000000012,597.6258719464392,2764.531605045101,0.04709570351221883,100.0,1.0,6.15767423295334
75,2044,2,24,8.661686022710631E18,156.37683059321938,0.01190314907912521,0.0,4.482035952320901,0.0,290.00000000000006,244.20855614973263,53.533933379492396,0.0,0.0,6.641711229946524,0.0,0.0,105.10000000000012,514.5382640904132,1127.705917571568,0.04820829338637918,100.0,1.0,6.015562460917502
74,2044,2,24,7.887265943744844E18,158.169075957937,0.01190314907912521,0.0,1.5120901830465265,0.0,290.00000000000006,243.96122994652407,21.73696105025314,0.0,0.0,6.592245989304812,0.0,0.0,105.10000000000012,608.5086206100668,1383.0928344850688,0.047662035593321904,100.0,1.0,6.084507226557335
70,2044,2,25,2.52771244661108E18,161.49347868277084,0.012585423911503411,0.0,-51.05282444885903,0.0,292.8999999999962,246.06951871657753,-748.3456091197528,0.0,0.0,6.713903743315508,0.0,0.0,105.10000000000012,684.5967947469907,2215.8187809675646,0.047147703990619044,100.0,1.0,6.212391595108734
65,2044,2,25,8.237168610376572E18,161.5114225614812,0.012585423911503411,0.0,-35.855791328291716,0.0,292.8999999999962,245.5548128342246,-416.9962341059754,0.0,0.0,6.61096256684492,0.0,0.0,105.10000000000012,580.3649604440425,1581.566236365099,0.047142465892480556,100.0,1.0,6.21308186695247
67,2044,7,2,8.815097190336754E18,133.67859666606972,9.531161220980731E-6,1.0,-3.4638313501362354,3.0,276.3348570026521,223.19652406417111,-33.63794857790251,0.0,0.0,5.739304812834225,0.0,0.0,105.19999999999852,264.48473913868474,1020.5532592356806,0.05386957538226561,100.0,1.0,5.129701785130911
79,2044,7,2,2.819594302524464E18,129.11702399641115,1.5202202147464265E-4,1.0,27.86262942518284,5.0,280.2272314790958,222.65508021390374,399.6118282716435,0.0,0.0,5.6310160427807485,0.0,0.0,105.19999999999852,304.13737075999967,1032.167740849725,0.0565583313992611,100.0,1.0,4.954658748697752
61,2044,7,3,1.9955042617296404E18,133.15073976938297,6.783134816453878E-5,1.0,16.842009924808355,3.0,302.4193355354911,224.99732620320856,214.4447665426658,0.0,0.0,5.7994652406417115,0.0,0.0,105.19999999999852,410.59385827999256,1054.5235556096427,0.05918828151724477,100.0,1.0,5.109446123171863
70,2044,7,3,2.52771244661108E18,130.35678070548025,9.432023230178564E-5,1.0,-40.26786109701689,4.0,310.6608166134474,224.10160427807486,-474.82969158193464,0.0,0.0,5.620320855614973,0.0,0.0,105.19999999999852,417.20326499999953,1656.4425647798598,0.06210443463187616,100.0,1.0,5.002232424381422
66,2044,7,3,6.646488575717851E18,134.84975397411355,1.758077799366616E-4,1.0,5.270557288473969,2.0,279.2269921815858,225.3850267379679,61.14300857627645,0.0,0.0,5.877005347593583,0.0,0.0,105.19999999999852,258.25507015914604,1087.1733874661345,0.05396062848565562,100.0,1.0,5.174643068803634
76,2044,7,3,5.182538500345593E18,129.54177836827097,1.0835951216221909E-4,1.0,8.205890937847517,5.0,279.0525556267072,225.4451871657754,91.49201387404858,0.0,0.0,5.88903743315508,0.0,0.0,105.19999999999852,219.2921555740475,1016.8597629001334,0.05613657461900902,100.0,1.0,4.970958016597867
73,2044,7,3,2.957751204712242E18,133.59058724684115,1.2020345884041518E-4,2.0,11.119269526142318,4.0,274.7314058922014,223.2860962566845,156.75481974781368,0.0,0.0,5.457219251336898,0.0,0.0,105.19999999999852,343.26799037793495,1246.3063482922983,0.05359227696561253,100.0,1.0,5.12632456479658
63,2044,7,4,3.212672331395627E18,135.82255715197076,3.8014822727172236E-5,1.0,3.8345942314656485,3.0,285.78344451238456,226.9318181818182,51.96844059771415,0.0,0.0,5.886363636363637,0.0,0.0,105.19999999999852,271.94266541631083,1280.768793766695,0.054832105574948,100.0,1.0,5.211972830803618
62,2044,7,4,2.853793568557007E18,133.97020173482412,4.853285192617701E-5,1.0,-2.698682829706319,3.0,299.22204805157565,227.38636363636363,-31.925396903951775,0.0,0.0,5.9772727272727275,0.0,0.0,105.19999999999852,391.5523990888416,1243.791731808708,0.05820430923708339,100.0,1.0,5.140891662037524
71,2044,7,4,6.50369789014244E18,134.97096148282938,8.501231464042518E-5,1.0,-28.96270665807706,3.0,290.9906741412632,227.38636363636363,-349.80134682968924,0.0,0.0,5.9772727272727275,0.0,0.0,105.19999999999852,396.43668598271665,1560.3770024210994,0.056183460949967096,100.0,1.0,5.179294212586838
69,2044,7,4,3.317868809496197E18,141.56036401519046,4.341054364617457E-5,1.0,2.7552386617013807,1.0,298.32195580577604,224.9866310160428,34.16151922262073,0.0,0.0,5.497326203208556,0.0,0.0,105.19999999999852,407.3374765740543,1184.129405734857,0.05491782217239334,100.0,1.0,5.43215196825011
68,2044,7,4,2.2093098651697398E18,132.71793302749026,4.886935452383724E-5,1.0,-4.913125075460407,4.0,302.58136097940246,227.32620320855614,-72.32070464188789,0.0,0.0,5.96524064171123,0.0,0.0,105.19999999999852,412.5475491399994,1561.958344254017,0.05941311492478173,100.0,1.0,5.0928378584842235
64,2044,7,4,5.156518253817723E18,140.7518413049975,3.868823899803781E-5,0.0,11.563821882863818,0.0,297.99743456530985,227.41978609625667,155.99896881490315,0.0,0.0,5.983957219251337,0.0,0.0,105.19999999999852,425.2392625023507,1187.4804390264937,0.05517320336772657,100.0,1.0,5.401126205762828
77,2044,7,4,5.866154019238748E17,132.09057979018644,3.1012492380827115E-4,1.0,-126.26015644286508,5.0,305.5941387009154,226.5975935828877,-1084.6885330731745,0.0,0.0,5.81951871657754,0.0,0.0,105.19999999999852,350.5850673399984,1944.6647591387516,0.06028967369707125,100.0,1.0,5.06876418400255
75,2044,7,4,8.661686022710631E18,136.15442705652885,5.251014625944313E-5,1.0,-3.6736085673572023,5.0,304.08437763327913,226.89171122994654,-37.1216637730089,0.0,0.0,5.878342245989304,0.0,0.0,105.19999999999852,468.2040136150725,1063.0661386870229,0.05820122175472483,100.0,1.0,5.224707806217028
74,2044,7,4,7.887265943744844E18,137.3927571636174,6.047677921378142E-5,1.0,4.441135003806334,2.0,304.7344085689736,223.52941176470588,54.61443241777589,0.0,0.0,5.205882352941177,0.0,0.0,105.19999999999852,373.2968618923645,1162.6708686016093,0.057799943684720204,100.0,1.0,5.272226738337328
72,2044,7,4,3.00978221914696E18,136.68543326410415,4.5234090403773485E-5,1.0,9.325085681678562,2.0,297.87271868362166,226.67780748663102,112.10721918295809,0.0,0.0,5.8355614973262036,0.0,0.0,105.19999999999852,375.3532562694731,1083.955705062453,0.05679083511875833,100.0,1.0,5.245084317931304
60,2044,7,5,3.5299406018237317E18,139.33793503920873,4.660729242685168E-5,1.0,19.63912117130898,2.0,308.43328099302755,228.0842245989305,276.44866375012504,0.0,0.0,5.816844919786096,0.0,0.0,105.19999999999852,454.3745964548252,1127.6442123525474,0.05768483082075078,100.0,1.0,5.346869820099669
65,2044,7,5,8.237168610376572E18,137.63822927367673,5.816296395503958E-5,1.0,-27.647261478594793,3.0,316.4533953681156,228.60561497326202,-273.05226725260553,0.0,0.0,5.921122994652406,0.0,0.0,105.19999999999852,365.5954593765423,1263.0355023437457,0.05991567310279073,100.0,1.0,5.281646336931095
78,2044,7,5,4.687141051879245E18,135.7326293239168,6.290566405847285E-5,2.0,-7.670114720343983,3.0,303.10351498880266,228.19786096256684,-83.84009836657083,0.0,0.0,5.839572192513369,0.0,0.0,105.19999999999852,393.78843204320054,1186.4224871132988,0.058193766927095214,100.0,1.0,5.208521994606895
61,2044,11,6,1.9955042617296404E18,127.41713624929758,1.5822700194299553E-4,1.0,25.14203159871492,4.0,439.7311567300739,324.12433155080214,305.0114445352537,0.0,0.0,5.824866310160428,0.0,0.0,88.0,1.746322268588068,906.3167671717108,0.09015760428287706,100.0,1.0,4.877360708813652
70,2044,11,6,2.52771244661108E18,122.34740528168324,5.0117149936695385E-5,1.0,8.805061034492836,6.0,436.1182842945619,324.2379679144385,98.03532798973181,0.0,0.0,5.847593582887701,0.0,0.0,88.0,29.224940161515317,1008.2397928724688,0.09312204315408007,100.0,1.0,4.683298062661264
66,2044,11,6,6.646488575717851E18,129.43035991085378,9.414842859996088E-5,1.0,21.450068813585858,1.0,441.88847376369347,324.3516042780749,236.32254611252225,0.0,0.0,5.870320855614973,0.0,0.0,88.0,0.0,863.1246126434477,0.08919068087140565,100.0,1.0,4.95442426771923
60,2044,11,7,3.5299406018237317E18,123.85343761480976,1.049137090014449E-4,2.0,31.52676799794039,4.0,498.43294551036615,331.677807486631,392.95789028165535,0.0,0.0,5.8355614973262036,0.0,0.0,88.0,0.0,852.0191032355895,0.10513362523569428,100.0,1.0,4.740947003329829
69,2044,11,7,3.317868809496197E18,124.86629612045733,3.1012492380827115E-4,1.0,7.098464704659772,6.0,476.3082378795819,331.1898395721925,76.62368947444472,0.0,0.0,5.737967914438503,0.0,0.0,88.0,0.0,995.3431796720349,0.09965195605979396,100.0,1.0,4.779717897296302
68,2044,11,7,2.2093098651697398E18,125.613179430583,2.632639421122846E-4,1.0,29.865389954810915,5.0,463.66619097523846,325.8382352941176,420.62477900696763,0.0,0.0,5.867647058823529,0.0,0.0,88.0,0.0,985.7887369197641,0.09643022630603033,100.0,1.0,4.808307609937059
65,2044,11,7,8.237168610376572E18,124.68993269708785,1.2616961912460177E-4,1.0,2.30335559912566,4.0,495.68854387833136,331.57754010695186,21.16428995561653,0.0,0.0,5.815508021390374,0.0,0.0,88.0,0.0,873.4729022784522,0.10385333701744216,100.0,1.0,4.772966936970745
78,2044,11,7,4.687141051879245E18,122.05588807049682,5.8184788706992705E-5,2.0,2.5279963972389456,5.0,492.68012769710475,331.7379679144385,25.491483203342984,0.0,0.0,5.847593582887701,0.0,0.0,88.0,11.301645470813044,963.5450166132326,0.10545065336003889,100.0,1.0,4.672139166506185
77,2044,11,7,5.866154019238748E17,127.76076388941839,3.1012492380827115E-4,1.0,-11.3268455660827,4.0,462.7807224056383,331.57754010695186,-93.45161379935378,0.0,0.0,5.815508021390374,0.0,0.0,88.0,0.0,923.1856276557976,0.09462823166785177,100.0,1.0,4.890514323780391
76,2044,11,7,5.182538500345593E18,129.34957625511018,2.617723083080058E-4,2.0,18.640484368332977,3.0,437.9016086093713,331.9919786096257,206.31961732740902,0.0,0.0,5.898395721925134,0.0,0.0,88.0,9.215866596978497,897.656230796584,0.08844117315960964,100.0,1.0,4.951331975426094
74,2044,11,7,7.887265943744844E18,125.18891407757464,4.2917924689769046E-5,1.0,8.586367258443575,5.0,470.2209996973584,332.0187165775401,95.59867024236723,0.0,0.0,5.903743315508021,0.0,0.0,88.0,0.0,1010.8243578483931,0.0981248741559313,100.0,1.0,4.792067289178125
73,2044,11,7,2.957751204712242E18,124.0232859003999,3.1012492380827115E-4,1.0,30.13837362539313,5.0,443.22368312009417,331.6844919786096,392.23244796671327,0.0,0.0,5.836898395721925,0.0,0.0,88.0,0.0,907.1313858046449,0.09336039692260507,100.0,1.0,4.747448572733925
72,2044,11,7,3.00978221914696E18,123.95652614292615,9.159034961850889E-5,1.0,17.390335627806,6.0,469.2400460820327,331.49732620320856,188.716645341608,0.0,0.0,5.7994652406417115,0.0,0.0,88.0,0.0,893.2851621901723,0.09889370245093335,100.0,1.0,4.744893096856685
63,2044,11,8,3.212672331395627E18,129.88785062997954,1.0323732483630866E-4,1.0,26.353700243198332,4.0,470.94294569912927,339.4986631016043,335.53617269298365,0.0,0.0,5.899732620320855,0.0,0.0,88.0,0.0,935.8221014403308,0.09472022702747743,100.0,1.0,4.97193641187656
71,2044,11,8,6.50369789014244E18,128.40155076818903,8.721173335440693E-5,1.0,18.63021475919826,3.0,469.74650443701665,333.54545454545456,214.6023825353168,0.0,0.0,5.909090909090909,0.0,0.0,88.0,0.0,934.2088108168444,0.09557322756688699,100.0,1.0,4.91504280430693
67,2044,11,8,8.815097190336754E18,131.07152117222614,3.1012492380827115E-4,1.0,-3.358819436510785,2.0,426.91467170543973,339.63235294117646,-31.85621396154552,0.0,0.0,5.926470588235294,0.0,0.0,88.0,7.0259580458862665,997.1358484457338,0.08508944779363754,100.0,1.0,5.017245766370595
64,2044,11,8,5.156518253817723E18,125.10725647032349,1.1326695537190323E-4,2.0,23.116094319817048,7.0,477.99734243702335,338.92379679144386,275.84319523590625,0.0,0.0,5.78475935828877,0.0,0.0,88.0,0.0,915.3610283829378,0.09981273275696803,100.0,1.0,4.788941543168538
79,2044,11,8,2.819594302524464E18,129.79410541847807,1.5172452241109152E-4,1.0,37.902470076620006,3.0,421.55535408224955,333.11764705882354,544.6619908942571,0.0,0.0,5.823529411764706,0.0,0.0,88.0,0.0,891.0734399439311,0.08484819436494094,100.0,1.0,4.968347968244275
75,2044,11,8,8.661686022710631E18,129.55127877468868,8.063570561837526E-5,1.0,3.677915380387841,2.0,471.39060590372236,339.54545454545456,36.36294473422682,0.0,0.0,5.909090909090909,0.0,0.0,88.0,0.0,937.4164693335365,0.0950565797576127,100.0,1.0,4.959052883090616
62,2044,11,9,2.853793568557007E18,132.45526390116544,7.24252507725995E-5,1.0,24.080554096046107,3.0,471.2452851816646,341.05882352941177,288.3097277253408,0.0,0.0,5.911764705882353,0.0,0.0,88.0,5.414547315520389,906.8956184748861,0.09294387186782563,100.0,1.0,5.0702136215265154
68,2045,2,19,2.2093098651697398E18,153.55841005508762,0.020894632210865956,1.0,-8.573013927434125,1.0,278.39999999999634,235.548128342246,-145.16323575824637,0.0,0.0,6.109625668449198,0.0,0.0,105.39999999999986,498.5791620951079,1846.749538274816,0.04748007635888762,100.0,1.0,5.863512052837794
70,2045,2,20,2.52771244661108E18,149.67697906188826,0.03932384033888877,1.0,2.767790793333309,1.0,281.2999999999969,237.3422459893048,38.78195493031479,0.0,0.0,6.168449197860962,0.0,0.0,105.39999999999986,299.93853870712974,1340.1970816162782,0.049218741810431885,100.0,1.0,5.715302538277716
69,2045,2,20,3.317868809496197E18,147.33546820235023,0.039783379729488776,1.0,-3.588848268595633,1.0,281.2999999999969,237.8903743315508,-44.808597846233674,0.0,0.0,6.278074866310161,0.0,0.0,105.39999999999986,457.6595604269712,1313.9395974247118,0.05000094462858594,100.0,1.0,5.625893712399494
66,2045,2,21,6.646488575717851E18,155.17329228223355,0.010693661876272954,0.0,-11.39717589267281,0.0,284.2000000000032,239.1898395721925,-155.45426932030117,0.0,0.0,6.237967914438503,0.0,0.0,105.39999999999986,570.8370645785885,1524.5288435893463,0.047964827132255056,100.0,1.0,5.925175112512525
77,2045,2,21,5.866154019238748E17,154.03668581300198,0.005216420427450222,0.0,-197.2715793513644,0.0,284.2000000000032,239.4572192513369,-1929.324571640263,0.0,0.0,6.291443850267379,0.0,0.0,105.39999999999986,589.5767546783909,2908.0660390506528,0.04831875017679702,100.0,1.0,5.881774651871642
75,2045,2,21,8.661686022710631E18,156.6853670174647,0.005483728424685216,0.0,-0.01942956223393942,0.0,284.2000000000032,239.8850267379679,0.36684552625099837,0.0,0.0,6.377005347593583,0.0,0.0,105.39999999999986,616.5728217330924,1209.788012496823,0.04750194789428306,100.0,1.0,5.9829125456601995
74,2045,2,21,7.887265943744844E18,154.04884488867586,0.03932384033888877,0.0,4.74558425403505,0.0,284.2000000000032,239.5909090909091,61.27466907655387,0.0,0.0,6.318181818181818,0.0,0.0,105.39999999999986,380.3376641932395,1219.0391567601057,0.04831493637773683,100.0,1.0,5.882238937004178
73,2045,2,21,2.957751204712242E18,157.37665327644078,0.005273008814730252,0.0,-5.525968290119474,0.0,284.2000000000032,239.33689839572193,-85.58509968339332,0.0,0.0,6.267379679144385,0.0,0.0,105.39999999999986,612.6049650828933,1645.6151324442665,0.04729329277822689,100.0,1.0,6.009308789994942
63,2045,2,22,3.212672331395627E18,154.32529442613728,0.011406949201031974,0.0,-24.942660079699316,0.0,287.1000000000037,242.03342245989305,-366.6828612855533,0.0,0.0,6.50668449197861,0.0,0.0,105.39999999999986,513.7724857477052,1840.1730517342096,0.04872051415982497,100.0,1.0,5.89279495405545
61,2045,2,22,1.9955042617296404E18,157.85490004440163,0.011205313244900058,0.0,13.765339229216824,0.0,287.1000000000037,241.26470588235293,213.18141688316499,0.0,0.0,6.352941176470588,0.0,0.0,105.39999999999986,714.5626505356672,1331.7481828769005,0.04763113270600335,100.0,1.0,6.027570282069275
71,2045,2,22,6.50369789014244E18,153.18487943281684,0.011406949201031974,1.0,-43.548056441438696,1.0,287.1000000000037,242.17379679144386,-598.422990884446,0.0,0.0,6.53475935828877,0.0,0.0,105.39999999999986,580.8476513409537,1974.9288170281402,0.04908322361937401,100.0,1.0,5.849249067795139
67,2045,2,22,8.815097190336754E18,157.58582170933886,0.011406949201031974,0.0,-26.70231275137291,0.0,287.1000000000037,242.32754010695186,-307.07121720820396,0.0,0.0,6.565508021390374,0.0,0.0,105.39999999999986,725.0684907583028,1459.8415900892921,0.04771246302967498,100.0,1.0,6.017295728821222
65,2045,2,22,8.237168610376572E18,160.42619366431015,0.011406949201031974,0.0,-38.89004368854864,0.0,287.1000000000037,241.62566844919786,-447.8595600293726,0.0,0.0,6.425133689839572,0.0,0.0,105.39999999999986,635.5467645991172,1600.8453657401558,0.046867706080721466,100.0,1.0,6.125753189318119
79,2045,2,22,2.819594302524464E18,159.80680937899183,0.005320405410929093,1.0,24.70099233211134,1.0,287.1000000000037,241.77272727272728,422.0916431266518,0.0,0.0,6.454545454545454,0.0,0.0,105.39999999999986,611.762641480264,1284.6514981872285,0.0470493574180338,100.0,1.0,6.102102467609039
78,2045,2,22,4.687141051879245E18,160.36555543989797,0.01108864916094218,0.0,-17.95465773001474,0.0,287.1000000000037,241.7058823529412,-233.69566016390402,0.0,0.0,6.4411764705882355,0.0,0.0,105.39999999999986,684.0813541365752,1539.196442186739,0.046885427931721256,100.0,1.0,6.123437764460726
76,2045,2,22,5.182538500345593E18,155.5278443138214,0.011406949201031974,1.0,0.2941483827574909,1.0,287.1000000000037,241.55213903743316,4.813625762289037,0.0,0.0,6.410427807486631,0.0,0.0,105.39999999999986,593.064740880454,1387.7066207238659,0.048343804451738435,100.0,1.0,5.938713414386229
62,2045,2,23,2.853793568557007E18,159.7167285104865,0.01182857631589631,0.0,-2.5711161753493337,0.0,290.00000000000006,243.68716577540107,-36.46913044177925,0.0,0.0,6.537433155080214,0.0,0.0,105.39999999999986,571.8338463028946,1478.8476108500577,0.04755140751744487,100.0,1.0,6.098662797596678
64,2045,2,23,5.156518253817723E18,156.34858078732594,0.012120236525790997,1.0,2.3860344171817625,1.0,290.00000000000006,243.4866310160428,34.70163527097522,0.0,0.0,6.497326203208556,0.0,0.0,105.39999999999986,532.7323984302785,1397.8790541207516,0.04857578627519531,100.0,1.0,5.9700526175133755
72,2045,2,23,3.00978221914696E18,159.43507670299846,0.004694127236944616,0.0,9.509498090688913,0.0,290.00000000000006,243.62032085561498,135.91505458344122,0.0,0.0,6.524064171122995,0.0,0.0,105.39999999999986,537.3688113337857,1287.851366777341,0.04763540998511284,100.0,1.0,6.087908135788727
60,2045,2,25,3.5299406018237317E18,160.2033025853891,0.013453773698166574,1.0,20.57895246760972,2.0,295.7999999999965,247.64973262032086,322.75592271969623,0.0,0.0,6.729946524064171,0.0,0.0,105.39999999999986,515.9725910627561,1242.902717840534,0.04835512267620864,100.0,1.0,6.117242261604973
69,2045,7,2,3.317868809496197E18,128.3978881027191,4.117431277327022E-5,1.0,-5.320895901728961,4.0,272.3972971740571,221.6764705882353,-57.974247304262484,0.0,0.0,5.735294117647059,0.0,0.0,105.50000000000001,292.84533099999663,1161.251303524015,0.05569717097638302,100.0,1.0,4.890684614655927
68,2045,7,2,2.2093098651697398E18,132.40796738061246,6.439471009307956E-5,1.0,21.511487674458085,2.0,269.6830898565615,220.25935828877004,315.54215271901126,0.0,0.0,5.451871657754011,0.0,0.0,105.50000000000001,123.9795708172741,1148.0566794739707,0.05347217134031464,100.0,1.0,5.043428817210523
70,2045,7,3,2.52771244661108E18,134.15279163464635,4.7145777410804375E-5,1.0,-1.345297503743921,1.0,275.81033477538443,223.3168449197861,-15.864930335589825,0.0,0.0,5.7633689839572195,0.0,0.0,105.50000000000001,256.129150732331,1248.7708301077769,0.05397579454113076,100.0,1.0,5.10988929612163
78,2045,7,3,4.687141051879245E18,130.11961384867968,6.504297898663403E-5,1.0,-15.391984818537955,4.0,287.50252229612073,222.0735294117647,-161.93732694044837,0.0,0.0,5.514705882352941,0.0,0.0,105.50000000000001,383.0470692452575,1218.6000112816128,0.058007896399326346,100.0,1.0,4.956265269765231
74,2045,7,3,7.887265943744844E18,136.35553800621815,8.278828718854005E-5,1.0,1.9535996456745677,2.0,280.85110613893437,221.63235294117646,22.70155653557583,0.0,0.0,5.426470588235294,0.0,0.0,105.50000000000001,282.66408067059774,1107.7665960106333,0.05407438396680819,100.0,1.0,5.193792060790294
64,2045,7,4,5.156518253817723E18,135.5545253756663,7.152327578604037E-5,1.0,2.6089340884207,2.0,294.68355825034945,225.1042780748663,32.97102707976506,0.0,0.0,5.820855614973262,0.0,0.0,105.50000000000001,383.98423478449735,1206.0159214416274,0.057072921951536175,100.0,1.0,5.163281433191415
72,2045,7,4,3.00978221914696E18,135.12967435457395,6.305915490204779E-5,1.0,6.229930856599887,2.0,295.7382958954867,222.77807486631016,75.6493509497508,0.0,0.0,5.355614973262032,0.0,0.0,105.50000000000001,408.6968614534064,1128.0919531296774,0.05745727948654069,100.0,1.0,5.147098827830216
61,2045,7,5,1.9955042617296404E18,135.1004612342099,1.0316863732810087E-4,1.0,17.863003651878312,3.0,292.42750816998915,227.39304812834226,236.24975017978127,0.0,0.0,5.978609625668449,0.0,0.0,105.50000000000001,391.630014707684,1082.7205597023353,0.05682633077512446,100.0,1.0,5.145986098014942
67,2045,7,5,8.815097190336754E18,128.94820692329716,7.132587944072474E-5,1.0,-23.785464935025193,4.0,292.37414457610043,227.4398395721925,-222.99515316003962,0.0,0.0,5.987967914438503,0.0,0.0,105.50000000000001,341.45673249999675,1163.949460347611,0.059526709961559114,100.0,1.0,4.9116462973496855
66,2045,7,5,6.646488575717851E18,137.5483278877441,9.2629905558026E-5,1.0,1.1288648468151932,2.0,286.8512506212284,226.92513368983958,14.34812723181691,0.0,0.0,5.885026737967914,0.0,0.0,105.50000000000001,330.95117392880064,1196.230513984624,0.05475069740572321,100.0,1.0,5.239225511513634
65,2045,7,5,8.237168610376572E18,129.51005447449137,3.1012492380827115E-4,1.0,-34.795125840439454,4.0,293.28398181027876,224.83288770053477,-322.3942753161199,0.0,0.0,5.466577540106952,0.0,0.0,105.50000000000001,377.52540246999956,1250.889616409501,0.05945290512298458,100.0,1.0,4.933047110205801
77,2045,7,5,5.866154019238748E17,131.3818744638339,7.582516474529858E-5,1.0,-146.8817547594317,4.0,286.65140974378045,227.3596256684492,-1221.8368155563132,0.0,0.0,5.971925133689839,0.0,0.0,105.50000000000001,345.8154831223582,2054.5718533834574,0.05728050672773469,100.0,1.0,5.004344865632735
76,2045,7,5,5.182538500345593E18,129.7547911843646,6.373302996470842E-5,1.0,4.811969335437131,4.0,291.8562028736103,227.34625668449198,56.40607116935125,0.0,0.0,5.969251336898396,0.0,0.0,105.50000000000001,316.30674645397767,1102.4895725516928,0.05905188262749432,100.0,1.0,4.942369148747905
75,2045,7,5,8.661686022710631E18,136.8197465367941,8.980798210595137E-6,1.0,-1.2411072410429365,4.0,287.18278801625416,224.7125668449198,-12.524221106890513,0.0,0.0,5.442513368983957,0.0,0.0,105.50000000000001,434.7975841099981,1066.6413060750513,0.05510586817324387,100.0,1.0,5.211473796463895
73,2045,7,5,2.957751204712242E18,133.27989335157028,1.0790707161039362E-4,2.0,4.513705419017513,5.0,287.2869821415523,226.6577540106952,60.09195304600838,0.0,0.0,5.831550802139038,0.0,0.0,105.50000000000001,330.42805904364656,1257.8153110099254,0.056589979128424416,100.0,1.0,5.0766405389475
63,2045,7,6,3.212672331395627E18,134.33146061199383,7.631026668510608E-5,2.0,-15.204152688713847,4.0,294.48575254836294,228.725935828877,-193.71093121588814,0.0,0.0,5.945187165775401,0.0,0.0,105.50000000000001,328.90393311041396,1473.1377005066608,0.057553902173079166,100.0,1.0,5.116694810071603
60,2045,7,6,3.5299406018237317E18,139.6763645559319,3.735544733898714E-5,1.0,17.63334885227391,1.0,315.4212669305838,228.12433155080214,240.84680474156485,0.0,0.0,5.824866310160428,0.0,0.0,105.50000000000001,423.83657013770915,1120.836455906088,0.05928656275072202,100.0,1.0,5.320282578310588
71,2045,7,6,6.50369789014244E18,143.39326689185287,4.778504218925594E-5,1.0,-24.41444129764852,2.0,294.2426415924786,227.8101604278075,-313.15433936924944,0.0,0.0,5.762032085561497,0.0,0.0,105.50000000000001,393.6718057732473,1598.4956786258,0.05387224506352829,100.0,1.0,5.461859650465579
79,2045,7,6,2.819594302524464E18,135.12894029030244,5.139624193043935E-5,1.0,23.781790586826663,3.0,295.95038995392986,228.95320855614975,343.06120608301586,0.0,0.0,5.990641711229946,0.0,0.0,105.50000000000001,395.90175007764384,1096.56193154879,0.05749879836235514,100.0,1.0,5.147070867270342
62,2045,7,7,2.853793568557007E18,144.55640042937102,3.7238823704163205E-5,0.0,7.993795176178518,0.0,304.51460724843656,229.99866310160428,104.77818746407559,0.0,0.0,5.899732620320855,0.0,0.0,105.50000000000001,356.650236233339,1197.4698609452576,0.055304316310138484,100.0,1.0,5.506163488953798
60,2045,11,7,3.5299406018237317E18,120.65506371443098,1.1623872706456946E-4,1.0,27.143243607168664,6.0,495.14571048080387,324.3449197860963,318.9410993356745,0.0,0.0,5.8689839572192515,0.0,0.0,88.0,0.0,854.406444650671,0.10800596742836151,100.0,1.0,4.584429196555509
71,2045,11,7,6.50369789014244E18,121.91339143490764,3.1012492380827115E-4,1.0,12.479860034362066,5.0,501.3932351544311,324.01737967914437,136.6839273633525,0.0,0.0,5.803475935828877,0.0,0.0,88.0,0.0,953.4229224931299,0.10823988966817259,100.0,1.0,4.632240818902676
70,2045,11,7,2.52771244661108E18,125.34013386770675,9.313060775023161E-5,1.0,16.915409726013692,3.0,421.00622003064586,318.2914438502674,194.88073549053007,0.0,0.0,5.858288770053476,0.0,0.0,88.0,0.0,954.1940899801326,0.08840129795956303,100.0,1.0,4.7624438752384
69,2045,11,7,3.317868809496197E18,118.53899965580976,9.313060775023161E-5,1.0,-0.3836303639068708,9.0,397.734054895303,324.2647058823529,-3.383297143127786,0.0,0.0,5.852941176470588,0.0,0.0,88.0,0.0,1019.435223593976,0.08830632341348948,100.0,1.0,4.504026886420525
67,2045,11,7,8.815097190336754E18,125.17096980470473,1.145755241091291E-4,1.0,-10.56918865556557,5.0,454.2875462859596,324.1644385026738,-95.64120671171194,0.0,0.0,5.8328877005347595,0.0,0.0,88.0,7.742810629059027,1006.7805157115162,0.09551850089576568,100.0,1.0,4.756016290306939
66,2045,11,7,6.646488575717851E18,123.90938869501164,3.329664202364946E-5,1.0,19.646322180660793,4.0,466.728280696145,324.2379679144385,214.21663929791308,0.0,0.0,5.847593582887701,0.0,0.0,88.0,0.0,873.635439168739,0.0991334421763136,100.0,1.0,4.708081051660108
79,2045,11,7,2.819594302524464E18,124.2053594843264,3.1012492380827115E-4,1.0,33.98119690394217,3.0,487.9216044248825,324.298128342246,449.0578601367569,0.0,0.0,5.859625668449198,0.0,0.0,88.0,0.0,870.926309156337,0.10338796708713836,100.0,1.0,4.719326805349099
77,2045,11,7,5.866154019238748E17,120.23386329424069,1.4058246772813735E-4,1.0,-24.435160734587416,9.0,457.965034797403,324.11764705882354,-185.16945334800616,0.0,0.0,5.823529411764706,0.0,0.0,88.0,0.0,945.3664085832546,0.10024571159223501,100.0,1.0,4.568425197680743
72,2045,11,7,3.00978221914696E18,125.70049432075297,9.571756907662688E-6,1.0,19.96802478986837,3.0,441.5387138730334,324.2379679144385,223.56512839234202,0.0,0.0,5.847593582887701,0.0,0.0,88.0,0.0,893.4199144149487,0.09244684330722598,100.0,1.0,4.7761361889413605
63,2045,11,8,3.212672331395627E18,121.37732148635085,7.185470894538259E-5,1.0,15.6271909003154,8.0,489.53837074218484,331.77139037433153,180.78394375377076,0.0,0.0,5.85427807486631,0.0,0.0,88.0,12.596246630863657,972.4122097229604,0.10614742722692258,100.0,1.0,4.611872218962471
62,2045,11,8,2.853793568557007E18,120.50374908589785,1.567871202266285E-4,1.0,18.48867273736527,6.0,535.8577212581024,332.0922459893048,200.74422620633698,0.0,0.0,5.918449197860962,0.0,0.0,88.0,0.0,882.1471325298767,0.1170332371199104,100.0,1.0,4.578679821605473
61,2045,11,8,1.9955042617296404E18,127.60279525991459,3.1012492380827115E-4,1.0,26.188763622912806,3.0,466.23628534800235,331.9852941176471,325.99814493737233,0.0,0.0,5.897058823529412,0.0,0.0,88.0,0.0,916.7019043519558,0.09616259299079283,100.0,1.0,4.848416321226306
68,2045,11,8,2.2093098651697398E18,126.64498128726707,3.1012492380827115E-4,1.0,26.4896856393943,3.0,404.97067737984946,331.71122994652404,370.4275294414097,0.0,0.0,5.842245989304812,0.0,0.0,88.0,0.0,1026.0175473917257,0.08415809145030247,100.0,1.0,4.812023067550138
65,2045,11,8,8.237168610376572E18,121.56309067156211,9.619259423333472E-5,2.0,-3.679622731432896,8.0,458.0289058288031,332.0053475935829,-31.3886720797431,0.0,0.0,5.901069518716578,0.0,0.0,88.0,0.0,900.7612063922275,0.09916340645232775,100.0,1.0,4.618930734786707
78,2045,11,8,4.687141051879245E18,128.4846645072523,7.664975872671059E-5,1.0,5.850770399647441,3.0,419.2112977629824,337.8917112299465,61.422581018818185,0.0,0.0,5.878342245989304,0.0,0.0,88.0,0.0,979.390733614407,0.0858700996992816,100.0,1.0,4.881923966911263
74,2045,11,8,7.887265943744844E18,130.30477640693522,6.666485894416834E-5,1.0,5.442086008656617,3.0,426.2932584680259,331.55748663101605,59.242163918174164,0.0,0.0,5.811497326203209,0.0,0.0,88.0,5.612136138815491,1018.3981395587502,0.08610104309705643,100.0,1.0,4.951081231240039
73,2045,11,8,2.957751204712242E18,132.05926071421686,6.339430167789678E-5,1.0,28.821781584271733,1.0,463.6847160887423,331.8783422459893,375.93323322084603,0.0,0.0,5.875668449197861,0.0,0.0,88.0,0.0,926.6845906849122,0.09240898559420127,100.0,1.0,5.017744899018119
64,2045,11,9,5.156518253817723E18,124.0366931784609,1.2180868963404202E-4,1.0,18.84245095636897,8.0,447.8474345932422,333.4451871657754,213.63938837665265,0.0,0.0,5.88903743315508,0.0,0.0,88.0,0.0,917.2778649506924,0.09502550690006686,100.0,1.0,4.7129181332778245
76,2045,11,9,5.182538500345593E18,126.64142007021812,1.647847629161908E-4,1.0,19.43228152191855,6.0,461.3252795677114,339.3382352941176,219.76514710213,0.0,0.0,5.867647058823529,0.0,0.0,88.0,0.0,908.5349837627564,0.09587199516255983,100.0,1.0,4.811887754974659
75,2045,11,10,8.661686022710631E18,128.8019691549861,7.564022531909051E-5,1.0,4.0180078010326605,6.0,474.43060197340225,340.7513368983957,40.25217751437775,0.0,0.0,5.850267379679145,0.0,0.0,88.0,0.0,949.6459733526701,0.09694166515533359,100.0,1.0,4.893980325314226
64,2046,2,19,5.156518253817723E18,148.76418644670366,0.04049666705424781,1.0,12.192921270591455,1.0,275.50000000000006,234.17513368983958,166.2798509571824,0.0,0.0,6.135026737967914,0.0,0.0,105.69999999999851,363.36724165087264,1193.2493946788168,0.04886019334415904,100.0,1.0,5.638536836304486
78,2046,2,19,4.687141051879245E18,150.43406952659393,0.04049666705424781,1.0,-14.7790374600039,3.0,275.50000000000006,234.1149732620321,-179.1556255240341,0.0,0.0,6.122994652406417,0.0,0.0,105.69999999999851,530.1671012379812,1395.6089529736937,0.04831782411621523,100.0,1.0,5.70182960510309
71,2046,2,20,6.50369789014244E18,154.32893187373796,0.011562011662936111,0.0,-58.25293933969045,0.0,278.39999999999634,235.78208556149733,-806.153832768083,0.0,0.0,6.156417112299465,0.0,0.0,105.69999999999851,668.9608133314292,2191.6939447086293,0.047594180145331316,100.0,1.0,5.849454684372909
66,2046,2,20,6.646488575717851E18,147.72731091615017,0.04049666705424781,1.0,2.6517560333226133,2.0,278.39999999999634,235.65508021390374,34.530453713949605,0.0,0.0,6.1310160427807485,0.0,0.0,105.69999999999851,377.00937559418514,1249.181063198606,0.049721063354387716,100.0,1.0,5.599236645759075
76,2046,2,20,5.182538500345593E18,152.0411846806102,0.016198666821699126,0.0,16.145138945963414,0.0,278.39999999999634,235.78208556149733,222.25753950788626,0.0,0.0,6.156417112299465,0.0,0.0,105.69999999999851,414.5240793812217,1151.3545546520852,0.048310324604909374,100.0,1.0,5.7627433116378795
60,2046,2,22,3.5299406018237317E18,157.37911769598927,0.01295757382007333,0.0,12.422142923805751,0.0,263.89999999999645,239.0427807486631,194.2311907124552,0.0,0.0,6.208556149732621,0.0,0.0,105.69999999999851,722.4706320837274,1365.0646812222608,0.04424093058439064,100.0,1.0,5.965064398828611
70,2046,2,22,2.52771244661108E18,153.31185712309127,0.01295757382007333,0.0,-24.856116194286425,0.0,284.2000000000032,239.13636363636363,-328.16241957171314,0.0,0.0,6.2272727272727275,0.0,0.0,105.69999999999851,531.5957346843161,1651.2330998451648,0.04890804450135249,100.0,1.0,5.810904993188677
68,2046,2,22,2.2093098651697398E18,157.7493310399166,0.01295757382007333,0.0,-17.221053804340674,0.0,284.2000000000032,239.4639037433155,-310.3089819127901,0.0,0.0,6.292780748663102,0.0,0.0,105.69999999999851,608.6097050010608,2117.6389855131597,0.0475322657873196,100.0,1.0,5.979096415719793
79,2046,2,22,2.819594302524464E18,156.59075592409977,0.005481207199692612,0.0,20.711004675065794,0.0,284.2000000000032,239.10294117647058,356.98389820191227,0.0,0.0,6.220588235294118,0.0,0.0,105.69999999999851,642.8649980745946,1363.921857439404,0.047883944914319056,100.0,1.0,5.935183504795508
75,2046,2,22,8.661686022710631E18,149.73788092006743,0.01295757382007333,1.0,-10.706716095232943,2.0,284.2000000000032,239.8716577540107,-124.52714764706195,0.0,0.0,6.374331550802139,0.0,0.0,105.69999999999851,649.4081414175452,1294.8869471839712,0.05007539231013837,100.0,1.0,5.675442305870132
74,2046,2,22,7.887265943744844E18,154.0022302870576,0.01295757382007333,0.0,-13.174076400473892,0.0,284.2000000000032,239.83155080213905,-168.6309519034565,0.0,0.0,6.366310160427807,0.0,0.0,105.69999999999851,655.6733295553682,1454.4247097865161,0.04868879571928715,100.0,1.0,5.837071872521642
69,2046,2,23,3.317868809496197E18,157.62530812459238,0.013608836160070699,1.0,-13.062593362567922,1.0,287.1000000000037,241.21791443850267,-172.57928243883063,0.0,0.0,6.343582887700535,0.0,0.0,105.69999999999851,580.9031579381696,1499.4070801725275,0.04805506992276101,100.0,1.0,5.9743956352880145
65,2046,2,23,8.237168610376572E18,158.32403764402795,0.01340306643718437,0.0,-35.69024943929009,0.0,287.1000000000037,241.48529411764707,-401.08139726445114,0.0,0.0,6.397058823529412,0.0,0.0,105.69999999999851,627.4837129372333,1526.713614771561,0.04784298907633218,100.0,1.0,6.000879241511092
72,2046,2,23,3.00978221914696E18,153.80311860992444,0.013608836160070699,0.0,-6.339349264494523,0.0,287.1000000000037,241.298128342246,-84.04029466967114,0.0,0.0,6.359625668449198,0.0,0.0,105.69999999999851,599.9543501724095,1420.0268491243503,0.04924929528077375,100.0,1.0,5.829525039154898
62,2046,2,24,2.853793568557007E18,158.36113612942776,0.014260098500068069,0.0,-9.032550562869671,0.0,290.00000000000006,243.7139037433155,-127.18402222155403,0.0,0.0,6.542780748663102,0.0,0.0,105.69999999999851,574.0060940646624,1542.2759723130214,0.048314930438700124,100.0,1.0,6.002285367417415
67,2046,2,25,8.815097190336754E18,162.91064395516474,0.014849335855303784,1.0,-24.49703094049643,1.0,292.8999999999962,244.8596256684492,-274.5786896685446,0.0,0.0,6.471925133689839,0.0,0.0,105.69999999999851,560.1100747287846,1398.359589911794,0.04743532504344136,100.0,1.0,6.174723156882721
63,2046,2,26,3.212672331395627E18,165.15379147631978,0.006985779733275793,1.0,-37.117988002875485,1.0,295.7999999999965,247.26871657754012,-555.888501186584,0.0,0.0,6.653743315508021,0.0,0.0,105.69999999999851,572.1192366561155,2055.9392535887796,0.047254327933073534,100.0,1.0,6.259744089873398
61,2046,2,26,1.9955042617296404E18,164.04358330556278,0.015438573210539503,1.0,22.050683958319862,1.0,295.7999999999965,247.80347593582889,368.6110475443396,0.0,0.0,6.760695187165775,0.0,0.0,105.69999999999851,582.0583063723172,1300.7837403070275,0.04757413404750842,100.0,1.0,6.217664407818859
73,2046,2,26,2.957751204712242E18,164.64608574460883,0.015438573210539503,0.0,11.928951749547085,0.0,295.7999999999965,247.64973262032086,207.1515344663598,0.0,0.0,6.729946524064171,0.0,0.0,105.69999999999851,472.910846616798,1523.3561108115414,0.04740004225741513,100.0,1.0,6.240500765665929
77,2046,2,27,5.866154019238748E17,165.6241610522917,0.01599679807339439,1.0,-167.48566575868594,2.0,298.7000000000036,249.12299465240642,-1844.5139134792473,0.0,0.0,6.724598930481283,0.0,0.0,105.69999999999851,605.9528824296297,2946.4064964963263,0.04758208853409601,100.0,1.0,6.277572279870889
66,2046,7,2,6.646488575717851E18,134.55080430616937,6.79204826562136E-5,1.0,13.326848255801186,3.0,272.41115112705035,218.84893048128342,156.07070580094125,0.0,0.0,5.169786096256685,0.0,0.0,105.80000000000149,208.49482760792844,1010.2597826143301,0.05354782897426312,100.0,1.0,5.08724921897357
64,2046,7,3,5.156518253817723E18,123.76878935537066,6.922431335006049E-5,3.0,4.882382371419894,7.0,271.80636418728335,223.85160427807486,55.793914168056794,0.0,0.0,5.870320855614973,0.0,0.0,105.80000000000149,259.1943555740507,1072.5201222682892,0.05808336419040736,100.0,1.0,4.679590584599316
78,2046,7,3,4.687141051879245E18,130.37293065469507,1.306339190430796E-4,2.0,2.4916061459168644,3.0,272.0855154995705,223.82486631016042,26.79444197441604,0.0,0.0,5.864973262032086,0.0,0.0,105.80000000000149,149.52952914842592,1024.8413526897546,0.05519773777366607,100.0,1.0,4.929287439554777
71,2046,7,4,6.50369789014244E18,136.42056334903927,1.0484277343078808E-4,1.0,-24.170476114905608,1.0,272.5944496200868,225.01069518716577,-294.44198061522684,0.0,0.0,5.802139037433155,0.0,1.0,105.80000000000149,323.542202215576,1516.1861543948617,0.05284944788026192,100.0,1.0,5.1579431867990175
69,2046,7,4,3.317868809496197E18,133.76088169072395,4.6537353512645716E-5,1.0,-14.131688840133183,4.0,294.8977077847676,223.80748663101605,-158.0793244683178,0.0,0.0,5.561497326203209,0.0,0.0,105.80000000000149,364.42858207999967,1281.2517196173385,0.05831033794926122,100.0,1.0,5.057382929959574
68,2046,7,4,2.2093098651697398E18,133.34909542733396,1.608531762491033E-4,1.0,-8.876758723824537,4.0,289.31422218242756,225.05080213903744,-134.31981595112484,0.0,0.0,5.810160427807487,0.0,0.0,105.80000000000149,376.545548317541,1658.3328851308431,0.057382966201099166,100.0,1.0,5.041813648470576
65,2046,7,4,8.237168610376572E18,137.39081859414466,1.3471977576380155E-4,1.0,-23.29344438243128,1.0,295.12293548809305,224.50267379679144,-226.27355927225784,0.0,0.0,5.7005347593582885,0.0,0.0,105.80000000000149,362.68287482704125,1200.6708196412906,0.05681310629964813,100.0,1.0,5.194627696143432
79,2046,7,4,2.819594302524464E18,137.6936516016507,5.520201562980976E-5,1.0,28.72765257063074,3.0,289.040329808287,224.97727272727272,434.2158557937144,0.0,0.0,5.795454545454546,0.0,0.0,105.80000000000149,327.1392273610032,1075.2857142999385,0.055519789526564736,100.0,1.0,5.206077549519328
76,2046,7,4,5.182538500345593E18,132.55977299151348,4.498475831277505E-5,3.0,15.439067217232642,4.0,279.00770532436195,225.62566844919786,185.064911832757,0.0,0.0,5.925133689839572,0.0,0.0,105.80000000000149,260.3699999999973,1009.592269013277,0.055668270649020794,100.0,1.0,5.011970051727657
75,2046,7,4,8.661686022710631E18,135.31680863283754,3.3672630163764526E-5,1.0,-3.5004503453570215,2.0,287.49927721272894,225.0909090909091,-36.32757907443304,0.0,0.0,5.818181818181818,0.0,0.0,105.80000000000149,389.85890261209806,1091.365682933117,0.0561937862213207,100.0,1.0,5.1162111782325095
74,2046,7,4,7.887265943744844E18,135.1396444185562,4.134998984110282E-5,1.0,-7.974256899685519,2.0,288.4779873477644,224.6831550802139,-89.0374247770605,0.0,0.0,5.7366310160427805,0.0,0.0,105.80000000000149,362.0190917630032,1214.564015340612,0.056459001336632696,100.0,1.0,5.109512752939701
72,2046,7,4,3.00978221914696E18,138.5380117732571,9.363675235756975E-5,1.0,3.054100062362526,1.0,293.9024704122008,224.90374331550802,37.44328292706419,0.0,0.0,5.780748663101604,0.0,0.0,105.80000000000149,369.9737280715267,1162.980473353315,0.056109651387310826,100.0,1.0,5.238002075319732
62,2046,7,5,2.853793568557007E18,134.56079606410393,2.1358465827015917E-4,1.0,3.815018425678257,2.0,304.2795529913866,227.27941176470588,46.49461399356564,0.0,0.0,5.955882352941177,0.0,0.0,105.80000000000149,285.283175661752,1152.9585226358793,0.059807755771128734,100.0,1.0,5.087626998675527
61,2046,7,5,1.9955042617296404E18,139.32525204400363,5.173922652790643E-5,0.0,20.45282510255166,0.0,322.42150243219396,226.97860962566844,289.94851207034094,0.0,0.0,5.89572192513369,0.0,0.0,105.80000000000149,403.1709415157156,1124.4061568989966,0.06120648572031924,100.0,1.0,5.267766947206985
60,2046,7,5,3.5299406018237317E18,134.42996671746494,4.691753764119079E-5,1.0,17.685511240201226,3.0,292.12820232833855,223.42245989304814,235.49173065522217,0.0,0.0,5.184491978609626,0.0,0.0,105.80000000000149,414.5597125100324,1093.1448307018045,0.05747522492137053,100.0,1.0,5.082680454543449
70,2046,7,5,2.52771244661108E18,134.2282579831175,5.131120513042209E-5,1.0,-12.590409412664947,3.0,291.2374657555618,227.4264705882353,-144.70700321554088,0.0,0.0,5.985294117647059,0.0,0.0,105.80000000000149,285.9716603265479,1300.2335839274765,0.05738608189778069,100.0,1.0,5.075054022233655
73,2046,7,5,2.957751204712242E18,130.5053295780131,9.169867646607661E-5,1.0,15.322247784592658,5.0,322.71441586199825,226.84491978609626,210.33760282500612,0.0,0.0,5.8689839572192515,0.0,0.0,105.80000000000149,230.36970743161444,1157.9552071304101,0.06540235742156518,100.0,1.0,4.934293328019845
77,2046,7,6,5.866154019238748E17,137.90908858035772,7.509078058311648E-5,1.0,-76.73222429694741,3.0,335.51754527822686,228.32486631016042,-701.3503665367986,0.0,0.0,5.864973262032086,0.0,0.0,105.80000000000149,219.85898913260834,1616.5948961318454,0.06434660409350448,100.0,1.0,5.214223034842268
63,2046,7,7,3.212672331395627E18,137.4979301682131,5.1550020579832265E-5,1.0,-14.365412075771106,1.0,328.79622407618444,230.4866310160428,-178.05898202713433,0.0,0.0,5.997326203208556,0.0,0.0,105.80000000000149,262.57829308024714,1423.8415525611413,0.06324612838375417,100.0,1.0,5.198677491864328
67,2046,7,7,8.815097190336754E18,136.90938798194847,1.2114254836260595E-4,1.0,-30.63224461761298,5.0,319.39540839679125,230.40641711229947,-287.95173419380325,0.0,0.0,5.981283422459893,0.0,0.0,105.80000000000149,356.28621804405526,1230.045435964298,0.06170192646179324,100.0,1.0,5.176425222226501
69,2046,11,5,3.317868809496197E18,123.62228609978321,1.1520242340574704E-4,1.0,0.5645375959761517,3.0,433.32906436378175,314.8235294117647,6.536855213197768,0.0,0.0,5.764705882352941,0.0,0.0,88.0,0.0,1028.9464984021272,0.09293841897546215,100.0,1.0,4.662539659494213
60,2046,11,6,3.5299406018237317E18,126.55773864804873,8.620328102297956E-6,1.0,30.073884880283092,4.0,458.72569619136806,316.2165775401069,375.90859507282426,0.0,0.0,5.74331550802139,0.0,0.0,88.0,0.0,871.842233748278,0.0961033648710879,100.0,1.0,4.773253223825182
70,2046,11,6,2.52771244661108E18,123.78038017334129,8.292110262253238E-5,1.0,7.626996189617262,5.0,458.41042866544274,322.53743315508024,81.64895715442246,0.0,0.0,5.807486631016043,0.0,0.0,88.0,0.0,981.3108693770671,0.09819218145871142,100.0,1.0,4.668502337512469
72,2046,11,6,3.00978221914696E18,122.42436365861695,1.884112538324855E-4,2.0,15.264962243311654,7.0,442.0856340554322,322.0494652406417,162.13053227394707,0.0,0.0,5.709893048128342,0.0,0.0,88.0,0.0,896.0567531629491,0.0957442670176721,100.0,1.0,4.61735880200361
62,2046,11,7,2.853793568557007E18,126.22533926063758,6.150831491635682E-5,1.0,15.62051950311894,4.0,461.76837587292584,324.00401069518716,175.97616261545122,0.0,0.0,5.800802139037433,0.0,0.0,88.0,49.52617581590975,946.4049147289248,0.09699556385282697,100.0,1.0,4.760716444450748
61,2046,11,7,1.9955042617296404E18,126.36378535718173,3.1012492380827115E-4,1.0,27.78706619679656,4.0,468.40659800323107,324.19117647058823,356.04128827345147,0.0,0.0,5.838235294117647,0.0,0.0,88.0,0.0,923.5762122322922,0.09828214093982604,100.0,1.0,4.765938079126872
71,2046,11,7,6.50369789014244E18,125.34402426515736,3.1012492380827115E-4,1.0,12.751097624529843,5.0,442.4096760987094,324.1844919786096,143.34954847930953,0.0,0.0,5.836898395721925,0.0,0.0,88.0,0.0,976.4315300814898,0.09358262320775489,100.0,1.0,4.72747675726671
68,2046,11,7,2.2093098651697398E18,122.97538684731279,5.7815981321452505E-5,2.0,26.162042138118494,5.0,438.581890645535,324.3181818181818,367.44711170072185,0.0,0.0,5.863636363636363,0.0,0.0,88.0,0.0,1034.545960108777,0.09455984020214785,100.0,1.0,4.638141199350007
67,2046,11,7,8.815097190336754E18,123.38940959599888,3.1012492380827115E-4,1.0,-23.782616980575384,3.0,517.6415584809918,324.177807486631,-200.77553273333712,0.0,0.0,5.8355614973262036,0.0,0.0,88.0,0.0,1047.7451086879125,0.11123090776054169,100.0,1.0,4.653756486419876
66,2046,11,7,6.646488575717851E18,122.28734684697231,8.657870569745145E-5,1.0,13.060533087425668,6.0,403.66502320091394,324.1644385026738,138.74456828764357,0.0,0.0,5.8328877005347595,0.0,0.0,88.0,27.37133599504386,918.6715001519743,0.08752131399200058,100.0,1.0,4.61219107425431
65,2046,11,7,8.237168610376572E18,130.64912823597248,8.165479826442106E-5,1.0,4.232770335990304,4.0,443.58468162519193,323.36898395721926,39.57812786502779,0.0,0.0,5.67379679144385,0.0,0.0,88.0,0.0,884.7239132645449,0.09002108759765207,100.0,1.0,4.927564123728288
78,2046,11,7,4.687141051879245E18,120.48363125227212,9.018929907761039E-6,1.0,0.3335912595422061,7.0,415.95867910058126,323.99732620320856,3.8483040623817932,0.0,0.0,5.7994652406417115,0.0,0.0,88.0,0.6902719233521603,965.6231652380742,0.09153693653452266,100.0,1.0,4.544162114751401
77,2046,11,7,5.866154019238748E17,128.22575016903238,6.088043262824326E-5,2.0,-13.208123979619305,3.0,491.3807483555709,329.7901069518717,-111.57636513590705,0.0,0.0,5.758021390374331,0.0,0.0,88.0,0.28561334230447816,960.460769442811,0.10160547734257644,100.0,1.0,4.8361639668185905
76,2046,11,7,5.182538500345593E18,124.88447293971461,1.2565839700497206E-4,1.0,20.87821032290059,5.0,437.5672280525766,329.8770053475936,234.86944977046952,0.0,0.0,5.775401069518717,0.0,0.0,88.0,0.0,887.844307349271,0.09289890052139489,100.0,1.0,4.710144313837208
75,2046,11,7,8.661686022710631E18,121.99176948847601,8.314341120865176E-5,1.0,1.9017497746836443,6.0,441.0506720934165,324.3048128342246,18.70685368296211,0.0,0.0,5.86096256684492,0.0,0.0,88.0,0.0,930.0959991480727,0.09585884437647528,100.0,1.0,4.601043074974256
63,2046,11,8,3.212672331395627E18,124.14741315335135,1.0188072398432036E-4,2.0,11.351418678501485,4.0,521.5958875191182,331.677807486631,128.0365170949164,0.0,0.0,5.8355614973262036,0.0,0.0,88.0,3.8616617921173733,994.0150518298976,0.11139628704238178,100.0,1.0,4.682345357890358
64,2046,11,8,5.156518253817723E18,129.4793035665021,7.843321290042265E-5,1.0,20.952501402848686,4.0,410.9121329370657,331.4639037433155,247.2518551684629,0.0,0.0,5.792780748663102,0.0,0.0,88.0,10.499830321889036,930.2138196247346,0.08414393958463692,100.0,1.0,4.883443002139757
74,2046,11,8,7.887265943744844E18,126.38445342154576,2.1096933592399392E-4,2.0,0.9739324764468487,6.0,443.7419014485013,326.0855614973262,10.825104713618302,0.0,0.0,5.9171122994652405,0.0,0.0,88.0,0.0,1039.1903592905528,0.09309171195959402,100.0,1.0,4.7667175960960435
73,2046,11,8,2.957751204712242E18,130.7342517064444,1.1171647111248958E-4,1.0,27.58321579892822,2.0,458.7398576611559,324.78208556149735,377.69533691036855,0.0,0.0,5.656417112299465,0.0,0.0,88.0,46.481723374992676,989.621731833695,0.09303606248645745,100.0,1.0,4.930774641585151
79,2046,11,9,2.819594302524464E18,122.62952969779846,0.0022459210984853346,2.0,31.92594692739451,9.0,449.7572386167194,345.5053475935829,428.70567500802105,0.0,0.0,5.901069518716578,0.0,0.0,88.0,0.0,912.3406090235001,0.09724277209947556,100.0,1.0,4.625096846854955
72,2047,2,18,3.00978221914696E18,148.7628020958971,0.041240966871387674,1.0,5.683925257741142,1.0,272.6000000000036,232.975935828877,77.92678954097885,0.0,0.0,6.195187165775401,0.0,0.0,106.0,387.6919318688082,1282.8207734054827,0.04870531046375338,100.0,1.0,5.596925620726169
68,2047,2,19,2.2093098651697398E18,153.02873388614003,0.041240966871387674,0.0,-23.115198032386914,0.0,275.50000000000006,234.01470588235293,-403.3529247657839,0.0,0.0,6.102941176470588,0.0,0.0,106.0,583.6145567524811,2152.388008041735,0.04785126604645471,100.0,1.0,5.7574234239182
79,2047,2,19,2.819594302524464E18,148.17593356067746,0.041240966871387674,0.0,25.394900782137203,0.0,275.50000000000006,234.00802139037432,407.95329127114235,0.0,0.0,6.101604278074866,0.0,0.0,106.0,386.1620616142955,1196.328851587636,0.0494184074429281,100.0,1.0,5.5748457762052945
62,2047,2,20,2.853793568557007E18,148.39055883177258,0.041240966871387674,1.0,6.024945295143668,1.0,278.39999999999634,235.84893048128342,81.83263825873269,0.0,0.0,6.169786096256685,0.0,0.0,106.0,379.0130760199376,1266.302599216893,0.04986637231231108,100.0,1.0,5.582920655554978
69,2047,2,20,3.317868809496197E18,146.6195643113096,0.041240966871387674,1.0,-0.3532994731426374,2.0,278.39999999999634,235.8957219251337,-3.857272976624247,0.0,0.0,6.179144385026738,0.0,0.0,106.0,271.852290990033,1251.501075163644,0.05046870033405411,100.0,1.0,5.51629025826417
60,2047,2,21,3.5299406018237317E18,153.22191060877307,0.01311263628197747,1.0,18.28301041701351,1.0,281.2999999999969,237.78342245989305,287.0827993424688,0.0,0.0,6.25668449197861,0.0,0.0,106.0,609.9006168692014,1279.6828011617308,0.048797061862954745,100.0,1.0,5.764691341253711
67,2047,2,21,8.815097190336754E18,155.47731392013387,0.01311263628197747,0.0,-40.71896798638254,0.0,281.2999999999969,237.42245989304814,-437.41564883257763,0.0,0.0,6.184491978609626,0.0,0.0,106.0,632.1596652835755,1513.1890757348785,0.04808919618058955,100.0,1.0,5.84954672445823
66,2047,2,21,6.646488575717851E18,152.94949556347365,0.01311263628197747,0.0,-24.914064420938512,0.0,281.2999999999969,237.4625668449198,-328.8368535347925,0.0,0.0,6.192513368983957,0.0,0.0,106.0,515.6295478076802,1651.9246917690243,0.0488839732566072,100.0,1.0,5.754442228404095
74,2047,2,21,7.887265943744844E18,152.85876920248532,0.006300243751331616,0.0,-17.53673573761177,0.0,281.2999999999969,237.37566844919786,-219.971176041633,0.0,0.0,6.175133689839572,0.0,0.0,106.0,610.3812572755716,1478.9748552812732,0.04891298739186012,100.0,1.0,5.751028816669855
63,2047,2,22,3.212672331395627E18,154.84424020904223,0.013763898621974836,1.0,-52.3699277516425,1.0,284.2000000000032,240.02540106951872,-755.5828722611076,0.0,0.0,6.4050802139037435,0.0,0.0,106.0,537.1232866725911,2200.3372447956162,0.04878359851769816,100.0,1.0,5.825728495549556
61,2047,2,22,1.9955042617296404E18,155.4273625765508,0.013763898621974836,0.0,15.35565504937692,0.0,284.2000000000032,239.14973262032086,256.04567457846326,0.0,0.0,6.229946524064171,0.0,0.0,106.0,593.3978935450389,1406.9502793448407,0.04860057535503453,100.0,1.0,5.847667397430573
71,2047,2,22,6.50369789014244E18,157.07343780821742,0.013763898621974836,0.0,-50.47394857770094,0.0,284.2000000000032,238.8957219251337,-681.0223558816675,0.0,0.0,6.179144385026738,0.0,0.0,106.0,539.6158913129289,2032.113138563531,0.048091258156321634,100.0,1.0,5.9095979372426735
65,2047,2,22,8.237168610376572E18,156.45717416837903,0.011891395152660553,0.0,-44.63934986378063,0.0,284.2000000000032,239.6644385026738,-511.14051351054684,0.0,0.0,6.3328877005347595,0.0,0.0,106.0,634.6077087457395,1657.8096838710424,0.048280683115281636,100.0,1.0,5.886412156211792
64,2047,2,22,5.156518253817723E18,161.14250071628652,0.01068661474738983,0.0,-6.064594946155062,0.0,284.2000000000032,239.78475935828877,-83.87169138382795,0.0,0.0,6.356951871657754,0.0,0.0,106.0,615.3211681755942,1477.106075652869,0.046876889793559404,100.0,1.0,6.062688912416935
78,2047,2,22,4.687141051879245E18,151.21061427050276,0.013479128023337497,1.0,-29.105834972507534,2.0,284.2000000000032,239.5374331550802,-362.16293759148823,0.0,0.0,6.307486631016043,0.0,0.0,106.0,550.4534440692948,1608.977443177204,0.049955879642302886,100.0,1.0,5.6890200319752
77,2047,2,22,5.866154019238748E17,155.24696437297106,0.013570070891934582,1.0,-177.46101428721187,1.0,284.2000000000032,239.43716577540107,-1784.0952786275088,0.0,0.0,6.287433155080214,0.0,0.0,106.0,537.6810181574949,2790.0757653101973,0.048657049608958905,100.0,1.0,5.8408802482688
76,2047,2,22,5.182538500345593E18,158.7905949626121,0.013763898621974836,0.0,8.458112070077066,0.0,284.2000000000032,239.19652406417111,121.14292659458539,0.0,0.0,6.239304812834225,0.0,0.0,106.0,604.9437087403492,1306.1362693072956,0.0475712006048879,100.0,1.0,5.974202803088428
70,2047,2,23,2.52771244661108E18,157.13939690479376,0.01441516096197221,1.0,-23.002827198534273,1.0,287.1000000000037,241.11096256684493,-310.1855609140983,0.0,0.0,6.322192513368984,0.0,0.0,106.0,517.8566759046664,1661.9800833909533,0.04856159304314151,100.0,1.0,5.912079526405727
73,2047,2,23,2.957751204712242E18,161.35701751753675,0.010326046534364051,1.0,0.059476435330041516,1.0,287.1000000000037,241.25802139037432,1.647752130218751,0.0,0.0,6.351604278074866,0.0,0.0,106.0,618.696083081058,1677.1777775314793,0.04729226878964803,100.0,1.0,6.070759710789093
75,2047,2,26,8.661686022710631E18,162.7766628024949,0.016182873027679363,0.0,4.692315079637766,0.0,295.7999999999965,247.63636363636363,60.25904665974315,0.0,0.0,6.7272727272727275,0.0,0.0,106.0,456.8938766818557,1212.290032003664,0.048300412954605874,100.0,1.0,6.124171242138197
69,2047,7,1,3.317868809496197E18,127.50293118852372,1.327589571097051E-4,2.0,-10.616886067599724,5.0,268.9747453962279,220.02941176470588,-114.13643404080251,0.0,0.0,5.705882352941177,0.0,0.0,106.10000000000018,245.79472215799612,1196.4388691643042,0.05620906654087007,100.0,1.0,4.785255510348213
79,2047,7,1,2.819594302524464E18,131.35542603695862,6.931714881722645E-5,1.0,27.745800437562206,2.0,265.7353655132125,219.3542780748663,394.20776953182997,0.0,0.0,5.570855614973262,0.0,0.0,106.10000000000018,237.9375771338633,1024.4605559842828,0.05390342688259004,100.0,1.0,4.929841772249936
62,2047,7,2,2.853793568557007E18,131.08918744656586,3.1012492380827115E-4,2.0,6.035720666468003,4.0,272.3767043651166,220.94117647058823,72.48324031845576,0.0,0.0,5.588235294117647,0.0,0.0,106.10000000000018,278.46567372287063,1115.5369986159706,0.055362810143979896,100.0,1.0,4.919849690735662
72,2047,7,2,3.00978221914696E18,130.553520445616,6.934814933100877E-5,1.0,8.657073644569389,2.0,265.4934267757959,221.64304812834226,103.85375302346809,0.0,0.0,5.728609625668449,0.0,0.0,106.10000000000018,235.78484696643525,1087.3925890819205,0.05418514285495742,100.0,1.0,4.899745811992555
60,2047,7,3,3.5299406018237317E18,137.13119235694975,5.072373631146077E-5,1.0,24.639769158250918,2.0,280.469307457993,219.47994652406416,345.2636033703346,0.0,0.0,4.995989304812834,0.0,0.0,106.10000000000018,370.0427607047023,1053.5156562316852,0.05449593732891997,100.0,1.0,5.1466094759536
70,2047,7,3,2.52771244661108E18,126.34982560691857,4.2193867184798803E-5,3.0,-27.405911212723513,6.0,291.65344943217247,222.5681818181818,-296.3186850268333,0.0,0.0,5.613636363636363,0.0,0.0,106.10000000000018,338.0652909484708,1380.5701681637188,0.06150458711162764,100.0,1.0,4.741978820259968
68,2047,7,3,2.2093098651697398E18,129.62342867081378,7.099929574365182E-5,1.0,5.030101197314002,3.0,272.3604739038762,223.8114973262032,75.29072034515166,0.0,0.0,5.862299465240642,0.0,0.0,106.10000000000018,212.0156346605509,1402.5880767252772,0.05598550671736559,100.0,1.0,4.86483895338926
67,2047,7,3,8.815097190336754E18,138.01278102313768,5.1243378025160475E-5,1.0,-28.943964897138684,1.0,280.8735050962765,223.57754010695186,-274.89927739416686,0.0,0.0,5.815508021390374,0.0,0.0,106.10000000000018,274.35571539979003,1227.4823686530199,0.054225866894814304,100.0,1.0,5.179695986070753
78,2047,7,3,4.687141051879245E18,133.9255374979149,1.1836829152987444E-4,1.0,-28.38249337865202,3.0,284.848868947655,222.88903743315507,-311.9074528540274,0.0,0.0,5.677807486631016,0.0,0.0,106.10000000000018,412.5275258444014,1413.4790876041059,0.05667168665099222,100.0,1.0,5.026299476524717
74,2047,7,3,7.887265943744844E18,135.79175230241893,3.1012492380827115E-4,1.0,-18.032522329077732,2.0,280.39468839910904,223.20989304812835,-200.38831874426208,0.0,0.0,5.741978609625669,0.0,0.0,106.10000000000018,428.4625030718518,1316.068738495441,0.05501883962885906,100.0,1.0,5.096339550062656
63,2047,7,4,3.212672331395627E18,134.83256206665456,8.4318902612363E-5,2.0,-52.75234651542297,3.0,288.51565018707936,225.35828877005346,-661.0178228199501,0.0,0.0,5.871657754010696,0.0,0.0,106.10000000000018,429.0396398632619,1915.959454340122,0.057015065272394645,100.0,1.0,5.06034061012944
61,2047,7,4,1.9955042617296404E18,134.83904706964498,5.208681958486246E-5,1.0,16.10160591262882,3.0,288.6452708244996,225.1577540106952,232.43276403550854,0.0,0.0,5.831550802139038,0.0,0.0,106.10000000000018,394.6046634147045,1206.7275263276752,0.057037936937641046,100.0,1.0,5.060583995877557
65,2047,7,4,8.237168610376572E18,134.02072504703384,5.663347768595162E-5,1.0,-28.392238128086262,4.0,288.8583083417809,222.02272727272728,-277.4782716768348,0.0,0.0,5.204545454545454,0.0,0.0,106.10000000000018,354.8121889608795,1257.2939736754372,0.0574285614142817,100.0,1.0,5.029871917877186
64,2047,7,4,5.156518253817723E18,130.24491051137997,1.6496006585546338E-4,3.0,-5.8011109174426405,6.0,290.18130434922733,222.9318181818182,-64.5958565301864,0.0,0.0,5.386363636363637,0.0,0.0,106.10000000000018,356.777427318681,1187.918787520428,0.05936407481563157,100.0,1.0,4.888163510514572
77,2047,7,4,5.866154019238748E17,134.01306849311248,5.7092217195926204E-5,1.0,-135.91522638306827,3.0,288.60756004939446,224.88368983957218,-1176.182223245779,0.0,0.0,5.776737967914438,0.0,0.0,106.10000000000018,325.83681455250866,2042.432464923647,0.05738198780123854,100.0,1.0,5.029584563174807
76,2047,7,4,5.182538500345593E18,129.5786315080056,3.1012492380827115E-4,1.0,8.996241087939639,6.0,289.38146666076955,224.1350267379679,105.20105278258325,0.0,0.0,5.627005347593583,0.0,0.0,106.10000000000018,330.8850085665762,1056.6416277683359,0.05950484953232243,100.0,1.0,4.863157691098445
73,2047,7,4,2.957751204712242E18,134.35798707188303,6.60683689408332E-5,1.0,5.753977876802221,2.0,295.91790580406865,225.4451871657754,81.03306631638478,0.0,0.0,5.88903743315508,0.0,0.0,106.10000000000018,354.19674307585086,1313.44270653914,0.05868441681459299,100.0,1.0,5.042529548159079
71,2047,7,5,6.50369789014244E18,138.2257313762785,8.56225631718032E-5,1.0,-36.21918707427402,3.0,291.8987405448634,225.86898395721926,-428.40259383927395,0.0,0.0,5.67379679144385,0.0,0.0,106.10000000000018,340.33378260069895,1614.445653127081,0.056267596123304175,100.0,1.0,5.187688130575186
66,2047,7,5,6.646488575717851E18,140.31216045606388,4.8517666428077467E-5,1.0,-11.53525198831701,2.0,286.21795774310135,227.37967914438502,-138.96377571347486,0.0,0.0,5.975935828877005,0.0,0.0,106.10000000000018,335.1454439500797,1349.7451121408255,0.054352134441190234,100.0,1.0,5.265992967632084
75,2047,7,5,8.661686022710631E18,140.86828903185588,3.740952036287951E-5,1.0,-1.87600140643095,2.0,321.2701707989092,225.57486631016042,-20.119286468701606,0.0,0.0,5.614973262032086,0.0,0.0,106.10000000000018,398.8019671572448,1118.683425118286,0.060767616372223054,100.0,1.0,5.286864780593271
70,2047,11,5,2.52771244661108E18,127.71263138128482,1.4437845614910202E-4,1.0,9.384028296694725,4.0,404.53595525980984,314.0882352941176,103.22300379853904,0.0,0.0,5.617647058823529,0.0,0.0,88.0,0.7442742336024952,990.0266948066355,0.0846073663476057,100.0,1.0,4.781332556763337
63,2047,11,6,3.212672331395627E18,124.85211967812707,1.280449726706321E-4,2.0,15.877784872509984,6.0,436.85863871596445,322.51069518716577,184.59026639344614,0.0,0.0,5.802139037433155,0.0,0.0,88.0,0.0,974.6001846130679,0.0934608894947382,100.0,1.0,4.6742401134600735
61,2047,11,6,1.9955042617296404E18,116.17498800169209,8.56225631718032E-5,2.0,24.139346372810532,11.0,436.8514685737835,316.3168449197861,299.115548743377,0.0,0.0,5.7633689839572195,0.0,0.0,88.0,0.0,937.7892205439622,0.10043985234495306,100.0,1.0,4.349383819018872
60,2047,11,6,3.5299406018237317E18,129.19704308726952,8.795375037103549E-5,1.0,32.91254518490232,2.0,420.0898180336373,316.2433155080214,433.22161830956856,0.0,0.0,5.748663101604278,0.0,0.0,88.0,0.0,881.3844757012084,0.08685093197925749,100.0,1.0,4.836906276768185
69,2047,11,6,3.317868809496197E18,124.40259334883557,8.947631962154391E-5,1.0,1.8603183647255743,5.0,378.22434495121047,316.50401069518716,20.176334931399115,0.0,0.0,5.800802139037433,0.0,0.0,88.0,0.0,1033.2108621729856,0.08120914672415347,100.0,1.0,4.657410651486599
68,2047,11,6,2.2093098651697398E18,125.92786657975371,3.1012492380827115E-4,1.0,24.7793942660711,3.0,411.4606625237093,316.3836898395722,355.6550621986572,0.0,0.0,5.776737967914438,0.0,0.0,88.0,19.206049812926228,1076.5568924671086,0.08727530538465506,100.0,1.0,4.714514153920717
67,2047,11,6,8.815097190336754E18,123.81712016838478,9.432023230178564E-5,1.0,-26.749347562476036,4.0,421.0388179046359,316.6844919786096,-227.27552682868355,0.0,0.0,5.836898395721925,0.0,0.0,88.0,0.0,1079.7755409277106,0.09082937816022096,100.0,1.0,4.635491582491438
66,2047,11,6,6.646488575717851E18,125.52043706423476,3.1012492380827115E-4,1.0,16.014196146701888,4.0,466.0622132127898,322.14973262032083,173.53357787009196,0.0,0.0,5.729946524064171,0.0,0.0,88.0,0.0,906.9420724826389,0.09917777302548629,100.0,1.0,4.699260721381827
64,2047,11,6,5.156518253817723E18,124.96380446639851,8.973522100933771E-5,1.0,12.603523728743207,5.0,430.7641009877151,322.3235294117647,136.0502582022767,0.0,0.0,5.764705882352941,0.0,0.0,88.0,0.0,939.0729489946317,0.09207466896913709,100.0,1.0,4.67842139223009
79,2047,11,6,2.819594302524464E18,118.48461313185986,7.523651717813466E-5,2.0,30.973047837096836,10.0,382.0584814970426,322.2633689839572,395.99677343986235,0.0,0.0,5.752673796791444,0.0,0.0,88.0,0.0,880.5153534203943,0.08612967178353546,100.0,1.0,4.43585205406619
78,2047,11,6,4.687141051879245E18,124.1136616982654,3.1012492380827115E-4,1.0,-0.2897666972179995,4.0,416.61168047325117,322.35695187165777,-2.3388250541311972,0.0,0.0,5.771390374331551,0.0,0.0,88.0,11.10473665283898,1020.6935203253637,0.08965959136618079,100.0,1.0,4.646593567126107
77,2047,11,6,5.866154019238748E17,125.35546176727924,3.1012492380827115E-4,1.0,-23.467150323447044,6.0,435.81630721091136,322.1764705882353,-189.05447869660873,0.0,0.0,5.735294117647059,0.0,0.0,88.0,0.0,997.3489598337677,0.09286351480620487,100.0,1.0,4.693084341255101
75,2047,11,6,8.661686022710631E18,123.30063402758148,3.1012492380827115E-4,2.0,2.1913140932265933,8.0,466.83232734415446,321.6751336898396,21.611809920818327,0.0,0.0,5.635026737967914,0.0,0.0,88.0,0.0,937.5847731047771,0.10113011815119786,100.0,1.0,4.616155264905373
74,2047,11,6,7.887265943744844E18,117.74980934268663,8.84050523968846E-5,2.0,-9.745705110732743,9.0,418.6540368367775,316.49064171122996,-93.47788330536069,0.0,0.0,5.798128342245989,0.0,0.0,88.0,0.0,1058.5433298058445,0.0949685861503883,100.0,1.0,4.408342314097572
73,2047,11,6,2.957751204712242E18,128.22329774527444,9.783120624866597E-5,1.0,29.798222238456113,2.0,436.23115778690624,316.41711229946526,396.1353154622425,0.0,0.0,5.783422459893048,0.0,0.0,88.0,0.0,931.3953501742352,0.09087295307994107,100.0,1.0,4.800450992311794
62,2047,11,7,2.853793568557007E18,125.73370622442242,7.369888873770702E-5,1.0,21.973988640193717,6.0,399.48864035931155,323.6631016042781,250.25228023170695,0.0,0.0,5.732620320855615,0.0,0.0,88.0,0.0,886.4292942847597,0.0848667593675549,100.0,1.0,4.707245137394024
71,2047,11,7,6.50369789014244E18,125.56783249098078,7.408622164554973E-5,1.0,2.8366603534693238,6.0,466.07392817235586,323.6229946524064,31.120092779998558,0.0,0.0,5.724598930481283,0.0,0.0,88.0,16.95689255146989,1043.661184906498,0.09914283049057304,100.0,1.0,4.701035121411753
65,2047,11,7,8.237168610376572E18,127.19002381871447,3.1012492380827115E-4,2.0,2.70876839332323,6.0,438.71882494816435,324.14438502673795,25.71351330697378,0.0,0.0,5.828877005347594,0.0,0.0,88.0,0.0,901.8755416099955,0.09213361742461088,100.0,1.0,4.761767064091995
76,2047,11,7,5.182538500345593E18,127.27775752554174,1.0420864375277925E-4,1.0,22.673377798748984,3.0,432.7743588971299,323.99732620320856,258.5885378020389,0.0,0.0,5.7994652406417115,0.0,0.0,88.0,0.0,879.8159191412076,0.09082259543676728,100.0,1.0,4.765051657199524
72,2047,11,8,3.00978221914696E18,128.80846231354286,4.6860822576045814E-5,1.0,21.09884621658866,5.0,401.80903782876953,326.05882352941177,247.89471943765744,0.0,0.0,5.911764705882353,0.0,0.0,88.0,0.0,924.5369030809684,0.08332210000783404,100.0,1.0,4.822358507418692
63,2048,2,18,3.212672331395627E18,153.04015390705914,0.04161890921187545,1.0,-54.88151083824371,1.0,272.6000000000036,232.59491978609626,-743.4371021554238,0.0,0.0,6.1189839572192515,0.0,0.0,106.30000000000149,441.45253812376137,2099.7591306738013,0.04769522156493382,100.0,1.0,5.715457252439369
78,2048,2,19,4.687141051879245E18,153.07291938937374,0.01695806556028565,0.0,-3.3868789979766203,0.0,275.50000000000006,234.3957219251337,-44.075026207265715,0.0,0.0,6.179144385026738,0.0,0.0,106.30000000000149,390.03558782938296,1360.181594523857,0.04819229969823186,100.0,1.0,5.716680916352035
61,2048,2,20,1.9955042617296404E18,152.73635335074454,0.04163916930797698,1.0,11.307569429674922,2.0,278.39999999999634,235.94251336898395,187.2965614150714,0.0,0.0,6.188502673796791,0.0,0.0,106.30000000000149,487.2006590114896,1463.3484324771882,0.0488069002652202,100.0,1.0,5.704111477826921
60,2048,2,21,3.5299406018237317E18,154.91676198726125,0.013918961083878975,1.0,16.328826178923784,1.0,281.2999999999969,237.7366310160428,248.5525688772528,0.0,0.0,6.247326203208556,0.0,0.0,106.30000000000149,570.2771187803179,1270.654342385243,0.04862120680943434,100.0,1.0,5.7855412989340715
70,2048,2,21,2.52771244661108E18,156.4514378420166,0.004621169018552115,0.0,-34.426521530862814,0.0,281.2999999999969,238.13101604278074,-468.05003736721534,0.0,0.0,6.32620320855615,0.0,0.0,106.30000000000149,642.8484407853722,1829.986091839443,0.048144267810670764,100.0,1.0,5.84285550060124
76,2048,2,21,5.182538500345593E18,155.3866089603542,0.00852877517394545,0.0,2.9463420388832855,0.0,281.2999999999969,237.50267379679144,41.04489993122799,0.0,0.0,6.2005347593582885,0.0,0.0,106.30000000000149,575.629055261088,1332.4929936379885,0.048474189463471366,100.0,1.0,5.803088264363363
73,2048,2,21,2.957751204712242E18,152.88920549826105,0.013918961083878975,1.0,-0.5764081917382966,1.0,281.2999999999969,237.54946524064172,-8.770795294063902,0.0,0.0,6.209893048128342,0.0,0.0,106.30000000000149,549.5207584880953,1655.788914379939,0.049266002124108206,100.0,1.0,5.709819913768553
62,2048,2,22,2.853793568557007E18,158.74074331954128,0.014601235916257164,0.0,-2.6939194083146356,0.0,284.2000000000032,239.25,-39.39474535276857,0.0,0.0,6.25,0.0,0.0,106.30000000000149,514.2827027527543,1524.1930848503516,0.047939122128712146,100.0,1.0,5.928352197125184
68,2048,2,22,2.2093098651697398E18,156.78236330823663,0.014601235916257164,1.0,4.562902690243463,1.0,284.2000000000032,239.22326203208556,81.99644803584414,0.0,0.0,6.244652406417113,0.0,0.0,106.30000000000149,474.1845425833228,1699.6280490137108,0.04853793322299201,100.0,1.0,5.855214285584373
67,2048,2,22,8.815097190336754E18,156.43944413541482,0.014601235916257164,0.0,-36.54994586454495,0.0,284.2000000000032,239.00267379679144,-384.0348116118887,0.0,0.0,6.2005347593582885,0.0,0.0,106.30000000000149,611.121916545862,1436.3231738590657,0.04864432958615525,100.0,1.0,5.842407582093389
66,2048,2,22,6.646488575717851E18,156.03222615220707,0.0071785820630566235,0.0,-52.04571941207596,0.0,284.2000000000032,239.22994652406416,-696.8337263252938,0.0,0.0,6.245989304812834,0.0,0.0,106.30000000000149,682.4832881509761,2037.2914304373214,0.048771283141052765,100.0,1.0,5.827199566967729
64,2048,2,22,5.156518253817723E18,156.2912632111539,0.014601235916257164,1.0,-12.995831565667773,1.0,284.2000000000032,239.3235294117647,-169.22457640477282,0.0,0.0,6.264705882352941,0.0,0.0,106.30000000000149,574.6554235653467,1475.7452677624726,0.0486904496415572,100.0,1.0,5.836873598255685
79,2048,2,22,2.819594302524464E18,157.8911064201404,0.014601235916257164,1.0,21.20127836791211,1.0,284.2000000000032,239.04946524064172,373.652952621703,0.0,0.0,6.209893048128342,0.0,0.0,106.30000000000149,531.7196796441723,1385.0968911285943,0.04819709009162619,100.0,1.0,5.896621548307548
77,2048,2,22,5.866154019238748E17,156.67283058873707,0.014601235916257164,0.0,-171.88474740962954,0.0,284.2000000000032,239.1898395721925,-1839.7556525639957,0.0,0.0,6.237967914438503,0.0,0.0,106.30000000000149,578.0796767315477,2910.794651400143,0.04857186694209832,100.0,1.0,5.851123662567739
69,2048,2,23,3.317868809496197E18,152.35398050861266,0.015221485763873707,1.0,-25.4647267716317,1.0,287.1000000000037,241.0441176470588,-321.86214421529496,0.0,0.0,6.3088235294117645,0.0,0.0,106.30000000000149,572.8814725844434,1589.0206564036882,0.05045843773232311,100.0,1.0,5.689831332532332
75,2048,2,23,8.661686022710631E18,157.76792233822047,0.015221485763873707,0.0,-5.1444219685720745,0.0,287.1000000000037,241.3716577540107,-61.90756059655787,0.0,0.0,6.374331550802139,0.0,0.0,106.30000000000149,494.3641298292944,1275.7965421629603,0.04872691308113287,100.0,1.0,5.892021099755841
72,2048,2,23,3.00978221914696E18,160.875051315397,0.015221485763873707,1.0,-9.275347556957184,1.0,287.1000000000037,241.2379679144385,-140.36486907995732,0.0,0.0,6.347593582887701,0.0,0.0,106.30000000000149,598.6951390110813,1660.564659310041,0.04778580504502146,100.0,1.0,6.008060337782571
71,2048,2,24,6.50369789014244E18,159.26502149518777,0.007524515505621987,1.0,-82.97890198758255,1.0,290.00000000000006,243.3596256684492,-1072.6996002562732,0.0,0.0,6.471925133689839,0.0,0.0,106.30000000000149,588.3093613210326,2366.593492671855,0.04875644208522732,100.0,1.0,5.947931957239081
65,2048,2,24,8.237168610376572E18,159.08361784158978,0.007205565890298057,1.0,-34.387656630876315,1.0,290.00000000000006,243.60695187165774,-406.8249026462274,0.0,0.0,6.521390374331551,0.0,0.0,106.30000000000149,545.4042426544615,1592.1925535459186,0.04881203924130602,100.0,1.0,5.941157233082664
74,2048,2,24,7.887265943744844E18,156.4855533693087,0.01581072311910943,1.0,-7.003863414347487,1.0,290.00000000000006,242.85828877005346,-93.85070922427037,0.0,0.0,6.371657754010696,0.0,0.0,106.30000000000149,491.37409619758415,1442.9044551305278,0.04962244520046283,100.0,1.0,5.8441295834671045
78,2048,6,30,4.687141051879245E18,132.63799440559754,2.2472820565816752E-4,2.0,-6.253012366000654,4.0,266.49990577877975,216.68048128342247,-70.49447038153218,0.0,0.0,5.036096256684492,0.0,0.0,106.39999999999982,279.4161676281365,1208.0994313755673,0.05393276510028238,100.0,1.0,4.941335851837947
63,2048,7,1,3.212672331395627E18,125.2925233801608,1.542910068697867E-4,3.0,-41.47536705857423,7.0,265.9857048677297,221.4558823529412,-458.3703660488488,0.0,0.0,5.6911764705882355,0.0,0.0,106.39999999999982,241.5812810262136,1566.0480775739802,0.056984496326190494,100.0,1.0,4.667685458605706
61,2048,7,1,1.9955042617296404E18,132.43449234893535,3.3804766057147496E-5,1.0,15.834930155939878,3.0,273.1148662197317,222.0842245989305,226.76478818532482,0.0,0.0,5.816844919786096,0.0,0.0,106.39999999999982,277.0620557167189,1200.95576727196,0.055356395387106426,100.0,1.0,4.933754524835724
60,2048,7,1,3.5299406018237317E18,134.03696127847905,4.9763306130980596E-5,1.0,12.036693537441009,2.0,277.75474795593897,222.17780748663102,158.56064291204575,0.0,0.0,5.8355614973262036,0.0,0.0,106.39999999999982,453.3821675974548,1152.6544193702864,0.055623779076719816,100.0,1.0,4.993453385697547
75,2048,7,1,8.661686022710631E18,136.29451577262577,7.604828931051274E-5,1.0,-9.312863030919438,3.0,288.7373191881947,219.97192513368984,-96.75766651390363,0.0,0.0,5.394385026737968,0.0,0.0,106.39999999999982,370.9824197204111,1142.848709533272,0.056865401823551695,100.0,1.0,5.077557001779765
69,2048,7,2,3.317868809496197E18,133.95447904860066,1.1163604168764258E-4,1.0,-19.067392245287827,3.0,290.3068613812561,223.71122994652407,-211.0615584384556,0.0,0.0,5.842245989304812,0.0,0.0,106.39999999999982,331.7595159746401,1322.4483194878214,0.05817329108182951,100.0,1.0,4.990380567826148
66,2048,7,2,6.646488575717851E18,139.93931122850506,3.1012492380827115E-4,1.0,-29.369329937387075,2.0,285.73154442494933,221.89304812834226,-351.33653612510136,0.0,0.0,5.478609625668449,0.0,0.0,106.39999999999982,422.75287906394686,1550.585582653562,0.05480775713208956,100.0,1.0,5.2133413110907165
64,2048,7,2,5.156518253817723E18,135.61222874286798,3.1012492380827115E-4,1.0,-16.672540714132055,3.0,285.7885162483716,222.975935828877,-187.86158838131337,0.0,0.0,5.695187165775401,0.0,0.0,106.39999999999982,454.9014798637932,1318.727944256419,0.05656782668112621,100.0,1.0,5.052138874971567
79,2048,7,2,2.819594302524464E18,136.46545810127415,6.626600936074172E-5,1.0,21.8407709896454,2.0,286.1511608329672,223.8114973262032,331.80147144686487,0.0,0.0,5.862299465240642,0.0,0.0,106.39999999999982,357.1454083418043,1184.5503619030305,0.05628547662690552,100.0,1.0,5.083925338853425
77,2048,7,2,5.866154019238748E17,135.928660113149,3.81269884199989E-5,0.0,-141.03640962622407,0.0,285.8696050166865,223.50401069518716,-1305.958803415628,0.0,0.0,5.800802139037433,0.0,0.0,106.39999999999982,385.59795455000113,2232.9027450192616,0.0564521541910974,100.0,1.0,5.063927304686782
73,2048,7,2,2.957751204712242E18,136.99546850124733,8.118453502834324E-5,1.0,1.50628150322117,2.0,280.29603770737486,223.28342245989305,22.987363109368392,0.0,0.0,5.75668449197861,0.0,0.0,106.39999999999982,419.11170489356056,1449.184776195065,0.05492048073418202,100.0,1.0,5.10367050616367
71,2048,7,3,6.50369789014244E18,133.91902822291013,7.815648281458443E-5,1.0,-56.35208876597563,4.0,301.26663162975467,225.34491978609626,-610.673644619458,0.0,0.0,5.8689839572192515,0.0,0.0,106.39999999999982,314.56589963478444,1695.9776030001224,0.06038545123825041,100.0,1.0,4.989059872072647
70,2048,7,3,2.52771244661108E18,132.12986466761,5.9939103944389476E-5,1.0,-25.351613170144976,4.0,283.83058761919597,225.05748663101605,-290.16001214806994,0.0,0.0,5.811497326203209,0.0,0.0,106.39999999999982,369.84116379773735,1437.5445364510679,0.057660948168586766,100.0,1.0,4.922405833309288
68,2048,7,3,2.2093098651697398E18,134.71302218733555,2.08979059169994E-4,2.0,5.620686556918028,2.0,288.78464238643016,225.6524064171123,86.79231913928335,0.0,0.0,5.93048128342246,0.0,0.0,106.39999999999982,303.24160192799155,1440.2792363487702,0.05754241538516341,100.0,1.0,5.018639562719672
67,2048,7,3,8.815097190336754E18,131.29507589882192,4.583578536923902E-5,1.0,-43.9395169533882,3.0,288.7132530470844,225.69251336898395,-386.26899778451497,0.0,0.0,5.938502673796791,0.0,0.0,106.39999999999982,376.1629138971006,1267.2525113863235,0.0590257963324254,100.0,1.0,4.891306360715405
65,2048,7,3,8.237168610376572E18,134.9097585644118,7.741510828963332E-6,3.0,-23.766835601209348,5.0,301.2288224112564,225.17780748663102,-237.60653544960394,0.0,0.0,5.8355614973262036,0.0,0.0,106.39999999999982,297.2115328406132,1240.3776526773925,0.05993447871594142,100.0,1.0,5.025968839053827
72,2048,7,3,3.00978221914696E18,139.90254912301887,5.2617055277955764E-5,1.0,1.2125402445088131,1.0,295.4379335436528,225.00401069518716,16.700867166972,0.0,0.0,5.800802139037433,0.0,0.0,106.39999999999982,341.38718108225265,1302.0672439467703,0.05668448466175132,100.0,1.0,5.211971764524196
62,2048,7,4,2.853793568557007E18,139.8035187859019,7.964173698209325E-5,1.0,2.5659292572326793,2.0,292.1174006266939,226.4639037433155,34.109088784228994,0.0,0.0,5.792780748663102,0.0,0.0,106.39999999999982,345.9004410078629,1270.3426186779286,0.056087088777491044,100.0,1.0,5.208282458474238
76,2048,7,4,5.182538500345593E18,139.21658702425032,3.857275171744666E-5,1.0,8.808027450270501,2.0,286.53623940070526,227.225935828877,108.71959114981752,0.0,0.0,5.945187165775401,0.0,0.0,106.39999999999982,349.7867368886727,1118.8577917725102,0.05524743856140863,100.0,1.0,5.186416725586554
74,2048,7,4,7.887265943744844E18,132.70894502863888,3.1012492380827115E-4,2.0,-12.360540422129011,6.0,303.30588662229343,227.2860962566845,-140.34883543967788,0.0,0.0,5.957219251336898,0.0,0.0,106.39999999999982,333.9767029337833,1281.6126260131327,0.06134853778018379,100.0,1.0,4.943979067749914
63,2048,11,4,3.212672331395627E18,121.49817141829952,7.501812380461324E-5,1.0,6.76555227657849,6.0,386.8833068549286,314.0548128342246,73.07579816179506,0.0,0.0,5.61096256684492,0.0,0.0,88.0,0.0,998.4168345630794,0.08568457292893626,100.0,1.0,4.515203771579697
61,2048,11,4,1.9955042617296404E18,125.49246903543089,1.1452175916110457E-4,1.0,28.86652618514272,4.0,394.5824186215571,314.5561497326203,390.1533678478493,0.0,0.0,5.711229946524064,0.0,0.0,88.0,0.0,959.4027606157905,0.08460819954078642,100.0,1.0,4.663642776505885
64,2048,11,4,5.156518253817723E18,125.81303976655983,1.4109414185999592E-4,1.0,11.488333723061308,4.0,414.9523075055989,314.46256684491976,120.90022683727942,0.0,0.0,5.692513368983957,0.0,0.0,88.0,0.0,925.6721604712839,0.08874929573516394,100.0,1.0,4.675556060116294
78,2048,11,4,4.687141051879245E18,123.87010529320632,1.035821388805181E-4,1.0,3.4930902947242126,5.0,379.8854090633062,314.2620320855615,37.578252060007976,0.0,0.0,5.652406417112299,0.0,0.0,88.0,8.925336168776294,1022.2151813141562,0.08252366231697832,100.0,1.0,4.603351310368942
77,2048,11,4,5.866154019238748E17,121.96515377352563,3.1012492380827115E-4,2.0,-17.467895266934967,7.0,415.2676398417859,308.3355614973262,-144.28278463668042,0.0,0.0,5.6671122994652405,0.0,0.0,88.0,0.0,973.9604296852613,0.09161882311991933,100.0,1.0,4.532558110883444
62,2048,11,5,2.853793568557007E18,121.50315124313005,5.0084774516839664E-5,1.0,19.22827187824242,6.0,464.5267299371006,316.524064171123,218.0924866482684,0.0,0.0,5.804812834224599,0.0,0.0,88.0,24.144291503873067,912.819041910702,0.10287635170827891,100.0,1.0,4.515388835466626
60,2048,11,5,3.5299406018237317E18,128.29481881782948,3.1012492380827115E-4,2.0,28.366632505923125,5.0,399.12659158734493,316.2366310160428,355.61481438220403,0.0,0.0,5.747326203208556,0.0,0.0,88.0,3.0771731811577845,896.3428991364781,0.0837131978840706,100.0,1.0,4.767785745565132
71,2048,11,5,6.50369789014244E18,118.19430079328949,3.1012492380827115E-4,1.0,-8.837212497433073,9.0,434.99994505276754,322.58422459893046,-83.88768789502714,0.0,0.0,5.816844919786096,0.0,0.0,88.0,6.684130783888296,1039.4011719605742,0.09903416704211593,100.0,1.0,4.392422918726388
70,2048,11,5,2.52771244661108E18,129.82278340760902,3.1012492380827115E-4,1.0,11.041680462579436,2.0,432.66868194322115,315.92914438502675,124.74104345646465,0.0,0.0,5.685828877005347,0.0,0.0,88.0,0.0,999.8382959881297,0.08968027499194284,100.0,1.0,4.824569081462935
68,2048,11,5,2.2093098651697398E18,125.08457893175675,3.1012492380827115E-4,1.0,24.124286288738837,5.0,435.961545520003,316.1764705882353,341.9438677943243,0.0,0.0,5.735294117647059,0.0,0.0,88.0,2.8574545185910982,1072.4969017350352,0.0937857378360161,100.0,1.0,4.648484466607062
67,2048,11,5,8.815097190336754E18,120.84746550450281,1.1494622824620871E-4,2.0,-33.36703940056657,9.0,431.4580792907568,316.35695187165777,-269.3826748232019,0.0,0.0,5.771390374331551,0.0,0.0,88.0,0.0,1078.270084617451,0.09607125105107604,100.0,1.0,4.491021763226266
79,2048,11,5,2.819594302524464E18,129.66494187387775,7.960085313353979E-5,1.0,37.92456334256898,2.0,418.7694324855675,316.3836898395722,545.5780463161472,0.0,0.0,5.776737967914438,0.0,0.0,88.0,0.0,891.6675925006392,0.08690500534410608,100.0,1.0,4.818703259120949
76,2048,11,5,5.182538500345593E18,126.57609779884754,1.0413865809545705E-4,1.0,20.104292372404636,3.0,463.72883289731027,322.6644385026738,224.41329525130786,0.0,0.0,5.8328877005347595,0.0,0.0,88.0,0.0,888.9599606918243,0.09858362504602287,100.0,1.0,4.7039133799434
75,2048,11,5,8.661686022710631E18,127.44509199502825,1.30304589835408E-4,1.0,-0.9594358042324843,5.0,401.3514175918757,315.91577540106954,-8.79271280430169,0.0,0.0,5.683155080213904,0.0,0.0,88.0,9.580710289791359,984.5580901877534,0.08474109529178586,100.0,1.0,4.73620757685415
74,2048,11,5,7.887265943744844E18,125.82056385582166,3.1012492380827115E-4,1.0,2.324372337208074,6.0,454.5928835177599,316.42379679144386,25.681883786419977,0.0,0.0,5.78475935828877,0.0,0.0,88.0,0.0,1053.6839214391528,0.09722174067599776,100.0,1.0,4.67583567581598
73,2048,11,5,2.957751204712242E18,126.32542370374027,1.1873082841051728E-4,1.0,30.04554618419048,4.0,419.3471620841493,316.4639037433155,407.4263160174894,0.0,0.0,5.792780748663102,0.0,0.0,88.0,0.0,946.747283469315,0.0893254744475998,100.0,1.0,4.694597646163605
69,2048,11,6,3.317868809496197E18,127.46063256998957,8.336691500222343E-5,2.0,-0.4746562453617754,6.0,418.8868960872243,324.11096256684493,-4.353368353125266,0.0,0.0,5.822192513368984,0.0,0.0,88.0,0.0,1059.2629461619176,0.08843274217017273,100.0,1.0,4.736785107049521
66,2048,11,6,6.646488575717851E18,125.25649812944111,1.1277269956664404E-4,1.0,13.222651453390815,5.0,425.39210818642783,324.3248663101604,142.10950884982702,0.0,0.0,5.864973262032086,0.0,0.0,88.0,0.0,928.6725899161817,0.0913863958810299,100.0,1.0,4.654873453377225
65,2048,11,6,8.237168610376572E18,131.71436906024027,1.2815079496209553E-4,1.0,4.057963584632441,1.0,439.14843031787314,324.2847593582888,40.18483131579466,0.0,0.0,5.856951871657754,0.0,0.0,88.0,0.0,936.4288271298252,0.08971613707100268,100.0,1.0,4.894865568836569
72,2048,11,6,3.00978221914696E18,125.13351112601936,3.1012492380827115E-4,1.0,18.778022345341313,6.0,445.22870451204216,324.13770053475935,221.45668670828843,0.0,0.0,5.827540106951871,0.0,0.0,88.0,0.0,955.1942000778689,0.095741871469312,100.0,1.0,4.650302920543502
77,2049,2,16,5.866154019238748E17,152.80112259654146,0.04269855401328654,0.0,-140.1274216762214,0.0,269.7000000000028,231.02139037433156,-1459.769836034506,0.0,0.0,6.10427807486631,0.0,0.0,106.6000000000002,454.6816688682473,2502.242679642441,0.04761187209166798,100.0,1.0,5.6645535693438935
62,2049,2,18,2.853793568557007E18,147.46017652628652,0.013486593181707685,1.0,0.7220704113753825,1.0,275.50000000000006,234.35561497326202,11.162449064000546,0.0,0.0,6.171122994652406,0.0,0.0,106.6000000000002,360.7935701352278,1436.0453095624366,0.050397351099390635,100.0,1.0,5.4665571501302805
68,2049,2,18,2.2093098651697398E18,152.90971967241282,0.04269855401328654,1.0,10.58507587641275,1.0,275.50000000000006,234.0548128342246,169.2546600755572,0.0,0.0,6.11096256684492,0.0,0.0,106.6000000000002,268.6782120116107,1423.9102370440987,0.04860124199752982,100.0,1.0,5.668579416427309
67,2049,2,18,8.815097190336754E18,151.63251188400463,0.04269855401328654,0.0,-38.21814883021277,0.0,275.50000000000006,234.36898395721926,-383.15812289883536,0.0,0.0,6.17379679144385,0.0,0.0,106.6000000000002,450.8090045837052,1387.3324529231402,0.04901061254764667,100.0,1.0,5.621231518626034
65,2049,2,18,8.237168610376572E18,154.1897619655364,0.01228483493214234,0.0,-41.25779230365903,0.0,275.50000000000006,234.10828877005346,-483.93910806887254,0.0,0.0,6.121657754010696,0.0,0.0,106.6000000000002,670.5224451610235,1658.6003594207712,0.04819776744473122,100.0,1.0,5.716032393324404
64,2049,2,18,5.156518253817723E18,142.6710564765836,0.0235446012389557,0.0,10.448121394285872,0.0,275.50000000000006,234.77005347593584,129.73178761897427,0.0,0.0,6.254010695187166,0.0,0.0,106.6000000000002,206.74115848172872,1105.9710104269757,0.052089067489264194,100.0,1.0,5.289017701397359
70,2049,2,19,2.52771244661108E18,155.9078148117006,0.005080329557437372,0.0,-34.694792285589656,0.0,275.50000000000006,236.00267379679144,-475.84555864106125,0.0,0.0,6.2005347593582885,0.0,0.0,106.6000000000002,587.9346287725658,1849.60548161109,0.04766664389818425,100.0,1.0,5.779723040465506
79,2049,2,19,2.819594302524464E18,153.0287244353804,0.013391748713404913,1.0,9.022934019111782,1.0,278.39999999999634,235.93582887700535,152.78007199382776,0.0,0.0,6.18716577540107,0.0,0.0,106.6000000000002,563.0498009379775,1533.2939168915477,0.04907464078919565,100.0,1.0,5.672991091180627
78,2049,2,19,4.687141051879245E18,151.46506038197347,0.0064631991860062315,1.0,-29.48182890051522,1.0,278.39999999999634,236.29010695187165,-397.9171084736069,0.0,0.0,6.258021390374331,0.0,0.0,106.6000000000002,638.2318331036527,1750.153996233992,0.04958126754220662,100.0,1.0,5.6150238547855835
73,2049,2,19,2.957751204712242E18,150.2561293914373,0.013391748713404913,0.0,-3.846840601972198,0.0,278.39999999999634,235.78877005347593,-63.92084478861923,0.0,0.0,6.157754010695188,0.0,0.0,106.6000000000002,487.25049156681973,1748.98702838928,0.04998018857873683,100.0,1.0,5.570207074377398
61,2049,2,20,1.9955042617296404E18,150.79111548630874,0.014074023545783104,0.0,-0.06998334661463307,0.0,281.2999999999969,237.79010695187165,-0.4467601927654907,0.0,0.0,6.258021390374331,0.0,0.0,106.6000000000002,519.4124620091363,1619.0323975201363,0.05032164560985624,100.0,1.0,5.590039765013171
71,2049,2,20,6.50369789014244E18,155.2499271969463,0.014074023545783104,0.0,-123.26622137754622,0.0,278.39999999999634,237.37566844919786,-1539.6821151672611,0.0,0.0,6.175133689839572,0.0,0.0,106.6000000000002,691.5267899725579,2789.738448796045,0.04837251661038341,100.0,1.0,5.755334216790291
66,2049,2,20,6.646488575717851E18,156.02114555312423,0.014074023545783104,1.0,-57.94790905835341,1.0,281.2999999999969,237.24197860962568,-751.8332929203532,0.0,0.0,6.148395721925134,0.0,0.0,106.6000000000002,604.6952927695236,2050.7895435888736,0.048634799133898544,100.0,1.0,5.783924371221064
76,2049,2,20,5.182538500345593E18,152.93748835861877,0.014074023545783104,0.0,-9.957990593490065,0.0,281.2999999999969,237.36229946524065,-135.45525459163144,0.0,0.0,6.172459893048129,0.0,0.0,106.6000000000002,649.3714578733926,1502.6508520723844,0.049615415788860924,100.0,1.0,5.669608840870605
72,2049,2,20,3.00978221914696E18,152.44277250508523,0.014074023545783104,1.0,-6.995999604731108,2.0,281.2999999999969,237.4826203208556,-99.94804071223832,0.0,0.0,6.196524064171123,0.0,0.0,106.6000000000002,509.6411378051852,1538.109127916363,0.04977643052486355,100.0,1.0,5.6512690249954
75,2049,2,21,8.661686022710631E18,158.29808702064898,0.01475629837816131,0.0,-8.200366697447475,0.0,284.2000000000032,239.43716577540107,-100.40506166301736,0.0,0.0,6.287433155080214,0.0,0.0,106.6000000000002,566.663828540826,1330.4005834060458,0.048429419530123106,100.0,1.0,5.868333809436447
74,2049,2,21,7.887265943744844E18,155.86203768302724,0.01475629837816131,0.0,-15.104647088234795,0.0,284.2000000000032,239.30347593582889,-193.9473068994925,0.0,0.0,6.260695187165775,0.0,0.0,106.6000000000002,542.2524232122221,1483.6044471578336,0.04918634826736758,100.0,1.0,5.7780260176085125
63,2049,2,22,3.212672331395627E18,155.4671809980638,0.015407560718158676,1.0,-65.66732176906586,2.0,287.1000000000037,241.451871657754,-925.2211115351095,0.0,0.0,6.390374331550802,0.0,0.0,106.6000000000002,463.2670994335954,2335.7898829252003,0.04981444836101592,100.0,1.0,5.763388122243748
69,2049,2,22,3.317868809496197E18,158.68960211627166,0.015407560718158676,0.0,-10.639913512303032,0.0,287.1000000000037,241.39171122994654,-142.78528975559485,0.0,0.0,6.378342245989304,0.0,0.0,106.6000000000002,479.8419131994014,1491.0318042885428,0.048802894180718766,100.0,1.0,5.8828478273616875
60,2049,2,25,3.5299406018237317E18,165.74725049180913,0.016797244296100154,0.0,22.317274454086096,0.0,295.7999999999965,247.25534759358288,357.38679830420705,0.0,0.0,6.651069518716578,0.0,0.0,106.6000000000002,452.86165250236047,1241.7190179141435,0.04814073243175983,100.0,1.0,6.144484827257192
62,2049,7,1,2.853793568557007E18,122.9447376402336,1.0570038302940387E-4,2.0,-15.78411751887754,8.0,261.98977824795065,217.21524064171123,-189.29909675681185,0.0,0.0,5.143048128342246,0.0,0.0,106.69999999999851,361.70519309203064,1392.9427986076578,0.05762399829788692,100.0,1.0,4.546539393077101
68,2049,7,1,2.2093098651697398E18,135.03117705495728,6.311048510546827E-5,1.0,3.0897988374847976,2.0,263.01257750660875,219.12032085561498,44.162066289008536,0.0,0.0,5.524064171122995,0.0,0.0,106.69999999999851,246.75354670121192,1359.2705342536533,0.05267098620962966,100.0,1.0,4.993500149395779
64,2049,7,1,5.156518253817723E18,130.52958993492535,1.3460283151400663E-4,2.0,1.2185824524977014,3.0,260.7790152657825,218.3181818181818,14.326566773544014,0.0,0.0,5.363636363636363,0.0,0.0,106.69999999999851,258.0937544446521,1113.4394325054232,0.054024736030809824,100.0,1.0,4.827029883441957
71,2049,7,2,6.50369789014244E18,130.35806901313208,5.920674375873828E-5,1.0,-67.96282132990972,3.0,273.40356438492194,222.46524064171123,-710.6523205130908,0.0,0.0,5.893048128342246,0.0,0.0,106.69999999999851,295.77464860977324,1757.703640995014,0.0567146478359178,100.0,1.0,4.820686979771274
67,2049,7,2,8.815097190336754E18,131.66789605739498,5.5838120959357415E-5,2.0,-41.16928549038856,3.0,265.74974579410093,221.7566844919786,-357.2927403495301,0.0,0.0,5.751336898395722,0.0,0.0,106.69999999999851,259.7311083658739,1227.1110639228816,0.05457854428082576,100.0,1.0,4.869124841929188
78,2049,7,2,4.687141051879245E18,128.68529154936252,8.034324450991478E-5,1.0,-21.451454870410533,5.0,269.075682099666,221.64304812834226,-245.12638091299445,0.0,0.0,5.728609625668449,0.0,0.0,106.69999999999851,356.7505984737967,1391.1698692601553,0.056542437314986475,100.0,1.0,4.75882708417219
77,2049,7,2,5.866154019238748E17,125.22830957725398,6.978508636549754E-5,3.0,-141.95754368955716,7.0,260.2800703010071,221.57620320855614,-1208.5517993203528,0.0,0.0,5.71524064171123,0.0,0.0,106.69999999999851,329.7387119766437,2060.812757909649,0.05620402047761835,100.0,1.0,4.630986681898605
61,2049,7,3,1.9955042617296404E18,129.63787844607754,6.812937693503322E-5,2.0,1.3174644719751887,6.0,275.57025722863244,222.72860962566844,19.102260623017184,0.0,0.0,5.64572192513369,0.0,0.0,106.69999999999851,354.0989777206834,1369.0071993895492,0.05748167471359163,100.0,1.0,4.794054080742944
70,2049,7,3,2.52771244661108E18,132.5046376364695,1.4711808529804132E-4,1.0,-29.021026599123914,3.0,272.5548238735694,222.74197860962568,-337.1224592236448,0.0,0.0,5.648395721925134,0.0,0.0,106.69999999999851,377.34139710000534,1501.800553440888,0.05562266337458727,100.0,1.0,4.900067838141196
69,2049,7,3,3.317868809496197E18,138.61085660493163,5.5637768892764836E-5,1.0,-11.897876050754217,1.0,286.16709602259976,222.11363636363637,-139.06051073135347,0.0,0.0,5.5227272727272725,0.0,0.0,106.69999999999851,343.0752033450113,1313.8226810570454,0.05582791840885509,100.0,1.0,5.125877951007567
66,2049,7,3,6.646488575717851E18,136.06364889128918,4.973138611421924E-5,1.0,-44.956083657564776,3.0,276.4170226765464,223.91176470588235,-507.10090767725535,0.0,0.0,5.882352941176471,0.0,0.0,106.69999999999851,397.6688519892099,1637.1180865271185,0.05493531985708466,100.0,1.0,5.031681318970216
65,2049,7,3,8.237168610376572E18,132.24801202013575,1.1203935108680317E-4,1.0,-32.53504488117872,5.0,268.9586837302783,224.2192513368984,-326.3244231566558,0.0,0.0,5.94385026737968,0.0,0.0,106.69999999999851,394.06260906236037,1331.352345411112,0.05499527835120495,100.0,1.0,4.890577733104344
79,2049,7,3,2.819594302524464E18,126.6035045190111,6.701057126367139E-5,1.0,11.113774730506673,6.0,272.1812545165068,224.17245989304814,155.41964136292736,0.0,0.0,5.934491978609626,0.0,0.0,106.69999999999851,315.9906310496429,1236.0741355849445,0.05813550777054643,100.0,1.0,4.681841871765739
74,2049,7,3,7.887265943744844E18,136.0549903860371,6.249998464495589E-5,1.0,-14.56527901638954,2.0,280.68451499057,223.89171122994654,-162.86814902620418,0.0,0.0,5.878342245989304,0.0,0.0,106.69999999999851,329.12093757014384,1285.869461161101,0.05578699442350941,100.0,1.0,5.031361124418018
73,2049,7,3,2.957751204712242E18,127.0254159626209,3.1012492380827115E-4,2.0,-3.779243090444644,5.0,271.70635806860594,224.0788770053476,-52.762219928747655,0.0,0.0,5.915775401069519,0.0,0.0,106.69999999999851,329.56916041169325,1473.8053591088299,0.05784131550180634,100.0,1.0,4.697444304497549
72,2049,7,3,3.00978221914696E18,137.41808929083427,7.022756426817733E-5,1.0,-2.7314111385660245,3.0,275.86040756647964,223.20989304812835,-34.60794435302925,0.0,0.0,5.741978609625669,0.0,0.0,106.69999999999851,357.5283842213457,1327.8400300374553,0.05428432650953429,100.0,1.0,5.081768998608255
63,2049,7,4,3.212672331395627E18,137.58547211963364,2.7468992365657315E-5,1.0,-56.330806757445245,2.0,288.3834747563719,224.89705882352942,-700.2703839592617,0.0,0.0,5.779411764705882,0.0,0.0,106.69999999999851,337.4511844512613,1945.530246000811,0.056679600187292296,100.0,1.0,5.0879588741528945
60,2049,7,4,3.5299406018237317E18,135.3191271377643,4.049685607316155E-5,2.0,15.244306039274603,3.0,311.05754864449517,224.36229946524065,199.22509763009367,0.0,0.0,5.672459893048129,0.0,0.0,106.69999999999851,337.7513250747293,1103.1075514140002,0.06215993383963017,100.0,1.0,5.004148644157339
76,2049,7,4,5.182538500345593E18,134.06518557913526,3.607781803260484E-5,1.0,2.7814844266145022,2.0,278.8530998218805,225.4385026737968,34.095121706323624,0.0,0.0,5.887700534759358,0.0,0.0,106.69999999999851,315.11280284722983,1161.446173787352,0.05624558641730844,100.0,1.0,4.957777446801926
75,2049,7,4,8.661686022710631E18,129.91364431182294,1.1334975285390029E-4,1.0,-13.223717231401672,5.0,284.03647344078706,225.75267379679144,-132.41462278931917,0.0,0.0,5.9505347593582885,0.0,0.0,106.69999999999851,312.5192647912267,1139.3799106987608,0.05912189317005492,100.0,1.0,4.804251998896591
61,2049,11,4,1.9955042617296404E18,118.0040169012145,1.046305410959079E-4,1.0,23.68322606448532,6.0,404.28074973343706,306.87566844919786,299.31096518264474,0.0,0.0,5.675133689839572,0.0,0.0,88.0,0.0,961.125030628541,0.09287162618288818,100.0,1.0,4.353113715671394
63,2049,11,5,3.212672331395627E18,127.01847804907162,9.437763962515856E-5,1.0,10.39279141665841,3.0,435.93205839877527,313.4732620320856,119.69339292826032,0.0,0.0,5.494652406417113,0.0,0.0,88.0,0.0,1027.103541902918,0.09303549706475994,100.0,1.0,4.685653026557516
71,2049,11,5,6.50369789014244E18,124.91650541358666,3.898980686551057E-5,1.0,-4.929463021721556,4.0,391.6914464584794,314.57620320855614,-48.67932032454145,0.0,0.0,5.71524064171123,0.0,0.0,88.0,1.729850487271261,1049.5594877519757,0.0850004138846357,100.0,1.0,4.608112226254463
69,2049,11,5,3.317868809496197E18,122.02613290511779,9.857753458622728E-5,1.0,0.33203069466860413,6.0,417.55057169185073,314.56283422459893,4.161091616412385,0.0,0.0,5.712566844919786,0.0,0.0,88.0,0.0,1027.5016854676678,0.09275834963889645,100.0,1.0,4.50148771854344
68,2049,11,5,2.2093098651697398E18,121.75601890047602,6.0382578623105754E-5,2.0,12.54614759159574,8.0,381.5504269783435,313.9879679144385,159.05485680325094,0.0,0.0,5.597593582887701,0.0,0.0,88.0,21.044066307991677,1103.296217489836,0.0849490024431314,100.0,1.0,4.49152333759034
66,2049,11,5,6.646488575717851E18,121.50018280951832,1.498188037721116E-4,1.0,4.582524982060071,6.0,414.82513696756763,314.6764705882353,46.71969585092543,0.0,0.0,5.735294117647059,0.0,0.0,88.0,0.0,959.8690514055762,0.092551809185258,100.0,1.0,4.482085662282683
78,2049,11,5,4.687141051879245E18,124.22767322306136,6.551012332240623E-5,1.0,7.615894866177139,5.0,389.79125595267567,308.7433155080214,84.7325743027379,0.0,0.0,5.748663101604278,0.0,0.0,88.0,0.0,1018.89551482924,0.08505708998333104,100.0,1.0,4.582701524694349
74,2049,11,5,7.887265943744844E18,124.77670275844918,5.323119186547737E-5,2.0,-4.296096079240164,3.0,414.8162184972664,314.1550802139037,-43.33850829340675,0.0,0.0,5.6310160427807485,0.0,0.0,88.0,0.0,1070.7194384476877,0.09011954736153495,100.0,1.0,4.602954970835986
73,2049,11,5,2.957751204712242E18,128.66767563659909,1.2161761717971418E-4,1.0,30.78214233301476,2.0,404.0968120355322,314.2152406417112,442.6518249599852,0.0,0.0,5.643048128342246,0.0,0.0,88.0,1.826663921939989,993.2286809130273,0.08513590314297927,100.0,1.0,4.746491164331485
72,2049,11,5,3.00978221914696E18,117.01264546610247,8.89782876594569E-6,1.0,11.416282699232148,9.0,416.2840516457328,308.7165775401069,125.9885999161784,0.0,0.0,5.74331550802139,0.0,0.0,88.0,10.543303022282762,972.5051012355532,0.09643923428897781,100.0,1.0,4.316542481023313
60,2049,11,6,3.5299406018237317E18,126.98962876609465,7.571409272662865E-5,2.0,24.04615415557436,5.0,436.06291252766414,316.2433155080214,293.69266683421887,0.0,0.0,5.748663101604278,0.0,0.0,88.0,0.0,925.4743408160891,0.09308456560260615,100.0,1.0,4.6845887898246295
70,2049,11,6,2.52771244661108E18,125.92497088248204,3.1012492380827115E-4,1.0,9.57959496858739,5.0,413.65822749983545,316.35695187165777,106.35255229107132,0.0,0.0,5.771390374331551,0.0,0.0,88.0,0.0,997.7741038577342,0.08904849551108081,100.0,1.0,4.645314051918616
67,2049,11,6,8.815097190336754E18,126.51639593168821,9.284621394176128E-6,1.0,-31.598087362565355,5.0,396.0146675192428,316.54411764705884,-262.87274422574563,0.0,0.0,5.8088235294117645,0.0,0.0,88.0,0.0,1096.6070567873346,0.08485183497550959,100.0,1.0,4.667131448996273
65,2049,11,6,8.237168610376572E18,124.6713498905154,0.009937795492796822,1.0,-1.3967880267778319,6.0,413.35556174200923,316.3435828877005,-12.617174051928757,0.0,0.0,5.768716577540107,0.0,0.0,88.0,13.501255561401335,957.7391133274924,0.0898781040233267,100.0,1.0,4.599068552166255
64,2049,11,6,5.156518253817723E18,128.24642355750112,1.0950738835037826E-4,2.0,14.198634999345357,3.0,380.13106885989305,316.677807486631,157.41376477966844,0.0,0.0,5.8355614973262036,0.0,0.0,88.0,0.0,947.9048737373863,0.08034981532565873,100.0,1.0,4.730951369573377
79,2049,11,6,2.819594302524464E18,126.76040455743275,0.005678740281598185,1.0,32.943175753980235,5.0,406.50491893822385,316.129679144385,458.43184509645175,0.0,0.0,5.725935828877005,0.0,0.0,88.0,0.0,931.3651386286697,0.0869318590933727,100.0,1.0,4.676132814571476
77,2049,11,6,5.866154019238748E17,123.22099416191956,8.916760316511532E-5,1.0,-19.82822019035417,6.0,389.2281291281911,316.48395721925135,-165.16736530260985,0.0,0.0,5.7967914438502675,0.0,0.0,88.0,0.0,1001.7079042110475,0.08562809636538998,100.0,1.0,4.545565598787657
76,2049,11,6,5.182538500345593E18,131.61757420220295,7.283347200757898E-5,1.0,20.88906770032039,3.0,434.4204868280726,322.2366310160428,245.1632259512048,0.0,0.0,5.747326203208556,0.0,0.0,88.0,0.0,925.6689737043145,0.08947324623493441,100.0,1.0,4.855311560814424
75,2049,11,6,8.661686022710631E18,123.60519559952765,8.52928833356081E-5,2.0,-4.708987329186978,6.0,428.85394851644446,316.62433155080214,-44.25229078163764,0.0,0.0,5.824866310160428,0.0,0.0,88.0,0.0,999.9678747612302,0.0940523097842496,100.0,1.0,4.559738612482882
62,2049,11,7,2.853793568557007E18,129.583983783808,3.1012492380827115E-4,1.0,29.35330177034988,3.0,376.1976551698691,323.52272727272725,372.06534524021765,0.0,0.0,5.704545454545454,0.0,0.0,88.0,0.0,893.4620119421796,0.07869760864227808,100.0,1.0,4.780293348936241
71,2050,2,17,6.50369789014244E18,144.9938786692804,0.043411841338045556,1.0,-90.4547831917317,1.0,269.7000000000028,231.24197860962568,-1021.1018419980841,0.0,0.0,6.148395721925134,0.0,0.0,106.8999999999998,369.10866948190807,2151.104511064292,0.05054701533089171,100.0,1.0,5.33562660890041
61,2050,2,18,1.9955042617296404E18,151.42724213789137,0.04311604736139644,1.0,13.170341598148793,1.0,272.6000000000036,232.7620320855615,216.68012013920023,0.0,0.0,6.152406417112299,0.0,0.0,106.8999999999998,410.4594576758631,1423.2910761530436,0.04891995811959413,100.0,1.0,5.572367812204194
65,2050,2,18,8.237168610376572E18,150.1209133659139,0.04295230194744556,0.0,1.0125353345285322,0.0,272.6000000000036,232.86898395721926,12.39238449044838,0.0,0.0,6.17379679144385,0.0,0.0,106.8999999999998,209.19442867653805,1164.7790594624078,0.04934565196452689,100.0,1.0,5.524296247944349
79,2050,2,18,2.819594302524464E18,152.7733852375075,0.043411841338045556,0.0,10.830695732250355,0.0,272.6000000000036,232.85561497326202,171.6565576209662,0.0,0.0,6.171122994652406,0.0,0.0,106.8999999999998,359.4216163574616,1408.118610521576,0.04848890617979557,100.0,1.0,5.621904503046739
74,2050,2,18,7.887265943744844E18,144.59025285644256,0.043411841338045556,2.0,-9.31607081887679,2.0,272.6000000000036,233.08288770053477,-113.27722530017128,0.0,0.0,6.216577540106952,0.0,0.0,106.8999999999998,321.9364830593676,1336.5691311343362,0.05123315159360136,100.0,1.0,5.3207735913331815
76,2050,2,19,5.182538500345593E18,155.8728250562906,0.014911360840065445,0.0,-18.801758671863876,0.0,275.50000000000006,234.475935828877,-267.6873603326044,0.0,0.0,6.195187165775401,0.0,0.0,106.8999999999998,615.1511166089487,1695.0107548875767,0.048030314946926944,100.0,1.0,5.735960721982044
63,2050,2,20,3.212672331395627E18,155.20621508307286,0.015562623180062818,0.0,-107.58651434285723,0.0,278.39999999999634,236.42379679144386,-1445.368923995622,0.0,0.0,6.28475935828877,0.0,0.0,106.8999999999998,557.7322334913359,2789.821813350377,0.0487443586627065,100.0,1.0,5.711430155978144
60,2050,2,20,3.5299406018237317E18,154.98992144128084,0.015562623180062818,1.0,9.17730478099111,1.0,278.39999999999634,236.0427807486631,137.179007265938,0.0,0.0,6.208556149732621,0.0,0.0,106.8999999999998,586.3972037387595,1351.808959799978,0.04881238305264064,100.0,1.0,5.703470770926344
64,2050,2,20,5.156518253817723E18,152.30153652548108,0.015562623180062818,0.0,-12.874585139145221,0.0,278.39999999999634,235.72860962566844,-170.73936229376417,0.0,0.0,6.14572192513369,0.0,0.0,106.8999999999998,614.4556504556667,1502.515959575014,0.04967400583923015,100.0,1.0,5.604540952486046
75,2050,2,20,8.661686022710631E18,155.02919540600644,0.015562623180062818,0.0,-17.100183848709314,0.0,278.39999999999634,235.72192513368984,-210.6627277920598,0.0,0.0,6.144385026737968,0.0,0.0,106.8999999999998,621.5233807615043,1446.1042457903477,0.048800017279824984,100.0,1.0,5.704916012705863
72,2050,2,20,3.00978221914696E18,154.52425398345633,0.015562623180062818,1.0,-13.51708064875189,1.0,278.39999999999634,236.00267379679144,-195.042974011948,0.0,0.0,6.2005347593582885,0.0,0.0,106.8999999999998,575.067508396361,1642.5548338100712,0.0489594818914346,100.0,1.0,5.686334684205514
62,2050,2,21,2.853793568557007E18,154.09714451125654,0.016182873027679363,1.0,-27.210344564161787,2.0,281.2999999999969,237.93048128342247,-406.9395572738,0.0,0.0,6.286096256684492,0.0,0.0,106.8999999999998,583.8896733408196,1905.3888669509274,0.04960659053420535,100.0,1.0,5.67061749196473
68,2050,2,21,2.2093098651697398E18,156.7806096737265,0.016182873027679363,1.0,-29.06244536230908,1.0,281.2999999999969,238.26470588235293,-453.28658787885354,0.0,0.0,6.352941176470588,0.0,0.0,106.8999999999998,588.7952651659898,2016.0354153199658,0.04875752152111455,100.0,1.0,5.769366268508527
67,2050,2,21,8.815097190336754E18,154.79594019689273,0.016182873027679363,1.0,-46.71907113758064,1.0,281.2999999999969,237.38903743315507,-474.6944470512099,0.0,0.0,6.177807486631016,0.0,0.0,106.8999999999998,449.0256688331946,1492.2028237517889,0.04938265138308599,100.0,1.0,5.696332459304618
66,2050,2,21,6.646488575717851E18,155.61743169085904,0.016182873027679363,0.0,-53.47514941776799,0.0,281.2999999999969,237.63636363636363,-651.3906456195715,0.0,0.0,6.2272727272727275,0.0,0.0,106.8999999999998,519.045080922835,1870.764090413281,0.049121964468902095,100.0,1.0,5.726562507044704
77,2050,2,21,5.866154019238748E17,158.5499014817236,0.016182873027679363,0.0,-157.63371692304392,0.0,281.2999999999969,237.1885026737968,-1625.3740741979052,0.0,0.0,6.137700534759358,0.0,0.0,106.8999999999998,559.0104280465757,2657.075675055159,0.048213426049598364,100.0,1.0,5.834474399529635
78,2050,2,22,4.687141051879245E18,159.99914385366154,0.01677211038291507,0.0,-19.823054917278753,0.0,284.2000000000032,239.00935828877004,-278.77415190544616,0.0,0.0,6.201871657754011,0.0,0.0,106.8999999999998,473.477946934909,1688.5142791232456,0.048269261321133704,100.0,1.0,5.887805038267119
70,2050,2,23,2.52771244661108E18,159.37226665491522,0.017330335245769955,0.0,-19.714329560416132,0.0,287.1000000000037,241.11764705882354,-274.868891709555,0.0,0.0,6.323529411764706,0.0,0.0,106.8999999999998,461.96235761777655,1672.84460938807,0.04895360519840568,100.0,1.0,5.8647365977726595
69,2050,2,23,3.317868809496197E18,155.7477311093042,0.017212293239560614,1.0,-11.799803958869482,2.0,287.1000000000037,241.05080213903744,-155.66167430536143,0.0,0.0,6.310160427807487,0.0,0.0,106.8999999999998,440.767656708539,1479.8408064557827,0.05009284543557429,100.0,1.0,5.731357392529248
73,2050,2,23,2.957751204712242E18,162.42686709845628,0.017330335245769955,0.0,-17.977870519578953,0.0,287.1000000000037,241.25133689839572,-327.4647091059017,0.0,0.0,6.350267379679145,0.0,0.0,106.8999999999998,614.1056872283775,2153.4230052213943,0.048032983463693835,100.0,1.0,5.977142773507102
61,2050,6,30,1.9955042617296404E18,124.22033624735083,5.728203247289825E-5,2.0,14.426005850992267,7.0,259.81645394663997,217.36631016042782,194.37953921810308,0.0,0.0,5.473262032085562,0.0,0.0,107.0,201.5991766693313,1147.6367244300145,0.056977752909922075,100.0,1.0,4.559963155398423
71,2050,6,30,6.50369789014244E18,123.19245779286548,6.482544393985599E-5,2.0,-20.442777123490266,7.0,261.09253966645,216.79144385026737,-195.1291601398065,0.0,0.0,5.358288770053476,0.0,0.0,107.0,59.154172195218294,1152.8673218084928,0.05773533761421188,100.0,1.0,4.522231105862289
79,2050,6,30,2.819594302524464E18,128.282094963287,1.1791822198033124E-4,2.0,10.692766651139797,5.0,260.0309385093856,215.7620320855615,142.2773515962227,0.0,0.0,5.152406417112299,0.0,0.0,107.0,220.05585306655627,1180.98664300674,0.055219230033884,100.0,1.0,4.709064909992835
74,2050,6,30,7.887265943744844E18,132.16784027312931,3.7728092920714236E-5,1.0,-9.584433136232636,3.0,258.16064521631256,216.2633689839572,-105.98273457089785,0.0,0.0,5.252673796791444,0.0,0.0,107.0,236.39320070991855,1221.4318136717382,0.0532102882269614,100.0,1.0,4.851705446795602
65,2050,7,1,8.237168610376572E18,132.03899496560288,7.951921123289003E-5,2.0,8.245562945985117,3.0,262.4902632910841,219.975935828877,85.70191317916908,0.0,0.0,5.695187165775401,0.0,0.0,107.0,48.173717239179624,947.139400147794,0.05415547325860459,100.0,1.0,4.846975707102289
63,2050,7,2,3.212672331395627E18,132.62062363441183,1.7600733473795176E-4,1.0,-94.81385250033739,4.0,273.3099723371554,221.8903743315508,-1085.3406956526812,0.0,0.0,5.778074866310161,0.0,0.0,107.0,387.8707625631024,2231.3296124267195,0.05614043576368745,100.0,1.0,4.868326521147823
62,2050,7,2,2.853793568557007E18,135.49498180077626,4.784401786613254E-5,1.0,-8.926305485608214,3.0,277.3950789338052,221.66978609625667,-116.49035267591132,0.0,0.0,5.733957219251337,0.0,0.0,107.0,334.09685074421725,1430.817707349293,0.05577080436892164,100.0,1.0,4.9738403824848545
60,2050,7,2,3.5299406018237317E18,133.24091931339467,7.132587944072474E-5,1.0,11.306539399452156,3.0,273.2828155463109,219.0360962566845,145.0732906229699,0.0,0.0,5.207219251336898,0.0,0.0,107.0,351.64580641942985,1131.8306330573232,0.05587352480107364,100.0,1.0,4.891096749655207
68,2050,7,2,2.2093098651697398E18,139.58715372864668,6.342022981764233E-5,1.0,-16.989761918120347,1.0,277.85579901444333,217.5120320855615,-235.09582797102664,0.0,0.0,4.902406417112299,0.0,0.0,107.0,377.4084200393923,1623.0500923474488,0.054225726630053955,100.0,1.0,5.12405856559689
66,2050,7,2,6.646488575717851E18,135.40723534480773,6.450185603333425E-5,1.0,-57.095667450393066,4.0,277.66610226175675,220.7673796791444,-603.3320062672415,0.0,0.0,5.553475935828877,0.0,0.0,107.0,423.1066736200009,1661.7402929068385,0.055861469969822296,100.0,1.0,4.970619326912782
64,2050,7,2,5.156518253817723E18,134.9990854283838,3.1012492380827115E-4,1.0,-3.4021832268249734,2.0,272.83016518031894,221.7566844919786,-39.25815558910442,0.0,0.0,5.751336898395722,0.0,0.0,107.0,343.14805412920947,1216.839160025999,0.05505451315705997,100.0,1.0,4.955636686895891
76,2050,7,2,5.182538500345593E18,136.79870508880325,7.911350097149776E-5,1.0,-21.692236141417194,3.0,269.57464097436844,221.4826203208556,-270.1876632888788,0.0,0.0,5.696524064171123,0.0,0.0,107.0,500.5032382344931,1519.7756315844817,0.05368196640550684,100.0,1.0,5.021698328597642
72,2050,7,2,3.00978221914696E18,135.92699279437304,1.0716134202082621E-4,1.0,-5.3909808736648674,2.0,273.2048921998358,221.7633689839572,-67.81379767079896,0.0,0.0,5.752673796791444,0.0,0.0,107.0,347.67825332195935,1337.9902435502113,0.05475378294054275,100.0,1.0,4.989698930875873
70,2050,7,3,2.52771244661108E18,131.70605998206392,5.577786399429337E-5,1.0,-25.40863502552475,4.0,291.71094253981084,223.22994652406416,-292.0124020920823,0.0,0.0,5.745989304812834,0.0,0.0,107.0,324.8802671460727,1444.4714648367994,0.060336252077356656,100.0,1.0,4.8347541071296645
67,2050,7,3,8.815097190336754E18,132.24275555249298,9.020503892038133E-5,1.0,-56.29135003019627,3.0,280.41111638128723,223.36363636363637,-487.33874745421207,0.0,0.0,5.7727272727272725,0.0,0.0,107.0,317.51245592631227,1354.4667034834583,0.057763660030385966,100.0,1.0,4.854455486958061
78,2050,7,3,4.687141051879245E18,136.87521219634993,4.6026257614762716E-5,1.0,-20.79332942622228,2.0,286.3209370354288,223.79144385026737,-249.38549988676763,0.0,0.0,5.858288770053476,0.0,0.0,107.0,326.85932074172734,1452.422763033637,0.056984883946068064,100.0,1.0,5.024506802653318
77,2050,7,3,5.866154019238748E17,140.40391057579683,3.1012492380827115E-4,0.0,-123.57561694138089,0.0,281.05701485447,222.92914438502675,-1125.0422032323197,0.0,0.0,5.685828877005347,0.0,0.0,107.0,361.463650547522,2036.423691348453,0.054531393030516455,100.0,1.0,5.154040622017248
73,2050,7,3,2.957751204712242E18,129.51794438306797,9.565852060711633E-5,1.0,9.254634005896245,6.0,292.68231836593986,223.27673796791444,135.1088628582974,0.0,0.0,5.755347593582887,0.0,0.0,107.0,188.65338655651686,1317.323109844102,0.0615599006688269,100.0,1.0,4.7544312967702735
69,2050,7,4,3.317868809496197E18,129.78404884442583,7.283347200757898E-5,1.0,-23.339292187786103,7.0,293.74890643749126,225.53208556149733,-256.0886030301658,0.0,0.0,5.906417112299465,0.0,0.0,107.0,341.8332664776315,1356.8145408806802,0.06165755610671594,100.0,1.0,4.764199637252492
75,2050,7,4,8.661686022710631E18,138.08233446799318,3.223751806738785E-5,1.0,-9.675262547061566,2.0,279.0712050224163,224.89705882352942,-105.52102472532002,0.0,0.0,5.779411764705882,0.0,0.0,107.0,324.2773701015899,1203.2109816844538,0.055056458726990054,100.0,1.0,5.068818654070255
70,2050,11,4,2.52771244661108E18,116.03286186255374,9.132064894236489E-5,1.0,-1.3703910035031392,10.0,406.1989860548691,306.6350267379679,-13.121684491544803,0.0,0.0,5.627005347593583,0.0,0.0,88.0,0.0,1025.945608302852,0.09559958351272903,100.0,1.0,4.248961879638147
67,2050,11,4,8.815097190336754E18,119.32096192801629,1.6673383000444686E-4,2.0,-42.59618764107389,7.0,406.8346333929043,306.79545454545456,-331.74402463522654,0.0,0.0,5.659090909090909,0.0,0.0,88.0,0.0,1112.2230593916825,0.09311064608081775,100.0,1.0,4.369367526886044
73,2050,11,4,2.957751204712242E18,125.66987569021869,5.8338021784851574E-5,1.0,29.307483039733146,3.0,403.4812667577441,306.0735294117647,412.67418578016674,0.0,0.0,5.514705882352941,0.0,0.0,88.0,0.0,993.1475080517336,0.08767794441318677,100.0,1.0,4.601855910949715
60,2050,11,5,3.5299406018237317E18,122.67715030400866,0.01987900761611018,1.0,19.003316539993175,6.0,394.2449281909012,314.1483957219251,223.4193905168216,0.0,0.0,5.629679144385027,0.0,0.0,88.0,0.0,949.3631119676162,0.08776080638481647,100.0,1.0,4.492266473284248
71,2050,11,5,6.50369789014244E18,127.45058762909436,6.888603372018458E-5,1.0,-3.992097450940679,5.0,357.93145414230224,308.3355614973262,-38.907500962003795,0.0,0.0,5.6671122994652405,0.0,0.0,88.0,2.498833835679761,1027.3188254493227,0.07669308218400941,100.0,1.0,4.66706310333856
69,2050,11,5,3.317868809496197E18,119.02743128922725,1.8459816893349478E-4,1.0,-4.7397024191976875,8.0,425.04382691093855,308.49598930481284,-46.989088459656784,0.0,0.0,5.699197860962567,0.0,0.0,88.0,0.0,1054.0091924722446,0.09751800792238557,100.0,1.0,4.358618843498426
68,2050,11,5,2.2093098651697398E18,125.53131660611498,5.642738788360103E-5,1.0,12.058528533013599,5.0,400.4728633047031,314.6229946524064,150.7570028093437,0.0,0.0,5.724598930481283,0.0,0.0,88.0,0.0,1094.3738236680028,0.08712026308656148,100.0,1.0,4.5967820701688975
65,2050,11,5,8.237168610376572E18,123.7008517597432,9.036274003737501E-5,2.0,1.650045219651016,7.0,378.19101685141163,314.6163101604278,16.4541830674178,0.0,0.0,5.723262032085562,0.0,0.0,88.0,0.0,948.7901910958323,0.08349042811421843,100.0,1.0,4.529752995565317
64,2050,11,5,5.156518253817723E18,121.83405351089415,0.004105536475859185,2.0,9.650863587002403,7.0,396.0584375272217,314.52941176470586,102.90928854978803,0.0,0.0,5.705882352941177,0.0,0.0,88.0,0.0,957.2273806518821,0.08877460431274037,100.0,1.0,4.461393442340379
79,2050,11,5,2.819594302524464E18,119.49748404034888,6.501570729733148E-5,1.0,23.313209899398082,9.0,361.7847548119669,308.2152406417112,287.29096013066743,0.0,0.0,5.643048128342246,0.0,0.0,88.0,0.0,942.3332664939915,0.08267794431361829,100.0,1.0,4.37583152091477
78,2050,11,5,4.687141051879245E18,129.61851256387928,0.005404841657452466,1.0,8.955829763429106,2.0,415.08911229787384,314.2352941176471,102.47903092994672,0.0,0.0,5.647058823529412,0.0,0.0,88.0,0.0,1033.9818867998229,0.08745255007835717,100.0,1.0,4.746449496623661
77,2050,11,5,5.866154019238748E17,119.11050448798757,0.01987900761611018,2.0,-28.268634701170022,8.0,418.8579621560413,308.1016042780749,-217.37698029117897,0.0,0.0,5.620320855614973,0.0,0.0,88.0,0.0,988.6431119385901,0.09603175826690356,100.0,1.0,4.36166086839625
76,2050,11,5,5.182538500345593E18,117.86832162117297,7.303931319083166E-5,1.0,10.650015748585028,9.0,397.8697716630728,314.8368983957219,115.02671232752928,0.0,0.0,5.767379679144385,0.0,0.0,88.0,17.111663337038415,959.0001552427422,0.09218112719240276,100.0,1.0,4.316173860975133
75,2050,11,5,8.661686022710631E18,127.48009334907636,5.187770555508048E-5,1.0,-0.9151786100942062,3.0,435.8446889573879,313.86764705882354,-8.604201578850034,0.0,0.0,5.573529411764706,0.0,0.0,88.0,7.913662540591995,1019.5250206223911,0.09336574233285642,100.0,1.0,4.668143561731307
63,2050,11,6,3.212672331395627E18,122.95272479470815,0.02065431992563085,2.0,-0.37155731763537286,6.0,396.4833468913073,316.1096256684492,-3.2784957809992625,0.0,0.0,5.721925133689839,0.0,0.0,88.0,0.0,1063.119473595992,0.08806127360196174,100.0,1.0,4.50235762752442
62,2050,11,6,2.853793568557007E18,131.55749323327743,3.1012492380827115E-4,1.0,28.15107836547198,3.0,399.4677037007228,316.1029411764706,358.80009210183226,0.0,0.0,5.720588235294118,0.0,0.0,88.0,0.0,914.2020171087848,0.08292094687077635,100.0,1.0,4.817452269608686
61,2050,11,6,1.9955042617296404E18,126.98017769884115,3.1012492380827115E-4,1.0,26.881983044596602,4.0,361.57800964309394,321.8355614973262,368.4689841497044,0.0,0.0,5.6671122994652405,0.0,0.0,88.0,0.0,999.9976305334129,0.07776143178722873,100.0,1.0,4.649837346519618
66,2050,11,6,6.646488575717851E18,122.94423154554073,3.1012492380827115E-4,2.0,-2.7378534570617616,7.0,399.4172073904,316.1564171122995,-25.734461731150844,0.0,0.0,5.731283422459893,0.0,0.0,88.0,0.0,984.3682118572921,0.08871902967884958,100.0,1.0,4.502046616562806
74,2050,11,6,7.887265943744844E18,127.60886608322751,7.960085313353979E-5,2.0,-1.578244805085119,4.0,368.056326621264,316.3636363636364,-16.351719619317237,0.0,0.0,5.7727272727272725,0.0,0.0,88.0,0.0,1090.6824616841152,0.07876469704536145,100.0,1.0,4.672859039999817
72,2050,11,6,3.00978221914696E18,121.76634788303733,8.038489471443005E-5,1.0,12.129329884201525,9.0,399.9161771340058,316.4438502673797,138.29941237355794,0.0,0.0,5.788770053475936,0.0,0.0,88.0,9.335912790287443,996.7606011143434,0.08968914024758912,100.0,1.0,4.458914156496842
