id_sim,year,month,day,seed,Straw Value,Salinity Exposure,Max Flood Continuous,Profit Margin,Flood Stress,Methane Emissions,Labor Intensity,Net Income,AWD Adoption,Salinity Stress,Pesticide Usage,Resilient Varieties,Drought Stress,Fertilizer Usage,Water Usage,Production Cost,Emission Intensity,Water Reliability,Biodiversity,Avg Yield
217,2027,3,4,4.974214387304059E17,49.86271752321427,0.02602242639447387,0.0,47.13697449526815,0.0,60.900000000000986,259.80645161290323,839.49934351477,100.0,0.0,6.161290322580645,0.0,0.0,143.0,803.9439177447853,940.7339947356573,0.007985772285815162,100.0,1.0,7.626062680020998
218,2027,3,4,7.278710821350941E18,49.88311576558527,0.02602242639447387,0.0,48.9762601521881,0.0,52.19999999999926,259.3024193548387,897.3002767782531,100.0,0.0,6.060483870967742,0.0,0.0,143.0,816.855142482082,934.3022038598518,0.006842148632246384,100.0,1.0,7.629182411207162
200,2027,3,4,5.096996787781837E17,50.06981028163523,0.02602242639447387,0.0,48.83557890650535,0.0,40.59999999999924,256.1975806451613,813.4694140175078,100.0,0.0,5.439516129032258,0.0,0.0,143.0,611.8787877086324,851.5420994806677,0.005301828326657361,100.0,1.0,7.657735690132444
207,2027,3,5,8.507560024639921E18,50.79888424323343,0.04396892735617978,0.0,40.24723808057815,0.0,57.99999999999999,260.4092741935484,626.7793023721669,100.0,0.0,5.981854838709677,0.0,0.0,143.0,816.911552390202,929.8587016057094,0.007465336589184693,100.0,1.0,7.769241119553366
210,2027,3,5,2.9539370702862316E18,51.97063850924691,0.04396892735617978,0.0,46.3808572367322,0.0,49.300000000000615,249.74899193548387,776.1489406265579,100.0,0.0,3.849798387096774,0.0,0.0,143.0,810.8477878670694,896.9462337638819,0.006202466682967632,100.0,1.0,7.948450595531863
212,2027,3,5,1.0005304447219302E18,50.675369345034994,0.04396892735617978,0.0,46.15762945559705,0.0,46.400000000000844,256.26108870967744,787.6019855804313,100.0,0.0,5.152217741935484,0.0,0.0,143.0,812.8025017961266,918.1308218976145,0.005986825933501467,100.0,1.0,7.750350605711239
201,2027,3,5,6.307363977605812E18,50.5706514839296,0.04396892735617978,0.0,46.954657363223184,0.0,49.300000000000615,258.1159274193548,824.1047029558636,100.0,0.0,5.523185483870968,0.0,0.0,143.0,814.2978056689832,930.4779487866821,0.0063741744349208726,100.0,1.0,7.734334932836304
204,2027,3,5,3.1730362057635645E18,50.32791026300418,0.01682055369402443,0.0,43.22332238143644,0.0,46.400000000000844,260.63608870967744,705.7079457735756,100.0,0.0,6.027217741935484,0.0,0.0,143.0,811.4006586293779,926.2579465889443,0.006028158407515636,100.0,1.0,7.697209804930045
205,2027,3,5,3.0688222562761073E18,51.45025516792925,0.04396892735617978,0.0,49.73255704221622,0.0,49.300000000000615,247.07762096774192,884.7250477141606,100.0,0.0,3.315524193548387,0.0,0.0,143.0,814.7563982517174,893.8542027553547,0.006265200294809955,100.0,1.0,7.868862555095064
215,2027,3,6,2.797545246119503E18,52.070851206867886,0.43171541764987004,0.0,43.64210587548297,0.0,60.900000000000986,252.70060483870967,727.3348493415147,100.0,0.0,4.140120967741935,0.0,0.0,143.0,821.0247380412259,938.7856118196173,0.0076471249934127105,100.0,1.0,7.963777243403331
219,2027,3,6,8.617806463867117E18,51.660343225133154,0.06101810326980058,0.0,48.99936836295756,0.0,49.300000000000615,257.5090725806452,883.7286864972024,100.0,0.0,5.101814516129032,0.0,0.0,143.0,822.0691121428972,919.2339111430841,0.006239721490842395,100.0,1.0,7.900993669726253
209,2027,3,6,1.481964993321812E18,51.11763563341178,0.05324441821099522,0.0,39.86846963826665,0.0,55.099999999999056,257.8971774193548,622.3296547580248,100.0,0.0,5.179435483870968,0.0,0.0,143.0,822.2584212222066,937.9520883198928,0.007047846135781445,100.0,1.0,7.817991332168849
211,2027,3,6,6.492828447697523E18,51.29829329188213,0.06101810326980058,0.0,48.4485942110558,0.0,40.59999999999924,251.1985887096774,788.7483708491725,100.0,0.0,3.839717741935484,0.0,0.0,143.0,612.691695195689,838.8162915240696,0.005174861022199782,100.0,1.0,7.845621326993741
213,2027,3,6,2.861374886328272E18,51.689718401113716,0.06101810326980058,0.0,50.722301363078905,0.0,46.400000000000844,255.36693548387098,895.9203139259777,100.0,0.0,4.673387096774194,0.0,0.0,143.0,608.411742158246,869.9316570869642,0.0058693416170377865,100.0,1.0,7.905486343699753
214,2027,3,6,4.281117921937587E18,51.63249661401309,0.06101810326980058,0.0,43.82849118807478,0.0,55.099999999999056,254.1320564516129,727.8387641459975,100.0,0.0,4.426411290322581,0.0,0.0,143.0,823.9906626911763,932.1418610105543,0.006977567508743088,100.0,1.0,7.896734776260812
202,2027,3,6,8.834479670273441E18,51.02174191125999,0.06101810326980058,0.0,53.50792050927837,0.0,81.19999999999848,255.56854838709677,979.192063234482,100.0,0.0,4.713709677419355,0.0,0.0,143.0,612.2865124964541,850.3364811209284,0.010405820284350133,100.0,1.0,7.803325233486828
203,2027,3,6,6.605295447056412E18,52.04351641789859,0.06101810326980058,0.0,52.23431980593656,0.0,34.79999999999966,251.66229838709677,918.5581364962461,100.0,0.0,3.932459677419355,0.0,0.0,143.0,612.4106318004864,839.5970201996693,0.004372080850789807,100.0,1.0,7.959596628619783
206,2027,3,6,4.898224502314156E18,51.35292854499394,0.06101810326980058,0.0,48.103515297039095,0.0,52.19999999999926,256.0272177419355,798.3080328652138,100.0,0.0,4.805443548387097,0.0,0.0,143.0,616.6337656433361,860.7788422671578,0.006646314085255011,100.0,1.0,7.853977306881428
216,2027,3,7,4.898742477016446E18,51.94871365051384,0.4486710106500155,0.0,49.53724996714116,0.0,57.99999999999999,247.3709677419355,882.5662165538449,100.0,0.0,2.774193548387097,0.0,0.0,143.0,820.9715939371293,898.6530109620869,0.007300099320688737,100.0,1.0,7.94509738184328
208,2027,3,7,5.859174576972996E18,52.17106646406263,0.024783263232832153,0.0,48.97055989373979,0.0,52.19999999999926,245.60181451612902,853.9969093618382,100.0,0.0,2.4203629032258065,0.0,0.0,143.0,819.5259378480254,889.2826121020927,0.006542087701864256,100.0,1.0,7.979104282739003
212,2027,7,13,1.0005304447219302E18,40.73809705732354,0.00897325048085301,0.0,42.51105499058523,0.0,169.18470781825312,239.9485887096774,576.0645082547181,100.0,0.09879032258064516,6.089717741935484,0.0,0.0,100.1000000000013,460.53593829647025,778.0387826922031,0.02722288571907951,90.12096774193549,1.0,6.214796975020097
201,2027,7,13,6.307363977605812E18,41.60659639752869,0.0013741578071750445,0.0,44.93072230422722,0.0,172.51606001250863,239.4798387096774,640.9329833773938,100.0,0.0,5.995967741935484,0.0,0.0,100.1000000000013,472.18785336594874,784.5907350317045,0.027179479392728995,100.0,1.0,6.347290818920535
215,2027,7,14,2.797545246119503E18,41.03527608689278,0.0017932155237516002,0.0,41.360711361473896,0.0,108.90545305534991,246.98487903225808,542.1511731930063,100.0,0.09879032258064516,5.996975806451613,0.0,0.0,143.0,245.81075557405515,767.5459119437844,0.017396667350251287,90.12096774193549,1.0,6.260133096916222
216,2027,7,14,4.898742477016446E18,41.759978555197776,0.00897325048085301,0.0,40.83264919689077,0.0,272.9723843466686,247.8266129032258,577.8373850836635,100.0,0.10685483870967742,6.165322580645161,0.0,0.0,143.0,458.22116416548886,836.1313886938818,0.04284816612368772,89.31451612903226,1.0,6.3706900211013116
207,2027,7,14,8.507560024639921E18,41.43362777415859,0.0037513588966776776,0.0,33.96116058434176,0.0,254.1674471447983,246.9798387096774,426.18580194987805,100.0,0.0,5.995967741935484,0.0,0.0,143.0,480.21061852527407,827.6001256057868,0.040210619086063895,100.0,1.0,6.320903605109802
208,2027,7,14,5.859174576972996E18,41.77159915748773,0.002706046586505737,0.0,42.078949507127945,0.0,337.8773770429276,246.8891129032258,586.2183052321994,100.0,0.0,5.977822580645161,0.0,0.0,143.0,408.7888113424592,806.0412152372189,0.053021474991458366,100.0,1.0,6.372462801107643
209,2027,7,14,1.481964993321812E18,41.75515159667942,0.0026548078345719046,0.0,40.41594225733508,0.0,333.99309822138645,247.8165322580645,514.1924849687229,100.0,0.0,6.163306451612903,0.0,0.0,143.0,228.89888257405212,757.096002576172,0.052432579080291676,100.0,1.0,6.369953644849936
211,2027,7,14,6.492828447697523E18,40.83062948864129,0.0017656927353114958,0.0,39.09128161849076,0.0,266.1566074410738,249.1673387096774,500.48188799196737,100.0,0.0,6.433467741935484,0.0,0.0,143.0,275.0,778.7768329162913,0.042729220437040555,100.0,1.0,6.228913252308049
213,2027,7,14,2.861374886328272E18,42.175961912727644,0.0014543355722614311,0.0,46.00365714429065,0.0,115.33804866971703,249.02116935483872,661.5097288905264,100.0,0.0,6.404233870967742,0.0,0.0,143.0,275.0,775.6892672547433,0.017925917611973794,100.0,1.0,6.434150327271159
200,2027,7,14,5.096996787781837E17,42.53182141664859,0.00897325048085301,0.0,44.743700434241354,0.0,91.87064652362966,248.77923387096774,625.3388198656843,100.0,0.03024193548387097,6.355846774193548,0.0,0.0,143.0,275.0,771.3261865451055,0.014159130477462617,96.9758064516129,1.0,6.48843844400347
203,2027,7,14,6.605295447056412E18,41.192670591979834,0.001159634334563588,1.0,42.49682299237583,1.0,282.86046165577636,241.94254032258064,584.3847955598462,100.0,0.10685483870967742,6.188508064516129,0.0,0.0,100.1000000000013,476.9411761840464,789.8074390494477,0.04501176986748316,89.31451612903226,1.0,6.2841444024203295
204,2027,7,14,3.1730362057635645E18,42.11075991563551,0.0014782949721339426,0.0,41.846730806503196,0.0,261.9359787834321,241.85685483870967,564.6784160743813,100.0,0.10685483870967742,6.171370967741935,0.0,0.0,100.1000000000013,476.7790683464296,783.7634683335972,0.04077330071268439,89.31451612903226,1.0,6.424203442081033
205,2027,7,14,3.0688222562761073E18,41.0042166094346,0.0012431768468901352,0.0,44.08035811493055,0.0,124.95569539913363,247.96774193548387,617.4176287875376,100.0,0.10685483870967742,6.193548387096774,0.0,0.0,143.0,275.0,782.3346480607114,0.019975668838810703,89.31451612903226,1.0,6.255394820941232
206,2027,7,14,4.898224502314156E18,42.05734242312805,0.003066729487646275,0.0,41.676435568934565,0.0,132.08102764206623,248.29032258064515,559.6094507943283,100.0,0.0030241935483870967,6.258064516129032,0.0,0.0,143.0,275.0,782.1748732550592,0.020586020725865645,99.69758064516128,1.0,6.416054340998056
218,2027,7,15,7.278710821350941E18,42.43148095638115,0.00897325048085301,0.0,50.252228500947666,0.0,181.00433163017775,250.02217741935485,773.5372866958525,100.0,0.0,6.304435483870968,0.0,0.0,143.0,222.65435557404996,764.9815428432652,0.027962408184272633,100.0,1.0,6.473131013514889
219,2027,7,15,8.617806463867117E18,42.730537499591485,0.0014091159674706395,0.0,46.63146667424179,0.0,242.88074258415804,242.44959677419354,687.0838378968363,100.0,0.0,5.98991935483871,0.0,0.0,100.1000000000013,475.66498010058734,785.5838604475716,0.037258770464778095,100.0,1.0,6.518753559346811
210,2027,7,15,2.9539370702862316E18,42.49482820759676,0.0015025536639070697,0.0,41.63061830370226,0.0,137.15551734473806,251.4133064516129,562.7436037439802,100.0,0.0,6.582661290322581,0.0,0.0,143.0,273.76999999999623,788.1951088685985,0.021156849544479266,100.0,1.0,6.482794948103597
214,2027,7,15,4.281117921937587E18,42.00151857704279,0.0021853995325993836,0.0,40.86359658427045,0.0,173.1047815718194,252.54737903225808,550.8433251536588,100.0,0.0,6.809475806451613,0.0,0.0,143.0,271.15373957404734,796.09176470312,0.027015801985217008,100.0,1.0,6.407538138847109
202,2027,7,15,8.834479670273441E18,42.5168502914185,0.0024719698294361062,0.0,48.002539340644475,0.0,184.12913339272217,250.85887096774192,723.026979691653,100.0,0.0030241935483870967,6.471774193548387,0.0,0.0,143.0,275.0,782.4772056474856,0.02838802755560084,99.69758064516128,1.0,6.486154525251412
217,2027,7,16,4.974214387304059E17,42.83297516793104,0.00897325048085301,0.0,47.46649806043565,0.0,178.07616812994016,251.50201612903226,717.2149569860952,100.0,0.10685483870967742,6.300403225806452,0.0,0.0,143.0,275.0,792.9215355286494,0.02725218655881787,89.31451612903226,1.0,6.534380929236698
215,2027,11,17,2.797545246119503E18,43.26749424162852,0.004289316673447916,0.0,37.09238280793264,0.0,945.7287684521687,369.8477822580645,511.2216342379984,100.0,0.0,3.569556451612903,0.0,0.0,88.0,0.0,866.233949705013,0.1436402956531903,100.0,1.0,6.584007392574338
216,2027,11,17,4.898742477016446E18,43.41185130505305,0.006354993258394501,0.0,40.32993011135234,0.0,957.1982614752314,371.50100806451616,591.7323275908847,100.0,0.0,3.900201612903226,0.0,0.0,88.0,0.0,874.4575488628047,0.144898880161673,100.0,1.0,6.605974182873076
211,2027,11,17,6.492828447697523E18,42.983863957198594,0.003864448958162356,0.0,34.96933705534267,0.0,942.5212288158009,373.22479838709677,470.05236965830744,100.0,0.0,4.244959677419355,0.0,0.0,88.0,0.0,873.2696135683897,0.14409772440430668,100.0,1.0,6.540847419431085
212,2027,11,17,1.0005304447219302E18,42.86795874159496,0.006214162382862221,0.0,38.24749432900975,0.0,869.8495230780503,374.47983870967744,544.0372207477019,100.0,0.0,4.495967741935484,0.0,0.0,88.0,0.0,877.264288606225,0.13334684980746883,100.0,1.0,6.523210142076635
201,2027,11,17,6.307363977605812E18,43.22447854429276,0.0045182530115070625,0.0,41.118741469701085,0.0,881.9953344779678,370.93649193548384,607.66100458894,100.0,0.0,3.787298387096774,0.0,0.0,88.0,0.0,869.5562727193865,0.13409357204372907,100.0,1.0,6.577461701074989
203,2027,11,17,6.605295447056412E18,43.07688050960193,0.00897325048085301,0.0,38.5439270488964,0.0,948.1817641509729,374.17237903225805,552.780650470355,100.0,0.0,4.434475806451613,0.0,0.0,88.0,0.0,880.6416107181357,0.14465011647796291,100.0,1.0,6.555001732718453
217,2027,11,18,4.974214387304059E17,43.73895263957981,0.0037171708702787992,0.0,41.73281543545357,0.0,1150.2807388265535,378.6179435483871,642.2069302539678,100.0,0.0,3.8235887096774195,0.0,0.0,88.0,0.0,895.9785180499198,0.1728251343155434,100.0,1.0,6.655749138469501
218,2027,11,18,7.278710821350941E18,43.5858791625428,0.00897325048085301,0.0,43.826771742113216,0.0,1039.7274457773956,378.6733870967742,691.2353593031156,100.0,0.0,3.8346774193548385,0.0,0.0,88.0,0.0,885.1514586352384,0.15676356541465208,100.0,1.0,6.632455972963068
219,2027,11,18,8.617806463867117E18,43.69591837201888,0.00897325048085301,0.0,42.11001838456673,0.0,1056.748960514072,372.1945564516129,632.9493624013054,100.0,0.0,3.7389112903225805,0.0,0.0,88.0,0.0,869.1879534859044,0.1589287225225226,100.0,1.0,6.6492006211420644
209,2027,11,18,1.481964993321812E18,43.28672300518291,0.002502300747588688,0.0,33.15904388999923,0.0,922.2955082933992,378.88004032258067,436.2531259447587,100.0,0.0,3.876008064516129,0.0,0.0,88.0,0.0,878.3392722217411,0.1400189508592514,100.0,1.0,6.586933430321877
210,2027,11,18,2.9539370702862316E18,43.94706801386609,0.00897325048085301,0.0,36.64250757559472,0.0,1011.9021620779858,377.52923387096774,511.00782393839273,100.0,0.0,3.6058467741935485,0.0,0.0,88.0,0.0,882.5719458037914,0.15131432774268258,100.0,1.0,6.687418020313152
213,2027,11,18,2.861374886328272E18,44.115283434498345,0.0035807064967490186,0.0,41.497066597493465,0.0,966.7045520162885,377.398185483871,622.8094248077618,100.0,0.0,3.5796370967741935,0.0,0.0,88.0,0.0,876.6797706177127,0.14400452018708806,100.0,1.0,6.713015332854576
214,2027,11,18,4.281117921937587E18,43.49374690232244,0.0047377246467017135,0.0,36.66483817841187,0.0,1034.8779939966648,375.9818548387097,510.62467820638363,100.0,0.0,3.2963709677419355,0.0,0.0,88.0,0.0,880.643511632023,0.1563629170459449,100.0,1.0,6.618436222269898
202,2027,11,18,8.834479670273441E18,44.29190088948488,0.003388689758630293,0.0,45.121051247706596,0.0,1018.0762585775527,372.539314516129,706.2305862325665,100.0,0.0,2.6078629032258065,0.0,0.0,88.0,0.0,858.1685262264803,0.15105232876196864,100.0,1.0,6.739891181564358
204,2027,11,18,3.1730362057635645E18,44.034855696440985,0.004564216928206018,0.0,38.48567877784955,0.0,965.6836833334553,375.8659274193548,541.6133227837612,100.0,0.0,3.2731854838709675,0.0,0.0,88.0,0.0,864.8813476132779,0.1441151873453755,100.0,1.0,6.700776657349591
205,2027,11,18,3.0688222562761073E18,43.67975753384122,0.00897325048085301,0.0,39.788400002225195,0.0,939.4389128813281,379.00100806451616,592.0262609248205,100.0,0.0,3.900201612903226,0.0,0.0,88.0,0.0,895.2965564681648,0.14133826671368008,100.0,1.0,6.64674142908815
206,2027,11,18,4.898224502314156E18,44.00464830466886,0.003918449991638875,0.0,35.85454661124686,0.0,950.3464602864839,380.15020161290323,502.6056422032618,100.0,0.0,4.130040322580645,0.0,0.0,88.0,0.0,897.7611381086094,0.141923672867091,100.0,1.0,6.696180003574642
207,2027,11,19,8.507560024639921E18,44.52810526364909,0.00897325048085301,0.0,36.12304200382242,0.0,951.9639341510564,375.2590725806452,485.89538310380004,100.0,0.0,2.8518145161290325,0.0,0.0,88.0,0.0,858.1285573114335,0.14049397953293152,100.0,1.0,6.775834361841233
208,2027,11,19,5.859174576972996E18,44.45113199448673,0.00897325048085301,0.0,40.18574877781406,0.0,931.2396778600327,383.58770161290323,594.2074711908994,100.0,0.0,3.317540322580645,0.0,0.0,88.0,0.0,883.6218460242648,0.13767341379001083,100.0,1.0,6.764121352292643
200,2027,11,19,5.096996787781837E17,43.41294319289123,0.00897325048085301,1.0,38.52168454000841,1.0,969.6353085076599,382.17641129032256,548.0942429877085,100.0,0.0,3.035282258064516,0.0,0.0,88.0,0.0,873.9066148964664,0.1467778853155371,100.0,1.0,6.60614033526357
215,2028,3,5,2.797545246119503E18,50.995632542288575,0.07986192927959196,0.0,45.054014222546634,0.0,92.80000000000169,261.7953629032258,745.263513626157,100.0,0.0,6.259072580645161,0.0,0.0,143.0,614.7590169031937,908.3139117462352,0.011989014793396037,100.0,1.0,7.740419175320322
210,2028,3,5,2.9539370702862316E18,50.30790084109467,0.07986192927959196,0.0,37.57730482503134,0.0,55.099999999999056,260.0836693548387,589.7988816815448,100.0,0.0,6.216733870967742,0.0,0.0,143.0,814.6808130112404,978.7029809090635,0.007215790333004365,100.0,1.0,7.636031183996117
211,2028,3,5,6.492828447697523E18,50.447018857042245,0.07986192927959196,0.0,42.93319679452142,0.0,78.30000000000146,262.48084677419354,682.02597913963,100.0,0.0,6.39616935483871,0.0,0.0,143.0,608.0562555033636,905.7434159186943,0.010225740281339438,100.0,1.0,7.657147340509726
212,2028,3,5,1.0005304447219302E18,50.32505795636729,0.07986192927959196,0.0,49.861926100269095,0.0,95.69999999999828,262.9344758064516,877.7156556202548,100.0,0.0,6.486895161290323,0.0,0.0,143.0,604.2534770128519,881.9442291121507,0.01252841575511626,100.0,1.0,7.638635392580825
203,2028,3,5,6.605295447056412E18,50.77663029491596,0.07986192927959196,0.0,44.44596762301226,0.0,46.400000000000844,259.491935483871,756.454289797241,100.0,0.0,5.798387096774194,0.0,0.0,143.0,813.038053138262,944.9431655501896,0.006020362018876447,100.0,1.0,7.707177716973948
216,2028,3,6,4.898742477016446E18,51.61483308813711,0.09691110519321282,0.0,45.34248835263062,0.0,60.900000000000986,256.7278225806452,776.6310953825641,100.0,0.0,4.945564516129032,0.0,0.0,143.0,818.5648607034238,935.5666629108006,0.007773404516043959,100.0,1.0,7.834405101948073
218,2028,3,6,7.278710821350941E18,50.98587356983446,0.09691110519321282,0.0,47.97570567312213,0.0,52.19999999999926,260.9788306451613,887.2499587449137,100.0,0.0,6.095766129032258,0.0,0.0,143.0,815.8855126892373,961.5056031042853,0.0067451116251297785,100.0,1.0,7.738937900674833
208,2028,3,6,5.859174576972996E18,50.62777251905895,0.09691110519321282,0.0,43.82309708327539,0.0,55.099999999999056,260.59274193548384,727.3052968049267,100.0,0.0,6.318548387096774,0.0,0.0,143.0,816.5387222288504,931.6546254807639,0.007170200198443587,100.0,1.0,7.684583202008703
209,2028,3,6,1.481964993321812E18,50.975789380773925,0.09691110519321282,0.0,42.12777671565053,0.0,55.099999999999056,258.6905241935484,676.9830133737711,100.0,0.0,5.638104838709677,0.0,0.0,143.0,815.5124641122535,929.2126947775422,0.007121248517631134,100.0,1.0,7.737407262726443
213,2028,3,6,2.861374886328272E18,50.708516851821265,0.09691110519321282,0.0,48.078204213003126,0.0,63.800000000001134,259.28024193548384,898.1853857602896,100.0,0.0,5.756048387096774,0.0,0.0,143.0,815.9208085862614,969.3533137503597,0.008289117070414019,100.0,1.0,7.696839055117182
214,2028,3,6,4.281117921937587E18,50.244363983778165,0.46524649478188757,0.0,37.96529830805407,0.0,52.19999999999926,259.4163306451613,594.2031273955926,100.0,0.0030241935483870967,5.783266129032258,0.0,0.0,143.0,817.192663268526,970.0943083538688,0.00684465642045585,99.69758064516128,1.0,7.626387183437729
200,2028,3,6,5.096996787781837E17,50.15067445164443,0.09691110519321282,0.0,42.03883456029476,0.0,46.400000000000844,260.320564516129,677.6730366822828,100.0,0.0,6.264112903225806,0.0,0.0,143.0,824.3629443988879,933.6189825392305,0.006095505191436541,100.0,1.0,7.612166431288963
202,2028,3,6,8.834479670273441E18,50.698579161164126,0.04826250258626148,0.0,47.373082020431376,0.0,55.099999999999056,264.2953629032258,873.0732897811228,100.0,0.0,6.759072580645161,0.0,0.0,143.0,812.6379368153008,969.0433048089008,0.007160186154506365,100.0,1.0,7.695330653564236
205,2028,3,6,3.0688222562761073E18,51.136120342958264,0.4530664531157623,0.0,47.192337703004114,0.0,40.59999999999924,260.33870967741933,852.6004938052386,100.0,0.0,5.967741935483871,0.0,0.0,143.0,803.1585309777873,953.4782651780102,0.005230783693030242,100.0,1.0,7.761743245872835
206,2028,3,6,4.898224502314156E18,51.84226764338989,0.04401049282162256,0.0,41.050916314494174,0.0,46.400000000000844,255.57056451612902,660.7583645035709,100.0,0.0,5.014112903225806,0.0,0.0,143.0,819.6439997955832,948.2389051235766,0.005896611208769538,100.0,1.0,7.868926465932501
217,2028,3,7,4.974214387304059E17,51.879137007856514,0.11396028110683346,0.0,47.52103706582729,0.0,49.300000000000615,258.6532258064516,876.9352571625681,100.0,0.0,5.330645161290323,0.0,0.0,143.0,823.7507965329498,967.7726333178,0.0062606969050869425,100.0,1.0,7.874522716463621
219,2028,3,7,8.617806463867117E18,51.68763390332439,0.11396028110683346,0.0,52.06328368106247,0.0,49.300000000000615,263.40625,957.5196620679396,100.0,0.0,6.28125,0.0,0.0,143.0,608.763583237227,881.0490182673685,0.006283892838104524,100.0,1.0,7.845455240906285
201,2028,3,7,6.307363977605812E18,52.40505614946501,0.07380847221945168,0.0,48.840834590258346,0.0,49.300000000000615,263.0967741935484,861.5549150785608,100.0,0.0,5.919354838709677,0.0,0.0,143.0,614.5033770452725,901.8226806063607,0.006197866701588957,100.0,1.0,7.954349839011784
207,2028,3,8,8.507560024639921E18,51.81205155924971,0.13100945702045438,0.0,44.37270681385062,0.0,49.300000000000615,257.8618951612903,747.4666990739325,100.0,0.0,5.172379032258065,0.0,0.0,143.0,821.2282160241455,936.4868823446964,0.006268803159285138,100.0,1.0,7.864340089699441
204,2028,3,8,3.1730362057635645E18,52.15632329504748,0.10720904829824386,0.0,46.11982921483013,0.0,107.30000000000186,262.023185483871,752.4449711269983,100.0,0.0,5.704637096774194,0.0,0.0,143.0,614.1657785009115,878.3889866437308,0.01355380572164198,100.0,1.0,7.916595693021559
217,2028,7,12,4.974214387304059E17,41.26139133473895,0.00897325048085301,0.0,50.266855053174616,0.0,162.27912986470872,239.4647177419355,736.0740178417033,100.0,0.10685483870967742,5.992943548387097,0.0,0.0,100.39999999999868,257.24435557404695,727.3906171040455,0.025976689516391954,89.31451612903226,1.0,6.247105881690831
218,2028,7,12,7.278710821350941E18,41.33635178312237,0.0013192076566970092,0.0,51.433535849515884,0.0,218.76054035804452,240.16532258064515,769.3916040929009,100.0,0.0,6.133064516129032,0.0,0.0,100.39999999999868,275.0,725.6912977666716,0.034954399407582104,100.0,1.0,6.258455131990975
208,2028,7,12,5.859174576972996E18,42.16603538367731,0.001727618498431464,0.0,42.653280244574724,0.0,304.80765011309546,241.00201612903226,582.3205081932705,100.0,0.0,6.300403225806452,0.0,0.0,100.39999999999868,476.36693396593915,782.1009445532504,0.04774502173806873,100.0,1.0,6.3840718679589985
209,2028,7,12,1.481964993321812E18,41.169510620256865,0.0014744085574848872,0.0,43.07441282862827,0.0,260.2744275067831,241.3548387096774,552.1336867911405,100.0,0.0,6.370967741935484,0.0,0.0,100.39999999999868,275.0,728.8656415748632,0.04175618343400979,100.0,1.0,6.233194849287722
203,2028,7,12,6.605295447056412E18,41.29581928244877,0.0013329249080292714,0.0,46.30461872998695,0.0,227.91212927943837,240.58870967741936,633.0637632227807,100.0,0.0,6.217741935483871,0.0,0.0,100.39999999999868,269.7544142014809,733.3640248518833,0.036452418980824165,100.0,1.0,6.252318382473652
215,2028,7,13,2.797545246119503E18,42.17994216755684,0.0014095586680573408,0.0,45.697299822820845,0.0,235.56609279541448,243.39415322580646,623.7796526918031,100.0,0.0,6.47883064516129,0.0,0.0,100.39999999999868,274.41000000000196,740.4925582402868,0.03688686957276842,100.0,1.0,6.3861773992694735
216,2028,7,13,4.898742477016446E18,41.835871073841936,0.0014131103119453595,0.0,43.416653000805226,0.0,165.4275505483665,247.46875,595.4272641856368,100.0,0.0,6.09375,0.0,0.0,143.0,265.9538169681056,775.0344546367235,0.026117044245099356,100.0,1.0,6.334083941348286
210,2028,7,13,2.9539370702862316E18,42.17156311093655,0.0016592548966074439,0.0,39.53556784297502,0.0,153.94697676901671,249.33870967741936,518.8764086111003,100.0,0.10685483870967742,6.467741935483871,0.0,0.0,143.0,275.0,792.6349089824324,0.024111069083417726,89.31451612903226,1.0,6.3849087834472265
212,2028,7,13,1.0005304447219302E18,41.76156467372975,0.0030772463926107673,0.0,49.21520521089262,0.0,131.62107276604948,242.44657258064515,710.0793626545478,100.0,0.0846774193548387,6.289314516129032,0.0,0.0,100.39999999999868,275.0,731.9028649776232,0.02081678542837816,91.53225806451613,1.0,6.322833716036632
213,2028,7,13,2.861374886328272E18,42.30399274029824,0.0017457685760414398,0.0,50.048620006628724,0.0,282.4206758081136,248.70866935483872,778.1645217005503,100.0,0.09879032258064516,6.341733870967742,0.0,0.0,143.0,240.9443555740521,775.9161612902809,0.04409406423679075,90.12096774193549,1.0,6.404959050530669
214,2028,7,13,4.281117921937587E18,41.7205649588243,0.002094596284045989,0.0,39.54656341753306,0.0,333.6792971014732,248.6733870967742,512.7927397877446,100.0,0.0,6.334677419354839,0.0,0.0,143.0,260.6311808340528,782.8511836884135,0.052825556715730644,100.0,1.0,6.316626228798618
200,2028,7,13,5.096996787781837E17,42.12081215364351,0.0018663166557514657,0.0,42.95339717722696,0.0,214.0494024266236,248.19959677419354,574.4121613268767,100.0,0.0,6.23991935483871,0.0,0.0,143.0,248.2894107962139,761.9768949738791,0.0335646625097236,100.0,1.0,6.37722492709748
202,2028,7,13,8.834479670273441E18,42.802731185108364,0.0020916667787536235,0.0,53.1982821267241,0.0,407.29257507038517,241.09576612903226,825.5991761185379,100.0,0.0,6.019153225806452,0.0,0.0,100.39999999999868,275.0,725.7026713388033,0.06284923745711073,100.0,1.0,6.4804696373337505
204,2028,7,13,3.1730362057635645E18,42.22749204426696,0.003857803302172414,0.0,39.59125246432447,0.0,370.8591586139439,249.95866935483872,516.5602050008962,100.0,0.0030241935483870967,6.591733870967742,0.0,0.0,143.0,275.0,787.3172078019263,0.05800677509085554,99.69758064516128,1.0,6.393376601837807
206,2028,7,13,4.898224502314156E18,41.844709486397086,0.0015513918535361407,0.0,34.33963615946562,0.0,385.0815085630269,248.84475806451613,445.3076678686378,100.0,0.04233870967741935,6.368951612903226,0.0,0.0,143.0,464.97250420757416,850.1265839579287,0.06078229708669545,95.76612903225806,1.0,6.335422105120092
219,2028,7,14,8.617806463867117E18,41.926430934785564,0.0018486300949429367,0.0,46.34018172898335,0.0,290.2783154580752,251.86693548387098,682.8825368059375,100.0,0.0,6.673387096774194,0.0,0.0,143.0,275.0,789.8361438403114,0.04572899972495355,100.0,1.0,6.347794992324645
207,2028,7,14,8.507560024639921E18,43.12040468419164,0.0036595638176399074,0.0,44.075808478035135,0.0,241.86402606211408,251.56451612903226,616.54258179054,100.0,0.0030241935483870967,6.612903225806452,0.0,0.0,143.0,275.0,781.388162742986,0.03704703462754578,99.69758064516128,1.0,6.528566415469044
211,2028,7,14,6.492828447697523E18,42.59056095509201,0.0016144747176777665,0.0,35.993357659983836,0.0,250.7908552332734,251.8266129032258,481.68843811969293,100.0,0.10685483870967742,6.665322580645161,0.0,0.0,143.0,481.4390190931031,855.4266245777205,0.038892274092803464,89.31451612903226,1.0,6.448346389692834
201,2028,7,14,6.307363977605812E18,42.8287367000494,0.004390044266562156,0.0,45.26286661063265,0.0,163.27699090282948,250.6522177419355,651.008694991068,100.0,0.10685483870967742,6.430443548387097,0.0,0.0,143.0,275.0,786.5013689595721,0.02517994198015926,89.31451612903226,1.0,6.484406955007478
205,2028,7,14,3.0688222562761073E18,43.40835582601236,0.0020283115915128926,0.0,43.803604668016256,0.0,341.69570305212113,249.50302419354838,663.5878308642035,100.0,0.0,6.200604838709677,0.0,0.0,143.0,468.8515397158792,850.394972044726,0.05199136054231137,100.0,1.0,6.5721631341815705
202,2028,11,15,8.834479670273441E18,43.09330579164673,0.0022937756852896276,0.0,43.30341027879662,0.0,967.8957805854562,373.0100806451613,674.8591114711915,100.0,0.0,4.502016129032258,0.0,0.0,88.0,0.0,883.0377644444866,0.14872354188741932,100.0,1.0,6.508019969818454
205,2028,11,15,3.0688222562761073E18,42.709734664932775,0.00897325048085301,0.0,39.67404352095509,0.0,1062.6194825865973,373.0756048387097,589.7839145740907,100.0,0.0,4.515120967741935,0.0,0.0,88.0,0.0,896.0783257742881,0.16474484539445977,100.0,1.0,6.450092444727454
215,2028,11,16,2.797545246119503E18,42.98346579200628,0.004063972138067492,1.0,35.57945811977648,1.0,960.7908664783981,376.3094758064516,493.6810701441054,100.0,0.0,4.861895161290323,0.0,0.0,88.0,0.0,893.0765161341311,0.14800908372580285,100.0,1.0,6.491431757380043
216,2028,11,16,4.898742477016446E18,42.775457172933955,0.004798529668905341,0.0,35.75548701234317,0.0,955.342705324827,376.4858870967742,500.07436579502746,100.0,0.0,4.897177419354839,0.0,0.0,88.0,0.0,897.6348220195894,0.1478854564793703,100.0,1.0,6.46001796301109
218,2028,11,16,7.278710821350941E18,43.43475074710551,0.006945240310257765,0.0,43.72503607015281,0.0,840.7455676368533,373.72379032258067,685.4263975877741,100.0,0.0,4.344758064516129,0.0,0.0,88.0,0.0,881.5935725257724,0.12817053202351453,100.0,1.0,6.559585533144293
210,2028,11,16,2.9539370702862316E18,43.431308254990036,0.002959515330096638,0.0,34.247495137303325,0.0,960.6417944745112,371.6320564516129,461.8625530243857,100.0,0.0,3.9264112903225805,0.0,0.0,88.0,0.0,885.4219759654402,0.14646015863190642,100.0,1.0,6.559065642478656
212,2028,11,16,1.0005304447219302E18,42.74909302684755,0.00897325048085301,1.0,39.927377155446514,1.0,942.5873405026681,375.2006048387097,588.1957126613223,100.0,0.0,4.640120967741935,0.0,0.0,88.0,0.0,884.1646527469708,0.14600093323634816,100.0,1.0,6.456036407498819
213,2028,11,16,2.861374886328272E18,42.697243816679986,0.005092650670177652,0.0,42.62306159081131,0.0,956.9677555876709,375.3568548387097,667.1772937970617,100.0,0.0,4.671370967741935,0.0,0.0,88.0,0.0,897.3967173446025,0.14840837081684877,100.0,1.0,6.448206056844784
201,2028,11,16,6.307363977605812E18,43.41160630372172,0.00897325048085301,0.0,40.02387106391039,0.0,1054.9891115852483,367.5725806451613,582.2003830457976,100.0,0.0,4.314516129032258,0.0,0.0,88.0,0.0,871.2009441833949,0.1609174181281606,100.0,1.0,6.556090222284177
206,2028,11,16,4.898224502314156E18,43.11959793400481,0.007843750420326099,0.0,32.44233017778508,0.0,952.5829485212704,374.6965725806452,432.3394970438297,100.0,0.0,4.539314516129032,0.0,0.0,88.0,0.0,899.1985752714523,0.14628137531860588,100.0,1.0,6.511990651212513
217,2028,11,17,4.974214387304059E17,43.96051306687861,0.00897325048085301,0.0,41.82920921956864,0.0,877.4398073474437,382.773185483871,650.9011858330022,100.0,0.0,3.4546370967741935,0.0,0.0,88.0,0.0,904.3666245508168,0.1321647123866367,100.0,1.0,6.638986999650615
219,2028,11,17,8.617806463867117E18,43.67815037589819,0.002754220528193068,0.0,41.58502530474067,0.0,1041.6671451524346,380.7046370967742,636.7484082164332,100.0,0.0,4.240927419354839,0.0,0.0,88.0,0.0,893.6348575417724,0.1579158279081447,100.0,1.0,6.596344134410287
207,2028,11,17,8.507560024639921E18,44.016915409328476,0.0036358389306535783,0.0,38.84679029059276,0.0,1063.2090641862324,373.2227822580645,553.4408506113439,100.0,0.0,3.944556451612903,0.0,0.0,88.0,0.0,869.9576388725485,0.15994107093181453,100.0,1.0,6.647504971624804
208,2028,11,17,5.859174576972996E18,43.58702885631892,0.0035664747539161422,1.0,38.175067707356774,1.0,890.0650454625724,377.16129032258067,537.376873499186,100.0,0.0,3.532258064516129,0.0,0.0,88.0,0.0,869.4708869028575,0.135215168610534,100.0,1.0,6.582582816771574
209,2028,11,17,1.481964993321812E18,43.94724171379625,0.0073430854998797175,0.0,35.033922434493654,0.0,826.8314902267949,379.2328629032258,478.2064966711078,100.0,0.0,3.9465725806451615,0.0,0.0,88.0,0.0,885.7762820154227,0.12457942453398949,100.0,1.0,6.636982738680153
203,2028,11,17,6.605295447056412E18,43.65390365547683,0.003977504645768194,0.0,38.34561681399692,0.0,874.9803558979947,377.41834677419354,552.918849589959,100.0,0.0,3.5836693548387095,0.0,0.0,88.0,0.0,887.8945923991172,0.1327199322918649,100.0,1.0,6.592682355908847
204,2028,11,17,3.1730362057635645E18,43.8178024461568,0.0025405578937862444,0.0,33.642523559558434,0.0,964.4889854217183,380.4475806451613,454.2905000734081,100.0,0.0,4.189516129032258,0.0,0.0,88.0,0.0,895.2817307697293,0.14574968122284246,100.0,1.0,6.617434613438865
211,2028,11,18,6.492828447697523E18,44.48821276108829,0.002433093948170558,0.0,36.95492626103245,0.0,1056.46640844761,378.1975806451613,515.1163444969245,100.0,0.0,3.439516129032258,0.0,0.0,88.0,0.0,878.054724885724,0.15724312559902642,100.0,1.0,6.718681051543223
214,2028,11,18,4.281117921937587E18,44.34634689773087,0.007708978076334214,0.0,35.324972699223146,0.0,956.4440934277405,377.45665322580646,485.6723780305246,100.0,0.0,3.2913306451612905,0.0,0.0,88.0,0.0,888.0450210251465,0.14281133330964013,100.0,1.0,6.697256241939855
200,2028,11,18,5.096996787781837E17,44.372362771949774,0.002385234045947105,0.0,37.92568057705133,0.0,965.6560437537994,378.21774193548384,532.9233113282708,100.0,0.0,3.443548387096774,0.0,0.0,88.0,0.0,871.3537322248064,0.1441022766580648,100.0,1.0,6.701185200877641
210,2029,3,2,2.9539370702862316E18,48.65071278779973,0.026919751442559193,0.0,42.945949344270005,0.0,55.099999999999056,259.351814516129,668.0842098711662,100.0,0.0,6.670362903225806,0.0,0.0,143.0,611.5936732592905,886.9314148280645,0.007518283472306299,100.0,1.0,7.328800543762505
216,2029,3,3,4.898742477016446E18,49.411398347443466,0.044866252404265256,0.0,47.02828638569325,0.0,40.59999999999924,262.6159274193548,793.7989580904314,100.0,0.0,7.023185483870968,0.0,0.0,143.0,608.2871356599902,893.4794613571065,0.005454503115328072,100.0,1.0,7.443391110348147
202,2029,3,3,8.834479670273441E18,50.86333972265261,0.02378910519844383,0.0,48.82196817962285,0.0,69.59999999999933,260.2903225806452,867.4201375576166,100.0,0.0,6.258064516129032,0.0,0.0,143.0,613.2639022302378,908.6923442516123,0.009083655851883794,100.0,1.0,7.662113265284647
218,2029,3,4,7.278710821350941E18,49.816768099408314,0.06371007841405614,0.0,47.95187345514038,0.0,40.59999999999924,263.62701612903226,845.334412120911,100.0,0.0,6.925403225806452,0.0,0.0,143.0,613.1422654991139,916.9518838588217,0.005410118650833304,100.0,1.0,7.504456486133765
213,2029,3,4,2.861374886328272E18,50.05586223105532,0.06371007841405614,0.0,55.10068001822579,0.0,34.79999999999966,262.09979838709677,1107.7133356538613,100.0,0.0,6.619959677419355,0.0,0.0,143.0,619.795963123218,902.1411191759463,0.0046150945456232785,100.0,1.0,7.540473907084356
205,2029,3,4,3.0688222562761073E18,50.660006722681956,0.027700034093068107,0.0,50.28966458865454,0.0,46.400000000000844,259.3155241935484,920.9206529371185,100.0,0.0,5.763104838709677,0.0,0.0,143.0,619.4984052202965,909.7741503941209,0.006080076486464133,100.0,1.0,7.631482943232636
217,2029,3,5,4.974214387304059E17,50.2006193802314,0.08165657937576246,0.0,50.23432505117075,0.0,49.300000000000615,262.3266129032258,910.7003559787914,100.0,0.0,6.665322580645161,0.0,0.0,143.0,611.8621963743759,901.6487526610604,0.00651919766028794,100.0,1.0,7.562280294140236
212,2029,3,5,1.0005304447219302E18,50.81602544803457,0.08165657937576246,0.0,48.800366221772144,0.0,49.300000000000615,261.0796370967742,875.8872601965697,100.0,0.0,6.115927419354839,0.0,0.0,143.0,607.4964818704168,918.2498707186809,0.00644024709770503,100.0,1.0,7.654985787357223
201,2029,3,5,6.307363977605812E18,50.427836324172596,0.08165657937576246,0.0,47.6598489348317,0.0,60.900000000000986,263.4032258064516,832.9579262956154,100.0,0.0,6.580645161290323,0.0,0.0,143.0,606.9943738409663,914.0999307655946,0.00801684087196294,100.0,1.0,7.596508521577963
215,2029,3,6,2.797545246119503E18,51.460764349291246,0.0987057552893831,0.0,46.46955093173451,0.0,60.900000000000986,260.4274193548387,764.5238287832789,100.0,0.0,5.685483870967742,0.0,0.0,143.0,611.910000330586,880.0248593663083,0.00785592566375965,100.0,1.0,7.75211001307461
219,2029,3,6,8.617806463867117E18,51.53194019538597,0.0987057552893831,0.0,54.407158360994515,0.0,89.89999999999921,255.42943548387098,1021.2835914736735,100.0,0.0,4.985887096774194,0.0,0.0,143.0,605.531368614177,855.3327086430288,0.011580825103124793,100.0,1.0,7.762832026169014
207,2029,3,6,8.507560024639921E18,50.20552850912697,0.0987057552893831,0.0,43.268890157756076,0.0,55.099999999999056,264.85483870967744,676.660106024218,100.0,0.0,6.870967741935484,0.0,0.0,143.0,613.8155161577242,886.3733953791357,0.0072854496452903865,100.0,1.0,7.56301981108578
208,2029,3,6,5.859174576972996E18,50.57450359009372,0.0987057552893831,0.0,43.87816684835994,0.0,55.099999999999056,262.86391129032256,700.9482226358538,100.0,0.0,6.472782258064516,0.0,0.0,143.0,605.1246547934126,895.8109654842804,0.007232297381166605,100.0,1.0,7.618602650864885
209,2029,3,6,1.481964993321812E18,50.945103438748376,0.0987057552893831,0.0,38.22864164845312,0.0,52.19999999999926,257.375,586.5208139523596,100.0,0.0,5.375,0.0,0.0,143.0,815.4514979236968,946.9976464455187,0.006801807862754483,100.0,1.0,7.674430247557766
211,2029,3,6,6.492828447697523E18,50.26731439488815,0.04810221992660004,0.0,41.68453019860151,0.0,55.099999999999056,263.86391129032256,684.4537145647861,100.0,0.0,6.972782258064516,0.0,0.0,143.0,819.8629308993701,956.7670679908719,0.007276494761487225,100.0,1.0,7.572327309521391
200,2029,3,6,5.096996787781837E17,50.19953574673618,0.0987057552893831,0.0,42.60745168534299,0.0,89.89999999999921,259.49395161290323,702.6108545675082,100.0,0.0,6.098790322580645,0.0,0.0,143.0,815.1601142969072,945.7481311360618,0.011888205294134657,100.0,1.0,7.562117054317158
203,2029,3,6,6.605295447056412E18,51.085372927519195,0.0987057552893831,0.0,46.2189371765114,0.0,40.59999999999924,259.35584677419354,776.0893553732227,100.0,0.0,5.77116935483871,0.0,0.0,143.0,612.1556902325248,902.4558967771823,0.005275768987753865,100.0,1.0,7.6955606081767645
204,2029,3,6,3.1730362057635645E18,51.51030632445385,0.4557334467306937,0.0,41.614402078828284,0.0,55.099999999999056,257.3346774193548,674.4607384358192,100.0,0.0,5.366935483870968,0.0,0.0,143.0,810.3164669155751,945.6501677312376,0.007100906128659352,100.0,1.0,7.7595730744298566
214,2029,3,7,4.281117921937587E18,50.930539528182,0.04535468750042347,0.0,41.64006114215324,0.0,60.900000000000986,259.65826612903226,690.4213965079481,100.0,0.0,5.831653225806452,0.0,0.0,143.0,821.7008967752248,966.8144381001874,0.007937711696625218,100.0,1.0,7.672236322956037
206,2029,3,7,4.898224502314156E18,52.97465422252581,0.1166522562510895,0.0,45.13722735158729,0.0,95.69999999999828,255.8891129032258,733.6332785317993,100.0,0.0030241935483870967,4.477822580645161,0.0,0.0,143.0,620.8334464817277,891.209772333673,0.011992234501780781,99.69758064516128,1.0,7.980164162549302
216,2029,7,12,4.898742477016446E18,40.55435167480208,0.0021153348611157616,0.0,46.800158478859125,0.0,156.25791984101045,238.55947580645162,640.4122951366331,100.0,0.0,6.111895161290323,0.0,0.0,100.69999999999821,275.0,727.1195604999682,0.025642224246285032,100.0,1.0,6.093774016645558
207,2029,7,12,8.507560024639921E18,40.615342688480084,0.001555695298344841,0.0,42.6050319455041,0.0,238.16499706352624,238.30745967741936,532.4354412322135,100.0,0.0,6.061491935483871,0.0,0.0,100.69999999999821,275.0,716.2333201047788,0.0390246422289488,100.0,1.0,6.102938642365143
209,2029,7,12,1.481964993321812E18,41.13306511285321,0.0018149778480689774,0.0,41.37515513057617,0.0,336.1744887113165,238.3578629032258,511.3139423677659,100.0,0.0,6.071572580645161,0.0,0.0,100.69999999999821,275.0,723.7311662489329,0.054390718794392556,100.0,1.0,6.180732598554564
212,2029,7,12,1.0005304447219302E18,40.79955554028683,0.0027901898261359004,0.0,48.82488759898382,0.0,165.24621539312523,239.33568548387098,701.9768706575658,100.0,0.0,6.267137096774194,0.0,0.0,100.69999999999821,274.5400000000017,734.886783768528,0.026954247255747653,100.0,1.0,6.130618815848718
201,2029,7,12,6.307363977605812E18,42.155711698297424,0.004845167646248938,0.0,46.29157139671802,0.0,205.26718979286957,236.45262096774192,674.687256185913,100.0,0.10685483870967742,5.690524193548387,0.0,0.0,100.69999999999821,475.87275880958117,782.1081584620144,0.03240516440591984,89.31451612903226,1.0,6.334397419547453
219,2029,7,13,8.617806463867117E18,41.69736146858864,0.00202373714047204,0.0,51.12620414178894,0.0,261.3724847529435,241.68245967741936,766.9907104250569,100.0,0.0,6.436491935483871,0.0,0.0,100.69999999999821,275.0,732.5143861738663,0.04171597612865429,100.0,1.0,6.265524842253646
208,2029,7,13,5.859174576972996E18,41.357052385990755,0.0024304578767207524,0.0,44.391217198932694,0.0,172.8257750440973,241.28427419354838,578.6163300324241,100.0,0.0,6.356854838709677,0.0,0.0,100.69999999999821,275.0,723.8381687089187,0.027810580452584745,100.0,1.0,6.214389352237871
210,2029,7,13,2.9539370702862316E18,41.70566515859496,0.004264852890139284,0.0,44.59935945976395,0.0,171.61455147508744,239.2328629032258,587.4503716969296,100.0,0.10685483870967742,5.946572580645161,0.0,0.0,100.69999999999821,275.0,728.928742911525,0.02738483797588787,89.31451612903226,1.0,6.266772570507544
213,2029,7,13,2.861374886328272E18,41.28686420852658,0.0022014844163034965,0.0,51.04585183421143,0.0,235.20699301800846,239.92842741935485,836.0850968918381,100.0,0.03024193548387097,6.085685483870968,0.0,0.0,100.69999999999821,475.9307937386328,800.9648971584594,0.03791311333221862,96.9758064516129,1.0,6.203842743194852
214,2029,7,13,4.281117921937587E18,42.33471900277803,0.0019976069636805497,0.0,47.54399691296343,0.0,104.9329368809042,238.73387096774192,653.5903258004046,100.0,0.0,5.846774193548387,0.0,0.0,100.69999999999821,248.74316417931541,720.4766663579252,0.016495529655905724,100.0,1.0,6.3612953975888935
200,2029,7,13,5.096996787781837E17,41.26631100029777,2.3617546141109172E-4,1.0,45.329302619623085,1.0,310.3962531553575,241.01209677419354,606.8977944509062,100.0,0.0,6.30241935483871,0.0,0.0,100.69999999999821,272.86435557404803,731.2008403827148,0.05005782106203888,100.0,1.0,6.2007543790343895
205,2029,7,13,3.0688222562761073E18,42.18256864954711,0.002197172008044332,0.0,51.27467139292865,0.0,134.76073650700968,240.15020161290323,779.9959061944259,100.0,0.0030241935483870967,6.130040322580645,0.0,0.0,100.69999999999821,275.0,740.5128119122049,0.021260891546762313,99.69758064516128,1.0,6.338432996123887
215,2029,7,14,2.797545246119503E18,42.65080420191998,0.0036008228253824413,0.0,45.4651968929461,0.0,308.9936623791288,241.75100806451613,612.3129846686732,100.0,0.036290322580645164,6.150201612903226,0.0,0.0,100.69999999999821,274.440000000002,733.6654730600154,0.04821403354688496,96.37096774193549,1.0,6.408790960802997
217,2029,7,14,4.974214387304059E17,42.196086550375206,0.0016969081847301476,0.0,50.605754166159315,0.0,182.1586324135092,241.49899193548387,761.6167615474774,100.0,0.0,6.099798387096774,0.0,0.0,100.69999999999821,275.0,742.7209370187456,0.028729541883159092,100.0,1.0,6.340464221613237
218,2029,7,14,7.278710821350941E18,42.15948501001233,0.00897325048085301,0.0,50.900102592637005,0.0,186.15795323724927,241.3477822580645,757.6107830482365,100.0,0.10685483870967742,6.069556451612903,0.0,0.0,100.69999999999821,275.0,730.0413842036884,0.029385793092028028,89.31451612903226,1.0,6.334964404542529
211,2029,7,14,6.492828447697523E18,42.433099308917406,0.0016969081847301476,0.0,47.707792856372805,0.0,197.6877995398294,242.06854838709677,653.089774326424,100.0,0.09879032258064516,6.213709677419355,0.0,0.0,100.69999999999821,232.49201591144742,715.0373713308544,0.03100460707101176,90.12096774193549,1.0,6.376078209507797
202,2029,7,14,8.834479670273441E18,41.67283967538044,0.0013207610363339763,0.0,48.55775543530091,0.0,194.60501833096566,243.2227822580645,705.2889196044322,100.0,0.0,6.444556451612903,0.0,0.0,100.69999999999821,275.0,746.2339261377563,0.03107792815518381,100.0,1.0,6.261840150965968
203,2029,7,14,6.605295447056412E18,41.50656755555623,0.0023162752919083734,0.0,41.43291845095217,0.0,182.8970570568067,250.29133064516128,564.0955778732766,100.0,0.023185483870967742,6.658266129032258,0.0,0.0,143.0,275.0,796.278955049276,0.029325202206464205,97.68145161290323,1.0,6.236855785993195
206,2029,7,14,4.898224502314156E18,41.45867014159888,0.0025652517097921827,0.0,41.333132908229565,0.0,229.41093783254425,242.30040322580646,524.7065644454607,100.0,0.07963709677419355,6.26008064516129,0.0,0.0,100.69999999999821,275.0,743.7156543435135,0.03682560337210724,92.03629032258065,1.0,6.229658629471544
204,2029,7,15,3.1730362057635645E18,43.544578396108605,0.002059029481609231,0.0,42.48310866133811,0.0,183.75183012728561,248.29334677419354,574.8855709270287,100.0,0.0,5.95866935483871,0.0,0.0,143.0,244.07241791390737,777.5764694626307,0.028083336349778904,100.0,1.0,6.5430911711717705
217,2029,11,15,4.974214387304059E17,42.209172370687014,0.004326543144095011,0.0,39.950056498297,0.0,949.2914585633052,368.96270161290323,600.084990587701,100.0,0.0,5.192540322580645,0.0,0.0,88.0,0.0,900.9324631335594,0.15005073041529937,100.0,1.0,6.326470094053699
209,2029,11,16,1.481964993321812E18,42.67794387101392,0.003388689758630293,0.0,31.08258825201403,0.0,800.926927136097,368.73387096774195,397.653639687972,100.0,0.0,4.846774193548387,0.0,0.0,88.0,0.0,880.5527253098762,0.12520878008622102,100.0,1.0,6.3967313361296565
214,2029,11,16,4.281117921937587E18,43.18113125232199,0.0026454158257231773,0.0,36.01726064769284,0.0,589.9971090160002,372.78326612903226,503.8160039537589,100.0,0.0,4.456653225806452,0.0,0.0,88.0,0.0,894.1962635281814,0.09115935530999714,100.0,1.0,6.472150960366624
202,2029,11,16,8.834479670273441E18,42.65420399627185,0.005700921525319596,0.0,39.07417761067765,0.0,938.2175472929732,374.5625,579.3323000751157,100.0,0.0,4.8125,0.0,0.0,88.0,0.0,902.6341200431465,0.14675303336083226,100.0,1.0,6.393173114085554
215,2029,11,17,2.797545246119503E18,43.4227354096893,0.0025362494292970666,0.0,34.69588499492483,0.0,962.3445623199708,375.88608870967744,474.5166008074241,100.0,0.0,4.777217741935484,0.0,0.0,88.0,0.0,892.3741472901885,0.14786275563721185,100.0,1.0,6.5083635035257155
216,2029,11,17,4.898742477016446E18,43.30365701046754,0.00897325048085301,0.0,38.52183126945915,0.0,799.6826663827302,375.49798387096774,561.426260202587,100.0,0.0,4.699596774193548,0.0,0.0,88.0,0.0,895.1401952876857,0.12320788018934362,100.0,1.0,6.490515583530798
219,2029,11,17,8.617806463867117E18,44.26930926040653,2.313051111216424E-4,0.0,44.10737844170814,0.0,877.9397283119945,378.4133064516129,700.787377588094,100.0,0.0,4.082661290322581,0.0,0.0,88.0,0.0,887.20297026565,0.13231446759536253,100.0,1.0,6.635251188077677
207,2029,11,17,8.507560024639921E18,43.422063284494115,0.00897325048085301,0.0,33.453021151437525,0.0,800.4070550862974,375.65423387096774,446.01704479465155,100.0,0.0,4.730846774193548,0.0,0.0,88.0,0.0,885.5815307092932,0.12298321138067367,100.0,1.0,6.508262762864218
208,2029,11,17,5.859174576972996E18,43.306708589475555,0.0033333025560375413,0.0,35.00122967532815,0.0,873.2481781675406,376.1431451612903,476.5074900020665,100.0,0.0,4.828629032258065,0.0,0.0,88.0,0.0,883.9153063835125,0.13453270916091825,100.0,1.0,6.490972965712186
210,2029,11,17,2.9539370702862316E18,43.60759074755466,0.0026930523652019967,0.0,34.762064800819005,0.0,875.1485530548042,374.34375,477.7366964491258,100.0,0.0,4.46875,0.0,0.0,88.0,0.0,895.210281162775,0.133895216894828,100.0,1.0,6.536070319391736
211,2029,11,17,6.492828447697523E18,43.419696918010395,0.005834363121490921,0.0,36.67346130081663,0.0,961.7692640376689,375.3215725806452,512.5257397474685,100.0,0.0,4.664314516129032,0.0,0.0,88.0,0.0,883.8883908715796,0.14778470313086425,100.0,1.0,6.5079080829226035
212,2029,11,17,1.0005304447219302E18,43.43003957740524,0.003963449859034012,0.0,42.41849302779986,0.0,643.7916460131222,371.929435483871,647.4667892956106,100.0,0.0,3.9858870967741935,0.0,0.0,88.0,0.0,878.1873564172189,0.09890095586221963,100.0,1.0,6.5094582797561396
213,2029,11,17,2.861374886328272E18,42.96943867547032,0.0036655434970804834,1.0,46.804783047604815,1.0,860.6766693030879,374.81754032258067,795.7268411778481,100.0,0.0,4.563508064516129,0.0,0.0,88.0,0.0,903.7508383470391,0.133636695290984,100.0,1.0,6.440421677811085
200,2029,11,17,5.096996787781837E17,43.64315277342026,0.003253535344761796,0.0,36.70061102980004,0.0,863.2921633043948,379.40625,518.3680349294538,100.0,0.0,4.28125,0.0,0.0,88.0,0.0,893.2407033982793,0.1319735987139561,100.0,1.0,6.541400490074705
201,2029,11,17,6.307363977605812E18,43.21199224478075,0.0038711175499797326,0.0,40.06626329263592,0.0,819.3101517293096,374.12701612903226,597.0922595973473,100.0,0.0,4.425403225806452,0.0,0.0,88.0,0.0,892.4477415460467,0.12649967910636778,100.0,1.0,6.4767765224162295
203,2029,11,17,6.605295447056412E18,42.19298250247695,0.0025376839595172567,2.0,35.78193446061446,2.0,947.207739379829,372.92237903225805,493.8224587906981,100.0,0.0,4.184475806451613,0.0,0.0,88.0,0.0,885.5693391854137,0.14977881478129634,100.0,1.0,6.324043495489803
204,2029,11,17,3.1730362057635645E18,43.697702023263126,0.006455575885505773,0.0,33.148834722434984,0.0,1064.4195856605588,375.45262096774195,449.0850495282951,100.0,0.0,4.690524193548387,0.0,0.0,88.0,0.0,904.7175211449864,0.16251731383788995,100.0,1.0,6.549576537563936
205,2029,11,17,3.0688222562761073E18,43.31572062458058,0.005919030660193276,0.0,42.34871975129437,0.0,884.7148218075677,372.8366935483871,659.9140065274365,100.0,0.0,4.167338709677419,0.0,0.0,88.0,0.0,897.511121808099,0.13627090383645435,100.0,1.0,6.492323723554069
206,2029,11,17,4.898224502314156E18,43.456472371424624,0.002400548550254952,0.0,32.27671441694111,0.0,937.7741563434067,374.01612903225805,428.2717811831731,100.0,0.0,4.403225806451613,0.0,0.0,88.0,0.0,897.9271809778774,0.14397568989880027,100.0,1.0,6.513420126707246
218,2029,11,18,7.278710821350941E18,43.90408766982138,0.0021832726230785965,1.0,43.183860170951036,1.0,960.3373887336603,372.9153225806452,667.7129329310084,100.0,0.0,3.8830645161290325,0.0,0.0,88.0,0.0,877.6012833978026,0.14593661140889047,100.0,1.0,6.580510397373502
215,2030,3,4,2.797545246119503E18,50.18940674351806,0.10050040538555359,0.0,41.6782295636091,0.0,46.400000000000844,258.5181451612903,650.6585011994829,100.0,0.0,6.203629032258065,0.0,0.0,143.0,611.0945164323283,909.6559203762216,0.006183651485797459,100.0,1.0,7.5036570393030475
209,2030,3,4,1.481964993321812E18,50.70566286137863,0.10050040538555359,0.0,40.09436802527142,0.0,43.49999999999999,262.2358870967742,616.3749265463387,100.0,0.0,6.647177419354839,0.0,0.0,143.0,616.9835668595034,920.2092897056469,0.005738149758587522,100.0,1.0,7.580840833737278
210,2030,3,4,2.9539370702862316E18,49.54823136230537,0.02729505849689125,0.0,37.38400285590584,0.0,43.49999999999999,261.85483870967744,552.1353425893448,100.0,0.0,6.870967741935484,0.0,0.0,143.0,610.8410573020047,924.0316455709913,0.005872191178319036,100.0,1.0,7.407796966932577
212,2030,3,4,1.0005304447219302E18,50.421480493102266,0.10050040538555359,0.0,49.11171254231665,0.0,95.69999999999828,256.9153225806452,857.3350651852614,100.0,0.0,5.883064516129032,0.0,0.0,143.0,615.2386707146678,887.809419291212,0.012695079663974627,100.0,1.0,7.538353640392686
214,2030,3,4,4.281117921937587E18,50.73629336817638,0.10050040538555359,0.0,47.336369840519055,0.0,43.49999999999999,260.08870967741933,793.9895549020297,100.0,0.0,6.217741935483871,0.0,0.0,143.0,609.5298483268222,882.7099612614716,0.005734685523746569,100.0,1.0,7.58542030245116
202,2030,3,4,8.834479670273441E18,49.70210010249663,0.02767081646078034,0.0,46.3894906877029,0.0,43.49999999999999,260.9909274193548,798.2400921694029,100.0,0.0,6.398185483870968,0.0,0.0,143.0,617.1087195454191,921.6559409965356,0.005854011933238698,100.0,1.0,7.430801388191546
203,2030,3,4,6.605295447056412E18,49.49924041814862,0.10050040538555359,0.0,42.91109066512936,0.0,78.30000000000146,262.01108870967744,734.9986555359844,100.0,0.0,6.902217741935484,0.0,0.0,143.0,819.8750802935095,977.1537709055842,0.010580405524781799,100.0,1.0,7.400472488186245
216,2030,3,5,4.898742477016446E18,50.78124145544668,0.11844690634726013,0.0,46.708505172625756,0.0,55.099999999999056,258.54637096774195,789.2477359340669,100.0,0.0,5.909274193548387,0.0,0.0,143.0,617.7418179169787,899.771573822437,0.007257505457514079,100.0,1.0,7.5921403466463975
219,2030,3,5,8.617806463867117E18,50.57806962177235,0.11844690634726013,0.0,52.57063082039556,0.0,95.69999999999828,262.07459677419354,978.7716196467416,100.0,0.0,6.61491935483871,0.0,0.0,143.0,615.9422474434451,882.4335388912555,0.01265577584162942,100.0,1.0,7.561764778197667
207,2030,3,5,8.507560024639921E18,50.54710479899944,0.03175520277406438,0.0,44.58344029639091,0.0,43.49999999999999,256.21270161290323,702.1028124140403,100.0,0.0,5.442540322580645,0.0,0.0,143.0,605.3778014955922,872.1024277190096,0.005756149402899133,100.0,1.0,7.557135326975852
208,2030,3,5,5.859174576972996E18,50.50316305998803,0.11844690634726013,0.0,43.87421979289452,0.0,84.10000000000043,262.14012096774195,704.3305332783222,100.0,0.0,6.628024193548387,0.0,0.0,143.0,622.7282210879981,900.28342910854,0.011138238234150203,100.0,1.0,7.550565738677332
213,2030,3,5,2.861374886328272E18,50.16233842863665,0.11844690634726013,0.0,51.92000436902617,0.0,55.099999999999056,261.32862903225805,991.3187757430293,100.0,0.0,6.465725806451613,0.0,0.0,143.0,617.5983106964173,917.3728224394566,0.007347048573633668,100.0,1.0,7.499610142464046
200,2030,3,5,5.096996787781837E17,50.24084399139558,0.11844690634726013,0.0,46.38418041516384,0.0,46.400000000000844,262.3366935483871,796.2204690660035,100.0,0.0,6.667338709677419,0.0,0.0,143.0,616.4013566598795,919.6478788094267,0.006177320580721147,100.0,1.0,7.5113472570633615
201,2030,3,5,6.307363977605812E18,50.0090677944669,0.11844690634726013,0.0,41.26596828167832,0.0,72.49999999999999,263.70262096774195,656.7977888156473,100.0,0.0,6.940524193548387,0.0,0.0,143.0,621.0579929566408,934.0867362998943,0.009696797665536971,100.0,1.0,7.476695142115788
206,2030,3,5,4.898224502314156E18,50.29551709618251,0.04711491899254573,0.0,40.49781743810932,0.0,46.400000000000844,261.04637096774195,659.9098742857154,100.0,0.0,6.409274193548387,0.0,0.0,143.0,809.7355489493045,968.925241836288,0.006170605602629449,100.0,1.0,7.519521257399541
217,2030,3,6,4.974214387304059E17,51.864274974035446,0.15238364776239957,0.0,50.51215548391273,0.0,81.19999999999848,256.65725806451616,923.627795376649,100.0,0.0,4.931451612903226,0.0,0.0,143.0,612.9975576786849,904.3534298227531,0.010471931778442195,100.0,1.0,7.754061210287773
218,2030,3,6,7.278710821350941E18,50.24262429134856,0.13639340730896593,0.0,50.828756661226016,0.0,60.900000000000986,260.7741935483871,914.002488224825,100.0,0.0,6.354838709677419,0.0,0.0,143.0,614.6951421548912,883.6423754596306,0.00810744597232364,100.0,1.0,7.5116134239926
211,2030,3,6,6.492828447697523E18,51.42574353739267,0.04534355296175733,0.0,45.99578838144867,0.0,87.00000000000001,260.8780241935484,771.9216132939858,100.0,0.0030241935483870967,6.075604838709677,0.0,0.0,143.0,617.2388893561532,905.6311105207077,0.011315604484959175,99.69758064516128,1.0,7.688497783361141
204,2030,3,6,3.1730362057635645E18,51.19891394354747,0.13639340730896593,0.0,42.781565444408756,0.0,101.50000000000001,263.1663306451613,668.9189738183194,100.0,0.0,6.533266129032258,0.0,0.0,143.0,607.1919304433976,894.0370968430476,0.013260026127344365,100.0,1.0,7.654585219156562
205,2030,3,6,3.0688222562761073E18,51.836992528736246,0.13639340730896593,0.0,53.146456302970314,0.0,78.30000000000146,256.73487903225805,997.7574334212939,100.0,0.0,5.246975806451613,0.0,0.0,143.0,619.3486750096882,879.176433304557,0.010103248881623554,100.0,1.0,7.749982299497598
219,2030,7,11,8.617806463867117E18,40.39324534019282,0.0012255190495565485,0.0,51.30809114021389,0.0,159.5725328347481,236.82762096774192,753.5285569454121,100.0,0.0,6.065524193548387,0.0,0.0,101.0,275.0,714.3251601748781,0.026489980580993493,100.0,1.0,6.02388259013074
209,2030,7,11,1.481964993321812E18,41.122113832444334,0.002786723751817718,0.0,41.602322951162456,0.0,279.0028946452781,236.64112903225808,517.4903431008408,100.0,0.0,6.028225806451613,0.0,0.0,101.0,273.7600000000037,725.5412634900204,0.04549519459418855,100.0,1.0,6.132579432486201
216,2030,7,12,4.898742477016446E18,41.20212291191787,0.0017832373769580711,0.0,46.47940850592447,0.0,284.71811818830776,239.3709677419355,635.7501679930253,100.0,0.0,6.274193548387097,0.0,0.0,101.0,275.0,731.2158911168797,0.04633698370242811,100.0,1.0,6.144511261603508
207,2030,7,12,8.507560024639921E18,40.9452095294047,0.0020128421895139197,0.0,43.481289114950805,0.0,272.6121236986415,239.1290322580645,553.5010176125446,100.0,0.0030241935483870967,6.225806451612903,0.0,0.0,101.0,273.58999999999793,718.4635204755774,0.044645153135065806,99.69758064516128,1.0,6.106197527733928
214,2030,7,12,4.281117921937587E18,40.635568310572005,0.0011800697633946673,0.0,44.796886162750525,0.0,317.76675257370266,239.32056451612902,594.4492530120891,100.0,0.0,6.264112903225806,0.0,0.0,101.0,275.0,731.6770008753815,0.05243658096659125,100.0,1.0,6.060020442144395
200,2030,7,12,5.096996787781837E17,42.177262986867085,0.00897325048085301,0.0,49.49669852883777,0.0,266.0473093939365,237.76814516129033,711.5335322244126,100.0,0.0,5.953629032258065,0.0,0.0,101.0,275.0,725.3192309368612,0.04229730786832465,100.0,1.0,6.289934816233833
201,2030,7,12,6.307363977605812E18,41.13374185889533,0.0018709863387933801,0.0,43.95588052092081,0.0,167.16246968074296,238.61491935483872,574.0953889604017,100.0,0.0,6.122983870967742,0.0,0.0,101.0,275.0,731.1583739860989,0.027250395473983606,100.0,1.0,6.13431353098474
202,2030,7,12,8.834479670273441E18,41.51348017574573,0.0022466826441795316,0.0,44.12743468248962,0.0,220.7596313274187,237.91935483870967,632.7057544784669,100.0,0.0,5.983870967741935,0.0,0.0,101.0,479.1938647949106,800.2191647243619,0.035658475018304686,100.0,1.0,6.190944262593827
204,2030,7,12,3.1730362057635645E18,41.25130041536296,0.002125355395749171,0.0,41.231969201588264,0.0,398.23917171464694,238.3125,513.1586107411255,100.0,0.0,6.0625,0.0,0.0,101.0,275.0,730.3983961270447,0.0647349148229318,100.0,1.0,6.151845148849628
205,2030,7,12,3.0688222562761073E18,41.412492445207256,0.0014265899015664574,0.0,50.588679695192255,0.0,114.25229501070332,237.92943548387098,749.4898136943707,100.0,0.0,5.985887096774194,0.0,0.0,101.0,275.0,731.2630304559818,0.01849974796497811,100.0,1.0,6.175883867552923
206,2030,7,12,4.898224502314156E18,41.12876666377904,0.0017478088197999666,1.0,44.95080248071215,1.0,315.6213023594192,238.55443548387098,591.6224463510528,100.0,0.0,6.110887096774194,0.0,0.0,101.0,217.52030076881235,723.7100945261376,0.05145799612444701,100.0,1.0,6.133571575467388
215,2030,7,13,2.797545246119503E18,41.62351341363206,0.002623757450541813,0.0,43.399505698592115,0.0,279.5024202918896,239.88810483870967,560.5559214023094,100.0,0.10685483870967742,6.077620967741935,0.0,0.0,101.0,275.0,730.2044806906271,0.04502762969273518,89.31451612903226,1.0,6.207353622635502
217,2030,7,13,4.974214387304059E17,42.29360926500355,0.0027109518069042275,0.0,50.58273477501068,0.0,203.58739907946585,240.03931451612902,752.5100060600349,100.0,0.01310483870967742,6.107862903225806,0.0,0.0,101.0,250.44672748376578,734.4011015497124,0.032278132069699685,98.68951612903226,1.0,6.307285645893327
208,2030,7,13,5.859174576972996E18,41.649985132059385,0.005075367919034513,0.0,45.22713416844562,0.0,163.79453401718467,241.36491935483872,597.3334395358293,100.0,0.0,6.372983870967742,0.0,0.0,101.0,275.0,722.6657837838184,0.026370405190832467,100.0,1.0,6.211301374850584
210,2030,7,13,2.9539370702862316E18,42.21300914516216,0.0026785822330904576,0.0,41.27817308392952,0.0,188.4213224961631,239.40423387096774,518.1670849487676,100.0,0.10685483870967742,5.980846774193548,0.0,0.0,101.0,275.0,736.3034967488335,0.02993063871207991,89.31451612903226,1.0,6.295265674371221
211,2030,7,13,6.492828447697523E18,40.69621039947013,0.0024304578767207524,0.0,40.04766132924138,0.0,270.2212701013569,241.21875,530.8789943492379,100.0,0.10685483870967742,6.34375,0.0,0.0,101.0,464.8445777590229,793.3296119739744,0.04452437273801244,89.31451612903226,1.0,6.069064053779625
212,2030,7,13,1.0005304447219302E18,42.0405729323917,0.0015676538226507722,0.0,48.69435659989552,0.0,116.31461770641293,239.3891129032258,700.0391039312756,100.0,0.10685483870967742,5.977822580645161,0.0,0.0,101.0,275.0,736.8605941075671,0.018552306919804116,89.31451612903226,1.0,6.269550100114507
213,2030,7,13,2.861374886328272E18,41.43597096192526,0.0014216176300464272,0.0,52.8645344283471,0.0,178.2578514050011,240.7701612903226,831.813049080031,100.0,0.0,6.254032258064516,0.0,0.0,101.0,275.0,740.8741262494772,0.028847182115850443,100.0,1.0,6.179385240787699
218,2030,7,14,7.278710821350941E18,43.060260576880886,0.0022579895523032294,0.0,48.47133990187844,0.0,385.26660995846294,249.0866935483871,737.791808937999,100.0,0.03024193548387097,6.417338709677419,0.0,0.0,143.0,275.0,783.6322098322593,0.05999526371982296,96.9758064516129,1.0,6.421617075602046
203,2030,7,14,6.605295447056412E18,42.10019383068748,0.0010903099004681688,0.0,45.54771697746433,0.0,130.08590837825972,247.5897177419355,655.3632276120572,100.0,0.0,6.117943548387097,0.0,0.0,143.0,261.4892141070744,782.6736332068874,0.020719458805600742,100.0,1.0,6.27844142063671
217,2030,11,15,4.974214387304059E17,41.69310169467988,2.4217992229442464E-4,1.0,38.830097731683246,1.0,877.8179759923917,363.8649193548387,568.1546235006145,100.0,0.0,5.372983870967742,0.0,0.0,88.0,0.0,893.9614174123474,0.14153541876196798,100.0,1.0,6.202108162541929
218,2030,11,15,7.278710821350941E18,42.53460514725982,0.0036153305724629403,0.0,40.616060341131615,0.0,962.8775217377136,370.2782258064516,609.2447881701872,100.0,0.0,5.455645161290323,0.0,0.0,88.0,0.0,889.8303442101493,0.1521785745630548,100.0,1.0,6.32728703434364
208,2030,11,15,5.859174576972996E18,42.5201293218289,0.003152934111332753,0.0,34.77856433149471,0.0,868.8661628262546,370.2328629032258,467.83139438187294,100.0,0.0,5.446572580645161,0.0,0.0,88.0,0.0,876.3589808231376,0.1373672413588166,100.0,1.0,6.325133665286993
212,2030,11,15,1.0005304447219302E18,42.06706387801755,0.00897325048085301,0.0,37.02574230743628,0.0,874.2539316490237,371.22076612903226,531.3598540924755,100.0,0.0,5.644153225806452,0.0,0.0,88.0,0.0,902.8325175520672,0.1397076740269332,100.0,1.0,6.257737362948887
206,2030,11,15,4.898224502314156E18,42.37094271058702,0.0030192632842708667,1.0,33.32752485926759,1.0,798.605754761214,367.82862903225805,450.7957634631383,100.0,0.0,4.965725806451613,0.0,0.0,88.0,0.0,900.857771487791,0.12670366511998307,100.0,1.0,6.302941229087318
219,2030,11,16,8.617806463867117E18,42.671343488845366,0.004154282630024548,0.0,43.14868787025127,0.0,737.3940499982917,370.54334677419354,667.6871295279549,100.0,0.0,5.20866935483871,0.0,0.0,88.0,0.0,879.0543273379891,0.11616844643961902,100.0,1.0,6.3476277130173
207,2030,11,16,8.507560024639921E18,42.941105615332745,0.0036926956711329333,0.0,34.80871907619526,0.0,799.2908778321613,367.7711693548387,463.44240641004944,100.0,0.0,4.654233870967742,0.0,0.0,88.0,0.0,867.1728771421754,0.12512857635722077,100.0,1.0,6.3877565069574676
209,2030,11,16,1.481964993321812E18,43.04391297536614,0.0037702733112827793,0.0,32.24937645299436,0.0,745.2411390188535,367.09576612903226,418.82658404583657,100.0,0.0,4.519153225806452,0.0,0.0,88.0,0.0,879.0274909642251,0.1163884663012887,100.0,1.0,6.403049741111692
213,2030,11,16,2.861374886328272E18,42.76721535426229,0.0036066119296033145,0.0,45.023990778086784,0.0,868.846555067933,367.84173387096774,729.3383904254658,100.0,0.0,4.668346774193548,0.0,0.0,88.0,0.0,889.7970483344003,0.13657052504882686,100.0,1.0,6.361889249216124
201,2030,11,16,6.307363977605812E18,43.2913374503799,0.00897325048085301,0.0,34.369463345337024,0.0,763.8706328403406,374.50201612903226,471.23822642338257,100.0,0.0,4.800403225806452,0.0,0.0,88.0,0.0,899.028520502454,0.11861611065942976,100.0,1.0,6.439855670479399
205,2030,11,16,3.0688222562761073E18,41.30693726662464,0.00897325048085301,1.0,38.86248144726551,2.0,804.9503908991999,370.3618951612903,573.0191496384198,100.0,0.0,5.172379032258065,0.0,0.0,88.0,0.0,900.2482557735835,0.13099990769088596,100.0,1.0,6.144663802348638
215,2030,11,17,2.797545246119503E18,44.00239265756022,0.00897325048085301,0.0,35.269485450824895,0.0,871.4088706315897,372.96774193548384,480.36073809048753,100.0,0.0,4.193548387096774,0.0,0.0,88.0,0.0,880.7409405621947,0.13312835127190667,100.0,1.0,6.545629554532599
216,2030,11,17,4.898742477016446E18,43.24360846888417,0.0049195452197659155,0.0,38.29153933063988,0.0,805.3068325189143,372.44858870967744,548.3445239289928,100.0,0.0,4.089717741935484,0.0,0.0,88.0,0.0,882.7471149660714,0.12518846846053153,100.0,1.0,6.432755687659885
210,2030,11,17,2.9539370702862316E18,43.75538716431148,0.003928743643105536,0.0,30.318264901573954,0.0,882.4463615206383,371.28225806451616,393.5141121294212,100.0,0.0,5.056451612903226,0.0,0.0,88.0,0.0,903.5250229752927,0.1355756373858881,100.0,1.0,6.508885951308027
211,2030,11,17,6.492828447697523E18,43.57550941823702,0.00352722110096424,0.0,37.67462639094748,0.0,861.6203059473703,373.27520161290323,533.4278442525367,100.0,0.0,4.255040322580645,0.0,0.0,88.0,0.0,880.9071557702512,0.1329224451543033,100.0,1.0,6.48212801793675
214,2030,11,17,4.281117921937587E18,43.30229532512202,0.002737416254073519,0.0,36.58701913941086,0.0,798.4200276235163,374.28326612903226,516.245147653713,100.0,0.0,4.456653225806452,0.0,0.0,88.0,0.0,893.3579076813674,0.12394966969118378,100.0,1.0,6.441485722493264
200,2030,11,17,5.096996787781837E17,43.97499390139001,0.0033062824174108496,0.0,40.080180779973595,0.0,817.1945667847714,375.59375,599.2151699322026,100.0,0.0,4.71875,0.0,0.0,88.0,0.0,895.1166403390837,0.12492361744253899,100.0,1.0,6.541553819161982
202,2030,11,17,8.834479670273441E18,44.00011216078847,0.00897325048085301,0.0,40.06674570009232,0.0,809.077158493897,374.3991935483871,607.363846112078,100.0,0.0,4.479838709677419,0.0,0.0,88.0,0.0,907.576234116751,0.12361211182027874,100.0,1.0,6.545290316455598
203,2030,11,17,6.605295447056412E18,43.82096837382485,0.0022659723436497517,1.0,39.63735947436287,1.0,953.5077097557405,376.148185483871,592.0460023222657,100.0,0.0,4.829637096774194,0.0,0.0,88.0,0.0,901.0071654244836,0.14627398981589657,100.0,1.0,6.518641564066481
204,2030,11,18,3.1730362057635645E18,44.341929441538184,0.00897325048085301,0.0,33.30907077827056,0.0,802.9929564536019,373.08165322580646,444.5276106123966,100.0,0.0,3.9163306451612905,0.0,0.0,88.0,0.0,888.840368359373,0.1217368383351263,100.0,1.0,6.596137762696469
219,2031,3,2,8.617806463867117E18,48.89326628327293,0.08434855452001835,0.0,49.921638300499374,0.0,52.19999999999926,259.45262096774195,882.9597851681299,100.0,0.0,6.690524193548387,0.0,0.0,143.0,612.4837747257377,885.1837225375446,0.007195125987279236,100.0,1.0,7.254911184639055
207,2031,3,3,8.507560024639921E18,50.07336735902157,0.10229505548172463,0.0,48.282425225740674,0.0,92.80000000000169,257.8225806451613,809.5385736244581,100.0,0.0,6.064516129032258,0.0,0.0,143.0,615.7700078188677,866.4990461619911,0.012489876067577255,100.0,1.0,7.430017679751304
208,2031,3,3,5.859174576972996E18,49.89282980586526,0.06837904778190142,0.0,40.12694011065704,0.0,63.800000000001134,260.8568548387097,629.9792070398589,100.0,0.0,6.671370967741935,0.0,0.0,143.0,817.8092658326501,939.2292937654936,0.008617861155316976,100.0,1.0,7.403229043744612
213,2031,3,3,2.861374886328272E18,49.856955606519875,0.06608207718457673,0.0,53.239799653954854,0.0,75.40000000000018,257.62600806451616,1031.983803263727,100.0,0.0,6.025201612903226,0.0,0.0,143.0,604.6949524511464,905.7693863524009,0.0101920733587954,100.0,1.0,7.397905935884245
205,2031,3,3,3.0688222562761073E18,49.81013973093833,0.10229505548172463,0.0,51.920265806912695,0.0,63.800000000001134,261.1693548387097,975.5673320404928,100.0,0.0,6.733870967741935,0.0,0.0,143.0,613.4200218550012,902.888028400078,0.008632167711943634,100.0,1.0,7.390959273384625
217,2031,3,4,4.974214387304059E17,51.23584066900784,0.12113888149151586,0.0,48.90586068318657,0.0,72.49999999999999,258.6471774193548,881.0927813575775,100.0,0.0,5.929435483870968,0.0,0.0,143.0,609.4715791168754,919.8866974090346,0.00953632604323874,100.0,1.0,7.602508520710922
218,2031,3,4,7.278710821350941E18,51.19352898797506,0.12113888149151586,0.0,50.596227155790395,0.0,55.099999999999056,256.55040322580646,915.2792130169394,100.0,0.0,5.51008064516129,0.0,0.0,143.0,609.397766891121,893.0989227093224,0.007253597973168185,100.0,1.0,7.596230202420882
212,2031,3,4,1.0005304447219302E18,49.747890145781874,0.03513308627944196,0.0,46.034221157527476,0.0,75.40000000000018,264.0,804.1922834679987,100.0,0.0,7.0,0.0,0.0,143.0,617.1576658396514,942.1425040856551,0.010214418088863213,100.0,1.0,7.381722516548334
200,2031,3,4,5.096996787781837E17,50.03982300227927,0.12113888149151586,1.0,44.05243205474925,1.0,113.10000000000181,258.1703629032258,709.959118270047,100.0,0.0,6.134072580645161,0.0,0.0,143.0,613.6187358412826,900.9529582386722,0.015232240598594366,100.0,1.0,7.4250402800516895
201,2031,3,4,6.307363977605812E18,49.25275412769006,0.12113888149151586,0.0,44.388460704857955,0.0,43.49999999999999,262.17540322580646,737.1485934250807,100.0,0.0,6.63508064516129,0.0,0.0,143.0,607.2901832798486,922.7341285567132,0.005952174943789351,100.0,1.0,7.308252934566211
204,2031,3,4,3.1730362057635645E18,49.64544860925466,0.12113888149151586,0.0,43.04362477184629,0.0,40.59999999999924,257.34576612903226,667.1845399838331,100.0,0.0,6.269153225806452,0.0,0.0,143.0,609.9676464246206,882.1497695341495,0.005511420471114026,100.0,1.0,7.36652197247305
206,2031,3,4,4.898224502314156E18,50.74422435548367,0.12113888149151586,0.0,41.91828307269854,0.0,101.50000000000001,259.8921370967742,666.7579001607085,100.0,0.0,6.178427419354839,0.0,0.0,143.0,613.6440822013072,923.1558754476074,0.013480201207032649,100.0,1.0,7.529561201730969
215,2031,3,5,2.797545246119503E18,51.14798105942476,0.13908538245322213,0.0,42.56383339127557,0.0,55.099999999999056,255.38104838709677,690.5606271017892,100.0,0.0030241935483870967,5.276209677419355,0.0,0.0,143.0,813.2481801495868,931.1326241111392,0.007260057394544593,99.69758064516128,1.0,7.5894716812297816
216,2031,3,5,4.898742477016446E18,51.165651102579446,0.13908538245322213,0.0,49.85553008094662,0.0,95.69999999999828,255.5625,866.0060684702196,100.0,0.0,5.3125,0.0,0.0,143.0,615.5105473612986,870.3407021037476,0.012605218656871022,100.0,1.0,7.592093608612877
209,2031,3,5,1.481964993321812E18,51.92582115546965,0.13908538245322213,0.0,47.141739240454825,0.0,95.69999999999828,256.3165322580645,741.7702346063866,100.0,0.0,5.163306451612903,0.0,0.0,143.0,404.74285820110606,830.9332421509981,0.012420684074271042,100.0,1.0,7.704889636331469
210,2031,3,5,2.9539370702862316E18,51.43482868984269,0.08961687013738551,0.0,38.370967617504135,0.0,98.60000000000124,260.5070564516129,572.487890173189,100.0,0.0,6.301411290322581,0.0,0.0,143.0,619.0673704622213,918.4557548784676,0.012919228158510338,100.0,1.0,7.632034885539973
211,2031,3,5,6.492828447697523E18,50.663631289803334,0.029962383122193383,0.0,44.44317566538997,0.0,84.10000000000043,260.6633064516129,726.5477856514378,100.0,0.0,6.332661290322581,0.0,0.0,143.0,607.4402799973689,907.5144098761422,0.011187077127418997,100.0,1.0,7.517602591107137
202,2031,3,5,8.834479670273441E18,50.47323003058058,0.13908538245322213,0.0,45.59417773219868,0.0,52.19999999999926,260.14415322580646,762.7600496052527,100.0,0.0,6.22883064516129,0.0,0.0,143.0,614.1563364363502,909.6079737803143,0.0069698969260456895,100.0,1.0,7.489350352504347
214,2031,3,6,4.281117921937587E18,51.55076986406108,0.15613455836684273,0.0,44.562979528733315,0.0,60.900000000000986,261.3921370967742,731.9479538375762,100.0,0.0,6.178427419354839,0.0,0.0,143.0,615.5963854565746,909.7977795785445,0.007961576785881774,100.0,1.0,7.649238541289291
203,2031,3,6,6.605295447056412E18,51.1811207999686,0.15613455836684273,0.0,48.06043659007772,0.0,87.00000000000001,262.9344758064516,840.0890626552762,100.0,0.0,6.486895161290323,0.0,0.0,143.0,610.5289765126474,907.1770550852605,0.01145582607216505,100.0,1.0,7.594389042915854
217,2031,7,11,4.974214387304059E17,40.54079079581782,0.0018320233729793812,0.0,48.19895447164325,0.0,150.24560087875145,236.98387096774192,685.5305671416493,100.0,0.10685483870967742,6.096774193548387,0.0,0.0,101.3000000000018,275.0,735.9324554924548,0.025039061509742156,89.31451612903226,1.0,6.000448571936058
209,2031,7,11,1.481964993321812E18,40.59654778842615,0.0012366662735464461,0.0,40.51730193087295,0.0,300.3052908397674,237.68447580645162,497.3635394008533,100.0,0.0,6.236895161290323,0.0,0.0,101.3000000000018,275.0,729.1180419521153,0.049978403352341466,100.0,1.0,6.008701172837651
211,2031,7,11,6.492828447697523E18,41.39171793568724,0.002072344221906011,0.0,45.919989719373916,0.0,118.69412907603038,236.27318548387098,611.8108849646571,100.0,0.10685483870967742,5.954637096774194,0.0,0.0,101.3000000000018,275.0,719.8516239138629,0.019374222554578137,89.31451612903226,1.0,6.126394426494441
212,2031,7,11,1.0005304447219302E18,41.58627045851044,0.0020137456195810214,0.0,45.18232570662365,0.0,272.6877749897733,235.73387096774192,658.2681581332201,100.0,0.10685483870967742,5.846774193548387,0.0,0.0,101.3000000000018,480.4634948986312,797.8991120613885,0.0443020877090559,89.31451612903226,1.0,6.1551901747969415
204,2031,7,11,3.1730362057635645E18,41.05471871229244,0.00897325048085301,0.0,37.47764390155685,0.0,266.5586857685363,236.86290322580646,474.59888235435886,100.0,0.10685483870967742,6.07258064516129,0.0,0.0,101.3000000000018,477.694689842539,790.6397010315694,0.04386703241609886,89.31451612903226,1.0,6.076515120514771
218,2031,7,12,7.278710821350941E18,41.87164807624652,0.0023490184504850868,0.0,50.62804672807778,0.0,92.1813968562715,237.88407258064515,747.2879595034035,100.0,0.10685483870967742,5.976814516129032,0.0,0.0,101.3000000000018,275.0,728.087947854175,0.014874135300991864,89.31451612903226,1.0,6.197428959122384
208,2031,7,12,5.859174576972996E18,42.23524879505729,0.004285219904896377,0.0,45.62311590534495,0.0,149.70087906161154,238.86693548387098,598.849170792853,100.0,0.014112903225806451,6.173387096774194,0.0,0.0,101.3000000000018,264.9557612730441,712.931477050791,0.023947368201997648,98.58870967741935,1.0,6.251245556458423
210,2031,7,12,2.9539370702862316E18,41.268083144029376,0.0021853995325993836,0.0,38.379520312090214,0.0,113.7938725926666,237.8991935483871,458.3687031678094,100.0,0.03024193548387097,5.979838709677419,0.0,0.0,101.3000000000018,275.0,734.868210923123,0.018630009594029995,96.9758064516129,1.0,6.108095222298327
213,2031,7,12,2.861374886328272E18,41.4421529505325,0.0017309510958435632,0.0,54.170208235834096,0.0,138.85098095244922,237.93447580645162,870.690898557369,100.0,0.0,5.986895161290323,0.0,0.0,101.3000000000018,275.0,735.9671971637277,0.02263680558905276,100.0,1.0,6.133859320663072
201,2031,7,12,6.307363977605812E18,40.71617678456147,0.0016320935760009171,0.0,45.71361311427948,0.0,333.34117628040934,239.96068548387098,626.0930226978181,100.0,0.10685483870967742,6.392137096774194,0.0,0.0,101.3000000000018,275.0,742.6512912944905,0.05531341474373968,89.31451612903226,1.0,6.026407478633138
202,2031,7,12,8.834479670273441E18,41.415553621835016,0.0025434383449129887,0.0,46.16798606142985,0.0,201.33508883170347,239.1945564516129,632.3024147105912,100.0,0.0,6.238911290322581,0.0,0.0,101.3000000000018,275.0,736.5060454990074,0.03284463935038314,100.0,1.0,6.1299223500030555
203,2031,7,12,6.605295447056412E18,41.831930228908206,0.0021993260982482946,0.0,47.98477733982629,0.0,289.2393247588679,237.74798387096774,677.0723691806754,100.0,0.0,5.949596774193548,0.0,0.0,101.3000000000018,272.0443555740569,733.1929147734423,0.0467151698791527,100.0,1.0,6.1915503145359425
216,2031,7,13,4.898742477016446E18,41.45827699033329,0.0015742544703250957,0.0,47.013170840692744,0.0,337.02323671164237,241.09274193548387,653.6520309898432,100.0,0.10685483870967742,6.318548387096774,0.0,0.0,101.3000000000018,275.0,735.7017742796954,0.05492335955515322,89.31451612903226,1.0,6.136245842230547
219,2031,7,13,8.617806463867117E18,41.72534510450312,0.001405584348504543,0.0,51.3424636234273,0.0,253.9823152621468,239.4445564516129,765.5239064550508,100.0,0.10685483870967742,5.988911290322581,0.0,0.0,101.3000000000018,275.0,724.5645303405925,0.04112558024009433,89.31451612903226,1.0,6.175774634166336
207,2031,7,13,8.507560024639921E18,42.61831723491563,0.004798529668905341,0.0,49.06698523058688,0.0,215.52367406175813,239.56048387096774,691.5180318441118,100.0,0.0,6.012096774193548,0.0,0.0,101.3000000000018,273.6000000000032,717.1767623710625,0.03416702631039841,100.0,1.0,6.307943574128531
214,2031,7,13,4.281117921937587E18,41.788919695603624,0.0013195956589489796,0.0,44.58626779320695,0.0,187.79725669562762,240.18548387096774,592.249949906698,100.0,0.0,6.137096774193548,0.0,0.0,101.3000000000018,275.0,735.267803828099,0.030362434975248553,100.0,1.0,6.1851843190020785
215,2031,7,14,2.797545246119503E18,41.99585319357355,0.00897325048085301,0.0,43.4179362756704,0.0,271.9426417087604,243.99395161290323,571.3032283822458,100.0,0.0,6.598790322580645,0.0,0.0,101.3000000000018,275.0,743.5893377274137,0.04375013537274008,100.0,1.0,6.215812577306972
200,2031,7,14,5.096996787781837E17,41.9488218199063,0.0016162194670124325,0.0,46.96003545159673,0.0,340.0493292244556,240.85887096774192,633.0055853994369,100.0,0.0,5.971774193548387,0.0,0.0,101.3000000000018,223.77065557404623,714.046203603035,0.054768475554990335,100.0,1.0,6.208851456583428
205,2031,7,14,3.0688222562761073E18,42.049422332540466,0.001681013578278955,0.0,52.33774703079961,0.0,111.85488339938799,242.1391129032258,820.0842296923703,100.0,0.10685483870967742,6.227822580645161,0.0,0.0,101.3000000000018,275.0,745.8978947634818,0.017972289824287252,89.31451612903226,1.0,6.223741353660478
206,2031,7,14,4.898224502314156E18,42.31234810300417,0.0019422620088426468,1.0,42.54456783338267,1.0,363.37320792113684,243.26310483870967,562.9636770435968,100.0,0.0,6.452620967741935,0.0,0.0,101.3000000000018,275.0,759.4353881550784,0.05802221098696241,100.0,1.0,6.262657036678364
210,2031,11,14,2.9539370702862316E18,42.39354355121147,0.002150827056772055,0.0,27.225830539612197,0.0,795.1473310049031,361.56350806451616,333.21295674827326,100.0,0.0,5.212701612903226,0.0,0.0,88.0,0.0,889.4903496572745,0.1270420228595805,100.0,1.0,6.258931596860507
204,2031,11,14,3.1730362057635645E18,40.29825466661783,0.00897325048085301,1.0,27.784854548898252,4.0,736.7393375494358,364.491935483871,344.6138636529891,100.0,0.0,5.798387096774194,0.0,0.0,88.0,0.0,894.1957504214995,0.12383036025959872,100.0,1.0,5.949585675152127
215,2031,11,15,2.797545246119503E18,42.45641267442351,0.0037576425799217103,0.0,33.74036258421719,0.0,943.1557057625729,364.8578629032258,447.7183289150781,100.0,0.0,5.571572580645161,0.0,0.0,88.0,0.0,878.2591286615559,0.15046642923149497,100.0,1.0,6.268213518322503
217,2031,11,15,4.974214387304059E17,42.83871275676132,0.00897325048085301,0.0,40.3281829564517,0.0,734.1062369354139,366.91129032258067,604.5454728497783,100.0,0.0,4.782258064516129,0.0,0.0,88.0,0.0,893.7199153287719,0.11607054287061631,100.0,1.0,6.324655841006286
219,2031,11,15,8.617806463867117E18,43.0267210756819,0.00897325048085301,0.0,42.62726137385748,0.0,849.9620886212292,368.2671370967742,653.6388811676572,100.0,0.0,5.053427419354839,0.0,0.0,88.0,0.0,879.0688291293766,0.1338014494507144,100.0,1.0,6.35241316226781
207,2031,11,15,8.507560024639921E18,42.46224545322327,0.002850460762659798,0.0,37.643625174431556,0.0,879.6411384102659,367.9899193548387,527.382822949974,100.0,0.0,4.997983870967742,0.0,0.0,88.0,0.0,872.6317361805009,0.1403143503199676,100.0,1.0,6.2690746627437965
208,2031,11,15,5.859174576972996E18,42.83127894714615,0.002667434744605537,0.0,35.20282942579106,0.0,806.8795744373585,363.06350806451616,467.41199658186866,100.0,0.0,5.212701612903226,0.0,0.0,88.0,0.0,859.5429850810109,0.12759897723854735,100.0,1.0,6.323558322328011
212,2031,11,15,1.0005304447219302E18,42.884282517934246,0.0023126934229002593,0.0,39.91289976463484,0.0,745.3221073855397,369.38104838709677,598.1869989296385,100.0,0.0,5.276209677419355,0.0,0.0,88.0,0.0,899.663346101063,0.11771867605078426,100.0,1.0,6.331383705538831
214,2031,11,15,4.281117921937587E18,42.68245494966066,0.0041351384704391885,1.0,34.17546917571502,1.0,868.2075906886829,367.51108870967744,462.5732992134605,100.0,0.0,4.902217741935484,0.0,0.0,88.0,0.0,889.9276173008396,0.13777604133202825,100.0,1.0,6.301586126983997
201,2031,11,15,6.307363977605812E18,42.14864155446936,0.0026009421683632,1.0,36.18675637625148,1.0,791.372738368248,369.7943548387097,511.7539167663389,100.0,0.0,5.358870967741935,0.0,0.0,88.0,0.0,901.5901574198537,0.12717361532608773,100.0,1.0,6.222774561681505
202,2031,11,15,8.834479670273441E18,42.441889508185255,0.0035079165288713896,1.0,35.899855907678,1.0,785.3277991109179,368.73084677419354,502.57270641799215,100.0,0.0,5.14616935483871,0.0,0.0,88.0,0.0,896.6373045882909,0.12533021213959805,100.0,1.0,6.266069335589945
205,2031,11,15,3.0688222562761073E18,42.97859918920668,0.00897325048085301,0.0,43.799851129477126,0.0,943.9838280177435,368.1915322580645,699.636962121717,100.0,0.0,5.038306451612903,0.0,0.0,88.0,0.0,896.9331921312745,0.14876878362470466,100.0,1.0,6.345308505036301
206,2031,11,15,4.898224502314156E18,42.268153333972684,0.0027815407566190386,0.0,31.248279664417915,0.0,939.3422072946095,365.09979838709677,412.12810401986457,100.0,0.0,5.619959677419355,0.0,0.0,88.0,0.0,905.5752899683893,0.15052549944820437,100.0,1.0,6.240419136545274
216,2031,11,16,4.898742477016446E18,43.16352943930536,0.0033938163694602953,0.0,38.7367451362989,0.0,849.1940923211378,368.53225806451616,559.161865961147,100.0,0.0,4.806451612903226,0.0,0.0,88.0,0.0,883.7092483017975,0.13325684576690922,100.0,1.0,6.37261138393246
209,2031,11,16,1.481964993321812E18,43.42387463756839,0.0020838946773927163,0.0,31.930318598493077,0.0,737.6205694048856,369.97379032258067,418.1788241478092,100.0,0.0,5.094758064516129,0.0,0.0,88.0,0.0,890.4289092369896,0.1150545931625773,100.0,1.0,6.411048434742581
211,2031,11,16,6.492828447697523E18,43.3466612377248,0.0031865236082574628,0.0,36.96210523775595,0.0,731.6478128859163,368.41129032258067,514.418437795772,100.0,0.0,4.782258064516129,0.0,0.0,88.0,0.0,876.6399410634872,0.11432624545948528,100.0,1.0,6.399648741593603
200,2031,11,16,5.096996787781837E17,42.480641094584456,0.0025205759777677116,1.0,34.27161074910035,2.0,945.3455165107666,374.7540322580645,466.6005592558002,100.0,0.0,4.850806451612903,0.0,0.0,88.0,0.0,894.1062913952004,0.15072976457091677,100.0,1.0,6.271790573029069
203,2031,11,16,6.605295447056412E18,43.55437468728814,0.00897325048085301,0.0,38.66630794358659,0.0,799.0594855427781,370.02923387096774,566.8781635975442,100.0,0.0,5.105846774193548,0.0,0.0,88.0,0.0,897.7712340833496,0.12426443303277462,100.0,1.0,6.430315304557235
218,2031,11,17,7.278710821350941E18,44.00922007104579,0.0036836003615981264,0.0,41.45116376287544,0.0,790.84365082462,379.5977822580645,641.4568778080453,100.0,0.0,4.319556451612903,0.0,0.0,88.0,0.0,905.3471272181794,0.12171566450934898,100.0,1.0,6.49746812797358
213,2031,11,17,2.861374886328272E18,43.68797045386438,0.0039425529353484205,1.0,45.72323534917236,1.0,805.9429598590109,379.633064516129,772.8340753949491,100.0,0.0,4.326612903225806,0.0,0.0,88.0,0.0,916.6418633947942,0.12495163704991397,100.0,1.0,6.450039222271764
219,2032,2,28,8.617806463867117E18,47.264802500417524,0.062407945073601964,0.0,42.49418409789552,0.0,46.400000000000844,256.88608870967744,717.2942689179292,100.0,0.0,6.777217741935484,0.0,0.0,143.0,816.6427496327086,969.9697790385713,0.006666074094239548,100.0,1.0,6.960618700607777
208,2032,2,29,5.859174576972996E18,48.07277364432927,0.08524587956810362,0.0,37.669968881273334,0.0,34.79999999999966,258.72379032258067,543.3039420288374,100.0,0.0,6.844758064516129,0.0,0.0,143.0,614.0470724963416,898.166597326958,0.004915526788330107,100.0,1.0,7.079607435487469
216,2032,3,1,4.898742477016446E18,49.204043140603034,0.10408970557789549,0.0,46.02773940296615,0.0,43.49999999999999,259.61391129032256,758.3691033269496,100.0,0.0,6.722782258064516,0.0,0.0,143.0,617.7684850033863,888.6426219417349,0.006003139974767532,100.0,1.0,7.246207848365972
210,2032,3,1,2.9539370702862316E18,48.63951898998353,0.10408970557789549,0.0,30.784104731029654,0.0,69.59999999999933,259.5131048387097,413.64392112304114,100.0,0.0,6.702620967741935,0.0,0.0,143.0,607.0948085938707,929.0700489952724,0.009716502611248758,100.0,1.0,7.163071198007365
211,2032,3,1,6.492828447697523E18,49.61060342779679,0.10408970557789549,0.0,42.70468324888895,0.0,55.099999999999056,258.0665322580645,681.7757445209381,100.0,0.0,6.413306451612903,0.0,0.0,143.0,616.5855655922757,913.9943867491279,0.007541662494015207,100.0,1.0,7.30608139037307
212,2032,3,1,1.0005304447219302E18,49.73415879986603,0.06794367204823439,0.0,49.665624751750535,0.0,52.19999999999926,257.7086693548387,885.5500706814192,100.0,0.0,6.341733870967742,0.0,0.0,143.0,614.8442363666954,896.9332353951557,0.0071269831140282095,100.0,1.0,7.324277210262047
214,2032,3,1,4.281117921937587E18,49.468379803375285,0.10408970557789549,0.0,41.23052466397283,0.0,43.49999999999999,259.5383064516129,642.1642192935467,100.0,0.0,6.707661290322581,0.0,0.0,143.0,611.0638647609936,914.4981653323763,0.005971061908063255,100.0,1.0,7.285136324119849
203,2032,3,1,6.605295447056412E18,49.26076264052889,0.10408970557789549,0.0,46.34804736774967,0.0,46.400000000000844,258.02620967741933,803.122943363971,100.0,0.0,6.405241935483871,0.0,0.0,143.0,620.2436549589008,929.0175883108151,0.006395976404517954,100.0,1.0,7.254560846601165
204,2032,3,1,3.1730362057635645E18,49.122032996561025,0.06911667037044819,0.0,42.06731805744398,0.0,87.00000000000001,259.74495967741933,648.8245217053732,100.0,0.0,6.748991935483871,0.0,0.0,143.0,610.5686714565788,892.8340333284785,0.012026324656319472,100.0,1.0,7.234130333766113
217,2032,3,2,4.974214387304059E17,50.773524617130185,0.12293353158768677,0.0,50.87732305637694,0.0,52.19999999999926,256.5070564516129,922.4751892495754,100.0,0.0,5.801411290322581,0.0,0.0,143.0,609.2866579730353,890.1029809468928,0.0069810893104209635,100.0,1.0,7.477343102039697
207,2032,3,2,8.507560024639921E18,49.87918077475292,0.08250572589777642,0.0,45.1287169738461,0.0,37.70000000000009,261.58266129032256,744.0623765218155,100.0,0.0,6.816532258064516,0.0,0.0,143.0,621.8596673970364,903.9708713893242,0.005132300087563667,100.0,1.0,7.345634385517099
209,2032,3,2,1.481964993321812E18,50.25980980094506,0.12293353158768677,0.0,41.4630962857212,0.0,104.39999999999851,260.33266129032256,630.5778586921994,100.0,0.0,6.566532258064516,0.0,0.0,143.0,612.5714507188046,889.4369461209158,0.014104888632124417,100.0,1.0,7.401689068442806
200,2032,3,2,5.096996787781837E17,50.691344122900155,0.12293353158768677,0.0,45.41604118577394,0.0,52.19999999999926,259.58165322580646,739.7121954545573,100.0,0.0,6.41633064516129,0.0,0.0,143.0,616.7888399422702,888.4995427048518,0.006992407009324409,100.0,1.0,7.46524050021549
202,2032,3,2,8.834479670273441E18,50.128702782485995,0.12293353158768677,0.0,43.61716346025373,0.0,34.79999999999966,261.6784274193548,712.3459250375994,100.0,0.0,6.835685483870968,0.0,0.0,143.0,607.1970243300722,920.0543351738716,0.004713926224330499,100.0,1.0,7.382381128576566
205,2032,3,2,3.0688222562761073E18,50.087261745742225,0.12293353158768677,0.0,50.8161325459852,0.0,52.19999999999926,262.47479838709677,973.8516899765409,100.0,0.0,6.994959677419355,0.0,0.0,143.0,619.1287635272575,941.942241646054,0.007076739626062192,100.0,1.0,7.376278167386189
206,2032,3,2,4.898224502314156E18,49.66360111626709,0.07343699616946622,0.0,38.07592962769594,0.0,43.49999999999999,260.9828629032258,604.9446725249911,100.0,0.0030241935483870967,6.696572580645161,0.0,0.0,143.0,819.0484741443876,982.9621623385502,0.005947590421524838,99.69758064516128,1.0,7.3138862828499045
213,2032,3,3,2.861374886328272E18,50.60082918442338,0.14088003254939202,0.0,54.218872200399076,0.0,69.59999999999933,258.80040322580646,1066.6338657453173,100.0,0.0,6.26008064516129,0.0,0.0,143.0,614.4776579819057,900.1463649543128,0.009339886734930082,100.0,1.0,7.451910496912502
201,2032,3,3,6.307363977605812E18,51.16891234970701,0.14088003254939202,0.0,50.88549706509103,0.0,95.69999999999828,262.02923387096774,932.8111721514631,100.0,0.0,6.605846774193548,0.0,0.0,143.0,610.2692455119284,899.8699735520278,0.012699767073675101,100.0,1.0,7.535571278182845
215,2032,3,4,2.797545246119503E18,51.66290334774926,0.15882653351109904,0.0,42.10602666234644,0.0,87.00000000000001,258.84173387096774,657.0308769465564,100.0,0.0,5.668346774193548,0.0,0.0,143.0,615.3878049569522,902.6946292764381,0.011434849346708626,100.0,1.0,7.608320613777203
218,2032,3,4,7.278710821350941E18,50.82664999109652,0.07278942874019188,0.0,47.875614220889865,0.0,37.70000000000009,260.43145161290323,834.7746327099884,100.0,0.0,6.286290322580645,0.0,0.0,143.0,606.3716271357869,908.2418864355662,0.005036627908837433,100.0,1.0,7.48516679857379
213,2032,7,8,2.861374886328272E18,40.48610962727896,0.001838780836240376,0.0,49.0081670994065,0.0,276.5376370493078,232.62802419354838,762.0391870347333,100.0,0.03024193548387097,5.825604838709677,0.0,0.0,101.60000000000136,476.2371812383521,791.955307821473,0.04649734661596046,96.9758064516129,1.0,5.947385327884168
219,2032,7,9,8.617806463867117E18,40.61019667038126,0.0019011123900112342,1.0,50.30095707413558,1.0,184.42798435680632,235.1209677419355,727.736222277647,100.0,0.0,6.024193548387097,0.0,0.0,101.60000000000136,275.0,718.337158899769,0.030915174108377675,100.0,1.0,5.9656136404170645
212,2032,7,9,1.0005304447219302E18,41.191204659959105,0.0020191832765195793,0.0,50.62174969256021,0.0,232.51056481974575,232.37399193548387,738.308991879214,100.0,0.10685483870967742,5.474798387096774,0.0,0.0,101.60000000000136,275.0,719.5664365335648,0.03842537968128517,89.31451612903226,1.0,6.050963367135926
200,2032,7,9,5.096996787781837E17,40.743364795509315,0.002623757450541813,0.0,44.37061679696351,0.0,106.3677528827142,234.92439516129033,573.7955273611968,100.0,0.014112903225806451,5.984879032258065,0.0,0.0,101.60000000000136,275.0,718.5516398542807,0.017771867296911548,98.58870967741935,1.0,5.985175958476751
204,2032,7,9,3.1730362057635645E18,40.007406548518574,0.002017367464220554,0.0,41.490904395604,0.0,224.9981202959972,235.4485887096774,514.9085409363103,100.0,0.0,6.089717741935484,0.0,0.0,101.60000000000136,270.2200000000005,725.0223866186296,0.03828410159608272,100.0,1.0,5.877064131472771
206,2032,7,9,4.898224502314156E18,40.99297128333032,0.006112568447447581,0.0,42.448898805341685,0.0,234.9694552897028,234.8639112903226,549.7402805047875,100.0,0.10685483870967742,5.972782258064516,0.0,0.0,101.60000000000136,275.0,744.5790511611965,0.039019525283663765,89.31451612903226,1.0,6.021843002484632
216,2032,7,10,4.898742477016446E18,40.973118517593626,0.0013270113103893847,0.0,46.70575136412927,0.0,217.87340539700563,236.47479838709677,632.9597767817506,100.0,0.10685483870967742,5.994959677419355,0.0,0.0,101.60000000000136,275.0,721.419028306898,0.03619804963871294,89.31451612903226,1.0,6.018926643053036
209,2032,7,10,1.481964993321812E18,40.80684452263524,0.00897325048085301,0.0,40.66480957949723,0.0,253.86998236097207,236.44959677419354,496.0313906921333,100.0,0.0,5.98991935483871,0.0,0.0,101.60000000000136,275.0,722.6922034161046,0.04235047728646794,100.0,1.0,5.994501092484501
211,2032,7,10,6.492828447697523E18,41.43365530137038,0.0034118823121114064,0.0,45.1544266454949,0.0,202.56717979685095,237.07459677419354,600.6367537093188,100.0,0.10685483870967742,6.11491935483871,0.0,0.0,101.60000000000136,275.0,728.7737475483772,0.03328095674474575,89.31451612903226,1.0,6.086579221579361
202,2032,7,10,8.834479670273441E18,41.88400829748399,0.0014234217133332896,0.0,46.00810670422172,0.0,235.91245614150017,237.26612903225808,626.2646113810615,100.0,0.0,6.153225806451613,0.0,0.0,101.60000000000136,275.0,734.2351188147684,0.03834269234235996,100.0,1.0,6.1527358077792185
203,2032,7,10,6.605295447056412E18,41.32694619846747,0.002850460762659798,0.0,48.58126693245676,0.0,99.04159964842944,237.8608870967742,704.5738861188469,100.0,0.10685483870967742,6.272177419354839,0.0,0.0,101.60000000000136,275.0,744.9498846985086,0.01631414435933099,89.31451612903226,1.0,6.070903718084479
205,2032,7,10,3.0688222562761073E18,40.39862056813129,0.003557989881385016,0.0,52.04200615399579,0.0,124.43832888376289,236.48991935483872,802.5688736115167,100.0,0.023185483870967742,5.997983870967742,0.0,0.0,101.60000000000136,275.0,738.7697940890607,0.020968511575738785,97.68145161290323,1.0,5.934533237339645
215,2032,7,11,2.797545246119503E18,41.27166266721027,0.0022786314070221045,0.0,41.237040462266286,0.0,236.18478564920758,238.43850806451613,512.9089727015161,100.0,0.0,6.087701612903226,0.0,0.0,101.60000000000136,275.0,729.9772226220726,0.038956499221225474,100.0,1.0,6.0627826003554794
217,2032,7,11,4.974214387304059E17,41.96023060882542,0.0014270436515351507,0.0,50.29269947031053,0.0,95.15670679341443,237.18850806451613,744.2971395794403,100.0,0.10685483870967742,5.837701612903226,0.0,0.0,101.60000000000136,272.670000000005,734.9560951678935,0.01543766124247241,89.31451612903226,1.0,6.163932819798983
218,2032,7,11,7.278710821350941E18,41.18772124701267,0.006231423945036821,0.0,47.497332089890016,0.0,288.5493250560113,240.65120967741936,669.6197601217023,100.0,0.10685483870967742,6.530241935483871,0.0,0.0,101.60000000000136,275.0,739.3050465312331,0.04769054303191066,89.31451612903226,1.0,6.05045165585423
208,2032,7,11,5.859174576972996E18,41.54786774331601,0.0012641942069389989,1.0,42.30586706216847,1.0,113.95257856884992,238.69556451612902,526.1081141418533,100.0,0.03024193548387097,6.139112903225806,0.0,0.0,101.60000000000136,275.0,716.5892148789625,0.018670475820954026,96.9758064516129,1.0,6.103356961098978
210,2032,7,11,2.9539370702862316E18,42.155624262552024,0.0023928667948941427,0.0,36.20144546135298,0.0,231.59485489188958,238.39818548387098,420.60133909430016,100.0,0.01310483870967742,6.079637096774194,0.0,0.0,101.60000000000136,275.0,740.2050637229428,0.03739842834910447,98.68951612903226,1.0,6.1926360308516895
214,2032,7,11,4.281117921937587E18,41.64828123357206,0.00897325048085301,0.0,43.99886206520879,0.0,214.67816388166804,237.93447580645162,575.5442403178649,100.0,0.0,5.986895161290323,0.0,0.0,101.60000000000136,275.0,731.7515478465583,0.035088981170895525,100.0,1.0,6.118107642855482
201,2032,7,11,6.307363977605812E18,41.86246066183782,0.0015932618041287314,0.0,50.330977147848046,0.0,305.112379856655,238.56451612903226,745.5657298057647,100.0,0.0,6.112903225806452,0.0,0.0,101.60000000000136,275.0,735.0784615232318,0.04961523429933108,100.0,1.0,6.149570472970004
207,2032,7,12,8.507560024639921E18,41.297042294557066,0.0031135497851676095,0.0,47.017475941099136,0.0,235.24778392329227,240.125,640.3578620798725,100.0,0.014112903225806451,6.125,0.0,0.0,101.60000000000136,275.0,720.6970256198542,0.038778103203756145,98.58870967741935,1.0,6.066510852457208
217,2032,11,13,4.974214387304059E17,42.23645402124347,0.0030071214748166974,0.0,39.331541575147135,0.0,801.2323664200884,363.88709677419354,584.5339354378792,100.0,0.0,5.67741935483871,0.0,0.0,88.0,0.0,900.7266772594543,0.12946144534950668,100.0,1.0,6.1889650950289
218,2032,11,13,7.278710821350941E18,41.935306100630385,0.0031551513645756064,1.0,38.85210327324922,1.0,791.9358794277659,360.96875,556.3292964418021,100.0,0.0,5.09375,0.0,0.0,88.0,0.0,874.5744527877084,0.12887824648938942,100.0,1.0,6.144837480334327
210,2032,11,13,2.9539370702862316E18,42.040543985421806,0.004131330792289602,1.0,22.776290731471665,1.0,803.6018700626211,361.195564516129,263.35097247387984,100.0,0.0,5.139112903225806,0.0,0.0,88.0,0.0,891.3862098260478,0.13044938263882735,100.0,1.0,6.160258130830237
214,2032,11,13,4.281117921937587E18,42.285870478332015,0.0022890945104216847,0.0,33.16251317958316,0.0,797.4834675445429,361.6290322580645,439.5055489234505,100.0,0.0,5.225806451612903,0.0,0.0,88.0,0.0,884.4780556253038,0.1287051217308205,100.0,1.0,6.1962061557459585
203,2032,11,13,6.605295447056412E18,41.2048827517795,0.0032254674625640006,1.0,38.399685905603235,1.0,737.6610528583082,358.11895161290323,553.9178973719104,100.0,0.0,5.723790322580645,0.0,0.0,88.0,0.0,887.7036433257811,0.12217366095227596,100.0,1.0,6.037807552860815
204,2032,11,13,3.1730362057635645E18,42.6279103684494,0.004545719595163635,0.0,33.06921706261606,0.0,675.1974488644059,361.508064516129,436.1269517990361,100.0,0.0,5.201612903225806,0.0,0.0,88.0,0.0,881.7100291275782,0.10809513919708759,100.0,1.0,6.24632572638935
206,2032,11,13,4.898224502314156E18,41.79332153690941,0.00897325048085301,1.0,30.80655100188633,1.0,678.9172617786053,363.06048387096774,405.8012993224614,100.0,0.0,5.512096774193548,0.0,0.0,88.0,0.0,910.4823327942657,0.11086114993262837,100.0,1.0,6.124032288959579
219,2032,11,14,8.617806463867117E18,42.96218053959092,0.0037702733112827793,0.0,42.188704156613085,0.0,683.9712291746989,368.3528225806452,644.103504826067,100.0,0.0,5.070564516129032,0.0,0.0,88.0,0.0,881.8879729017866,0.10864779939106256,100.0,1.0,6.295306789535977
207,2032,11,14,8.507560024639921E18,42.997574166140154,0.0033234261040196505,0.0,37.87246073735785,0.0,858.9810577640746,368.9475806451613,535.6292347495914,100.0,0.0,5.189516129032258,0.0,0.0,88.0,0.0,877.9208421719336,0.13633552942478033,100.0,1.0,6.3004930658078795
208,2032,11,14,5.859174576972996E18,43.230413431224285,0.00392530642207045,0.0,32.668854688391576,0.0,799.1777788858844,368.5040322580645,421.7276466478939,100.0,0.0,5.100806451612903,0.0,0.0,88.0,0.0,868.0551103190973,0.12616050748577742,100.0,1.0,6.3346113202340995
209,2032,11,14,1.481964993321812E18,42.87261730026899,0.0046349434301926765,0.0,30.785340731055584,0.0,734.9997629136487,364.37399193548384,393.4475654176149,100.0,0.0,5.474798387096774,0.0,0.0,88.0,0.0,883.7637462929721,0.1169975097623022,100.0,1.0,6.282182966175177
211,2032,11,14,6.492828447697523E18,42.826379513186176,0.0029305194254908686,0.0,36.5403347381354,0.0,741.7040968778847,361.7278225806452,501.115542736307,100.0,0.0,4.945564516129032,0.0,0.0,88.0,0.0,869.5382458953892,0.11819217725187975,100.0,1.0,6.275407680300503
212,2032,11,14,1.0005304447219302E18,42.63479112741312,0.00276270027119859,0.0,41.02323519791357,0.0,689.4856561477877,363.5625,617.7780001481906,100.0,0.0,5.3125,0.0,0.0,88.0,0.0,887.4095444210973,0.11036478265565583,100.0,1.0,6.247333973365587
213,2032,11,14,2.861374886328272E18,42.404999101270185,0.00897325048085301,0.0,43.27682056012477,0.0,639.3532959971006,370.8679435483871,702.9174985849187,100.0,0.0,5.573588709677419,0.0,0.0,88.0,0.0,920.6525870505291,0.1028947618676248,100.0,1.0,6.213662235008963
200,2032,11,14,5.096996787781837E17,42.46903603496844,0.003152934111332753,0.0,33.54447893424726,0.0,685.2332116884706,370.2278225806452,451.09543855541466,100.0,0.0,5.445564516129032,0.0,0.0,88.0,0.0,892.6136651161552,0.11011219421812371,100.0,1.0,6.223045654063317
201,2032,11,14,6.307363977605812E18,42.68237771294966,0.002945912830220957,1.0,41.237524472437535,1.0,791.3711528806576,363.1693548387097,621.2387760120757,100.0,0.0,5.233870967741935,0.0,0.0,88.0,0.0,884.6230112034131,0.12653219061182985,100.0,1.0,6.254306900513506
202,2032,11,14,8.834479670273441E18,42.627016941292034,0.002375132472433305,0.0,33.84650141943923,0.0,746.5103710357687,371.3820564516129,467.84252067552137,100.0,0.0,5.676411290322581,0.0,0.0,88.0,0.0,913.3229674913811,0.11951442335519495,100.0,1.0,6.2461948112919545
205,2032,11,14,3.0688222562761073E18,42.525219507099294,0.0036866271490768425,0.0,43.65392876136267,0.0,730.6046091595176,369.6078629032258,706.818583784591,100.0,0.0,5.321572580645161,0.0,0.0,88.0,0.0,911.5917950470832,0.11724795051768859,100.0,1.0,6.231278294704991
215,2032,11,15,2.797545246119503E18,42.61121874980273,0.0032231503163983625,1.0,31.551132232055206,2.0,798.7570920596015,364.1703629032258,404.21455704696723,100.0,0.0,5.134072580645161,0.0,0.0,88.0,0.0,875.797051589314,0.1279264027030721,100.0,1.0,6.243879880790392
216,2032,11,16,4.898742477016446E18,44.165166452641266,0.002722466772103455,0.0,39.08343073295418,0.0,742.5898629958959,372.9828629032258,569.3876039897362,100.0,0.0,4.196572580645161,0.0,0.0,88.0,0.0,886.8476937604817,0.11474626581553068,100.0,1.0,6.471581952738263
215,2033,2,27,2.797545246119503E18,46.67991874230019,0.06819670365448297,0.0,36.32359874820767,0.0,66.6999999999988,257.42540322580646,514.9838835459861,100.0,0.0,6.88508064516129,0.0,0.0,143.0,606.6331927381658,901.7578828536706,0.009775840115199937,100.0,1.0,6.822943011955615
203,2033,2,27,6.605295447056412E18,47.07400747627877,0.06819670365448297,0.0,42.65799647325532,0.0,92.80000000000169,257.1028225806452,677.0616252477163,100.0,0.0,6.820564516129032,0.0,0.0,143.0,608.1196374029385,909.3673933767509,0.013487304162814082,100.0,1.0,6.88054476118816
210,2033,2,28,2.9539370702862316E18,48.78472574090291,0.08793785471235956,0.0,35.80265862857236,0.0,66.6999999999988,256.47076612903226,502.19127944598813,100.0,0.0,6.394153225806452,0.0,0.0,143.0,612.6645497725519,899.6832054998519,0.009354063495997952,100.0,1.0,7.130590895447285
213,2033,2,28,2.861374886328272E18,49.48501813385106,0.08793785471235956,0.0,53.17004285817874,0.0,89.89999999999921,256.50100806451616,1028.372656288001,100.0,0.0,6.400201612903226,0.0,0.0,143.0,613.1371404918607,905.2028618949076,0.012429232314321364,100.0,1.0,7.232948723342592
205,2033,2,28,3.0688222562761073E18,48.859481581451284,0.08793785471235956,0.0,49.77754291302128,0.0,72.49999999999999,258.633064516129,903.2297025898382,100.0,0.0,6.826612903225806,0.0,0.0,143.0,618.365739438564,910.6545951163463,0.010151903933949243,100.0,1.0,7.141517539143655
217,2033,3,1,4.974214387304059E17,48.91488369338955,0.10678168072215106,0.0,45.37150658445202,0.0,92.80000000000169,258.7671370967742,768.7127519448378,100.0,0.0,6.553427419354839,0.0,0.0,143.0,611.7957947032584,924.8813325297946,0.01297971923995309,100.0,1.0,7.149615356420998
219,2033,3,1,8.617806463867117E18,48.75419478318464,0.10678168072215106,0.0,46.08540516631122,0.0,104.39999999999851,260.18850806451616,782.7794414601084,100.0,0.0,6.837701612903226,0.0,0.0,143.0,613.6467083833013,915.1164347723872,0.014650311471575712,100.0,1.0,7.126128355875138
207,2033,3,1,8.507560024639921E18,49.25568282250639,0.10678168072215106,1.0,45.9491886369477,1.0,89.89999999999921,260.304435483871,748.2085096378257,100.0,0.0,6.860887096774194,0.0,0.0,143.0,611.4586000065201,879.5285736857054,0.012487103035002493,100.0,1.0,7.19942806173708
208,2033,3,1,5.859174576972996E18,49.882617943095845,0.10678168072215106,0.0,40.476081763776875,0.0,89.89999999999921,259.69959677419354,595.1824354391932,100.0,0.0,6.73991935483871,0.0,0.0,143.0,611.0960966512416,874.5859422827302,0.012330162526066238,100.0,1.0,7.291063666837206
214,2033,3,1,4.281117921937587E18,48.70956425038317,0.08958194691455659,0.0,41.02978803899641,0.0,78.30000000000146,260.1834677419355,625.2080668742458,100.0,0.0,6.836693548387097,0.0,0.0,143.0,611.2418840696744,897.9092029470787,0.010997801203599295,100.0,1.0,7.119604960160209
200,2033,3,1,5.096996787781837E17,49.19099215989165,0.10678168072215106,0.0,41.815251599492676,0.0,104.39999999999851,259.4727822580645,643.1484574928847,100.0,0.0,6.694556451612903,0.0,0.0,143.0,615.9750681666294,894.1720806248259,0.01452022225528332,100.0,1.0,7.189972588884553
201,2033,3,1,6.307363977605812E18,50.32130797024031,0.06607777272410338,0.0,47.817025043780255,0.0,43.49999999999999,259.29637096774195,828.104813341381,100.0,0.0,6.659274193548387,0.0,0.0,143.0,615.9419441121837,903.1562348292188,0.005914195595680434,100.0,1.0,7.355184537990457
202,2033,3,1,8.834479670273441E18,48.93799642457872,0.10678168072215106,0.0,40.53626361169079,0.0,113.10000000000181,259.6945564516129,607.6202273971928,100.0,0.0,6.738911290322581,0.0,0.0,143.0,605.0464817355413,890.5166462188098,0.015811561715759478,100.0,1.0,7.152993615252715
218,2033,3,2,7.278710821350941E18,49.854373009375,0.12562550673194214,0.0,47.31525592443889,0.0,66.6999999999988,261.7540322580645,811.0906497378597,100.0,0.0,6.850806451612903,0.0,0.0,143.0,611.6091717499571,902.5389521897112,0.009153367993003104,100.0,1.0,7.286935262625158
211,2033,3,2,6.492828447697523E18,48.97243544060248,0.06783234704748521,0.0,39.408799108918366,0.0,113.10000000000181,263.76512096774195,606.3329407828606,100.0,0.0,7.253024193548387,0.0,0.0,143.0,608.1886734514652,931.2705229123743,0.015800442509161076,100.0,1.0,7.15802737388061
206,2033,3,2,4.898224502314156E18,50.424915219868396,0.12562550673194214,0.0,42.976001311871975,0.0,37.70000000000009,260.226814516129,713.359485130612,100.0,0.0,6.545362903225806,0.0,0.0,143.0,611.3773683236906,945.7528271779797,0.00511510462198356,100.0,1.0,7.370328231014873
216,2033,3,3,4.898742477016446E18,50.017869243798955,0.07187528992126065,0.0,47.16021242840128,0.0,89.89999999999921,261.35584677419354,823.557839115115,100.0,0.0030241935483870967,6.77116935483871,0.0,0.0,143.0,609.0910315408338,922.0388082991017,0.012296821031421537,99.69758064516128,1.0,7.310832594073022
209,2033,3,3,1.481964993321812E18,51.284836624801095,0.14446933274173418,0.0,43.18089957573138,0.0,107.30000000000186,256.9133064516129,671.3957204657243,100.0,0.0,5.582661290322581,0.0,0.0,143.0,615.4911036802317,882.8372756287475,0.014314266320498268,100.0,1.0,7.496018140052799
212,2033,3,3,1.0005304447219302E18,51.11661958753215,0.1008864055459035,0.0,49.98180091024647,0.0,66.6999999999988,260.8649193548387,927.2936145962731,100.0,0.0,6.372983870967742,0.0,0.0,143.0,610.6307999940958,927.37488530406,0.008927339599087179,100.0,1.0,7.471430795219089
204,2033,3,3,3.1730362057635645E18,51.46164347129978,0.14446933274173418,0.0,43.209444513949954,0.0,72.49999999999999,258.9445564516129,698.4596459414867,100.0,0.0,5.988911290322581,0.0,0.0,143.0,614.9251025994806,917.373248599393,0.009638572144593181,100.0,1.0,7.521861009326918
215,2033,7,9,2.797545246119503E18,40.57976613520878,0.0018372748732295302,0.0,40.263760081126165,0.0,70.77346172028399,232.60282258064515,490.1399906387682,100.0,0.10685483870967742,5.820564516129032,0.0,0.0,101.89999999999863,275.0,726.0933961712643,0.011962106527006256,89.31451612903226,1.0,5.916471447608517
208,2033,7,10,5.859174576972996E18,41.18572827331534,0.001681013578278955,0.0,41.617751315950485,0.0,134.08411929527819,234.52620967741936,499.06691604690945,100.0,0.10685483870967742,5.905241935483871,0.0,0.0,101.89999999999863,259.9285465162524,699.309314349095,0.02232941579349722,89.31451612903226,1.0,6.0048198544597025
209,2033,7,10,1.481964993321812E18,41.101470067891746,0.0017946500961706082,0.0,41.0143699669798,0.0,260.4803670432239,234.99495967741936,504.89310433481364,100.0,0.0,5.998991935483871,0.0,0.0,101.89999999999863,275.0,725.1810094061683,0.04346747435183146,100.0,1.0,5.99253512948237
200,2033,7,10,5.096996787781837E17,40.68160926022812,0.0027901898261359004,0.0,42.41080208621674,0.0,310.37223752484965,234.8991935483871,532.8942357797072,100.0,0.0,5.979838709677419,0.0,0.0,101.89999999999863,275.0,722.6260858118748,0.05232768355641548,100.0,1.0,5.93132002853196
205,2033,7,10,3.0688222562761073E18,41.06660385723593,0.0017117990234362885,0.0,46.71514297414666,0.0,258.4140870326223,234.9647177419355,703.7010085259394,100.0,0.0030241935483870967,5.992943548387097,0.0,0.0,101.89999999999863,477.37221555389766,801.8528309709067,0.04315927719776161,99.69758064516128,1.0,5.987451686193313
216,2033,7,11,4.898742477016446E18,40.894443487091515,0.005272180071006473,0.0,49.13117363336151,0.0,207.2826055786802,236.31350806451613,699.9049815183851,100.0,0.10685483870967742,5.962701612903226,0.0,0.0,101.89999999999863,275.0,723.7167057493101,0.034765247339461555,89.31451612903226,1.0,5.962350952222238
219,2033,7,11,8.617806463867117E18,41.30808752283196,0.0017712693408711072,0.0,49.99515879691656,0.0,187.98779746083943,236.40423387096774,717.7383413168926,100.0,0.10685483870967742,5.980846774193548,0.0,0.0,101.89999999999863,275.0,717.2412835968993,0.031213418684412315,89.31451612903226,1.0,6.022659656781483
207,2033,7,11,8.507560024639921E18,41.00998280163648,0.0025319555532880983,0.0,46.83150547651271,0.0,185.61946068122037,236.2429435483871,627.1287399242859,100.0,0.10685483870967742,5.948588709677419,0.0,0.0,101.89999999999863,275.0,711.2045356922737,0.031044215260616924,89.31451612903226,1.0,5.979196417849206
211,2033,7,11,6.492828447697523E18,41.72754790083454,0.0034144788739927886,0.0,44.49575740653282,0.0,120.69981941581246,236.45967741935485,581.8654772594368,100.0,0.0,5.991935483870968,0.0,0.0,101.89999999999863,275.0,724.9885822599912,0.019839490866066112,100.0,1.0,6.0838163756641555
213,2033,7,11,2.861374886328272E18,41.39057677831394,0.002455733574398754,0.0,53.307721460189775,0.0,201.06669809091818,236.58568548387098,851.765154828098,100.0,0.0,6.017137096774194,0.0,0.0,101.89999999999863,275.0,745.3478958324324,0.03331849948520849,100.0,1.0,6.0346864714054815
214,2033,7,11,4.281117921937587E18,40.80190216345606,0.0013234882715122468,0.0,41.70744618347549,0.0,196.47683329137757,236.81754032258064,525.8946234174049,100.0,0.0,6.063508064516129,0.0,0.0,101.89999999999863,275.0,734.0349888837834,0.03302765249700221,100.0,1.0,5.948858560541384
201,2033,7,11,6.307363977605812E18,41.13506887752211,0.0015245073871649713,0.0,42.651687804162606,0.0,260.03971957762394,236.36895161290323,596.505063283039,100.0,0.03024193548387097,5.973790322580645,0.0,0.0,101.89999999999863,482.09188862431756,801.0522946842138,0.04335849778256977,96.9758064516129,1.0,5.997433787527589
202,2033,7,11,8.834479670273441E18,41.18720988403075,0.0017505365744933724,0.0,40.98069390030504,0.0,195.39940972067336,237.29133064516128,510.6870314376891,100.0,0.0,6.158266129032258,0.0,0.0,101.89999999999863,275.0,734.4422792234952,0.03253925770183205,100.0,1.0,6.005035871167763
204,2033,7,11,3.1730362057635645E18,41.45952092738596,0.0017532728567512803,0.0,43.10130677025187,0.0,313.0285015295593,236.7772177419355,560.0865919549042,100.0,0.0,6.055443548387097,0.0,0.0,101.89999999999863,275.0,738.4334392455133,0.05178528487294178,100.0,1.0,6.044738429026567
206,2033,7,11,4.898224502314156E18,41.56362733131841,0.002304378654559077,0.0,44.6899730935716,0.0,248.22142712183745,236.4546370967742,609.9835162663979,100.0,0.0,5.990927419354839,0.0,0.0,101.89999999999863,275.0,754.1460827303019,0.04096119260686076,100.0,1.0,6.059916992755279
217,2033,7,12,4.974214387304059E17,42.49484610916091,0.0013168844263065794,0.0,44.97726180488831,0.0,268.4913728692468,238.71572580645162,660.4802251248036,100.0,0.10685483870967742,6.143145161290323,0.0,0.0,101.89999999999863,476.8920588261068,807.148300422449,0.04333520362451676,89.31451612903226,1.0,6.195687349149748
218,2033,7,12,7.278710821350941E18,41.2160673185962,0.0011822464401650874,0.0,47.5884340934995,0.0,169.14725998432203,238.2923387096774,666.1498425260763,100.0,0.10685483870967742,6.058467741935484,0.0,0.0,101.89999999999863,275.0,732.8801431745134,0.028147847096327457,89.31451612903226,1.0,6.009243243558448
210,2033,7,12,2.9539370702862316E18,41.06361601892049,0.0014279520179587874,0.0,35.67023576707578,0.0,232.13222471558967,239.47177419354838,416.0427912547324,100.0,0.0,6.294354838709677,0.0,0.0,101.89999999999863,275.0,749.2343550362178,0.03877260763073008,100.0,1.0,5.987016063670894
212,2033,7,12,1.0005304447219302E18,42.278327129298006,0.0014515125332987774,0.0,51.737754402322906,0.0,303.8200168264637,237.7227822580645,792.0497631880783,100.0,0.0,5.944556451612903,0.0,0.0,101.89999999999863,275.0,738.0986128967642,0.049288472087470024,100.0,1.0,6.1641191937799995
203,2033,7,12,6.605295447056412E18,41.6700494573665,0.001081114515765426,0.0,45.89260579739044,0.0,229.3406071126861,239.17943548387098,636.8981054422957,100.0,0.0,6.235887096774194,0.0,0.0,101.89999999999863,275.0,749.8904995599299,0.03774884853685593,100.0,1.0,6.075433185432671
216,2033,11,13,4.898742477016446E18,41.36150596484405,0.0022145238106744914,0.0,39.96213214867204,0.0,728.1776606261261,350.6693548387097,574.3411964402444,100.0,0.0,5.733870967741935,0.0,0.0,88.0,0.0,861.9375187488215,0.12105303615125707,100.0,1.0,6.0153605706862265
208,2033,11,13,5.859174576972996E18,41.55670926507132,0.003618246161634289,0.0,29.375834866219467,0.0,681.9032791063843,357.1431451612903,354.69571237734914,100.0,0.0,5.828629032258065,0.0,0.0,88.0,0.0,851.4497158257552,0.1128278485990415,100.0,1.0,6.043749726449869
213,2033,11,13,2.861374886328272E18,40.52143507956948,0.0029039645569103683,1.0,42.75441894231519,2.0,733.4910656911677,355.91834677419354,667.1725933392171,100.0,0.0,5.58366935483871,0.0,0.0,88.0,0.0,892.4915450276656,0.12446426786368327,100.0,1.0,5.893185878010447
201,2033,11,13,6.307363977605812E18,41.61732193847652,0.0020533753960762123,0.0,37.30359093734709,0.0,730.7634800867562,355.9788306451613,526.5241512843403,100.0,0.0,5.595766129032258,0.0,0.0,88.0,0.0,883.880173384029,0.12073616678554312,100.0,1.0,6.05256485726245
202,2033,11,13,8.834479670273441E18,41.34122020600925,0.0030438434466936943,1.0,27.81946299851182,1.0,731.3133542853307,363.19858870967744,347.14197665899707,100.0,0.0,5.839717741935484,0.0,0.0,88.0,0.0,899.5164109938279,0.1216339726380722,100.0,1.0,6.012410335896773
217,2033,11,14,4.974214387304059E17,41.83228442860781,0.0028668531887709368,0.0,37.16713713113506,0.0,785.1146351627733,364.43145161290323,536.0973377943798,100.0,0.0,5.786290322580645,0.0,0.0,88.0,0.0,905.0339726294571,0.12904945342786028,100.0,1.0,6.083827666900264
218,2033,11,14,7.278710821350941E18,41.77724252527561,0.004173604874815345,0.0,37.83637959689097,0.0,790.0809160005554,357.866935483871,535.5733924040405,100.0,0.0,5.673387096774194,0.0,0.0,88.0,0.0,878.9571600424191,0.1300368613689172,100.0,1.0,6.0758227142923715
207,2033,11,14,8.507560024639921E18,42.51938316106699,0.00897325048085301,0.0,37.50542528070625,0.0,732.3344431693508,362.4959677419355,519.4479904087933,100.0,0.0,5.399193548387097,0.0,0.0,88.0,0.0,864.6719747924108,0.11842876027194994,100.0,1.0,6.183755039634621
209,2033,11,14,1.481964993321812E18,41.92595676183883,2.563492881057325E-4,1.0,29.52874728165565,1.0,683.9892371933698,361.61895161290323,369.9118736710878,100.0,0.0,5.223790322580645,0.0,0.0,88.0,0.0,881.6980399481406,0.11217626198634131,100.0,1.0,6.0974507893359196
212,2033,11,14,1.0005304447219302E18,41.7939140784851,0.0022926035975608214,1.0,41.00636947957734,2.0,802.8298724392663,362.7782258064516,619.0383474785687,100.0,0.0,5.455645161290323,0.0,0.0,88.0,0.0,889.793648787662,0.13208246225927142,100.0,1.0,6.078247321460061
214,2033,11,14,4.281117921937587E18,41.8243911847611,0.003915030750808478,0.0,30.149483888614036,0.0,730.0878137676873,363.9022177419355,388.8314801147645,100.0,0.0,5.680443548387097,0.0,0.0,88.0,0.0,899.4405852854951,0.12002733122100104,100.0,1.0,6.0826797225326015
200,2033,11,14,5.096996787781837E17,42.57507642808913,0.003891262133934523,0.0,32.48583682954974,0.0,680.000582170742,363.3679435483871,426.1421189636768,100.0,0.0,5.573588709677419,0.0,0.0,88.0,0.0,884.5272421712232,0.10982179211927762,100.0,1.0,6.191854722532594
204,2033,11,14,3.1730362057635645E18,42.332322441093,0.003443304098562179,0.0,31.84135800481759,0.0,737.1105539316085,363.48387096774195,421.4079540938762,100.0,0.0,5.596774193548387,0.0,0.0,88.0,0.0,901.1312606379294,0.11972785783188349,100.0,1.0,6.156550090177227
206,2033,11,14,4.898224502314156E18,40.47125095769016,0.0025919267708992048,1.0,30.79025878102032,2.0,738.2178072171065,359.273185483871,408.40165572008436,100.0,0.0,5.954637096774194,0.0,0.0,88.0,0.0,916.5526701007248,0.12542166638139055,100.0,1.0,5.885887410970005
215,2033,11,15,2.797545246119503E18,42.089520203795686,0.0030335532389631588,1.0,28.597089552993207,1.0,638.6041900568669,365.5030241935484,360.2064236334892,100.0,0.0,5.700604838709677,0.0,0.0,88.0,0.0,898.1203723302158,0.10432597851792094,100.0,1.0,6.121238440597693
210,2033,11,15,2.9539370702862316E18,42.980860310332936,0.0025755598395100577,0.0,25.477070596821363,0.0,791.1377111319064,364.3336693548387,310.2326113715783,100.0,0.0,5.466733870967742,0.0,0.0,88.0,0.0,906.3993787481838,0.12656442795171446,100.0,1.0,6.250869410429706
211,2033,11,15,6.492828447697523E18,43.01555561254494,0.00897325048085301,0.0,34.74578024150006,0.0,742.8609262678973,363.945564516129,467.21253449944373,100.0,0.0,5.389112903225806,0.0,0.0,88.0,0.0,876.6097925549808,0.11874536227745561,100.0,1.0,6.255915279724007
203,2033,11,15,6.605295447056412E18,42.81076167318519,0.0028324654295622084,0.0,36.52092381666318,0.0,798.4127565559073,365.039314516129,519.3755558805439,100.0,0.0,5.607862903225806,0.0,0.0,88.0,0.0,901.8116591911464,0.12823577200623293,100.0,1.0,6.226131320963236
205,2033,11,15,3.0688222562761073E18,42.94737961931933,0.00897325048085301,0.0,42.359567968903214,0.0,686.5799956248205,364.5907258064516,665.6260291635801,100.0,0.0,5.518145161290323,0.0,0.0,88.0,0.0,904.9402242871598,0.10992314683128103,100.0,1.0,6.246000186645305
219,2033,11,16,8.617806463867117E18,42.12563863886561,0.00897325048085301,1.0,38.79434571024931,2.0,741.3058866028379,375.4596774193548,566.6129080617903,100.0,0.0,4.991935483870968,0.0,0.0,88.0,0.0,893.1059972330089,0.12100007207089118,100.0,1.0,6.1264912814971195
216,2034,3,1,4.898742477016446E18,48.56032815354542,0.12366496461007563,0.0,46.21602942050601,0.0,104.39999999999851,258.90524193548384,767.1894615918886,100.0,0.0,6.881048387096774,0.0,0.0,143.0,618.8599053138174,892.1663430586326,0.014819753194074501,100.0,1.0,7.044651731564706
218,2034,3,1,7.278710821350941E18,49.339171938392,0.1471613078859896,0.0,47.08650480498483,0.0,78.30000000000146,257.0,792.8639017076134,100.0,0.0,6.5,0.0,0.0,143.0,605.6175244830187,890.3915179222748,0.010939361920546153,100.0,1.0,7.157638678444263
219,2034,3,1,8.617806463867117E18,47.99455065861371,0.08486811296769886,0.0,46.838475314826745,0.0,55.099999999999056,258.4516129032258,804.1598039626093,100.0,0.0,6.790322580645161,0.0,0.0,143.0,624.1231107967135,911.937493881126,0.007913739568857204,100.0,1.0,6.96257433297819
208,2034,3,1,5.859174576972996E18,48.80175097825426,0.1471613078859896,0.0,40.147640435888334,0.0,78.30000000000146,258.85987903225805,580.7257841744713,100.0,0.0,6.871975806451613,0.0,0.0,143.0,613.596665258881,864.8767047234068,0.011059829778128827,100.0,1.0,7.079674965237011
211,2034,3,1,6.492828447697523E18,48.73320063592805,0.1471613078859896,0.0,40.26289498124732,0.0,72.49999999999999,257.40826612903226,600.1005141427628,100.0,0.0,6.581653225806452,0.0,0.0,143.0,611.8043937653223,889.6329851542171,0.010254987999111512,100.0,1.0,7.06973036012147
212,2034,3,1,1.0005304447219302E18,48.95597043676026,0.1471613078859896,0.0,46.60101802012399,0.0,92.80000000000169,258.5725806451613,790.5950425208908,100.0,0.0,6.814516129032258,0.0,0.0,143.0,613.2868391172179,905.309021240309,0.013066654189940012,100.0,1.0,7.1020475977276725
214,2034,3,1,4.281117921937587E18,48.84722275324303,0.1471613078859896,0.0,37.47787617925366,0.0,66.6999999999988,257.3528225806452,552.6799457123714,100.0,0.0,6.570564516129032,0.0,0.0,143.0,618.5377128615983,921.1478847564238,0.009412566175726417,100.0,1.0,7.086271560247618
200,2034,3,1,5.096996787781837E17,48.854379327138325,0.1471613078859896,0.0,40.42842840970598,0.0,40.59999999999924,258.38104838709677,626.5400911054323,100.0,0.0,6.776209677419355,0.0,0.0,143.0,619.9234801168112,922.4341866957698,0.005728548821112212,100.0,1.0,7.087309765148628
202,2034,3,1,8.834479670273441E18,48.4311732208307,0.1471613078859896,0.0,36.9503481721121,0.0,89.89999999999921,258.648185483871,543.9463710212038,100.0,0.0,6.829637096774194,0.0,0.0,143.0,625.006417377849,927.2870060499904,0.012795486037417094,100.0,1.0,7.025915212373324
215,2034,3,2,2.797545246119503E18,50.11352980988703,0.16600513389578145,0.0,43.59269114658899,0.0,92.80000000000169,259.0846774193548,695.0279855820123,100.0,0.0,6.616935483870968,0.0,0.0,143.0,607.8529931682202,898.6885791486013,0.012764830947986172,100.0,1.0,7.269974853418812
217,2034,3,2,4.974214387304059E17,49.53807334226014,0.07905006375989576,0.0,48.13677976226789,0.0,43.49999999999999,260.2540322580645,873.1141134744004,100.0,0.0,6.850806451612903,0.0,0.0,143.0,614.0279205252498,940.0161607154075,0.006053021693761345,100.0,1.0,7.1864933252814955
207,2034,3,2,8.507560024639921E18,49.03988627714893,0.16600513389578145,0.0,42.95005787139698,0.0,66.6999999999988,259.31149193548384,676.5780255649823,100.0,0.0,6.662298387096774,0.0,0.0,143.0,611.4219843790632,898.0146006077523,0.009375586926668528,100.0,1.0,7.114221277205908
209,2034,3,2,1.481964993321812E18,49.57214654977884,0.303736193389608,0.0,39.234069751931216,0.0,107.30000000000186,259.4929435483871,603.2875984519513,100.0,0.0,6.698588709677419,0.0,0.0,143.0,616.7808841602641,933.6149905130338,0.014920524230745089,100.0,1.0,7.191436328952873
213,2034,3,2,2.861374886328272E18,50.26842820136522,0.16600513389578145,0.0,54.55072550404569,0.0,89.89999999999921,256.851814516129,1085.9462802220482,100.0,0.0,6.170362903225806,0.0,0.0,143.0,606.5473969206316,904.246938594801,0.012327825295043492,100.0,1.0,7.2924459787846185
201,2034,3,2,6.307363977605812E18,49.23388139413434,0.16600513389578145,0.0,40.93986688674778,0.0,55.099999999999056,260.12298387096774,646.8085423378024,100.0,0.0,6.824596774193548,0.0,0.0,143.0,609.1601255440621,932.3780281722064,0.007714532429325053,100.0,1.0,7.14236416850733
203,2034,3,2,6.605295447056412E18,49.84097670773373,0.10060917205804884,0.0,43.6834760248082,0.0,104.39999999999851,258.8881048387097,742.0255700340874,100.0,0.0,6.577620967741935,0.0,0.0,143.0,616.07972910158,955.8137976049293,0.014438964197648691,100.0,1.0,7.2304355472395665
204,2034,3,2,3.1730362057635645E18,50.653155155631346,0.16600513389578145,0.0,41.26942498277737,0.0,63.800000000001134,257.74395161290323,637.4351130631942,100.0,0.0,6.348790322580645,0.0,0.0,143.0,613.5090937285362,906.4834603157585,0.008682329458193347,100.0,1.0,7.348258357069634
205,2034,3,2,3.0688222562761073E18,49.51188462117914,0.16600513389578145,0.0,49.42178814063984,0.0,40.59999999999924,259.8608870967742,915.2541605024514,100.0,0.0,6.772177419354839,0.0,0.0,143.0,619.9153320168441,936.0173878180643,0.0056524751429262434,100.0,1.0,7.182694124857474
206,2034,3,2,4.898224502314156E18,49.25680926121253,0.08478301016127736,0.0,44.451209506600634,0.0,63.800000000001134,259.90625,743.7315109952181,100.0,0.0,6.78125,0.0,0.0,143.0,606.9899517776687,928.7261607094937,0.008928458577695338,100.0,1.0,7.1456903165103265
210,2034,3,3,2.9539370702862316E18,50.30425195401771,0.18395163485748653,0.0,40.92965278151128,0.0,104.39999999999851,260.28729838709677,606.1458713643904,100.0,0.0,6.557459677419355,0.0,0.0,143.0,411.2416611435333,874.0251768975936,0.01430598906264689,100.0,1.0,7.297642934216144
215,2034,7,9,2.797545246119503E18,41.125615069072374,0.0014990395056553726,0.0,43.74375452717157,0.0,232.84176240581326,233.4445564516129,565.3330531717637,100.0,0.0020161290322580645,5.988911290322581,0.0,0.0,102.1999999999982,275.0,726.2334914584707,0.0391252804356473,99.79838709677419,1.0,5.951184497930643
216,2034,7,9,4.898742477016446E18,41.48162298327656,0.0017924990972539038,0.0,48.913041143740905,0.0,144.75460914394068,232.53729838709677,684.9845915544581,100.0,0.10685483870967742,5.807459677419355,0.0,0.0,102.1999999999982,275.0,714.802338006529,0.02411491041476019,89.31451612903226,1.0,6.002701509325934
217,2034,7,9,4.974214387304059E17,40.32873863911137,0.0015583970963621116,0.0,50.396057791023026,0.0,237.26478946010477,233.40927419354838,742.43022200545,100.0,0.0,5.981854838709677,0.0,0.0,102.1999999999982,273.690000000002,729.9420491439963,0.040656280674980526,100.0,1.0,5.835870510558413
209,2034,7,9,1.481964993321812E18,39.422388881563364,0.0015137062214664345,1.0,41.42368910111377,1.0,311.9658580287792,233.48487903225808,505.4202802955515,100.0,0.0,5.996975806451613,0.0,0.0,102.1999999999982,231.9306363282297,713.7507889828829,0.05468561756308187,100.0,1.0,5.704714912818075
210,2034,7,9,2.9539370702862316E18,40.8742429275974,0.0019730102200644297,0.0,38.47325572087472,0.0,179.26549621092576,233.13709677419354,461.93035376063864,100.0,0.10685483870967742,5.92741935483871,0.0,0.0,102.1999999999982,275.0,737.7623710178433,0.03030790921496691,89.31451612903226,1.0,5.9148090664861614
211,2034,7,9,6.492828447697523E18,40.22294891599172,0.00205997485786342,1.0,41.08996539916254,1.0,291.02522343673775,232.6179435483871,499.3106994394892,100.0,0.0,5.823588709677419,0.0,0.0,102.1999999999982,275.0,714.9329585629908,0.04999950626237012,100.0,1.0,5.820561945343944
219,2034,7,10,8.617806463867117E18,41.75990304032184,0.0020985150797130604,0.0,51.82503193467955,0.0,246.67349201556073,234.66229838709677,772.209564551475,100.0,0.10685483870967742,5.932459677419355,0.0,0.0,102.1999999999982,275.0,717.2288562961813,0.040819905232073336,89.31451612903226,1.0,6.042970717671889
212,2034,7,10,1.0005304447219302E18,41.03448902744229,0.0024638249535565747,0.0,47.6204558193384,0.0,174.8582954133061,235.34274193548387,668.8486802604125,100.0,0.014112903225806451,6.068548387096774,0.0,0.0,102.1999999999982,275.0,734.9115517199568,0.029447348926029158,98.58870967741935,1.0,5.9379978772467705
201,2034,7,10,6.307363977605812E18,41.79695651588386,0.001395963049292632,0.0,44.910137105540706,0.0,182.50833643233236,234.5766129032258,600.9156533046239,100.0,0.0,5.915322580645161,0.0,0.0,102.1999999999982,275.0,736.3790355131116,0.030174983339037776,100.0,1.0,6.048332633086126
205,2034,7,10,3.0688222562761073E18,40.71699240261639,0.0017932155237516002,0.0,51.30384219490474,0.0,259.62391899365167,235.40826612903226,779.5322939232902,100.0,0.0,6.081653225806452,0.0,0.0,102.1999999999982,273.1000000000032,739.0888886625846,0.04406339971514021,100.0,1.0,5.892053737842764
207,2034,7,11,8.507560024639921E18,41.47886384080068,0.0016446573461974061,0.0,46.29723860517929,0.0,124.24627518220632,236.4546370967742,615.5052156711188,100.0,0.0,5.990927419354839,0.0,0.0,102.1999999999982,275.0,712.9860527436531,0.02069976988808966,100.0,1.0,6.002302240745959
208,2034,7,11,5.859174576972996E18,41.242649836650145,0.0026611063110477504,0.0,41.82460664754136,0.0,116.67288198229363,236.4445564516129,504.9543983627902,100.0,0.0,5.988911290322581,0.0,0.0,102.1999999999982,273.33999999999793,701.4928345457076,0.019549351556936725,100.0,1.0,5.968120305294444
214,2034,7,11,4.281117921937587E18,40.95339903913909,0.0014538643034434568,1.0,39.92486561718247,1.0,213.0100462845164,237.05947580645162,492.47706370568386,100.0,0.0,6.111895161290323,0.0,0.0,102.1999999999982,275.0,740.0881963780034,0.03594339747737952,100.0,1.0,5.926263548641201
202,2034,7,11,8.834479670273441E18,40.4879582904835,0.001633876635260927,1.0,39.540551921343614,1.0,269.8652497632371,237.34173387096774,485.5125970308021,100.0,0.0,6.168346774193548,0.0,0.0,102.1999999999982,275.0,741.3489351517417,0.04606065181659986,100.0,1.0,5.858910786537763
203,2034,7,11,6.605295447056412E18,41.22731118874612,9.813266055176124E-4,0.0,47.35216286229467,0.0,265.62045224780917,236.79737903225808,663.7913885015231,100.0,0.0,6.059475806451613,0.0,0.0,102.1999999999982,232.55278214785415,737.1119160711849,0.044523109943654625,100.0,1.0,5.9659006880687375
204,2034,7,11,3.1730362057635645E18,40.75050022739394,2.621151627286622E-4,1.0,39.299577448788376,1.0,189.8709524834766,236.47479838709677,482.43966748576014,100.0,0.0030241935483870967,5.994959677419355,0.0,0.0,102.1999999999982,274.21999999999997,744.149490488831,0.032198421153525864,99.69758064516128,1.0,5.896902571034448
206,2034,7,11,4.898224502314156E18,41.68478407506171,0.0011393157035110523,0.0,45.87062012082638,0.0,164.23484724369345,236.00100806451613,641.5138322469601,100.0,0.10685483870967742,5.900201612903226,0.0,0.0,102.1999999999982,275.0,756.1885435580589,0.02722680911152099,89.31451612903226,1.0,6.0321004408187395
218,2034,7,12,7.278710821350941E18,40.66071313271277,0.0011800697633946673,1.0,45.9551089073398,1.0,212.52670638003568,239.6834677419355,629.9488265888492,100.0,0.10685483870967742,6.336693548387097,0.0,0.0,102.1999999999982,275.0,739.927764381921,0.036119980930919816,89.31451612903226,1.0,5.883909706001707
213,2034,7,12,2.861374886328272E18,41.47717142177224,0.0013219284739029195,0.0,53.20026926228457,0.0,156.48586189414567,239.80947580645162,863.0993316196241,100.0,0.0846774193548387,6.361895161290323,0.0,0.0,102.1999999999982,274.20999999999816,758.551525099033,0.02607203716309763,91.53225806451613,1.0,6.002057335037702
200,2034,7,12,5.096996787781837E17,41.63312192798928,0.0022832698424562433,0.0,43.801205686981135,0.0,174.26238055256852,239.34072580645162,577.208423799152,100.0,0.03024193548387097,6.268145161290323,0.0,0.0,102.1999999999982,275.0,739.5095914997245,0.028925019204100497,96.9758064516129,1.0,6.02462454122985
208,2034,11,12,5.859174576972996E18,40.03857456016947,0.0022602646047488813,1.0,28.84980678986791,2.0,727.0684985233846,350.04637096774195,337.4635397307082,100.0,0.0,5.909274193548387,0.0,0.0,88.0,0.0,830.835361952632,0.12580332586240162,100.0,1.0,5.779406017601009
210,2034,11,12,2.9539370702862316E18,41.20425490534533,0.0024651787035310595,0.0,26.302080563832632,0.0,630.8847073433276,349.90524193548384,317.73010697137465,100.0,0.0,5.881048387096774,0.0,0.0,88.0,0.0,888.6271992567814,0.10607262991582761,100.0,1.0,5.94766725256041
209,2034,11,13,1.481964993321812E18,40.92608226777363,0.004142774921908132,1.0,29.857568212832934,1.0,621.1315077595394,357.4959677419355,377.3415987525574,100.0,0.0,5.899193548387097,0.0,0.0,88.0,0.0,885.1702821258133,0.10514261853682118,100.0,1.0,5.907514159370282
212,2034,11,13,1.0005304447219302E18,41.95435966846632,0.0038022247800224684,0.0,38.25738244655594,0.0,678.753762945,357.23387096774195,548.060174129441,100.0,0.0,5.846774193548387,0.0,0.0,88.0,0.0,883.5823579654674,0.11208062780766317,100.0,1.0,6.055941835994893
214,2034,11,13,4.281117921937587E18,42.145519256772374,0.0016841686337937336,0.0,29.83923700000844,0.0,726.8739097772128,355.8578629032258,377.95869901216855,100.0,0.0,5.571572580645161,0.0,0.0,88.0,0.0,887.3164231530411,0.1194821622596867,100.0,1.0,6.083534948065299
200,2034,11,13,5.096996787781837E17,41.394837089083595,0.0028522728801185825,0.0,33.51720520472988,0.0,789.9499665270799,351.5766129032258,438.0738184428064,100.0,0.0,5.915322580645161,0.0,0.0,88.0,0.0,867.837142676079,0.13220528263268203,100.0,1.0,5.97517701862088
201,2034,11,13,6.307363977605812E18,40.95133978975474,0.00897325048085301,1.0,30.71106885251614,3.0,685.9069860061942,361.9334677419355,401.80474242302995,100.0,0.0,5.586693548387097,0.0,0.0,88.0,0.0,905.1608836425158,0.1160359368191766,100.0,1.0,5.911159980334975
206,2034,11,13,4.898224502314156E18,41.82125434850622,0.00897325048085301,0.0,34.72743261873621,0.0,734.6455887884848,356.92137096774195,486.1637068390209,100.0,0.0,5.784274193548387,0.0,0.0,88.0,0.0,912.6110682706995,0.12169597720011034,100.0,1.0,6.036728622347746
215,2034,11,14,2.797545246119503E18,42.51764646141065,0.002616108011910508,0.0,33.693780799022115,0.0,638.7764029529761,362.1179435483871,449.19883843152627,100.0,0.0,5.323588709677419,0.0,0.0,88.0,0.0,882.7489077385759,0.10408186120963903,100.0,1.0,6.137250002345452
216,2034,11,14,4.898742477016446E18,42.15946119318073,0.0032749089346178913,0.0,37.77156473505791,0.0,641.7671528033605,359.09173387096774,536.3872969013253,100.0,0.0,5.918346774193548,0.0,0.0,88.0,0.0,882.7187023967552,0.10545758820946351,100.0,1.0,6.085547410098744
207,2034,11,14,8.507560024639921E18,42.1817783060978,0.002915286056157593,1.0,35.36490571897211,1.0,735.3585661974275,363.80645161290323,476.87005044315066,100.0,0.0,5.661290322580645,0.0,0.0,88.0,0.0,870.7588850923275,0.12077294950170248,100.0,1.0,6.0887687949283835
211,2034,11,14,6.492828447697523E18,41.97848790156499,0.003627021212955964,0.0,29.82397687932274,0.0,631.1373321632216,365.39415322580646,377.4093518621812,100.0,0.0,5.97883064516129,0.0,0.0,88.0,0.0,886.6641207507209,0.10415796362781883,100.0,1.0,6.059424648684813
213,2034,11,14,2.861374886328272E18,41.6080994703978,0.002720815791647378,1.0,43.44431317365423,1.0,791.0021191284044,364.789314516129,705.3602063848754,100.0,0.0,5.857862903225806,0.0,0.0,88.0,0.0,917.3452386299731,0.13170284897528037,100.0,1.0,6.005960579310395
202,2034,11,14,8.834479670273441E18,42.05167753282737,0.0026009421683632,1.0,28.505727067099585,2.0,724.7657644316339,364.3709677419355,362.7225187264976,100.0,0.0,5.774193548387097,0.0,0.0,88.0,0.0,908.3390512649827,0.11940149010908536,100.0,1.0,6.069989275422667
204,2034,11,14,3.1730362057635645E18,41.811735639768486,0.003729530540670412,1.0,28.334729235532073,1.0,727.5980632773071,357.88709677419354,356.09458465107963,100.0,0.0,5.67741935483871,0.0,0.0,88.0,0.0,899.2933874281715,0.12055597512377941,100.0,1.0,6.035354635307413
217,2034,11,15,4.974214387304059E17,42.0236773780026,0.002426514462101963,1.0,41.04922574754032,1.0,634.9158666154386,364.90826612903226,628.5851465330351,100.0,0.0,5.581653225806452,0.0,0.0,88.0,0.0,901.8348617639776,0.10466886824407315,100.0,1.0,6.06594756651905
219,2034,11,15,8.617806463867117E18,41.845237839403296,0.0033432378840734063,1.0,40.51504184643678,2.0,691.3611700083076,365.29637096774195,603.4850156768463,100.0,0.0,5.659274193548387,0.0,0.0,88.0,0.0,885.2681626757084,0.11446015902826057,100.0,1.0,6.040190542087298
203,2034,11,15,6.605295447056412E18,42.68854573971749,0.00897325048085301,1.0,36.55032907144834,1.0,735.5894830403029,369.98084677419354,529.1654885470268,100.0,0.0,5.39616935483871,0.0,0.0,88.0,0.0,917.7664350074798,0.1193766955251162,100.0,1.0,6.161918620754073
205,2034,11,15,3.0688222562761073E18,42.73459626291544,0.005491585361599171,0.0,43.07386980850636,0.0,681.5045912896577,363.9405241935484,685.1295487150976,100.0,0.0,5.388104838709677,0.0,0.0,88.0,0.0,904.7600124060014,0.11048023323097962,100.0,1.0,6.168565827199557
218,2034,11,16,7.278710821350941E18,44.01358484889814,0.004244678562371343,0.0,39.33538983480008,0.0,786.9911299694927,369.81754032258067,582.239034932909,100.0,0.0,5.063508064516129,0.0,0.0,88.0,0.0,896.8924647035898,0.12387352506885925,100.0,1.0,6.353182647640142
212,2035,2,26,1.0005304447219302E18,46.52981568270788,0.110370980914492,0.0,45.60447464046859,0.0,87.00000000000001,247.80040322580646,712.378249227257,100.0,0.0,6.76008064516129,0.0,0.0,102.3999999999986,608.9382536994935,848.9534877977562,0.012985815821105869,100.0,1.0,6.699617582639572
203,2035,2,27,6.605295447056412E18,46.73744945511116,0.1301121319723686,0.0,41.51482023931697,0.0,78.30000000000146,255.48689516129033,652.7637656648558,100.0,0.0,6.797379032258065,0.0,0.0,143.0,618.7053681230848,918.7876584718558,0.011635313037426024,100.0,1.0,6.729513829850776
216,2035,2,28,4.898742477016446E18,48.63954135060083,0.14985328303024578,0.0,43.64424226913213,0.0,55.099999999999056,256.90120967741933,708.3084621554898,100.0,0.0,6.780241935483871,0.0,0.0,143.0,610.2591851241132,913.8529322998734,0.007867621279235402,100.0,1.0,7.003387433686161
218,2035,2,28,7.278710821350941E18,47.63792664395345,0.14985328303024578,0.0,44.10105789537354,0.0,107.30000000000186,257.2741935483871,719.6250286246965,100.0,0.0,6.854838709677419,0.0,0.0,143.0,621.4567149241524,911.3410941572545,0.015643293338507114,100.0,1.0,6.859169465030425
207,2035,2,28,8.507560024639921E18,48.43371386971374,0.2562991453514975,0.0,39.52636703652176,0.0,52.19999999999926,256.366935483871,616.0486527682399,100.0,0.0,6.673387096774194,0.0,0.0,143.0,815.7853217708085,941.7854751939743,0.007485211044575368,100.0,1.0,6.9737512662157055
213,2035,2,28,2.861374886328272E18,48.0994756635874,0.14985328303024578,0.0,50.231191825639236,0.0,78.30000000000146,256.95665322580646,930.7464102295455,100.0,0.0,6.79133064516129,0.0,0.0,143.0,614.3366509435406,921.4028013487707,0.011305837485309007,100.0,1.0,6.925625819559654
205,2035,2,28,3.0688222562761073E18,48.19434151834752,0.14985328303024578,0.0,47.702313452500874,0.0,66.6999999999988,256.57862903225805,848.351893099402,100.0,0.0,6.715725806451613,0.0,0.0,143.0,611.0359093833753,929.442652005815,0.009611941115230314,100.0,1.0,6.939285124657213
206,2035,2,28,4.898224502314156E18,48.3990112827557,0.14985328303024578,0.0,42.96046329363591,0.0,95.69999999999828,256.8508064516129,714.8367892074676,100.0,0.0,6.770161290322581,0.0,0.0,143.0,609.9584612511571,948.227016505916,0.013732726365569683,100.0,1.0,6.968754597771256
215,2035,3,1,2.797545246119503E18,49.039917957248,0.1686971090400367,0.0,40.3141531085477,0.0,57.99999999999999,258.68850806451616,629.5949229287684,100.0,0.0,6.837701612903226,0.0,0.0,143.0,609.434005186314,931.3883818510805,0.008214092271693207,100.0,1.0,7.061035849314145
217,2035,3,1,4.974214387304059E17,49.17480725839453,0.1686971090400367,0.0,46.78664362260684,0.0,52.19999999999926,257.75100806451616,810.2064959190479,100.0,0.0,6.650201612903226,0.0,0.0,143.0,607.7108149647652,920.8673488239363,0.007372404493268174,100.0,1.0,7.0804579493249005
219,2035,3,1,8.617806463867117E18,48.41074384634995,0.1686971090400367,0.0,46.706872144817645,0.0,69.59999999999933,258.4818548387097,793.9691600234057,100.0,0.0,6.796370967741935,0.0,0.0,143.0,615.7333976649649,905.245970774533,0.009985016855983717,100.0,1.0,6.970443916505776
208,2035,3,1,5.859174576972996E18,48.73698726401822,0.11127777641163393,0.0,38.42905266428154,0.0,89.89999999999921,258.7288306451613,540.4305949122194,100.0,0.0030241935483870967,6.845766129032258,0.0,0.0,143.0,613.5247972371952,865.1322634901254,0.012810979345484905,99.69758064516128,1.0,7.017418229753335
209,2035,3,1,1.481964993321812E18,47.717712422601466,0.10855669822396219,0.0,34.92428257054711,0.0,92.80000000000169,259.116935483871,487.78711105168594,100.0,0.0,6.923387096774194,0.0,0.0,143.0,609.251409533735,907.9923282376191,0.013506713231502272,100.0,1.0,6.870657458215695
210,2035,3,1,2.9539370702862316E18,49.655277526565456,0.06037834969221088,0.0,37.66042143285569,0.0,49.300000000000615,255.5584677419355,550.5721199532652,100.0,0.0,6.211693548387097,0.0,0.0,143.0,610.2688398793139,910.4897517190818,0.006895453343289799,100.0,1.0,7.149638688800082
214,2035,3,1,4.281117921937587E18,48.23367092803707,0.5343312674597177,0.0,36.773003190106614,0.0,113.10000000000181,257.31754032258067,543.4424990705994,100.0,0.023185483870967742,6.563508064516129,0.0,0.0,143.0,611.1410848317926,933.5301583149835,0.016285219153468346,97.68145161290323,1.0,6.944947988367374
201,2035,3,1,6.307363977605812E18,48.603783692304496,0.1686971090400367,0.0,43.90173155520638,0.0,104.39999999999851,258.81451612903226,717.8211562563725,100.0,0.0,6.862903225806452,0.0,0.0,143.0,616.7022801696525,916.527598473725,0.01491803898570907,100.0,1.0,6.99823885029459
202,2035,3,1,8.834479670273441E18,48.45519556731954,0.1686971090400367,0.0,34.313375692024714,0.0,110.19999999999813,259.21270161290323,491.3066280819294,100.0,0.0,6.942540322580645,0.0,0.0,143.0,616.6447926228873,939.5772242271768,0.01579510663662798,100.0,1.0,6.976844318635394
204,2035,3,1,3.1730362057635645E18,49.79892077243923,0.1686971090400367,0.0,39.49941395480297,0.0,43.49999999999999,258.26512096774195,595.0366981014027,100.0,0.0,6.753024193548387,0.0,0.0,143.0,611.6868513511846,910.6773779969212,0.006066673808120492,100.0,1.0,7.170321229694838
200,2035,3,2,5.096996787781837E17,50.43018894538441,0.1875409350498289,0.0,43.84163541534643,0.0,66.6999999999988,259.53326612903226,704.0356874204763,100.0,0.0,6.706653225806452,0.0,0.0,143.0,611.6381029752586,901.1311369921873,0.009185790940885485,100.0,1.0,7.2612146770204085
211,2035,3,3,6.492828447697523E18,50.58152629466645,0.2054874360115343,0.0,42.65473803215995,0.0,92.80000000000169,261.164314516129,673.5042553589819,100.0,0.0,6.732862903225806,0.0,0.0,143.0,611.4670388317237,904.8444992802503,0.012741993074719281,100.0,1.0,7.283005057044121
207,2035,7,8,8.507560024639921E18,41.03834598094036,0.001284094230230831,0.0,46.60715014932143,0.0,260.9353156657997,231.78326612903226,607.86151543669,100.0,0.0,5.956653225806452,0.0,0.0,102.49999999999999,259.8721399022264,695.6445538981251,0.044270024174058197,100.0,1.0,5.894176037489162
210,2035,7,8,2.9539370702862316E18,39.85165885970609,0.0013088171646518422,0.0,35.886085979078736,0.0,236.28366893474106,231.94959677419354,415.9878167519984,100.0,0.0,5.98991935483871,0.0,0.0,102.49999999999999,275.0,741.9876674373407,0.041281364880792086,100.0,1.0,5.723736839056939
201,2035,7,8,6.307363977605812E18,40.69588056594214,0.0019264170203634667,0.0,45.768949601311526,0.0,165.03404322760684,231.8790322580645,618.8845514454293,100.0,0.0,5.975806451612903,0.0,0.0,102.49999999999999,275.0,732.487317658736,0.02823513286552426,100.0,1.0,5.844989078451165
208,2035,7,9,5.859174576972996E18,40.245130548097514,0.00897325048085301,1.0,39.62737556735889,1.0,209.37825146230142,233.39415322580646,454.5598948557056,100.0,0.0,5.97883064516129,0.0,0.0,102.49999999999999,261.5057879540531,691.6250530252662,0.03622304656832262,100.0,1.0,5.780249628296162
214,2035,7,9,4.281117921937587E18,40.73327333397369,0.0016519238735001876,0.0,41.58494354744383,0.0,223.98518680509065,231.92741935483872,517.7628366011438,100.0,0.10685483870967742,5.685483870967742,0.0,0.0,102.49999999999999,264.2400911340443,726.4252062778203,0.03828571233795155,89.31451612903226,1.0,5.8503596544829195
203,2035,7,9,6.605295447056412E18,40.513647399287976,0.0016741138956815366,0.0,44.8583378902479,0.0,145.8119313396726,233.44959677419354,603.9082372431983,100.0,0.10685483870967742,5.98991935483871,0.0,0.0,102.49999999999999,275.0,741.3779995450398,0.025058695824534297,89.31451612903226,1.0,5.818815646299999
215,2035,7,10,2.797545246119503E18,41.435282707950286,0.0023676122640773193,0.0,44.22764112819681,0.0,176.23051373657847,234.54133064516128,582.2186059275493,100.0,0.0,5.908266129032258,0.0,0.0,102.49999999999999,275.0,733.4102852211232,0.029612668639745217,100.0,1.0,5.951186496580969
216,2035,7,10,4.898742477016446E18,41.14656213516439,0.00897325048085301,0.0,46.75039995737942,0.0,221.6883407656542,235.3125,640.3367653864167,100.0,0.0,6.0625,0.0,0.0,102.49999999999999,273.559999999998,728.503330083229,0.037512503066462505,100.0,1.0,5.909718697600091
217,2035,7,10,4.974214387304059E17,41.55731627980699,0.002505095053281134,0.0,49.69538004613929,0.0,174.9386447372448,235.36290322580646,725.5350500688043,100.0,0.0,6.07258064516129,0.0,0.0,102.49999999999999,275.0,733.7327322239925,0.029309270571397986,100.0,1.0,5.968713697977938
219,2035,7,10,8.617806463867117E18,40.31766765863895,0.0021885976782568327,1.0,49.286215579738624,2.0,234.33563304163437,235.0201612903226,696.1064859942644,100.0,0.0,6.004032258064516,0.0,0.0,102.49999999999999,272.1099999999931,715.509552003171,0.0404678077207307,100.0,1.0,5.790667847855513
209,2035,7,10,1.481964993321812E18,41.25828479226139,0.002764402489480292,0.0,38.66547631687698,0.0,204.70462637439246,234.12802419354838,461.1816794725025,100.0,0.10685483870967742,5.825604838709677,0.0,0.0,102.49999999999999,275.0,730.6038760953371,0.034544843908714255,89.31451612903226,1.0,5.925764982911208
211,2035,7,10,6.492828447697523E18,40.59782226052086,0.0012359849147180531,0.0,42.22870063287912,0.0,341.7819356024614,234.96975806451613,528.7083013681496,100.0,0.10685483870967742,5.993951612903226,0.0,0.0,102.49999999999999,268.1000000000037,722.3096650496998,0.058615586273024156,89.31451612903226,1.0,5.830905350165456
212,2035,7,10,1.0005304447219302E18,41.560612564905206,0.00897325048085301,0.0,47.00506718054819,0.0,74.06241503157864,233.34677419354838,647.6910392958846,100.0,0.10685483870967742,5.669354838709677,0.0,0.0,102.49999999999999,275.0,729.504357912417,0.012407454049154942,89.31451612903226,1.0,5.969187130426887
213,2035,7,10,2.861374886328272E18,41.04649484445979,0.001620305251147173,0.0,51.969156837555786,0.0,123.50834237965543,234.9445564516129,811.5658068786033,100.0,0.0,5.988911290322581,0.0,0.0,102.49999999999999,274.609999999993,749.2852851981149,0.020950141593196126,100.0,1.0,5.895346426668859
202,2035,7,10,8.834479670273441E18,41.545907080952624,0.00897325048085301,0.0,39.68675196410616,0.0,231.8225187686256,234.83366935483872,486.04080026446655,100.0,0.0,5.966733870967742,0.0,0.0,102.49999999999999,275.0,737.7490579924922,0.03885027710014523,100.0,1.0,5.967075039672213
204,2035,7,10,3.1730362057635645E18,41.17512085827074,0.002068522471381524,0.0,39.5644287950372,0.0,210.3815430356514,234.9798387096774,486.8492155920757,100.0,0.0,5.995967741935484,0.0,0.0,102.49999999999999,275.0,742.5904736943977,0.03557455691142597,100.0,1.0,5.913820474544836
205,2035,7,10,3.0688222562761073E18,41.78598114057187,0.0012775128816704256,0.0,51.796765945664504,0.0,207.4713736924159,234.92439516129033,796.7199423078708,100.0,0.10685483870967742,5.984879032258065,0.0,0.0,102.49999999999999,275.0,740.8351812437556,0.034569597627631746,89.31451612903226,1.0,6.00155593152124
206,2035,7,10,4.898224502314156E18,40.54986410664723,0.00897325048085301,1.0,45.6452955232094,1.0,228.98757169467643,234.8991935483871,634.8186540453305,100.0,0.0,5.979838709677419,0.0,0.0,102.49999999999999,273.9800000000037,755.0584402286423,0.039317804108572045,100.0,1.0,5.82401730936832
218,2035,7,11,7.278710821350941E18,41.44232345965853,0.003100639419783365,0.0,46.565957161757936,0.0,195.74795141416425,238.7883064516129,652.8699672893846,100.0,0.0,6.457661290322581,0.0,0.0,102.49999999999999,272.36999999999676,748.2842945289296,0.032886668122764376,100.0,1.0,5.952197732024613
200,2035,7,11,5.096996787781837E17,41.782423659451226,0.0014229702633766334,1.0,44.099845037661325,1.0,176.88887776773052,236.89314516129033,579.5770234925028,100.0,0.0,6.078629032258065,0.0,0.0,102.49999999999999,272.040000000002,733.7502863201915,0.029476345907111158,100.0,1.0,6.001044984516081
207,2035,11,12,8.507560024639921E18,39.93499368778466,0.0036866271490768425,1.0,32.524190375190294,3.0,592.0828601877039,356.1068548387097,411.93608343946755,100.0,0.0,5.921370967741935,0.0,0.0,88.0,0.0,853.3591944338604,0.10348575132765603,100.0,1.0,5.72139499971406
213,2035,11,12,2.861374886328272E18,40.746105637827185,0.003662551216674701,1.0,42.1609890367105,1.0,674.2263443333601,350.00100806451616,652.0445832270104,100.0,0.0,5.900201612903226,0.0,0.0,88.0,0.0,893.5178773553896,0.11549715834898883,100.0,1.0,5.837601149424841
201,2035,11,12,6.307363977605812E18,40.30861391890623,0.00897325048085301,1.0,33.49478199213953,1.0,589.5219317096233,350.34879032258067,447.66239166795503,100.0,0.0,5.969758064516129,0.0,0.0,88.0,0.0,887.5100093178966,0.10208308594434003,100.0,1.0,5.774922713749616
215,2035,11,13,2.797545246119503E18,41.65051749377681,0.0030730309865934983,1.0,32.88894780456371,1.0,680.8015160149756,357.03729838709677,434.2545439035323,100.0,0.0,5.807459677419355,0.0,0.0,88.0,0.0,884.9087408591196,0.11409110869627828,100.0,1.0,5.967174162776663
216,2035,11,13,4.898742477016446E18,42.06845455243276,0.0031887883727267194,0.0,36.838488801870426,0.0,678.0626597482797,356.77016129032256,514.6629341604441,100.0,0.0,5.754032258064516,0.0,0.0,88.0,0.0,881.3542965862835,0.11250322163345182,100.0,1.0,6.027051047102315
218,2035,11,13,7.278710821350941E18,41.817680576280225,0.00897325048085301,1.0,37.46523233246103,1.0,712.7344899214784,355.2983870967742,528.706254279975,100.0,0.0,5.459677419354839,0.0,0.0,88.0,0.0,881.6111160255803,0.11896508585039388,100.0,1.0,5.991123234406666
219,2035,11,13,8.617806463867117E18,41.13466987929238,0.0057966734372435665,1.0,39.57747398794666,2.0,670.1378068680211,356.76512096774195,568.9190708636427,100.0,0.0,5.753024193548387,0.0,0.0,88.0,0.0,867.7087008823258,0.11371239109435648,100.0,1.0,5.893269857565064
210,2035,11,13,2.9539370702862316E18,40.66426566548507,0.0024238926204357184,1.0,22.728455750849818,2.0,585.8718984159455,356.7399193548387,268.2803657177057,100.0,0.0,5.747983870967742,0.0,0.0,88.0,0.0,910.3590293900634,0.10056374113118977,100.0,1.0,5.825876124195201
212,2035,11,13,1.0005304447219302E18,41.53442038260717,0.002470608612569662,0.0,35.16982317646828,0.0,681.9739969630095,357.51612903225805,483.2596631111099,100.0,0.0,5.903225806451613,0.0,0.0,88.0,0.0,889.6337923440705,0.11460705413562373,100.0,1.0,5.9505411957973795
200,2035,11,13,5.096996787781837E17,42.00295177664768,0.00897325048085301,0.0,33.5795723731317,0.0,733.713612731179,355.3538306451613,442.6725080767594,100.0,0.0,5.470766129032258,0.0,0.0,88.0,0.0,874.2924416374556,0.12192659708904596,100.0,1.0,6.017666614572454
205,2035,11,13,3.0688222562761073E18,41.55158711380573,0.002737416254073519,1.0,41.293603139893186,1.0,684.0793404703217,356.02923387096774,630.2609938004563,100.0,0.0,5.605846774193548,0.0,0.0,88.0,0.0,894.8546145163007,0.11491336596884473,100.0,1.0,5.953000634023626
206,2035,11,13,4.898224502314156E18,41.365999464802044,0.0038744604839607163,1.0,35.137564197824545,1.0,672.3924795577464,357.62701612903226,497.44921904588335,100.0,0.0,5.925403225806452,0.0,0.0,88.0,0.0,916.8639151893168,0.11345692621034961,100.0,1.0,5.926411916987138
217,2035,11,14,4.974214387304059E17,41.75996321500405,0.00897325048085301,1.0,39.03922899067185,1.0,684.8385196439708,358.9153225806452,571.4311233526748,100.0,0.0,5.883064516129032,0.0,0.0,88.0,0.0,891.2938158092801,0.11446685757477308,100.0,1.0,5.982854200366376
208,2035,11,14,5.859174576972996E18,42.75493972124829,0.0025964266437653472,0.0,29.719334929851673,0.0,629.7561464242428,363.26209677419354,361.45997633117264,100.0,0.0,5.55241935483871,0.0,0.0,88.0,0.0,853.16642510758,0.10281057888059238,100.0,1.0,6.125402203557891
209,2035,11,14,1.481964993321812E18,42.2173785221474,0.003864448958162356,0.0,25.76514670706735,0.0,682.039210883719,364.42137096774195,313.7726286086533,100.0,0.0,5.784274193548387,0.0,0.0,88.0,0.0,902.6745867204587,0.11276381720471017,100.0,1.0,6.048387042853938
211,2035,11,14,6.492828447697523E18,41.307283506671105,0.004582865414123112,1.0,31.724086471633207,1.0,675.7543198259925,357.226814516129,403.3506830966584,100.0,0.0,5.545362903225806,0.0,0.0,88.0,0.0,866.3533595516374,0.11418626914600333,100.0,1.0,5.917999816264642
214,2035,11,14,4.281117921937587E18,42.12340098700071,0.00897325048085301,1.0,30.30121752479012,1.0,633.9486604777833,359.945564516129,389.39008321056593,100.0,0.0,4.889112903225806,0.0,0.0,88.0,0.0,894.0488163125312,0.10504668415928889,100.0,1.0,6.034923096825093
202,2035,11,14,8.834479670273441E18,42.1054875752833,0.0045503298584447524,1.0,26.358245946861302,1.0,676.0245185090748,363.68548387096774,326.4396966421929,100.0,0.0,5.637096774193548,0.0,0.0,88.0,0.0,910.7388006019073,0.1120664035616804,100.0,1.0,6.032356683392598
203,2035,11,14,6.605295447056412E18,42.134648462352416,0.003137500168130436,0.0,34.81206674647633,0.0,632.0580427338115,364.61290322580646,486.15902362646733,100.0,0.0,5.82258064516129,0.0,0.0,88.0,0.0,909.4629156342913,0.10470544698538038,100.0,1.0,6.036534496835331
204,2035,11,14,3.1730362057635645E18,41.578070113141614,0.003680578540136605,1.0,25.957970810555356,2.0,681.2265953754003,364.2096774193548,321.7767827430158,100.0,0.0,5.741935483870968,0.0,0.0,88.0,0.0,916.5969505342648,0.11436126626659975,100.0,1.0,5.956794792629529
214,2036,2,27,4.281117921937587E18,48.27193087113566,0.08735480018802788,0.0,41.18773674172976,0.0,92.80000000000169,249.49697580645162,615.0487811826833,100.0,0.0,6.799395161290323,0.0,0.0,102.69999999999818,608.1928243263361,877.5308414687389,0.01345208037437249,100.0,1.0,6.898561220076757
204,2036,2,27,3.1730362057635645E18,47.531065661400234,0.1516479331264161,0.0,41.046118103155656,0.0,57.99999999999999,248.7258064516129,596.6786591933172,100.0,0.0,6.645161290322581,0.0,0.0,102.69999999999818,609.3219466116403,856.2459525802565,0.008538598452253885,100.0,1.0,6.79268387245568
215,2036,2,28,2.797545246119503E18,49.0536548417393,0.09628600235072596,0.0,38.81551724750498,0.0,89.89999999999921,257.19354838709677,594.4901425327547,100.0,0.0,6.838709677419355,0.0,0.0,143.0,613.5770462998852,936.2759884880753,0.012824028336923539,100.0,1.0,7.010277709786007
216,2036,2,28,4.898742477016446E18,48.1686915041519,0.17138908418429263,0.0,48.75963175454081,0.0,72.49999999999999,250.71975806451613,811.2058232893975,100.0,0.0,6.743951612903226,0.0,0.0,102.69999999999818,610.338724149004,851.7745871825058,0.010531962541878154,100.0,1.0,6.88380724026684
217,2036,2,28,4.974214387304059E17,48.02479164357531,0.17138908418429263,0.0,48.7782027102285,0.0,84.10000000000043,257.2590725806452,819.8350268792813,100.0,0.0,6.851814516129032,0.0,0.0,143.0,405.3342642237953,860.3154085621396,0.012253683383336945,100.0,1.0,6.863242452825492
218,2036,2,28,7.278710821350941E18,47.91462912837008,0.17138908418429263,0.0,42.95947472345835,0.0,110.19999999999813,257.1078629032258,706.4415924937118,100.0,0.0,6.821572580645161,0.0,0.0,143.0,613.6918350746952,937.3120994120427,0.016093466923136273,100.0,1.0,6.847499083095173
209,2036,2,28,1.481964993321812E18,47.95704206127449,0.17138908418429263,0.0,40.95427295602829,0.0,89.89999999999921,251.14818548387098,598.5417523988958,100.0,0.014112903225806451,6.829637096774194,0.0,0.0,102.69999999999818,613.7602445387248,862.1997975325296,0.013117269804012868,98.58870967741935,1.0,6.853560332539382
210,2036,2,28,2.9539370702862316E18,48.89340226396735,0.17138908418429263,0.0,33.122663744285035,0.0,40.59999999999924,256.5282258064516,468.149826917574,100.0,0.0,6.705645161290323,0.0,0.0,143.0,612.3424895649578,944.3118860684033,0.0058104788259468005,100.0,1.0,6.987375948897566
211,2036,2,28,6.492828447697523E18,47.91688491515693,0.17138908418429263,0.0,39.76801212970128,0.0,52.19999999999926,257.71270161290323,612.7699309338722,100.0,0.0,6.942540322580645,0.0,0.0,143.0,613.0449492929539,927.2990601688111,0.007622862295161952,100.0,1.0,6.847821458499826
213,2036,2,28,2.861374886328272E18,47.97928303378737,0.17138908418429263,0.0,52.64830529501159,0.0,81.19999999999848,257.2540322580645,986.1206273967107,100.0,0.0,6.850806451612903,0.0,0.0,143.0,416.6134711584848,886.3066623847275,0.011842364479820204,100.0,1.0,6.856738798942228
202,2036,2,28,8.834479670273441E18,47.72813902169147,0.15694971079147751,0.0,35.17170593960192,0.0,34.79999999999966,251.1834677419355,469.78575256513955,100.0,0.0,6.836693548387097,0.0,0.0,102.69999999999818,616.420814147908,865.0972897264742,0.0051020051316807815,100.0,1.0,6.820847706308619
205,2036,2,28,3.0688222562761073E18,48.87877535497787,0.17138908418429263,0.0,51.26892725076444,0.0,101.50000000000001,256.75504032258067,969.1859780125608,100.0,0.0,6.751008064516129,0.0,0.0,143.0,614.3020266576868,920.6382055573364,0.014530544010159775,100.0,1.0,6.985285611401134
219,2036,2,29,8.617806463867117E18,48.17388604969896,0.19023291019408425,0.0,45.529804818046145,0.0,89.89999999999921,257.75604838709677,758.7789159692694,100.0,0.0,6.651209677419355,0.0,0.0,143.0,620.0900070432876,907.0040769453309,0.013058225343729832,100.0,1.0,6.884549594877875
207,2036,2,29,8.507560024639921E18,48.334854742045565,0.09598027759540066,0.0,42.780633615315494,0.0,107.30000000000186,258.71370967741933,675.5229236097598,100.0,0.014112903225806451,6.842741935483871,0.0,0.0,143.0,609.1628980099537,902.6959676271816,0.015533719276374416,98.58870967741935,1.0,6.907553695990686
208,2036,2,29,5.859174576972996E18,49.245826763036995,0.19023291019408425,0.0,40.27724941243567,0.0,98.60000000000124,258.62298387096774,557.7094259785629,100.0,0.0,6.824596774193548,0.0,0.0,143.0,403.79261494263415,826.2576010733676,0.014010177260168637,100.0,1.0,7.0377410770043625
212,2036,2,29,1.0005304447219302E18,49.18187309771129,0.19023291019408425,0.0,42.83253606817111,0.0,52.19999999999926,257.68548387096774,706.678107006104,100.0,0.0,6.637096774193548,0.0,0.0,143.0,613.3862862304211,942.3294612151464,0.007426797564128597,100.0,1.0,7.028601432752799
200,2036,2,29,5.096996787781837E17,49.27789652298934,0.1493193957567379,0.0,45.03917816597864,0.0,81.19999999999848,258.5070564516129,702.6309325221071,100.0,0.0,6.801411290322581,0.0,0.0,143.0,409.73839510004734,856.8169387256099,0.011530284311171627,100.0,1.0,7.042324179406769
201,2036,2,29,6.307363977605812E18,48.61375680498644,0.19023291019408425,0.0,44.47815517417704,0.0,89.89999999999921,258.7086693548387,754.3084743370991,100.0,0.0,6.841733870967742,0.0,0.0,143.0,614.2440652249703,940.8400917939559,0.01294007089893545,100.0,1.0,6.947411702929315
203,2036,2,29,6.605295447056412E18,48.259669575358814,0.19023291019408425,0.0,38.7726075250844,0.0,101.50000000000001,258.7288306451613,609.3714865369612,100.0,0.0,6.845766129032258,0.0,0.0,143.0,616.8172983643498,961.3745786799321,0.014716951083744307,100.0,1.0,6.896808953324063
206,2036,2,29,4.898224502314156E18,48.96821734472597,0.19023291019408425,0.0,44.28041295163543,0.0,55.099999999999056,257.9929435483871,760.3359011676988,100.0,0.0,6.698588709677419,0.0,0.0,143.0,620.1911491355764,956.0263475929122,0.007873601907777203,100.0,1.0,6.998067802434062
208,2036,7,7,5.859174576972996E18,40.460435120923954,0.003355740643550125,1.0,38.6619175716122,1.0,242.21219008324084,231.70262096774192,438.85617381027924,100.0,0.0,5.940524193548387,0.0,0.0,102.80000000000182,275.0,695.3783891516916,0.04199383889433748,100.0,1.0,5.767803003023406
201,2036,7,7,6.307363977605812E18,41.40646660639079,0.005278382635795918,0.0,44.299318718183834,0.0,207.45762428023934,231.61189516129033,638.3566308481584,100.0,0.10685483870967742,5.922379032258065,0.0,0.0,102.80000000000182,477.5346730183188,801.8764181208288,0.0351464413630631,89.31451612903226,1.0,5.902663718844248
215,2036,7,8,2.797545246119503E18,40.61201432251595,0.0016561924106410159,0.0,41.6404522930644,0.0,234.48172378393826,233.48991935483872,526.8449989403393,100.0,0.0,5.997983870967742,0.0,0.0,102.80000000000182,275.0,737.3324021729651,0.040501825446374484,100.0,1.0,5.789411247510275
216,2036,7,8,4.898742477016446E18,40.40841845484525,0.001182558049664346,1.0,47.58806041924874,1.0,209.87668127611212,231.9173387096774,656.0121740771461,100.0,0.0,5.683467741935484,0.0,0.0,102.80000000000182,275.0,721.6582973739916,0.036434470759705795,100.0,1.0,5.760387811320217
218,2036,7,8,7.278710821350941E18,40.829297684038245,0.0045688648069516485,0.0,47.478108378940426,0.0,248.73503447216956,233.47479838709677,663.758170480519,100.0,0.0,5.994959677419355,0.0,0.0,102.80000000000182,273.950000000005,733.4352695570539,0.042735144894939736,100.0,1.0,5.820385892774222
219,2036,7,8,8.617806463867117E18,39.85030624452319,0.00897325048085301,1.0,47.72925980459737,2.0,186.85420253818995,233.8477822580645,656.4768725542951,100.0,0.0,6.069556451612903,0.0,0.0,102.80000000000182,274.940000000002,718.0537635233279,0.032892079927603034,100.0,1.0,5.680826598666443
210,2036,7,8,2.9539370702862316E18,40.579139983735004,0.0013670399879422647,1.0,35.99060178289504,1.0,226.90879316647138,233.20262096774192,421.2720259694361,100.0,0.014112903225806451,5.940524193548387,0.0,0.0,102.80000000000182,275.0,748.0800261441117,0.039225511689407425,98.58870967741935,1.0,5.784724874035143
211,2036,7,8,6.492828447697523E18,40.545287706950305,0.0019280727290187049,0.0,44.51331706815632,0.0,200.0274120915942,233.47479838709677,579.0482170287892,100.0,0.0,5.994959677419355,0.0,0.0,102.80000000000182,273.2600000000037,720.8459779894907,0.03460742288527473,100.0,1.0,5.779899091437543
212,2036,7,8,1.0005304447219302E18,40.417744838286424,0.0014315970773537046,0.0,45.08500437145558,0.0,272.6794685490519,233.42439516129033,609.8498412654506,100.0,0.0,5.984879032258065,0.0,0.0,102.80000000000182,266.42999999999483,741.9291104118977,0.04732607539050946,100.0,1.0,5.761717325999395
202,2036,7,8,8.834479670273441E18,40.72957804911712,0.003047979103550631,0.0,33.98753331472059,0.0,198.22139061552372,233.73185483870967,382.7138557335092,100.0,0.0,6.046370967741935,0.0,0.0,102.80000000000182,272.170000000005,742.2273851727717,0.0341397815478264,100.0,1.0,5.806170444817741
204,2036,7,8,3.1730362057635645E18,40.86769446590926,0.0027576061711287745,0.0,40.45187056873547,0.0,160.8313481786749,231.9173387096774,499.43019535218906,100.0,0.0,5.683467741935484,0.0,0.0,102.80000000000182,275.0,734.2337705322069,0.02760645837883203,100.0,1.0,5.825859513438948
205,2036,7,8,3.0688222562761073E18,40.78849895808256,0.002123343701101051,1.0,52.044463558252666,1.0,151.4973028242978,233.2227822580645,810.8940552136565,100.0,0.10685483870967742,5.944556451612903,0.0,0.0,102.80000000000182,275.0,746.4695524696334,0.026054773842515807,89.31451612903226,1.0,5.814569865008258
206,2036,7,8,4.898224502314156E18,40.29183886961663,0.001823090304927472,1.0,46.846836951204814,1.0,195.19611620681297,233.38407258064515,660.3717201812922,100.0,0.10685483870967742,5.976814516129032,0.0,0.0,102.80000000000182,259.7099999999974,748.3582888256499,0.03398397800329176,89.31451612903226,1.0,5.743768907451208
217,2036,7,9,4.974214387304059E17,40.4884192771038,0.0013903393989546046,1.0,48.05806042336154,1.0,211.97507671030831,234.92943548387098,679.4185934734518,100.0,0.0,5.985887096774194,0.0,0.0,102.80000000000182,275.0,733.5402735186447,0.03672604056713366,100.0,1.0,5.771792260666563
207,2036,7,9,8.507560024639921E18,40.86548114006229,0.002138524900107964,0.0,46.30272504961001,0.0,298.13632545929835,235.2923387096774,616.7178283637351,100.0,0.0,6.058467741935484,0.0,0.0,102.80000000000182,275.0,714.2864589320793,0.05117742235455921,100.0,1.0,5.825543994650572
209,2036,7,9,1.481964993321812E18,41.79281801745179,0.0018410444154396822,0.0,41.92236428877188,0.0,273.3406487520851,234.86895161290323,527.393687876692,100.0,0.09879032258064516,5.973790322580645,0.0,0.0,102.80000000000182,252.27435557404687,729.7179956892578,0.04587992456201496,90.12096774193549,1.0,5.957739716476999
213,2036,7,9,2.861374886328272E18,41.409256962501296,0.0037957912355554273,0.0,53.35173426576359,0.0,287.6877976082952,234.5514112903226,860.4020922177226,100.0,0.0,5.910282258064516,0.0,0.0,102.80000000000182,275.0,751.5965213939294,0.048735355004895654,100.0,1.0,5.903061495692314
214,2036,7,9,4.281117921937587E18,41.423581761667734,0.0011614354751298204,0.0,42.016588347958724,0.0,296.9588376149269,235.16129032258064,537.2169355283323,100.0,0.0,6.032258064516129,0.0,0.0,102.80000000000182,275.0,740.4171906447556,0.05028850634620438,100.0,1.0,5.905103555284664
200,2036,7,9,5.096996787781837E17,39.54137032990415,0.0019397428622682726,2.0,41.445066702462434,4.0,313.4438218035957,235.40322580645162,517.7665790248869,100.0,0.0,6.080645161290323,0.0,0.0,102.80000000000182,275.0,730.4399059976461,0.05560682877076803,100.0,1.0,5.6367865014516
203,2036,7,9,6.605295447056412E18,40.765674794254835,0.0015126855159900575,0.0,43.303588433455616,0.0,294.8911525199862,235.0,573.5543896419426,100.0,0.0,6.0,0.0,0.0,102.80000000000182,260.39525621470995,749.971039899742,0.05074429666136032,100.0,1.0,5.81131618569725
217,2036,11,11,4.974214387304059E17,40.814318869814926,0.00897325048085301,1.0,38.648078303650244,2.0,664.2850932551178,349.2600806451613,549.4656468594835,100.0,0.0,5.752016129032258,0.0,0.0,88.0,0.0,871.317324170518,0.11445785199938435,100.0,1.0,5.803752924340139
218,2036,11,11,7.278710821350941E18,41.39206648945101,0.004173604874815345,0.0,38.013630843607885,0.0,627.4554378286646,349.59274193548384,537.6017207698554,100.0,0.0,5.818548387096774,0.0,0.0,88.0,0.0,875.320417279277,0.10660299740722347,100.0,1.0,5.885908024066009
219,2036,11,11,8.617806463867117E18,39.58975043665622,0.00897325048085301,1.0,36.68168621024806,3.0,618.9180396043987,350.39415322580646,500.0907802087553,100.0,0.0,5.97883064516129,0.0,0.0,88.0,0.0,862.0500695177706,0.10993956514922806,100.0,1.0,5.62962058986045
208,2036,11,11,5.859174576972996E18,40.608475824830236,0.0024638249535565747,1.0,26.4966384218143,1.0,586.3651459806221,350.3840725806452,301.3140851729891,100.0,0.0,5.976814516129032,0.0,0.0,88.0,0.0,834.233949418289,0.10154419382478218,100.0,1.0,5.77448226131387
209,2036,11,11,1.481964993321812E18,40.892090269253266,0.002706046586505737,1.0,27.516964458687575,1.0,679.5198467036269,355.960685483871,338.0406714433782,100.0,0.0,5.892137096774194,0.0,0.0,88.0,0.0,888.9125640251403,0.11686015890128064,100.0,1.0,5.814811934986853
210,2036,11,11,2.9539370702862316E18,41.202439174351554,2.4195789464630943E-4,1.0,23.879070910679523,1.0,625.296633639659,350.04637096774195,283.26609176805886,100.0,0.0,5.909274193548387,0.0,0.0,88.0,0.0,901.0888131722245,0.10672515675436049,100.0,1.0,5.85894322065834
200,2036,11,11,5.096996787781837E17,40.6747573850271,0.0057227362760542185,1.0,32.20168157909243,1.0,657.868638393725,350.17237903225805,412.8748661338472,100.0,0.0,5.934475806451613,0.0,0.0,88.0,0.0,867.9099852655783,0.11374121153749482,100.0,1.0,5.783907428987236
202,2036,11,11,8.834479670273441E18,40.56199127448723,0.0031640516505123616,1.0,20.19634386787925,2.0,626.5949207726871,349.5070564516129,226.11600098264032,100.0,0.0,5.801411290322581,0.0,0.0,88.0,0.0,891.4049846888696,0.10863536816233114,100.0,1.0,5.767872207478341
215,2036,11,12,2.797545246119503E18,41.694146721183635,0.003854489038167107,1.0,31.36578655137428,1.0,628.4678667003767,356.56350806451616,406.47250930908325,100.0,0.0,5.712701612903226,0.0,0.0,88.0,0.0,888.1557261304018,0.10600140571754472,100.0,1.0,5.928863513140718
207,2036,11,12,8.507560024639921E18,42.39708884879541,0.004442203208343084,1.0,37.95138520859849,1.0,673.6845044395048,355.21270161290323,523.0707121224335,100.0,0.0,5.442540322580645,0.0,0.0,88.0,0.0,854.3777787235219,0.11174398590871906,100.0,1.0,6.028821139330231
211,2036,11,12,6.492828447697523E18,41.53117263986913,0.006337041300037458,0.0,34.06674686987173,0.0,627.8891456469619,358.085685483871,452.93487768894954,100.0,0.0,6.017137096774194,0.0,0.0,88.0,0.0,875.2493051179623,0.106319376106072,100.0,1.0,5.905688771353715
212,2036,11,12,1.0005304447219302E18,41.19734001332882,0.00897325048085301,1.0,34.52502676490062,2.0,626.8037877558863,356.523185483871,474.9783029545055,100.0,0.0,5.704637096774194,0.0,0.0,88.0,0.0,899.4410772644885,0.10699563832258564,100.0,1.0,5.858218125360487
213,2036,11,12,2.861374886328272E18,41.60544979830709,0.004424679724286509,1.0,43.39918315091278,1.0,678.8330487132796,357.69254032258067,701.5435288514384,100.0,0.0,5.938508064516129,0.0,0.0,88.0,0.0,914.0568275064211,0.11474040902862992,100.0,1.0,5.916250904630275
201,2036,11,12,6.307363977605812E18,40.858349167686505,0.002581487480107311,1.0,36.079441001901856,1.0,596.3802865790278,357.54637096774195,511.8846522550941,100.0,0.0,5.909274193548387,0.0,0.0,88.0,0.0,905.7421271598233,0.10264696229795393,100.0,1.0,5.8100139860730735
203,2036,11,12,6.605295447056412E18,41.78812452676185,0.00897325048085301,1.0,33.22797815532664,2.0,672.7054247686492,356.3921370967742,450.001239591518,100.0,0.0,5.678427419354839,0.0,0.0,88.0,0.0,903.3390997576547,0.11320762708160305,100.0,1.0,5.942227057579304
204,2036,11,12,3.1730362057635645E18,41.2200873977709,0.004688218642033969,1.0,26.95431026239928,1.0,630.6654545465364,357.62701612903226,334.95516030074714,100.0,0.0,5.925403225806452,0.0,0.0,88.0,0.0,906.2459131073914,0.10759541674879602,100.0,1.0,5.861452779340561
205,2036,11,12,3.0688222562761073E18,41.75785349674961,0.00897325048085301,1.0,42.56279298418389,1.0,630.0066641142608,357.21875,677.2674502495655,100.0,0.0,5.84375,0.0,0.0,88.0,0.0,913.134711561951,0.10609883488674719,100.0,1.0,5.937922549166042
206,2036,11,12,4.898224502314156E18,41.48385483576297,0.002304378654559077,1.0,36.80896126905042,1.0,625.6895155240385,357.133064516129,532.9371032834198,100.0,0.0,5.826612903225806,0.0,0.0,88.0,0.0,913.8554873373711,0.10606776298849982,100.0,1.0,5.8989602297153905
216,2036,11,13,4.898742477016446E18,40.3957895661796,0.002863194154707409,2.0,34.194400555602115,4.0,629.614688074095,364.7641129032258,470.2806270614491,100.0,0.0,5.852822580645161,0.0,0.0,88.0,0.0,903.5275300264592,0.10960803386101334,100.0,1.0,5.744238500550677
214,2036,11,13,4.281117921937587E18,42.41174205989514,0.00447320562355586,1.0,29.74062814158815,1.0,681.8734931026123,364.89012096774195,388.4692444789651,100.0,0.0,5.878024193548387,0.0,0.0,88.0,0.0,916.3833673967042,0.11306321597434728,100.0,1.0,6.030904810432081
212,2037,2,25,1.0005304447219302E18,46.4446778436939,0.0757944626784072,0.0,40.10528966679208,0.0,72.49999999999999,247.67439516129033,594.0061999923782,100.0,0.0,6.734879032258065,0.0,0.0,103.0,608.4603848943946,886.3172048456049,0.011004966532818362,100.0,1.0,6.5879346187736925
215,2037,2,26,2.797545246119503E18,47.35436591303023,0.15433990827067245,0.0,35.65146391695021,0.0,98.60000000000124,255.42137096774192,506.0060735970013,100.0,0.0,6.784274193548387,0.0,0.0,143.0,606.3753292431354,912.4098143609574,0.014679239749109951,100.0,1.0,6.7169691131980915
216,2037,2,26,4.898742477016446E18,48.05552871998526,0.15433990827067245,0.0,47.69151532713063,0.0,63.800000000001134,249.29032258064515,775.952974709957,100.0,0.0,6.758064516129032,0.0,0.0,103.0,615.6669361241694,850.3702942979737,0.009359744492305373,100.0,1.0,6.81642538986518
218,2037,2,26,7.278710821350941E18,47.50921838194831,0.15433990827067245,0.0,47.77480036606065,0.0,87.00000000000001,249.80443548387098,788.9905265000898,100.0,0.0,6.860887096774194,0.0,0.0,103.0,608.7264832721148,861.8190404988724,0.012910053485323314,100.0,1.0,6.738934125943415
209,2037,2,26,1.481964993321812E18,47.61575975217134,0.15433990827067245,0.0,39.52283445638792,0.0,98.60000000000124,248.6703629032258,563.043491677526,100.0,0.0,6.634072580645161,0.0,0.0,103.0,609.3416327013525,860.749266727814,0.014598655865671694,100.0,1.0,6.754046462034646
213,2037,2,26,2.861374886328272E18,48.08264372247975,0.15433990827067245,0.0,51.353891437907244,0.0,75.40000000000018,255.45665322580646,977.1173905803006,100.0,0.0,6.79133064516129,0.0,0.0,143.0,612.3695983985646,925.0259118497653,0.011055278353190026,100.0,1.0,6.820271511141404
214,2037,2,26,4.281117921937587E18,47.67741726345955,0.15433990827067245,0.0,43.166804576852854,0.0,107.30000000000186,249.60282258064515,626.6224769173425,100.0,0.0,6.820564516129032,0.0,0.0,103.0,410.04433652648106,824.3170447798851,0.015866227427128277,100.0,1.0,6.762792257505332
200,2037,2,26,5.096996787781837E17,47.69414225207696,0.15433990827067245,0.0,41.07951113807009,0.0,55.099999999999056,249.6633064516129,613.9671295774547,100.0,0.0,6.832661290322581,0.0,0.0,103.0,613.9721182446923,879.7275124725363,0.008144665086394094,100.0,1.0,6.765164609659058
201,2037,2,26,6.307363977605812E18,45.746020759384194,0.15433990827067245,0.0,47.97468842126327,0.0,84.10000000000043,249.8195564516129,763.2380295385451,100.0,0.0,6.863911290322581,0.0,0.0,103.0,408.0185425553757,826.7321520472561,0.012960726539768845,100.0,1.0,6.488833765757422
202,2037,2,26,8.834479670273441E18,48.103567182363754,0.15433990827067245,0.0,31.788725498700973,0.0,110.19999999999813,255.06350806451613,428.857183217725,100.0,0.0,6.712701612903226,0.0,0.0,143.0,603.184618722751,918.9792004033254,0.016150686445076112,100.0,1.0,6.823239394483755
203,2037,2,26,6.605295447056412E18,48.11390545168265,0.15433990827067245,0.0,42.49597736392391,0.0,57.99999999999999,249.11895161290323,672.3989377166278,100.0,0.0,6.723790322580645,0.0,0.0,103.0,613.3896983173911,909.1753893143689,0.008498534808165455,100.0,1.0,6.824705823911336
204,2037,2,26,3.1730362057635645E18,47.625782601069915,0.15433990827067245,0.0,34.41374074207433,0.0,110.19999999999813,255.52217741935485,482.00822707782834,100.0,0.0,6.804435483870968,0.0,0.0,143.0,615.0180232146147,917.634234862973,0.016312711057362345,100.0,1.0,6.755468150725446
205,2037,2,26,3.0688222562761073E18,47.17745456860254,0.08280037997353669,0.0,50.95127863997888,0.0,84.10000000000043,249.68850806451613,946.3532001694399,100.0,0.0,6.837701612903226,0.0,0.0,103.0,618.2845289265978,910.0523140602758,0.012567478910563217,100.0,1.0,6.691875164342842
217,2037,2,27,4.974214387304059E17,48.287175753461796,0.17408105932854853,0.0,48.059911122771396,0.0,60.900000000000986,257.1381048387097,834.9587235190304,100.0,0.014112903225806451,6.827620967741935,0.0,0.0,143.0,607.8488888290696,901.7505443242195,0.008891441227415925,98.58870967741935,1.0,6.849283309911733
207,2037,2,27,8.507560024639921E18,48.089277671553475,0.536099857091182,0.0,41.365515304406394,0.0,84.10000000000043,256.8659274193548,644.5528277496301,100.0,0.023185483870967742,6.773185483870968,0.0,0.0,143.0,616.3738545379704,912.911417368364,0.012329186339508882,97.68145161290323,1.0,6.821212502117999
208,2037,2,27,5.859174576972996E18,47.446593940718756,0.17408105932854853,1.0,37.84706909967175,1.0,118.89999999999799,257.7530241935484,490.0109875221501,100.0,0.0,6.950604838709677,0.0,0.0,143.0,405.85702407830024,803.7816566350031,0.0176670276170934,100.0,1.0,6.730051176518145
210,2037,2,27,2.9539370702862316E18,48.86239167888499,0.17408105932854853,0.0,42.67413270168485,0.0,107.30000000000186,256.835685483871,642.9217780700594,100.0,0.0,6.767137096774194,0.0,0.0,143.0,414.3424373283097,862.9723128286232,0.015481451469086197,100.0,1.0,6.9308746802108026
206,2037,2,27,4.898224502314156E18,48.490724375481015,0.17408105932854853,0.0,46.14591766233161,0.0,78.30000000000146,256.835685483871,813.1676298373844,100.0,0.0,6.767137096774194,0.0,0.0,143.0,613.0995157485563,948.2974470859751,0.011383865727530867,100.0,1.0,6.878155617264518
219,2037,2,28,8.617806463867117E18,49.54299917511665,0.09066019047854336,0.0,46.95960240460748,0.0,121.80000000000199,258.73387096774195,802.981483933476,100.0,0.0,6.846774193548387,0.0,0.0,143.0,612.9423583460637,906.2168382345843,0.017332119266023335,100.0,1.0,7.02741529356829
211,2037,2,28,6.492828447697523E18,48.81439399647657,0.1929248853383398,0.0,44.66056061608544,0.0,98.60000000000124,258.4516129032258,688.1452836197853,100.0,0.0,6.790322580645161,0.0,0.0,143.0,404.93755115438705,851.9855938544821,0.014240186827979956,100.0,1.0,6.924066460017658
212,2037,7,7,1.0005304447219302E18,41.20682411669619,0.001534413556917413,0.0,44.09412256137755,0.0,110.83102892550157,228.8820564516129,578.018071135105,100.0,0.0,5.676411290322581,0.0,0.0,103.10000000000143,275.0,732.0903107264609,0.01900909605297334,100.0,1.0,5.830420795215337
205,2037,7,7,3.0688222562761073E18,40.414689121218196,0.00205997485786342,1.0,53.66499367970204,1.0,94.55962102842433,228.9022177419355,851.6865593232837,100.0,0.0,5.680443548387097,0.0,0.0,103.10000000000143,264.7354555740544,734.6488466937014,0.016536200314285848,100.0,1.0,5.718340321913794
216,2037,7,8,4.898742477016446E18,40.70653001563018,0.0015260630069477946,0.0,46.75843529564029,0.0,134.1710639472549,231.4858870967742,636.5162522892155,100.0,0.10685483870967742,5.897177419354839,0.0,0.0,103.10000000000143,275.0,723.9263516604144,0.02329507026105814,89.31451612903226,1.0,5.75963336635845
209,2037,7,8,1.481964993321812E18,40.517475124092044,0.0026898232856274037,1.0,38.77676395967157,1.0,280.5021605645985,231.13810483870967,464.30837019854044,100.0,0.014112903225806451,5.827620967741935,0.0,0.0,103.10000000000143,275.0,732.1320056280634,0.04892863280724385,98.58870967741935,1.0,5.732883681210696
213,2037,7,8,2.861374886328272E18,40.93358091156922,0.0010490122142685304,0.0,53.19399292862229,0.0,260.3036907074853,231.9546370967742,851.0303023349247,100.0,0.0,5.990927419354839,0.0,0.0,103.10000000000143,275.0,748.1125373766141,0.04494380431728082,100.0,1.0,5.791759168179694
214,2037,7,8,4.281117921937587E18,40.55226808401561,0.0032725202337173707,0.0,39.99542110799548,0.0,253.9688806337302,231.56149193548387,492.74820813631305,100.0,0.0,5.912298387096774,0.0,0.0,103.10000000000143,275.0,738.2833004385354,0.04426236340974178,100.0,1.0,5.737806593893577
206,2037,7,8,4.898224502314156E18,40.35095369685175,0.0019756165743841994,0.0,47.53128549911933,0.0,198.8531239816488,231.99495967741936,688.3946716156041,100.0,0.0,5.998991935483871,0.0,0.0,103.10000000000143,269.9907951112769,759.1160663195114,0.034829549600981904,100.0,1.0,5.709322292701793
215,2037,7,9,2.797545246119503E18,40.49609309642185,0.002033828304817091,0.0,37.98719160706265,0.0,295.33505681827313,233.48991935483872,455.4969678332847,100.0,0.0,5.997983870967742,0.0,0.0,103.10000000000143,275.0,742.3719961157007,0.051543169340214426,100.0,1.0,5.729858303219437
217,2037,7,9,4.974214387304059E17,40.26040411263209,0.001269560056713785,1.0,48.97370156927279,1.0,267.4072342120483,233.2328629032258,700.7499574495371,100.0,0.10685483870967742,5.946572580645161,0.0,0.0,103.10000000000143,275.0,729.2172288688872,0.046942289378703254,89.31451612903226,1.0,5.696510284250547
218,2037,7,9,7.278710821350941E18,40.500776686541556,7.762327405582228E-4,1.0,46.80911054108147,1.0,129.09930072730555,233.35887096774192,650.9627175894591,100.0,0.0,5.971774193548387,0.0,0.0,103.10000000000143,275.0,738.7821164934796,0.022528370615319915,100.0,1.0,5.730520992029245
219,2037,7,9,8.617806463867117E18,39.821892256631074,0.00652125761689902,1.0,48.03690813692447,2.0,241.0084576538451,233.41431451612902,658.6714251902387,100.0,0.10685483870967742,5.982862903225806,0.0,0.0,103.10000000000143,269.67000000000525,711.7353192500776,0.04277397728539376,89.31451612903226,1.0,5.634464526078651
208,2037,7,9,5.859174576972996E18,40.64505507562442,0.0015317942097734787,0.0,36.122156402239575,0.0,189.09882283738642,233.46975806451613,395.75433614050064,100.0,0.0,5.993951612903226,0.0,0.0,103.10000000000143,275.0,698.7562788962359,0.0328814039847454,100.0,1.0,5.750935176767837
210,2037,7,9,2.9539370702862316E18,41.27273941192392,0.001822349813333272,0.0,40.23036485247214,0.0,254.22359648497033,233.46975806451613,505.72488533114796,100.0,0.0,5.993951612903226,0.0,0.0,103.10000000000143,275.0,750.4081254143503,0.043533321778692666,100.0,1.0,5.839747257913128
211,2037,7,9,6.492828447697523E18,41.00553124227212,0.0011410542320515046,0.0,44.07877584949095,0.0,239.44589265722797,233.27318548387098,569.263727093154,100.0,0.0,5.954637096774194,0.0,0.0,103.10000000000143,275.0,721.2707129142166,0.041269973789497594,100.0,1.0,5.801939537896249
200,2037,7,9,5.096996787781837E17,41.143637570650476,0.0014876078383377056,1.0,43.11374949785376,1.0,222.59178296607843,233.00604838709677,554.514846190102,100.0,0.10685483870967742,5.901209677419355,0.0,0.0,103.10000000000143,275.0,730.8218197098544,0.03823628469267222,89.31451612903226,1.0,5.8214804276927286
201,2037,7,9,6.307363977605812E18,39.988184156302545,0.004963081018170923,1.0,46.18939827262125,1.0,188.25312901843128,233.69657258064515,640.807313469753,100.0,0.0,6.039314516129032,0.0,0.0,103.10000000000143,274.9299999999948,745.5806229988164,0.0332720656305834,100.0,1.0,5.657993438357209
202,2037,7,9,8.834479670273441E18,41.12785689298299,0.0020119395696979853,0.0,34.12855766412585,0.0,158.85687816494405,233.70665322580646,388.8426010918266,100.0,0.0,6.04133064516129,0.0,0.0,103.10000000000143,268.625662836719,749.173998802274,0.027298525385428613,100.0,1.0,5.819247593854962
203,2037,7,9,6.605295447056412E18,40.395816157183084,0.001472473003093706,1.0,43.5050773840377,2.0,242.80895268087536,231.8366935483871,576.6196142320347,100.0,0.0,5.667338709677419,0.0,0.0,103.10000000000143,275.0,747.9439781824897,0.04248127596138634,100.0,1.0,5.7156699554311485
207,2037,7,10,8.507560024639921E18,41.240015357035126,0.00897325048085301,0.0,46.194002024622634,0.0,222.37489004567303,234.92943548387098,615.8338895927359,100.0,0.10685483870967742,5.985887096774194,0.0,0.0,103.10000000000143,275.0,716.478541988847,0.0381097563380253,89.31451612903226,1.0,5.835117077980133
204,2037,7,10,3.1730362057635645E18,41.3182911304322,0.0013509862211461999,0.0,37.69857582828588,0.0,229.27032028300434,234.03729838709677,452.4154426458095,100.0,0.0,5.807459677419355,0.0,0.0,103.10000000000143,275.0,746.7247522248687,0.039217032700102725,100.0,1.0,5.846192444906822
216,2037,11,11,4.898742477016446E18,41.04156993798616,0.002470608612569662,0.0,36.308178392594684,0.0,583.9734699758712,348.2993951612903,497.25237384461246,100.0,0.0,5.859879032258065,0.0,0.0,88.0,0.0,870.9741335756087,0.10081392011220672,100.0,1.0,5.792587663746277
214,2037,11,11,4.281117921937587E18,40.23324744712102,0.003248823490533323,1.0,27.222507214389513,3.0,582.7740989207167,348.0272177419355,332.1008519129231,100.0,0.0,5.805443548387097,0.0,0.0,88.0,0.0,886.2068838046087,0.10262815074967693,100.0,1.0,5.678501411782977
200,2037,11,11,5.096996787781837E17,40.463983238806996,0.00897325048085301,1.0,30.853671613176125,1.0,625.6882367313993,348.4405241935484,389.46416474047703,100.0,0.0,5.888104838709677,0.0,0.0,88.0,0.0,871.4941704690054,0.10955714548624147,100.0,1.0,5.711067351695242
203,2037,11,11,6.605295447056412E18,40.6762050883182,0.005451549502340807,1.0,32.95810660757219,1.0,619.2827019366338,348.2741935483871,438.9190151311403,100.0,0.0,5.854838709677419,0.0,0.0,88.0,0.0,891.5193159790383,0.10786979940254393,100.0,1.0,5.741020242613236
215,2037,11,12,2.797545246119503E18,40.89804904341864,0.001907578758684739,1.0,25.75322676772552,1.0,623.0033379602779,356.06149193548384,311.2629452432138,100.0,0.0,5.912298387096774,0.0,0.0,88.0,0.0,895.4852882637554,0.10792924333975157,100.0,1.0,5.772331192938315
217,2037,11,12,4.974214387304059E17,41.10222262880519,0.00897325048085301,1.0,39.10446186192899,2.0,620.968771416502,355.8296370967742,569.8688848675337,100.0,0.0,5.865927419354839,0.0,0.0,88.0,0.0,886.3650358428812,0.10704239139418525,100.0,1.0,5.801148155685116
218,2037,11,12,7.278710821350941E18,40.33270718894864,0.007224839356564453,1.0,34.69686400289365,2.0,623.0523530437264,356.39415322580646,479.40255354924204,100.0,0.0,5.97883064516129,0.0,0.0,88.0,0.0,901.13105506007,0.10945069339645797,100.0,1.0,5.692539112446496
219,2037,11,12,8.617806463867117E18,41.00591361427029,0.0019958297332858146,1.0,37.46584764713392,2.0,611.3398945177507,361.9506048387097,527.7837644815589,100.0,0.0,5.890120967741935,0.0,0.0,88.0,0.0,879.8574711313761,0.1056300767719386,100.0,1.0,5.787555147173363
208,2037,11,12,5.859174576972996E18,41.26227956926852,0.0031135497851676095,1.0,24.123345339173472,1.0,624.3186835697968,355.73891129032256,267.74251845763837,100.0,0.0,5.847782258064516,0.0,0.0,88.0,0.0,840.6239348578471,0.10720238929663298,100.0,1.0,5.823738516147097
210,2037,11,12,2.9539370702862316E18,41.35209556645444,0.005759467574360101,1.0,27.520438845904657,2.0,629.6594712068292,355.164314516129,345.8811926708414,100.0,0.0,5.732862903225806,0.0,0.0,88.0,0.0,909.5350696865185,0.10788462781771412,100.0,1.0,5.836415103277969
213,2037,11,12,2.861374886328272E18,41.054231551496414,0.0023404409183236875,0.0,43.021649815968765,0.0,588.5922739199319,355.9959677419355,688.6787852352849,100.0,0.0,5.899193548387097,0.0,0.0,88.0,0.0,911.1862249628321,0.10157994651366473,100.0,1.0,5.794374717855884
201,2037,11,12,6.307363977605812E18,40.30780315523208,2.840355305410554E-4,1.0,34.28474858856234,4.0,618.580685561321,361.3306451612903,478.2927715939585,100.0,0.0,5.766129032258065,0.0,0.0,88.0,0.0,915.6986785674594,0.1087323005121322,100.0,1.0,5.689024168970844
202,2037,11,12,8.834479670273441E18,41.73815244580791,0.00897325048085301,1.0,20.560873390512235,1.0,628.4263094329026,355.5272177419355,237.22918468596458,100.0,0.0,5.805443548387097,0.0,0.0,88.0,0.0,914.8003999256476,0.10667741613660212,100.0,1.0,5.890902987640727
205,2037,11,12,3.0688222562761073E18,41.312267199496006,0.00897325048085301,1.0,43.48494232547805,1.0,551.0422967694511,355.73891129032256,703.7776579967598,100.0,0.0,5.847782258064516,0.0,0.0,88.0,0.0,913.7536613299878,0.09450553744928333,100.0,1.0,5.830793746505802
207,2037,11,13,8.507560024639921E18,41.43355341267419,0.004351721862683328,1.0,34.23830999557027,2.0,675.5242500826845,363.148185483871,457.50129811966565,100.0,0.0,5.829637096774194,0.0,0.0,88.0,0.0,877.7325601770344,0.11551546042414125,100.0,1.0,5.847912024956172
209,2037,11,13,1.481964993321812E18,42.12152711624293,0.003949494049671231,0.0,27.964237433596622,0.0,588.3064218307364,356.7600806451613,347.33496639922174,100.0,0.0,5.752016129032258,0.0,0.0,88.0,0.0,893.3761928678254,0.09895798217374385,100.0,1.0,5.94501230631226
211,2037,11,13,6.492828447697523E18,41.18017644289135,0.003451250184943474,1.0,32.41007971861875,2.0,630.3008847891324,357.23387096774195,419.4873371673998,100.0,0.0,5.846774193548387,0.0,0.0,88.0,0.0,873.3183474643658,0.10844538224317282,100.0,1.0,5.812150519934314
212,2037,11,13,1.0005304447219302E18,40.51828465217328,0.0030335532389631588,1.0,28.738854109289193,4.0,559.3357623236844,363.32459677419354,369.7424210229918,100.0,0.0,5.86491935483871,0.0,0.0,88.0,0.0,915.2691141205896,0.09780766406482766,100.0,1.0,5.718731427354736
204,2037,11,13,3.1730362057635645E18,42.40781244406759,0.0037202531015145335,0.0,25.866013652397367,0.0,676.2852516233817,357.06754032258067,317.9937968430457,100.0,0.0,5.813508064516129,0.0,0.0,88.0,0.0,909.7037091375671,0.1129887999864863,100.0,1.0,5.985418481338565
206,2037,11,13,4.898224502314156E18,41.454030972442396,0.004142774921908132,1.0,36.97767512451327,2.0,587.0513650186939,362.6693548387097,548.8718692325658,100.0,0.0,5.733870967741935,0.0,0.0,88.0,0.0,934.508924827902,0.10033690135897118,100.0,1.0,5.850802218003769
212,2038,2,26,1.0005304447219302E18,47.117857374449926,0.196514185530681,1.0,44.442153991417044,1.0,95.69999999999828,247.125,642.4761792435492,100.0,0.0,6.625,0.0,0.0,103.30000000000182,413.20406313576365,802.5356790538261,0.014426447549704664,100.0,1.0,6.63364973741976
204,2038,2,26,3.1730362057635645E18,48.04077936338769,0.196514185530681,0.0,39.646439964311384,0.0,89.89999999999921,247.1048387096774,585.8579264995985,100.0,0.023185483870967742,6.620967741935484,0.0,0.0,103.30000000000182,613.590505311539,891.1377733116724,0.013291764684284158,97.68145161290323,1.0,6.763586486472685
216,2038,2,27,4.898742477016446E18,46.997648391604194,0.21535801154047354,0.0,50.02959151920021,0.0,98.60000000000124,249.7741935483871,808.8091550247874,100.0,0.0,6.854838709677419,0.0,0.0,103.30000000000182,411.0186048542534,807.239819533988,0.014901630268626493,100.0,1.0,6.616725701991891
218,2038,2,27,7.278710821350941E18,47.89512703544228,0.21535801154047354,0.0,44.23599737621569,0.0,110.19999999999813,255.49697580645162,729.360762952216,100.0,0.014112903225806451,6.799395161290323,0.0,0.0,143.0,611.4125645953966,918.6495804014764,0.016342679418843004,98.58870967741935,1.0,6.743080322125038
219,2038,2,27,8.617806463867117E18,48.073230995732494,0.21535801154047354,0.0,48.01059747911265,0.0,78.30000000000146,255.24495967741936,836.651007607279,100.0,0.014112903225806451,6.748991935483871,0.0,0.0,143.0,611.7405997897039,905.3053964256197,0.011568883471941535,98.58870967741935,1.0,6.768155301235899
209,2038,2,27,1.481964993321812E18,47.741892839237444,0.21535801154047354,0.0,36.249699429103714,0.0,72.49999999999999,249.09375,502.2696451260535,100.0,0.0020161290322580645,6.71875,0.0,0.0,103.30000000000182,615.1432314562845,882.4517909095306,0.01078627204254689,99.79838709677419,1.0,6.721506718356517
213,2038,2,27,2.861374886328272E18,49.09044809353606,0.10693049232396835,0.0,53.81927745585844,0.0,104.39999999999851,248.16633064516128,1027.990975257773,100.0,0.014112903225806451,6.533266129032258,0.0,0.0,103.30000000000182,608.6135463924243,881.5599311094621,0.015105548475191556,98.58870967741935,1.0,6.911367711768877
214,2038,2,27,4.281117921937587E18,47.497493439043886,0.21535801154047354,0.0,37.04164409812392,0.0,87.00000000000001,255.62802419354838,545.5973745457436,100.0,0.0,6.825604838709677,0.0,0.0,143.0,614.3177015651493,926.1819088152248,0.01301012765191938,100.0,1.0,6.687098107539701
205,2038,2,27,3.0688222562761073E18,46.74714889146313,0.13115591445826535,0.0,51.07478456366477,0.0,104.39999999999851,249.62802419354838,947.3125182647696,100.0,0.0,6.825604838709677,0.0,0.0,103.30000000000182,616.9725799911332,906.8218462341893,0.015862745877133114,100.0,1.0,6.58145826760649
215,2038,2,28,2.797545246119503E18,48.331259159410045,0.11525680981804352,0.0,37.35053973617607,0.0,95.69999999999828,257.1633064516129,525.2815378187405,100.0,0.0,6.832661290322581,0.0,0.0,143.0,416.75081362825705,880.1703424702406,0.014064257995534206,100.0,1.0,6.804482684432105
217,2038,2,28,4.974214387304059E17,49.415020048737645,0.14350602791070094,0.0,46.1013808699786,0.0,101.50000000000001,255.78225806451613,793.1190737798277,100.0,0.0,6.556451612903226,0.0,0.0,143.0,609.6261085853432,926.6348984809828,0.014589488395939786,100.0,1.0,6.957063691708832
207,2038,2,28,8.507560024639921E18,48.22856644388458,0.2342018375502631,0.0,44.46047904610499,0.0,110.19999999999813,256.2409274193548,677.2755808387144,100.0,0.0,6.648185483870968,0.0,0.0,143.0,406.1042085859368,845.2703196911323,0.016229690504604297,100.0,1.0,6.790024736992665
208,2038,2,28,5.859174576972996E18,47.945460275960556,0.1298236350056895,1.0,30.486680137783324,1.0,78.30000000000146,257.0272177419355,393.4820877569912,100.0,0.03024193548387097,6.805443548387097,0.0,0.0,143.0,612.9172801729268,896.2810410525093,0.011599713597664813,96.9758064516129,1.0,6.750166660646205
210,2038,2,28,2.9539370702862316E18,48.253365174384165,0.2342018375502631,0.0,35.97863560914444,0.0,95.69999999999828,257.27923387096774,539.4549960419304,100.0,0.0,6.855846774193548,0.0,0.0,143.0,616.6699427847152,958.8032549851312,0.014086961512641133,100.0,1.0,6.793516111627092
211,2038,2,28,6.492828447697523E18,48.84729602691961,0.2342018375502631,0.0,40.31055413375471,0.0,104.39999999999851,257.1733870967742,620.8793671284601,100.0,0.03024193548387097,6.834677419354839,0.0,0.0,143.0,610.1224165386528,918.5742094405947,0.015180740873294766,96.9758064516129,1.0,6.8771347111031975
200,2038,2,28,5.096996787781837E17,49.85106107819459,0.5910828064104858,0.0,39.2764522605295,0.0,116.00000000000001,256.17540322580646,601.6035199929358,100.0,0.03024193548387097,6.63508064516129,0.0,0.0,143.0,607.1421730942599,929.3357079437212,0.016527858235390984,96.9758064516129,1.0,7.018453228961636
201,2038,2,28,6.307363977605812E18,47.78522159146201,0.2342018375502631,0.0,45.83763187082561,0.0,101.50000000000001,257.1532258064516,749.5072626001668,100.0,0.0,6.830645161290323,0.0,0.0,143.0,408.83922336687004,884.8385103999385,0.015087088383723296,100.0,1.0,6.727606905882733
202,2038,2,28,8.834479670273441E18,48.76465696933354,0.2342018375502631,0.0,29.453101195040816,0.0,37.70000000000009,257.35483870967744,395.62075498732816,100.0,0.014112903225806451,6.870967741935484,0.0,0.0,143.0,603.8882126448059,946.6966626749194,0.00549122416760293,98.58870967741935,1.0,6.865500086924547
203,2038,2,28,6.605295447056412E18,49.20532640953507,0.5915585619706779,0.0,40.775736786375425,0.0,89.89999999999921,257.08266129032256,671.3310302224426,100.0,0.03024193548387097,6.816532258064516,0.0,0.0,143.0,608.3595158396815,974.1686896263922,0.012977187250688025,96.9758064516129,1.0,6.927541250915747
206,2038,2,28,4.898224502314156E18,47.95892256824428,0.13113204790048413,0.0,45.958572724173465,0.0,92.80000000000169,257.04233870967744,816.5244197000117,100.0,0.014112903225806451,6.808467741935484,0.0,0.0,143.0,610.0088352174616,959.2106618051616,0.013743949634594875,98.58870967741935,1.0,6.752061995804682
219,2038,7,7,8.617806463867117E18,41.04526007830821,0.003627021212955964,0.0,52.373227368334774,0.0,253.78115970399327,228.9828629032258,777.344845955425,100.0,0.0,5.696572580645161,0.0,0.0,103.39999999999856,275.0,706.2516241794533,0.044026134152003564,100.0,1.0,5.764329859800877
207,2038,7,7,8.507560024639921E18,40.641077580520616,0.0023839666527239725,0.0,44.3577770888763,0.0,218.90393704792126,229.94556451612902,568.0580360721322,100.0,0.10685483870967742,5.889112903225806,0.0,0.0,103.39999999999856,271.6400000000069,711.765420207704,0.03835328298030714,89.31451612903226,1.0,5.707567124314222
213,2038,7,7,2.861374886328272E18,41.03974311745434,0.001239399237686884,0.0,53.002469575907085,0.0,118.12177150140324,227.83366935483872,835.9201898187223,100.0,0.03024193548387097,5.466733870967742,0.0,0.0,103.39999999999856,274.23999999999626,740.5758436718148,0.02049460274662794,96.9758064516129,1.0,5.763555066752309
215,2038,7,8,2.797545246119503E18,40.347800212768746,8.646415957653695E-4,0.0,36.648237134297354,0.0,219.01190055103186,231.94959677419354,429.31913771845853,100.0,0.0,5.98991935483871,0.0,0.0,103.39999999999856,275.0,741.0599210943973,0.03865111608347749,100.0,1.0,5.666379725698392
216,2038,7,8,4.898742477016446E18,39.54219835120543,0.0015365154932967492,1.0,46.706331628583996,2.0,235.3747585969949,231.72782258064515,633.892811596292,100.0,0.0,5.945564516129032,0.0,0.0,103.39999999999856,275.0,722.4142103847803,0.04238510507526665,100.0,1.0,5.553242304791293
218,2038,7,8,7.278710821350941E18,40.78697806772789,0.00897325048085301,0.0,46.355064617227,0.0,101.37749009172167,231.72782258064515,642.8772583749894,100.0,0.10685483870967742,5.945564516129032,0.0,0.0,103.39999999999856,275.0,743.0618100940363,0.017698407574002012,89.31451612903226,1.0,5.728057152477358
208,2038,7,8,5.859174576972996E18,40.89933214056669,0.0011029068929268734,0.0,36.67205075203207,0.0,208.43510806054513,231.54133064516128,402.8468930666146,100.0,0.09879032258064516,5.908266129032258,0.0,0.0,103.39999999999856,269.84705961210454,694.635322246215,0.036288485415019965,90.12096774193549,1.0,5.743835976529153
209,2038,7,8,1.481964993321812E18,40.204876848885775,0.004491116356783313,1.0,36.9663048532036,1.0,264.07185068404175,231.88407258064515,430.4291201390213,100.0,0.0,5.976814516129032,0.0,0.0,103.39999999999856,275.0,732.7867736490814,0.04676894353652927,100.0,1.0,5.64630779991398
211,2038,7,8,6.492828447697523E18,40.20202585837398,0.0011900862706701635,2.0,43.07974257222744,2.0,300.87147574942077,231.74798387096774,544.8337567285959,100.0,0.0,5.949596774193548,0.0,0.0,103.39999999999856,274.3310555740543,719.0083406874437,0.05329018948144231,100.0,1.0,5.645907411423182
214,2038,7,8,4.281117921937587E18,40.98194606559476,0.0011419254875099315,1.0,40.53924353193631,1.0,190.7969811973901,231.54133064516128,508.74666813519605,100.0,0.10685483870967742,5.908266129032258,0.0,0.0,103.39999999999856,275.0,745.3140834067755,0.03315073092218952,89.31451612903226,1.0,5.755438142381339
202,2038,7,8,8.834479670273441E18,40.115173249348246,0.00451370748533856,1.0,32.45122894900477,1.0,253.1981374614421,231.97479838709677,357.81470821481395,100.0,0.0,5.994959677419355,0.0,0.0,103.39999999999856,272.25,743.6676201317373,0.04494341006821443,100.0,1.0,5.633709971654171
204,2038,7,8,3.1730362057635645E18,39.8358845473276,0.002784993941915905,1.0,38.7238994725678,2.0,277.86067147274167,231.92439516129033,473.5296159377397,100.0,0.0,5.984879032258065,0.0,0.0,103.39999999999856,273.799999999995,748.1644414015174,0.049666871257754264,100.0,1.0,5.594487118601427
205,2038,7,8,3.0688222562761073E18,41.17620723242477,0.001578685869256341,0.0,54.26097474266339,0.0,117.84145447481919,231.9798387096774,884.345675813487,100.0,0.0,5.995967741935484,0.0,0.0,103.39999999999856,251.23522187969607,744.7673851536796,0.020378205620173142,100.0,1.0,5.78271986607906
206,2038,7,8,4.898224502314156E18,41.088692179400816,0.00128888975593982,0.0,50.409750121944114,0.0,241.00359684272183,231.46572580645162,765.3931404545024,100.0,0.10685483870967742,5.893145161290323,0.0,0.0,103.39999999999856,275.0,752.1808859974306,0.04176527956547777,89.31451612903226,1.0,5.770429393747669
217,2038,7,9,4.974214387304059E17,40.82604540480086,0.0018179194653267891,1.0,44.00478534765335,1.0,215.3794535856954,233.29334677419354,624.1115308024595,100.0,0.09879032258064516,5.95866935483871,0.0,0.0,103.39999999999856,471.8980776064719,793.1939590599588,0.03756480540281905,90.12096774193549,1.0,5.733543706033208
212,2038,7,9,1.0005304447219302E18,40.13539832389198,0.008797304392993179,1.0,38.216484159523624,1.0,218.23801268878253,233.59072580645162,464.9414794346802,100.0,0.0,6.018145161290323,0.0,0.0,103.39999999999856,275.0,750.5934962620382,0.03871836481542498,100.0,1.0,5.636550348372119
200,2038,7,9,5.096996787781837E17,40.61022055251473,0.00897325048085301,0.0,41.858972378393375,0.0,303.5486860772543,233.45967741935485,521.1572985443577,100.0,0.0,5.991935483870968,0.0,0.0,103.39999999999856,243.724355574055,722.8923203389246,0.053223961468288054,100.0,1.0,5.70323361326862
201,2038,7,9,6.307363977605812E18,41.03930973445496,0.0012012383508504733,0.0,46.60974635225661,0.0,215.68166069198338,233.35383064516128,653.0004320226492,100.0,0.0,5.970766129032258,0.0,0.0,103.39999999999856,275.0,747.1322630646835,0.03742203133895168,100.0,1.0,5.7634942031456635
203,2038,7,9,6.605295447056412E18,40.65251703144346,0.0013599955260462284,0.0,45.419153797049574,0.0,307.41733300009105,233.46975806451613,616.4024361544061,100.0,0.0,5.993951612903226,0.0,0.0,103.39999999999856,215.08395207951818,739.6982814854126,0.05384620457970937,100.0,1.0,5.709173662277653
210,2038,7,10,2.9539370702862316E18,41.155920468925736,0.001383053403337388,0.0,41.6492633480361,0.0,307.78189268001,235.3578629032258,531.3400344476928,100.0,0.0,6.071572580645161,0.0,0.0,103.39999999999856,222.473006433699,743.3664669324013,0.05325065247180416,100.0,1.0,5.779870825864121
215,2038,11,10,2.797545246119503E18,40.27409658518967,0.0026454158257231773,1.0,25.793527022577045,1.0,576.904382898146,340.76915322580646,301.01564493627905,100.0,0.0,5.85383064516129,0.0,0.0,88.0,0.0,864.3219309260788,0.10225226943033074,100.0,1.0,5.641971431169242
217,2038,11,10,4.974214387304059E17,40.68793569145683,0.0029693085641472657,0.0,38.471136210465694,0.0,618.5586196564582,347.13709677419354,542.5653622770078,100.0,0.0,5.92741935483871,0.0,0.0,88.0,0.0,866.4348995191637,0.10852008651451855,100.0,1.0,5.699945876597723
210,2038,11,11,2.9539370702862316E18,40.415080530346735,0.002175860931341664,1.0,27.542361140562743,1.0,667.2218407215404,348.7227822580645,344.35660124493563,100.0,0.0,5.944556451612903,0.0,0.0,88.0,0.0,904.293027324711,0.11784786798785662,100.0,1.0,5.661721778371865
212,2038,11,11,1.0005304447219302E18,41.33784572455692,0.00897325048085301,0.0,27.74703313300939,0.0,615.4434444474424,354.40524193548384,346.93968389640685,100.0,0.0,5.881048387096774,0.0,0.0,88.0,0.0,901.9008451969856,0.10627600840237421,100.0,1.0,5.790991341312865
214,2038,11,11,4.281117921937587E18,41.41795519625858,0.0021103599437565877,0.0,29.16035469697896,0.0,584.724514330078,347.976814516129,369.0887067130667,100.0,0.0,5.795362903225806,0.0,0.0,88.0,0.0,895.1640658295132,0.10077610582254931,100.0,1.0,5.80221382397614
200,2038,11,11,5.096996787781837E17,40.900435373772126,0.003656581288041178,1.0,29.12799152621111,1.0,619.5973006654496,354.5413306451613,364.5231575908127,100.0,0.0,5.908266129032258,0.0,0.0,88.0,0.0,885.302821209805,0.10813754620839225,100.0,1.0,5.729714815901421
205,2038,11,11,3.0688222562761073E18,39.89547716862274,0.0029871006926940826,1.0,42.46849275936891,2.0,586.1670825742557,348.69254032258067,669.1224095211967,100.0,0.0,5.938508064516129,0.0,0.0,88.0,0.0,905.3962457890451,0.10488000196291186,100.0,1.0,5.588930888669689
216,2038,11,12,4.898742477016446E18,40.897406167289596,0.0026329960331141554,1.0,36.686377259196874,1.0,576.3867341002261,356.2983870967742,513.8086404500756,100.0,0.0,5.959677419354839,0.0,0.0,88.0,0.0,885.4958469932457,0.10060351076433535,100.0,1.0,5.729290456377982
218,2038,11,12,7.278710821350941E18,40.47223467464695,0.00897325048085301,1.0,33.56231254038219,2.0,586.0928584526049,356.101814516129,460.9520224837437,100.0,0.0,5.920362903225806,0.0,0.0,88.0,0.0,910.8740569965681,0.10337229765503599,100.0,1.0,5.669728464471761
219,2038,11,12,8.617806463867117E18,41.275551665882126,0.0022705593321996572,1.0,42.17622519259977,1.0,554.1564243821638,350.0967741935484,628.0935734355273,100.0,0.0,5.919354838709677,0.0,0.0,88.0,0.0,860.1188589712491,0.09583726479988962,100.0,1.0,5.78226460802335
207,2038,11,12,8.507560024639921E18,41.111726797637594,0.002634542125911053,1.0,32.36591338551379,2.0,551.3913745274776,356.1068548387097,418.42614283287134,100.0,0.0,5.921370967741935,0.0,0.0,88.0,0.0,873.0007676591069,0.09573906328284554,100.0,1.0,5.759314491081673
208,2038,11,12,5.859174576972996E18,42.0302415898215,0.0046301602068385276,0.0,24.816141328249568,0.0,586.9662073551705,355.85987903225805,279.53191137269715,100.0,0.0,5.871975806451613,0.0,0.0,88.0,0.0,845.4937367576209,0.09968874694460009,100.0,1.0,5.887988618026913
209,2038,11,12,1.481964993321812E18,40.289064179152696,0.00897325048085301,1.0,23.250650441278022,2.0,581.583341597577,356.1975806451613,270.7775855038557,100.0,0.0,5.939516129032258,0.0,0.0,88.0,0.0,891.9769268452142,0.10304328681846449,100.0,1.0,5.644068231462531
211,2038,11,12,6.492828447697523E18,42.17602509088285,0.0036926956711329333,0.0,34.11126904238697,0.0,581.5557703397941,355.5524193548387,451.4890774047245,100.0,0.0,5.810483870967742,0.0,0.0,88.0,0.0,871.1147886991918,0.09842845016681447,100.0,1.0,5.908411331827186
201,2038,11,12,6.307363977605812E18,41.4503343697139,0.0040420047211049675,1.0,35.36950761821146,1.0,626.1596651604274,356.1774193548387,499.37160372815464,100.0,0.0,5.935483870967742,0.0,0.0,88.0,0.0,911.2692266130846,0.10783307127619472,100.0,1.0,5.806749800871699
202,2038,11,12,8.834479670273441E18,41.4257981900227,0.0037264329239422847,1.0,19.45611635457434,1.0,580.8915381782824,355.73387096774195,221.21908992698158,100.0,0.0,5.846774193548387,0.0,0.0,88.0,0.0,913.4233117918312,0.10009654551567154,100.0,1.0,5.803312543761418
203,2038,11,12,6.605295447056412E18,40.669860983621255,0.002215617402679762,1.0,32.38728956919479,2.0,622.8351114503133,356.09173387096774,438.7526246196791,100.0,0.0,5.918346774193548,0.0,0.0,88.0,0.0,914.5547721581871,0.10931891784755027,100.0,1.0,5.697413802786473
204,2038,11,12,3.1730362057635645E18,41.29534201892326,0.0023174717150963382,1.0,27.555115624962248,1.0,578.6884156643517,356.1875,348.58310582971154,100.0,0.0,5.9375,0.0,0.0,88.0,0.0,914.7222170046286,0.1000319294622296,100.0,1.0,5.785037025431515
213,2038,11,13,2.861374886328272E18,41.45608759276069,0.00897325048085301,1.0,41.57800151010052,2.0,557.002110215443,361.4445564516129,661.0155057146187,100.0,0.0,5.488911290322581,0.0,0.0,88.0,0.0,927.5159689463553,0.0959099030043035,100.0,1.0,5.807555766065682
206,2038,11,13,4.898224502314156E18,41.27608146468726,0.00897325048085301,1.0,39.63896102613433,2.0,591.3162712589767,357.5211693548387,603.2851833046238,100.0,0.0,5.904233870967742,0.0,0.0,88.0,0.0,917.4209232096933,0.10226247353041196,100.0,1.0,5.782338827185952
217,2039,2,25,4.974214387304059E17,46.876231784136685,0.20010348572302217,0.0,48.378977722457165,0.0,98.60000000000124,245.8921370967742,801.1861089405162,100.0,0.0030241935483870967,6.678427419354839,0.0,0.0,103.60000000000144,619.090512203739,854.214344403142,0.015052181114949081,99.69758064516128,1.0,6.550545681520972
206,2039,2,25,4.898224502314156E18,46.4084380124802,0.20010348572302217,0.0,46.907240455816165,0.0,81.19999999999848,246.19959677419354,801.7095161202199,100.0,0.0,6.73991935483871,0.0,0.0,103.60000000000144,611.0697722449069,906.6384551207127,0.012520863794030987,100.0,1.0,6.485175570611077
215,2039,2,26,2.797545246119503E18,47.486853241885285,0.21984463678090016,0.0,34.559308898850375,0.0,75.40000000000018,247.50302419354838,469.27449468490306,100.0,0.0,6.700604838709677,0.0,0.0,103.60000000000144,609.5750589558124,887.7955181904371,0.011362480937237015,100.0,1.0,6.6358747193053595
216,2039,2,26,4.898742477016446E18,47.48975332482071,0.10458831435818233,0.0,47.58217140042091,0.0,72.49999999999999,248.26915322580646,788.8786790594376,100.0,0.0,6.85383064516129,0.0,0.0,103.60000000000144,613.3671610122428,868.4106631722659,0.010924795248415652,100.0,1.0,6.636279980671873
207,2039,2,26,8.507560024639921E18,47.26674926935113,0.21984463678090016,0.0,40.368788178616235,0.0,78.30000000000146,247.7701612903226,585.1203299679014,100.0,0.0030241935483870967,6.754032258064516,0.0,0.0,103.60000000000144,616.690104705876,863.4768785100438,0.011854445390271107,99.69758064516128,1.0,6.605117103518141
209,2039,2,26,1.481964993321812E18,47.168496702173584,0.14147016523867423,0.0,42.66012499268228,0.0,84.10000000000043,248.3195564516129,610.855149140262,100.0,0.0,6.863911290322581,0.0,0.0,103.60000000000144,411.52993708928665,820.1607285455341,0.0127590745218542,100.0,1.0,6.591387161815769
212,2039,2,26,1.0005304447219302E18,47.13533049553342,0.5907586128063355,0.0,37.959782236969616,0.0,98.60000000000124,248.18850806451613,564.38187820839,100.0,0.03024193548387097,6.837701612903226,0.0,0.0,103.60000000000144,614.8541636498887,921.6240668028606,0.014969440616694517,96.9758064516129,1.0,6.586752472903937
214,2039,2,26,4.281117921937587E18,48.59992964685398,0.11510190407376926,0.0,42.25515922962633,0.0,60.900000000000986,246.70665322580646,659.9535941074947,100.0,0.0,6.54133064516129,0.0,0.0,103.60000000000144,612.6985451277202,901.0761924731117,0.008967200191497033,100.0,1.0,6.791417465815939
201,2039,2,26,6.307363977605812E18,48.10292777531831,0.21984463678090016,0.0,47.610045693609784,0.0,81.19999999999848,247.80040322580646,792.3481806732019,100.0,0.0,6.76008064516129,0.0,0.0,103.60000000000144,614.5504652049735,871.1934614516816,0.012079799673776724,100.0,1.0,6.7219657769880445
205,2039,2,26,3.0688222562761073E18,47.84793827593426,0.09753533131362019,0.0,53.92023340304605,0.0,43.49999999999999,247.60383064516128,1057.894666809329,100.0,0.0,6.720766129032258,0.0,0.0,103.60000000000144,613.0804338082269,903.4584725149557,0.006505807984613359,100.0,1.0,6.686333212243614
218,2039,2,27,7.278710821350941E18,48.01512751341275,0.23958578783877627,0.0,51.58084519994214,0.0,87.00000000000001,249.11895161290323,902.244552419212,100.0,0.0,6.723790322580645,0.0,0.0,103.60000000000144,414.37609651151104,846.3444982641226,0.012966309369725315,100.0,1.0,6.709696454037565
219,2039,2,27,8.617806463867117E18,47.763700241615915,0.23958578783877627,0.0,50.15152826775419,0.0,72.49999999999999,249.93548387096774,878.1098451519588,100.0,0.03024193548387097,6.887096774193548,0.0,0.0,103.60000000000144,610.8303301424518,872.0967016326583,0.010862136493759226,96.9758064516129,1.0,6.674561679615645
208,2039,2,27,5.859174576972996E18,48.12204847651855,0.16477702052185378,0.0,39.75755736715671,0.0,98.60000000000124,255.40625,545.2897649203284,100.0,0.0,6.78125,0.0,0.0,143.0,410.15262286401804,825.5687999974285,0.014662499896392713,100.0,1.0,6.724637728676742
210,2039,2,27,2.9539370702862316E18,48.66666270170733,0.23958578783877627,0.0,42.759593658218456,0.0,104.39999999999851,249.25,679.8411179666576,100.0,0.03024193548387097,6.75,0.0,0.0,103.60000000000144,609.8810344452497,909.3794669810698,0.0153512642093012,96.9758064516129,1.0,6.800742829814853
211,2039,2,27,6.492828447697523E18,47.22393169941325,0.14467740811520285,0.0,44.16050534068132,0.0,110.19999999999813,249.00806451612902,684.7399118601197,100.0,0.03024193548387097,6.701612903225806,0.0,0.0,103.60000000000144,610.6690061798631,864.9829765836826,0.016699161536487712,96.9758064516129,1.0,6.599133720529071
213,2039,2,27,2.861374886328272E18,48.97934604779843,0.23958578783877627,0.0,55.09163643296291,0.0,81.19999999999848,247.34979838709677,1021.4728527469722,100.0,0.0,6.369959677419355,0.0,0.0,103.60000000000144,410.65039513069905,832.0924853012832,0.011863648213696655,100.0,1.0,6.844437607839095
200,2039,2,27,5.096996787781837E17,48.25916333178032,0.23958578783877627,0.0,38.912233802391185,0.0,104.39999999999851,249.64314516129033,559.9580438652661,100.0,0.03024193548387097,6.828629032258065,0.0,0.0,103.60000000000144,623.2409433218016,878.259518211701,0.015480889964515084,96.9758064516129,1.0,6.743798337130593
202,2039,2,27,8.834479670273441E18,48.22562030992956,0.23958578783877627,0.0,35.26313505847817,0.0,110.19999999999813,254.74092741935485,475.22128664065417,100.0,0.0,6.648185483870968,0.0,0.0,143.0,404.96561685827305,871.5623272038013,0.01635230524290825,100.0,1.0,6.739110991570453
203,2039,2,27,6.605295447056412E18,47.836494579014165,0.23958578783877627,0.0,42.182503250679574,0.0,84.10000000000043,249.64314516129033,671.7716639951796,100.0,0.0,6.828629032258065,0.0,0.0,103.60000000000144,613.062875061462,919.9364811442531,0.012580904386980042,100.0,1.0,6.684734055131632
204,2039,2,27,3.1730362057635645E18,48.446834414199834,0.23958578783877627,0.0,42.400690946582415,0.0,98.60000000000124,249.55745967741936,665.2403312093268,100.0,0.03024193548387097,6.811491935483871,0.0,0.0,103.60000000000144,613.953259701947,902.9903525694666,0.014564202993505547,96.9758064516129,1.0,6.770023738612325
216,2039,7,7,4.898742477016446E18,40.19546115815825,0.001009137480977623,1.0,48.63397001494468,1.0,118.45255347921395,230.2227822580645,680.8868644442178,100.0,0.09879032258064516,5.944556451612903,0.0,0.0,103.69999999999817,275.0,718.3640384202209,0.021140851156710147,90.12096774193549,1.0,5.603017239048906
217,2039,7,7,4.974214387304059E17,40.677215036152745,0.002478798475373768,0.0,48.69363759341192,0.0,116.1706374313832,230.36895161290323,691.1843272682011,100.0,0.0,5.973790322580645,0.0,0.0,103.69999999999817,274.359999999993,727.4058198999344,0.020488030783446163,100.0,1.0,5.670170972470731
218,2039,7,7,7.278710821350941E18,40.73073190302554,0.0037140937420749227,0.0,49.293956491377216,0.0,276.4421112561843,230.16229838709677,729.7689189405739,100.0,0.0,5.932459677419355,0.0,0.0,103.69999999999817,275.0,749.8573687817467,0.04868969386645878,100.0,1.0,5.677630917425402
208,2039,7,7,5.859174576972996E18,40.281146672619236,0.00897325048085301,1.0,39.22030884839404,1.0,210.13102472632096,230.03629032258064,449.278428886265,100.0,0.0,5.907258064516129,0.0,0.0,103.69999999999817,275.0,695.365805227223,0.037423414543509635,100.0,1.0,5.614961309369994
209,2039,7,7,1.481964993321812E18,41.133230736200886,0.0011427980744845977,0.0,42.02750100098215,0.0,169.60899009757293,227.70262096774192,523.5522031133934,100.0,0.0,5.440524193548387,0.0,0.0,103.69999999999817,272.79000000000195,721.264466609932,0.029580880940540982,100.0,1.0,5.733736951191389
213,2039,7,7,2.861374886328272E18,39.977961089304,0.00897325048085301,1.0,50.39795757487779,1.0,256.3713376498463,230.26310483870967,760.972690682017,100.0,0.057459677419354836,5.952620967741935,0.0,0.0,103.69999999999817,269.309999999998,748.1887992566295,0.04600487821694205,94.25403225806451,1.0,5.572698974245591
200,2039,7,7,5.096996787781837E17,41.0455269285041,0.00897325048085301,0.0,41.09179236112662,0.0,214.40371024327354,229.48689516129033,501.7248678198252,100.0,0.09879032258064516,5.797379032258065,0.0,0.0,103.69999999999817,275.0,718.4744872704426,0.03747326360464265,90.12096774193549,1.0,5.721511542344301
203,2039,7,7,6.605295447056412E18,40.68186959425082,0.001240427216042716,0.0,44.38686766045223,0.0,201.61886027620704,229.59274193548387,599.7202441378771,100.0,0.09879032258064516,5.818548387096774,0.0,0.0,103.69999999999817,275.0,750.5638474769015,0.03555374138109448,90.12096774193549,1.0,5.6708197912306595
205,2039,7,7,3.0688222562761073E18,39.286846929157996,0.001270998651678897,1.0,53.293365107679136,2.0,204.97233800216847,230.27822580645162,856.5198404147402,100.0,0.0,5.955645161290323,0.0,0.0,103.69999999999817,275.0,749.9030981493004,0.037428561586308286,100.0,1.0,5.476361615701236
215,2039,7,8,2.797545246119503E18,41.09321257168848,0.00897325048085301,0.0,36.664414885666936,0.0,293.74111417549403,231.94959677419354,429.9107073306579,100.0,0.0,5.98991935483871,0.0,0.0,103.69999999999817,275.0,741.5267683800538,0.05128019879013594,100.0,1.0,5.728158648090048
219,2039,7,8,8.617806463867117E18,41.09443831754021,0.0034459487253659833,0.0,52.24271206199677,0.0,275.47685385638965,231.71774193548387,785.1222078689689,100.0,0.014112903225806451,5.943548387096774,0.0,0.0,103.69999999999817,275.0,716.9629164983804,0.048090259712407636,98.58870967741935,1.0,5.728329510046597
210,2039,7,8,2.9539370702862316E18,40.380589974656296,0.0022354884107755415,0.0,44.13738740694921,0.0,215.371467614364,231.99495967741936,580.9731264781259,100.0,0.0,5.998991935483871,0.0,0.0,103.69999999999817,203.0043555740536,734.389301050112,0.03826225525123242,100.0,1.0,5.628823136540729
211,2039,7,8,6.492828447697523E18,40.791405079306784,0.001402947229651822,0.0,46.22266892511997,0.0,174.8309716666996,231.94959677419354,617.6426965249316,100.0,0.0,5.98991935483871,0.0,0.0,103.69999999999817,273.76999999999623,717.6630768312032,0.030747142680700133,100.0,1.0,5.6860884109546985
214,2039,7,8,4.281117921937587E18,40.93046411098937,0.0012982133218826736,0.0,42.540785837131885,0.0,274.9595760807099,231.90423387096774,558.3311336595872,100.0,0.0,5.980846774193548,0.0,0.0,103.69999999999817,275.0,753.0905948086906,0.04819225380092498,100.0,1.0,5.705472444109523
201,2039,7,8,6.307363977605812E18,40.66104858158701,0.0017363100775644412,1.0,45.98772667398515,1.0,259.8052401211407,231.7328629032258,638.9931648260069,100.0,0.036290322580645164,5.946572580645161,0.0,0.0,103.69999999999817,275.0,749.6673644534924,0.04583786582962197,96.37096774193549,1.0,5.667917461228001
204,2039,7,8,3.1730362057635645E18,41.036254734521954,0.00897325048085301,0.0,43.383283377300316,0.0,187.52224183124682,231.90927419354838,575.2367701661057,100.0,0.09879032258064516,5.981854838709677,0.0,0.0,103.69999999999817,270.39000000000686,749.8136847450631,0.0327823532876396,90.12096774193549,1.0,5.720219051569766
207,2039,7,9,8.507560024639921E18,41.01260506159543,2.3099548166743126E-4,1.0,43.04644548711692,2.0,212.36737733831606,233.25806451612902,540.0655934749481,100.0,0.0,5.951612903225806,0.0,0.0,103.69999999999817,257.3486331176029,713.737743021499,0.03714715044967742,100.0,1.0,5.716922422515459
212,2039,7,9,1.0005304447219302E18,40.94185924595019,0.0066765256553966085,1.0,40.894442911513266,1.0,247.76761336046334,233.4647177419355,526.927775377323,100.0,0.0,5.992943548387097,0.0,0.0,103.69999999999817,264.46412328068936,760.6151226499293,0.043414223083962575,100.0,1.0,5.7070608607064965
202,2039,7,9,8.834479670273441E18,41.99366135722631,0.0011364298987909087,0.0,35.92672199225657,0.0,279.12911244192776,233.35887096774192,420.643397764504,100.0,0.0,5.971774193548387,0.0,0.0,103.69999999999817,274.46999999999997,749.1896858517507,0.04768441399942967,100.0,1.0,5.8536760553514675
206,2039,7,10,4.898224502314156E18,40.69170091095215,0.0026548078345719046,1.0,48.62910437228505,1.0,273.05233074347524,235.21673387096774,727.0547129301056,100.0,0.0,6.043346774193548,0.0,0.0,103.69999999999817,275.0,767.1337712826441,0.048138782397677354,100.0,1.0,5.672190220512301
213,2039,11,9,2.861374886328272E18,39.40390836071992,0.00897325048085301,1.0,40.63800279023419,2.0,536.8114620831813,339.40020161290323,603.485246527944,100.0,0.0,5.880040322580645,0.0,0.0,88.0,0.0,880.3134049919842,0.09797537600902581,100.0,1.0,5.479044673773219
216,2039,11,10,4.898742477016446E18,40.8661519636675,0.00897325048085301,1.0,40.13559267431017,1.0,541.2184460221508,340.6733870967742,569.9852384479592,100.0,0.0,5.834677419354839,0.0,0.0,88.0,0.0,849.081836990547,0.09524524499112076,100.0,1.0,5.6823670942586775
218,2039,11,10,7.278710821350941E18,40.07199173827159,0.00897325048085301,1.0,37.949312326168176,3.0,544.973155612103,346.38104838709677,551.4812247832922,100.0,0.0,5.776209677419355,0.0,0.0,88.0,0.0,900.6014764560215,0.09780670764408919,100.0,1.0,5.5719405012099665
204,2039,11,10,3.1730362057635645E18,41.1318915316587,0.00176361055048212,0.0,32.14904755467085,0.0,580.8564331194808,347.03125,426.31988780219626,100.0,0.0,5.90625,0.0,0.0,88.0,0.0,898.5217790609673,0.10156044161725788,100.0,1.0,5.719317717310689
205,2039,11,10,3.0688222562761073E18,40.067072938852725,0.006006191754252365,1.0,45.70487212057951,2.0,534.9468833273596,340.6028225806452,747.390385803749,100.0,0.0,5.820564516129032,0.0,0.0,88.0,0.0,886.8688081233447,0.09601907190157788,100.0,1.0,5.571256550737071
215,2039,11,11,2.797545246119503E18,40.70772559054358,0.00897325048085301,1.0,23.61492946373887,1.0,584.1888766117381,348.71774193548384,273.8539878749768,100.0,0.0,5.943548387096774,0.0,0.0,88.0,0.0,883.7138591166411,0.10320741582219219,100.0,1.0,5.660338183626171
208,2039,11,11,5.859174576972996E18,38.63213518063434,0.0028058944593036443,1.0,24.000863021147627,6.0,544.7471247044224,348.2842741935484,263.2372139082278,100.0,0.0,5.856854838709677,0.0,0.0,88.0,0.0,831.8230246460124,0.10140997915398471,100.0,1.0,5.371730960295908
209,2039,11,11,1.481964993321812E18,40.347806389875345,0.0018365228163841622,1.0,26.689497346349654,3.0,550.6330902654593,353.991935483871,325.5244509269018,100.0,0.0,5.798387096774194,0.0,0.0,88.0,0.0,892.4918483269975,0.09814695663746771,100.0,1.0,5.610292047051151
210,2039,11,11,2.9539370702862316E18,41.22899734307668,0.00897325048085301,0.0,31.025018366392295,0.0,578.7371752246949,354.616935483871,416.112923090839,100.0,0.0,5.923387096774194,0.0,0.0,88.0,0.0,923.5518691242559,0.10095156729693552,100.0,1.0,5.7328201108796755
212,2039,11,11,1.0005304447219302E18,40.70876198801589,0.0029791668263124296,1.0,28.99633012443193,1.0,620.9213092455367,348.8034274193548,370.7558614228739,100.0,0.0,5.960685483870968,0.0,0.0,88.0,0.0,906.278667119294,0.10969406441319468,100.0,1.0,5.660482292885562
201,2039,11,11,6.307363977605812E18,41.3071201731687,0.002784993941915905,0.0,35.572624294841965,0.0,580.8924076602618,348.6875,501.05995918380705,100.0,0.0,5.9375,0.0,0.0,88.0,0.0,906.1633932239512,0.10113587611107139,100.0,1.0,5.743682954032088
202,2039,11,11,8.834479670273441E18,40.42438440038847,0.004158132752943953,1.0,18.69422478458634,2.0,629.7195587838631,354.3397177419355,210.42905723934945,100.0,0.0,5.867943548387097,0.0,0.0,88.0,0.0,912.8927000877235,0.11203100356498573,100.0,1.0,5.6209400857378045
203,2039,11,11,6.605295447056412E18,40.19331991766325,0.0028927306514677812,1.0,32.36877845830212,2.0,547.545024231053,348.81350806451616,431.2349462837123,100.0,0.0,5.962701612903226,0.0,0.0,88.0,0.0,899.5219504940234,0.09797164851334454,100.0,1.0,5.58881097276293
206,2039,11,11,4.898224502314156E18,41.35957896025373,0.004486625240426505,0.0,40.32608769044259,0.0,661.0735255962063,348.4758064516129,611.4037004674094,100.0,0.0,5.895161290322581,0.0,0.0,88.0,0.0,903.5391445398938,0.11494977219986591,100.0,1.0,5.750977256803798
217,2039,11,12,4.974214387304059E17,42.375456604093515,0.002821776880771401,0.0,38.990838952480395,0.0,550.4055224687348,361.5070564516129,575.1584480133338,100.0,0.0,5.801411290322581,0.0,0.0,88.0,0.0,898.9882932428665,0.09341203873998057,100.0,1.0,5.8922332698553985
219,2039,11,12,8.617806463867117E18,41.72406922103768,0.0026626856026270153,1.0,42.60666012723986,1.0,587.0863466159651,355.7086693548387,648.523800808524,100.0,0.0,5.841733870967742,0.0,0.0,88.0,0.0,872.7898129095398,0.10119283940946376,100.0,1.0,5.801658991308624
207,2039,11,12,8.507560024639921E18,41.519186285642746,0.0036066119296033145,1.0,32.275098387011305,1.0,624.4526195501854,349.9102822580645,409.0516860238625,100.0,0.0,5.882056451612903,0.0,0.0,88.0,0.0,857.0876360824933,0.10816459220759865,100.0,1.0,5.773170376787286
211,2039,11,12,6.492828447697523E18,41.208010758058975,0.00897325048085301,1.0,35.23901037865965,1.0,584.7517586462637,356.2782258064516,474.62670380852484,100.0,0.0,5.955645161290323,0.0,0.0,88.0,0.0,870.9681267327484,0.10205266380398023,100.0,1.0,5.729901962867307
214,2039,11,12,4.281117921937587E18,40.57998234185092,0.00897325048085301,1.0,28.690474776877064,2.0,585.8276009738433,356.46975806451616,372.59954061494875,100.0,0.0,5.993951612903226,0.0,0.0,88.0,0.0,924.3651648210342,0.10382272765169807,100.0,1.0,5.64257570788511
200,2039,11,12,5.096996787781837E17,40.661645700806034,0.0022949489720851834,1.0,25.79734990306029,4.0,552.9464908465974,361.8850806451613,311.46020600204054,100.0,0.0,5.877016129032258,0.0,0.0,88.0,0.0,894.3265397591836,0.09779859446263224,100.0,1.0,5.653930855395597
209,2040,2,25,1.481964993321812E18,46.57359042292057,0.12156362185704071,0.0,43.63556352274123,0.0,104.39999999999851,245.63004032258064,634.7658382301778,100.0,0.0,6.626008064516129,0.0,0.0,103.89999999999854,407.56477564230306,819.0990749079607,0.016161222216407402,100.0,1.0,6.45990746256853
213,2040,2,25,2.861374886328272E18,46.51607199203477,0.2234339369732411,0.0,49.9640022908769,0.0,101.50000000000001,246.02822580645162,917.100771281017,100.0,0.0,6.705645161290323,0.0,0.0,103.89999999999854,610.2251937212037,917.6482146689311,0.015731728077017126,100.0,1.0,6.451929470372928
214,2040,2,25,4.281117921937587E18,45.817833311911855,0.2234339369732411,0.0,44.06564097134182,0.0,89.89999999999921,246.75907258064515,663.6707856634397,100.0,0.0,6.851814516129032,0.0,0.0,103.89999999999854,410.63016981062594,841.6988979211712,0.014146160024040228,100.0,1.0,6.355081509556064
200,2040,2,25,5.096996787781837E17,47.156545121393,0.2234339369732411,0.0,37.079980521430656,0.0,104.39999999999851,245.66532258064515,497.2702770766551,100.0,0.03024193548387097,6.633064516129032,0.0,0.0,103.89999999999854,613.8733343711855,842.999685087357,0.01596143530666122,96.9758064516129,1.0,6.540765162668612
202,2040,2,25,8.834479670273441E18,46.80713271531323,0.2234339369732411,0.0,35.989497458769215,0.0,95.69999999999828,246.52217741935485,490.524677395702,100.0,0.03024193548387097,6.804435483870968,0.0,0.0,103.89999999999854,612.3830126497197,871.4928677143439,0.014740537581821126,96.9758064516129,1.0,6.49230053305661
203,2040,2,25,6.605295447056412E18,46.7107091511467,0.17620972947416494,0.0,41.18146767350521,0.0,110.19999999999813,246.4516129032258,641.9691016141838,100.0,0.014112903225806451,6.790322580645161,0.0,0.0,103.89999999999854,609.4490031456934,916.0550855653739,0.017008991205253916,98.58870967741935,1.0,6.47892627317947
216,2040,2,26,4.898742477016446E18,47.1077620873045,0.2431750880311167,0.0,50.161880969837135,0.0,101.50000000000001,247.70967741935485,817.9878630571601,100.0,0.0,6.741935483870968,0.0,0.0,103.89999999999854,409.2890912123663,812.1106609308101,0.01553413202761455,100.0,1.0,6.533998798231313
217,2040,2,26,4.974214387304059E17,46.59369542632098,0.13895719316063812,0.0,45.378354213727604,0.0,95.69999999999828,248.21875,715.628588250487,100.0,0.014112903225806451,6.84375,0.0,0.0,103.89999999999854,619.2332669242077,860.582245133224,0.014808061317617693,98.58870967741935,1.0,6.462696091495817
207,2040,2,26,8.507560024639921E18,47.5700256343721,0.2431750880311167,0.0,43.285122903877436,0.0,89.89999999999921,247.59879032258064,592.3212941135104,100.0,0.0,6.719758064516129,0.0,0.0,103.89999999999854,403.9052876955684,775.4444707375261,0.013625100960987947,100.0,1.0,6.598116245700144
208,2040,2,26,5.859174576972996E18,48.35993927007168,0.2431750880311167,0.0,36.45874417869294,0.0,75.40000000000018,247.8860887096774,486.22230543925644,100.0,0.0,6.777217741935484,0.0,0.0,103.89999999999854,611.9818563382527,846.7218738900873,0.011240846616734055,100.0,1.0,6.707679819040809
212,2040,2,26,1.0005304447219302E18,48.18097102191803,0.2431750880311167,0.0,39.77920924783024,0.0,104.39999999999851,247.83064516129033,609.7694127536483,100.0,0.0,6.766129032258065,0.0,0.0,103.89999999999854,616.0855353159232,922.3686714862836,0.015622062575251146,100.0,1.0,6.682856344807601
201,2040,2,26,6.307363977605812E18,47.90032967093894,0.09558769183613089,0.0,43.99718678983094,0.0,98.60000000000124,247.75504032258064,706.6919193879722,100.0,0.03024193548387097,6.751008064516129,0.0,0.0,103.89999999999854,618.2842167866587,898.3946535874011,0.014840612835485366,96.9758064516129,1.0,6.6439304827250085
205,2040,2,26,3.0688222562761073E18,47.51459928844813,0.2431750880311167,0.0,61.20581485427129,0.0,113.10000000000181,247.76512096774192,1283.5493665664394,100.0,0.0,6.753024193548387,0.0,0.0,103.89999999999854,412.58081550589094,813.0961772369633,0.017161251527010736,100.0,1.0,6.590428432447919
206,2040,2,26,4.898224502314156E18,47.21016032264904,0.2431750880311167,0.0,48.64618968944306,0.0,78.30000000000146,247.87600806451613,883.9343163126354,100.0,0.0,6.775201612903226,0.0,0.0,103.89999999999854,615.8408266337256,932.4559717858712,0.011957481277812288,100.0,1.0,6.548201764303915
215,2040,2,27,2.797545246119503E18,48.45468023377908,0.26201891404090877,0.0,41.06680058988109,0.0,110.19999999999813,249.4415322580645,577.2296444366642,100.0,0.0,6.788306451612903,0.0,0.0,103.89999999999854,407.32328826247624,827.5383696118688,0.016396807022764266,100.0,1.0,6.720820696798077
218,2040,2,27,7.278710821350941E18,48.29233432851484,0.23647916429684862,0.0,46.838882859702196,0.0,43.49999999999999,249.57762096774192,798.3164150948501,100.0,0.0,6.815524193548387,0.0,0.0,103.89999999999854,612.5881333218828,905.38166724077,0.006494182381691347,100.0,1.0,6.698302795227447
219,2040,2,27,8.617806463867117E18,48.2765606426206,0.13952018852018547,0.0,51.58677326375508,0.0,113.10000000000181,249.34072580645162,927.9750097833851,100.0,0.0,6.768145161290323,0.0,0.0,103.89999999999854,612.3646303769231,870.2841515203553,0.016890391087104623,100.0,1.0,6.696114934031975
210,2040,2,27,2.9539370702862316E18,49.05376556396258,0.12694714827563372,0.0,39.765506388835746,0.0,81.19999999999848,249.01310483870967,609.265205589816,100.0,0.03024193548387097,6.702620967741935,0.0,0.0,103.89999999999854,606.7206245756273,922.0052869241918,0.011934304123265613,96.9758064516129,1.0,6.803915767631663
211,2040,2,27,6.492828447697523E18,48.072886130250126,0.15976763051274917,0.0,48.66363463663778,0.0,87.00000000000001,249.6834677419355,766.7368087407015,100.0,0.0,6.836693548387097,0.0,0.0,103.89999999999854,402.0786576137572,808.2887009491853,0.01304765542544129,100.0,1.0,6.667864621130394
204,2040,2,27,3.1730362057635645E18,47.14348165774509,0.10405834552855786,0.0,43.36479402998956,0.0,84.10000000000043,249.82459677419354,654.5017964750776,100.0,0.0,6.86491935483871,0.0,0.0,103.89999999999854,404.78495819480617,854.0549847371107,0.012861385789974563,100.0,1.0,6.538953218054955
215,2040,7,5,2.797545246119503E18,40.38121117713668,0.0015234720680565464,0.0,37.63275388742706,0.0,158.35706780698692,228.51612903225808,439.8813440806494,100.0,0.0,5.903225806451613,0.0,0.0,104.0,269.80999999999807,727.9219327005511,0.028343277115895665,100.0,1.0,5.587112145129331
212,2040,7,5,1.0005304447219302E18,39.66250381536786,0.0012724405106144376,1.0,40.226473295335694,2.0,234.07549118861934,228.07258064516128,506.5297088205108,100.0,0.0,5.814516129032258,0.0,0.0,104.0,275.0,751.5957685816019,0.042654786124455696,100.0,1.0,5.487672368246022
202,2040,7,5,8.834479670273441E18,39.52144579002726,9.76839808496956E-4,1.0,35.57189096206535,3.0,204.19125232086327,225.98084677419354,404.4056991023534,100.0,0.0,5.39616935483871,0.0,0.0,104.0,275.0,731.2852189398982,0.0373418870648776,100.0,1.0,5.4681556924561
203,2040,7,5,6.605295447056412E18,40.99881372893424,0.0019297312862049465,0.0,45.14393247216226,0.0,229.44981778645788,228.0826612903226,616.1934439149056,100.0,0.09879032258064516,5.816532258064516,0.0,0.0,104.0,268.55999999999807,747.9200225237963,0.04044905487601745,90.12096774193549,1.0,5.672563141209522
205,2040,7,5,3.0688222562761073E18,40.50879380855524,0.001954105069872173,0.0,57.89460304162331,0.0,221.75917322444496,228.20362903225808,1022.3573620601683,100.0,0.0,5.840725806451613,0.0,0.0,104.0,275.0,742.8832941554967,0.03956619018048363,100.0,1.0,5.604764376172605
218,2040,7,6,7.278710821350941E18,40.35178679721744,0.0011480617298941927,0.0,47.194689006330194,0.0,235.4385849079453,230.21270161290323,670.5560543579396,100.0,0.0,5.942540322580645,0.0,0.0,104.0,275.0,749.4777296506353,0.04217031263548655,100.0,1.0,5.5830410114110105
219,2040,7,6,8.617806463867117E18,39.74721713825902,0.0014895834131562146,1.0,51.74605462072013,2.0,295.65382700808425,229.91532258064515,764.6053477182063,100.0,0.09879032258064516,5.883064516129032,0.0,0.0,104.0,275.0,712.2710747508015,0.05376117224600566,90.12096774193549,1.0,5.499393235980838
207,2040,7,6,8.507560024639921E18,40.238882667229234,0.001907578758684739,1.0,37.25991091799748,1.0,261.66444433078107,230.3891129032258,426.11247896913477,100.0,0.0,5.977822580645161,0.0,0.0,104.0,275.0,716.4525356557762,0.04699923107712765,100.0,1.0,5.567419686108886
208,2040,7,6,5.859174576972996E18,40.625902077974914,2.811344846435567E-4,0.0,37.34904524580344,0.0,164.66045883358206,230.43951612903226,417.6083404805139,100.0,0.0,5.987903225806452,0.0,0.0,104.0,270.71530622036465,699.3853081880318,0.029293971592141758,100.0,1.0,5.6209673828506395
209,2040,7,6,1.481964993321812E18,40.28524386578849,0.0013877591216908485,1.0,41.13107704548672,2.0,172.14061429054163,229.6633064516129,516.3577517186588,100.0,0.03024193548387097,5.832661290322581,0.0,0.0,104.0,275.0,738.0877646453071,0.03088369847243823,96.9758064516129,1.0,5.5738341845348085
210,2040,7,6,2.9539370702862316E18,41.07679271013284,0.0013368966747397217,0.0,41.483119712472515,0.0,196.10194290422186,227.85887096774192,530.9519912718844,100.0,0.09879032258064516,5.471774193548387,0.0,0.0,104.0,275.0,748.1275707679214,0.03450462583530774,90.12096774193549,1.0,5.683352250803298
211,2040,7,6,6.492828447697523E18,41.179610838691765,0.0015188304808485152,0.0,46.822505204888074,0.0,233.55057021184604,228.84677419354838,630.5284047752965,100.0,0.0,5.669354838709677,0.0,0.0,104.0,273.16000000000207,715.3043823639086,0.04099120130126371,100.0,1.0,5.697578084998595
213,2040,7,6,2.861374886328272E18,40.75334318593222,0.0013733165719089413,0.0,53.042998169717755,0.0,121.9912693813218,228.95262096774192,850.9857756758963,100.0,0.0,5.690524193548387,0.0,0.0,104.0,275.0,752.4749781809311,0.02163502796283531,100.0,1.0,5.638600032820786
214,2040,7,6,4.281117921937587E18,40.90478146460332,0.0028094084160466552,0.0,43.8187432738693,0.0,220.37863561508314,229.58770161290323,587.8430852072814,100.0,0.0,5.817540322580645,0.0,0.0,104.0,275.0,752.7721946788055,0.03893923054256996,100.0,1.0,5.659552912175709
201,2040,7,6,6.307363977605812E18,40.863986721501256,0.0027901898261359004,0.0,45.260538545749995,0.0,158.44380952371515,230.33366935483872,618.6143192163521,100.0,0.0030241935483870967,5.966733870967742,0.0,0.0,104.0,275.0,747.295931762147,0.02802376571311292,99.69758064516128,1.0,5.653908584083541
206,2040,7,6,4.898224502314156E18,40.04489283771375,0.001965232255990587,1.0,50.15905691582433,1.0,304.6590812856537,230.31854838709677,771.3121205668816,100.0,0.0,5.963709677419355,0.0,0.0,104.0,275.0,765.5761717661067,0.054986863077495444,100.0,1.0,5.540579408144888
216,2040,7,7,4.898742477016446E18,41.04055883376465,0.0013612333860517276,1.0,48.64719946011748,1.0,237.1406319681045,231.87399193548387,689.5007421702991,100.0,0.09879032258064516,5.974798387096774,0.0,0.0,104.0,275.0,727.1282233675702,0.04176232409052744,90.12096774193549,1.0,5.678338960591824
217,2040,7,7,4.974214387304059E17,41.8398668423789,2.863559637749883E-4,0.0,47.68429179482635,0.0,159.87732282534208,231.91935483870967,666.8701140412669,100.0,0.0020161290322580645,5.983870967741935,0.0,0.0,104.0,275.0,730.8947217089691,0.027617764741451944,99.79838709677419,1.0,5.788930578635123
200,2040,7,7,5.096996787781837E17,40.50149493813163,0.0021415872269339047,0.0,36.29226142324384,0.0,243.87321603024776,232.0,413.01587544133196,100.0,0.0,6.0,0.0,0.0,104.0,270.54999999999507,723.7683114396725,0.04351961092916605,100.0,1.0,5.603754510286956
204,2040,7,7,3.1730362057635645E18,40.319636903192894,0.001716383030002495,1.0,41.79602067238974,2.0,259.4758366043142,229.33870967741936,538.26929836013,100.0,0.0,5.467741935483871,0.0,0.0,104.0,275.0,748.7293517050526,0.046512776060630076,100.0,1.0,5.578592777736675
206,2040,11,7,4.898224502314156E18,39.583959850784524,0.0023877728794180516,1.0,41.126918749270004,1.0,533.1939965734059,337.9405241935484,623.7754541820793,100.0,0.0,5.888104838709677,0.0,0.0,88.0,0.0,891.6560284360405,0.09759690919852779,100.0,1.0,5.463226253290498
218,2040,11,9,7.278710821350941E18,38.82078099244804,2.464366275088719E-4,1.0,33.54345997681345,5.0,541.105173692492,347.16229838709677,457.547940120391,100.0,0.0,5.932459677419355,0.0,0.0,88.0,0.0,905.2205278520504,0.100992115354541,100.0,1.0,5.357895235612191
207,2040,11,9,8.507560024639921E18,40.28211398509338,0.0017519036471794274,1.0,26.17271356177402,2.0,540.2723271820331,341.23790322580646,299.04498254582694,100.0,0.0,5.94758064516129,0.0,0.0,88.0,0.0,841.9117210147037,0.0971785736150321,100.0,1.0,5.559582808061107
209,2040,11,9,1.481964993321812E18,41.336561553492345,0.002793664533266823,1.0,31.080758029207686,1.0,540.6481128336991,346.26512096774195,399.4469201275121,100.0,0.0,5.753024193548387,0.0,0.0,88.0,0.0,884.5443071605206,0.09476552953574748,100.0,1.0,5.7051136154919675
211,2040,11,9,6.492828447697523E18,41.06061907506086,0.00897325048085301,0.0,35.779401078544566,0.0,546.823396144575,346.7540322580645,479.4092079221893,100.0,0.0,5.850806451612903,0.0,0.0,88.0,0.0,859.20755973209,0.09649207497087434,100.0,1.0,5.667029093421723
212,2040,11,9,1.0005304447219302E18,41.39722383087236,2.1951295270935422E-4,0.0,31.10847519878546,0.0,507.39801882217637,346.85483870967744,407.8863394051663,100.0,0.0,5.870967741935484,0.0,0.0,88.0,0.0,902.0100623389944,0.08880708199649849,100.0,1.0,5.713485990252244
200,2040,11,9,5.096996787781837E17,40.00606818158959,0.0032796968131772676,1.0,24.03942632955389,2.0,575.3810744758295,341.21774193548384,269.6807413150756,100.0,0.0,5.943548387096774,0.0,0.0,88.0,0.0,850.4139588966783,0.104207686162382,100.0,1.0,5.521484025460845
201,2040,11,9,6.307363977605812E18,40.63108510737014,0.002656379656854073,1.0,33.40306035907053,1.0,544.6673621609524,347.05645161290323,452.9917733167707,100.0,0.0,5.911290322580645,0.0,0.0,88.0,0.0,901.7663139874212,0.09712767253683173,100.0,1.0,5.607746463340912
203,2040,11,9,6.605295447056412E18,40.293814091913674,0.00897325048085301,1.0,32.81493616771473,1.0,515.6836630916046,347.101814516129,439.3628009865432,100.0,0.0,5.920362903225806,0.0,0.0,88.0,0.0,897.9699643066488,0.09272888666771073,100.0,1.0,5.561197611910632
205,2040,11,9,3.0688222562761073E18,40.83404546732565,0.0038677803796780255,1.0,50.09558707080554,1.0,512.6332126651055,340.71875,889.6265234946161,100.0,0.0,5.84375,0.0,0.0,88.0,0.0,885.375771909514,0.0909608233340494,100.0,1.0,5.635758273454538
215,2040,11,10,2.797545246119503E18,40.875593640264555,0.0067064652323266345,1.0,26.42681256269052,2.0,514.7662302652673,342.3296370967742,312.02028444093975,100.0,0.0,5.865927419354839,0.0,0.0,88.0,0.0,867.1494484637128,0.09124646036345611,100.0,1.0,5.64149259286149
216,2040,11,10,4.898742477016446E18,40.319501832243084,0.002631451753915839,1.0,38.01928946177742,3.0,582.4652368672572,342.445564516129,528.2808867429344,100.0,0.0,5.889112903225806,0.0,0.0,88.0,0.0,860.0082031792771,0.10467064582192034,100.0,1.0,5.564742935265965
217,2040,11,10,4.974214387304059E17,40.97643142394456,0.0041697260598759335,1.0,36.034878571289084,1.0,588.4142318928994,348.53125,492.5140220413979,100.0,0.0,5.90625,0.0,0.0,88.0,0.0,873.0115952244264,0.10404448994293151,100.0,1.0,5.655409836846189
219,2040,11,10,8.617806463867117E18,40.504814375069266,0.0019635121402304234,1.0,42.895062698348134,2.0,539.8093618707833,348.6471774193548,644.4620264430235,100.0,0.0,5.929435483870968,0.0,0.0,88.0,0.0,856.8327640087032,0.09656145846853124,100.0,1.0,5.590319061374821
208,2040,11,10,5.859174576972996E18,42.07239163810794,0.0032653749930324047,0.0,26.47813538136333,0.0,545.921179334296,354.1431451612903,305.9428156202178,100.0,0.0,5.828629032258065,0.0,0.0,88.0,0.0,847.953504277364,0.0940162216312456,100.0,1.0,5.806670060359702
213,2040,11,10,2.861374886328272E18,39.247180363572255,0.00897325048085301,1.0,40.75495111425978,5.0,546.7993667533595,348.6875,628.2910087695337,100.0,0.0,5.9375,0.0,0.0,88.0,0.0,912.0804232439145,0.10094611107877148,100.0,1.0,5.4167452407024825
214,2040,11,10,4.281117921937587E18,40.605873228700574,0.003179748575780663,1.0,31.083172403440454,2.0,547.8533458434559,348.48084677419354,413.0961694360897,100.0,0.0,5.89616935483871,0.0,0.0,88.0,0.0,914.4231317281906,0.09775647087716635,100.0,1.0,5.604266816585967
202,2040,11,10,8.834479670273441E18,42.0873369983224,0.00897325048085301,0.0,23.88204670916845,0.0,509.4127542217684,354.0524193548387,288.51558127163827,100.0,0.0,5.810483870967742,0.0,0.0,88.0,0.0,917.9103900699185,0.0876977432301043,100.0,1.0,5.808732761630525
204,2040,11,10,3.1730362057635645E18,40.947934716842425,0.00536677660338099,1.0,29.769325841302795,1.0,576.8498936715473,348.7530241935484,388.6402034987912,100.0,0.0,5.950604838709677,0.0,0.0,88.0,0.0,915.1730235538316,0.10207064647961164,100.0,1.0,5.6514768306750325
210,2040,11,11,2.9539370702862316E18,41.20318709174398,0.0019011123900112342,1.0,27.49871554793396,2.0,551.937802418465,355.5977822580645,352.3384072931457,100.0,0.0,5.819556451612903,0.0,0.0,88.0,0.0,927.4958916766543,0.09705756256408292,100.0,1.0,5.686705784044848
215,2041,2,23,2.797545246119503E18,46.334773845359905,0.20638476105961945,0.0,38.30313502105164,0.0,81.19999999999848,243.33366935483872,485.22106627383016,100.0,0.0,6.466733870967742,0.0,0.0,104.19999999999817,412.9946081811612,780.7552126162004,0.012729070846143132,100.0,1.0,6.379098756026001
216,2041,2,24,4.898742477016446E18,47.38503622443255,0.22612591211749603,0.0,45.74105584116996,0.0,81.19999999999848,246.22479838709677,741.0602213452726,100.0,0.0,6.744959677419355,0.0,0.0,104.19999999999817,607.1990060258742,878.23231380958,0.012446938230121996,100.0,1.0,6.523692694440456
217,2041,2,24,4.974214387304059E17,46.387996958785635,0.22612591211749603,0.0,44.00467175419774,0.0,104.39999999999851,246.4264112903226,690.5317537251611,100.0,0.0,6.785282258064516,0.0,0.0,104.19999999999817,610.0140230831049,877.7491243733772,0.016347170814697283,100.0,1.0,6.386426200803836
219,2041,2,24,8.617806463867117E18,46.220876830114,0.22612591211749603,0.0,54.04531142387481,0.0,110.19999999999813,246.21975806451613,941.1451444173439,100.0,0.0,6.743951612903226,0.0,0.0,104.19999999999817,408.22632033984667,799.5905044907728,0.017317736869397655,100.0,1.0,6.363418085808525
207,2041,2,24,8.507560024639921E18,47.62030514990881,0.11501826659079162,0.0,38.705774442440685,0.0,66.6999999999988,246.2147177419355,545.3775347113383,100.0,0.0,6.742943548387097,0.0,0.0,104.19999999999817,612.6063269787819,862.9066567548415,0.010173757506233906,100.0,1.0,6.556083134390493
208,2041,2,24,5.859174576972996E18,47.22368634349727,0.22612591211749603,0.0,34.062129905913814,0.0,40.59999999999924,246.05342741935485,435.0380884020177,100.0,0.0,6.710685483870968,0.0,0.0,104.19999999999817,609.4429186394658,841.0506784484809,0.00624473293579316,100.0,1.0,6.501478993167307
210,2041,2,24,2.9539370702862316E18,46.907574439117504,0.11851462899239888,0.0,34.366700524716244,0.0,92.80000000000169,245.48387096774192,481.23367326820085,100.0,0.023185483870967742,6.596774193548387,0.0,0.0,104.19999999999817,618.028944695321,918.0266226135599,0.014369866115165742,97.68145161290323,1.0,6.457958568038569
211,2041,2,24,6.492828447697523E18,46.86325412480256,0.22612591211749603,0.0,47.48166887509168,0.0,118.89999999999799,245.70564516129033,722.886712774288,100.0,0.0,6.641129032258065,0.0,0.0,104.19999999999817,410.8538075325777,798.9571533084253,0.018428803294080545,100.0,1.0,6.4518568082057435
212,2041,2,24,1.0005304447219302E18,46.42952115764623,0.22612591211749603,0.0,37.57320354625286,0.0,84.10000000000043,245.90725806451613,551.584178179772,100.0,0.03024193548387097,6.681451612903226,0.0,0.0,104.19999999999817,616.7677517646217,915.3457253442562,0.01315677698319177,96.9758064516129,1.0,6.392143007929756
214,2041,2,24,4.281117921937587E18,47.01904827941281,0.1608292404818609,0.0,37.37922561333883,0.0,84.10000000000043,246.30040322580646,543.9531561377695,100.0,0.03024193548387097,6.76008064516129,0.0,0.0,104.19999999999817,607.5664127018061,910.3442665140429,0.012991816671351002,96.9758064516129,1.0,6.473305629801115
201,2041,2,24,6.307363977605812E18,46.565181243912065,0.22612591211749603,0.0,38.59233682663221,0.0,92.80000000000169,246.28024193548387,565.6772357184108,100.0,0.0,6.756048387096774,0.0,0.0,104.19999999999817,613.1164593940666,899.1462306098405,0.014475527560958762,100.0,1.0,6.410819889583025
202,2041,2,24,8.834479670273441E18,45.96241544801725,0.12002436948911743,0.0,35.93489428023079,0.0,60.900000000000986,245.7358870967742,465.51421650371293,100.0,0.0,6.647177419354839,0.0,0.0,104.19999999999817,411.6574969647193,829.0245624054772,0.00962414529080852,100.0,1.0,6.327834645032131
204,2041,2,24,3.1730362057635645E18,47.43769133406532,0.22612591211749603,0.0,44.50255113020698,0.0,66.6999999999988,246.4616935483871,656.8647511292703,100.0,0.0,6.792338709677419,0.0,0.0,104.19999999999817,409.1606399423732,818.4019105320124,0.010212921905415902,100.0,1.0,6.530941939801561
205,2041,2,24,3.0688222562761073E18,46.39855840063271,0.22612591211749603,0.0,57.13879220853186,0.0,46.400000000000844,245.84677419354838,1167.5643502658381,100.0,0.0,6.669354838709677,0.0,0.0,104.19999999999817,621.0179239734246,875.1285630620633,0.007263755466895038,100.0,1.0,6.387880237911557
206,2041,2,24,4.898224502314156E18,46.47506337122889,0.5945474844913192,0.0,47.07035001576132,0.0,87.00000000000001,245.7258064516129,832.6136152413013,100.0,0.03024193548387097,6.645161290322581,0.0,0.0,104.19999999999817,617.5529066125539,935.4521628297712,0.013597121678991651,96.9758064516129,1.0,6.398412991656911
218,2041,2,25,7.278710821350941E18,46.455750815120986,0.24586706317537355,0.0,45.71441764055685,0.0,98.60000000000124,247.95665322580646,711.3802052451416,100.0,0.0,6.79133064516129,0.0,0.0,104.19999999999817,416.5638862760247,843.9544672117461,0.01541647750151104,100.0,1.0,6.395754152680921
213,2041,2,25,2.861374886328272E18,47.53531315211226,0.24586706317537355,0.0,54.45333178346869,0.0,95.69999999999828,248.3397177419355,1027.6730296808787,100.0,0.0,6.867943548387097,0.0,0.0,104.19999999999817,407.7741549239107,859.0049494472582,0.014623229653348582,100.0,1.0,6.544381936727901
200,2041,2,25,5.096996787781837E17,47.751523024584316,0.24586706317537355,1.0,41.14606635205193,1.0,95.69999999999828,248.12298387096774,570.8040615747477,100.0,0.0,6.824596774193548,0.0,0.0,104.19999999999817,415.79897173645526,815.5666796628499,0.014557018432884405,100.0,1.0,6.574148438516181
203,2041,2,25,6.605295447056412E18,47.03123835895205,0.24586706317537355,0.0,48.07818097982576,0.0,104.39999999999851,247.7953629032258,790.9616316050875,100.0,0.0,6.759072580645161,0.0,0.0,104.19999999999817,402.60573944827877,853.298949360235,0.016123592244144804,100.0,1.0,6.4749838881537585
209,2041,2,26,1.481964993321812E18,48.49641717157366,0.26560821423324943,1.0,41.49215882706113,1.0,101.50000000000001,247.91431451612902,631.5673668525991,100.0,0.0,6.482862903225806,0.0,0.0,104.19999999999817,608.8614736108699,889.7816452643558,0.015202118355233107,100.0,1.0,6.676701077324537
218,2041,7,6,7.278710821350941E18,39.89776562232456,0.00897325048085301,1.0,43.543771624770194,1.0,242.27558841662176,228.92439516129033,580.5832261907178,100.0,0.014112903225806451,5.984879032258065,0.0,0.0,104.30000000000183,275.0,751.8814276284684,0.04421667198492852,98.58870967741935,1.0,5.479281400897893
219,2041,7,6,8.617806463867117E18,39.807182747862946,0.0017580819907627378,1.0,52.34564550003097,2.0,201.2662642643704,227.63407258064515,783.2239225244599,100.0,0.0,5.726814516129032,0.0,0.0,104.30000000000183,275.0,712.2499796841311,0.03681582293940506,100.0,1.0,5.466841379469728
209,2041,7,6,1.481964993321812E18,40.64435980948944,0.00897325048085301,0.0,41.36842532138915,0.0,268.4462038587277,228.85383064516128,521.3192581812716,100.0,0.07963709677419355,5.970766129032258,0.0,0.0,104.30000000000183,231.68804103534825,737.8306447538424,0.048093008891753455,92.03629032258065,1.0,5.581813449496157
210,2041,7,6,2.9539370702862316E18,39.22573574270343,0.0018962913104085045,1.0,35.13224382501639,2.0,264.77989339338677,228.8991935483871,410.49233804506133,100.0,0.0,5.979838709677419,0.0,0.0,104.30000000000183,275.0,756.718698635403,0.04915173746425674,100.0,1.0,5.386989495253049
203,2041,7,6,6.605295447056412E18,39.89874201597259,0.007391474860669704,1.0,45.58517806967952,1.0,271.905828309533,228.9445564516129,634.6917611250658,100.0,0.0,5.988911290322581,0.0,0.0,104.30000000000183,275.0,756.7536935451279,0.04962314478730065,100.0,1.0,5.4794154920048115
204,2041,7,6,3.1730362057635645E18,40.27873517723176,0.003089962286795117,0.0,38.94641202807568,0.0,211.53634687818604,228.64717741935485,482.20646458054784,100.0,0.0,5.929435483870968,0.0,0.0,104.30000000000183,272.72000000000014,754.8250244698058,0.038241431867983705,100.0,1.0,5.531601107627129
205,2041,7,6,3.0688222562761073E18,40.535621069861456,9.372519825415739E-4,0.0,57.89375318686653,0.0,242.01567334849665,228.4304435483871,1020.7339755389964,100.0,0.09879032258064516,5.886088709677419,0.0,0.0,104.30000000000183,275.0,741.6209370908595,0.04347420316843143,90.12096774193549,1.0,5.5668800279296455
206,2041,7,6,4.898224502314156E18,40.758961846698575,0.0015449811433975585,0.0,50.34093242641656,0.0,250.19837197204404,228.72782258064515,779.1051371960065,100.0,0.0,5.945564516129032,0.0,0.0,104.30000000000183,274.5400000000017,767.6597112117531,0.04469781927916141,100.0,1.0,5.597552095537895
215,2041,7,7,2.797545246119503E18,39.705434073382186,0.0013219284739029195,1.0,31.68842826571996,3.0,246.96484510721118,230.41431451612902,339.91019853562415,100.0,0.09879032258064516,5.982862903225806,0.0,0.0,104.30000000000183,274.9100000000019,731.4275705817706,0.045290817330150536,90.12096774193549,1.0,5.452867924792435
216,2041,7,7,4.898742477016446E18,40.81035351304224,0.00897325048085301,1.0,47.311331226633406,1.0,237.20510465980607,230.07157258064515,658.5313644549337,100.0,0.09879032258064516,5.914314516129032,0.0,0.0,104.30000000000183,275.0,732.6290333168904,0.04232321431703172,90.12096774193549,1.0,5.604609869254424
207,2041,7,7,8.507560024639921E18,39.62584790744159,0.0013481446034935409,1.0,38.89575978206275,3.0,211.37392008780674,230.3891129032258,455.0388238430009,100.0,0.0,5.977822580645161,0.0,0.0,104.30000000000183,267.80999999999807,713.9206388213112,0.03884166185468814,100.0,1.0,5.441938114764112
208,2041,7,7,5.859174576972996E18,40.33041132872456,0.002505095053281134,1.0,35.78773712050047,2.0,256.4245406076729,230.38407258064515,389.429317648811,100.0,0.0,5.976814516129032,0.0,0.0,104.30000000000183,268.9700000000006,697.6879744484903,0.046296899180435926,100.0,1.0,5.538697950553725
211,2041,7,7,6.492828447697523E18,40.46891213519293,0.0026690215588498077,0.0,45.03433085849505,0.0,202.90215230129266,230.40927419354838,590.7867448703663,100.0,0.0,5.981854838709677,0.0,0.0,104.30000000000183,272.190000000002,720.1506092847059,0.036508172457235165,100.0,1.0,5.557718687205381
212,2041,7,7,1.0005304447219302E18,40.383148731346076,0.0015540787116129276,0.0,41.2017739921957,0.0,258.0191292808393,230.47479838709677,524.7914653583532,100.0,0.0,5.994959677419355,0.0,0.0,104.30000000000183,230.8482335740473,747.9438299471041,0.04652396243665137,100.0,1.0,5.545940538322957
213,2041,7,7,2.861374886328272E18,40.88770784573857,0.0018113141866881392,0.0,52.89158866584667,0.0,137.7118528046549,230.42943548387098,856.6021280321947,100.0,0.0,5.985887096774194,0.0,0.0,104.30000000000183,275.0,762.2118227835927,0.024524689984678688,100.0,1.0,5.61523317484085
214,2041,7,7,4.281117921937587E18,40.90234931687318,0.0016672706207456313,0.0,39.56831401299543,0.0,282.2953948986501,230.44959677419354,499.7547064073108,100.0,0.0,5.98991935483871,0.0,0.0,104.30000000000183,275.0,762.2192896805641,0.050255142608638566,100.0,1.0,5.617243932566717
200,2041,7,7,5.096996787781837E17,40.30110284529327,0.001159634334563588,1.0,38.28475396051342,1.0,207.4088809233688,229.9858870967742,447.23416510782846,100.0,0.09879032258064516,5.897177419354839,0.0,0.0,104.30000000000183,271.3999999999966,719.9297163754277,0.037474460305404404,90.12096774193549,1.0,5.534672927456601
201,2041,7,7,6.307363977605812E18,40.635172893492786,9.327703202549939E-4,1.0,41.33630284360623,1.0,242.15578335729586,229.5977822580645,527.4683025432173,100.0,0.0,5.819556451612903,0.0,0.0,104.30000000000183,275.0,747.6452315630162,0.04339280286240723,100.0,1.0,5.580551782403627
202,2041,7,7,8.834479670273441E18,39.35769000276585,0.0015709472130344929,1.0,32.243343611290534,3.0,207.1727558672533,230.2328629032258,356.9631479566951,100.0,0.0,5.946572580645161,0.0,0.0,104.30000000000183,275.0,748.8062680594355,0.03832904618751423,100.0,1.0,5.4051111747920375
217,2041,7,8,4.974214387304059E17,41.38834498346333,0.001109726747570248,0.0,47.47675470812684,0.0,175.30679243108446,231.90423387096774,663.1026472659347,100.0,0.09879032258064516,5.980846774193548,0.0,0.0,104.30000000000183,275.0,732.6840021104683,0.030842221566629746,90.12096774193549,1.0,5.683987194384226
218,2041,11,9,7.278710821350941E18,38.91428223725081,0.004693122636429404,1.0,31.159491641972362,4.0,504.8554129726853,339.4405241935484,404.4422591353773,100.0,0.0,5.888104838709677,0.0,0.0,88.0,0.0,891.9586282353181,0.09470213927093682,100.0,1.0,5.330982138939079
209,2041,11,9,1.481964993321812E18,38.969302857571996,0.0031865236082574628,1.0,26.534435506504547,5.0,509.51596153734397,338.92641129032256,320.00368258123837,100.0,0.0,5.785282258064516,0.0,0.0,88.0,0.0,884.2637954469795,0.09544143358578996,100.0,1.0,5.338519575770544
212,2041,11,9,1.0005304447219302E18,40.259682571734906,0.002720815791647378,1.0,29.72041488684715,1.0,531.4219045361341,339.0725806451613,376.5845056744493,100.0,0.0,5.814516129032258,0.0,0.0,88.0,0.0,889.1173841640222,0.09635425594776362,100.0,1.0,5.515292493403021
213,2041,11,9,2.861374886328272E18,40.175292480544314,0.00897325048085301,1.0,43.68562292821734,1.0,540.7219314283151,339.53125,693.6307873683245,100.0,0.0,5.90625,0.0,0.0,88.0,0.0,893.0384199626059,0.09824642009867984,100.0,1.0,5.503731646254466
203,2041,11,9,6.605295447056412E18,39.29185572268906,0.0023392206675842127,2.0,35.31845840746943,4.0,504.84962596366694,339.1028225806452,483.2663827265421,100.0,0.0,5.820564516129032,0.0,0.0,88.0,0.0,883.6208809669573,0.09379102781382846,100.0,1.0,5.382707042786372
205,2041,11,9,3.0688222562761073E18,39.574228251482374,0.002606987356436093,1.0,48.576708258494236,2.0,508.8306976303066,339.62701612903226,834.1670086279815,100.0,0.0,5.925403225806452,0.0,0.0,88.0,0.0,882.1289067676514,0.09385613089031775,100.0,1.0,5.421390087185001
216,2041,11,10,4.898742477016446E18,41.33519336148915,0.0049906843608748756,0.0,37.31304502140297,0.0,543.0828096602165,346.7842741935484,524.8527808035527,100.0,0.0,5.856854838709677,0.0,0.0,88.0,0.0,880.7091808564747,0.0959064640924997,100.0,1.0,5.66262988422162
217,2041,11,10,4.974214387304059E17,40.44214703529067,0.0036358389306535783,1.0,36.94429028725851,2.0,580.8283471059864,340.90524193548384,503.035727684758,100.0,0.0,5.881048387096774,0.0,0.0,88.0,0.0,857.4636768471962,0.10483719606014379,100.0,1.0,5.540288837682881
219,2041,11,10,8.617806463867117E18,41.03132494156052,2.5228437024440574E-4,1.0,44.27661856433561,2.0,507.20149976901064,345.83165322580646,681.3030354461612,100.0,0.0,5.66633064516129,0.0,0.0,88.0,0.0,856.3420676586267,0.09023328845315588,100.0,1.0,5.621002054383971
207,2041,11,10,8.507560024639921E18,40.01945476505768,0.002197172008044332,1.0,27.462313940336397,3.0,534.9003759677015,347.13709677419354,323.85625929836954,100.0,0.0,5.92741935483871,0.0,0.0,88.0,0.0,853.7909916722298,0.0975671305806209,100.0,1.0,5.482382978617035
210,2041,11,10,2.9539370702862316E18,40.171084977882956,0.00204402061067267,1.0,24.847422903840872,3.0,503.7735532488629,340.92540322580646,296.69077647193126,100.0,0.0,5.88508064516129,0.0,0.0,88.0,0.0,895.6901531319271,0.09154267516354687,100.0,1.0,5.503155248072433
211,2041,11,10,6.492828447697523E18,41.61555835739691,0.0046349434301926765,0.0,37.17160209183581,0.0,540.7096810614603,340.71370967741933,500.27224751292414,100.0,0.0,5.842741935483871,0.0,0.0,88.0,0.0,844.4707982079339,0.0948440774335646,100.0,1.0,5.701037910777413
200,2041,11,10,5.096996787781837E17,39.8231125265102,0.002766106806674776,1.0,24.95008277191938,3.0,539.5589657119735,347.04637096774195,287.46028264192455,100.0,0.0,5.909274193548387,0.0,0.0,88.0,0.0,863.0043768324417,0.09890209917708515,100.0,1.0,5.455485477066448
201,2041,11,10,6.307363977605812E18,40.7528768410121,0.002410867942195875,1.0,29.05595078498622,1.0,541.867015212017,346.9153225806452,371.0930731113622,100.0,0.0,5.883064516129032,0.0,0.0,88.0,0.0,904.5471008621666,0.09705909558921486,100.0,1.0,5.58285662896934
202,2041,11,10,8.834479670273441E18,39.99949747873254,0.0025874424685274062,1.0,19.16902403398042,3.0,533.161240142162,347.116935483871,215.3002710778325,100.0,0.0,5.923387096774194,0.0,0.0,88.0,0.0,905.7179738560443,0.0972984296888447,100.0,1.0,5.479648971182616
204,2041,11,10,3.1730362057635645E18,40.90251275444169,0.0025593983117093697,1.0,26.89015909067716,1.0,510.09321002261726,347.0766129032258,337.41084197023827,100.0,0.0,5.915322580645161,0.0,0.0,88.0,0.0,915.6671190603672,0.09103352311124224,100.0,1.0,5.603355693476648
206,2041,11,10,4.898224502314156E18,40.49538361696628,0.002737416254073519,1.0,40.951766102621924,2.0,513.0945631908327,341.116935483871,628.2729819411948,100.0,0.0,5.923387096774194,0.0,0.0,88.0,0.0,904.6836551050071,0.09248976849058053,100.0,1.0,5.547581873805727
215,2041,11,11,2.797545246119503E18,40.56227709004408,0.00179035324837451,2.0,19.4279912701427,3.0,538.3600743807634,348.4405241935484,212.50788315991005,100.0,0.0,5.888104838709677,0.0,0.0,88.0,0.0,879.2390176063531,0.09688405642637048,100.0,1.0,5.556745807705771
214,2041,11,11,4.281117921937587E18,40.38970535286905,0.00897325048085301,1.0,24.7791988738897,3.0,546.6015143085338,354.35483870967744,308.48097699737366,100.0,0.0,5.870967741935484,0.0,0.0,88.0,0.0,934.5902389333538,0.09878748807881221,100.0,1.0,5.533104697150084
208,2041,11,12,5.859174576972996E18,41.37487967989544,0.002707679686437241,1.0,23.50486081609855,3.0,545.5511660912724,355.8850806451613,261.86301433056224,100.0,0.0,5.877016129032258,0.0,0.0,88.0,0.0,850.6463337328108,0.09624995641659477,100.0,1.0,5.66806662986927
215,2042,2,24,2.797545246119503E18,46.836414647556815,0.12314616396413168,0.0,35.78420545662843,0.0,89.89999999999921,244.49798387096774,454.80302665617506,100.0,0.0,6.699596774193548,0.0,0.0,104.5,410.98790651831973,815.2877845820107,0.014046051527776791,100.0,1.0,6.400375210230243
217,2042,2,24,4.974214387304059E17,45.82595475379528,0.639607690705428,0.0,43.895488377378065,0.0,72.49999999999999,244.16532258064515,693.4402816966829,100.0,0.04233870967741935,6.633064516129032,0.0,0.0,104.5,617.6288427992656,885.4589076317375,0.01157723082719356,95.76612903225806,1.0,6.262292000752544
219,2042,2,24,8.617806463867117E18,46.095176635281504,0.1761763837863817,0.0,52.51788429543279,0.0,98.60000000000124,244.07459677419354,886.5891633697718,100.0,0.0,6.61491935483871,0.0,0.0,104.5,402.6440242695353,800.8323606901629,0.015653074028812764,100.0,1.0,6.299082200627639
208,2042,2,24,5.859174576972996E18,45.75129497155039,0.6415938202526943,0.0,32.255336379658395,0.0,95.69999999999828,244.59375,411.423041224853,100.0,0.04233870967741935,6.71875,0.0,0.0,104.5,623.4886039415511,862.7661992552886,0.015306882710888663,95.76612903225806,1.0,6.252089455936145
209,2042,2,24,1.481964993321812E18,47.16277281283306,0.2691975144255909,0.0,41.713115190435865,0.0,81.19999999999848,243.34879032258064,629.94118726828,100.0,0.0020161290322580645,6.469758064516129,0.0,0.0,104.5,615.3009392691214,879.5101444770438,0.012598966077475121,99.79838709677419,1.0,6.4449733018307525
211,2042,2,24,6.492828447697523E18,46.293112544480834,0.1657620162719157,0.0,47.50901985973237,0.0,118.89999999999799,243.2328629032258,721.5019117803214,100.0,0.0,6.446572580645161,0.0,0.0,104.5,412.09442690701786,796.4313056971083,0.018795058446423533,100.0,1.0,6.3261308997218455
214,2042,2,24,4.281117921937587E18,45.63601175631799,0.2691975144255909,0.0,34.87073589676484,0.0,69.59999999999933,244.38709677419354,454.324951735461,100.0,0.0,6.67741935483871,0.0,0.0,104.5,409.66364846871477,847.4780638785886,0.011160400092329527,100.0,1.0,6.236335563617918
206,2042,2,24,4.898224502314156E18,46.189623533106065,0.2691975144255909,0.0,50.6836354862685,0.0,104.39999999999851,244.23084677419354,887.0342605355693,100.0,0.0,6.64616935483871,0.0,0.0,104.5,408.14216890565837,862.4710201002734,0.01653995348501961,100.0,1.0,6.311988730473429
216,2042,2,25,4.898742477016446E18,47.98855007269296,0.28804134043538315,0.0,45.557155581743196,0.0,72.49999999999999,245.97782258064515,742.042991367045,100.0,0.0,6.695564516129032,0.0,0.0,104.5,613.435317720274,886.1492911353797,0.011055505016458297,100.0,1.0,6.557818922977237
218,2042,2,25,7.278710821350941E18,46.57823019613168,0.11853553104336702,0.0,43.99184940403358,0.0,81.19999999999848,246.02318548387098,665.0095193101455,100.0,0.0,6.704637096774194,0.0,0.0,104.5,409.49944500513044,845.869000694661,0.012757079268286552,100.0,1.0,6.365093317391038
207,2042,2,25,8.507560024639921E18,46.85601787640664,0.28804134043538315,0.0,38.36698944473648,0.0,75.40000000000018,245.76612903225808,543.4212959085489,100.0,0.03024193548387097,6.653225806451613,0.0,0.0,104.5,608.7692671956003,872.0267681829746,0.011775630693992307,96.9758064516129,1.0,6.403054066434655
210,2042,2,25,2.9539370702862316E18,47.45777836786252,0.28804134043538315,0.0,41.252065171921046,0.0,81.19999999999848,245.65524193548387,596.6017546481503,100.0,0.0,6.631048387096774,0.0,0.0,104.5,410.38769783818765,848.8365279575031,0.012520648779272265,100.0,1.0,6.485286939317696
212,2042,2,25,1.0005304447219302E18,47.08795845104284,0.28804134043538315,0.0,45.557046089648395,0.0,95.69999999999828,245.39818548387098,713.8118686456319,100.0,0.0,6.579637096774194,0.0,0.0,104.5,408.3973520118158,852.4281403574591,0.014872373511986092,100.0,1.0,6.434749633128214
213,2042,2,25,2.861374886328272E18,47.25608388884185,0.28804134043538315,0.0,52.366859002206105,0.0,43.49999999999999,246.1290322580645,990.8125593107053,100.0,0.0,6.725806451612903,0.0,0.0,104.5,622.3025756953292,900.6659789002302,0.0067361187690775275,100.0,1.0,6.4577246172809195
200,2042,2,25,5.096996787781837E17,46.17769585356906,0.28804134043538315,0.0,40.83219450910318,0.0,72.49999999999999,246.16431451612902,559.423938903509,100.0,0.0,6.732862903225806,0.0,0.0,104.5,407.95749794447244,809.5777482924759,0.011489045658396818,100.0,1.0,6.310358767441493
201,2042,2,25,6.307363977605812E18,47.71248312709521,0.28804134043538315,0.0,43.17977142660813,0.0,89.89999999999921,245.8921370967742,634.9278877174114,100.0,0.0,6.678427419354839,0.0,0.0,104.5,406.76055515289744,834.5489526855611,0.013788146212459641,100.0,1.0,6.5200933189090495
203,2042,2,25,6.605295447056412E18,47.14778299537877,0.28804134043538315,0.0,49.33616687769805,0.0,89.89999999999921,246.40625,792.7553075401646,100.0,0.0,6.78125,0.0,0.0,104.5,410.349687478312,813.5218053046727,0.013953290095960254,100.0,1.0,6.442924885939768
205,2042,2,25,3.0688222562761073E18,47.371383571621166,0.28804134043538315,1.0,60.0517382696714,1.0,101.50000000000001,245.6703629032258,1253.070079749305,100.0,0.0,6.634072580645161,0.0,0.0,104.5,410.6219310094172,833.0302818474034,0.015679354548780063,100.0,1.0,6.473480759952407
204,2042,2,26,3.1730362057635645E18,47.84034712296566,0.6403700759050988,0.0,39.48346840695654,0.0,95.69999999999828,247.94657258064515,600.5420044130996,100.0,0.04233870967741935,6.789314516129032,0.0,0.0,104.5,610.3911979980364,919.6047655709406,0.01463847459552839,95.76612903225806,1.0,6.537566423022773
202,2042,2,27,8.834479670273441E18,48.71006376395702,0.32393434235879476,0.0,38.518617773002795,0.0,101.50000000000001,248.91229838709677,527.4290854863087,100.0,0.0,6.682459677419355,0.0,0.0,104.5,403.4571688859287,840.9987599675985,0.015248444799518026,100.0,1.0,6.6564165286684345
210,2042,7,5,2.9539370702862316E18,40.392023334974354,0.00794092962907349,1.0,38.92471505503895,1.0,119.52646421896007,225.9576612903226,478.0861511895181,100.0,0.0,5.691532258064516,0.0,0.0,104.60000000000149,263.3800000000032,749.1037138415135,0.02170814278476196,100.0,1.0,5.506065876020576
212,2042,7,5,1.0005304447219302E18,40.2194370720698,0.006346004583347239,0.0,42.769501541248104,0.0,235.42613422206054,226.91532258064515,571.193971502177,100.0,0.0,5.883064516129032,0.0,0.0,104.60000000000149,275.0,763.2748829520334,0.04294107269257561,100.0,1.0,5.482539663308528
201,2042,7,5,6.307363977605812E18,40.02159517296005,0.0025376839595172567,0.0,39.73579019777075,0.0,212.84851263338794,225.92237903225808,489.09891666578267,100.0,0.0,5.684475806451613,0.0,0.0,104.60000000000149,275.0,740.4593763919393,0.03901489392915846,100.0,1.0,5.45557071153055
204,2042,7,5,3.1730362057635645E18,39.32509055630753,0.001308054005955254,1.0,40.059843762994454,2.0,226.99787429780386,225.61491935483872,499.7795253072277,100.0,0.09879032258064516,5.622983870967742,0.0,0.0,104.60000000000149,275.0,746.6993781838536,0.04234540241672604,90.12096774193549,1.0,5.360626215424554
205,2042,7,5,3.0688222562761073E18,40.91632928222422,0.0012012383508504733,0.0,58.58437340176049,0.0,217.53182336222838,227.05645161290323,1053.3817802130275,100.0,0.0,5.911290322580645,0.0,0.0,104.60000000000149,275.0,743.9977706759964,0.03900141291350729,100.0,1.0,5.577536994483884
215,2042,7,6,2.797545246119503E18,39.53532200861523,0.0023663635234317036,0.0,31.17575793011586,0.0,222.20090067088918,228.97479838709677,333.88094754479124,100.0,0.0,5.994959677419355,0.0,0.0,104.60000000000149,274.7900000000017,735.5688793396597,0.04123013340925892,100.0,1.0,5.38928405749447
216,2042,7,6,4.898742477016446E18,40.071117613421436,0.002754220528193068,0.0,47.71917197236932,0.0,201.31190264274193,228.71270161290323,647.6820182025026,100.0,0.0,5.942540322580645,0.0,0.0,104.60000000000149,203.9072354509477,708.5172984566174,0.03685464256580743,100.0,1.0,5.462321396369009
217,2042,7,6,4.974214387304059E17,39.906555969053635,0.00897325048085301,1.0,46.747849939791934,1.0,163.10891351190944,228.8891129032258,641.5985130781758,100.0,0.03024193548387097,5.977822580645161,0.0,0.0,104.60000000000149,272.3200000000052,729.9498646783188,0.029983867605528274,96.9758064516129,1.0,5.4398890649395835
219,2042,7,6,8.617806463867117E18,40.579329371083695,0.004545719595163635,1.0,51.65809568375239,1.0,237.19027072755347,227.30645161290323,765.8617785976285,100.0,0.0,5.661290322580645,0.0,0.0,104.60000000000149,266.83999999999725,715.9633959604166,0.042879154260310984,100.0,1.0,5.5315986245348405
207,2042,7,6,8.507560024639921E18,40.51005655482167,0.0018663166557514657,0.0,41.15160439817753,0.0,281.4406028400226,228.9546370967742,502.74166005105275,100.0,0.0,5.990927419354839,0.0,0.0,104.60000000000149,275.0,717.9765236224813,0.05096571347833224,100.0,1.0,5.5221556539118275
213,2042,7,6,2.861374886328272E18,39.56375255480466,2.3667380072936144E-4,1.0,51.278431266041736,2.0,221.2930971194392,228.60685483870967,802.3597973888661,100.0,0.0,5.921370967741935,0.0,0.0,104.60000000000149,275.0,761.5091740406702,0.041032180407039445,100.0,1.0,5.393159586554029
214,2042,7,6,4.281117921937587E18,40.77263279597542,0.003079358435433434,0.0,34.61074777638678,0.0,195.8721180814425,228.34475806451613,401.9511463101312,100.0,0.0,5.868951612903226,0.0,0.0,104.60000000000149,263.3599999999933,758.242140171051,0.03524179894651118,100.0,1.0,5.557948911141869
200,2042,7,6,5.096996787781837E17,41.03653165368143,0.0017975261379913944,0.0,40.43951671134662,0.0,115.94187117271606,228.06754032258064,491.1320188292212,100.0,0.0,5.813508064516129,0.0,0.0,104.60000000000149,275.0,722.4422913471888,0.020726399403234792,100.0,1.0,5.59392246173838
202,2042,7,6,8.834479670273441E18,40.33548634931624,0.0020155549148367148,1.0,34.27149708192707,1.0,183.97848233937032,228.07762096774192,387.76354060283234,100.0,0.09879032258064516,5.815524193548387,0.0,0.0,104.60000000000149,272.89999999999674,742.5905359119424,0.03346061659159611,90.12096774193549,1.0,5.498358998727415
203,2042,7,6,6.605295447056412E18,39.97276018409366,9.205222077198411E-4,1.0,44.45488793952272,1.0,298.43627472953796,228.68245967741936,598.3222209683253,100.0,0.0,5.936491935483871,0.0,0.0,104.60000000000149,275.0,746.5546672369173,0.054769865908595596,100.0,1.0,5.448913737119471
206,2042,7,6,4.898224502314156E18,41.090554263771374,0.0021203332894265173,0.0,50.22884855912543,0.0,199.0795260171996,228.05241935483872,780.1926698899686,100.0,0.09879032258064516,5.810483870967742,0.0,0.0,104.60000000000149,271.440000000002,772.326018975027,0.035541749705215404,90.12096774193549,1.0,5.601286590231842
218,2042,7,7,7.278710821350941E18,40.4809876633423,0.0025637858516722976,1.0,42.08275720403754,1.0,202.43169678281316,230.43951612903226,551.6027875065591,100.0,0.0,5.987903225806452,0.0,0.0,104.60000000000149,275.0,758.2475196234542,0.03668441694714407,100.0,1.0,5.518193108383932
208,2042,7,7,5.859174576972996E18,39.48704020013319,0.0013745788114051859,1.0,35.12463382174911,3.0,222.40121133589608,230.41935483870967,385.7122115879715,100.0,0.09879032258064516,5.983870967741935,0.0,0.0,104.60000000000149,275.0,711.2941006390394,0.041317760314479555,90.12096774193549,1.0,5.382702490240182
209,2042,7,7,1.481964993321812E18,40.92307329747907,0.001244211103834305,1.0,41.48853190519491,1.0,214.30733328609745,230.00100806451613,537.0262612267757,100.0,0.0030241935483870967,5.900201612903226,0.0,0.0,104.60000000000149,275.0,756.4165246396009,0.03841696006875461,99.69758064516128,1.0,5.578456309467299
211,2042,7,7,6.492828447697523E18,40.88756903848139,0.001252547526640567,1.0,46.24633890156794,1.0,278.1689474758337,230.42943548387098,618.9056025772139,100.0,0.0,5.985887096774194,0.0,0.0,104.60000000000149,270.2799999999996,718.4643941969223,0.04990816041144734,100.0,1.0,5.573616522480172
215,2042,11,8,2.797545246119503E18,39.860943661069705,0.002529101037444482,1.0,20.83715890385903,2.0,498.8180402979705,331.69354838709677,224.59538961848764,100.0,0.0,5.838709677419355,0.0,0.0,88.0,0.0,850.9955167245477,0.09202892936596813,100.0,1.0,5.420230831050297
219,2042,11,8,8.617806463867117E18,39.76967507589723,0.00897325048085301,1.0,42.26124484018603,2.0,505.0795156050967,331.23487903225805,612.6396623399197,100.0,0.0,5.746975806451613,0.0,0.0,88.0,0.0,836.0273062652776,0.09339798489579768,100.0,1.0,5.407820266878392
208,2042,11,8,5.859174576972996E18,40.5840828740105,0.00897325048085301,1.0,28.081993319541002,1.0,527.1036439012821,330.866935483871,316.21346958718686,100.0,0.0,5.673387096774194,0.0,0.0,88.0,0.0,808.4813444084245,0.09551466923469526,100.0,1.0,5.5185622075086895
213,2042,11,8,2.861374886328272E18,39.75252697632006,0.00897325048085301,1.0,43.89912837515987,2.0,498.9655340549109,331.22479838709677,688.6023088963551,100.0,0.0,5.744959677419355,0.0,0.0,88.0,0.0,878.8417090086871,0.0923072049061221,100.0,1.0,5.40548849423365
201,2042,11,8,6.307363977605812E18,38.34785519515673,0.002747474121510417,1.0,25.70232804636291,5.0,475.9606162144801,331.6078629032258,302.52135014179646,100.0,0.0,5.821572580645161,0.0,0.0,88.0,0.0,872.7014791354345,0.09127665854378372,100.0,1.0,5.214483349937384
204,2042,11,8,3.1730362057635645E18,38.83162564721782,0.002433093948170558,1.0,27.976439101215625,4.0,472.25754086114785,331.6381048387097,343.96175384436583,100.0,0.0,5.827620967741935,0.0,0.0,88.0,0.0,883.8313370564322,0.08943821495297749,100.0,1.0,5.280265724326444
206,2042,11,8,4.898224502314156E18,40.091970032115945,0.0033482277913630732,1.0,41.82040491028552,1.0,508.30087074552785,325.69858870967744,632.37582622531,100.0,0.0,5.839717741935484,0.0,0.0,88.0,0.0,878.6665577110226,0.0932380646603348,100.0,1.0,5.451645447567602
216,2042,11,9,4.898742477016446E18,40.49199571687786,0.00897325048085301,1.0,36.55629166643192,1.0,504.90502076540554,339.51108870967744,500.23610131437044,100.0,0.0,5.902217741935484,0.0,0.0,88.0,0.0,866.8178668034383,0.09170020378188178,100.0,1.0,5.506040335159704
217,2042,11,9,4.974214387304059E17,39.65113188801391,0.00344859741769909,1.0,36.80674240451378,3.0,503.9151476956233,339.20362903225805,500.849065649016,100.0,0.0,5.840725806451613,0.0,0.0,88.0,0.0,858.5497371761064,0.09346125702777447,100.0,1.0,5.39170094348155
209,2042,11,9,1.481964993321812E18,39.95038294651381,0.00897325048085301,1.0,30.439706929368835,2.0,539.7448250577114,333.3397177419355,383.8411981805053,100.0,0.0,5.867943548387097,0.0,0.0,88.0,0.0,875.7346939830632,0.09935674017900824,100.0,1.0,5.432392649811864
210,2042,11,9,2.9539370702862316E18,39.734416993028496,0.0018756794483388388,1.0,25.160356150435582,2.0,480.82076456409254,339.55645161290323,303.4766617965263,100.0,0.0,5.911290322580645,0.0,0.0,88.0,0.0,900.7476984462261,0.0889910156162234,100.0,1.0,5.403025926096264
212,2042,11,9,1.0005304447219302E18,40.11388623317753,0.0022763192493285293,2.0,32.30751484384421,3.0,479.8950113137563,338.4727822580645,429.3934506456797,100.0,0.0,5.694556451612903,0.0,0.0,88.0,0.0,898.2810205828673,0.08797945969427448,100.0,1.0,5.4546255794406395
200,2042,11,9,5.096996787781837E17,39.801383846557016,0.0020365979302889355,1.0,27.437162423048342,3.0,510.84590276661976,339.2540322580645,322.6104079459627,100.0,0.0,5.850806451612903,0.0,0.0,88.0,0.0,851.5253395851726,0.09438903280356499,100.0,1.0,5.412131977554554
202,2042,11,9,8.834479670273441E18,39.3892686935088,2.4519757571464176E-4,1.0,19.172057789686065,3.0,506.51752161233793,339.48084677419354,211.51842593982116,100.0,0.0,5.89616935483871,0.0,0.0,88.0,0.0,889.5886069518169,0.09456846704637296,100.0,1.0,5.356093182349674
205,2042,11,9,3.0688222562761073E18,39.49545749905706,0.004876766565680994,1.0,48.635952228032146,3.0,483.73560182703943,339.47076612903226,842.2388809632853,100.0,0.0,5.894153225806452,0.0,0.0,88.0,0.0,888.4328184218257,0.09007218465293686,100.0,1.0,5.370532575522103
207,2042,11,10,8.507560024639921E18,41.00990429573386,0.00897325048085301,1.0,31.590314212940903,1.0,510.4514418978921,340.7086693548387,389.83344505144527,100.0,0.0,5.841733870967742,0.0,0.0,88.0,0.0,842.890215827271,0.09153674663613862,100.0,1.0,5.576464760397835
211,2042,11,10,6.492828447697523E18,40.10033695877761,0.004654175560608426,1.0,35.26806665606006,2.0,542.3952673302267,341.16229838709677,461.89576608481144,100.0,0.0,5.932459677419355,0.0,0.0,88.0,0.0,846.4806858160235,0.09947127007618975,100.0,1.0,5.452783169600433
214,2042,11,10,4.281117921937587E18,40.8079977453653,0.0028945969293074315,1.0,21.55868808329154,2.0,512.1182722523052,340.53729838709677,250.1083492830868,100.0,0.0,5.807459677419355,0.0,0.0,88.0,0.0,908.218946388404,0.09229002822225509,100.0,1.0,5.549009813053797
203,2042,11,10,6.605295447056412E18,40.74505513677468,0.0023688623233508567,1.0,34.68201265051166,2.0,507.21358325962086,347.13709677419354,474.7124094404563,100.0,0.0,5.92741935483871,0.0,0.0,88.0,0.0,892.7572959741759,0.09154734619839043,100.0,1.0,5.540450972335653
218,2042,11,11,7.278710821350941E18,40.74045642036213,0.0023814359025618433,1.0,30.31339588267458,3.0,542.4860373626067,348.4858870967742,399.08529378500674,100.0,0.0,5.897177419354839,0.0,0.0,88.0,0.0,915.8999162498774,0.09792474926907394,100.0,1.0,5.53982564583325
209,2043,2,23,1.481964993321812E18,46.90084666095876,0.0978431903220701,0.0,36.89760548087714,0.0,95.69999999999828,241.96975806451613,533.5370952192881,100.0,0.0,6.493951612903226,0.0,0.0,104.80000000000183,611.956086011024,911.1413389103881,0.015043061497818169,100.0,1.0,6.361736938579858
213,2043,2,23,2.861374886328272E18,45.922687005019,0.27278681461793186,0.0,51.021151579386085,0.0,57.99999999999999,241.38004032258064,924.8392389376788,100.0,0.03024193548387097,6.376008064516129,0.0,0.0,104.80000000000183,617.4583422826075,887.1876028917432,0.009311200491902984,96.9758064516129,1.0,6.229057150088946
202,2043,2,23,8.834479670273441E18,44.575304050997595,0.6338409589975605,2.0,27.987988999135055,2.0,101.50000000000001,241.89415322580646,349.3585406331967,100.0,0.036290322580645164,6.47883064516129,0.0,0.0,104.80000000000183,615.8069443220713,897.4757346058857,0.016787139675985562,96.37096774193549,1.0,6.046295078201941
218,2043,2,24,7.278710821350941E18,46.81566926724499,0.2925279656758089,0.0,40.63081149239237,0.0,46.400000000000844,244.37197580645162,624.5767986809017,100.0,0.03024193548387097,6.674395161290323,0.0,0.0,104.80000000000183,612.3201697062083,911.6585557729569,0.007306875711031546,96.9758064516129,1.0,6.350183284211131
207,2043,2,24,8.507560024639921E18,46.04651467511216,0.2925279656758089,0.0,42.217444695610716,0.0,75.40000000000018,244.06451612903226,585.3686989913499,100.0,0.0,6.612903225806452,0.0,0.0,104.80000000000183,407.97465699484405,800.4735629748653,0.01207200921724222,100.0,1.0,6.245853415379091
208,2043,2,24,5.859174576972996E18,46.163532039061955,0.2925279656758089,1.0,36.11164919634728,2.0,87.00000000000001,243.66633064516128,446.85978638757234,100.0,0.0,6.533266129032258,0.0,0.0,104.80000000000183,409.5900187078512,789.8317144346017,0.013893932946968536,100.0,1.0,6.2617259153379035
211,2043,2,24,6.492828447697523E18,45.18102968130238,0.2925279656758089,1.0,50.47278976394951,1.0,107.30000000000186,244.52822580645162,812.8455820885746,100.0,0.0,6.705645161290323,0.0,0.0,104.80000000000183,401.8860627804972,796.8189150694376,0.01750848520643748,100.0,1.0,6.128457072948266
212,2043,2,24,1.0005304447219302E18,46.87040508755315,0.2925279656758089,0.0,42.509499498712835,0.0,95.69999999999828,243.8679435483871,674.7548717729335,100.0,0.0,6.573588709677419,0.0,0.0,104.80000000000183,611.0604527553485,911.7752748052267,0.015052831724040398,100.0,1.0,6.357607774699219
214,2043,2,24,4.281117921937587E18,46.760887787208524,0.2925279656758089,0.0,38.04268896979183,0.0,98.60000000000124,243.96370967741936,517.9551167275763,100.0,0.0,6.592741935483871,0.0,0.0,104.80000000000183,408.95459724333625,842.7834031664439,0.015545301261601469,100.0,1.0,6.342752600334201
200,2043,2,24,5.096996787781837E17,45.901857956119585,0.2925279656758089,0.0,35.225813894190104,0.0,92.80000000000169,243.8477822580645,477.631183049416,100.0,0.0,6.569556451612903,0.0,0.0,104.80000000000183,611.3877038927717,877.1112198492108,0.014904681069403816,100.0,1.0,6.226231850777447
201,2043,2,24,6.307363977605812E18,47.826784548250316,0.6654424375454112,0.0,36.77602044734914,0.0,104.39999999999851,242.25504032258064,523.3569624214723,100.0,0.06653225806451613,6.251008064516129,0.0,0.0,104.80000000000183,622.0623796307882,898.7797320308127,0.016092899193728034,93.34677419354838,1.0,6.487333248237014
203,2043,2,24,6.605295447056412E18,47.2263252953512,0.2925279656758089,0.0,47.91697609472911,0.0,95.69999999999828,243.95866935483872,819.2462722997033,100.0,0.03024193548387097,6.591733870967742,0.0,0.0,104.80000000000183,617.4213960392601,889.6222670590543,0.014939386374192318,96.9758064516129,1.0,6.405885596835445
206,2043,2,24,4.898224502314156E18,47.216770081036934,0.2925279656758089,0.0,49.63161901164971,0.0,78.30000000000146,243.10181451612902,917.3704150429367,100.0,0.03024193548387097,6.420362903225806,0.0,0.0,104.80000000000183,612.981636559165,930.0915184967387,0.012225607890600074,96.9758064516129,1.0,6.404589505950385
215,2043,2,25,2.797545246119503E18,46.98871574491903,0.3104744666375151,0.0,38.389392115945626,0.0,133.3999999999976,245.59979838709677,506.1546238535124,100.0,0.0030241935483870967,6.619959677419355,0.0,0.0,104.80000000000183,408.50083184083235,811.3331520304524,0.020929903697502028,99.69758064516128,1.0,6.373655699902661
216,2043,2,25,4.898742477016446E18,47.28579516014782,0.3104744666375151,0.0,47.87474960268848,0.0,113.10000000000181,245.49899193548387,751.0863856984294,100.0,0.0,6.599798387096774,0.0,0.0,104.80000000000183,409.82019359369986,816.888474789047,0.017633433498280095,100.0,1.0,6.4139522238271525
217,2043,2,25,4.974214387304059E17,46.95589182619908,0.16782403602027873,0.0,51.95665357319453,0.0,110.19999999999813,245.7358870967742,859.7735197098798,100.0,0.0,6.647177419354839,0.0,0.0,104.80000000000183,404.73191987412804,794.3923188239089,0.01730200674465531,100.0,1.0,6.369203389314338
219,2043,2,25,8.617806463867117E18,47.97442363315028,0.15086222868683927,0.0,52.71557129620249,0.0,113.10000000000181,245.45362903225808,949.2246045536064,100.0,0.04233870967741935,6.590725806451613,0.0,0.0,104.80000000000183,617.3870276641219,850.8218640039948,0.017380321872040135,95.76612903225806,1.0,6.507359347696932
210,2043,2,25,2.9539370702862316E18,47.07414283543888,0.16746195611516476,0.0,37.163010704567526,0.0,89.89999999999921,245.83165322580646,504.59228503398873,100.0,0.0,6.66633064516129,0.0,0.0,104.80000000000183,409.6862254047116,852.2528012530375,0.014079338382313157,100.0,1.0,6.385243223710995
204,2043,2,25,3.1730362057635645E18,47.62146556760664,0.3104744666375151,0.0,45.74555530397007,0.0,98.60000000000124,245.40826612903226,716.8768545278431,100.0,0.0,6.581653225806452,0.0,0.0,104.80000000000183,412.27503357711345,849.5376103709549,0.015264378768018417,100.0,1.0,6.459483317236975
205,2043,2,25,3.0688222562761073E18,47.609086382536184,0.3104744666375151,0.0,58.83892441447533,0.0,110.19999999999813,245.28729838709677,1253.815002190761,100.0,0.0,6.557459677419355,0.0,0.0,104.80000000000183,615.1212377700224,876.5361462974171,0.017064623978506267,100.0,1.0,6.457804176570223
212,2043,7,4,1.0005304447219302E18,39.56145773053684,0.0018616702242433753,1.0,43.05797657807052,2.0,186.06150563922125,222.01310483870967,569.8740573629226,100.0,0.09879032258064516,5.202620967741935,0.0,0.0,104.89999999999849,275.0,752.5852649392172,0.03475873807663528,90.12096774193549,1.0,5.3529419056870555
216,2043,7,5,4.898742477016446E18,39.54541430751412,2.2915497422884286E-4,1.0,44.71346200829572,2.0,243.22038928134222,226.19959677419354,585.3543039823277,100.0,0.09879032258064516,5.73991935483871,0.0,0.0,104.89999999999849,275.0,722.7119716956248,0.04545520335324393,90.12096774193549,1.0,5.3507711183517275
219,2043,7,5,8.617806463867117E18,39.19623920318183,0.002754220528193068,1.0,50.90042173563251,3.0,278.9113440079721,227.33870967741936,739.6590507686753,100.0,0.0,5.967741935483871,0.0,0.0,104.89999999999849,248.7496640741608,712.7159503896385,0.052589801883136354,100.0,1.0,5.303525284764552
207,2043,7,5,8.507560024639921E18,40.824515408194394,0.0010626776978745855,0.0,41.628793752593126,0.0,125.75473144741727,226.5070564516129,510.6183633963761,100.0,0.09879032258064516,5.801411290322581,0.0,0.0,104.89999999999849,275.0,715.0226813834562,0.022765807090154626,90.12096774193549,1.0,5.523842442721987
210,2043,7,5,2.9539370702862316E18,38.97922046467059,2.6527672443839165E-4,1.0,32.27095868435128,3.0,260.3490538371494,227.0110887096774,362.04892615393464,100.0,0.0,5.902217741935484,0.0,0.0,104.89999999999849,271.3399999999977,758.6945389153943,0.049363120946692304,100.0,1.0,5.2741611317141555
200,2043,7,5,5.096996787781837E17,39.84738022724858,0.0011647521392592244,1.0,38.39434483927904,1.0,238.75120301839092,227.16229838709677,450.8546498529335,100.0,0.09879032258064516,5.932459677419355,0.0,0.0,104.89999999999849,275.0,722.2897011584121,0.044281828982686657,90.12096774193549,1.0,5.39162921910335
203,2043,7,5,6.605295447056412E18,39.368302824588376,0.0013274039172859523,1.0,46.62445614819067,2.0,239.42348812273065,227.22782258064515,656.3409410247598,100.0,0.09879032258064516,5.945564516129032,0.0,0.0,104.89999999999849,275.0,750.456623208744,0.044946907553289075,90.12096774193549,1.0,5.326806696075143
206,2043,7,5,4.898224502314156E18,40.65537133045516,0.0015333647438231376,0.0,51.793015258719635,0.0,173.3758322154465,226.44657258064515,822.376113306505,100.0,0.09879032258064516,5.789314516129032,0.0,0.0,104.89999999999849,275.0,764.4245584194093,0.0315173999087685,90.12096774193549,1.0,5.500956066087526
208,2043,7,6,5.859174576972996E18,40.27213939599265,0.0012833596225476343,0.0,33.74969720902368,0.0,257.3472779346844,228.60685483870967,363.62200516318194,100.0,0.01310483870967742,5.921370967741935,0.0,0.0,104.89999999999849,275.0,712.576211068814,0.047227464812748914,98.68951612903226,1.0,5.449102105205831
211,2043,7,6,6.492828447697523E18,41.0501264526689,0.0018555108521201452,0.0,50.8433817889119,0.0,273.13609113605463,228.07762096774192,742.2194822159895,100.0,0.0,5.815524193548387,0.0,0.0,104.89999999999849,275.0,716.6584687350488,0.04917499747564867,100.0,1.0,5.5543691948598655
213,2043,7,6,2.861374886328272E18,40.57976003062096,0.0013538398432186205,0.0,51.69072631524269,0.0,176.80277988898973,228.81854838709677,817.7715596482658,100.0,0.0,5.963709677419355,0.0,0.0,104.89999999999849,275.0,763.5027844670728,0.0322002594035373,100.0,1.0,5.4907253284291055
201,2043,7,6,6.307363977605812E18,40.73168828958476,0.0010311710504312813,0.0,38.405616462581115,0.0,176.5674994395527,227.32157258064515,464.46010743711724,100.0,0.0846774193548387,5.664314516129032,0.0,0.0,104.89999999999849,268.95999999999776,743.7091772588375,0.03203746248669931,91.53225806451613,1.0,5.511282284383683
202,2043,7,6,8.834479670273441E18,40.31667115604185,0.0016994792577373135,1.0,33.16594001655031,1.0,248.607950682183,228.96975806451613,373.49538632807344,100.0,0.0,5.993951612903226,0.0,0.0,104.89999999999849,274.200000000005,751.4315208679795,0.045573260712189964,100.0,1.0,5.455127563775247
205,2043,7,6,3.0688222562761073E18,40.07623252156347,0.002030147167613807,1.0,57.8657147637729,1.0,290.0682895159512,228.9647177419355,1025.183183242486,100.0,0.0,5.992943548387097,0.0,0.0,104.89999999999849,268.3901875135758,745.7763995810885,0.05349252791132456,100.0,1.0,5.422594535012482
215,2043,7,7,2.797545246119503E18,41.39123237689154,0.0021143380020860088,0.0,36.565947094062125,0.0,306.60398098004276,230.37399193548387,423.7048865514376,100.0,0.0,5.974798387096774,0.0,0.0,104.89999999999849,275.0,733.969957793556,0.05474559596968541,100.0,1.0,5.600523211946041
217,2043,7,7,4.974214387304059E17,40.14194234771366,0.002031066202094384,1.0,47.23248230529584,2.0,312.3611900413286,230.41431451612902,660.0529479021844,100.0,0.0,5.982862903225806,0.0,0.0,104.89999999999849,274.559999999998,736.4689561690728,0.05750934768839831,100.0,1.0,5.431485534035069
218,2043,7,7,7.278710821350941E18,40.822253443918136,0.002213431297694388,0.0,42.761245982369566,0.0,220.60434247194925,230.38407258064515,571.8387389632142,100.0,0.0,5.976814516129032,0.0,0.0,104.89999999999849,275.0,764.4143254930325,0.03993896793102872,100.0,1.0,5.523536383136255
209,2043,7,7,1.481964993321812E18,40.38708461584936,0.0011951585616479805,1.0,38.24846007556316,2.0,227.04545936997835,230.01612903225808,475.0786092505841,100.0,0.0,5.903225806451613,0.0,0.0,104.89999999999849,275.0,765.8826723643348,0.04154799515816572,100.0,1.0,5.46465499732676
214,2043,7,7,4.281117921937587E18,40.28310278446477,0.0022244051762154186,1.0,34.399458495263445,1.0,260.85517664319735,230.48487903225808,402.72605559354196,100.0,0.07560483870967742,5.996975806451613,0.0,0.0,104.89999999999849,275.0,766.611951377929,0.047858193452234174,92.43951612903226,1.0,5.4505855283390305
204,2043,7,7,3.1730362057635645E18,40.34556887424924,0.0016791262127344765,0.0,42.257817548520265,0.0,275.32425653714677,230.38407258064515,559.8701278617324,100.0,0.0,5.976814516129032,0.0,0.0,104.89999999999849,275.0,763.9378430901031,0.05043457754679008,100.0,1.0,5.459037627146137
203,2043,11,7,6.605295447056412E18,38.71993163692795,0.00279540513422213,1.0,38.482776348178156,3.0,468.73213688135945,324.3094758064516,531.5926242775184,100.0,0.0,5.861895161290323,0.0,0.0,88.0,0.0,848.617205422471,0.08969005388738507,100.0,1.0,5.226132849355849
216,2043,11,8,4.898742477016446E18,40.4672438484332,0.00897325048085301,1.0,36.371868786429566,1.0,472.5321719494702,331.6280241935484,486.1221788683567,100.0,0.0,5.825604838709677,0.0,0.0,88.0,0.0,849.1286756761393,0.08651310363796103,100.0,1.0,5.461972257138259
217,2043,11,8,4.974214387304059E17,39.48508237306272,0.004305782380447712,1.0,38.34419366965935,3.0,530.3262766130366,331.7288306451613,525.8388493896223,100.0,0.0,5.845766129032258,0.0,0.0,88.0,0.0,844.4371043473205,0.09950942899634804,100.0,1.0,5.329407292976221
219,2043,11,8,8.617806463867117E18,39.67092335716078,0.0021716482286672422,1.0,42.96797496535084,2.0,470.76797940742506,331.8397177419355,630.5202634382025,100.0,0.0,5.867943548387097,0.0,0.0,88.0,0.0,835.81167410709,0.08792021530059976,100.0,1.0,5.354490748206956
207,2043,11,8,8.507560024639921E18,40.927480987352986,0.0032070230453370356,0.0,32.63313505995152,0.0,479.3517652469276,330.99798387096774,400.44613560819346,100.0,0.0,5.699596774193548,0.0,0.0,88.0,0.0,825.250214003851,0.08677476617282161,100.0,1.0,5.524091696107198
208,2043,11,8,5.859174576972996E18,38.857040880884036,0.008529705780278568,1.0,20.702106028614946,4.0,502.1541451152548,331.7993951612903,214.88602288282144,100.0,0.0,5.859879032258065,0.0,0.0,88.0,0.0,820.9306800159985,0.09574618183795723,100.0,1.0,5.24463885113571
212,2043,11,8,1.0005304447219302E18,40.02788341778381,0.002438383282840497,1.0,32.88296152100261,1.0,450.0196607810021,331.7993951612903,439.3625740528501,100.0,0.0,5.859879032258065,0.0,0.0,88.0,0.0,895.3823625925602,0.08329577977586379,100.0,1.0,5.402670603383943
200,2043,11,8,5.096996787781837E17,39.69572747244947,0.0037671076745814597,1.0,28.429370413625406,2.0,474.08257943410206,331.72379032258067,331.8168649776884,100.0,0.0,5.844758064516129,0.0,0.0,88.0,0.0,833.9751178102623,0.08848392281319536,100.0,1.0,5.357838626062851
201,2043,11,8,6.307363977605812E18,39.97159657451335,0.0034327660600049904,1.0,26.009702141825755,2.0,504.97595204173024,331.5272177419355,308.03613351270184,100.0,0.0,5.805443548387097,0.0,0.0,88.0,0.0,874.6581389423702,0.0935994587969622,100.0,1.0,5.395073417434326
204,2043,11,8,3.1730362057635645E18,39.613405925954275,0.0022478082366866278,2.0,31.557946134113635,2.0,531.6790712725461,331.71370967741933,409.6056361386341,100.0,0.0,5.842741935483871,0.0,0.0,88.0,0.0,886.9672988919002,0.09944009201945242,100.0,1.0,5.346727466508573
215,2043,11,9,2.797545246119503E18,40.80661385852178,0.0026532378713344197,1.0,25.400252020556643,1.0,541.7696984165115,332.95665322580646,289.59909915866166,100.0,0.0,5.79133064516129,0.0,0.0,88.0,0.0,848.9045233699441,0.0983644774176516,100.0,1.0,5.507777936095559
218,2043,11,9,7.278710821350941E18,39.89628454871054,0.002422583823124468,1.0,31.68417334495104,2.0,537.843237423164,333.4858870967742,413.2239816193322,100.0,0.0,5.897177419354839,0.0,0.0,88.0,0.0,889.4922109789296,0.09987973839103657,100.0,1.0,5.384908351656549
209,2043,11,9,1.481964993321812E18,41.354655673255465,0.003469934447352282,0.0,28.967181811025828,0.0,534.8375958612557,339.36995967741933,367.6354368280691,100.0,0.0,5.873991935483871,0.0,0.0,88.0,0.0,899.9164779244073,0.09581900466910578,100.0,1.0,5.58174860726454
210,2043,11,9,2.9539370702862316E18,40.380117359482334,0.0028378401267719782,1.0,22.15712113956861,3.0,472.58508953252544,339.2086693548387,257.08957070512344,100.0,0.0,5.841733870967742,0.0,0.0,88.0,0.0,901.0642966391073,0.0867094786099042,100.0,1.0,5.450212561635049
211,2043,11,9,6.492828447697523E18,40.403026134198825,0.00897325048085301,1.0,40.875618299668155,2.0,509.83387087472653,339.1028225806452,585.8596217813121,100.0,0.0,5.820564516129032,0.0,0.0,88.0,0.0,846.4733023131117,0.09349081087034113,100.0,1.0,5.453304620298949
213,2043,11,9,2.861374886328272E18,40.09536807617216,0.003738854367022088,1.0,43.1035993842846,2.0,506.9174051248761,333.48084677419354,672.2854457046348,100.0,0.0,5.89616935483871,0.0,0.0,88.0,0.0,886.253194420586,0.09366926984184118,100.0,1.0,5.411779188423234
214,2043,11,9,4.281117921937587E18,39.585385314723105,0.0026100205005389855,1.0,22.163322163858744,3.0,534.2027016588769,333.32459677419354,254.54829138421562,100.0,0.0,5.86491935483871,0.0,0.0,88.0,0.0,891.6972176329186,0.09998281036176117,100.0,1.0,5.34294544958285
202,2043,11,9,8.834479670273441E18,40.44089138406592,0.0020916667787536235,1.0,20.626125568912805,1.0,505.3367327439152,339.445564516129,232.61593501876655,100.0,0.0,5.889112903225806,0.0,0.0,88.0,0.0,892.9889708422104,0.09257938361684202,100.0,1.0,5.45841539446137
205,2043,11,9,3.0688222562761073E18,39.75055048018187,0.0020916667787536235,1.0,49.3984508288941,2.0,503.88487727930914,339.62701612903226,866.0596494419318,100.0,0.0,5.925403225806452,0.0,0.0,88.0,0.0,886.1679979796824,0.09391658958709229,100.0,1.0,5.3652382342103495
206,2043,11,9,4.898224502314156E18,41.08433562018209,0.002766106806674776,0.0,44.34952759024967,0.0,481.3465942513214,332.976814516129,709.8426264508727,100.0,0.0,5.795362903225806,0.0,0.0,88.0,0.0,889.738720471364,0.08680320714030314,100.0,1.0,5.545262785893424
207,2044,2,22,8.507560024639921E18,45.92767359094437,0.6381965527234733,0.0,34.54551435366703,0.0,107.30000000000186,239.8397177419355,455.3542180362063,100.0,0.04233870967741935,6.367943548387097,0.0,0.0,105.10000000000153,618.122956546527,861.8689146460139,0.017352154123452916,95.76612903225806,1.0,6.18367029457033
214,2044,2,22,4.281117921937587E18,44.66127634819577,0.27637611481027297,0.0,32.138859375695525,0.0,98.60000000000124,240.01612903225808,426.44733605256675,100.0,0.0,6.403225806451613,0.0,0.0,105.10000000000153,603.2856612874209,899.3605953362655,0.01639735904903786,100.0,1.0,6.0131634432794066
216,2044,2,23,4.898742477016446E18,45.61775434278151,0.2961172658681505,1.0,43.9475499161059,1.0,95.69999999999828,241.28427419354838,632.583793191669,100.0,0.0,6.356854838709677,0.0,0.0,105.10000000000153,405.871598668494,805.9579480084576,0.015581388544277989,100.0,1.0,6.141942980758448
218,2044,2,23,7.278710821350941E18,46.49176437524788,0.6567004211926089,0.0,38.07628932003485,0.0,52.19999999999926,241.98487903225808,562.9573885339977,100.0,0.06653225806451613,6.496975806451613,0.0,0.0,105.10000000000153,616.5632343041271,914.57772210802,0.008339165572270256,93.34677419354838,1.0,6.259619088698381
208,2044,2,23,5.859174576972996E18,46.32069753662624,0.1652440099710655,0.0,27.82906248939479,0.0,89.89999999999921,241.32459677419354,327.3294607229597,100.0,0.03024193548387097,6.36491935483871,0.0,0.0,105.10000000000153,614.2706185933602,847.6585631923956,0.014414936142307894,96.9758064516129,1.0,6.236586767536372
209,2044,2,23,1.481964993321812E18,46.62133608968422,0.2961172658681505,0.0,37.7922678027989,0.0,95.69999999999828,241.5514112903226,556.8625559933546,100.0,0.03024193548387097,6.410282258064516,0.0,0.0,105.10000000000153,606.8163106759318,915.5517095124645,0.015245979942852362,96.9758064516129,1.0,6.27706453496054
211,2044,2,23,6.492828447697523E18,46.38142009434219,0.22778251220626924,0.0,44.077570342418305,0.0,78.30000000000146,241.81350806451613,682.0730009021432,100.0,0.0030241935483870967,6.462701612903226,0.0,0.0,105.10000000000153,611.2219732372986,864.5483621351342,0.01253850744814107,99.69758064516128,1.0,6.244762410825065
201,2044,2,23,6.307363977605812E18,47.04378979349843,0.2961172658681505,0.0,40.902762439167624,0.0,66.6999999999988,241.2641129032258,555.3481558083618,100.0,0.0,6.352822580645161,0.0,0.0,105.10000000000153,414.79397590107664,801.5837113214332,0.010530564559816644,100.0,1.0,6.333943410262911
215,2044,2,24,2.797545246119503E18,46.80358176473541,0.3149610918779416,0.0,35.30255582524398,0.0,101.50000000000001,243.93850806451613,441.7893140769653,100.0,0.0,6.587701612903226,0.0,0.0,105.10000000000153,411.29871309855713,808.5310206695084,0.01610701541169253,100.0,1.0,6.301601966949031
217,2044,2,24,4.974214387304059E17,47.32755076864957,0.3149610918779416,1.0,47.73426474889658,1.0,98.60000000000124,243.11189516129033,741.2859769071669,100.0,0.0,6.422379032258065,0.0,0.0,105.10000000000153,403.9901654174329,810.9652731730237,0.01547358720187089,100.0,1.0,6.372148792238664
219,2044,2,24,8.617806463867117E18,46.89303376502135,0.3149610918779416,1.0,52.68650881968214,1.0,92.80000000000169,243.45967741935485,903.3433623498278,100.0,0.0,6.491935483870968,0.0,0.0,105.10000000000153,403.4795827383651,810.6370776031167,0.01469832234461049,100.0,1.0,6.3136457225697695
210,2044,2,24,2.9539370702862316E18,46.78182142664277,0.3149610918779416,1.0,38.19264657706984,1.0,118.89999999999799,243.71673387096774,527.0940465883191,100.0,0.0,6.543346774193548,0.0,0.0,105.10000000000153,405.3331604274141,852.2155274048461,0.018876994514115043,100.0,1.0,6.298672170037024
212,2044,2,24,1.0005304447219302E18,46.770603208979125,0.3149610918779416,0.0,45.46236636341185,0.0,87.00000000000001,243.6915322580645,725.691003685123,100.0,0.0,6.538306451612903,0.0,0.0,105.10000000000153,414.1522158430122,869.6677397093505,0.013815748008061493,100.0,1.0,6.297161756948338
213,2044,2,24,2.861374886328272E18,46.66886921794524,0.3149610918779416,0.0,53.799726840931484,0.0,113.10000000000181,244.22076612903226,965.1671933255163,100.0,0.0030241935483870967,6.644153225806452,0.0,0.0,105.10000000000153,406.5219156929477,828.2134891463256,0.017999624645573826,99.69758064516128,1.0,6.283464362564556
200,2044,2,24,5.096996787781837E17,47.25122957118165,0.3149610918779416,1.0,40.916751407713015,1.0,89.89999999999921,243.2227822580645,559.2732219784797,100.0,0.0,6.444556451612903,0.0,0.0,105.10000000000153,410.9292686099248,806.5219995424036,0.014131058664870386,100.0,1.0,6.361872958852641
204,2044,2,24,3.1730362057635645E18,46.34827104271422,0.3149610918779416,0.0,37.717737165148456,0.0,95.69999999999828,243.75201612903226,548.4933683518242,100.0,0.0,6.550403225806452,0.0,0.0,105.10000000000153,609.1891619209324,904.7478417261514,0.015335803017921581,100.0,1.0,6.240299245377777
205,2044,2,24,3.0688222562761073E18,47.34025326006923,0.672401573548464,0.0,58.02249231378018,0.0,95.69999999999828,244.04939516129033,1229.4394544637266,100.0,0.06854838709677419,6.609879032258065,0.0,0.0,105.10000000000153,613.1470774006367,888.7588993276,0.015014451887857605,93.14516129032258,1.0,6.3738590469221315
206,2044,2,24,4.898224502314156E18,47.49679469709159,0.3149610918779416,0.0,53.801275749182345,0.0,89.89999999999921,243.22782258064515,1000.0975013641088,100.0,0.0,6.445564516129032,0.0,0.0,105.10000000000153,404.0406355717963,858.1444548836967,0.014057999099011035,100.0,1.0,6.394935678031419
202,2044,2,25,8.834479670273441E18,47.264287986765844,0.28288552363367275,0.0,36.35496894437771,0.0,92.80000000000169,245.69556451612902,475.0603032952902,100.0,0.0,6.639112903225806,0.0,0.0,105.10000000000153,412.5005665596153,830.7303763269705,0.014582869124950739,100.0,1.0,6.36363113492011
203,2044,2,25,6.605295447056412E18,46.5005265243845,0.33380491788773303,0.0,51.269697962307625,0.0,101.50000000000001,245.3578629032258,883.2444522613151,100.0,0.0,6.571572580645161,0.0,0.0,105.10000000000153,408.5824021662692,838.8834004373385,0.016211988748378616,100.0,1.0,6.260798818414624
210,2044,7,3,2.9539370702862316E18,39.94050708005297,0.0026376397650949525,0.0,35.41841835588618,0.0,301.51529810697747,225.35987903225808,416.4587891265661,100.0,0.0,5.871975806451613,0.0,0.0,105.19999999999817,262.6300000000032,758.2348167263804,0.05620791723269842,100.0,1.0,5.364285192399441
200,2044,7,3,5.096996787781837E17,39.69546326445685,0.0021024485662729697,1.0,37.60015294121953,1.0,224.2817581743811,224.83064516129033,430.76159681057186,100.0,0.0,5.766129032258065,0.0,0.0,105.19999999999817,272.3599999999931,713.801544363269,0.042068283545111176,100.0,1.0,5.331374120217587
215,2044,7,4,2.797545246119503E18,40.51475741089182,0.004364421440103618,1.0,32.76791001748706,1.0,214.5151069050439,226.79435483870967,354.1540736384721,100.0,0.0,5.858870967741935,0.0,0.0,105.19999999999817,275.0,725.4931045607752,0.03942269904001579,100.0,1.0,5.441410966999027
216,2044,7,4,4.898742477016446E18,39.8339748482316,0.001658641493688182,1.0,42.009203097821995,3.0,232.90311242405173,225.66532258064515,526.7419975738214,100.0,0.0,5.633064516129032,0.0,0.0,105.19999999999817,271.809999999998,726.3086269428757,0.04353347773110779,100.0,1.0,5.349977179921598
207,2044,7,4,8.507560024639921E18,40.39380336870146,0.0013699619054737431,1.0,38.904794654169585,1.0,208.72006605756826,224.93447580645162,450.06523782531644,100.0,0.0846774193548387,5.486895161290323,0.0,0.0,105.19999999999817,275.0,705.5840483430412,0.038472567627332276,91.53225806451613,1.0,5.425166006057941
208,2044,7,4,5.859174576972996E18,39.93868626854636,0.00897325048085301,1.0,31.468980779710012,1.0,279.756261608915,225.77116935483872,318.455183197168,100.0,0.0,5.654233870967742,0.0,0.0,105.19999999999817,243.46697935665674,692.1430418333836,0.05215401599842423,100.0,1.0,5.364040644873206
212,2044,7,4,1.0005304447219302E18,40.25656318905127,0.0013424970797206808,1.0,43.56429425239057,1.0,119.96321783317397,226.01814516129033,597.1199327488404,100.0,0.0,5.703629032258065,0.0,0.0,105.19999999999817,266.1600000000028,772.652707989942,0.022187742985978955,100.0,1.0,5.406733704684701
214,2044,7,4,4.281117921937587E18,40.953162640390275,0.0010584159566941552,1.0,38.771640926126814,1.0,202.11040061999503,223.0796370967742,470.5746001418974,100.0,0.0846774193548387,5.115927419354839,0.0,0.0,105.19999999999817,275.0,742.15320509979,0.036745395997856055,91.53225806451613,1.0,5.500291808851028
201,2044,7,4,6.307363977605812E18,39.64076094817996,0.00897325048085301,1.0,33.47806164484389,1.0,301.05312696175525,227.34375,378.46141845565415,100.0,0.0,5.96875,0.0,0.0,105.19999999999817,275.0,750.7085652747197,0.056546128407530996,100.0,1.0,5.324027222377616
204,2044,7,4,3.1730362057635645E18,40.098550822277254,0.006046664744510107,1.0,40.485709148372024,1.0,208.96832114328507,226.45665322580646,508.297283409019,100.0,0.0,5.79133064516129,0.0,0.0,105.19999999999817,262.6877548785358,745.8809253712118,0.03880194462296235,100.0,1.0,5.385511555511603
205,2044,7,4,3.0688222562761073E18,40.34405852299996,0.003085711994791273,0.0,59.293265007588495,0.0,190.33643442491444,226.0735887096774,1057.4729435201627,100.0,0.036290322580645164,5.714717741935484,0.0,0.0,105.19999999999817,212.561017878587,725.2228327622391,0.03512724255222682,96.37096774193549,1.0,5.418484930660987
206,2044,7,4,4.898224502314156E18,39.87929645602192,0.0016598687533949364,1.0,50.406347581442205,1.0,293.75456357823646,226.50201612903226,785.0078735010841,100.0,0.0,5.800403225806452,0.0,0.0,105.19999999999817,275.0,771.3585527101687,0.05484522841523363,100.0,1.0,5.356064184001906
217,2044,7,5,4.974214387304059E17,38.46808464147387,0.0015562349082298042,1.0,41.5907194772373,5.0,236.76987297033722,228.50100806451613,523.9652612176643,100.0,0.0,5.900201612903226,0.0,0.0,105.19999999999817,273.58999999999793,734.5977325005193,0.04582765061703684,100.0,1.0,5.166528717540582
218,2044,7,5,7.278710821350941E18,41.00211857840192,7.176303967412826E-4,0.0,41.49420709542568,0.0,245.18716359882944,228.12802419354838,539.7950805330188,100.0,0.014112903225806451,5.825604838709677,0.0,0.0,105.19999999999817,275.0,760.0586519727991,0.04452389476298794,98.58870967741935,1.0,5.5068669285116085
219,2044,7,5,8.617806463867117E18,39.89248190672918,0.0011932513937304575,1.0,49.68657800220517,2.0,224.8177290921538,228.91935483870967,723.1566530755193,100.0,0.0,5.983870967741935,0.0,0.0,105.19999999999817,275.0,731.3475957514208,0.04196055416035841,100.0,1.0,5.357835080847118
209,2044,7,5,1.481964993321812E18,40.968831389035,0.0022996541468100957,0.0,40.76234358250912,0.0,235.4694553817521,227.32157258064515,526.6572001785362,100.0,0.0846774193548387,5.664314516129032,0.0,0.0,105.19999999999817,275.0,764.0427214123899,0.04279398384838462,91.53225806451613,1.0,5.502396229713037
211,2044,7,5,6.492828447697523E18,41.69339970421148,0.0010805937476942487,0.0,48.13535468438385,0.0,235.3100791178587,227.20060483870967,667.9513043633195,100.0,0.0846774193548387,5.640120967741935,0.0,0.0,105.19999999999817,274.0199999999963,718.912069321478,0.04202182752581345,91.53225806451613,1.0,5.599710744929187
213,2044,7,5,2.861374886328272E18,40.79523838036498,0.0011635438901521063,1.0,50.260124182823866,1.0,304.23604062622474,228.84375,778.5191933206119,100.0,0.0,5.96875,0.0,0.0,105.19999999999817,274.640000000007,769.6423871216144,0.0555268325564677,100.0,1.0,5.479081493021118
202,2044,7,5,8.834479670273441E18,40.30937798570092,0.0015649198606301018,1.0,32.77073809694487,1.0,220.94702956904348,228.77822580645162,364.470670081157,100.0,0.0846774193548387,5.955645161290323,0.0,0.0,105.19999999999817,275.0,746.4241653813275,0.04081161545536759,91.53225806451613,1.0,5.413827095638388
203,2044,7,5,6.605295447056412E18,41.45306746776327,0.0014020703876332892,0.0,51.16052744639169,0.0,217.3821191934738,227.67943548387098,783.8782088799494,100.0,0.014112903225806451,5.735887096774194,0.0,0.0,105.19999999999817,273.3999999999968,747.528693524315,0.03904530865061697,98.58870967741935,1.0,5.567432470278061
216,2044,11,6,4.898742477016446E18,38.923090319845336,0.0031933275732573103,1.0,31.218772421139352,4.0,470.20999383973935,323.7046370967742,381.73045526804714,100.0,0.0,5.740927419354839,0.0,0.0,88.0,0.0,839.644700045791,0.09016945849906693,100.0,1.0,5.2147368040876625
212,2044,11,6,1.0005304447219302E18,39.93509091715395,0.0029990810430658463,1.0,34.686971577639895,1.0,472.43821602574883,323.9818548387097,470.7196814992017,100.0,0.0,5.796370967741935,0.0,0.0,88.0,0.0,884.7607892908022,0.08830092714536678,100.0,1.0,5.3503199943528355
214,2044,11,6,4.281117921937587E18,38.89493875283308,0.005121718310989157,1.0,22.599676002387667,3.0,476.2047691362466,330.0221774193548,260.21412896062304,100.0,0.0,5.804435483870968,0.0,0.0,88.0,0.0,888.7217081576476,0.0913851373199144,100.0,1.0,5.210965186485235
215,2044,11,7,2.797545246119503E18,40.2790118875278,2.619009538512939E-4,1.0,20.51018676168827,1.0,476.68539280642887,332.01108870967744,220.06089975324358,100.0,0.0,5.902217741935484,0.0,0.0,88.0,0.0,850.6549072837067,0.08833401204475035,100.0,1.0,5.396396945775973
217,2044,11,7,4.974214387304059E17,39.60336379028924,0.00897325048085301,1.0,34.28800714813834,3.0,490.93206930156435,331.68850806451616,443.68218641897414,100.0,0.0,5.837701612903226,0.0,0.0,88.0,0.0,848.8258884720069,0.09252609802086584,100.0,1.0,5.3058767180569175
219,2044,11,7,8.617806463867117E18,40.77882497106846,0.0018875158773355167,0.0,43.1565776604629,0.0,498.9378825886253,331.7590725806452,640.5632523790181,100.0,0.0,5.851814516129032,0.0,0.0,88.0,0.0,842.5879906621735,0.09132437154920944,100.0,1.0,5.463359606255559
207,2044,11,7,8.507560024639921E18,40.18264185832716,0.00897325048085301,1.0,27.83254472559336,1.0,476.07590674122696,331.9102822580645,319.6024687144954,100.0,0.0,5.882056451612903,0.0,0.0,88.0,0.0,827.1682358854113,0.08843264948343058,100.0,1.0,5.383485732047735
208,2044,11,7,5.859174576972996E18,38.213111472611054,0.0033136080062234246,2.0,14.923580233941127,6.0,473.68604002873855,331.61290322580646,144.42489528811294,100.0,0.0,5.82258064516129,0.0,0.0,88.0,0.0,820.1233430374975,0.0925237240902807,100.0,1.0,5.119617100221085
209,2044,11,7,1.481964993321812E18,38.43608953481747,0.0020421598727476233,2.0,26.342455974520163,5.0,505.3533394316902,331.5221774193548,318.6459072599793,100.0,0.0,5.804435483870968,0.0,0.0,88.0,0.0,889.2727766934803,0.09813656751305078,100.0,1.0,5.149490676495133
210,2044,11,7,2.9539370702862316E18,40.5472688182895,0.0029890907664400506,1.0,23.858432021006454,1.0,450.9885255307262,337.6633064516129,284.27596992787926,100.0,0.0,5.832661290322581,0.0,0.0,88.0,0.0,905.3198564855988,0.08301925010524706,100.0,1.0,5.432336776819699
211,2044,11,7,6.492828447697523E18,38.75478270165969,2.3851072459871904E-4,1.0,33.78224706174641,5.0,509.81407571746337,337.59274193548384,434.8929283127847,100.0,0.0,5.818548387096774,0.0,0.0,88.0,0.0,851.040454665557,0.09818868325720705,100.0,1.0,5.192187722713381
213,2044,11,7,2.861374886328272E18,39.97971529884469,0.003656581288041178,1.0,41.247148018708785,3.0,504.2886662583961,331.84979838709677,624.6909019639941,100.0,0.0,5.869959677419355,0.0,0.0,88.0,0.0,888.7773062919234,0.09414872233778745,100.0,1.0,5.356298563979505
200,2044,11,7,5.096996787781837E17,40.04626422005104,0.0049906843608748756,1.0,27.663109528777728,2.0,449.858829013785,331.8094758064516,319.07473068979823,100.0,0.0,5.861895161290323,0.0,0.0,88.0,0.0,832.753410215794,0.08384731504516757,100.0,1.0,5.3652144826754595
202,2044,11,7,8.834479670273441E18,39.43937168294806,0.0035950522759827888,1.0,19.46370500052088,3.0,501.3658590988865,331.90020161290323,211.5650055660113,100.0,0.0,5.880040322580645,0.0,0.0,88.0,0.0,872.6705214633816,0.09488546488568379,100.0,1.0,5.283905808997433
205,2044,11,7,3.0688222562761073E18,38.956601603340104,0.004935781342603429,1.0,48.86141511289858,4.0,475.8071143326238,331.8397177419355,839.5383331851452,100.0,0.0,5.867943548387097,0.0,0.0,88.0,0.0,877.600893295672,0.09116429706068717,100.0,1.0,5.219226491878545
218,2044,11,8,7.278710821350941E18,40.168018581065006,0.00897325048085301,1.0,29.621756723158573,2.0,508.46662908894376,333.51108870967744,376.7422201601102,100.0,0.0,5.902217741935484,0.0,0.0,88.0,0.0,893.5258819596428,0.09448371614155959,100.0,1.0,5.381526572548617
201,2044,11,8,6.307363977605812E18,40.64591988641806,0.002162229031530852,1.0,22.59722832300406,2.0,475.05431273456827,339.42540322580646,261.4763153107476,100.0,0.0,5.88508064516129,0.0,0.0,88.0,0.0,893.4681291719003,0.08723710171310961,100.0,1.0,5.4455535936629955
203,2044,11,8,6.605295447056412E18,39.9224341086103,0.002166405234392331,1.0,40.250849423542334,4.0,511.2541153809137,338.57358870967744,592.5526668658397,100.0,0.0,5.714717741935484,0.0,0.0,88.0,0.0,878.6677214999748,0.09558609603998255,100.0,1.0,5.348624293297447
204,2044,11,8,3.1730362057635645E18,38.142420436288575,0.0021024485662729697,2.0,24.224325095933924,7.0,477.44745440160636,339.31451612903226,288.8275407326645,100.0,0.0,5.862903225806452,0.0,0.0,88.0,0.0,901.2235791643217,0.09343127025736528,100.0,1.0,5.110146239973321
206,2044,11,8,4.898224502314156E18,41.237861654302094,0.002111353054318358,1.0,43.31287832457257,1.0,476.3015381911011,338.7600806451613,695.7556137672532,100.0,0.0,5.752016129032258,0.0,0.0,88.0,0.0,909.6593183150752,0.08621061970856772,100.0,1.0,5.524859231974244
207,2045,2,21,8.507560024639921E18,46.354563230961084,0.28176006509878404,0.0,40.9486239444275,0.0,81.19999999999848,239.2147177419355,532.2331993517184,100.0,0.0,6.242943548387097,0.0,0.0,105.39999999999846,409.24125894916153,766.8848173945677,0.013107240738158731,100.0,1.0,6.1950491046985405
212,2045,2,21,1.0005304447219302E18,44.67073170272856,0.28176006509878404,1.0,46.8564589404195,1.0,127.60000000000228,239.34072580645162,758.8889366939777,100.0,0.0,6.268145161290323,0.0,0.0,105.39999999999846,412.429957872606,859.9453905580918,0.021373485375681206,100.0,1.0,5.970013676159052
215,2045,2,22,2.797545246119503E18,45.983835500050205,0.24592268854540072,0.0,33.06841473970045,0.0,95.69999999999828,241.30947580645162,399.11261970264127,100.0,0.0,6.361895161290323,0.0,0.0,105.39999999999846,409.3531228523529,806.867496990853,0.015572361793877063,100.0,1.0,6.145503249072136
216,2045,2,22,4.898742477016446E18,45.852183819897206,0.3015012161566621,0.0,40.46246696165345,0.0,104.39999999999851,241.08770161290323,549.7801859700747,100.0,0.0,6.317540322580645,0.0,0.0,105.39999999999846,414.08008701591064,808.1935294392673,0.017036807412340278,100.0,1.0,6.127908678733928
219,2045,2,22,8.617806463867117E18,45.995728259241254,0.3015012161566621,1.0,50.70463193665219,1.0,116.00000000000001,241.64717741935485,835.8755707145033,100.0,0.0,6.429435483870968,0.0,0.0,105.39999999999846,405.3113219710469,811.8994989092279,0.018870709538067538,100.0,1.0,6.147092655207019
213,2045,2,22,2.861374886328272E18,46.087089085673455,0.3015012161566621,0.0,52.02510929874772,0.0,127.60000000000228,241.64717741935485,926.7654528483679,100.0,0.0,6.429435483870968,0.0,0.0,105.39999999999846,405.43256082735127,853.9602131172691,0.020716631267259738,100.0,1.0,6.15930256004795
214,2045,2,22,4.281117921937587E18,45.69182430717512,0.3015012161566621,1.0,33.72289688896315,1.0,101.50000000000001,241.23387096774192,430.2009547786932,100.0,0.0,6.346774193548387,0.0,0.0,105.39999999999846,406.98528717376314,844.3535125784949,0.01662169405558755,100.0,1.0,6.106477454136496
200,2045,2,22,5.096996787781837E17,45.184880493195635,0.3015012161566621,0.0,41.750001138738426,0.0,84.10000000000043,241.43548387096774,574.8262666146156,100.0,0.0020161290322580645,6.387096774193548,0.0,0.0,105.39999999999846,404.7019924527704,801.2273417513165,0.01392677624486552,99.79838709677419,1.0,6.038727019184082
201,2045,2,22,6.307363977605812E18,46.25313393077481,0.3015012161566621,0.0,40.438565083789385,0.0,89.89999999999921,241.8235887096774,545.2503939990761,100.0,0.0,6.464717741935484,0.0,0.0,105.39999999999846,413.2705274596414,802.2009709946838,0.014543410673211589,100.0,1.0,6.181493600094206
202,2045,2,22,8.834479670273441E18,46.874621726747925,0.3015012161566621,0.0,41.0127243031174,0.0,81.19999999999848,240.0040322580645,545.9027996279558,100.0,0.0,6.100806451612903,0.0,0.0,105.39999999999846,408.20294243302556,784.4549945803218,0.012961820217392955,100.0,1.0,6.2645522494625725
203,2045,2,22,6.605295447056412E18,46.27522642784657,0.3015012161566621,0.0,50.695788983766754,0.0,110.19999999999813,241.43548387096774,855.0681626767484,100.0,0.0,6.387096774193548,0.0,0.0,105.39999999999846,413.94490380102167,830.9630286773734,0.017818895556548146,100.0,1.0,6.184446148768265
205,2045,2,22,3.0688222562761073E18,46.11046927879675,0.3015012161566621,0.0,58.852364277498936,0.0,101.50000000000001,241.2389112903226,1196.408549068975,100.0,0.0,6.347782258064516,0.0,0.0,105.39999999999846,411.56063454749557,835.8390989698538,0.016470782803868763,100.0,1.0,6.162427202680314
206,2045,2,22,4.898224502314156E18,46.045663542689034,0.3015012161566621,0.0,52.03206214625385,0.0,98.60000000000124,241.50604838709677,949.0435152321144,100.0,0.0,6.401209677419355,0.0,0.0,105.39999999999846,412.02917771926525,874.2709630400688,0.016022708047028995,100.0,1.0,6.153766249163112
217,2045,2,23,4.974214387304059E17,45.852984593770735,0.3212423672145372,0.0,46.69171357474187,0.0,121.80000000000199,243.45967741935485,708.5370428355413,100.0,0.0,6.491935483870968,0.0,0.0,105.39999999999846,407.3181143010745,808.0563568267432,0.019875928196273995,100.0,1.0,6.128015698045992
218,2045,2,23,7.278710821350941E18,45.94648831223195,0.3212423672145372,0.0,42.82179324395878,0.0,107.30000000000186,243.95362903225808,621.6474587994624,100.0,0.0,6.590725806451613,0.0,0.0,105.39999999999846,416.8077459335143,829.0712666494893,0.017474112938037023,100.0,1.0,6.14051198939175
208,2045,2,23,5.859174576972996E18,45.07513682110819,0.3212423672145372,2.0,27.54681825944742,3.0,107.30000000000186,243.21774193548387,301.3083460668041,100.0,0.0,6.443548387096774,0.0,0.0,105.39999999999846,414.83733552028906,791.2436267826489,0.01781190657413958,100.0,1.0,6.0240603415126035
209,2045,2,23,1.481964993321812E18,47.88733970681125,0.19878859357335335,0.0,44.58775333917827,0.0,92.80000000000169,243.42943548387098,690.5616992134197,100.0,0.0,6.485887096774194,0.0,0.0,105.39999999999846,408.33593088442245,857.5242015517148,0.014500233811878907,100.0,1.0,6.399896801938319
210,2045,2,23,2.9539370702862316E18,46.434338189975755,0.17123793561542588,0.0,39.376830418968275,0.0,118.89999999999799,243.51008064516128,563.6598926240559,100.0,0.036290322580645164,6.502016129032258,0.0,0.0,105.39999999999846,407.764763291924,866.6302003207294,0.019159771913436558,96.37096774193549,1.0,6.2057106179126595
211,2045,2,23,6.492828447697523E18,46.204909665406696,0.16731373292423857,0.0,38.357142275268835,0.0,104.39999999999851,243.5352822580645,548.4360857802653,100.0,0.036290322580645164,6.507056451612903,0.0,0.0,105.39999999999846,615.29009260307,880.4744636212124,0.016906749322349028,96.37096774193549,1.0,6.175048674909503
204,2045,2,23,3.1730362057635645E18,46.253831221334586,0.3212423672145372,0.0,42.90851279818046,0.0,89.89999999999921,244.00907258064515,635.0124950307938,100.0,0.0,6.601814516129032,0.0,0.0,105.39999999999846,405.70991609501533,844.0154034680305,0.014543191426876708,100.0,1.0,6.181586789393318
216,2045,7,3,4.898742477016446E18,39.85963648803906,0.0016816436433382772,0.0,39.16048073914622,0.0,219.421467204647,221.56149193548387,461.5711866563911,100.0,0.0,5.412298387096774,0.0,0.0,105.50000000000001,275.0,716.0137300782138,0.041292003907132654,100.0,1.0,5.31389727895344
215,2045,7,4,2.797545246119503E18,39.56349938654049,0.001726953518255008,1.0,30.152322123709155,1.0,243.59501659261545,225.3296370967742,312.50078690873806,100.0,0.0,5.865927419354839,0.0,0.0,105.50000000000001,255.61999999999685,722.5394044724817,0.0461842483843447,100.0,1.0,5.274417688156814
217,2045,7,4,4.974214387304059E17,39.540491468373475,0.0017939325231613409,1.0,44.77300910437926,1.0,272.98029689192646,225.30947580645162,584.4784593649821,100.0,0.0,5.861895161290323,0.0,0.0,105.50000000000001,266.89000000000675,720.1029239683992,0.05178564829061619,100.0,1.0,5.271350381866164
207,2045,7,4,8.507560024639921E18,38.687203901595886,0.00205714132986085,1.0,33.44655973650784,4.0,259.89405055961333,224.59375,358.4959266368185,100.0,0.0846774193548387,5.71875,0.0,0.0,105.50000000000001,275.0,712.249457710357,0.05039055876502809,91.53225806451613,1.0,5.157594139241501
208,2045,7,4,5.859174576972996E18,40.09153133020944,0.002433093948170558,0.0,28.66157454740558,0.0,193.87704312521703,222.92540322580646,278.22553986616555,100.0,0.0846774193548387,5.38508064516129,0.0,0.0,105.50000000000001,275.0,691.1348247217583,0.036273872443279974,91.53225806451613,1.0,5.3448123970875985
209,2045,7,4,1.481964993321812E18,39.122124457680464,8.925055182865548E-4,1.0,39.23873066174419,3.0,221.61208307902808,225.09274193548387,495.4706781179064,100.0,0.07560483870967742,5.818548387096774,0.0,0.0,105.50000000000001,273.7099999999981,766.137036085583,0.04249043569734845,92.43951612903226,1.0,5.2155756805491515
212,2045,7,4,1.0005304447219302E18,39.86032635751204,0.0014960404269511577,1.0,46.44821422496392,3.0,240.70648733376117,223.43951612903226,669.7160122042203,100.0,0.0,5.487903225806452,0.0,0.0,105.50000000000001,275.0,771.2301359428957,0.04529675843355751,100.0,1.0,5.313989249072555
205,2045,7,4,3.0688222562761073E18,40.26289294169871,0.0025234112713309912,1.0,58.28326204181601,1.0,258.8820230562397,223.9889112903226,1032.1891830854172,100.0,0.0,5.597782258064516,0.0,0.0,105.50000000000001,264.9200000000056,737.959006376971,0.04822998159758522,100.0,1.0,5.36765751262906
218,2045,7,5,7.278710821350941E18,40.59038283921171,0.0010490122142685304,0.0,40.57237824484868,0.0,179.57731936295897,224.84879032258064,514.0066835493604,100.0,0.0,5.469758064516129,0.0,0.0,105.50000000000001,275.0,751.6525636271977,0.03318551147110896,100.0,1.0,5.411316909166747
219,2045,7,5,8.617806463867117E18,41.468569363330424,0.001681013578278955,1.0,50.592592713132,1.0,234.0091909609524,226.10383064516128,750.1243846931235,100.0,0.0,5.720766129032258,0.0,0.0,105.50000000000001,275.0,731.803406286186,0.042328613302710774,100.0,1.0,5.528392562436392
211,2045,7,5,6.492828447697523E18,40.823278669229985,9.289079172725731E-4,1.0,42.588335160456445,1.0,203.22061801129894,226.39112903225808,536.7416829259472,100.0,0.0846774193548387,5.778225806451613,0.0,0.0,105.50000000000001,275.0,722.6254652946252,0.03734049449142643,91.53225806451613,1.0,5.442365474242967
213,2045,7,5,2.861374886328272E18,39.39272128568982,0.0011923000904667828,1.0,49.063102137490105,2.0,223.53047860990708,227.2983870967742,745.3431072726685,100.0,0.014112903225806451,5.959677419354839,0.0,0.0,105.50000000000001,270.1300000000032,772.9698023068586,0.042563853862841124,98.58870967741935,1.0,5.251650363480186
200,2045,7,5,5.096996787781837E17,40.55348635964211,0.0011102759812983234,0.0,41.367782186819966,0.0,251.9265165670953,227.25302419354838,510.1025869510616,100.0,0.0,5.950604838709677,0.0,0.0,105.50000000000001,271.22000000000037,721.8612881615005,0.04659784840646291,100.0,1.0,5.4063980458839005
201,2045,7,5,6.307363977605812E18,40.57249737126622,0.001043158623675078,1.0,36.191148488013816,2.0,230.07631791934432,226.29032258064515,422.880042908122,100.0,0.0,5.758064516129032,0.0,0.0,105.50000000000001,275.0,744.3768074690898,0.04253636327806866,100.0,1.0,5.4089325035920375
202,2045,7,5,8.834479670273441E18,39.1402551035218,0.001311111993111197,1.0,32.72358591487679,3.0,223.54764786284872,227.33366935483872,359.3931895857835,100.0,0.0,5.966733870967742,0.0,0.0,105.50000000000001,275.0,737.6332389986626,0.04284169366028603,100.0,1.0,5.21799277207558
203,2045,7,5,6.605295447056412E18,40.282200914695395,0.005552754010428853,1.0,50.29419314838442,1.0,217.79612864448433,223.57862903225808,736.7029675052905,100.0,0.07963709677419355,5.215725806451613,0.0,0.0,105.50000000000001,258.7900000000025,727.3534244235302,0.04055618947126951,92.03629032258065,1.0,5.370231559815888
206,2045,7,5,4.898224502314156E18,39.99068797650475,0.005092650670177652,1.0,51.224838491865654,1.0,293.60970796633165,224.86895161290323,809.6312841422874,100.0,0.0,5.473790322580645,0.0,0.0,105.50000000000001,265.4100000000029,770.0129325802507,0.055072109767604516,100.0,1.0,5.331368440492248
210,2045,7,6,2.9539370702862316E18,41.11468859226121,0.001781113632563129,0.0,38.55123180269028,0.0,182.6960092476491,228.4858870967742,487.4718198929084,100.0,0.0846774193548387,5.897177419354839,0.0,0.0,105.50000000000001,267.9800000000043,775.8367348176599,0.03333129861016668,91.53225806451613,1.0,5.481214860075188
214,2045,7,7,4.281117921937587E18,40.695619186694024,0.0013103461566666263,2.0,31.788565652485428,2.0,246.0828119931185,230.42943548387098,360.3969890576183,100.0,0.0,5.985887096774194,0.0,0.0,105.50000000000001,275.0,771.9906590501531,0.04535798978735081,100.0,1.0,5.4253465188121
204,2045,7,7,3.1730362057635645E18,41.390110730857074,0.0011521893272795384,1.0,42.20865817423966,1.0,264.0441693915743,230.2429435483871,557.7093953466651,100.0,0.0,5.948588709677419,0.0,0.0,105.50000000000001,273.6099999999931,762.530354796997,0.04785200862415799,100.0,1.0,5.517932830478346
215,2045,11,7,2.797545246119503E18,39.728581823683605,2.6914368568845345E-4,1.0,19.351815340477714,2.0,445.65225474240845,323.30645161290323,201.10046588106732,100.0,0.0,5.661290322580645,0.0,0.0,88.0,0.0,835.6960238925616,0.08435003845191699,100.0,1.0,5.283367535113201
216,2045,11,7,4.898742477016446E18,40.15520955859966,0.003355740643550125,1.0,27.73251708931229,1.0,426.86287270778837,329.9717741935484,328.6585129508287,100.0,0.0,5.794354838709677,0.0,0.0,88.0,0.0,854.7337807459035,0.0799353213670684,100.0,1.0,5.340103291104632
218,2045,11,7,7.278710821350941E18,39.83286230434253,0.008308565260049095,1.0,29.359453498020954,1.0,473.30534494936364,324.1179435483871,364.2095830092284,100.0,0.0,5.823588709677419,0.0,0.0,88.0,0.0,874.7670152653646,0.08934950135937018,100.0,1.0,5.297235437785994
207,2045,11,7,8.507560024639921E18,39.40561140153201,0.0024925695780147416,1.0,24.924515193540778,2.0,441.86638336712195,324.18850806451616,271.5865903351681,100.0,0.0,5.837701612903226,0.0,0.0,88.0,0.0,816.3532433610757,0.08431893864279712,100.0,1.0,5.240416808838331
209,2045,11,7,1.481964993321812E18,40.3717338244997,0.00897325048085301,0.0,32.18301555861597,0.0,443.7333669865212,324.08266129032256,418.4946621051737,100.0,0.0,5.816532258064516,0.0,0.0,88.0,0.0,880.2005703865049,0.08264887095668584,100.0,1.0,5.3688981089538474
211,2045,11,7,6.492828447697523E18,39.109122510477945,0.004788287343037908,1.0,31.674109690342256,4.0,474.5322366412132,323.3215725806452,381.5746662985622,100.0,0.0,5.664314516129032,0.0,0.0,88.0,0.0,821.9375137055254,0.09123886799845315,100.0,1.0,5.200987770357458
212,2045,11,7,1.0005304447219302E18,38.82418808600935,2.673474699336498E-4,1.0,36.375708325408944,4.0,446.9146457811,323.89112903225805,509.74922839670893,100.0,0.0,5.778225806451613,0.0,0.0,88.0,0.0,890.2803851625531,0.08655944119254251,100.0,1.0,5.163095320670852
201,2045,11,7,6.307363977605812E18,39.78306112244587,0.004707896369807458,1.0,25.187015978121142,2.0,473.1878669502737,323.664314516129,288.01728299584346,100.0,0.0,5.732862903225806,0.0,0.0,88.0,0.0,853.7059197495083,0.08943914575052794,100.0,1.0,5.290612549790376
204,2045,11,7,3.1730362057635645E18,39.76343104351677,0.0036240914704576137,1.0,31.32678481389434,2.0,533.5534261372961,324.0524193548387,396.8426940491998,100.0,0.0,5.810483870967742,0.0,0.0,88.0,0.0,868.3830111155904,0.10089886970894041,100.0,1.0,5.288002013069322
206,2045,11,7,4.898224502314156E18,40.15911722473882,0.0019756165743841994,0.0,44.740239691909444,0.0,470.1871789840151,317.92137096774195,708.490773487407,100.0,0.0,5.784274193548387,0.0,0.0,88.0,0.0,873.8954869574396,0.08803976290120967,100.0,1.0,5.340622958192391
217,2045,11,8,4.974214387304059E17,40.41345303003393,0.00293243479766438,1.0,36.68963293503983,3.0,448.44365533392835,331.0584677419355,488.45944158793293,100.0,0.0,5.711693548387097,0.0,0.0,88.0,0.0,841.6366350987304,0.08343997472877561,100.0,1.0,5.374446202693723
219,2045,11,8,8.617806463867117E18,40.82120473272104,0.003745096194012111,0.0,42.159262130170575,0.0,481.014873498542,325.7590725806452,613.9736849928365,100.0,0.0,5.851814516129032,0.0,0.0,88.0,0.0,841.2231682586495,0.08860636635933378,100.0,1.0,5.428671700042827
208,2045,11,8,5.859174576972996E18,38.97835868207669,0.001839534743922314,1.0,13.434850810152232,4.0,450.89927518296804,330.851814516129,126.84927681664632,100.0,0.0,5.670362903225806,0.0,0.0,88.0,0.0,813.2724737777975,0.08698577330840006,100.0,1.0,5.183597938301314
210,2045,11,8,2.9539370702862316E18,40.00696401921418,0.0018208706332899784,1.0,26.365979186591034,2.0,505.2053417533119,331.74899193548384,323.83479827986065,100.0,0.0,5.849798387096774,0.0,0.0,88.0,0.0,902.4065802634267,0.09495647352655152,100.0,1.0,5.320388626395729
213,2045,11,8,2.861374886328272E18,39.86380811569993,0.00897325048085301,1.0,41.62002420868038,3.0,470.0883194576526,331.4868951612903,638.3264120178128,100.0,0.0,5.797379032258065,0.0,0.0,88.0,0.0,894.3554733557525,0.08867330910065443,100.0,1.0,5.301350814866378
214,2045,11,8,4.281117921937587E18,39.041195291274825,0.00544493354420691,1.0,17.28310618069495,4.0,531.7031504050839,331.875,187.80295611142392,100.0,0.0,5.875,0.0,0.0,88.0,0.0,895.87068017632,0.10240905702054634,100.0,1.0,5.191954362966238
200,2045,11,8,5.096996787781837E17,39.95217408696985,0.0022288252560489436,2.0,31.246779485426774,3.0,476.0346603884426,331.06350806451616,378.7426332221452,100.0,0.0,5.712701612903226,0.0,0.0,88.0,0.0,831.961803418571,0.08959636637178021,100.0,1.0,5.313102301639514
202,2045,11,8,8.834479670273441E18,39.447782060832935,0.002606987356436093,1.0,21.38453713631805,4.0,468.8656101017793,331.5524193548387,236.38567521192778,100.0,0.0,5.810483870967742,0.0,0.0,88.0,0.0,866.534212841799,0.08937540623168289,100.0,1.0,5.24602493986282
203,2045,11,8,6.605295447056412E18,40.258433087434035,0.0017137605960376348,1.0,40.72871376868565,2.0,474.55431671371656,331.74899193548384,594.9113922833919,100.0,0.0,5.849798387096774,0.0,0.0,88.0,0.0,864.6737062005154,0.08863827588312446,100.0,1.0,5.353830633387414
205,2045,11,8,3.0688222562761073E18,40.1266056851349,0.0023055628162520565,1.0,50.904003461029184,2.0,451.7398735233861,325.5272177419355,896.242488665414,100.0,0.0,5.805443548387097,0.0,0.0,88.0,0.0,863.5643970812896,0.0846541475698725,100.0,1.0,5.336299360294492
216,2046,2,21,4.898742477016446E18,45.63645220015609,0.32572899245496517,1.0,41.581274683326086,1.0,78.30000000000146,237.51814516129033,574.5694725289331,100.0,0.0,6.203629032258065,0.0,0.0,105.69999999999816,405.7613796116631,806.5508772101106,0.012933432846538724,100.0,1.0,6.054077129333554
215,2046,2,22,2.797545246119503E18,45.26657916928071,0.22729077735142275,1.0,32.01649671689931,2.0,98.60000000000124,239.63810483870967,383.3933472908154,100.0,0.0,6.327620967741935,0.0,0.0,105.69999999999816,416.9618675045194,813.1479910177272,0.016419622358279016,100.0,1.0,6.005010215736519
218,2046,2,22,7.278710821350941E18,45.62431732237029,0.3445728184647563,0.0,43.79791035777048,0.0,107.30000000000186,239.17439516129033,652.4878200090784,100.0,0.0,6.234879032258065,0.0,0.0,105.69999999999816,407.7614270465529,836.441395966417,0.01772830717333345,100.0,1.0,6.052467330970002
208,2046,2,22,5.859174576972996E18,46.096018100855154,0.3445728184647563,0.0,29.557802159543503,0.0,98.60000000000124,239.47177419354838,326.95466369697704,100.0,0.0,6.294354838709677,0.0,0.0,105.69999999999816,409.6932903425139,778.354972706068,0.016124172239444255,100.0,1.0,6.1150425916933555
210,2046,2,22,2.9539370702862316E18,46.1432069439539,0.3445728184647563,0.0,35.91544399948959,0.0,87.00000000000001,239.49193548387098,478.9838233563277,100.0,0.0,6.298387096774194,0.0,0.0,105.69999999999816,416.3042818327086,853.5960073582538,0.014212661190528709,100.0,1.0,6.121302607141346
211,2046,2,22,6.492828447697523E18,44.69568220883298,0.19467390873715062,0.0,43.681373991489856,0.0,101.50000000000001,239.74899193548387,627.492662186706,100.0,0.0,6.349798387096774,0.0,0.0,105.69999999999816,408.1808914805335,808.254557850999,0.01711844835601311,100.0,1.0,5.929275708235941
213,2046,2,22,2.861374886328272E18,46.48717838818647,0.3445728184647563,0.0,53.74752716168397,0.0,107.30000000000186,239.2701612903226,956.2989469566483,100.0,0.0,6.254032258064516,0.0,0.0,105.69999999999816,407.01490434858744,822.2514523041871,0.017399247278689783,100.0,1.0,6.166933447254386
204,2046,2,22,3.1730362057635645E18,45.9147757607207,0.19228393887542208,0.0,43.043592480882864,0.0,95.69999999999828,239.27520161290323,623.4635411573739,100.0,0.0,6.255040322580645,0.0,0.0,105.69999999999816,403.22132314770687,824.1292232204439,0.015711707859627392,100.0,1.0,6.090999199769223
206,2046,2,22,4.898224502314156E18,45.33677124928349,0.18059372036936963,0.0,52.10515274704501,0.0,72.49999999999999,239.20967741935485,921.8850469338636,100.0,0.0,6.241935483870968,0.0,0.0,105.69999999999816,410.1818053450516,846.7276562125185,0.012054559475443342,100.0,1.0,6.014321813060994
217,2046,2,23,4.974214387304059E17,47.08043616035055,0.3625193194264628,0.0,46.31282987858471,0.0,89.89999999999921,241.42540322580646,759.4084812399526,100.0,0.0,6.38508064516129,0.0,0.0,105.69999999999816,611.0758866476922,879.6882220188542,0.014394054389146515,100.0,1.0,6.245634313274938
209,2046,2,23,1.481964993321812E18,46.72383540437889,0.3625193194264628,0.0,45.9819913556371,0.0,110.19999999999813,240.55342741935485,709.7443763638411,100.0,0.03024193548387097,6.210685483870968,0.0,0.0,105.69999999999816,415.105492293587,833.0296110957775,0.017778987899711267,96.9758064516129,1.0,6.198328083781855
214,2046,2,23,4.281117921937587E18,45.60161867607708,0.152447148623407,1.0,31.500300005389377,1.0,84.10000000000043,241.58165322580646,391.4628569209246,100.0,0.0,6.41633064516129,0.0,0.0,105.69999999999816,414.66656483309947,849.98000212,0.013902076126378594,100.0,1.0,6.049456155719382
201,2046,2,23,6.307363977605812E18,47.13674475164863,0.31305640710402777,0.0,39.90900540142432,0.0,113.10000000000181,241.31451612903226,531.0683185458396,100.0,0.0,6.362903225806452,0.0,0.0,105.69999999999816,412.56014747415657,798.9696065593893,0.01808701684837337,100.0,1.0,6.253104143604163
203,2046,2,23,6.605295447056412E18,45.92087064465952,0.3625193194264628,1.0,48.48588874446604,2.0,121.80000000000199,241.6320564516129,786.3887091367112,100.0,0.0030241935483870967,6.426411290322581,0.0,0.0,105.69999999999816,411.15225719404054,834.860642840305,0.01999406501368701,99.69758064516128,1.0,6.091807739777946
205,2046,2,23,3.0688222562761073E18,45.744274425098574,0.3625193194264628,1.0,59.07740248770857,1.0,95.69999999999828,241.31451612903226,1217.6140294117288,100.0,0.0,6.362903225806452,0.0,0.0,105.69999999999816,406.28385874396196,842.841853710306,0.015770269662358713,100.0,1.0,6.06838069664845
219,2046,2,24,8.617806463867117E18,46.872807410544,0.17153553669439517,1.0,50.07681082973587,1.0,107.30000000000186,243.3891129032258,828.4582090269723,100.0,0.0,6.477822580645161,0.0,0.0,105.69999999999816,409.74166318484623,824.927997973116,0.01725610128235398,100.0,1.0,6.218090531824034
207,2046,2,24,8.507560024639921E18,46.43413613271653,0.16614227964548878,0.0,43.254835939491734,0.0,98.60000000000124,243.51512096774192,598.1802992676762,100.0,0.0,6.503024193548387,0.0,0.0,105.69999999999816,410.1950337585839,784.0002790174104,0.01600676134657414,100.0,1.0,6.1598969251268425
212,2046,2,24,1.0005304447219302E18,46.65384506862439,0.16039874383986885,0.0,44.05059016605564,0.0,63.800000000001134,243.18245967741936,693.4804432675741,100.0,0.0,6.436491935483871,0.0,0.0,105.69999999999816,411.6749689512212,879.9593960447996,0.010308540016107178,100.0,1.0,6.189043249607909
200,2046,2,24,5.096996787781837E17,46.81732970823155,0.3804658203881685,0.0,45.05134132075696,0.0,81.19999999999848,243.5352822580645,642.7231056209877,100.0,0.0,6.507056451612903,0.0,0.0,105.69999999999816,414.1287749358992,783.2290337084373,0.01307414553366364,100.0,1.0,6.210730926233204
202,2046,2,24,8.834479670273441E18,46.67522367527812,0.3804658203881685,0.0,40.76749092412589,0.0,89.89999999999921,243.6108870967742,569.8281363826402,100.0,0.0,6.522177419354839,0.0,0.0,105.69999999999816,403.27068409463385,827.1233748947348,0.014519016844385568,100.0,1.0,6.191879309979801
217,2046,7,3,4.974214387304059E17,40.052152708525234,0.00897325048085301,1.0,48.99338086835912,1.0,179.49075623130437,221.07762096774192,681.9314331259666,100.0,0.014112903225806451,5.315524193548387,0.0,0.0,105.80000000000184,275.0,709.0413992807165,0.03386502995174489,98.58870967741935,1.0,5.300180052610765
212,2046,7,3,1.0005304447219302E18,38.55482330179538,2.5624680109809277E-4,2.0,40.389806016812784,2.0,153.70404031569828,222.36290322580646,524.3978940004431,100.0,0.0,5.57258064516129,0.0,0.0,105.80000000000184,275.0,772.6920777850568,0.030126023230420598,100.0,1.0,5.102035510630933
214,2046,7,3,4.281117921937587E18,39.77782316629146,2.237495132867795E-4,1.0,31.944585842911145,1.0,243.36103776688506,219.40927419354838,345.49765855346334,100.0,0.07963709677419355,4.981854838709677,0.0,0.0,105.80000000000184,275.0,734.7321913442701,0.04623227619642176,92.03629032258065,1.0,5.2638774853512516
216,2046,7,4,4.898742477016446E18,39.97879484297245,0.002394143671518954,1.0,38.94848642401688,1.0,203.64084277507538,225.3951612903226,470.4613253044475,100.0,0.0,5.879032258064516,0.0,0.0,105.80000000000184,266.05999999999807,736.4574207091131,0.038491995607600346,100.0,1.0,5.2904724621465435
219,2046,7,4,8.617806463867117E18,39.484911466070365,0.0010010319590420575,1.0,47.60906946747948,1.0,189.7213695133013,224.04939516129033,661.8636707918974,100.0,0.0,5.609879032258065,0.0,0.0,105.80000000000184,275.0,727.49123204523,0.03630950451176901,100.0,1.0,5.2251159046195985
207,2046,7,4,8.507560024639921E18,40.05433044938652,2.658110812504599E-4,1.0,38.907435888046976,1.0,220.28110744891686,225.12298387096774,458.56372875152783,100.0,0.0,5.824596774193548,0.0,0.0,105.80000000000184,273.3900000000069,718.8816569568622,0.04155880152195352,100.0,1.0,5.300468237337232
208,2046,7,4,5.859174576972996E18,39.04755982358758,0.0015781305805228696,1.0,24.262957454913366,3.0,220.1006557753596,225.75302419354838,227.022085730113,100.0,0.0,5.950604838709677,0.0,0.0,105.80000000000184,275.0,706.9698553557904,0.04259539771470849,100.0,1.0,5.167240302568117
209,2046,7,4,1.481964993321812E18,41.10891697629632,0.0025874424685274062,0.0,42.385398067447284,0.0,215.98280411253455,225.24899193548387,568.5609847723616,100.0,0.0,5.849798387096774,0.0,0.0,105.80000000000184,275.0,771.9295056027286,0.039702548052538644,100.0,1.0,5.440023744237349
211,2046,7,4,6.492828447697523E18,39.883446508577855,0.0031265681117954836,0.0,42.569304567285364,0.0,260.01458911505097,225.69758064516128,544.5165656966373,100.0,0.0,5.939516129032258,0.0,0.0,105.80000000000184,275.0,733.4920431853569,0.04926520290970395,100.0,1.0,5.277854829738962
213,2046,7,4,2.861374886328272E18,39.44669859017419,0.0024082797855214844,1.0,48.74412264219345,2.0,233.03240923582476,225.52620967741936,726.8899302641605,100.0,0.0,5.905241935483871,0.0,0.0,105.80000000000184,260.6799999999949,763.5261619106433,0.044641718396872976,100.0,1.0,5.22005911968093
200,2046,7,4,5.096996787781837E17,38.87604864348642,0.0032417812430827423,1.0,38.58590807651414,2.0,251.65792671761167,225.40524193548387,451.6093536333902,100.0,0.0,5.881048387096774,0.0,0.0,105.80000000000184,274.78000000000003,717.7400707839654,0.048917441864951734,100.0,1.0,5.14454389116204
202,2046,7,4,8.834479670273441E18,39.18291060882983,0.0014985388244577501,1.0,37.178427220490576,2.0,229.84867428898616,225.13810483870967,435.400611589458,100.0,0.057459677419354836,5.827620967741935,0.0,0.0,105.80000000000184,265.7600000000035,734.4227836071876,0.044328246264295504,94.25403225806451,1.0,5.185151537883405
203,2046,7,4,6.605295447056412E18,39.024082160016,0.0013737370607552085,1.0,45.76817173035628,2.0,293.0713273007966,224.63407258064515,629.5008676103222,100.0,0.0,5.726814516129032,0.0,0.0,105.80000000000184,275.0,744.8609603867699,0.05675130779023457,100.0,1.0,5.164133457224515
205,2046,7,4,3.0688222562761073E18,40.31755305240951,0.00897325048085301,1.0,58.425329534441545,1.0,287.05739440447275,224.8860887096774,1058.8279857818952,100.0,0.0,5.777217741935484,0.0,0.0,105.80000000000184,275.0,752.7182711728337,0.05380341133952656,100.0,1.0,5.335301001510784
206,2046,7,4,4.898224502314156E18,38.950674374085736,0.0017111461633968425,1.0,47.55856625386142,2.0,179.3529156343242,224.99193548387098,714.1110336509481,100.0,0.07963709677419355,5.798387096774194,0.0,0.0,105.80000000000184,275.0,786.4753913050234,0.03479595014744948,92.03629032258065,1.0,5.154419260698666
215,2046,7,5,2.797545246119503E18,39.48239993860142,8.684911421654128E-4,1.0,29.33961443135905,2.0,274.99189889391005,227.07157258064515,305.9440038209245,100.0,0.0,5.914314516129032,0.0,0.0,105.80000000000184,275.0,735.1315773688973,0.052632208837261746,100.0,1.0,5.224783549255593
218,2046,7,5,7.278710821350941E18,40.42030604293908,0.002959515330096638,1.0,42.10006333199495,2.0,202.9160311700831,226.8296370967742,554.3666398571564,100.0,0.0,5.865927419354839,0.0,0.0,105.80000000000184,267.3299999999946,761.4820585785486,0.03793604064823207,100.0,1.0,5.348898506611537
210,2046,7,5,2.9539370702862316E18,40.84922907355564,0.0024995126687612883,0.0,34.104474775967454,0.0,212.28670721514763,227.3235887096774,401.7896885222054,100.0,0.06854838709677419,5.964717741935484,0.0,0.0,105.80000000000184,268.5499999999951,774.9977148831335,0.03927120035972668,93.14516129032258,1.0,5.40565873389629
201,2046,7,5,6.307363977605812E18,40.314191027195115,0.0013907703783095193,1.0,34.254927372866305,1.0,251.38712445771998,226.6078629032258,385.2545843014992,100.0,0.014112903225806451,5.821572580645161,0.0,0.0,105.80000000000184,253.13000000000312,738.1243271619385,0.0471216317431345,98.58870967741935,1.0,5.3348560981092605
204,2046,7,5,3.1730362057635645E18,39.870092443589115,0.0016350675074440625,1.0,39.88710679644919,1.0,237.61271071517234,226.6078629032258,500.54544729508564,100.0,0.0,5.821572580645161,0.0,0.0,105.80000000000184,271.6799999999948,753.3746519310695,0.045035777648808076,100.0,1.0,5.2760876600842055
202,2046,11,6,8.834479670273441E18,39.3673531872215,0.0030172328449405046,1.0,28.436651585992937,2.0,440.38774739369944,315.9475806451613,333.8554513635614,100.0,0.0,5.689516129032258,0.0,0.0,88.0,0.0,838.5798288015918,0.0847432660899945,100.0,1.0,5.1967285155852085
203,2046,11,6,6.605295447056412E18,39.32266206539966,0.001673489459316117,1.0,38.9396902292303,2.0,439.7095128976872,321.98790322580646,538.4099180178964,100.0,0.0,5.69758064516129,0.0,0.0,88.0,0.0,843.056559624495,0.084708918637174,100.0,1.0,5.190829017438587
215,2046,11,7,2.797545246119503E18,39.259765344737325,2.3740013971249922E-4,1.0,18.46279776602526,3.0,466.8190707409614,324.04233870967744,191.15205169522497,100.0,0.0,5.808467741935484,0.0,0.0,88.0,0.0,841.5034636857655,0.0900755821388793,100.0,1.0,5.182526270229547
216,2046,11,7,4.898742477016446E18,39.03049818064851,0.0018113141866881392,1.0,27.366594530536315,4.0,446.73415941631623,323.95665322580646,322.1427689044673,100.0,0.0,5.79133064516129,0.0,0.0,88.0,0.0,853.2458522394559,0.08670641990664228,100.0,1.0,5.1522616191202415
217,2046,11,7,4.974214387304059E17,39.88164058979496,0.0017296165151991173,1.0,40.13504848179035,2.0,426.9720863727374,323.9616935483871,555.0314549647024,100.0,0.0,5.792338709677419,0.0,0.0,88.0,0.0,826.6084001022724,0.08110220380930906,100.0,1.0,5.264617560536977
218,2046,11,7,7.278710821350941E18,39.409731022669696,0.0028705215869651306,2.0,31.305747647289863,3.0,471.4966378632956,324.1078629032258,401.121540533694,100.0,0.0,5.821572580645161,0.0,0.0,88.0,0.0,878.6689572774984,0.09063194844906944,100.0,1.0,5.202322645951419
207,2046,11,7,8.507560024639921E18,39.582784312921824,0.003330827943894969,1.0,29.21134180150349,3.0,447.06857469783904,323.7046370967742,339.5060403002287,100.0,0.0,5.740927419354839,0.0,0.0,88.0,0.0,821.2118766127383,0.08556063339985466,100.0,1.0,5.225166726016763
208,2046,11,7,5.859174576972996E18,39.27818908718074,0.0015853799436136046,2.0,14.216963801692877,3.0,442.70357489093277,324.0725806451613,133.63923046309074,100.0,0.0,5.814516129032258,0.0,0.0,88.0,0.0,803.555286927172,0.08538228235353205,100.0,1.0,5.184958315565797
211,2046,11,7,6.492828447697523E18,40.42670953645545,0.00897325048085301,0.0,34.99161601335698,0.0,446.3413936789762,324.43548387096774,452.6178136549302,100.0,0.0,5.887096774193548,0.0,0.0,88.0,0.0,839.6083965791718,0.0836382540500684,100.0,1.0,5.33656995531952
214,2046,11,7,4.281117921937587E18,39.405165263193965,0.00316182187486013,1.0,17.7940893869361,3.0,425.89683256473893,323.88104838709677,190.42221005943978,100.0,0.0,5.776209677419355,0.0,0.0,88.0,0.0,877.0519406197334,0.08187615589306142,100.0,1.0,5.201719938109985
205,2046,11,7,3.0688222562761073E18,40.46002387788403,0.0021705976005933782,1.0,53.16696307270084,1.0,448.2482408344745,316.96370967741933,964.6121044203319,100.0,0.0,5.592741935483871,0.0,0.0,88.0,0.0,848.8582043025278,0.08392641001284451,100.0,1.0,5.34096764970493
206,2046,11,7,4.898224502314156E18,38.866695910509854,2.6972617773394965E-4,1.0,39.93366006026071,3.0,442.2942132129706,324.24395161290323,597.0016338592956,100.0,0.0,5.848790322580645,0.0,0.0,88.0,0.0,896.6616557597879,0.08620646210385266,100.0,1.0,5.130638729613334
219,2046,11,8,8.617806463867117E18,40.78440296813663,0.001717697258968808,1.0,40.393704997058684,1.0,447.4810064015705,331.5221774193548,578.7273870926119,100.0,0.0,5.804435483870968,0.0,0.0,88.0,0.0,852.8182290542484,0.08311639230722188,100.0,1.0,5.383787649824274
209,2046,11,8,1.481964993321812E18,38.966765775707806,0.0029171815607454605,2.0,28.915015804840273,5.0,454.8637324325442,331.77923387096774,366.98632710988426,100.0,0.0,5.855846774193548,0.0,0.0,88.0,0.0,900.5228600091765,0.08842867892261994,100.0,1.0,5.143848556536455
210,2046,11,8,2.9539370702862316E18,39.92305102346703,0.00897325048085301,1.0,21.14354527289712,3.0,476.66341720854376,331.8094758064516,243.04829168707334,100.0,0.0,5.861895161290323,0.0,0.0,88.0,0.0,904.2251040797064,0.09044702480868347,100.0,1.0,5.270083988022801
212,2046,11,8,1.0005304447219302E18,39.3285788454472,0.0024370587943652973,1.0,30.821056070114977,4.0,424.1493235884033,331.85483870967744,407.33561616041345,100.0,0.0,5.870967741935484,0.0,0.0,88.0,0.0,912.526886324959,0.08169899472799906,100.0,1.0,5.191610068159665
213,2046,11,8,2.861374886328272E18,39.612155582732925,0.0023150801034192638,1.0,40.17580059943406,3.0,447.3170150821148,331.8296370967742,600.3330238708527,100.0,0.0,5.865927419354839,0.0,0.0,88.0,0.0,892.648379814773,0.08554470428729467,100.0,1.0,5.2290439111208835
200,2046,11,8,5.096996787781837E17,39.5753286202389,0.0026611063110477504,1.0,29.691817953345748,4.0,444.87386761776827,331.62298387096774,353.02842372180896,100.0,0.0,5.824596774193548,0.0,0.0,88.0,0.0,834.4227795714213,0.08515664701668463,100.0,1.0,5.224182529528256
201,2046,11,8,6.307363977605812E18,40.91900284927036,0.0042975337551978045,1.0,23.434294318014206,1.0,473.8626991086126,331.40120967741933,266.97034586739045,100.0,0.0,5.780241935483871,0.0,0.0,88.0,0.0,870.453718047698,0.08772707901781943,100.0,1.0,5.401555647514036
204,2046,11,8,3.1730362057635645E18,39.50661144363027,0.004067656609634182,2.0,28.469638360560243,4.0,471.60646797375375,331.70362903225805,353.28349990672,100.0,0.0,5.840725806451613,0.0,0.0,88.0,0.0,886.1449334990147,0.09043075546324517,100.0,1.0,5.2151114469615845
215,2047,2,21,2.797545246119503E18,45.57639846029419,0.3232031886159103,0.0,34.74507383796694,0.0,104.39999999999851,237.4929435483871,428.8548575835891,100.0,0.0,6.198588709677419,0.0,0.0,106.0,410.03147320957623,804.5472660527532,0.01739551399483881,100.0,1.0,6.001547297249948
216,2047,2,21,4.898742477016446E18,45.16560494686393,0.3490594437051832,0.0,35.98701577829085,0.0,104.39999999999851,237.56350806451613,464.1889269144737,100.0,0.0,6.212701612903226,0.0,0.0,106.0,412.4474971713684,824.6843002359449,0.017553730945996052,100.0,1.0,5.947453582442643
207,2047,2,21,8.507560024639921E18,45.75777623246851,0.3490594437051832,1.0,40.98668878441119,1.0,95.69999999999828,237.52822580645162,551.0407032997713,100.0,0.0,6.205645161290323,0.0,0.0,106.0,406.17548014650293,792.7186069304763,0.015882680438562082,100.0,1.0,6.025431309922039
203,2047,2,21,6.605295447056412E18,46.03291342746266,0.3490594437051832,1.0,49.33857461187,1.0,95.69999999999828,237.64415322580646,815.2547301259631,100.0,0.0,6.22883064516129,0.0,0.0,106.0,407.4614032570827,836.5960159329687,0.01578775018497861,100.0,1.0,6.0616616603835585
204,2047,2,21,3.1730362057635645E18,45.62175297880017,0.2522105807118376,1.0,44.49098574570103,1.0,98.60000000000124,237.2258064516129,649.5818328926235,100.0,0.0,6.145161290322581,0.0,0.0,106.0,413.18791601865206,809.7887849965385,0.01641276368938419,100.0,1.0,6.007519627165286
218,2047,2,22,7.278710821350941E18,45.96444501205557,0.3670059446668894,0.0,45.842335142324444,0.0,110.19999999999813,239.30040322580646,716.777940447394,100.0,0.06653225806451613,6.26008064516129,0.0,0.0,106.0,416.904144781773,846.0793856453937,0.01820691413863071,93.34677419354838,1.0,6.052645668613339
219,2047,2,22,8.617806463867117E18,45.65192833020577,0.3670059446668894,0.0,49.16518363217163,0.0,89.89999999999921,239.31552419354838,788.7827140079648,100.0,0.0,6.263104838709677,0.0,0.0,106.0,406.1878503914778,814.9310753662426,0.014954687259374889,100.0,1.0,6.011493148654255
208,2047,2,22,5.859174576972996E18,46.90645941472663,0.3670059446668894,0.0,32.70946009948208,0.0,110.19999999999813,239.08870967741936,368.10496863999913,100.0,0.014112903225806451,6.217741935483871,0.0,0.0,106.0,407.2425947572517,756.4085199726488,0.017841267795658068,98.58870967741935,1.0,6.176691099654752
209,2047,2,22,1.481964993321812E18,45.953225029089914,0.3670059446668894,0.0,44.17584096468543,0.0,110.19999999999813,239.48185483870967,674.4809862532192,100.0,0.03024193548387097,6.296370967741935,0.0,0.0,106.0,412.2514565221462,851.5216759554324,0.01821135955603857,96.9758064516129,1.0,6.05116820964955
211,2047,2,22,6.492828447697523E18,46.36546468311522,0.3670059446668894,0.0,45.38512417094757,0.0,110.19999999999813,239.15927419354838,674.2360547465989,100.0,0.023185483870967742,6.231854838709677,0.0,0.0,106.0,409.71407129394333,810.6966237840177,0.018049440666321373,97.68145161290323,1.0,6.105452353746417
200,2047,2,22,5.096996787781837E17,45.58033363545483,0.23053137227819648,1.0,41.58827972922425,1.0,113.10000000000181,239.64818548387098,569.3299241002381,100.0,0.03024193548387097,6.329637096774194,0.0,0.0,106.0,401.34829586878664,798.7565430282192,0.01884351316711724,96.9758064516129,1.0,6.002065485185973
201,2047,2,22,6.307363977605812E18,46.121868479938165,0.3670059446668894,0.0,35.61262559297889,0.0,95.69999999999828,239.5625,463.35933837954394,100.0,0.0,6.3125,0.0,0.0,106.0,407.6828497813585,836.9470523225037,0.01575730041803596,100.0,1.0,6.073375353715992
202,2047,2,22,8.834479670273441E18,46.849126907200294,0.3670059446668894,0.0,32.34196549864257,0.0,89.89999999999921,239.20967741935485,423.1689400878358,100.0,0.0,6.241935483870968,0.0,0.0,106.0,617.8862124025931,884.3678510627344,0.014572530077624506,100.0,1.0,6.16914149575418
205,2047,2,22,3.0688222562761073E18,46.37910486362905,0.3670059446668894,0.0,57.508839684088144,0.0,92.80000000000169,239.94556451612902,1139.2929153057337,100.0,0.0,6.389112903225806,0.0,0.0,106.0,411.6052939155927,841.3341581156584,0.01519505877258225,100.0,1.0,6.107248506827015
217,2047,2,23,4.974214387304059E17,46.42455175994054,0.3849524456285944,1.0,52.1490947286204,1.0,95.69999999999828,241.3548387096774,886.7519988527289,100.0,0.0,6.370967741935484,0.0,0.0,106.0,405.6919164286238,812.9323708136121,0.01565456444765594,100.0,1.0,6.113233001147346
212,2047,2,23,1.0005304447219302E18,46.60709433247581,0.3849524456285944,0.0,46.507876841864956,0.0,92.80000000000169,241.57157258064515,759.7932695399177,100.0,0.0,6.414314516129032,0.0,0.0,106.0,404.09741105123584,873.066575069799,0.015120728599713225,100.0,1.0,6.1372703959359285
213,2047,2,23,2.861374886328272E18,46.5142740921644,0.3849524456285944,0.0,50.977729097549535,0.0,110.19999999999813,241.77318548387098,903.7405649518486,100.0,0.0846774193548387,6.454637096774194,0.0,0.0,106.0,413.68239332064405,868.4445290918728,0.01799169652967416,91.53225806451613,1.0,6.125047730670784
206,2047,2,23,4.898224502314156E18,46.466767879340914,0.2370396832688383,0.0,48.503817912831316,0.0,110.19999999999813,241.2540322580645,829.9466296950462,100.0,0.014112903225806451,6.350806451612903,0.0,0.0,106.0,408.70990629292254,880.4476960289786,0.018010090694007136,98.58870967741935,1.0,6.118792063421825
210,2047,2,24,2.9539370702862316E18,47.177834833333186,0.40200162154221436,0.0,35.91957539964805,0.0,75.40000000000018,243.58568548387098,475.03313752059006,100.0,0.057459677419354836,6.517137096774194,0.0,0.0,106.0,407.6686469853786,846.5590583514432,0.01213696530804523,94.25403225806451,1.0,6.212426095510035
214,2047,2,24,4.281117921937587E18,47.760589598027316,0.40200162154221436,0.0,34.31309540200695,0.0,84.10000000000043,243.5352822580645,446.32164714562634,100.0,0.014112903225806451,6.507056451612903,0.0,0.0,106.0,409.17176202508165,853.4630275767211,0.01337220687238127,98.58870967741935,1.0,6.289163845774713
207,2047,7,2,8.507560024639921E18,39.8637164890456,0.0015086164224702523,1.0,40.254760910273454,1.0,224.77857142198388,218.16633064516128,470.4669188533367,100.0,0.0,5.033266129032258,0.0,0.0,106.10000000000157,271.35999999999314,697.3214337311979,0.042926364981707515,100.0,1.0,5.236375628771973
212,2047,7,2,1.0005304447219302E18,39.3433631368418,0.0016501012285496542,1.0,44.481138656148275,1.0,258.99329098187496,219.6078629032258,612.1030757094,100.0,0.07560483870967742,5.321572580645161,0.0,0.0,106.10000000000157,275.0,762.8824927414273,0.050114571965984546,92.43951612903226,1.0,5.16802360713901
215,2047,7,3,2.797545246119503E18,39.18339750788925,0.008069469856882215,1.0,25.255386517115692,3.0,193.70832237090204,223.26512096774192,267.5959009910879,100.0,0.07560483870967742,5.753024193548387,0.0,0.0,106.10000000000157,478.1975439614195,790.1870337424164,0.037635109368457764,92.43951612903226,1.0,5.147011012362044
217,2047,7,3,4.974214387304059E17,40.02106329306278,0.0026501035088165982,0.0,50.99463813618663,0.0,217.20987741937034,221.99495967741936,745.7784137385055,100.0,0.0,5.498991935483871,0.0,0.0,106.10000000000157,260.17000000000553,715.8566808741313,0.041317871453346915,100.0,1.0,5.257044222731262
218,2047,7,3,7.278710821350941E18,40.25639186306698,0.0024134616677926454,1.0,44.85087037315584,1.0,243.6792704499407,222.76612903225808,612.8146764462466,100.0,0.0,5.653225806451613,0.0,0.0,106.10000000000157,275.0,752.5917321485866,0.046081937586897145,100.0,1.0,5.287956262482071
210,2047,7,3,2.9539370702862316E18,38.41206496367101,0.001402947229651822,2.0,27.691081970175116,3.0,263.4335275991409,222.66532258064515,294.75619663805446,100.0,0.0,5.633064516129032,0.0,0.0,106.10000000000157,275.0,767.8983062446132,0.05220960234049063,100.0,1.0,5.045691133235039
200,2047,7,3,5.096996787781837E17,40.32434764814717,0.0016440546868547153,0.0,34.75920157498142,0.0,172.62120358419148,223.35584677419354,420.06640086248626,100.0,0.07560483870967742,5.77116935483871,0.0,0.0,106.10000000000157,476.5607155213366,787.2835678266891,0.03258920623861445,92.43951612903226,1.0,5.296882726147998
201,2047,7,3,6.307363977605812E18,38.79935006137309,2.497564707429598E-4,1.0,32.77879514507406,5.0,159.55533194629604,220.07459677419354,357.97765632622963,100.0,0.07560483870967742,5.11491935483871,0.0,0.0,106.10000000000157,275.0,733.1938892423948,0.03130645289911176,92.43951612903226,1.0,5.096563716767255
204,2047,7,3,3.1730362057635645E18,39.588231407124034,0.00897325048085301,1.0,39.76115486888391,1.0,224.87744230958063,222.55947580645162,497.7571396556472,100.0,0.07560483870967742,5.611895161290323,0.0,0.0,106.10000000000157,275.0,752.8609378013865,0.04324409228291721,92.43951612903226,1.0,5.200188752682279
216,2047,7,4,4.898742477016446E18,40.417778691373165,0.0022343751197343156,0.0,34.83260772669542,0.0,240.76872244516102,225.55645161290323,401.17034193837236,100.0,0.0,5.911290322580645,0.0,0.0,106.10000000000157,275.0,749.3772565517506,0.0453497209784715,100.0,1.0,5.309155541650614
219,2047,7,4,8.617806463867117E18,40.32079155039723,9.021969114068987E-4,1.0,47.82463376196062,1.0,231.7413011604543,225.0171370967742,676.1710541127325,100.0,0.0,5.803427419354839,0.0,0.0,106.10000000000157,269.8699999999968,736.7781974024855,0.04375436489697197,100.0,1.0,5.296415608045816
208,2047,7,4,5.859174576972996E18,40.02035828428987,0.001376265411173772,0.0,25.35458699135111,0.0,205.96616103311024,224.92137096774192,240.65024263420312,100.0,0.07560483870967742,5.784274193548387,0.0,0.0,106.10000000000157,275.0,706.8470136735918,0.039179771114458146,92.43951612903226,1.0,5.256951614939488
209,2047,7,4,1.481964993321812E18,40.54740623984091,9.036506023014124E-4,0.0,43.0944278432431,0.0,209.63590637294394,225.14818548387098,579.2367488741405,100.0,0.0,5.829637096774194,0.0,0.0,106.10000000000157,259.3200000000051,763.9368640613824,0.039359501094715456,100.0,1.0,5.326183019151388
213,2047,7,4,2.861374886328272E18,39.678276508674216,0.0019222901629933715,1.0,49.08896761259623,3.0,255.94891521026756,224.51814516129033,740.708075877909,100.0,0.0,5.703629032258065,0.0,0.0,106.10000000000157,270.0799999999948,767.3060476450814,0.0491074616544284,100.0,1.0,5.212016801263167
214,2047,7,4,4.281117921937587E18,40.51782887683519,0.0019695457596253328,1.0,31.709374773912653,2.0,278.8309551494058,223.1673387096774,349.22221636623425,100.0,0.0,5.433467741935484,0.0,0.0,106.10000000000157,266.67999999999483,750.7397690413555,0.05238920560107834,100.0,1.0,5.32229782739188
202,2047,7,4,8.834479670273441E18,40.612629219467216,0.0017369822843308256,1.0,35.06162938007049,1.0,239.0872368500941,225.61693548387098,396.8287110735305,100.0,0.0,5.923387096774194,0.0,0.0,106.10000000000157,251.1465510103462,733.8606349339112,0.04481694812303583,100.0,1.0,5.334750509868022
203,2047,7,4,6.605295447056412E18,39.71900413126315,0.0017953682434679902,1.0,46.81119412384449,2.0,238.65990241449853,225.3397177419355,665.9152416133846,100.0,0.0,5.867943548387097,0.0,0.0,106.10000000000157,272.6099999999931,755.8584382128574,0.045743364058303024,100.0,1.0,5.217366656949634
205,2047,7,4,3.0688222562761073E18,39.32900044916945,0.0012706386973736939,1.0,55.16269217847544,3.0,252.9076518203296,224.27620967741936,924.7502047866734,100.0,0.06653225806451613,5.655241935483871,0.0,0.0,106.10000000000157,265.9899999999964,750.6672493062143,0.04895488705821124,93.34677419354838,1.0,5.166136968503316
211,2047,7,5,6.492828447697523E18,40.13574668209017,0.0014510430919878765,1.0,42.12586935580711,3.0,236.8969847551045,227.26814516129033,540.5361043574237,100.0,0.0,5.953629032258065,0.0,0.0,106.10000000000157,275.0,741.7155638166311,0.044934010104487464,100.0,1.0,5.2721086812469045
206,2047,7,5,4.898224502314156E18,40.43348690617812,0.001274247441189011,2.0,46.88925771091574,2.0,197.88835539498993,226.56754032258064,696.624618312732,100.0,0.0,5.813508064516129,0.0,0.0,106.10000000000157,275.0,788.0276818743639,0.037258557443033136,100.0,1.0,5.311218924606875
215,2047,11,6,2.797545246119503E18,40.184580692660134,0.002202565164666919,1.0,23.999896595966263,1.0,420.1239046007399,315.91733870967744,260.19237392714547,100.0,0.0,5.683467741935484,0.0,0.0,88.0,0.0,821.9491006773547,0.07978749121436965,100.0,1.0,5.265535965681247
216,2047,11,6,4.898742477016446E18,38.74183124679607,0.0033938163694602953,2.0,23.194921658573318,4.0,445.0412013472416,316.04334677419354,255.5997751682531,100.0,0.0,5.70866935483871,0.0,0.0,88.0,0.0,844.5262249974719,0.0876671587898307,100.0,1.0,5.07648710749442
218,2047,11,6,7.278710821350941E18,39.348870405722224,0.00897325048085301,1.0,34.37789435590246,2.0,424.19328036687534,322.22479838709677,458.24410703185515,100.0,0.0,5.744959677419355,0.0,0.0,88.0,0.0,873.0974685992414,0.08227130242004581,100.0,1.0,5.156029719829968
219,2047,11,6,8.617806463867117E18,40.02701885437117,0.0025492188866059733,1.0,40.14999157256382,2.0,444.6037525209237,321.95262096774195,562.3058660139133,100.0,0.0,5.690524193548387,0.0,0.0,88.0,0.0,836.8976740181648,0.08476893670077965,100.0,1.0,5.244890048465532
207,2047,11,6,8.507560024639921E18,39.04871525364834,0.003662551216674701,2.0,27.875609077859636,3.0,404.9535924269007,322.2953629032258,318.5486479547506,100.0,0.0,5.759072580645161,0.0,0.0,88.0,0.0,822.5501256032845,0.07914352032081638,100.0,1.0,5.116699267171586
210,2047,11,6,2.9539370702862316E18,39.70687274655664,0.0017437330899442382,1.0,20.412928753593796,2.0,417.1715511339512,315.99798387096774,224.1263651050626,100.0,0.0,5.699596774193548,0.0,0.0,88.0,0.0,871.6457671868839,0.08017996414118023,100.0,1.0,5.202940106076861
212,2047,11,6,1.0005304447219302E18,38.71388313061363,0.00897325048085301,1.0,34.6433495966141,5.0,403.2286041957211,321.02520161290323,468.07562110796005,100.0,0.0,5.505040322580645,0.0,0.0,88.0,0.0,881.5817417903111,0.07948797904032082,100.0,1.0,5.072824961258364
200,2047,11,6,5.096996787781837E17,39.34630289877518,0.00897325048085301,1.0,29.78190979142999,2.0,424.45398516891424,322.07862903225805,350.4611236651048,100.0,0.0,5.715725806451613,0.0,0.0,88.0,0.0,824.7066974512956,0.08232723734936792,100.0,1.0,5.155693289787927
201,2047,11,6,6.307363977605812E18,39.35570721663842,0.003963449859034012,2.0,21.50454412377135,3.0,418.67908085612163,322.4163306451613,237.9328719065848,100.0,0.0,5.783266129032258,0.0,0.0,88.0,0.0,866.1621145020686,0.08118772996625331,100.0,1.0,5.156925572745423
202,2047,11,6,8.834479670273441E18,38.99256976494972,0.004808815906137748,1.0,22.250614350472013,3.0,445.9226557542972,316.11895161290323,241.50036810551185,100.0,0.0,5.723790322580645,0.0,0.0,88.0,0.0,841.4141765447068,0.08727594049782052,100.0,1.0,5.109342313709388
206,2047,11,6,4.898224502314156E18,38.27081524319354,0.002599435249378044,1.0,37.893839954052105,4.0,467.789583275453,316.0030241935484,531.7220044334836,100.0,0.0,5.700604838709677,0.0,0.0,88.0,0.0,870.062995810071,0.09328239556718748,100.0,1.0,5.014768118154978
217,2047,11,7,4.974214387304059E17,40.4760233733668,0.001892292383140669,1.0,43.376483066923456,1.0,426.1921625575833,323.6491935483871,640.1452485093191,100.0,0.0,5.729838709677419,0.0,0.0,88.0,0.0,834.4686138990021,0.08035714132670675,100.0,1.0,5.303724790617185
208,2047,11,7,5.859174576972996E18,40.07711393045394,0.0024503687823192377,1.0,14.596041153728045,2.0,446.1847418470519,324.04233870967744,138.60240392406746,100.0,0.0,5.808467741935484,0.0,0.0,88.0,0.0,807.904013604909,0.08496403574847645,100.0,1.0,5.251454193723992
209,2047,11,7,1.481964993321812E18,38.361829013964645,0.0022343751197343156,2.0,30.502675205270585,5.0,448.52032624256697,324.1179435483871,387.1657070293518,100.0,0.0,5.823588709677419,0.0,0.0,88.0,0.0,880.4818198267474,0.08922769654563675,100.0,1.0,5.026693993082798
211,2047,11,7,6.492828447697523E18,40.5603074318705,0.00897325048085301,1.0,34.82767728404777,1.0,469.17350240979175,323.44254032258067,450.7008431053981,100.0,0.0,5.688508064516129,0.0,0.0,88.0,0.0,841.9263827324984,0.08827731101574214,100.0,1.0,5.314768846166212
213,2047,11,7,2.861374886328272E18,40.64709172533329,0.002924788292324979,1.0,42.98627607317969,1.0,444.68597099600487,323.48790322580646,662.8793012547393,100.0,0.0,5.69758064516129,0.0,0.0,88.0,0.0,878.1547033443719,0.08349122025387638,100.0,1.0,5.326140516857025
214,2047,11,7,4.281117921937587E18,39.623403993216286,0.00897325048085301,1.0,17.672853498624654,3.0,448.3734085810278,324.0272177419355,190.1579971055357,100.0,0.0,5.805443548387097,0.0,0.0,88.0,0.0,882.8758662099721,0.08635846679667986,100.0,1.0,5.192002883013967
204,2047,11,7,3.1730362057635645E18,39.40311442847541,0.00897325048085301,1.0,29.12076410746679,3.0,424.545669177877,323.77016129032256,362.07542090110394,100.0,0.0,5.754032258064516,0.0,0.0,88.0,0.0,879.6320290341687,0.082226295110724,100.0,1.0,5.163137517094668
205,2047,11,7,3.0688222562761073E18,39.52816657703903,0.00897325048085301,1.0,47.946170953488945,3.0,443.21747340348765,324.1381048387097,805.8497587743211,100.0,0.0,5.827620967741935,0.0,0.0,88.0,0.0,873.9090712105595,0.08557108922905904,100.0,1.0,5.179523568025072
203,2047,11,8,6.605295447056412E18,39.88954140240562,0.002556481618476652,1.0,38.373512870633306,3.0,447.7646836101029,331.85987903225805,547.0176132479298,100.0,0.0,5.871975806451613,0.0,0.0,88.0,0.0,877.3474005852382,0.08566583467833437,100.0,1.0,5.226875863538939
213,2048,2,20,2.861374886328272E18,45.22277619344052,0.352648743897524,0.0,49.22282864038578,0.0,95.69999999999828,236.14415322580646,803.1012343905398,100.0,0.0,6.22883064516129,0.0,0.0,106.30000000000184,415.8431992630928,827.8599453117598,0.016189785189913743,100.0,1.0,5.911134636895584
207,2048,2,21,8.507560024639921E18,46.37685497183563,0.37149256990731494,0.0,39.24069892363734,0.0,113.10000000000181,237.62399193548387,518.9480853189896,100.0,0.0,6.224798387096774,0.0,0.0,106.30000000000184,403.16059748230305,802.767270325128,0.0186572520930655,100.0,1.0,6.061985947118047
210,2048,2,21,2.9539370702862316E18,46.22749191407441,0.37149256990731494,1.0,32.487205113857414,1.0,98.60000000000124,237.76008064516128,418.8491540689399,100.0,0.0,6.252016129032258,0.0,0.0,106.30000000000184,414.6065968077208,869.6178095674425,0.016317850584895283,100.0,1.0,6.042462485302503
212,2048,2,21,1.0005304447219302E18,45.6011233855094,0.37149256990731494,0.0,44.65765919989266,0.0,89.89999999999921,238.33467741935485,707.809368877514,100.0,0.0,6.366935483870968,0.0,0.0,106.30000000000184,405.67846325099873,876.4170913348257,0.015082402225906748,100.0,1.0,5.960588946870793
201,2048,2,21,6.307363977605812E18,44.850711970851,0.37149256990731494,0.0,32.903399710311845,0.0,98.60000000000124,237.5584677419355,406.22177904750265,100.0,0.0,6.211693548387097,0.0,0.0,106.30000000000184,410.3655558811195,827.2698198661573,0.01681875878489004,100.0,1.0,5.86250158296957
202,2048,2,21,8.834479670273441E18,46.096062357646794,0.16584489728005167,0.0,36.135954698071544,0.0,110.19999999999813,237.5483870967742,459.1788112715645,100.0,0.0,6.209677419354839,0.0,0.0,106.30000000000184,409.96776650718306,810.6589116408983,0.018289596934481827,100.0,1.0,6.025283137444945
204,2048,2,21,3.1730362057635645E18,46.78331536015579,0.37149256990731494,0.0,43.81183500461592,0.0,98.60000000000124,237.6290322580645,656.4976053817619,100.0,0.0,6.225806451612903,0.0,0.0,106.30000000000184,417.58488001086954,841.3379732425946,0.01612398138441402,100.0,1.0,6.115114973731693
205,2048,2,21,3.0688222562761073E18,45.351443483932364,0.28620382889623575,0.0,57.611078278400875,0.0,104.39999999999851,237.52318548387098,1126.4793996083895,100.0,0.0,6.204637096774194,0.0,0.0,106.30000000000184,404.4745496131366,828.1553222724973,0.01761147588744723,100.0,1.0,5.927952924968131
215,2048,2,22,2.797545246119503E18,45.69947724027743,0.39033639591710706,1.0,34.42164314011304,1.0,118.89999999999799,239.42137096774192,425.05145474312184,100.0,0.0,6.284274193548387,0.0,0.0,106.30000000000184,410.92135801091,808.8448273708638,0.019904762085576684,100.0,1.0,5.973444921813703
216,2048,2,22,4.898742477016446E18,45.77896844581495,0.39033639591710706,0.0,39.040615254092,0.0,107.30000000000186,239.59274193548387,530.5721207308484,100.0,0.0030241935483870967,6.318548387096774,0.0,0.0,106.30000000000184,409.71022084420883,827.6369949554141,0.0179316431748523,99.69758064516128,1.0,5.983835332530013
218,2048,2,22,7.278710821350941E18,47.095714906188995,0.39033639591710706,0.0,46.39639399927705,0.0,107.30000000000186,239.15927419354838,714.3987514909944,100.0,0.0,6.231854838709677,0.0,0.0,106.30000000000184,410.20969769706034,824.7038968413522,0.0174302933657198,100.0,1.0,6.155949171287559
219,2048,2,22,8.617806463867117E18,45.77626033320004,0.39033639591710706,0.0,49.50634514486144,0.0,84.10000000000043,239.53729838709677,791.7522400441683,100.0,0.0,6.307459677419355,0.0,0.0,106.30000000000184,408.816029808654,806.8141990269241,0.014055362599747472,100.0,1.0,5.98348135120409
209,2048,2,22,1.481964993321812E18,45.553222906595316,0.39033639591710706,0.0,43.02785245152762,0.0,110.19999999999813,239.2953629032258,642.2311383130339,100.0,0.03024193548387097,6.259072580645161,0.0,0.0,106.30000000000184,410.2491766346651,849.5659808264668,0.01850754671116881,96.9758064516129,1.0,5.954327805829358
211,2048,2,22,6.492828447697523E18,45.343796783641054,0.39033639591710706,1.0,42.778207502854656,2.0,89.89999999999921,239.64314516129033,611.3332636737138,100.0,0.0,6.328629032258065,0.0,0.0,106.30000000000184,409.40548727119943,816.8047575871288,0.015167995043184977,100.0,1.0,5.92695341368743
214,2048,2,22,4.281117921937587E18,46.60696719853685,0.39033639591710706,0.0,38.84102029523342,0.0,81.19999999999848,239.3860887096774,495.73514306025595,100.0,0.0,6.277217741935484,0.0,0.0,106.30000000000184,201.38255251864578,779.6849016619511,0.013328815434231915,100.0,1.0,6.092064249869907
200,2048,2,22,5.096996787781837E17,45.54735054633473,0.39033639591710706,0.0,41.48593150846561,0.0,92.80000000000169,239.33568548387098,571.4146857097446,100.0,0.0,6.267137096774194,0.0,0.0,106.30000000000184,408.473072296769,804.8383930815842,0.015587311886257624,100.0,1.0,5.953560221106358
206,2048,2,22,4.898224502314156E18,46.74968358028219,0.195755464351608,0.0,51.664023709313476,0.0,92.80000000000169,239.3860887096774,930.0902797067012,100.0,0.0030241935483870967,6.277217741935484,0.0,0.0,106.30000000000184,408.7280215786708,869.6342625794699,0.01518642917313491,99.69758064516128,1.0,6.11071891502755
217,2048,2,23,4.974214387304059E17,47.36795553292221,0.4073855718307275,0.0,54.20070452729715,0.0,116.00000000000001,241.10282258064515,963.7953975505513,100.0,0.03024193548387097,6.320564516129032,0.0,0.0,106.30000000000184,407.5387275128732,813.8900437418565,0.018735259696425095,96.9758064516129,1.0,6.191534138282276
208,2048,2,23,5.859174576972996E18,46.301425058208686,0.4073855718307275,0.0,28.666835816083736,0.0,84.10000000000043,241.0977822580645,316.8598207458618,100.0,0.0030241935483870967,6.319556451612903,0.0,0.0,106.30000000000184,402.29614429331133,787.1646168911913,0.01389594243880613,99.69758064516128,1.0,6.052126393755118
203,2048,2,23,6.605295447056412E18,46.16879780260394,0.4073855718307275,0.0,50.11355770148609,0.0,136.30000000000163,241.74798387096774,848.0821179701186,100.0,0.0,6.449596774193548,0.0,0.0,106.30000000000184,402.72689223037656,843.398914369192,0.022585705362981472,100.0,1.0,6.034790492901793
219,2048,7,1,8.617806463867117E18,39.638086243757996,0.001943103179050035,1.0,45.60976913469508,1.0,283.8741409927113,222.34979838709677,623.8727796827814,100.0,0.0,5.869959677419355,0.0,0.0,106.39999999999843,270.04999999999507,743.1290409015738,0.054924825254011926,100.0,1.0,5.1684122740468075
210,2048,7,1,2.9539370702862316E18,40.18013472647537,0.00897325048085301,1.0,30.755446384296736,1.0,209.67836162922399,220.2328629032258,344.0615874546308,100.0,0.0,5.446572580645161,0.0,0.0,106.39999999999843,275.0,773.0979163991808,0.04002190483320491,100.0,1.0,5.239090005912474
201,2048,7,1,6.307363977605812E18,38.7650248108879,0.002351480733976167,1.0,29.682539971265122,2.0,151.68813141091655,221.9616935483871,316.1627411556766,100.0,0.0,5.792338709677419,0.0,0.0,106.39999999999843,275.0,747.3379099765272,0.03001007385756072,100.0,1.0,5.05457374516592
202,2048,7,1,8.834479670273441E18,38.55479182594175,0.003638787705130984,2.0,30.89384298447705,3.0,206.53033498776264,222.23387096774192,327.76466336838826,100.0,0.057459677419354836,5.846774193548387,0.0,0.0,106.39999999999843,266.17999999999483,731.7173739950297,0.041082892772635396,94.25403225806451,1.0,5.027161454544139
204,2048,7,1,3.1730362057635645E18,38.91571028508142,0.0015775756822878032,1.0,38.94941040102809,1.0,279.977550403426,222.22883064516128,484.59293941416985,100.0,0.06653225806451613,5.845766129032258,0.0,0.0,106.39999999999843,269.23000000000417,758.2863404842057,0.05517645279974433,93.34677419354838,1.0,5.0742216325425575
215,2048,7,2,2.797545246119503E18,39.82216217702868,2.4374559898008986E-4,1.0,32.639571707025226,2.0,216.899816320706,223.875,350.4742093819986,100.0,0.0,5.875,0.0,0.0,106.39999999999843,259.83999999999696,722.0895031979638,0.04177244314648947,100.0,1.0,5.192413945243088
218,2048,7,2,7.278710821350941E18,38.84314886451966,0.0031463010101167735,1.0,39.370215253072764,4.0,265.23005427272926,222.72076612903226,493.89847092798925,100.0,0.0,5.644153225806452,0.0,0.0,106.39999999999843,275.0,759.7236732177666,0.052367740270526264,100.0,1.0,5.064760344872217
208,2048,7,2,5.859174576972996E18,39.40193565145145,0.0016778703217750625,1.0,25.79994385333098,1.0,262.3131695171874,222.57459677419354,242.2566381426132,100.0,0.0,5.61491935483871,0.0,0.0,106.39999999999843,263.75,694.9443236835136,0.05105732608496348,100.0,1.0,5.1376205851571095
209,2048,7,2,1.481964993321812E18,40.29508111330503,0.0023067481955920417,1.0,42.54411072752167,1.0,222.72632082601586,222.53427419354838,560.4058249932684,100.0,0.0,5.606854838709677,0.0,0.0,106.39999999999843,275.0,755.9506955627005,0.042391134327460854,100.0,1.0,5.254077871696262
212,2048,7,2,1.0005304447219302E18,40.25543828918026,2.708660492892128E-4,0.0,43.47349504149718,0.0,206.2029767146647,223.68850806451613,606.9634687535752,100.0,0.06653225806451613,5.837701612903226,0.0,0.0,106.39999999999843,275.0,788.1101302318842,0.03928492243539478,93.34677419354838,1.0,5.248908841649658
214,2048,7,2,4.281117921937587E18,38.74819540392331,0.002145683998291009,1.0,28.04667046302257,2.0,250.5337199463186,223.84475806451613,297.0654041582453,100.0,0.0,5.868951612903226,0.0,0.0,106.39999999999843,269.1400000000068,760.6886907177969,0.04958727407451268,100.0,1.0,5.052379357854039
200,2048,7,2,5.096996787781837E17,39.15910012148157,2.5228437024440574E-4,1.0,39.244960579200466,3.0,269.14862601443446,221.67741935483872,463.5664983234386,100.0,0.0,5.435483870967742,0.0,0.0,106.39999999999843,275.0,716.7506766458532,0.05271266738068906,100.0,1.0,5.105957246872984
205,2048,7,2,3.0688222562761073E18,40.55869886373857,0.003168520650018729,0.0,58.03605007453865,0.0,185.66653039163486,219.49495967741936,1012.4439847314603,100.0,0.06653225806451613,4.998991935483871,0.0,0.0,106.39999999999843,275.0,731.32660351589,0.035107922947730116,93.34677419354838,1.0,5.288451004864673
206,2048,7,2,4.898224502314156E18,40.33708359134599,0.00897325048085301,1.0,49.79847564051469,1.0,261.8839518202359,222.7358870967742,771.7993076853629,100.0,0.0,5.647177419354839,0.0,0.0,106.39999999999843,275.0,777.2409256510797,0.04979203998719945,100.0,1.0,5.259554577148497
216,2048,7,3,4.898742477016446E18,40.30714771083822,0.00897325048085301,1.0,37.199340254374455,1.0,223.8983776138266,224.7852822580645,444.1292413952222,100.0,0.06653225806451613,5.757056451612903,0.0,0.0,106.39999999999843,275.0,748.7968705292994,0.04260145271422888,93.34677419354838,1.0,5.255651236020985
217,2048,7,3,4.974214387304059E17,40.54985456483505,0.0018555108521201452,1.0,51.79940758335961,1.0,268.57106672469,224.83064516129033,786.7579108889196,100.0,0.0,5.766129032258065,0.0,0.0,106.39999999999843,275.0,731.3072578120425,0.05079552487393322,100.0,1.0,5.287297796237811
207,2048,7,3,8.507560024639921E18,40.29759159397427,0.0031933275732573103,1.0,36.555629061817996,1.0,180.8747187640154,224.83064516129033,419.1502325146481,100.0,0.06653225806451613,5.766129032258065,0.0,0.0,106.39999999999843,275.0,726.4855568000522,0.03442344307636865,93.34677419354838,1.0,5.254405213410626
211,2048,7,3,6.492828447697523E18,36.908912122282544,0.0023928667948941427,2.0,36.59077938741251,8.0,176.18558732633628,224.23084677419354,424.7133255673581,100.0,0.06653225806451613,5.64616935483871,0.0,0.0,106.39999999999843,275.0,734.9031670583582,0.03660957295294249,93.34677419354838,1.0,4.812555108271903
213,2048,7,3,2.861374886328272E18,40.66130320594149,0.002290263011958411,0.0,46.68866741993384,0.0,244.96009883619453,224.8860887096774,676.5647977544895,100.0,0.06653225806451613,5.777217741935484,0.0,0.0,106.39999999999843,268.95999999999776,771.652505241331,0.04620293705082937,93.34677419354838,1.0,5.301829590761858
203,2048,7,4,6.605295447056412E18,40.938757872701466,0.0013364984332518634,0.0,49.01389921934848,0.0,249.40382260468593,227.04637096774192,733.8235179839722,100.0,0.06653225806451613,5.909274193548387,0.0,0.0,106.39999999999843,275.0,762.3572469771308,0.04672227412443218,93.34677419354838,1.0,5.338006920221093
208,2048,11,4,5.859174576972996E18,37.12187325018311,0.00897325048085301,2.0,11.062824696393568,6.0,417.40516810959235,313.97379032258067,98.04073444333619,100.0,0.0,5.594758064516129,0.0,0.0,88.0,0.0,782.7571002145239,0.08644746868451554,100.0,1.0,4.828425568282231
204,2048,11,4,3.1730362057635645E18,36.83458900425158,0.0038946399656480213,2.0,26.28003927639593,7.0,398.3449437705021,314.3366935483871,309.04787376459785,100.0,0.0,5.667338709677419,0.0,0.0,88.0,0.0,864.473492897681,0.08314340821132502,100.0,1.0,4.791058633993347
215,2048,11,5,2.797545246119503E18,39.67145844512593,0.0022671173524135956,1.0,21.722985595946827,3.0,421.89480900903425,321.6703629032258,232.04077430414534,100.0,0.0,5.634072580645161,0.0,0.0,88.0,0.0,833.837515055428,0.08176178374511905,100.0,1.0,5.160048982348922
218,2048,11,5,7.278710821350941E18,39.90131020004493,0.0017491716336945537,1.0,32.32686321154877,1.0,418.2224130377028,316.1693548387097,415.8261919319003,100.0,0.0,5.733870967741935,0.0,0.0,88.0,0.0,868.7816494954498,0.08058319631280494,100.0,1.0,5.189945698036873
219,2048,11,5,8.617806463867117E18,39.68747407023243,0.003963449859034012,1.0,38.546688581707926,2.0,403.666962198162,316.28024193548384,526.7554589511823,100.0,0.0,5.756048387096774,0.0,0.0,88.0,0.0,838.5853154203224,0.0781977198995665,100.0,1.0,5.162132127594168
207,2048,11,5,8.507560024639921E18,38.98172687615918,0.002547771289282527,1.0,26.177086911754145,4.0,443.73389955034327,316.30040322580646,289.80650470940486,100.0,0.0,5.76008064516129,0.0,0.0,88.0,0.0,815.696028677738,0.08751568101163648,100.0,1.0,5.070335903474743
210,2048,11,5,2.9539370702862316E18,40.410744633017806,0.002416060980305068,1.0,20.79287119924307,1.0,405.4585419072712,316.18951612903226,233.5403248395794,100.0,0.0,5.737903225806452,0.0,0.0,88.0,0.0,887.2692580150493,0.07713898919281333,100.0,1.0,5.256207608500085
211,2048,11,5,6.492828447697523E18,38.96998490482726,0.00897325048085301,1.0,31.814655758660383,3.0,428.5473808043811,316.4969758064516,389.0897395326082,100.0,0.0,5.799395161290323,0.0,0.0,88.0,0.0,832.2727079878135,0.08454597757500319,100.0,1.0,5.068808630478064
212,2048,11,5,1.0005304447219302E18,39.01757327204027,0.002816462800016645,1.0,33.415318515751856,3.0,423.5411211768145,322.43145161290323,451.2827423010039,100.0,0.0,5.786290322580645,0.0,0.0,88.0,0.0,897.5683305144025,0.08345640440352925,100.0,1.0,5.074998428268059
214,2048,11,5,4.281117921937587E18,39.03385184946605,0.0027441132968969426,1.0,16.87784385497259,3.0,417.8671078194833,322.50201612903226,179.91226121436713,100.0,0.0,5.800403225806452,0.0,0.0,88.0,0.0,883.0205910975513,0.08230403368528924,100.0,1.0,5.077115775604708
200,2048,11,5,5.096996787781837E17,39.617660786551376,0.0016791262127344765,1.0,31.516784936387616,2.0,419.418933291052,316.35584677419354,375.8948037743076,100.0,0.0,5.77116935483871,0.0,0.0,88.0,0.0,815.3089113647889,0.08139234192508464,100.0,1.0,5.153051544789002
201,2048,11,5,6.307363977605812E18,39.207840147228644,0.0038677803796780255,1.0,20.87776618465647,4.0,400.76611055268046,315.5594758064516,224.5347231700051,100.0,0.0,5.611895161290323,0.0,0.0,88.0,0.0,848.4704091906214,0.07858549868136115,100.0,1.0,5.099746356228619
202,2048,11,5,8.834479670273441E18,39.599856379042016,0.003877809196565702,1.0,22.16393586480475,2.0,400.04469168282,316.18951612903226,241.08938635315138,100.0,0.0,5.737903225806452,0.0,0.0,88.0,0.0,844.4361210526156,0.07766748526581811,100.0,1.0,5.150735733410977
216,2048,11,6,4.898742477016446E18,40.24803348853872,0.002342885243042555,1.0,27.090831259277675,3.0,446.67723396616424,323.7600806451613,322.4702690772828,100.0,0.0,5.752016129032258,0.0,0.0,88.0,0.0,865.7783828924307,0.08532444950428857,100.0,1.0,5.235043842195704
217,2048,11,6,4.974214387304059E17,39.5826223731351,0.002058084972672717,2.0,43.18372430761059,3.0,447.77141798928335,324.21875,638.8776371722338,100.0,0.0,5.84375,0.0,0.0,88.0,0.0,839.3348423970709,0.08697133726519854,100.0,1.0,5.148494113916063
213,2048,11,6,2.861374886328272E18,39.83879635244407,0.0017587711644165048,1.0,37.57367355697793,2.0,448.26916807055034,324.0725806451613,532.3187130698032,100.0,0.0,5.814516129032258,0.0,0.0,88.0,0.0,883.1159709837297,0.0865081457038253,100.0,1.0,5.1818145496410555
203,2048,11,6,6.605295447056412E18,38.7385684714877,0.003401535436259685,1.0,39.40845655214479,6.0,472.44737118124226,322.98387096774195,557.0680705347612,100.0,0.0,5.596774193548387,0.0,0.0,88.0,0.0,855.2228271077039,0.09376358659513057,100.0,1.0,5.0387083977627825
205,2048,11,6,3.0688222562761073E18,38.56336874462239,0.002290263011958411,1.0,47.530295230749914,6.0,427.6392163808078,324.1028225806452,786.5625179249837,100.0,0.0,5.820564516129032,0.0,0.0,88.0,0.0,867.3460068642595,0.0852563827402573,100.0,1.0,5.01592024709348
206,2048,11,6,4.898224502314156E18,40.10208496936495,0.00897325048085301,1.0,41.95211869432097,2.0,426.74278560113805,323.8155241935484,644.9931924744014,100.0,0.0,5.763104838709677,0.0,0.0,88.0,0.0,891.2371621019187,0.08181323724358865,100.0,1.0,5.216060383120704
209,2048,11,7,1.481964993321812E18,40.449967584436834,2.6486954604324387E-4,1.0,32.13401539080598,2.0,429.49338847882376,331.7540322580645,424.10244223299577,100.0,0.0,5.850806451612903,0.0,0.0,88.0,0.0,894.0658452686977,0.08163241549318351,100.0,1.0,5.261309320372707
218,2049,2,18,7.278710821350941E18,45.15714189812732,0.3373942180800734,0.0,46.09925842656576,0.0,101.50000000000001,234.45262096774192,715.8618664462068,100.0,0.023185483870967742,6.190524193548387,0.0,0.0,106.60000000000159,402.59352323950304,836.4172770152628,0.017323371062389854,97.68145161290323,1.0,5.859136748525985
209,2049,2,19,1.481964993321812E18,46.197313365805414,0.35713536913795024,0.0,45.3671198713048,0.0,92.80000000000169,235.83165322580646,704.0929828915832,100.0,0.0,6.16633064516129,0.0,0.0,106.60000000000159,408.96131478453776,847.2025099447998,0.015481893261235967,100.0,1.0,5.994098940880644
210,2049,2,19,2.9539370702862316E18,44.71755028269687,0.18600800475934937,0.0,30.294960064043696,0.0,101.50000000000001,235.99798387096774,380.33874148179837,100.0,0.03024193548387097,6.199596774193548,0.0,0.0,106.60000000000159,410.25787021602054,873.9831080872431,0.017493666810298073,96.9758064516129,1.0,5.802099759911374
215,2049,2,20,2.797545246119503E18,45.647083756865506,0.16839880258973536,0.0,35.15098434846984,0.0,87.00000000000001,237.7953629032258,434.49790380293564,100.0,0.07963709677419355,6.259072580645161,0.0,0.0,106.60000000000159,401.13266941921023,800.7205546432053,0.014689229894759305,92.03629032258065,1.0,5.922706678519554
216,2049,2,20,4.898742477016446E18,45.27335214039475,0.37687652019582774,0.0,36.72618374082996,0.0,95.69999999999828,237.4022177419355,481.1963133301984,100.0,0.0,6.180443548387097,0.0,0.0,106.60000000000159,408.11572157609487,828.0669501860492,0.016291538470040036,100.0,1.0,5.874215021251035
217,2049,2,20,4.974214387304059E17,45.97771259549173,0.2180998380762886,0.0,50.29853903119697,0.0,113.10000000000181,237.37197580645162,814.6218244750386,100.0,0.0,6.174395161290323,0.0,0.0,106.60000000000159,408.7799836320381,804.2960314987254,0.018958678244780577,100.0,1.0,5.965605752665739
207,2049,2,20,8.507560024639921E18,45.23564895860315,0.37687652019582774,0.0,35.22786575548829,0.0,101.50000000000001,237.59879032258064,438.8634978159019,100.0,0.0,6.219758064516129,0.0,0.0,106.60000000000159,408.8462379562562,806.0581749000161,0.017293306125311457,100.0,1.0,5.869323035428078
208,2049,2,20,5.859174576972996E18,46.08375623676565,0.37687652019582774,0.0,29.507662108480325,0.0,101.50000000000001,238.24899193548387,328.1598673984634,100.0,0.0,6.349798387096774,0.0,0.0,106.60000000000159,407.10956919171844,782.966881829867,0.016975046938429737,100.0,1.0,5.979364909455102
211,2049,2,20,6.492828447697523E18,45.65701511717402,0.37687652019582774,0.0,37.59540788847782,0.0,107.30000000000186,237.3921370967742,481.7867323985342,100.0,0.014112903225806451,6.178427419354839,0.0,0.0,106.60000000000159,409.6219959370791,798.8118740396313,0.018112776103546127,98.58870967741935,1.0,5.923995271988958
213,2049,2,20,2.861374886328272E18,45.87998493736684,0.37687652019582774,0.0,47.459500423224895,0.0,127.60000000000228,237.62399193548387,777.5117968853751,100.0,0.0,6.224798387096774,0.0,0.0,106.60000000000159,406.8426623425759,860.0957631986787,0.021434838715831746,100.0,1.0,5.952925594245647
214,2049,2,20,4.281117921937587E18,45.80159085526588,0.37687652019582774,0.0,34.67844974832672,0.0,98.60000000000124,237.47782258064515,450.6874582679258,100.0,0.0,6.195564516129032,0.0,0.0,106.60000000000159,404.39115176697584,847.94240017721,0.01659163420855774,100.0,1.0,5.942753966281676
202,2049,2,20,8.834479670273441E18,45.906807800148364,0.37687652019582774,0.0,34.211637204252554,0.0,98.60000000000124,237.65927419354838,426.2200274286198,100.0,0.0,6.231854838709677,0.0,0.0,106.60000000000159,402.6378897333452,818.739088830414,0.01655360671011717,100.0,1.0,5.95640585925841
204,2049,2,20,3.1730362057635645E18,45.73974379138809,0.19208793078278671,0.0,41.46232951158772,0.0,116.00000000000001,237.97177419354838,600.5354711348115,100.0,0.0,6.294354838709677,0.0,0.0,106.60000000000159,410.1750927851357,846.9593982026694,0.019545963072816763,100.0,1.0,5.934729313048032
205,2049,2,20,3.0688222562761073E18,46.44561175719016,0.37687652019582774,0.0,59.58453255173175,0.0,101.50000000000001,237.65423387096774,1205.6804137773781,100.0,0.014112903225806451,6.230846774193548,0.0,0.0,106.60000000000159,407.14536874665527,817.166669287258,0.01684279516669621,98.58870967741935,1.0,6.026315643896162
206,2049,2,20,4.898224502314156E18,45.06044050589767,0.28294033047734835,0.0,49.186615103560825,0.0,116.00000000000001,237.55342741935485,852.3315384836106,100.0,0.03024193548387097,6.210685483870968,0.0,0.0,106.60000000000159,408.119402972999,879.625441591315,0.01984062590310362,96.9758064516129,1.0,5.846589748050963
219,2049,2,21,8.617806463867117E18,46.744706692244,0.15971805063007036,0.0,48.16834197893325,0.0,104.39999999999851,239.1491935483871,778.3585244229143,100.0,0.0846774193548387,6.229838709677419,0.0,0.0,106.60000000000159,410.279573159529,836.9346414355313,0.017213170554119844,91.53225806451613,1.0,6.0651231957386935
212,2049,2,21,1.0005304447219302E18,45.53257512301885,0.3948230211575324,0.0,43.54989405960918,0.0,121.80000000000199,239.19959677419354,674.0527632577209,100.0,0.0,6.23991935483871,0.0,0.0,106.60000000000159,407.03959415501896,872.8596900279241,0.020616640014883458,100.0,1.0,5.907849189396176
200,2049,2,21,5.096996787781837E17,45.96016468732948,0.3948230211575324,0.0,43.02449270024291,0.0,107.30000000000186,239.32560483870967,616.183233027975,100.0,0.014112903225806451,6.265120967741935,0.0,0.0,106.60000000000159,413.5764105088485,815.0363119130279,0.01799330568111689,98.58870967741935,1.0,5.963328912519284
201,2049,2,21,6.307363977605812E18,46.06137127854208,0.3948230211575324,0.0,31.349154039656586,0.0,116.00000000000001,239.71875,386.56437099519366,100.0,0.06653225806451613,6.34375,0.0,0.0,106.60000000000159,408.49289443912437,845.421870738394,0.01940948170431606,93.34677419354838,1.0,5.976460462321632
203,2049,2,21,6.605295447056412E18,47.124469555824085,0.7600044540597759,0.0,49.018004382263065,0.0,89.89999999999921,239.75907258064515,867.3820001900519,100.0,0.09879032258064516,6.351814516129032,0.0,0.0,106.60000000000159,613.7264405579764,901.4890456580156,0.01470300244094644,90.12096774193549,1.0,6.11439740699739
215,2049,7,2,2.797545246119503E18,39.59265320111191,0.0016555812695300757,1.0,32.488549749749744,1.0,248.03710630753048,222.08770161290323,347.63207867080047,100.0,0.0,5.817540322580645,0.0,0.0,106.69999999999816,275.0,721.1205899971693,0.04840196485931477,100.0,1.0,5.124525564788032
216,2049,7,2,4.898742477016446E18,40.03480168355232,0.00128963071009673,0.0,35.01904373142404,0.0,273.8940641909103,222.2641129032258,404.8719795204233,100.0,0.0,5.852822580645161,0.0,0.0,106.69999999999816,271.58999999999776,750.0532865450915,0.05285741020283108,100.0,1.0,5.181753384055133
218,2049,7,2,7.278710821350941E18,39.37463748505009,0.002373875788585462,1.0,44.48843464226452,2.0,251.9426696434045,219.99092741935485,601.1054097792351,100.0,0.0,5.398185483870968,0.0,0.0,106.69999999999816,273.5,749.0750378550025,0.04943631609088717,100.0,1.0,5.0963075238093305
219,2049,7,2,8.617806463867117E18,40.4701191769124,2.57777951187964E-4,0.0,47.164976963272466,0.0,230.3727779681537,220.15725806451613,658.4954640062857,100.0,0.057459677419354836,5.431451612903226,0.0,0.0,106.69999999999816,272.190000000002,736.5400711560911,0.04398024231460053,94.25403225806451,1.0,5.238097060044499
209,2049,7,2,1.481964993321812E18,39.93269730551547,0.0016728654886004927,0.0,43.27572880594739,0.0,218.36291191904454,220.9233870967742,579.3269771531668,100.0,0.06653225806451613,5.584677419354839,0.0,0.0,106.69999999999816,275.0,758.3101909197809,0.04224848817797411,93.34677419354838,1.0,5.168537889431182
210,2049,7,2,2.9539370702862316E18,39.33645895768123,0.0024370587943652973,1.0,28.646875702685602,1.0,249.4257974405787,221.57862903225808,315.7947414665298,100.0,0.06653225806451613,5.715725806451613,0.0,0.0,106.69999999999816,275.0,784.8777599028226,0.04898995592873713,93.34677419354838,1.0,5.091366030281881
212,2049,7,2,1.0005304447219302E18,40.34710779139562,0.00897325048085301,0.0,43.51153440863518,0.0,202.3898100768278,220.32862903225808,595.3603875316097,100.0,0.0,5.465725806451613,0.0,0.0,106.69999999999816,275.0,772.0151371554817,0.03875584194743665,100.0,1.0,5.22217554585249
213,2049,7,2,2.861374886328272E18,41.320443690976376,0.00897325048085301,0.0,48.76233285649622,0.0,149.43902846769848,217.76310483870967,717.7754990356217,100.0,0.0,4.952620967741935,0.0,0.0,106.69999999999816,272.9299999999948,753.4641307579985,0.02794216166646345,100.0,1.0,5.348155602687575
217,2049,7,3,4.974214387304059E17,40.13131787368223,0.00285772308307422,1.0,48.28748490108021,2.0,242.48071231488154,223.47177419354838,681.0250641808633,100.0,0.0,5.794354838709677,0.0,0.0,106.69999999999816,275.0,728.5647221610343,0.04668256592577632,100.0,1.0,5.19424559267838
207,2049,7,3,8.507560024639921E18,39.573642555829096,0.00205997485786342,2.0,33.141776676674574,2.0,195.53071731250478,223.9203629032258,360.457975477202,100.0,0.0,5.884072580645161,0.0,0.0,106.69999999999816,273.299999999995,725.9653958770501,0.038174196843068706,100.0,1.0,5.122064993700248
208,2049,7,3,5.859174576972996E18,39.47174716467454,0.0015540787116129276,1.0,25.738042470159897,3.0,207.76405787335426,223.03326612903226,244.7275284032592,100.0,0.0,5.706653225806452,0.0,0.0,106.69999999999816,275.0,704.639081179646,0.04066726919329859,100.0,1.0,5.108876548504293
211,2049,7,3,6.492828447697523E18,41.648039377222865,0.004244678562371343,0.0,38.05251687825456,0.0,159.18898726621114,222.7258064516129,443.82824467706064,100.0,0.06653225806451613,5.645161290322581,0.0,0.0,106.69999999999816,275.0,721.4561787693236,0.02953108477135664,93.34677419354838,1.0,5.390556713331939
200,2049,7,3,5.096996787781837E17,41.091783156493726,0.003738854367022088,0.0,43.306153838849475,0.0,174.6043251221834,221.48084677419354,553.2662944836414,100.0,0.06653225806451613,5.39616935483871,0.0,0.0,106.69999999999816,275.0,723.2064330500813,0.03282924927458867,93.34677419354838,1.0,5.318559789831536
201,2049,7,3,6.307363977605812E18,40.0504646696611,0.0014841631625625213,1.0,28.844328078973344,1.0,200.63540077441178,223.95060483870967,308.69705609823,100.0,0.0,5.890120967741935,0.0,0.0,106.69999999999816,275.0,759.8863467171914,0.03870445410362517,100.0,1.0,5.183780663518509
202,2049,7,3,8.834479670273441E18,39.7737001615951,0.00897325048085301,1.0,30.44323184772716,1.0,268.4966005772097,224.10181451612902,327.99321893942647,100.0,0.06653225806451613,5.920362903225806,0.0,0.0,106.69999999999816,275.0,747.9908993791144,0.05215593529624898,93.34677419354838,1.0,5.147958694482846
203,2049,7,3,6.605295447056412E18,39.95094865553911,0.0021054083718566475,1.0,49.022041741022704,1.0,213.70382850305364,222.97782258064515,726.3947064941452,100.0,0.0,5.695564516129032,0.0,0.0,106.69999999999816,274.549999999995,754.567105037455,0.04132816741737355,100.0,1.0,5.170900184004209
204,2049,7,3,3.1730362057635645E18,40.69530365724439,0.001472473003093706,1.0,41.297844437873934,1.0,165.14068671287134,221.62197580645162,530.9610027925631,100.0,0.06653225806451613,5.424395161290323,0.0,0.0,106.69999999999816,275.0,753.7323273095809,0.03135239590697685,93.34677419354838,1.0,5.26724296295718
205,2049,7,3,3.0688222562761073E18,40.132687543488956,0.00380544973742707,1.0,56.52947318281726,1.0,271.9452117795354,221.67237903225808,976.1442372642023,100.0,0.0,5.434475806451613,0.0,0.0,106.69999999999816,272.420000000005,750.026201758493,0.05235330633409695,100.0,1.0,5.194422870717936
206,2049,7,3,4.898224502314156E18,40.17983931437833,0.0019083901490542375,1.0,48.871773878888085,1.0,276.67822066566805,222.91229838709677,753.4366007178049,100.0,0.0,5.682459677419355,0.0,0.0,106.69999999999816,275.0,787.134452935305,0.053201970773031015,100.0,1.0,5.2005257821373965
214,2049,7,4,4.281117921937587E18,39.33951327002462,0.0039599516685141474,1.0,30.31382574291255,3.0,242.37419745530022,225.76310483870967,337.7034164029594,100.0,0.0,5.952620967741935,0.0,0.0,106.69999999999816,274.390000000007,774.9647780850167,0.04760124849149692,100.0,1.0,5.091761353666929
219,2049,11,4,8.617806463867117E18,38.14907376557002,0.00897325048085301,1.0,37.76409379639517,4.0,400.09403663221735,306.2570564516129,495.80868682672343,100.0,0.0,5.551411290322581,0.0,0.0,88.0,0.0,815.9893978323971,0.08122819724147544,100.0,1.0,4.925556028811234
200,2049,11,4,5.096996787781837E17,38.863791300703255,0.004407293949338424,1.0,33.79611495097629,4.0,420.42993522159475,305.773185483871,407.58098713849944,100.0,0.0,5.454637096774194,0.0,0.0,88.0,0.0,796.7169025941972,0.08378710789469017,100.0,1.0,5.017835628722526
215,2049,11,5,2.797545246119503E18,39.240226483589716,0.0018883102863747948,1.0,22.775109984571245,3.0,400.06978217659366,314.28629032258067,241.17868703512218,100.0,0.0,5.657258064516129,0.0,0.0,88.0,0.0,815.4595411857439,0.07896469801935066,100.0,1.0,5.066438449223915
217,2049,11,5,4.974214387304059E17,38.694785756981084,0.002193948772824697,1.0,40.53415933614236,4.0,419.5222153352121,308.7147177419355,550.0734313552801,100.0,0.0,5.742943548387097,0.0,0.0,88.0,0.0,805.7214073246306,0.08397137243304971,100.0,1.0,4.996014750975956
218,2049,11,5,7.278710821350941E18,38.93504475752542,0.002462472689586445,1.0,36.24406060426169,3.0,399.35485207455224,308.2409274193548,483.16782075627077,100.0,0.0,5.648185483870968,0.0,0.0,88.0,0.0,848.6601507537052,0.07944142422022533,100.0,1.0,5.027035403689034
207,2049,11,5,8.507560024639921E18,38.57972169851325,0.0027191668123797,1.0,23.255869639960757,4.0,417.4420422450855,314.6945564516129,246.2102374660519,100.0,0.0,5.738911290322581,0.0,0.0,88.0,0.0,810.3259356062657,0.08380420883883387,100.0,1.0,4.981158440954672
210,2049,11,5,2.9539370702862316E18,38.321695285392444,0.0015876239350412287,2.0,18.51122789100922,4.0,399.21771331279876,307.96370967741933,198.65747274532046,100.0,0.0,5.592741935483871,0.0,0.0,88.0,0.0,870.9877962340021,0.08068518960331982,100.0,1.0,4.947843777470318
211,2049,11,5,6.492828447697523E18,38.510176834252185,0.002491185586022503,2.0,25.344680261073627,3.0,425.66162387497764,308.3215725806452,272.94385128260956,100.0,0.0,5.664314516129032,0.0,0.0,88.0,0.0,801.8993161097363,0.08560866391142878,100.0,1.0,4.972179268156429
213,2049,11,5,2.861374886328272E18,39.157529190127796,0.0024056971798533684,1.0,38.683008934869655,3.0,406.01762443664546,307.7469758064516,538.5245546367863,100.0,0.0,5.549395161290323,0.0,0.0,88.0,0.0,852.2794297107972,0.08030791302376812,100.0,1.0,5.055761121777372
201,2049,11,5,6.307363977605812E18,38.34616066280766,0.0023676122640773193,1.0,17.51120818827803,4.0,419.23433412988487,308.3568548387097,179.27692630398502,100.0,0.0,5.671370967741935,0.0,0.0,88.0,0.0,841.3216547705623,0.08467665425730989,100.0,1.0,4.951002585151072
202,2049,11,5,8.834479670273441E18,38.914486230640044,0.002519160718936834,1.0,19.379066655858146,3.0,418.17761222459234,314.26108870967744,204.00869398372487,100.0,0.0,5.652217741935484,0.0,0.0,88.0,0.0,846.1462325900217,0.08322967751351708,100.0,1.0,5.024381022702838
205,2049,11,5,3.0688222562761073E18,39.53312863090401,0.0040420047211049675,1.0,50.42023451716018,2.0,419.528880656437,308.5282258064516,855.7754426356476,100.0,0.0,5.705645161290323,0.0,0.0,88.0,0.0,840.4314514106909,0.08219197423344214,100.0,1.0,5.104256036786373
216,2049,11,6,4.898742477016446E18,39.405222650220566,2.7464650100554144E-4,1.0,24.38894081198027,3.0,404.4239166423443,316.23487903225805,276.9623075253583,100.0,0.0,5.746975806451613,0.0,0.0,88.0,0.0,857.0093345014267,0.07948986867893941,100.0,1.0,5.087741662724563
208,2049,11,6,5.859174576972996E18,38.3615760775364,0.003921875210163049,2.0,13.984488326158463,6.0,419.96580308101426,315.80141129032256,129.16122557964547,100.0,0.0,5.660282258064516,0.0,0.0,88.0,0.0,791.2380153392257,0.08479030956340187,100.0,1.0,4.952992921519943
214,2049,11,6,4.281117921937587E18,40.12129276336149,0.0025593983117093697,1.0,22.537254099699773,1.0,438.9443801877615,316.3054435483871,255.6233888678163,100.0,0.0,5.761088709677419,0.0,0.0,88.0,0.0,876.3698090054846,0.08473509280020938,100.0,1.0,5.1801958985601875
203,2049,11,6,6.605295447056412E18,38.68358762301416,0.00897325048085301,1.0,40.675998400516896,4.0,421.7425089048542,316.3659274193548,582.413719907488,100.0,0.0,5.773185483870968,0.0,0.0,88.0,0.0,848.0462726147698,0.08444022206745527,100.0,1.0,4.994568921999568
204,2049,11,6,3.1730362057635645E18,40.42382695619962,0.0020164607822141614,1.0,30.49888827110134,1.0,424.58579692920625,322.1592741935484,388.74867826889755,100.0,0.0,5.731854838709677,0.0,0.0,88.0,0.0,884.2407864631408,0.0813498526338678,100.0,1.0,5.219257112119727
206,2049,11,6,4.898224502314156E18,38.709658639286026,0.0018578158345451462,1.0,40.38356449823894,4.0,422.6225020931776,315.81149193548384,598.3622593655977,100.0,0.0,5.662298387096774,0.0,0.0,88.0,0.0,882.1945865971006,0.08455942279819535,100.0,1.0,4.997935039147371
209,2049,11,7,1.481964993321812E18,40.84403260911645,0.001984354374359358,1.0,35.39235622655108,1.0,406.97902329960823,323.80040322580646,483.5092924155283,100.0,0.0,5.76008064516129,0.0,0.0,88.0,0.0,881.2953880390771,0.07717420163083473,100.0,1.0,5.2735112861472215
212,2049,11,7,1.0005304447219302E18,39.53568674533394,0.00897325048085301,2.0,32.98167742366609,5.0,408.3425070629035,323.45262096774195,441.3362190039798,100.0,0.0,5.690524193548387,0.0,0.0,88.0,0.0,895.2497194148209,0.07999522021503497,100.0,1.0,5.104586323598322
213,2050,2,19,2.861374886328272E18,45.18319952690459,0.39930964639796007,0.0,45.974118849050946,0.0,104.39999999999851,234.71975806451613,734.5470971105643,100.0,0.0030241935483870967,6.243951612903226,0.0,0.0,106.89999999999841,407.6838205310048,862.439271501045,0.01793988732989511,99.69758064516128,1.0,5.819434541599704
215,2050,2,20,2.797545246119503E18,45.64950951648593,0.41725614735966604,0.0,31.885309651390497,0.0,110.19999999999813,236.35584677419354,374.7876056428334,100.0,0.014112903225806451,6.27116935483871,0.0,0.0,106.89999999999841,408.08646233502105,799.7171867146576,0.018743110798324355,98.58870967741935,1.0,5.879493600915493
216,2050,2,20,4.898742477016446E18,45.83610475617107,0.21031055814499278,0.0,38.87284752751379,0.0,92.80000000000169,236.0735887096774,528.8985468806851,100.0,0.0,6.214717741935484,0.0,0.0,106.89999999999841,405.6155785099405,830.8851834598088,0.01571941814144244,100.0,1.0,5.903526400595271
207,2050,2,20,8.507560024639921E18,45.384889992914324,0.41725614735966604,0.0,35.69576477738724,0.0,107.30000000000186,236.06854838709677,447.6447355925706,100.0,0.0,6.213709677419355,0.0,0.0,106.89999999999841,416.243208601198,805.4275261816309,0.018356278088739204,100.0,1.0,5.845411552455497
212,2050,2,20,1.0005304447219302E18,45.99964180501137,0.41725614735966604,0.0,45.27400357563964,0.0,101.50000000000001,236.27520161290323,722.0863799484381,100.0,0.0,6.255040322580645,0.0,0.0,106.89999999999841,407.48440295424695,872.1339830690098,0.017131988962815817,100.0,1.0,5.92458938774132
200,2050,2,20,5.096996787781837E17,47.361336064908194,0.41725614735966604,0.0,46.367234376120926,0.0,95.69999999999828,235.9727822580645,703.4743882223123,100.0,0.0,6.194556451612903,0.0,0.0,106.89999999999841,407.45075676103136,813.1253060787798,0.01568859984521501,100.0,1.0,6.099970739529479
201,2050,2,20,6.307363977605812E18,45.580551715711586,0.41725614735966604,0.0,30.29783127920047,0.0,104.39999999999851,236.32056451612902,362.8790019771108,100.0,0.0,6.264112903225806,0.0,0.0,106.89999999999841,406.8281213992729,833.8716529110627,0.01778349489432414,100.0,1.0,5.870612082741919
203,2050,2,20,6.605295447056412E18,46.936091297038466,0.41725614735966604,0.0,52.15884860191026,0.0,98.60000000000124,235.8165322580645,913.1213317810115,100.0,0.0,6.163306451612903,0.0,0.0,106.89999999999841,411.716142452434,837.0446749532433,0.016310459212127343,100.0,1.0,6.045200733936971
204,2050,2,20,3.1730362057635645E18,44.71366001186124,0.41725614735966604,1.0,36.44104227326485,1.0,113.10000000000181,236.15423387096774,489.0601698900856,100.0,0.03024193548387097,6.230846774193548,0.0,0.0,106.89999999999841,413.1299913285324,852.013070974678,0.019638964189995986,96.9758064516129,1.0,5.75895953095197
206,2050,2,20,4.898224502314156E18,45.19447905478292,0.41725614735966604,0.0,48.88993178908323,0.0,95.69999999999828,236.1945564516129,845.5795689203063,100.0,0.0,6.238911290322581,0.0,0.0,106.89999999999841,415.54180860996735,883.1232042856116,0.016440792441847207,100.0,1.0,5.820887304459267
218,2050,2,21,7.278710821350941E18,45.32839316580746,0.2864810839533553,1.0,46.07416552802276,1.0,110.19999999999813,237.86592741935485,719.8797994450945,100.0,0.014112903225806451,6.273185483870968,0.0,0.0,106.89999999999841,408.19413487213336,841.7379078068469,0.018875891135758834,98.58870967741935,1.0,5.838134963134706
219,2050,2,21,8.617806463867117E18,46.53994486216756,0.43430532327328647,0.0,44.831509979470404,0.0,124.699999999998,238.27923387096774,682.7251080668761,100.0,0.0846774193548387,6.355846774193548,0.0,0.0,106.89999999999841,407.7973004843808,839.4425303195554,0.02080351798274829,91.53225806451613,1.0,5.994178489590455
208,2050,2,21,5.859174576972996E18,45.20059076225294,0.43430532327328647,0.0,26.94540604869371,0.0,110.19999999999813,238.01209677419354,290.13064672436946,100.0,0.07963709677419355,6.30241935483871,0.0,0.0,106.89999999999841,403.87705073861065,785.3666103083528,0.018929261771312527,92.03629032258065,1.0,5.821674470528336
209,2050,2,21,1.481964993321812E18,45.527320265664066,0.43430532327328647,0.0,50.42125797475042,0.0,84.10000000000043,237.7953629032258,834.070016464485,100.0,0.03024193548387097,6.259072580645161,0.0,0.0,106.89999999999841,404.7626866123568,819.5026054476167,0.014342342878237073,96.9758064516129,1.0,5.863756062310638
210,2050,2,21,2.9539370702862316E18,45.389976395624515,0.3088942555286532,0.0,31.51286593484292,0.0,121.80000000000199,238.16834677419354,406.99744014891183,100.0,0.09879032258064516,6.33366935483871,0.0,0.0,106.89999999999841,402.0296755625753,883.5145497849323,0.020834521229834726,90.12096774193549,1.0,5.846066662937576
211,2050,2,21,6.492828447697523E18,47.0422323060052,0.43430532327328647,0.0,39.597027974215294,0.0,110.19999999999813,237.6945564516129,531.9801140716448,100.0,0.0,6.238911290322581,0.0,0.0,106.89999999999841,412.3196938640321,810.9022266137559,0.018188206061119098,100.0,1.0,6.058871316373114
214,2050,2,21,4.281117921937587E18,45.653369209006904,0.43430532327328647,0.0,33.092164117767666,0.0,95.69999999999828,237.56350806451613,426.1424086310297,100.0,0.0,6.212701612903226,0.0,0.0,106.89999999999841,410.0245786823213,860.4455527916414,0.016275535903065505,100.0,1.0,5.87999071551144
202,2050,2,21,8.834479670273441E18,45.71640605194776,0.43430532327328647,0.0,36.367696106638036,0.0,116.00000000000001,237.86592741935485,475.55798377946934,100.0,0.0846774193548387,6.273185483870968,0.0,0.0,106.89999999999841,412.70593262632525,831.2101090441842,0.019700720126010946,91.53225806451613,1.0,5.888109635487117
205,2050,2,21,3.0688222562761073E18,45.80306095763981,0.2464842924365984,0.0,55.0125443354459,0.0,104.39999999999851,237.6945564516129,1032.4673742022762,100.0,0.036290322580645164,6.238911290322581,0.0,0.0,106.89999999999841,406.2339705421511,843.6826517146689,0.017697103463597933,96.37096774193549,1.0,5.89927047749617
217,2050,2,22,4.974214387304059E17,45.63941078421031,0.4513544991869074,2.0,50.10965246752169,2.0,130.50000000000003,239.29032258064515,824.7055175367612,100.0,0.0846774193548387,6.258064516129032,0.0,0.0,106.89999999999841,410.6434188738348,820.4332871168534,0.022200700414094728,91.53225806451613,1.0,5.878192920307527
216,2050,7,1,4.898742477016446E18,40.49950390311505,0.0028522728801185825,0.0,38.78763311611273,0.0,201.42405420794398,216.40927419354838,465.31292702748016,100.0,0.0,4.981854838709677,0.0,0.0,107.0,275.0,733.2054890128745,0.038710158741938734,100.0,1.0,5.20339003388587
219,2050,7,1,8.617806463867117E18,39.17889331548419,8.99483809227449E-4,1.0,42.28130426078,2.0,219.9988503311454,218.08770161290323,540.9869150649959,100.0,0.0,5.317540322580645,0.0,0.0,107.0,271.0,737.2803150713028,0.043705044777764906,100.0,1.0,5.033717536495251
208,2050,7,1,5.859174576972996E18,40.43668855538404,0.0022797892481842058,0.0,29.055200484808672,0.0,266.4922357785048,216.2328629032258,279.22832430572953,100.0,0.0,4.946572580645161,0.0,0.0,107.0,275.0,680.5559948519598,0.05129467705507535,100.0,1.0,5.1953194966481755
213,2050,7,1,2.861374886328272E18,38.6288122764784,0.0022867610807474677,1.0,44.58927951416639,4.0,121.91306511034485,216.3790322580645,607.696032849866,100.0,0.036290322580645164,4.975806451612903,0.0,0.0,107.0,274.609999999993,754.2768291919009,0.024564176986698473,96.37096774193549,1.0,4.963042937541156
214,2050,7,1,4.281117921937587E18,40.09696313604276,0.0021832726230785965,0.0,32.22900980957406,0.0,252.3433196583797,219.25201612903226,363.7638355367104,100.0,0.0,5.550403225806452,0.0,0.0,107.0,275.0,763.4621757530196,0.048982805222494596,100.0,1.0,5.151671459242904
218,2050,7,2,7.278710821350941E18,37.51402298740857,0.002346561318214702,1.0,41.81139985703836,4.0,208.98289473925232,220.18245967741936,539.5278482049447,100.0,0.0,5.436491935483871,0.0,0.0,107.0,275.0,749.7036628843406,0.04335911636208267,100.0,1.0,4.819814430582049
207,2050,7,2,8.507560024639921E18,39.17433393572717,0.00451370748533856,1.0,32.822742533118436,1.0,256.43317310237677,222.46068548387098,354.5777269900421,100.0,0.0,5.892137096774194,0.0,0.0,107.0,263.48000000000457,724.3673094650716,0.05094902856748217,100.0,1.0,5.033131745833585
209,2050,7,2,1.481964993321812E18,40.174399200792315,0.00146382552705596,0.0,48.19496694301226,0.0,215.6485594697886,218.9929435483871,694.874588015256,100.0,0.0,5.198588709677419,0.0,0.0,107.0,275.0,746.1408742732943,0.04177923593454223,100.0,1.0,5.161620471175126
210,2050,7,2,2.9539370702862316E18,39.77278082111226,0.0015665590923276966,0.0,29.84243493027364,0.0,249.23274841189465,221.7953629032258,337.14150298024714,100.0,0.0,5.759072580645161,0.0,0.0,107.0,275.0,790.8891853279007,0.04877333721786077,100.0,1.0,5.11002040517797
211,2050,7,2,6.492828447697523E18,40.188773679448836,0.0013716371875348633,1.0,38.20565929853871,1.0,203.84769335878144,217.92439516129033,437.5739597044754,100.0,0.036290322580645164,4.984879032258065,0.0,0.0,107.0,275.0,706.8519084161683,0.03947883876407389,96.37096774193549,1.0,5.163467309081157
200,2050,7,2,5.096996787781837E17,40.32241171942551,0.0017889255344603367,1.0,43.45951590087279,1.0,223.4912941353957,220.95362903225808,560.1550157484206,100.0,0.0,5.590725806451613,0.0,0.0,107.0,275.0,727.8762033595993,0.04313973104192298,100.0,1.0,5.1806371699027975
201,2050,7,2,6.307363977605812E18,40.67288548987001,0.00897325048085301,0.0,30.076609299108874,0.0,230.46000947327207,220.50504032258064,320.7676415486596,100.0,0.036290322580645164,5.501008064516129,0.0,0.0,107.0,275.0,744.5078884987316,0.04410155613775244,96.37096774193549,1.0,5.22566615911293
203,2050,7,2,6.605295447056412E18,38.844297874301404,0.0012624156557193337,1.0,48.272076353803165,2.0,237.41019670838764,220.09677419354838,697.9567807309845,100.0,0.0,5.419354838709677,0.0,0.0,107.0,274.5,746.9255200785127,0.04757024789687285,100.0,1.0,4.9907286004283025
215,2050,7,3,2.797545246119503E18,38.24896370714382,0.002957564430076809,1.0,27.1942422995216,4.0,247.88618938548038,220.46270161290323,267.4786486621613,100.0,0.036290322580645164,5.192540322580645,0.0,0.0,107.0,275.0,714.2042415743824,0.050442427768394374,96.37096774193549,1.0,4.914239864180328
217,2050,7,3,4.974214387304059E17,39.08571760311266,0.0012070554857214217,1.0,47.57542700776574,2.0,210.88049148380176,224.09173387096774,669.0890301876047,100.0,0.0,5.918346774193548,0.0,0.0,107.0,275.0,736.3547515374624,0.04199345791996709,100.0,1.0,5.021746289284077
212,2050,7,3,1.0005304447219302E18,39.09184612486501,0.00897325048085301,1.0,41.44250403340909,2.0,274.2497589311406,223.94556451612902,560.5860669094156,100.0,0.0,5.889112903225806,0.0,0.0,107.0,273.25,790.9042978559186,0.05460386653321617,100.0,1.0,5.022533683842907
202,2050,7,3,8.834479670273441E18,38.89224680019737,0.002827111052568683,2.0,32.73817688124725,4.0,281.3726849219582,222.79637096774192,363.44290194197237,100.0,0.036290322580645164,5.659274193548387,0.0,0.0,107.0,275.0,745.5336009786589,0.05630957173304786,96.37096774193549,1.0,4.996889094733102
205,2050,7,3,3.0688222562761073E18,37.592308009267576,0.001182869823471269,3.0,50.132493838812614,6.0,281.4434191977901,224.00604838709677,770.5303201359859,100.0,0.0,5.901209677419355,0.0,0.0,107.0,275.0,765.5181594447,0.05827139706443786,100.0,1.0,4.829872516812381
206,2050,7,3,4.898224502314156E18,39.729323023232006,0.0022014844163034965,1.0,47.886103080555564,2.0,227.34621051238636,223.67842741935485,726.4634552349887,100.0,0.0,5.835685483870968,0.0,0.0,107.0,263.75,789.4659588520556,0.04453894004716324,100.0,1.0,5.104436932527909
204,2050,7,5,3.1730362057635645E18,40.85145457691713,8.925055182865548E-4,1.0,36.213077272221796,2.0,238.69237901181984,227.2983870967742,443.04858244055237,100.0,0.0,5.959677419354839,0.0,0.0,107.0,266.0,779.180666371022,0.04547726629899203,100.0,1.0,5.248608776141636
213,2050,11,4,2.861374886328272E18,38.8744191983262,0.00897325048085301,1.0,37.66340282213026,4.0,378.30345215528627,306.17137096774195,515.464669207357,100.0,0.0,5.534274193548387,0.0,0.0,88.0,0.0,851.8050963575689,0.07592879641192848,100.0,1.0,4.982344907759588
200,2050,11,4,5.096996787781837E17,38.3639828896984,0.00897325048085301,1.0,34.20587478957688,3.0,399.02652986373516,306.30745967741933,418.71448001521924,100.0,0.0,5.561491935483871,0.0,0.0,88.0,0.0,803.7514835172423,0.08115367801754084,100.0,1.0,4.916924772990427
204,2050,11,4,3.1730362057635645E18,39.61513581733595,0.0030920918266206265,1.0,27.59706933331925,1.0,461.53603999671867,306.5342741935484,326.87776510477585,100.0,0.0,5.606854838709677,0.0,0.0,88.0,0.0,855.4543726564741,0.09090224207248893,100.0,1.0,5.077278947956775
215,2050,11,5,2.797545246119503E18,38.532679531221255,0.00897325048085301,1.0,17.996756503003244,4.0,411.67097465264874,308.523185483871,178.04494905021338,100.0,0.0,5.704637096774194,0.0,0.0,88.0,0.0,808.4933657515825,0.08335874392093329,100.0,1.0,4.938545799623892
217,2050,11,5,4.974214387304059E17,38.97625144644549,0.0025362494292970666,1.0,42.11368809372246,4.0,414.9961824663214,308.3165322580645,589.3101324235962,100.0,0.0,5.663306451612903,0.0,0.0,88.0,0.0,808.759023919152,0.08307572845591843,100.0,1.0,4.995396250861963
218,2050,11,5,7.278710821350941E18,37.99823904649,0.0045503298584447524,1.0,33.79024081944519,6.0,392.1182812811678,314.4022177419355,440.6843056552739,100.0,0.0,5.680443548387097,0.0,0.0,88.0,0.0,861.9842797239244,0.08051628800260388,100.0,1.0,4.870049166554806
210,2050,11,5,2.9539370702862316E18,38.20757319073657,0.003388689758630293,1.0,19.33269976449031,6.0,400.11416135551764,307.44959677419354,209.473546256085,100.0,0.0,5.48991935483871,0.0,0.0,88.0,0.0,871.5063307993385,0.08170800256430664,100.0,1.0,4.89687850392152
211,2050,11,5,6.492828447697523E18,39.10600018939948,0.0029478483839858933,1.0,26.163573618722644,3.0,401.4606095397231,314.58870967741933,291.1874863910584,100.0,0.0,5.717741935483871,0.0,0.0,88.0,0.0,819.6729699281303,0.08009947442020059,100.0,1.0,5.012025515094732
214,2050,11,5,4.281117921937587E18,38.35360641557992,0.00897325048085301,1.0,18.519635836326444,5.0,385.516233339618,313.5100806451613,199.80108577330867,100.0,0.0,5.502016129032258,0.0,0.0,88.0,0.0,875.7695214035796,0.07842717788342052,100.0,1.0,4.915594870858104
201,2050,11,5,6.307363977605812E18,40.12818755842124,0.004644539586362842,1.0,18.73407782341177,2.0,403.09085345751436,314.33165322580646,196.89822421274891,100.0,0.0,5.66633064516129,0.0,0.0,88.0,0.0,851.532427970437,0.07837607737601664,100.0,1.0,5.14303428996131
202,2050,11,5,8.834479670273441E18,39.77603071945798,0.00411994971572684,1.0,24.80450105247736,2.0,414.2827927974254,314.10987903225805,281.1298183872873,100.0,0.0,5.621975806451613,0.0,0.0,88.0,0.0,850.2643906212504,0.08126538135779215,100.0,1.0,5.097900063662247
203,2050,11,5,6.605295447056412E18,39.75903190000101,0.0028360462960976603,1.0,43.70438789360415,2.0,397.0093458834384,307.9133064516129,645.2102474082042,100.0,0.0,5.582661290322581,0.0,0.0,88.0,0.0,830.0688674176275,0.07791033184747932,100.0,1.0,5.09572140779276
205,2050,11,5,3.0688222562761073E18,40.64808002899484,0.005012989095448597,0.0,48.20570140111422,0.0,408.92151752467555,314.3971774193548,799.2307965243573,100.0,0.0,5.679435483870968,0.0,0.0,88.0,0.0,857.603847969224,0.07849284159386105,100.0,1.0,5.209666374935488
206,2050,11,5,4.898224502314156E18,37.597410346764505,0.0019861112175416137,2.0,38.260723953721346,7.0,417.40935166505705,314.664314516129,548.1408691956123,100.0,0.0,5.732862903225806,0.0,0.0,88.0,0.0,882.9227630568503,0.08662322871911045,100.0,1.0,4.818676904997077
216,2050,11,6,4.898742477016446E18,40.68865227445294,0.0023067481955920417,1.0,27.01554648120966,1.0,389.6098744215073,321.9022177419355,325.00128523679484,100.0,0.0,5.680443548387097,0.0,0.0,88.0,0.0,876.1605118529566,0.07471138287488308,100.0,1.0,5.214866321962951
219,2050,11,6,8.617806463867117E18,39.15881734552686,0.0032917279827047096,1.0,33.286775884710316,3.0,385.74650227819575,316.54737903225805,424.7098908492156,100.0,0.0,5.809475806451613,0.0,0.0,88.0,0.0,849.7678530566158,0.07686038484132258,100.0,1.0,5.0187948326639935
207,2050,11,6,8.507560024639921E18,38.26936168042892,0.004803667280970593,2.0,21.966624305442082,6.0,401.0301690514596,316.1340725806452,231.43466489371338,100.0,0.0,5.726814516129032,0.0,0.0,88.0,0.0,819.999577012424,0.0817628369219295,100.0,1.0,4.904797633604368
208,2050,11,6,5.859174576972996E18,38.04308038670936,0.00897325048085301,2.0,10.416716119314273,7.0,389.41184239085754,322.19959677419354,94.38367198952703,100.0,0.0,5.73991935483871,0.0,0.0,88.0,0.0,806.3718637049097,0.07986630724774182,100.0,1.0,4.87579626265828
209,2050,11,6,1.481964993321812E18,40.102895015520915,0.0016273577223164777,1.0,39.850049841502376,2.0,404.34719996303863,316.25504032258067,572.32992275119,100.0,0.0,5.751008064516129,0.0,0.0,88.0,0.0,862.5916777147669,0.07866994372810868,100.0,1.0,5.1397926679661
212,2050,11,6,1.0005304447219302E18,38.679439217288866,0.002346561318214702,1.0,33.48592543837597,5.0,417.931206641002,316.31048387096774,447.1524012943962,100.0,0.0,5.762096774193548,0.0,0.0,88.0,0.0,886.799406432164,0.08430527641832679,100.0,1.0,4.957355273556159
