id_sim,year,month,day,seed,Straw Value,Salinity Exposure,Max Flood Continuous,Profit Margin,Flood Stress,Methane Emissions,Labor Intensity,Net Income,AWD Adoption,Salinity Stress,Pesticide Usage,Resilient Varieties,Drought Stress,Fertilizer Usage,Water Usage,Production Cost,Emission Intensity,Water Reliability,Biodiversity,Avg Yield
297,2027,2,17,4.974214387304059E17,49.40278222008921,0.022993947178585765,0.0,45.96525418308032,0.0,313.20000000000584,259.5846774193548,802.9740624639105,0.0,0.0,6.116935483870968,0.0,0.0,132.0,751.0404867326145,943.2002223790048,0.041452040994838124,100.0,1.0,7.555719633660681
290,2027,2,18,2.9539370702862316E18,51.02222724873029,0.026607051609802406,0.0,44.17177935005643,0.0,316.0999999999996,253.50907258064515,718.5984238452459,0.0,0.0,4.601814516129032,0.0,0.0,132.0,753.7376574891788,907.5388374759086,0.040507986494437515,100.0,1.0,7.803399461570519
292,2027,2,18,1.0005304447219302E18,50.65689242597722,0.02073796002153294,0.0,46.398473300644405,0.0,316.0999999999996,254.9959677419355,783.4933198107033,0.0,0.0,4.899193548387097,0.0,0.0,132.0,733.2279098700991,904.5664458730432,0.040800127945626125,100.0,1.0,7.747524723972988
294,2027,2,18,4.281117921937587E18,50.42261978291585,0.014964595956019388,0.0,41.98361540414885,0.0,316.0999999999996,255.7923387096774,680.9255070063281,0.0,0.0,5.058467741935484,0.0,0.0,132.0,816.3266967297907,940.1576750639305,0.04098969274515885,100.0,1.0,7.711694790328308
280,2027,2,18,5.096996787781837E17,49.78645474158505,0.026607051609802406,0.0,44.593880784952134,0.0,316.0999999999996,259.1340725806452,731.2372039208377,0.0,0.0,5.726814516129032,0.0,0.0,132.0,711.7948329970247,907.7957721534652,0.04151345387084463,100.0,1.0,7.614398960477731
284,2027,2,18,3.1730362057635645E18,50.688898202567835,0.026607051609802406,0.0,43.144773360849314,0.0,316.0999999999996,257.59173387096774,702.2883331933076,0.0,0.0,5.418346774193548,0.0,0.0,132.0,785.2034815281298,924.9464760839902,0.04077436609586816,100.0,1.0,7.7524197250985925
285,2027,2,18,3.0688222562761073E18,50.22191696476852,0.02251019594737935,0.0,45.737659817048815,0.0,316.0999999999996,253.92741935483872,786.4843109248842,0.0,0.0,4.685483870967742,0.0,0.0,132.0,809.2534316956275,932.2714571347159,0.041153500647089745,100.0,1.0,7.680999065199895
298,2027,2,18,7.278710821350941E18,50.34141947601315,0.026607051609802406,0.0,49.612109108765814,0.0,316.0999999999996,257.86895161290323,908.0556282997288,0.0,0.0,5.473790322580645,0.0,0.0,132.0,744.7882257211411,921.8904907872403,0.041055808791654956,100.0,1.0,7.699275919860831
287,2027,2,19,8.507560024639921E18,50.949125419173484,0.026607051609802406,0.0,38.51271253629266,0.0,318.99999999999994,259.96875,595.571438125305,0.0,0.0,5.59375,0.0,0.0,132.0,838.3313268911204,950.0580105846734,0.04093827349555053,100.0,1.0,7.792219181755947
289,2027,2,19,1.481964993321812E18,50.236427059400505,0.02038546202824336,0.0,39.56267010596386,0.0,318.99999999999994,259.1421370967742,606.9059632115602,0.0,0.0,5.428427419354839,0.0,0.0,132.0,768.5523454366084,926.4783376659108,0.04151906002994549,100.0,1.0,7.6832182561436175
291,2027,2,19,6.492828447697523E18,50.828732066642814,0.026607051609802406,0.0,45.11137872800067,0.0,318.99999999999994,254.21774193548387,720.4597333176312,0.0,0.0,4.443548387096774,0.0,0.0,132.0,653.9499570966448,876.0802762584183,0.04103524022662082,100.0,1.0,7.773806080780656
293,2027,2,19,2.861374886328272E18,51.5044860492024,0.013353797606922724,0.0,48.32896194241954,0.0,318.99999999999994,258.3608870967742,850.6055277807457,0.0,0.0,5.272177419354839,0.0,0.0,132.0,724.6724543620267,908.918435964289,0.040496845823812036,100.0,1.0,7.877156689878025
281,2027,2,19,6.307363977605812E18,50.705431521161785,0.026607051609802406,0.0,46.46874423188201,0.0,318.99999999999994,259.63104838709677,809.6195374080382,0.0,0.0,5.526209677419355,0.0,0.0,132.0,751.7809214258648,932.0468087171896,0.04113502573977185,100.0,1.0,7.754948350295338
295,2027,2,19,2.797545246119503E18,51.05936263999437,0.014246740734024889,0.0,43.93954348034253,0.0,318.99999999999994,255.8508064516129,718.219713534839,0.0,0.0,4.770161290322581,0.0,0.0,132.0,731.9380708653583,915.5359646730893,0.04084988771746764,100.0,1.0,7.809078991999132
299,2027,2,19,8.617806463867117E18,51.523673449983946,0.026607051609802406,0.0,47.4472097787014,0.0,318.99999999999994,258.4717741935484,844.9333740677591,0.0,0.0,5.294354838709677,0.0,0.0,132.0,807.4981961011349,935.2774766680778,0.040481764810383104,100.0,1.0,7.880091233526957
282,2027,2,20,8.834479670273441E18,51.48836025832095,0.026607051609802406,0.0,51.71632234126471,0.0,321.90000000000083,258.1774193548387,955.0620102821979,0.0,0.0,4.935483870967742,0.0,0.0,132.0,724.9800513928159,891.1984517476862,0.04087779759680018,100.0,1.0,7.8746903924490885
283,2027,2,20,6.605295447056412E18,52.19570121027826,0.026607051609802406,0.0,48.58573813339919,0.0,321.90000000000083,256.4233870967742,848.3701060877651,0.0,0.0,4.584677419354839,0.0,0.0,132.0,705.9358254558523,897.2932556708306,0.04032383358069182,100.0,1.0,7.9828719498072624
286,2027,2,20,4.898224502314156E18,51.50916659434941,0.026607051609802406,0.0,44.74900641429991,0.0,321.90000000000083,259.68951612903226,737.5072368636704,0.0,0.0,5.237903225806452,0.0,0.0,132.0,686.0648965665946,909.9859601233031,0.04086128563884909,100.0,1.0,7.877872537959321
296,2027,2,20,4.898742477016446E18,51.626911040730846,0.014444653425517063,0.0,49.28152102988087,0.0,321.90000000000083,251.49899193548387,863.8955770146739,0.0,0.0,3.599798387096774,0.0,0.0,132.0,729.5887569095172,888.587819387451,0.04076809413544531,100.0,1.0,7.895880512111771
288,2027,2,21,5.859174576972996E18,52.58527789571473,0.026607051609802406,0.0,50.29436847291332,0.0,324.79999999999393,248.55342741935485,884.0008142765362,0.0,0.0,2.7106854838709675,0.0,0.0,132.0,765.264354662239,873.1194498690238,0.0403856819375168,100.0,1.0,8.04245426640343
291,2027,8,4,6.492828447697523E18,40.50882580174779,0.0019264170203634667,1.0,39.64426109923159,1.0,290.00000000000006,249.8608870967742,503.7094457955191,0.0,0.0,6.272177419354839,0.0,0.0,110.0,319.92981295918196,765.4668889718777,0.046926929214343695,100.0,1.0,6.1798205178820576
292,2027,8,4,1.0005304447219302E18,40.90501927523091,0.002623757450541813,0.0,42.054498281030874,0.0,290.00000000000006,249.84576612903226,572.2432544123325,0.0,0.03024193548387097,6.269153225806452,0.0,0.0,110.0,393.34091777389426,787.4084038106031,0.04647240936776374,96.9758064516129,1.0,6.240261779953306
293,2027,8,4,2.861374886328272E18,41.73042637640372,0.0038216569339237735,0.0,45.55645548530892,0.0,290.00000000000006,249.26612903225808,648.3090165833249,0.0,0.0,6.153225806451613,0.0,0.0,110.0,363.3468987065918,773.707795291278,0.04555320819893865,100.0,1.0,6.366181690947441
296,2027,8,4,4.898742477016446E18,41.97356652871896,0.0021885976782568327,0.0,45.29359224670683,0.0,290.00000000000006,248.47479838709677,644.1075840647163,0.0,0.03024193548387097,5.994959677419355,0.0,0.0,110.0,356.10012300912064,777.0931552325218,0.04528933226711009,96.9758064516129,1.0,6.403273916462733
287,2027,8,5,8.507560024639921E18,41.640912615477774,0.0021063968264913263,0.0,36.91150877260246,0.0,292.89999999999856,252.26310483870967,465.54324324683273,0.0,0.0,6.452620967741935,0.0,0.0,110.0,407.21786962647013,794.5151453749411,0.04610764338173259,100.0,1.0,6.352525926667568
288,2027,8,5,5.859174576972996E18,42.67766951730332,0.0021153348611157616,0.0,44.701302211288855,0.0,292.89999999999856,248.90625,636.2124737642091,0.0,0.0,5.78125,0.0,0.0,110.0,424.1412477469011,786.246634705473,0.04498756306704859,100.0,1.0,6.510688288749185
289,2027,8,5,1.481964993321812E18,41.88998690166908,0.002081960668411376,0.0,39.85461797999039,0.0,292.89999999999856,250.07056451612902,508.70967256988763,0.0,0.0,6.014112903225806,0.0,0.0,110.0,340.4673714445488,766.6840466504684,0.045833491270149816,100.0,1.0,6.390523433477932
280,2027,8,5,5.096996787781837E17,43.30027132262363,0.0029020861839757534,0.0,45.55185868476381,0.0,292.89999999999856,249.70262096774192,648.0532140479687,0.0,0.0,5.940524193548387,0.0,0.0,110.0,380.6297516001341,773.8462417023264,0.04434070019236093,100.0,1.0,6.605669254868009
281,2027,8,5,6.307363977605812E18,42.68997605784103,0.002081960668411376,0.0,44.07611430106657,0.0,292.89999999999856,248.68447580645162,645.026558052414,0.0,0.0,5.736895161290323,0.0,0.0,110.0,502.48514881757677,817.6158755493839,0.044974594184896306,100.0,1.0,6.5125657120073
282,2027,8,5,8.834479670273441E18,42.41687290066063,0.0026176343293036843,0.0,48.34972286690655,0.0,292.89999999999856,250.16129032258064,726.626998510221,0.0,0.0,6.032258064516129,0.0,0.0,110.0,360.09712443489,775.3370285341782,0.045264165358461284,100.0,1.0,6.470902482801363
284,2027,8,5,3.1730362057635645E18,42.720336985314525,0.0016052326441597536,0.0,42.54110372172183,0.0,292.89999999999856,250.8366935483871,582.3406598051494,0.0,0.0,6.167338709677419,0.0,0.0,110.0,397.28116430464826,785.6206836241462,0.04494263117878371,100.0,1.0,6.517197420748017
285,2027,8,5,3.0688222562761073E18,41.986191728849555,0.0037671076745814597,0.0,45.91625495622355,0.0,292.89999999999856,249.38004032258064,658.5043812628137,0.0,0.0,5.876008064516129,0.0,0.0,110.0,339.84509728905016,774.7693727130533,0.04572847095453749,100.0,1.0,6.405199952808285
286,2027,8,5,4.898224502314156E18,42.55707712443319,0.0014935503463470413,0.0,42.42372939773387,0.0,292.89999999999856,251.16431451612902,576.4910164564498,0.0,0.03024193548387097,6.232862903225806,0.0,0.0,110.0,341.2432680856437,781.2366875062036,0.04511504263675175,96.9758064516129,1.0,6.492291326383355
298,2027,8,5,7.278710821350941E18,42.76253120930234,0.001294094387201189,0.0,48.6648773522012,0.0,292.89999999999856,249.76310483870967,754.910108839343,0.0,0.0,5.952620967741935,0.0,0.0,110.0,425.28759915376196,795.6122387520127,0.04489828582800735,100.0,1.0,6.523634357044625
299,2027,8,5,8.617806463867117E18,42.420208051398824,0.0014077895326095114,0.0,45.65363935455981,0.0,292.89999999999856,250.625,667.8110518555288,0.0,0.03024193548387097,6.125,0.0,0.0,110.0,417.5516924656253,794.1614345645494,0.045260606610839735,96.9758064516129,1.0,6.47141127644211
290,2027,8,6,2.9539370702862316E18,43.036214763168076,0.0018616702242433753,0.0,42.60955700429237,0.0,295.7999999999945,254.01008064516128,583.4298343150929,0.0,0.0,6.502016129032258,0.0,0.0,110.0,336.0777324858354,784.7199151991183,0.04505447116211782,100.0,1.0,6.565386128618145
294,2027,8,6,4.281117921937587E18,42.584683188409514,0.00897325048085301,0.0,41.72122434667374,0.0,295.7999999999945,253.0171370967742,570.2888418300887,0.0,0.0,6.303427419354839,0.0,0.0,110.0,372.0893473459133,795.3475927595256,0.04553219025712057,100.0,1.0,6.496502767154623
283,2027,8,6,6.605295447056412E18,41.66384502394986,0.00897325048085301,2.0,43.16539906099806,2.0,295.7999999999945,253.13306451612902,600.4809406613357,0.0,0.0,6.326612903225806,0.0,0.0,110.0,370.622989799764,789.4297272579455,0.04653852508954148,100.0,1.0,6.356024378315958
295,2027,8,6,2.797545246119503E18,42.156320514756274,0.0023564208195517365,0.0,41.627461348022806,0.0,295.7999999999945,254.47883064516128,560.626711915008,0.0,0.0,6.595766129032258,0.0,0.0,110.0,315.0096737701481,784.8500428010428,0.04599485612827963,100.0,1.0,6.431153935453314
297,2027,8,6,4.974214387304059E17,43.28534384732353,0.0021982485254416918,0.0,48.915533724466435,0.0,295.7999999999945,251.73185483870967,746.8725884066291,0.0,0.0,6.046370967741935,0.0,0.0,110.0,327.4020506768361,779.2127950768758,0.044795159853945714,100.0,1.0,6.603391995127335
288,2028,2,17,5.859174576972996E18,50.28014113346813,0.026607051609802406,0.0,44.108319384742614,0.0,313.20000000000584,260.3155241935484,732.5146733571304,0.0,0.0,6.263104838709677,0.0,0.0,132.0,808.871591507652,927.5938978056647,0.040728727240645704,100.0,1.0,7.689903938059825
290,2028,2,17,2.9539370702862316E18,49.77826258117337,0.018554429295538598,0.0,39.036064190764016,0.0,313.20000000000584,257.61895161290323,610.7072899195366,0.0,0.0,5.723790322580645,0.0,0.0,132.0,795.5848844356733,953.0937814807586,0.041139365812673155,100.0,1.0,7.613146041826519
285,2028,2,17,3.0688222562761073E18,49.622852399992055,0.026607051609802406,0.0,46.77568076117854,0.0,313.20000000000584,259.0554435483871,818.0742573102002,0.0,0.0,6.011088709677419,0.0,0.0,132.0,699.9764418183954,930.2370175285484,0.04126820718283665,100.0,1.0,7.5893774258811275
289,2028,2,18,1.481964993321812E18,51.0544241098781,0.019005036864144665,0.0,43.70604677951539,0.0,316.0999999999996,252.60685483870967,701.5890398853006,0.0,0.0,4.421370967741935,0.0,0.0,132.0,758.1424405950819,903.1189214514072,0.040482440617869944,100.0,1.0,7.80832368739313
291,2028,2,18,6.492828447697523E18,50.49737330351048,0.026607051609802406,0.0,43.65334645810529,0.0,316.0999999999996,258.48891129032256,699.3471570752996,0.0,0.0,5.597782258064516,0.0,0.0,132.0,651.7798963070285,902.1037778280594,0.040929013869400795,100.0,1.0,7.723127681713367
292,2028,2,18,1.0005304447219302E18,49.57948532580856,0.026607051609802406,1.0,46.45607000694882,1.0,316.0999999999996,262.86391129032256,803.6662608775404,0.0,0.0,6.472782258064516,0.0,0.0,132.0,679.7411648969772,925.6506483269042,0.04168675166201881,100.0,1.0,7.5827448145354355
293,2028,2,18,2.861374886328272E18,49.984828965700494,0.02098470861683575,0.0,49.70836089179925,0.0,316.0999999999996,261.02923387096774,922.297450114752,0.0,0.0,6.105846774193548,0.0,0.0,132.0,701.9156018279131,932.5997334205997,0.041348699897041305,100.0,1.0,7.644738547695379
294,2028,2,18,4.281117921937587E18,50.1230304375509,0.020262087730592425,0.0,41.8592013099298,0.0,316.0999999999996,256.0846774193548,658.4585131011279,0.0,0.0,5.116935483870968,0.0,0.0,132.0,710.6049796187206,913.9385731696749,0.04123469140364052,100.0,1.0,7.665875243390128
280,2028,2,18,5.096996787781837E17,50.53914571668341,0.026607051609802406,0.0,43.266599281246485,0.0,316.0999999999996,258.0352822580645,701.1183661864011,0.0,0.0,5.507056451612903,0.0,0.0,132.0,754.6049957020052,918.652184566432,0.04089518457423029,100.0,1.0,7.7295164037280575
282,2028,2,18,8.834479670273441E18,50.74425482668741,0.026607051609802406,0.0,49.12485793482106,0.0,316.0999999999996,260.51512096774195,912.9288590119768,0.0,0.0,6.003024193548387,0.0,0.0,132.0,787.6385410907995,944.8804532144263,0.040729885567670474,100.0,1.0,7.760886032316903
283,2028,2,18,6.605295447056412E18,50.253662696399715,0.026607051609802406,0.0,44.18457186044635,0.0,316.0999999999996,259.22479838709677,742.4738935110936,0.0,0.0,5.744959677419355,0.0,0.0,132.0,734.0794210854141,937.249409267265,0.041127503577082745,100.0,1.0,7.685854294743488
286,2028,2,18,4.898224502314156E18,50.75148444761638,0.026607051609802406,0.0,41.149467690859616,0.0,316.0999999999996,255.5352822580645,653.3610978923596,0.0,0.0,5.007056451612903,0.0,0.0,132.0,774.7343644571583,933.7707134246018,0.04072408353771343,100.0,1.0,7.761991739047198
295,2028,2,18,2.797545246119503E18,50.2819654655324,0.026607051609802406,0.0,44.30680229732967,0.0,316.0999999999996,259.54233870967744,728.2229663278073,0.0,0.0,5.808467741935484,0.0,0.0,132.0,667.4905673743485,914.6225490058018,0.041104353681728226,100.0,1.0,7.69018295355202
287,2028,2,19,8.507560024639921E18,51.666383711304356,0.026607051609802406,0.0,46.806393044265185,0.0,318.99999999999994,253.9304435483871,792.2101504289925,0.0,0.0,4.386088709677419,0.0,0.0,132.0,756.257577460145,899.789704260174,0.04036994813540385,100.0,1.0,7.901917508787722
296,2028,2,19,4.898742477016446E18,51.023546027818576,0.015460808497495001,0.0,46.2434598598472,0.0,318.99999999999994,256.65725806451616,781.0645776687174,0.0,0.0,4.931451612903226,0.0,0.0,132.0,705.5802591467094,907.3463676112921,0.04087856280376999,100.0,1.0,7.803601157195781
298,2028,2,19,7.278710821350941E18,51.05434519975053,0.026607051609802406,0.0,50.094379255920416,0.0,318.99999999999994,259.83770161290323,934.6684412774125,0.0,0.0,5.567540322580645,0.0,0.0,132.0,745.1991928444888,930.659814247464,0.04085390229976792,100.0,1.0,7.808311618785363
299,2028,2,19,8.617806463867117E18,51.519774383368365,0.026607051609802406,0.0,50.81882723577774,0.0,318.99999999999994,258.960685483871,929.2658921849087,0.0,0.0,5.392137096774194,0.0,0.0,132.0,664.2782020983192,898.8144657504139,0.04048482850970239,100.0,1.0,7.879494905691647
281,2028,2,20,6.307363977605812E18,52.18688916048768,0.026607051609802406,0.0,49.289727072618525,0.0,321.90000000000083,258.66129032258067,872.3931771550008,0.0,0.0,5.032258064516129,0.0,0.0,132.0,662.5905841534353,897.0086321483718,0.04033064248681703,100.0,1.0,7.98152422454517
284,2028,2,20,3.1730362057635645E18,51.260099625721466,0.018606329797064617,1.0,45.210808090863594,1.0,321.90000000000083,261.31754032258067,730.4882861336306,0.0,0.0,5.563508064516129,0.0,0.0,132.0,644.3260832484447,884.5214791584011,0.04105982595817379,100.0,1.0,7.839779942757407
297,2028,2,20,4.974214387304059E17,51.95505737022715,0.026607051609802406,0.0,49.97096945482714,0.0,321.90000000000083,259.84576612903226,930.4582471969843,0.0,0.0,5.269153225806452,0.0,0.0,132.0,727.5743816051406,931.0099488759731,0.0405106042753961,100.0,1.0,7.946067597799448
297,2028,8,2,4.974214387304059E17,40.423782392956994,0.0027457926807995855,1.0,44.986138557931305,1.0,287.10000000000196,247.26209677419354,650.4006964603474,0.0,0.0,6.05241935483871,0.0,0.0,110.0,395.183503925644,794.2622028370503,0.046555397380952504,100.0,1.0,6.166846727796699
288,2028,8,3,5.859174576972996E18,41.884758644189795,0.0013061499972129601,0.0,42.18718814707177,0.0,290.00000000000006,248.39415322580646,576.5300942179424,0.0,0.0,5.97883064516129,0.0,0.0,110.0,437.0044600712003,789.0997404116273,0.045385358839079765,100.0,1.0,6.389725837097295
289,2028,8,3,1.481964993321812E18,41.5091106809361,0.004727739979374625,0.0,40.491942445460026,0.0,290.00000000000006,248.57560483870967,527.4115461255082,0.0,0.0,6.015120967741935,0.0,0.0,110.0,362.1865158016824,773.9795616108473,0.045796085962107796,100.0,1.0,6.332418893613514
292,2028,8,3,1.0005304447219302E18,41.25113048006271,0.004882073166949419,0.0,46.271960876095164,0.0,290.00000000000006,248.3991935483871,664.4675529348466,0.0,0.0,5.979838709677419,0.0,0.0,110.0,348.2591238820515,770.7251224174934,0.04608248983318314,100.0,1.0,6.293062745736809
283,2028,8,3,6.605295447056412E18,41.331411056031975,0.0022809482666123625,0.0,43.096810912499016,0.0,290.00000000000006,249.11491935483872,594.2697260518619,0.0,0.03024193548387097,6.122983870967742,0.0,0.0,110.0,353.24236576201446,783.7392284633858,0.04599298094076019,96.9758064516129,1.0,6.305309942261091
298,2028,8,3,7.278710821350941E18,41.4438515713403,0.0038878901563488078,0.0,49.20222178969217,0.0,290.00000000000006,248.45967741935485,743.5162020998724,0.0,0.0,5.991935483870968,0.0,0.0,110.0,333.29958561151886,766.8576156515795,0.04586819827019575,100.0,1.0,6.3224632956301745
287,2028,8,4,8.507560024639921E18,42.84513160857241,0.002197172008044332,0.0,44.90412224036669,0.0,292.89999999999856,250.00504032258064,628.8721689906137,0.0,0.0,6.001008064516129,0.0,0.0,110.0,358.6141454267569,770.7007101381572,0.044811727187697416,100.0,1.0,6.536235454017741
291,2028,8,4,6.492828447697523E18,41.91405006086208,0.0018585854351393996,1.0,39.973539440318305,1.0,292.89999999999856,250.2570564516129,530.4123540677637,0.0,0.014112903225806451,6.051411290322581,0.0,0.0,110.0,408.54591348161927,795.4738672351274,0.04580717793141967,98.58870967741935,1.0,6.394194386707571
293,2028,8,4,2.861374886328272E18,42.057905360512244,0.0013305531555238752,0.0,49.131863177556234,0.0,292.89999999999856,250.94254032258064,765.4182001131785,0.0,0.0,6.188508064516129,0.0,0.0,110.0,367.8717613633911,791.375449367553,0.04565049858063005,100.0,1.0,6.416140219863423
294,2028,8,4,4.281117921937587E18,42.22470052290455,0.0020486873243956666,0.0,40.861393687672404,0.0,292.89999999999856,250.22681451612902,540.327544167032,0.0,0.0,6.045362903225806,0.0,0.0,110.0,341.6193950337845,780.9476100232615,0.04547017089968144,100.0,1.0,6.441585641853187
281,2028,8,4,6.307363977605812E18,41.93958749166078,0.00897325048085301,1.0,44.50749002776529,1.0,292.89999999999856,249.85383064516128,631.6723221680279,0.0,0.0,5.970766129032258,0.0,0.0,110.0,384.27550166953944,786.7024319768911,0.04577928548644175,100.0,1.0,6.3980902473182
282,2028,8,4,8.834479670273441E18,41.856648234279554,0.004415969724829254,1.0,49.61186606768475,1.0,292.89999999999856,249.98487903225808,758.7062239151604,0.0,0.0,5.996975806451613,0.0,0.0,110.0,336.84894080588094,769.8467169171846,0.045869997478487384,100.0,1.0,6.3854374558744205
284,2028,8,4,3.1730362057635645E18,42.289081575644765,0.002434414129368696,1.0,41.19999912118145,1.0,292.89999999999856,250.35282258064515,542.4666710772248,0.0,0.0,6.070564516129032,0.0,0.0,110.0,333.9139857481713,773.245630482985,0.045400946944898705,100.0,1.0,6.4514072879466475
295,2028,8,4,2.797545246119503E18,42.609824355385186,0.0015921310292500018,0.0,43.90589334336058,0.0,292.89999999999856,250.49395161290323,610.0870045632498,0.0,0.0,6.098790322580645,0.0,0.0,110.0,339.55542899999995,778.5732502990376,0.045059194164964685,100.0,1.0,6.500338175771017
296,2028,8,4,4.898742477016446E18,41.60213792892861,0.004398652196496589,0.0,42.262998993447866,0.0,292.89999999999856,250.69556451612902,580.7201002449261,0.0,0.03024193548387097,6.139112903225806,0.0,0.0,110.0,386.5816528096292,792.4519371126368,0.04615061736116365,96.9758064516129,1.0,6.3466106576177195
290,2028,8,5,2.9539370702862316E18,43.4875867258102,0.00202922896446247,0.0,41.73139375390135,0.0,295.7999999999945,251.18245967741936,569.1488137974237,0.0,0.0,5.936491935483871,0.0,0.0,110.0,373.14059808804217,793.5781852117996,0.04458683599067276,100.0,1.0,6.634245140468673
280,2028,8,5,5.096996787781837E17,42.665095103125125,0.0025262529506906066,0.0,44.12206922025726,0.0,295.7999999999945,252.125,602.2349480850232,0.0,0.0,6.125,0.0,0.0,110.0,313.6675744781035,761.7202357891294,0.04544637466029779,100.0,1.0,6.508770000050347
286,2028,8,5,4.898224502314156E18,42.53198067023684,0.00897325048085301,0.0,39.391899081873866,0.0,295.7999999999945,251.7570564516129,523.0009653458033,0.0,0.0,6.051411290322581,0.0,0.0,110.0,394.5423565351508,803.7262414974779,0.04558861041547312,100.0,1.0,6.488462738921249
299,2028,8,5,8.617806463867117E18,42.6560905351345,0.0023008334566289885,0.0,49.31372232361587,0.0,295.7999999999945,251.34879032258064,744.8962351496973,0.0,0.0,5.969758064516129,0.0,0.0,110.0,311.19178100000124,764.850711329759,0.045455968248585436,100.0,1.0,6.507396308936828
285,2028,8,6,3.0688222562761073E18,43.775333028729975,0.0017020581336974604,1.0,48.2123830406567,1.0,298.7000000000056,253.25201612903226,742.0181872568613,0.0,0.0,6.050403225806452,0.0,0.0,110.0,361.43878472204716,796.3782768629678,0.04472800797879579,100.0,1.0,6.678142253543023
290,2029,2,15,2.9539370702862316E18,48.45959722676956,0.026607051609802406,0.0,42.794487946382866,0.0,310.2999999999942,260.78125,673.214017877063,0.0,0.0,6.65625,0.0,0.0,132.0,645.8202764914606,899.34184300075,0.04186755011376366,100.0,1.0,7.411467811152993
296,2029,2,15,4.898742477016446E18,49.358332109729645,0.026607051609802406,0.0,45.383628287313925,0.0,310.2999999999942,259.98487903225805,769.0915972077647,0.0,0.0,6.496975806451613,0.0,0.0,132.0,675.1752919189961,924.99657158257,0.04110521017756674,100.0,1.0,7.548921381488061
291,2029,2,16,6.492828447697523E18,49.404677583869734,0.026607051609802406,0.0,42.19888571410807,0.0,313.20000000000584,262.5282258064516,684.4287385881173,0.0,0.0,6.705645161290323,0.0,0.0,132.0,708.4466236076198,936.8784956814254,0.04145045072644696,100.0,1.0,7.556009512827139
293,2029,2,16,2.861374886328272E18,49.908425492229014,0.013518378998737214,0.0,53.97710129374528,0.0,313.20000000000584,261.258064516129,1087.4855837610385,0.0,0.0,6.451612903225806,0.0,0.0,132.0,641.9292737049594,926.6998806225255,0.04103207291452322,100.0,1.0,7.633053310576209
280,2029,2,16,5.096996787781837E17,49.40014160446966,0.026607051609802406,0.0,43.00396779145604,0.0,313.20000000000584,259.29233870967744,701.4053872719792,0.0,0.0,6.058467741935484,0.0,0.0,132.0,707.3765807131672,929.0023189550104,0.041454256755832995,100.0,1.0,7.555315774801239
281,2029,2,16,6.307363977605812E18,49.385110657590175,0.02008583873394777,0.0,46.753220173585696,0.0,313.20000000000584,262.0241935483871,812.4673131332513,0.0,0.0,6.604838709677419,0.0,0.0,132.0,651.4476684192573,924.5882729016517,0.04146687385282693,100.0,1.0,7.553016924102032
282,2029,2,16,8.834479670273441E18,49.83455271164257,0.012873182899633835,0.0,47.15758132976339,0.0,313.20000000000584,261.23790322580646,833.4498133882303,0.0,0.0,6.44758064516129,0.0,0.0,132.0,681.0308505791811,933.30746809599,0.04109289724532359,100.0,1.0,7.621755120604165
285,2029,2,16,3.0688222562761073E18,49.005169899356375,0.026607051609802406,0.0,47.76233576544141,0.0,313.20000000000584,257.96673387096774,859.0455949409238,0.0,0.0,5.793346774193548,0.0,0.0,132.0,723.0180758335972,938.8867135053061,0.04178836963634496,100.0,1.0,7.494908337548629
298,2029,2,16,7.278710821350941E18,49.366072548032015,0.026607051609802406,0.0,47.74241423071796,0.0,313.20000000000584,261.50504032258067,846.7458978345101,0.0,0.0,6.501008064516129,0.0,0.0,132.0,675.464956029974,926.2601786298554,0.0414828656230184,100.0,1.0,7.550105213228433
288,2029,2,17,5.859174576972996E18,49.46007534388962,0.026607051609802406,0.0,41.67774669046007,0.0,316.0999999999996,264.51209677419354,661.0945952122622,0.0,0.0,6.80241935483871,0.0,0.0,132.0,679.4568941526383,924.3216376984482,0.04178739474085792,100.0,1.0,7.564482111418412
292,2029,2,17,1.0005304447219302E18,50.330471698452115,0.02629155297411304,0.0,48.43643053526287,0.0,316.0999999999996,258.81149193548384,874.1654535999146,0.0,0.0,5.662298387096774,0.0,0.0,132.0,705.2022153187677,929.9597466869166,0.04106473916419207,100.0,1.0,7.697601553880921
294,2029,2,17,4.281117921937587E18,50.811694240158474,0.026607051609802406,0.0,44.480147679376806,0.0,316.0999999999996,257.5715725806452,746.886543204901,0.0,0.0,5.414314516129032,0.0,0.0,132.0,739.7287414368157,931.7259324268173,0.040675827153864356,100.0,1.0,7.771200295553644
283,2029,2,17,6.605295447056412E18,50.19651131439317,0.014904118232592774,0.0,44.959460959556694,0.0,316.0999999999996,258.1159274193548,753.2006799234858,0.0,0.0,5.523185483870968,0.0,0.0,132.0,693.000542828148,921.3209129282525,0.04117432941430456,100.0,1.0,7.677113495142483
284,2029,2,17,3.1730362057635645E18,50.08148858407952,0.026607051609802406,0.0,41.75403804788206,0.0,316.0999999999996,258.0352822580645,661.3802233462384,0.0,0.0,5.507056451612903,0.0,0.0,132.0,694.8206703551946,921.8488940000251,0.04126889496980145,100.0,1.0,7.659521783447462
297,2029,2,17,4.974214387304059E17,50.09515481041606,0.019116469252401784,0.0,49.93238007704909,0.0,316.0999999999996,263.93245967741933,917.1540539821925,0.0,0.0,6.686491935483871,0.0,0.0,132.0,659.8031875535382,919.0005157638927,0.04125763659438668,100.0,1.0,7.661611912181288
287,2029,2,18,8.507560024639921E18,50.77548732075271,0.026607051609802406,0.0,43.12520189124184,0.0,318.99999999999994,262.7258064516129,685.4405145281162,0.0,0.0,6.145161290322581,0.0,0.0,132.0,642.081585906832,903.4236501134634,0.04107827104825735,100.0,1.0,7.7656627667033415
289,2029,2,18,1.481964993321812E18,51.19725290468682,0.013052998245190463,0.0,39.944476041856454,0.0,316.0999999999996,259.03125,625.253269616135,0.0,0.0,5.40625,0.0,0.0,132.0,781.9429682193178,939.3850069329161,0.04036950373402723,100.0,1.0,7.830168091305038
295,2029,2,18,2.797545246119503E18,50.98466072364704,0.026607051609802406,0.0,45.11016000892892,0.0,318.99999999999994,260.3820564516129,739.0854998312723,0.0,0.0,5.676411290322581,0.0,0.0,132.0,613.0691972300511,898.582877812813,0.040909740325129514,100.0,1.0,7.797653993028372
299,2029,2,18,8.617806463867117E18,51.23855673714294,0.024410139091561908,0.0,52.6904573214444,0.0,318.99999999999994,258.2953629032258,988.4787062619072,0.0,0.0,5.259072580645161,0.0,0.0,132.0,629.1473734994536,886.9985625619909,0.04070702540411829,100.0,1.0,7.836485148033613
286,2029,2,20,4.898224502314156E18,51.86668897444609,0.026607051609802406,1.0,45.78095103000493,2.0,324.79999999999393,255.36290322580646,739.6890228061432,0.0,0.0,4.07258064516129,0.0,0.0,132.0,618.4161635667054,875.4597925843706,0.04094520683089244,100.0,1.0,7.932552431385888
292,2029,8,2,1.0005304447219302E18,39.92303110999979,0.0016404479855307175,0.0,45.44870450319941,0.0,284.2000000000052,240.21572580645162,649.2231928387499,0.0,0.0,6.143145161290323,0.0,0.0,100.1000000000013,411.8288574369505,778.2269879193104,0.04666318295829789,100.0,1.0,6.090454657882854
287,2029,8,3,8.507560024639921E18,40.73856366949194,0.0010779974148069436,0.0,41.76361941787506,0.0,287.10000000000196,241.45362903225808,531.4688338494672,0.0,0.0,6.090725806451613,0.0,0.0,100.1000000000013,333.15419561088186,740.1008444201501,0.046195670230627345,100.0,1.0,6.214868159000257
290,2029,8,3,2.9539370702862316E18,39.94867304467117,0.0014113322555604003,1.0,39.64508691533746,1.0,287.10000000000196,246.98487903225808,507.96715323130985,0.0,0.0,5.996975806451613,0.0,0.0,110.0,337.2249350089117,772.1968603602836,0.04710908046534743,100.0,1.0,6.094366461072985
299,2029,8,3,8.617806463867117E18,41.134855497013646,0.0021982485254416918,0.0,47.95087680545403,0.0,287.10000000000196,247.24193548387098,720.5846916610905,0.0,0.0,6.048387096774194,0.0,0.0,110.0,386.8288163996334,781.2657032708202,0.045750622682554316,100.0,1.0,6.275324425463596
288,2029,8,4,5.859174576972996E18,41.29298173396536,0.00332588972603894,1.0,42.075050889939355,1.0,290.00000000000006,249.06451612903226,555.9119694755016,0.0,0.0,6.112903225806452,0.0,0.0,110.0,340.5799640021697,764.3695721053284,0.046035784318069206,100.0,1.0,6.299447360260875
289,2029,8,4,1.481964993321812E18,41.216424948720395,0.00897325048085301,1.0,38.60048738140451,1.0,290.00000000000006,247.84979838709677,485.35704439203306,0.0,0.0,5.869959677419355,0.0,0.0,110.0,348.5636000597786,771.07611994618,0.046121292744819194,100.0,1.0,6.287768246317766
280,2029,8,4,5.096996787781837E17,41.27451436846261,0.0016962666315412153,1.0,41.75173616588909,2.0,290.00000000000006,248.0514112903226,567.6683312172307,0.0,0.03024193548387097,5.910282258064516,0.0,0.0,110.0,406.4073303494521,791.1199047826157,0.04605638200815033,96.9758064516129,1.0,6.296630072867653
281,2029,8,4,6.307363977605812E18,42.38238792405635,0.0027340799758845294,0.0,47.6287474023806,0.0,290.00000000000006,241.2701612903226,708.5709377053585,0.0,0.03024193548387097,5.754032258064516,0.0,0.0,100.1000000000013,430.93266011260533,778.4082420991648,0.044852470426183996,96.9758064516129,1.0,6.465641630091878
283,2029,8,4,6.605295447056412E18,41.75241029210732,0.0020002787518620243,0.0,43.365736142299724,0.0,290.00000000000006,249.51310483870967,603.0084114479906,0.0,0.03024193548387097,6.202620967741935,0.0,0.0,110.0,353.3138783951246,786.3060289911722,0.04552922304737341,96.9758064516129,1.0,6.369535445361179
296,2029,8,4,4.898742477016446E18,41.00639359646556,0.00776232740558221,0.0,44.92323265894298,0.0,290.00000000000006,248.63104838709677,631.1025028782983,0.0,0.0,6.026209677419355,0.0,0.0,110.0,334.57995155876733,772.7739511809285,0.04635752218694617,100.0,1.0,6.255726931014903
291,2029,8,5,6.492828447697523E18,42.04695781062102,0.003027412442932869,0.0,44.70717008129746,0.0,292.89999999999856,250.9375,615.7072409881191,0.0,0.0,6.1875,0.0,0.0,110.0,297.27992859480815,760.6577288474193,0.04566238436587579,100.0,1.0,6.414470117309234
293,2029,8,5,2.861374886328272E18,41.468197793425496,0.002498120957921217,1.0,52.03997805728449,2.0,292.89999999999856,249.87399193548387,869.107980358469,0.0,0.0,5.974798387096774,0.0,0.0,110.0,386.8278680494011,800.2232962847219,0.04629968146985002,100.0,1.0,6.326177431495564
294,2029,8,5,4.281117921937587E18,42.719010492818136,0.0022399526911764953,0.0,44.14510148373263,0.0,292.89999999999856,248.8508064516129,621.7292047340047,0.0,0.0,5.770161290322581,0.0,0.0,110.0,371.3805175853573,785.9695794431129,0.044944026718201205,100.0,1.0,6.516995057796666
282,2029,8,5,8.834479670273441E18,41.85823145392016,0.001734967223676141,1.0,46.906907388261885,1.0,292.89999999999856,251.32560483870967,694.7983965876975,0.0,0.0,6.265120967741935,0.0,0.0,110.0,330.83188815981293,785.4308502658025,0.0458682625203108,100.0,1.0,6.3856789838137065
284,2029,8,5,3.1730362057635645E18,41.84433440562845,0.0017932155237516002,0.0,39.49341867090021,0.0,292.89999999999856,251.1290322580645,521.528694600102,0.0,0.0,6.225806451612903,0.0,0.0,110.0,370.20607917232365,797.9579054005949,0.04588349596752302,100.0,1.0,6.383558920778775
285,2029,8,5,3.0688222562761073E18,42.34114929120924,0.0026753877402662563,0.0,49.77153355392171,0.0,292.89999999999856,249.2641129032258,771.6404307146944,0.0,0.0,5.852822580645161,0.0,0.0,110.0,319.89529424071014,777.8748382657931,0.04534511653803786,100.0,1.0,6.459350473921458
286,2029,8,5,4.898224502314156E18,41.842824490711045,0.002491185586022503,0.0,40.29615337296767,0.0,292.89999999999856,250.05040322580646,524.1703863929704,0.0,0.03024193548387097,6.01008064516129,0.0,0.0,110.0,311.5213499999967,775.5406053322479,0.045885151691673495,96.9758064516129,1.0,6.383328575835337
295,2029,8,5,2.797545246119503E18,42.8122349670389,0.00897325048085301,0.0,43.20607931520266,0.0,292.89999999999856,250.1209677419355,593.0075884783005,0.0,0.0,6.024193548387097,0.0,0.0,110.0,343.8533476157508,778.6828468758156,0.04484616022598486,100.0,1.0,6.531216909631559
297,2029,8,5,4.974214387304059E17,42.57215844191263,0.0014576430280787965,0.0,49.22883795384445,0.0,292.89999999999856,250.4233870967742,758.9122718353942,0.0,0.0,6.084677419354839,0.0,0.0,110.0,317.6382365096122,781.9937761161779,0.0450990604947603,100.0,1.0,6.494592055504755
298,2029,8,6,7.278710821350941E18,42.46661037026709,0.002412164107756193,0.0,49.02285557296823,0.0,295.7999999999945,253.35987903225808,746.2889302831726,0.0,0.0,6.371975806451613,0.0,0.0,110.0,305.6442321616971,775.0676770810751,0.045658786516463414,100.0,1.0,6.478490178299777
290,2030,2,16,2.9539370702862316E18,48.13133018093833,0.026607051609802406,0.0,35.88181082632118,0.0,310.2999999999942,261.81451612903226,526.6872604786273,0.0,0.0,6.862903225806452,0.0,0.0,132.0,667.3739447105477,940.2066611945513,0.0421530966993322,100.0,1.0,7.36126226296703
280,2030,2,16,5.096996787781837E17,48.92495690152144,0.026607051609802406,0.0,45.488545429095005,0.0,310.2999999999942,260.77620967741933,777.9439484939733,0.0,0.0,6.655241935483871,0.0,0.0,132.0,666.7212456400008,931.3667113591976,0.041469318398550996,100.0,1.0,7.482640467291515
283,2030,2,16,6.605295447056412E18,49.0801131851774,0.026607051609802406,0.0,44.693266099374284,0.0,310.2999999999942,261.0383064516129,768.6809605427997,0.0,0.0,6.707661290322581,0.0,0.0,132.0,708.4267956484006,950.6051472539193,0.04133822201529309,100.0,1.0,7.506370251850663
287,2030,2,17,8.507560024639921E18,49.825657973862334,0.015651206829295532,0.0,43.98856333321832,0.0,313.20000000000584,256.5806451612903,698.5267092078817,0.0,0.0,5.516129032258065,0.0,0.0,132.0,658.5219736266184,888.8559201395743,0.04110023303496477,100.0,1.0,7.620394748943649
288,2030,2,17,5.859174576972996E18,49.13270111462396,0.026607051609802406,0.0,44.953268600003845,0.0,313.20000000000584,262.25100806451616,725.3837590590203,0.0,0.0,6.650201612903226,0.0,0.0,132.0,653.6689836953657,887.6778172985155,0.04167990172306383,100.0,1.0,7.514413111648358
292,2030,2,17,1.0005304447219302E18,49.85283722904565,0.026607051609802406,0.0,47.095985127250366,0.0,313.20000000000584,258.05745967741933,823.2258724880912,0.0,0.0,5.811491935483871,0.0,0.0,132.0,665.1627302979256,924.2226178482589,0.04107782560975404,100.0,1.0,7.6245515762069855
293,2030,2,17,2.861374886328272E18,49.284631183881665,0.026607051609802406,0.0,51.52695502478475,0.0,313.20000000000584,261.1118951612903,988.7589486803301,0.0,0.0,6.422379032258065,0.0,0.0,132.0,664.4792086099851,929.6138667094287,0.04155141480526953,100.0,1.0,7.5376494751819125
294,2030,2,17,4.281117921937587E18,49.994378443737624,0.01975096564032239,0.0,44.7813061467533,0.0,313.20000000000584,259.72076612903226,749.6485079360642,0.0,0.0,6.144153225806452,0.0,0.0,132.0,684.3807663763959,923.5843478853352,0.04096152842765677,100.0,1.0,7.646199056101058
281,2030,2,17,6.307363977605812E18,48.87699176304736,0.017494978483270213,0.0,41.73959011209948,0.0,313.20000000000584,262.5282258064516,664.2844439788815,0.0,0.0,6.705645161290323,0.0,0.0,132.0,641.0342823262207,926.3042076306035,0.0418979581184952,100.0,1.0,7.475304622583709
282,2030,2,17,8.834479670273441E18,48.8677652726017,0.026607051609802406,0.0,45.142406299205504,0.0,313.20000000000584,259.5141129032258,781.258822255317,0.0,0.0,6.102822580645161,0.0,0.0,132.0,728.4688889570216,948.6110978992692,0.04190586867278624,100.0,1.0,7.473893512280263
286,2030,2,17,4.898224502314156E18,49.62200607197676,0.026607051609802406,0.0,42.19733986337624,0.0,313.20000000000584,258.98487903225805,687.091121046189,0.0,0.0,5.996975806451613,0.0,0.0,132.0,704.6784545820788,940.4084060881155,0.041268911032653295,100.0,1.0,7.589247987478805
295,2030,2,17,2.797545246119503E18,49.61857883809661,0.015913308379068406,1.0,41.9372627761482,1.0,313.20000000000584,257.2258064516129,662.0450306033594,0.0,0.0,5.645161290322581,0.0,0.0,132.0,688.1721459896515,915.9582229122167,0.04127176154174486,100.0,1.0,7.588723822297132
296,2030,2,17,4.898742477016446E18,49.65928697637426,0.009521166526293331,0.0,45.415715674358346,0.0,313.20000000000584,259.5897177419355,767.6893391802038,0.0,0.0,6.117943548387097,0.0,0.0,132.0,678.0732222208386,921.9549820885517,0.04123792906693289,100.0,1.0,7.594949772857262
298,2030,2,17,7.278710821350941E18,49.086046272885916,0.017574010310305407,0.0,49.70899076084657,0.0,313.20000000000584,258.445564516129,884.4062475598024,0.0,0.0,5.889112903225806,0.0,0.0,132.0,620.1190603697787,894.2349297390989,0.041719517242466905,100.0,1.0,7.507277665264903
299,2030,2,17,8.617806463867117E18,49.955919880531646,0.019786215439651495,1.0,51.93959446898651,1.0,313.20000000000584,260.1693548387097,967.2294432282235,0.0,0.0,6.233870967741935,0.0,0.0,132.0,616.9767946541659,894.5047079343875,0.04099306265891148,100.0,1.0,7.640317158198945
289,2030,2,18,1.481964993321812E18,50.70670424974195,0.022817698181940703,0.0,40.71019224517174,0.0,316.0999999999996,259.1743951612903,640.202368383613,0.0,0.0,5.734879032258065,0.0,0.0,132.0,710.3490166538292,931.7116968746642,0.04076004786523285,100.0,1.0,7.7551430029017165
291,2030,2,18,6.492828447697523E18,50.85595703382226,0.026607051609802406,0.0,47.968936476375745,0.0,316.0999999999996,260.5453629032258,814.3203927218591,0.0,0.0,6.009072580645161,0.0,0.0,132.0,553.351935513362,882.7542449974634,0.040640424698588175,100.0,1.0,7.777969899290466
284,2030,2,18,3.1730362057635645E18,50.36956786112393,0.024703562446039284,0.0,43.404994476410266,0.0,316.0999999999996,261.1149193548387,682.9996526624922,0.0,0.0,6.122983870967742,0.0,0.0,132.0,621.9039344129081,889.9606441363878,0.04103286528100012,100.0,1.0,7.703580966995418
285,2030,2,18,3.0688222562761073E18,50.81963778691452,0.02324069577388837,0.0,52.509671803862446,0.0,316.0999999999996,256.07459677419354,988.6701954757913,0.0,0.0,5.11491935483871,0.0,0.0,132.0,675.9784376465142,893.6965938103,0.04066946917201112,100.0,1.0,7.772415190939861
297,2030,2,19,4.974214387304059E17,50.45405266108539,0.026607051609802406,1.0,51.07713996938748,1.0,318.99999999999994,255.35685483870967,929.4016599174857,0.0,0.0,4.671370967741935,0.0,0.0,132.0,614.1957419751649,889.7252094132518,0.041339974110304885,100.0,1.0,7.716502171695416
287,2030,8,2,8.507560024639921E18,39.62030825186125,0.0018601265507572668,1.0,42.10911752447561,1.0,284.2000000000052,239.4546370967742,530.5916852799122,0.0,0.0,5.990927419354839,0.0,0.0,100.1000000000013,314.9586388682377,728.4734894490822,0.047019717592636956,100.0,1.0,6.044272797684976
289,2030,8,2,1.481964993321812E18,39.45090162859726,0.0020514975950738563,1.0,38.89824424139625,1.0,284.2000000000052,239.46975806451613,474.95874148491373,0.0,0.014112903225806451,5.993951612903226,0.0,0.0,100.1000000000013,320.7685929999972,744.9353556266099,0.04722162556572173,98.58870967741935,1.0,6.0184289845012575
286,2030,8,2,4.898224502314156E18,39.57025139518318,0.0018946897130179528,1.0,41.0983310652412,2.0,284.2000000000052,239.5,532.451534855766,0.0,0.0,6.0,0.0,0.0,100.1000000000013,342.9881733863549,762.0934407569864,0.04707919811605012,100.0,1.0,6.036636378118694
299,2030,8,2,8.617806463867117E18,39.466760134660134,0.0023404409183236875,1.0,49.238496048471255,1.0,284.2000000000052,239.45967741935485,722.7935162342114,0.0,0.0,5.991935483870968,0.0,0.0,100.1000000000013,359.6333451285201,744.320822766306,0.04720265100503365,100.0,1.0,6.02084827756175
288,2030,8,3,5.859174576972996E18,40.60196880823799,0.001692427476584882,0.0,40.65255226874825,0.0,287.10000000000196,247.15625,535.5575535929669,0.0,0.0,6.03125,0.0,0.0,110.0,415.37695207881956,780.7712185046648,0.04635108365886499,100.0,1.0,6.1940299414141515
291,2030,8,3,6.492828447697523E18,40.26618424084486,0.00897325048085301,0.0,40.14850828943843,0.0,287.10000000000196,248.0383064516129,538.6038506420025,0.0,0.0,6.207661290322581,0.0,0.0,110.0,428.82863168150567,801.6941461640342,0.046737610936481,100.0,1.0,6.142804354937755
293,2030,8,3,2.861374886328272E18,39.860503737318304,0.0030835912305336817,1.0,49.08245381342209,1.0,287.10000000000196,246.98991935483872,760.0749219458695,0.0,0.0,5.997983870967742,0.0,0.0,110.0,371.2852074543467,787.5512447272021,0.047213283237646196,100.0,1.0,6.080915799795059
294,2030,8,3,4.281117921937587E18,40.039569963820675,0.0029910834936176683,1.0,43.968097660902835,1.0,287.10000000000196,240.95967741935485,588.1327460413579,0.0,0.014112903225806451,5.991935483870968,0.0,0.0,100.1000000000013,331.1467727026506,748.5440081714866,0.04700213450458558,98.58870967741935,1.0,6.108233232939499
282,2030,8,3,8.834479670273441E18,40.825874364337004,0.0016092629987182697,0.0,45.954862452495576,0.0,287.10000000000196,240.94959677419354,662.8781488234182,0.0,0.0,5.98991935483871,0.0,0.0,100.1000000000013,390.877153341387,778.6669808537476,0.04609687562721787,100.0,1.0,6.228187834719192
284,2030,8,3,3.1730362057635645E18,40.1734239391459,0.0017594608785986318,1.0,38.68802517918274,2.0,287.10000000000196,240.8891129032258,479.67711008574565,0.0,0.014112903225806451,5.977822580645161,0.0,0.0,100.1000000000013,357.06475559354834,759.1918126533875,0.0468455279240327,98.58870967741935,1.0,6.128653314902955
295,2030,8,3,2.797545246119503E18,40.01514412126142,0.0077222465411816025,1.0,39.4717321747007,1.0,287.10000000000196,247.72076612903226,501.51770602533026,0.0,0.014112903225806451,6.144153225806452,0.0,0.0,110.0,318.3436637205649,767.8567045731094,0.04703082531059345,98.58870967741935,1.0,6.104506950579371
296,2030,8,3,4.898742477016446E18,40.10872743269642,0.001756705262500592,1.0,44.39780529599215,1.0,287.10000000000196,241.3326612903226,604.8259138568303,0.0,0.014112903225806451,6.066532258064516,0.0,0.0,100.1000000000013,352.8274377541762,756.4165141687271,0.04692109107932247,98.58870967741935,1.0,6.1187835447953445
290,2030,8,4,2.9539370702862316E18,41.39550873456497,0.0018380275462624026,0.0,37.94106076989951,0.0,290.00000000000006,248.48487903225808,477.88577229869566,0.0,0.0,5.996975806451613,0.0,0.0,110.0,332.20962340512807,780.5349165163318,0.04592176443932705,100.0,1.0,6.315088358226197
292,2030,8,4,1.0005304447219302E18,41.35858042639198,0.0020137456195810214,0.0,44.136940404877706,0.0,290.00000000000006,248.43951612903226,638.6624350048373,0.0,0.0,5.987903225806452,0.0,0.0,110.0,413.2930613395254,807.3828951015801,0.045962767129738055,100.0,1.0,6.3094547632744495
280,2030,8,4,5.096996787781837E17,41.749798184140275,0.0027027862894135513,1.0,46.38197091569326,1.0,290.00000000000006,248.49495967741936,675.2379529800053,0.0,0.0,5.998991935483871,0.0,0.0,110.0,351.4052985582179,779.7074957027286,0.04553207161793952,100.0,1.0,6.3691369554496795
281,2030,8,4,6.307363977605812E18,41.68204760232683,0.0038511804638854097,0.0,42.35613461252841,0.0,290.00000000000006,248.17237903225808,573.4480849751103,0.0,0.014112903225806451,5.934475806451613,0.0,0.0,110.0,350.9482539999933,779.5719791364352,0.04560608008251223,98.58870967741935,1.0,6.358801271131419
283,2030,8,4,6.605295447056412E18,41.0352258513076,0.0016604830645546012,0.0,45.13543297182315,0.0,290.00000000000006,248.48991935483872,647.5841186194488,0.0,0.0,5.997983870967742,0.0,0.0,110.0,358.28724621828025,786.2575824030675,0.04632495036929897,100.0,1.0,6.260125433230736
285,2030,8,4,3.0688222562761073E18,41.67451685907851,0.0018149778480689774,0.0,49.36236632767587,0.0,290.00000000000006,242.1673387096774,752.8150182988242,0.0,0.0,5.933467741935484,0.0,0.0,100.1000000000013,379.4595391677412,771.5193286196796,0.045614321274145685,100.0,1.0,6.3576524192276604
297,2030,8,4,4.974214387304059E17,41.59078152065869,0.0019355587749898663,1.0,47.25481696324512,1.0,290.00000000000006,248.37399193548387,707.1694473885367,0.0,0.0,5.974798387096774,0.0,0.0,110.0,348.8968355159523,788.6039128928162,0.045706157264935585,100.0,1.0,6.344878181707906
298,2030,8,5,7.278710821350941E18,42.302881926367185,0.00897325048085301,1.0,49.55560866416358,1.0,292.89999999999856,250.01008064516128,758.0631751590672,0.0,0.014112903225806451,6.002016129032258,0.0,0.0,110.0,331.1306734064071,770.9176031098938,0.04538613592109993,98.58870967741935,1.0,6.453512599292022
288,2031,2,15,5.859174576972996E18,48.08966047783625,0.026607051609802406,0.0,41.98900973530694,0.0,307.39999999999975,259.42237903225805,654.8749103204764,0.0,0.0,6.684475806451613,0.0,0.0,132.0,718.4255597682306,904.0873566419456,0.04179532683224951,100.0,1.0,7.354889249551415
299,2031,2,15,8.617806463867117E18,47.86688660613023,0.018737360288593206,0.0,47.5157429712838,0.0,307.39999999999975,259.8306451612903,839.5908318372007,0.0,0.0,6.766129032258065,0.0,0.0,132.0,677.7829788774167,926.7731991791342,0.041989843489542295,100.0,1.0,7.320817951525795
284,2031,2,16,3.1730362057635645E18,48.770373224082256,0.026607051609802406,0.0,40.230910514044155,0.0,310.2999999999942,258.26108870967744,625.1939557474672,0.0,0.0,6.152217741935484,0.0,0.0,132.0,694.751656474005,927.9022189525035,0.041600760487572754,100.0,1.0,7.4589982578008165
285,2031,2,16,3.0688222562761073E18,48.23565088081799,0.020226837931263484,0.0,49.22084284033037,0.0,310.2999999999942,261.2147177419355,913.9861457398994,0.0,0.0,6.742943548387097,0.0,0.0,132.0,671.4257952260815,942.2269577356094,0.04206193092320038,100.0,1.0,7.377217193536875
298,2031,2,16,7.278710821350941E18,49.37234358387696,0.009499179361444518,0.0,49.301558280296724,0.0,310.2999999999942,255.75100806451613,886.5623935411662,0.0,0.0,5.650201612903226,0.0,0.0,132.0,672.3291488894142,911.0634341265799,0.04109354484941098,100.0,1.0,7.551064312828246
287,2031,2,17,8.507560024639921E18,49.39282854488583,0.026607051609802406,0.0,48.431775994688735,0.0,313.20000000000584,257.2913306451613,825.5485112400876,0.0,0.0,5.658266129032258,0.0,0.0,132.0,673.1225084699803,878.5011181571297,0.04146039443732625,100.0,1.0,7.554197306864886
292,2031,2,17,1.0005304447219302E18,49.01316923064028,0.01699524460429018,0.0,46.14152998460655,0.0,313.20000000000584,263.5967741935484,818.546938714645,0.0,0.0,6.919354838709677,0.0,0.0,132.0,667.857037820379,954.8542753530224,0.04178154944867334,100.0,1.0,7.4961317646861625
293,2031,2,17,2.861374886328272E18,49.11363788718479,0.023504462552828932,0.0,53.29644679665042,0.0,313.20000000000584,259.21673387096774,1048.9747287752195,0.0,0.0,6.043346774193548,0.0,0.0,132.0,638.9750011648669,918.5318170383796,0.041696079580790524,100.0,1.0,7.51149755921652
280,2031,2,17,5.096996787781837E17,49.70075224778548,0.026607051609802406,1.0,46.05104563180023,1.0,313.20000000000584,257.991935483871,759.7194511979467,0.0,0.0,5.798387096774194,0.0,0.0,132.0,594.2256136694955,889.431508956571,0.04120352431763111,100.0,1.0,7.60129152024956
281,2031,2,17,6.307363977605812E18,47.89333296268646,0.014491858175273598,0.0,42.93362113664178,0.0,310.2999999999942,262.1905241935484,714.5763461764699,0.0,0.0,6.638104838709677,0.0,0.0,132.0,693.678818799799,949.0788565432125,0.04236256885619697,100.0,1.0,7.324862688410886
282,2031,2,17,8.834479670273441E18,49.21860717901785,0.026607051609802406,0.0,44.64417488038677,0.0,313.20000000000584,259.085685483871,750.7295632817952,0.0,0.0,6.017137096774194,0.0,0.0,132.0,699.2061866987386,930.1687979730098,0.04160715370099298,100.0,1.0,7.52755168620273
283,2031,2,17,6.605295447056412E18,49.59811796616177,0.026607051609802406,0.0,47.425140112320626,0.0,313.20000000000584,260.90020161290323,819.704902275549,0.0,0.0,6.380040322580645,0.0,0.0,132.0,569.9104760635572,908.0854015481739,0.04128878751494825,100.0,1.0,7.585594512471805
286,2031,2,17,4.898224502314156E18,48.67571171738562,0.026607051609802406,1.0,42.02070960513434,1.0,313.20000000000584,259.59979838709677,660.8751231024538,0.0,0.0,6.119959677419355,0.0,0.0,132.0,583.6033460883193,911.0818027303234,0.04207121132067099,100.0,1.0,7.444520615600156
290,2031,2,18,2.9539370702862316E18,50.79986430805633,0.026607051609802406,0.0,40.83765474931715,0.0,316.0999999999996,259.008064516129,620.076964786977,0.0,0.0,5.701612903225806,0.0,0.0,132.0,588.7616834019367,897.6996608076093,0.04068529946801302,100.0,1.0,7.76939101182035
291,2031,2,18,6.492828447697523E18,50.05329712134568,0.026607051609802406,0.0,45.25234725290299,0.0,316.0999999999996,260.18245967741933,753.2457450073138,0.0,0.0,5.936491935483871,0.0,0.0,132.0,637.8483194490084,910.7274898129479,0.041292138803505095,100.0,1.0,7.655210147970522
294,2031,2,18,4.281117921937587E18,49.733446279224815,0.026607051609802406,0.0,43.401045379291425,0.0,316.0999999999996,260.79737903225805,708.8264387567317,0.0,0.0,6.059475806451613,0.0,0.0,132.0,672.4301043686704,923.701690141257,0.041557701042951034,100.0,1.0,7.60629178388144
295,2031,2,18,2.797545246119503E18,50.729498503338796,0.019749254088517642,0.0,43.68090365988019,0.0,316.0999999999996,256.3820564516129,717.1808061664977,0.0,0.0,5.176411290322581,0.0,0.0,132.0,736.1851475941104,924.0790788232842,0.0407417331786093,100.0,1.0,7.758629182863583
296,2031,2,18,4.898742477016446E18,50.228610334327975,0.017210253305176188,1.0,49.815869460636165,1.0,316.0999999999996,255.61592741935485,866.7393478039875,0.0,0.0,5.023185483870968,0.0,0.0,132.0,582.7797443139896,872.6054933319868,0.041148016609473294,100.0,1.0,7.682022757014868
297,2031,2,18,4.974214387304059E17,50.209403634656994,0.015433324599653409,0.0,48.20332353807532,0.0,316.0999999999996,259.491935483871,877.1761589505428,0.0,0.0,5.798387096774194,0.0,0.0,132.0,709.2020644396955,941.9437978996458,0.04116375703935027,100.0,1.0,7.679085261771066
289,2031,2,19,1.481964993321812E18,50.62819277503077,0.026607051609802406,1.0,46.120879240253515,1.0,318.99999999999994,255.7298387096774,729.1861310558963,0.0,0.0,4.745967741935484,0.0,0.0,132.0,519.2015136570001,851.3239716519719,0.041197781639914915,100.0,1.0,7.743135365592922
289,2031,8,2,1.481964993321812E18,39.66515755265583,0.0024134616677926454,1.0,40.25534859006726,1.0,284.2000000000052,239.48487903225808,497.6211034266995,0.0,0.0,5.996975806451613,0.0,0.0,100.1000000000013,302.0799751054352,737.5178408507318,0.04696655250802112,100.0,1.0,6.051114779000834
290,2031,8,2,2.9539370702862316E18,40.309474909215844,0.001528662773569508,0.0,36.77969718274838,0.0,284.2000000000052,239.79737903225808,442.2603744138209,0.0,0.0,6.059475806451613,0.0,0.0,100.1000000000013,341.4430397422445,759.0472387836904,0.04621582665443799,100.0,1.0,6.149408559215163
291,2031,8,2,6.492828447697523E18,40.69121275450194,0.001845588334194368,0.0,43.170141851539924,0.0,284.2000000000052,239.4445564516129,582.89065165671,0.0,0.0,5.988911290322581,0.0,0.0,100.1000000000013,401.3115549468976,766.4327729218968,0.045782260562623044,100.0,1.0,6.207644544140926
292,2031,8,2,1.0005304447219302E18,40.177424474524216,0.0013788030855643872,0.0,46.254988016386534,0.0,284.2000000000052,239.19254032258064,671.1319922122757,0.0,0.014112903225806451,5.938508064516129,0.0,0.0,100.1000000000013,398.8459432783419,778.9016891044997,0.046367723399417846,98.58870967741935,1.0,6.129263616241582
293,2031,8,2,2.861374886328272E18,39.67262876739323,0.002513515540855188,1.0,51.416589313171016,1.0,284.2000000000052,239.3991935483871,815.4950296464533,0.0,0.014112903225806451,5.979838709677419,0.0,0.0,100.1000000000013,378.39384603698375,769.7881112013349,0.046957707689561465,98.58870967741935,1.0,6.052254549537602
284,2031,8,2,3.1730362057635645E18,40.267902988679474,0.001649494573686216,0.0,40.2727071961983,0.0,284.2000000000052,239.41431451612902,515.5263853555718,0.0,0.014112903225806451,5.982862903225806,0.0,0.0,100.1000000000013,379.11024715675705,763.5693917151395,0.04626353911350844,98.58870967741935,1.0,6.143066558369332
298,2031,8,2,7.278710821350941E18,39.947581774597545,0.0018493921024016952,1.0,48.32920682734822,1.0,284.2000000000052,239.33366935483872,701.5263866550551,0.0,0.014112903225806451,5.966733870967742,0.0,0.0,100.1000000000013,336.8606981686713,749.2745645206139,0.04663450507335511,98.58870967741935,1.0,6.094199982458579
288,2031,8,3,5.859174576972996E18,41.45681652862174,0.0011083560376547745,0.0,43.18295077097272,0.0,287.10000000000196,246.94959677419354,573.4808525826694,0.0,0.0,5.98991935483871,0.0,0.0,110.0,327.6508209015606,753.659387215465,0.045395315186489774,100.0,1.0,6.324441163599335
281,2031,8,3,6.307363977605812E18,39.91666606556622,0.0021173314018058088,1.0,44.12864593595861,2.0,287.10000000000196,246.99495967741936,610.7801149316268,0.0,0.0,5.998991935483871,0.0,0.0,110.0,315.0391310027913,772.2903355265851,0.04714685464597728,100.0,1.0,6.089483639063889
282,2031,8,3,8.834479670273441E18,40.58206189013599,0.0015770211741393694,0.0,43.46278992456979,0.0,287.10000000000196,240.98487903225808,601.3166010794469,0.0,0.014112903225806451,5.996975806451613,0.0,0.0,100.1000000000013,420.827222102617,781.1289130337883,0.046373820483544645,98.58870967741935,1.0,6.19099304319507
283,2031,8,3,6.605295447056412E18,40.5566364838742,0.00897325048085301,1.0,44.41466949345343,1.0,287.10000000000196,247.2923387096774,626.3209673928029,0.0,0.014112903225806451,6.058467741935484,0.0,0.0,110.0,338.3526294687749,782.9339078923484,0.046402892747122955,98.58870967741935,1.0,6.187114272478251
296,2031,8,3,4.898742477016446E18,39.40752938767033,0.002124349072171644,1.0,44.22823107185158,2.0,287.10000000000196,246.98487903225808,602.5315060320951,0.0,0.0,5.996975806451613,0.0,0.0,110.0,298.3521347866627,758.648368477918,0.04775598171688679,100.0,1.0,6.011812335929465
297,2031,8,3,4.974214387304059E17,40.307391154168904,0.001543386735612832,0.0,48.17888499220489,0.0,287.10000000000196,240.97479838709677,702.2675127361932,0.0,0.014112903225806451,5.994959677419355,0.0,0.0,100.1000000000013,314.42635600000585,754.4077522014696,0.046689830303011916,98.58870967741935,1.0,6.1490906721389695
287,2031,8,4,8.507560024639921E18,41.72386208682565,0.001485145726721781,0.0,45.27321500145404,0.0,290.00000000000006,249.17540322580646,643.9995900879309,0.0,0.0,6.13508064516129,0.0,0.0,110.0,380.11669535542916,777.4773483304394,0.04556037494800916,100.0,1.0,6.365180276302184
294,2031,8,4,4.281117921937587E18,41.56477075760517,0.0016917893063448323,0.0,42.983737003866025,0.0,290.00000000000006,248.66129032258064,585.3682460151754,0.0,0.014112903225806451,6.032258064516129,0.0,0.0,110.0,330.28931446602223,775.5727242594361,0.04573475966078755,98.58870967741935,1.0,6.340910111934899
280,2031,8,4,5.096996787781837E17,40.643259812822116,0.003025371031980115,0.0,42.810970837051016,0.0,290.00000000000006,248.77217741935485,576.3861834409431,0.0,0.0,6.054435483870968,0.0,0.0,110.0,320.3387767231922,768.8166205968296,0.04677171097272798,100.0,1.0,6.200329087150469
285,2031,8,4,3.0688222562761073E18,41.56302706870486,0.0018076652862314701,0.0,50.68281228078253,0.0,290.00000000000006,248.52520161290323,809.0036709523092,0.0,0.014112903225806451,6.005040322580645,0.0,0.0,110.0,346.3583998353985,786.3928533533164,0.0457366783659061,98.58870967741935,1.0,6.3406441036211625
295,2031,8,4,2.797545246119503E18,41.607750860136655,0.0030835912305336817,0.0,41.31379321222715,0.0,290.00000000000006,249.96673387096774,555.1798297315412,0.0,0.0,6.293346774193548,0.0,0.0,110.0,364.04245775398414,787.562890777571,0.045687516428004234,100.0,1.0,6.347466937866732
299,2031,8,4,8.617806463867117E18,40.92137155625577,0.001756705262500592,1.0,49.42340860762938,1.0,290.00000000000006,248.7016129032258,744.8433438469933,0.0,0.0,6.040322580645161,0.0,0.0,110.0,307.41255400000045,761.4064268486978,0.046453838878335374,100.0,1.0,6.242756400811625
286,2031,8,5,4.898224502314156E18,41.10987474502271,0.0032093170532378353,1.0,40.25236249217278,2.0,292.89999999999856,250.67540322580646,533.5723269909175,0.0,0.0,6.13508064516129,0.0,0.0,110.0,315.26478621259355,790.6968333008583,0.04670324005783544,100.0,1.0,6.271513488941728
299,2032,2,13,8.617806463867117E18,45.18430994366621,0.026607051609802406,0.0,42.71899056616644,0.0,301.6000000000007,257.53125,715.967116354083,0.0,0.0,6.90625,0.0,0.0,132.0,779.0613619599894,959.1581507333914,0.04364346832913042,100.0,1.0,6.910541520795993
288,2032,2,14,5.859174576972996E18,46.624009674363954,0.026607051609802406,0.0,38.245528978055646,0.0,304.49999999999994,258.6633064516129,561.1601026531824,0.0,0.0,6.832661290322581,0.0,0.0,132.0,713.402712503226,905.385075176784,0.04270249496701403,100.0,1.0,7.130730891373303
290,2032,2,14,2.9539370702862316E18,46.39953628298274,0.018288098968171497,0.0,31.476510854864028,0.0,304.49999999999994,258.56754032258067,419.0404482512033,0.0,0.0,6.813508064516129,0.0,0.0,132.0,581.7195768078221,911.1759780239121,0.04290908267528809,100.0,1.0,7.096399666809133
291,2032,2,15,6.492828447697523E18,48.76961134883175,0.026607051609802406,0.0,42.51336573306668,0.0,307.39999999999975,258.37399193548384,692.8917349666226,0.0,0.0,6.474798387096774,0.0,0.0,132.0,685.3810541112879,936.2525423193207,0.04121261214379602,100.0,1.0,7.458881735703678
283,2032,2,15,6.605295447056412E18,47.51385345854062,0.009696121699874927,0.0,44.701501718795974,0.0,307.39999999999975,259.9616935483871,775.9170106481482,0.0,0.0,6.792338709677419,0.0,0.0,132.0,691.9889675578611,959.1516962118911,0.042301832636599035,100.0,1.0,7.266824646600322
284,2032,2,15,3.1730362057635645E18,47.56172518694843,0.026607051609802406,0.0,39.12661491914107,0.0,307.39999999999975,259.5483870967742,600.7832775578775,0.0,0.0,6.709677419354839,0.0,0.0,132.0,680.6110275910812,933.9011583176687,0.04225925508426733,100.0,1.0,7.274146205062698
296,2032,2,15,4.898742477016446E18,47.95893250178412,0.026607051609802406,0.0,43.426556379463634,0.0,307.39999999999975,259.81048387096774,717.0217473241248,0.0,0.0,6.762096774193548,0.0,0.0,132.0,697.0187793245256,933.4763683565399,0.04190925385689732,100.0,1.0,7.334895559096398
287,2032,2,16,8.507560024639921E18,48.5701993634615,0.01634936000507941,0.0,44.6658795966594,0.0,310.2999999999942,261.76915322580646,744.6819817133337,0.0,0.0,6.85383064516129,0.0,0.0,132.0,683.1694773050151,921.91646734676,0.04177221098480544,100.0,1.0,7.428383432058821
289,2032,2,16,1.481964993321812E18,48.147181790117045,0.026607051609802406,0.0,41.670422453226166,0.0,310.2999999999942,260.6602822580645,630.4446716167383,0.0,0.0,6.632056451612903,0.0,0.0,132.0,589.9047266862949,881.7659315475487,0.04213921853679581,100.0,1.0,7.363686626723783
292,2032,2,16,1.0005304447219302E18,48.448106594239206,0.026607051609802406,0.0,48.66176295191721,0.0,310.2999999999942,258.7852822580645,869.0369995302852,0.0,0.0,6.257056451612903,0.0,0.0,132.0,608.7349784968363,916.2051343211975,0.041877480009215054,100.0,1.0,7.409710420295427
293,2032,2,16,2.861374886328272E18,48.69571683969188,0.026607051609802406,0.0,52.69804082088843,0.0,310.2999999999942,258.7147177419355,1025.817809062073,0.0,0.0,6.242943548387097,0.0,0.0,132.0,614.7483347604252,920.1631603509695,0.04166453945146221,100.0,1.0,7.447580222541121
294,2032,2,16,4.281117921937587E18,49.10837528478355,0.026607051609802406,0.0,42.56228916293085,0.0,310.2999999999942,258.195564516129,683.3688573045304,0.0,0.0,6.139112903225806,0.0,0.0,132.0,668.2646346639727,921.4896208072371,0.04131443167522659,100.0,1.0,7.51069269061396
282,2032,2,16,8.834479670273441E18,48.46226727951505,0.026607051609802406,0.0,43.65934027481889,0.0,310.2999999999942,261.6532258064516,715.8209575356531,0.0,0.0,6.830645161290323,0.0,0.0,132.0,620.9837990340806,923.1012792554214,0.04186524340024391,100.0,1.0,7.411876172161139
285,2032,2,16,3.0688222562761073E18,48.82511706049991,0.026607051609802406,0.0,50.546061486996244,0.0,310.2999999999942,260.61995967741933,980.598104891843,0.0,0.0,6.623991935483871,0.0,0.0,132.0,702.1177933449259,958.8547498570156,0.041554116764749564,100.0,1.0,7.467370844547039
286,2032,2,16,4.898224502314156E18,48.10734594709197,0.026607051609802406,0.0,37.83890744423756,0.0,310.2999999999942,261.42641129032256,598.7503010107312,0.0,0.0,6.785282258064516,0.0,0.0,132.0,739.2095857619238,982.6719074668566,0.04217411240303982,100.0,1.0,7.357594086025825
297,2032,2,16,4.974214387304059E17,49.12546860624724,0.017054828924427782,0.0,48.19903760408523,0.0,310.2999999999942,256.92540322580646,869.4387648185258,0.0,0.0,5.88508064516129,0.0,0.0,132.0,689.4907801755137,933.6444215238788,0.041300056222294566,100.0,1.0,7.513306963308401
298,2032,2,16,7.278710821350941E18,49.212826425983,0.026607051609802406,0.0,49.11355870705241,0.0,310.2999999999942,257.67137096774195,861.0673297693476,0.0,0.0,6.034274193548387,0.0,0.0,132.0,586.2354696786373,891.6131733460943,0.041226744382098446,100.0,1.0,7.526667571032682
280,2032,2,17,5.096996787781837E17,49.90271792394641,0.026607051609802406,0.0,43.59735920950453,0.0,313.20000000000584,261.258064516129,718.7559613135004,0.0,0.0,6.451612903225806,0.0,0.0,132.0,674.6273513672754,929.2201003787153,0.04103676591257384,100.0,1.0,7.632180388368277
281,2032,2,17,6.307363977605812E18,49.533771304899524,0.022888197780598606,0.0,48.268706330209554,0.0,313.20000000000584,261.6915322580645,880.7665817284484,0.0,0.0,6.538306451612903,0.0,0.0,132.0,686.3058889476374,943.2624470126553,0.041342423560703744,100.0,1.0,7.575753258396409
295,2032,2,17,2.797545246119503E18,49.2785861139328,0.01717318153722908,0.0,40.83640813605401,0.0,313.20000000000584,257.5584677419355,631.2420041876007,0.0,0.0,5.711693548387097,0.0,0.0,132.0,660.0511347587806,913.8062017637279,0.04155651197279776,100.0,1.0,7.536724935072068
293,2032,7,30,2.861374886328272E18,39.3207469973952,0.0031573717385126815,0.0,50.189644569157174,0.0,278.3999999999973,236.4546370967742,787.1077074624737,0.0,0.014112903225806451,5.990927419354839,0.0,0.0,100.1000000000013,410.10871468054023,780.2616998294825,0.046411036113771724,98.58870967741935,1.0,5.998573255669821
282,2032,7,30,8.834479670273441E18,39.4094332714143,0.0024436956647203275,1.0,42.882985946897655,2.0,278.3999999999973,235.55745967741936,570.5265729930844,0.0,0.0,5.811491935483871,0.0,0.0,100.1000000000013,384.8640181942039,758.8762275472632,0.04630659355967695,100.0,1.0,6.012102782754109
292,2032,7,31,1.0005304447219302E18,38.202321788941006,0.00430165411354411,1.0,46.43950114269455,3.0,281.29999999999484,237.9445564516129,652.5185988129837,0.0,0.0030241935483870967,5.988911290322581,0.0,0.0,100.1000000000013,324.0545257892808,751.626078900588,0.04826738456142501,99.69758064516128,1.0,5.827951991929722
280,2032,7,31,5.096996787781837E17,39.94045760923628,0.0018970931249160767,0.0,42.871550494565106,0.0,281.29999999999484,237.8639112903226,564.4477639709991,0.0,0.0,5.972782258064516,0.0,0.0,100.1000000000013,363.4113849891041,751.2057074262497,0.04616687607754679,100.0,1.0,6.093113156010241
284,2032,7,31,3.1730362057635645E18,38.66610277773908,0.001383053403337388,1.0,39.30944343798991,1.0,281.29999999999484,237.98991935483872,489.6870444306522,0.0,0.0,5.997983870967742,0.0,0.0,100.1000000000013,357.10115498155056,754.8094311917295,0.04768844089422195,100.0,1.0,5.898704061723221
286,2032,7,31,4.898224502314156E18,39.07501606612616,0.005110051526681703,1.0,39.816595032058835,2.0,281.29999999999484,237.8991935483871,510.57583555756463,0.0,0.0,5.979838709677419,0.0,0.0,100.1000000000013,341.7599060686715,770.6844991647572,0.04718938960397794,100.0,1.0,5.961085794088804
296,2032,7,31,4.898742477016446E18,39.766805653662296,0.00897325048085301,0.0,45.376176531951224,0.0,281.29999999999484,237.92943548387098,619.8470877253957,0.0,0.0,5.985887096774194,0.0,0.0,100.1000000000013,346.75945386201465,745.2640577528559,0.046368475582003514,100.0,1.0,6.066621696512549
288,2032,8,1,5.859174576972996E18,40.15897587591456,0.003251177710453992,1.0,41.12212316131184,2.0,284.2000000000052,239.33870967741936,513.2985182540457,0.0,0.0,5.967741935483871,0.0,0.0,100.1000000000013,336.4355002058654,734.1005926932861,0.04638902422940113,100.0,1.0,6.126449191830181
291,2032,8,1,6.492828447697523E18,40.37117302993137,0.0013612333860517276,1.0,45.07120034936805,1.0,284.2000000000052,239.4647177419355,606.6983613690489,0.0,0.0,5.992943548387097,0.0,0.0,100.1000000000013,297.698884955729,738.490930705955,0.04614519631506744,100.0,1.0,6.158820910838938
294,2032,8,1,4.281117921937587E18,39.56441527600511,0.001213913755526657,1.0,41.47914975177589,1.0,284.2000000000052,239.46975806451613,535.4041571811529,0.0,0.0,5.993951612903226,0.0,0.0,100.1000000000013,341.48643200000396,754.2928945023488,0.04708614273558002,100.0,1.0,6.03574604944765
283,2032,8,1,6.605295447056412E18,40.300356241695255,0.00897325048085301,0.0,47.77017964804969,0.0,284.2000000000052,239.47479838709677,701.6484374109675,0.0,0.0,5.994959677419355,0.0,0.0,100.1000000000013,343.96306314352165,766.2874528463085,0.046226283801638575,100.0,1.0,6.148017461657414
299,2032,8,1,8.617806463867117E18,39.315954082729924,0.0024503687823192377,2.0,49.13588941191378,2.0,284.2000000000052,239.48991935483872,714.7792940373624,0.0,0.0,5.997983870967742,0.0,0.0,100.1000000000013,317.0284739999962,739.1063058402644,0.04738370843082401,100.0,1.0,5.997842072975606
287,2032,8,2,8.507560024639921E18,39.99835079329483,0.00897325048085301,0.0,43.45335710480281,0.0,287.10000000000196,248.32560483870967,595.3279222135793,0.0,0.0,6.265120967741935,0.0,0.0,110.0,366.4998435517023,773.6768205627803,0.04705057122657027,100.0,1.0,6.101945045841901
289,2032,8,2,1.481964993321812E18,40.148034745611824,0.0016753641674482874,1.0,40.12074714500405,2.0,287.10000000000196,241.17137096774192,499.95548814509675,0.0,0.014112903225806451,6.034274193548387,0.0,0.0,100.1000000000013,319.1320682628487,745.2547242117406,0.04687515254158141,98.58870967741935,1.0,6.124780068615776
290,2032,8,2,2.9539370702862316E18,40.6187249867706,0.0011133065112720888,1.0,31.99808295181962,1.0,287.10000000000196,246.98487903225808,372.0717538924334,0.0,0.0,5.996975806451613,0.0,0.0,110.0,356.30816573813166,789.4751021072935,0.046331962747678854,100.0,1.0,6.196586178822851
281,2032,8,2,6.307363977605812E18,39.78369719124336,0.00421675304551364,1.0,46.8169830405678,3.0,287.10000000000196,246.9647177419355,684.4836860893494,0.0,0.0,5.992943548387097,0.0,0.0,110.0,334.56529668182924,776.8092071854638,0.04730443336873908,100.0,1.0,6.0691985836095155
285,2032,8,2,3.0688222562761073E18,40.673346541790096,0.0017137605960376348,0.0,51.70479587755602,0.0,287.10000000000196,240.91431451612902,833.7224593714078,0.0,0.0,5.982862903225806,0.0,0.0,100.1000000000013,372.31489456987964,777.8417781313611,0.04626974205359882,100.0,1.0,6.204918965561243
295,2032,8,2,2.797545246119503E18,39.952516775792134,0.004038366553039159,1.0,40.087529735479485,1.0,287.10000000000196,241.15625,501.293456298961,0.0,0.0,6.03125,0.0,0.0,100.1000000000013,319.82252135952405,748.1877220251564,0.04710454821923921,100.0,1.0,6.094952841151332
297,2032,8,2,4.974214387304059E17,40.37627717234269,0.0015535405957155552,0.0,47.072384787429826,0.0,287.10000000000196,247.35282258064515,696.3023753474606,0.0,0.0,6.070564516129032,0.0,0.0,110.0,322.98930060122024,781.9109438548883,0.04661017272375916,100.0,1.0,6.159599572855799
298,2032,8,2,7.278710821350941E18,40.410672678229595,0.002237718324402253,0.0,47.912948017650564,0.0,287.10000000000196,240.96975806451613,688.2420407493025,0.0,0.0,5.993951612903226,0.0,0.0,100.1000000000013,321.6457467440244,747.3211281646334,0.04657050051926314,100.0,1.0,6.1648467763675345
290,2033,2,13,2.9539370702862316E18,47.84569166341936,0.020790834720526386,0.0,37.05986780883779,0.0,304.49999999999994,254.09677419354838,528.0429879141142,0.0,0.0,5.919354838709677,0.0,0.0,132.0,576.1381272143509,896.206491610905,0.0416121382979972,100.0,1.0,7.317576372052372
293,2033,2,13,2.861374886328272E18,46.817818897493915,0.026607051609802406,0.0,51.26602400032165,0.0,304.49999999999994,257.7157258064516,971.8740854513811,0.0,0.0,6.643145161290323,0.0,0.0,132.0,587.8028853777148,923.1579274380169,0.04252572173045233,100.0,1.0,7.160372301969654
283,2033,2,13,6.605295447056412E18,45.24720573341255,0.01636350037503221,1.0,41.797343339430064,1.0,304.49999999999994,259.3034274193548,660.5752560643695,0.0,0.0,6.960685483870968,0.0,0.0,132.0,554.7021901058006,919.0323136218598,0.044001867213455906,100.0,1.0,6.9201608768748555
285,2033,2,13,3.0688222562761073E18,47.44277902972141,0.026607051609802406,0.0,49.43516750528061,0.0,304.49999999999994,258.74899193548384,911.3588303369398,0.0,0.0,6.849798387096774,0.0,0.0,132.0,687.2253600960385,931.5914601520346,0.04196553362133908,100.0,1.0,7.255954439839758
295,2033,2,13,2.797545246119503E18,46.58102134829082,0.026607051609802406,0.0,37.05612953777377,0.0,304.49999999999994,256.50100806451616,543.00017608353,0.0,0.0,6.400201612903226,0.0,0.0,132.0,622.1623246185111,921.4937723059085,0.042741903909210746,100.0,1.0,7.124156206209174
287,2033,2,14,8.507560024639921E18,47.573352213352706,0.026607051609802406,1.0,45.88042529108476,1.0,307.39999999999975,260.08266129032256,755.0386543741876,0.0,0.0,6.816532258064516,0.0,0.0,132.0,653.6944709029159,889.9936941947045,0.04224892683427366,100.0,1.0,7.275924456159847
294,2033,2,14,4.281117921937587E18,46.85422710100529,0.026607051609802406,0.0,39.723986451680645,0.0,307.39999999999975,260.24395161290323,603.2334522572622,0.0,0.0,6.848790322580645,0.0,0.0,132.0,593.4648410306514,914.4662357603221,0.0428973691656511,100.0,1.0,7.165940615447855
281,2033,2,14,6.307363977605812E18,47.915572737674914,0.017583102981592564,0.0,44.74126031747309,0.0,307.39999999999975,259.1905241935484,764.3481244799099,0.0,0.0,6.638104838709677,0.0,0.0,132.0,677.9951329984102,943.3271461552646,0.04194717838242019,100.0,1.0,7.328264065762031
286,2033,2,14,4.898224502314156E18,47.40551164774436,0.026607051609802406,0.0,41.69872764951063,0.0,307.39999999999975,258.24798387096774,681.0179383668266,0.0,0.0,6.449596774193548,0.0,0.0,132.0,652.011632188328,951.0649893668367,0.04239851036432634,100.0,1.0,7.250254722596171
299,2033,2,14,8.617806463867117E18,46.82831134706151,0.0135198432976638,1.0,47.62950498827808,1.0,307.39999999999975,260.62701612903226,813.1032112274844,0.0,0.0,6.925403225806452,0.0,0.0,132.0,567.1485203115726,893.3340934163876,0.042921109455064735,100.0,1.0,7.161977029550578
288,2033,2,15,5.859174576972996E18,48.14378441638846,0.026607051609802406,0.0,39.02393259054142,0.0,310.2999999999942,261.0181451612903,573.7927279747419,0.0,0.0,6.703629032258065,0.0,0.0,132.0,608.2269962333856,895.6675657763558,0.04214219218491539,100.0,1.0,7.363167028388825
291,2033,2,15,6.492828447697523E18,47.720952707426974,0.026607051609802406,0.0,41.61806187132337,0.0,310.2999999999942,262.2631048387097,652.7747113147229,0.0,0.0,6.952620967741935,0.0,0.0,132.0,583.5288249095771,915.0031437962479,0.04251559326200994,100.0,1.0,7.2984986493711865
280,2033,2,15,5.096996787781837E17,47.953149478468646,0.026607051609802406,0.0,42.75843691460818,0.0,310.2999999999942,259.929435483871,664.0894420324605,0.0,0.0,6.485887096774194,0.0,0.0,132.0,538.8573198966344,888.347439875749,0.04230972600236737,100.0,1.0,7.334011096706981
282,2033,2,15,8.834479670273441E18,47.881663715112545,0.026607051609802406,0.0,41.34025784984657,0.0,310.2999999999942,260.78125,627.9837287141216,0.0,0.0,6.65625,0.0,0.0,132.0,528.6809565474532,890.4383478105582,0.04237289304432044,100.0,1.0,7.323077979958372
296,2033,2,15,4.898742477016446E18,47.87371419606329,0.01520402949131566,1.0,48.37772554980553,1.0,310.2999999999942,259.23891129032256,846.0877310691349,0.0,0.0,6.347782258064516,0.0,0.0,132.0,603.4699070760854,902.1424320961638,0.04237992914181314,100.0,1.0,7.321862171162626
297,2033,2,15,4.974214387304059E17,47.2102465786593,0.019909589737302974,1.0,45.501433925332115,1.0,310.2999999999942,262.3538306451613,778.5397441726772,0.0,0.0,6.970766129032258,0.0,0.0,132.0,602.3833242188007,931.8195252787059,0.04297551405507172,100.0,1.0,7.220390653206728
298,2033,2,15,7.278710821350941E18,48.34788390459946,0.017977737574190848,0.0,45.87161417369066,0.0,310.2999999999942,260.9022177419355,789.983236866018,0.0,0.0,6.680443548387097,0.0,0.0,132.0,653.9661502850965,931.5251238586299,0.04196428988263456,100.0,1.0,7.394382244232874
292,2033,2,16,1.0005304447219302E18,49.462530345691135,0.026607051609802406,0.0,49.767951339909565,0.0,313.20000000000584,260.8649193548387,934.8594543120738,0.0,0.0,6.372983870967742,0.0,0.0,132.0,667.4730479109215,943.000817520845,0.04140196911750976,100.0,1.0,7.564857582282167
284,2033,2,16,3.1730362057635645E18,49.28051865025387,0.026607051609802406,0.0,42.18585706087122,0.0,313.20000000000584,260.1592741935484,683.3264966922331,0.0,0.0,6.231854838709677,0.0,0.0,132.0,662.2975968853195,935.7629327375405,0.04155488233352113,100.0,1.0,7.5370204994505885
289,2033,2,17,1.481964993321812E18,49.39937990923846,0.026607051609802406,0.0,41.48551533549036,0.0,316.0999999999996,261.4929435483871,643.6702557739305,0.0,0.0,6.198588709677419,0.0,0.0,132.0,591.7236268175374,907.1683889677794,0.041838737573326595,100.0,1.0,7.55519928023647
288,2033,7,31,5.859174576972996E18,38.3703051293503,0.001778994940692508,1.0,37.83218995759904,2.0,278.3999999999973,236.4445564516129,442.4185392245145,0.0,0.0,5.988911290322581,0.0,0.0,100.1000000000013,333.1886203048646,725.7746320063558,0.04756064886022164,100.0,1.0,5.853578676317073
295,2033,7,31,2.797545246119503E18,39.57758517113786,0.0034726201551288824,0.0,39.123584309716506,0.0,278.3999999999973,236.36895161290323,485.9937475498246,0.0,0.0,5.973790322580645,0.0,0.0,100.1000000000013,338.5133761809018,755.17161568864,0.046109852357728486,100.0,1.0,6.0377551816934965
289,2033,8,1,1.481964993321812E18,39.409897713390826,0.0026176343293036843,1.0,38.8117664001355,1.0,281.29999999999484,237.94959677419354,479.4318366903587,0.0,0.0,5.98991935483871,0.0,0.0,100.1000000000013,354.8379482051658,754.6734287353154,0.0467884025057894,100.0,1.0,6.012173635660844
293,2033,8,1,2.861374886328272E18,39.188314149671896,0.0018647652703352063,1.0,51.718161772108274,1.0,281.29999999999484,237.90927419354838,818.7170390634724,0.0,0.0,5.981854838709677,0.0,0.0,100.1000000000013,328.9523419411849,763.4915399454318,0.047052959458363554,100.0,1.0,5.978369973708304
294,2033,8,1,4.281117921937587E18,39.082121192687744,0.0018578158345451462,1.0,41.023117385218455,1.0,281.29999999999484,237.97479838709677,518.4140780785614,0.0,0.014112903225806451,5.994959677419355,0.0,0.0,100.1000000000013,308.2988500000008,744.3347505242921,0.04718081057665624,98.58870967741935,1.0,5.962169716074659
280,2033,8,1,5.096996787781837E17,38.940761609978146,0.0013509862211461999,1.0,40.59207477423983,1.0,281.29999999999484,237.9798387096774,510.96656550776993,0.0,0.0,5.995967741935484,0.0,0.0,100.1000000000013,334.62755263847606,746.5190840716849,0.04735208251431928,100.0,1.0,5.940604616807078
285,2033,8,1,3.0688222562761073E18,40.03350489497025,0.0013313428013135076,0.0,48.9425468092547,0.0,281.29999999999484,237.75806451612902,752.0357775898416,0.0,0.014112903225806451,5.951612903225806,0.0,0.0,100.1000000000013,408.517829667836,783.6561086211083,0.046059573393929666,98.58870967741935,1.0,6.107307976870412
296,2033,8,1,4.898742477016446E18,38.34304649799481,0.0017629175797353683,1.0,46.25250218586388,2.0,281.29999999999484,238.08568548387098,646.479976725785,0.0,0.0,6.017137096774194,0.0,0.0,100.1000000000013,351.4959834971058,750.1774115479226,0.0480902360489939,100.0,1.0,5.849420238100077
287,2033,8,2,8.507560024639921E18,39.88720051240383,0.00142886154153711,0.0,46.727501343418,0.0,284.2000000000052,239.48487903225808,636.834948878314,0.0,0.0,5.996975806451613,0.0,0.0,100.1000000000013,301.9798087000005,725.1779462332963,0.04670510040824796,100.0,1.0,6.084988524075981
290,2033,8,2,2.9539370702862316E18,39.21792438554421,0.0035893001923412164,1.0,34.984861220980626,1.0,284.2000000000052,239.65625,407.9002818978326,0.0,0.014112903225806451,6.03125,0.0,0.0,100.1000000000013,311.5251610000025,756.5732393224263,0.04750214944119826,98.58870967741935,1.0,5.982887160754892
291,2033,8,2,6.492828447697523E18,40.87922308106926,0.00897325048085301,0.0,43.854136628602205,0.0,284.2000000000052,239.30342741935485,587.8461236947389,0.0,0.0,5.960685483870968,0.0,0.0,100.1000000000013,344.3751933641671,751.7683594221033,0.04557170035353353,100.0,1.0,6.236326443719562
281,2033,8,2,6.307363977605812E18,39.55951271357545,0.002031066202094384,1.0,44.46894355668518,1.0,284.2000000000052,239.4445564516129,625.7582690435719,0.0,0.0,5.988911290322581,0.0,0.0,100.1000000000013,400.8595767108064,780.5525555367884,0.047091978064139464,100.0,1.0,6.034998139447947
282,2033,8,2,8.834479670273441E18,39.47074590603001,0.004866187896341116,1.0,39.85194433901103,1.0,284.2000000000052,239.61592741935485,498.0743296844982,0.0,0.0,6.023185483870968,0.0,0.0,100.1000000000013,321.97405340225794,750.4597217250881,0.04719788446286066,100.0,1.0,6.021456326578327
283,2033,8,2,6.605295447056412E18,39.15583216390822,0.0015317942097734787,1.0,42.28912123189554,2.0,284.2000000000052,240.24092741935485,577.0315001714606,0.0,0.0,6.148185483870968,0.0,0.0,100.1000000000013,386.3017803526005,786.470190684651,0.0475774770189381,100.0,1.0,5.973414687098269
284,2033,8,2,3.1730362057635645E18,38.98387352512815,0.001402508671593159,1.0,39.96407948471281,3.0,284.2000000000052,239.78729838709677,510.97790861453205,0.0,0.0,6.057459677419355,0.0,0.0,100.1000000000013,349.8856230680455,766.585126470283,0.047787342213054626,100.0,1.0,5.947181551401848
286,2033,8,2,4.898224502314156E18,40.0042806896592,0.0018201319433778953,1.0,43.4158617093601,2.0,284.2000000000052,239.33870967741936,596.8953517825636,0.0,0.0,5.967741935483871,0.0,0.0,100.1000000000013,333.8365470880296,776.8986948357148,0.0465684090007221,100.0,1.0,6.1028496806837085
297,2033,8,2,4.974214387304059E17,40.62236417559995,0.00279540513422213,0.0,47.159203358148226,0.0,284.2000000000052,239.17741935483872,692.6985482343149,0.0,0.014112903225806451,5.935483870967742,0.0,0.0,100.1000000000013,384.8584740000041,775.274400828301,0.045859854362063926,98.58870967741935,1.0,6.197141354969074
298,2033,8,2,7.278710821350941E18,39.4026920077851,0.0016822741808873352,0.0,46.363295593256005,0.0,284.2000000000052,239.7671370967742,649.3225814946519,0.0,0.0,6.053427419354839,0.0,0.0,100.1000000000013,325.13664546866846,750.1337142223413,0.047279401736502344,100.0,1.0,6.011074369847344
299,2033,8,2,8.617806463867117E18,39.560401226104275,0.0012096590025415205,1.0,48.63195099301817,1.0,284.2000000000052,239.4445564516129,699.7075937800125,0.0,0.014112903225806451,5.988911290322581,0.0,0.0,100.1000000000013,326.738936999993,738.2441363773582,0.047090920395075966,98.58870967741935,1.0,6.035133686402156
292,2033,8,3,1.0005304447219302E18,40.25865491365051,0.001979102443946409,1.0,49.112906576456595,3.0,287.10000000000196,246.91431451612902,749.1478538467042,0.0,0.0,5.982862903225806,0.0,0.0,110.0,308.6327830000035,775.4243079756433,0.04674635198274241,100.0,1.0,6.141655719060005
280,2034,2,13,5.096996787781837E17,46.22152549101436,0.026607051609802406,1.0,41.277882467028824,1.0,301.6000000000007,250.77520161290323,638.0652856206959,0.0,0.0,6.755040322580645,0.0,0.0,100.0,710.765884892782,906.9454177751115,0.04266410463634247,100.0,1.0,7.06917448686101
288,2034,2,14,5.859174576972996E18,47.311461213004954,0.026607051609802406,0.0,40.198776531303324,0.0,304.49999999999994,258.55745967741933,588.260361113409,0.0,0.0,6.811491935483871,0.0,0.0,132.0,583.6347592159136,874.4608211430057,0.042082013267310855,100.0,1.0,7.235870538459584
289,2034,2,14,1.481964993321812E18,46.117534919837894,0.026607051609802406,1.0,40.62420819878285,2.0,304.49999999999994,257.28729838709677,612.7028452242845,0.0,0.0,6.557459677419355,0.0,0.0,132.0,543.7428472100995,894.6718292325722,0.043171464865202666,100.0,1.0,7.0532700465634415
291,2034,2,14,6.492828447697523E18,46.64296476861237,0.026607051609802406,0.0,38.1824001822131,0.0,304.49999999999994,258.2600806451613,568.5312743925284,0.0,0.0,6.752016129032258,0.0,0.0,132.0,633.9794054113996,919.6351523162344,0.042685141228443524,100.0,1.0,7.133629905787787
292,2034,2,14,1.0005304447219302E18,47.384646183042385,0.0235460633715066,0.0,47.110665473863854,0.0,304.49999999999994,257.9375,807.3885936152027,0.0,0.0,6.6875,0.0,0.0,132.0,558.1477534945064,905.8386250190703,0.042017018144878494,100.0,1.0,7.247063533877065
282,2034,2,14,8.834479670273441E18,46.249857676789304,0.026607051609802406,1.0,37.32402060206223,1.0,304.49999999999994,259.09173387096774,553.2051274378553,0.0,0.0,6.918346774193548,0.0,0.0,132.0,625.4011733303008,927.9941505583012,0.043047949517490254,100.0,1.0,7.073507644685434
296,2034,2,14,4.898742477016446E18,46.801037458979785,0.026607051609802406,0.0,45.510899330970226,0.0,304.49999999999994,259.03629032258067,760.0073301198569,0.0,0.0,6.907258064516129,0.0,0.0,132.0,607.322112644789,909.1416169422606,0.04254097016987232,100.0,1.0,7.157805729020445
299,2034,2,14,8.617806463867117E18,46.08067310857,0.02101662844376182,0.0,47.982675619144466,0.0,304.49999999999994,258.9657258064516,842.2339829620812,0.0,0.0,6.893145161290323,0.0,0.0,132.0,695.3897335501277,912.3740324738025,0.043205999482053344,100.0,1.0,7.0476323577812705
287,2034,2,15,8.507560024639921E18,46.377631550953815,0.026607051609802406,0.0,41.805636733754966,0.0,307.39999999999975,260.2086693548387,656.6332290408906,0.0,0.0,6.841733870967742,0.0,0.0,132.0,654.8668427677948,913.2734485715243,0.04333820011301846,100.0,1.0,7.0930495313223485
290,2034,2,15,2.9539370702862316E18,47.37922036306647,0.026607051609802406,1.0,38.874706795924304,1.0,307.39999999999975,259.3921370967742,571.6583684359866,0.0,0.0,6.678427419354839,0.0,0.0,132.0,497.23392212884215,898.0854148916524,0.042422037794650376,100.0,1.0,7.24623370258664
293,2034,2,15,2.861374886328272E18,47.91617465543671,0.026607051609802406,0.0,53.29712077911144,0.0,307.39999999999975,257.43145161290323,1055.5910060654421,0.0,0.0,6.286290322580645,0.0,0.0,132.0,598.6218521066501,924.4025733162241,0.041946651446538724,100.0,1.0,7.32835612377267
294,2034,2,15,4.281117921937587E18,48.16712553519018,0.01131122629709682,0.0,40.03499828185905,0.0,307.39999999999975,259.1905241935484,613.7002791915412,0.0,0.0,6.638104838709677,0.0,0.0,132.0,600.2722205417126,918.4597138159131,0.04172810925689673,100.0,1.0,7.366736846558495
281,2034,2,15,6.307363977605812E18,47.6429233471476,0.026607051609802406,0.0,41.95868747643322,0.0,307.39999999999975,260.4304435483871,676.2632462969616,0.0,0.0,6.886088709677419,0.0,0.0,132.0,618.3382728310659,934.8062710883233,0.04218723234671973,100.0,1.0,7.286564747210815
284,2034,2,15,3.1730362057635645E18,48.54235550196292,0.026607051609802406,0.0,39.6536086119603,0.0,307.39999999999975,257.73891129032256,612.6878724083591,0.0,0.0,6.347782258064516,0.0,0.0,132.0,631.7508906777177,931.5721984702325,0.041405553070901095,100.0,1.0,7.4241249591237475
286,2034,2,15,4.898224502314156E18,47.89696749451304,0.019275093349382048,0.0,43.85772179365839,0.0,307.39999999999975,259.68951612903226,744.7276149658351,0.0,0.0,6.737903225806452,0.0,0.0,132.0,613.8576457025011,952.6504414365417,0.041963472471473855,100.0,1.0,7.325418557984345
295,2034,2,15,2.797545246119503E18,48.17230827881519,0.020310726419696418,0.0,43.402126008598394,0.0,307.39999999999975,258.6663306451613,694.2765056039785,0.0,0.0,6.533266129032258,0.0,0.0,132.0,568.0144557619924,904.6748668460575,0.041723619829257375,100.0,1.0,7.367529501465862
297,2034,2,15,4.974214387304059E17,47.462570969487444,0.026607051609802406,0.0,47.964996867599844,0.0,307.39999999999975,260.3195564516129,878.7732094697552,0.0,0.0,6.863911290322581,0.0,0.0,132.0,683.0655145652847,952.6455948422687,0.04234753903692257,100.0,1.0,7.25898144239219
298,2034,2,15,7.278710821350941E18,47.96661168841923,0.026607051609802406,0.0,46.07464854240422,0.0,307.39999999999975,258.9233870967742,787.2343917118201,0.0,0.0,6.584677419354839,0.0,0.0,132.0,628.7370661450458,920.730396376288,0.04190254441942039,100.0,1.0,7.336070022934704
283,2034,2,16,6.605295447056412E18,49.12632101810239,0.017988475673875525,0.0,48.366064210771206,0.0,310.2999999999942,258.0241935483871,853.5947182594541,0.0,0.0,6.104838709677419,0.0,0.0,132.0,533.7406433904654,910.6986781092799,0.04129933960731478,100.0,1.0,7.513437332180369
285,2034,2,16,3.0688222562761073E18,48.05149357481148,0.020350212228914952,0.0,49.35398385964844,0.0,310.2999999999942,261.07862903225805,935.1156056646691,0.0,0.0,6.715725806451613,0.0,0.0,132.0,692.0196468700465,959.0331025223278,0.04222313323571947,100.0,1.0,7.349051958500559
297,2034,7,30,4.974214387304059E17,38.18210887047561,9.124720846911736E-4,1.0,47.22649684842269,1.0,275.50000000000006,234.93951612903226,694.5029000028685,0.0,0.0,5.987903225806452,0.0,0.0,100.1000000000013,410.96722430665534,775.0935753107615,0.047297205794294986,100.0,1.0,5.824868411850897
289,2034,7,31,1.481964993321812E18,38.72103108593064,0.00897325048085301,1.0,41.082974012722204,1.0,278.3999999999973,236.3639112903226,519.0489724105139,0.0,0.0,5.972782258064516,0.0,0.0,100.1000000000013,312.75329119322004,743.3709020362236,0.04712985573309475,100.0,1.0,5.907083645166005
290,2034,7,31,2.9539370702862316E18,39.38290101069815,0.0014729564151104784,0.0,36.95593130573795,0.0,278.3999999999973,235.84979838709677,450.75484612715735,0.0,0.0,5.869959677419355,0.0,0.0,100.1000000000013,360.2069417792941,767.8508568870217,0.04633779031211698,100.0,1.0,6.008055155948984
295,2034,7,31,2.797545246119503E18,39.01524551699997,0.0012038168071978818,1.0,41.954368889978674,2.0,278.3999999999973,236.26310483870967,542.3772298885845,0.0,0.0020161290322580645,5.952620967741935,0.0,0.0,100.1000000000013,335.0561415548425,749.3592478256198,0.046774448929750474,99.79838709677419,1.0,5.951967502986944
296,2034,7,31,4.898742477016446E18,39.624514158406555,0.0013317379757870303,0.0,47.54719031996369,0.0,278.3999999999973,236.28326612903226,670.6341254432309,0.0,0.0,5.956653225806452,0.0,0.0,100.1000000000013,328.47310632374257,738.9965542514645,0.04605524251025869,100.0,1.0,6.044914429404739
287,2034,8,1,8.507560024639921E18,39.90950297627375,0.0017705703395526926,0.0,45.22493870629439,0.0,281.29999999999484,237.90423387096774,609.8014631295566,0.0,0.0020161290322580645,5.980846774193548,0.0,0.0,100.1000000000013,350.9763547784529,737.7438271869905,0.04620268405803848,99.79838709677419,1.0,6.088390874578495
291,2034,8,1,6.492828447697523E18,37.95563806571185,0.0022961234597883855,1.0,38.89914733033216,4.0,281.29999999999484,237.84375,470.2600992984421,0.0,0.0,5.96875,0.0,0.0,100.1000000000013,312.4642215400004,737.6745305205396,0.04858108705046066,100.0,1.0,5.790319177251252
292,2034,8,1,1.0005304447219302E18,39.015708802579276,0.0011671761811723482,1.0,45.42990911548059,2.0,281.29999999999484,237.90927419354838,639.6652801871003,0.0,0.0,5.981854838709677,0.0,0.0,100.1000000000013,369.0722946007893,767.414120699507,0.04726112157173527,100.0,1.0,5.95203817947959
281,2034,8,1,6.307363977605812E18,39.86697490735585,0.0012261889151206629,1.0,42.31933845637038,1.0,281.29999999999484,238.04032258064515,569.5220585847827,0.0,0.0020161290322580645,6.008064516129032,0.0,0.0,100.1000000000013,377.5646336135636,775.19508656848,0.046251970740471215,99.79838709677419,1.0,6.081903008596622
282,2034,8,1,8.834479670273441E18,38.48191172740296,0.0023890443239757762,1.0,39.08307506703063,3.0,281.29999999999484,237.95967741935485,480.82295705112716,0.0,0.0,5.991935483870968,0.0,0.0,100.1000000000013,306.57933800000137,748.4873151646084,0.047916698369563006,100.0,1.0,5.870604811509266
285,2034,8,1,3.0688222562761073E18,37.79099636832155,0.003995213927361099,1.0,48.74317490327493,4.0,281.29999999999484,237.89415322580646,724.683595703863,0.0,0.0020161290322580645,5.97883064516129,0.0,0.0,100.1000000000013,335.316394042823,761.2428213301351,0.04879273726881144,99.79838709677419,1.0,5.765202276934014
299,2034,8,1,8.617806463867117E18,39.35569933503156,0.0018756794483388388,1.0,48.44623785494652,1.0,281.29999999999484,237.36491935483872,717.3000911435357,0.0,0.0,5.872983870967742,0.0,0.0,100.1000000000013,409.92319545922527,762.5097251736959,0.04685283677032257,100.0,1.0,6.003905406602302
288,2034,8,2,5.859174576972996E18,39.65247942246639,0.00897325048085301,0.0,41.290650224837265,0.0,284.2000000000052,239.48487903225808,505.40521066973685,0.0,0.0,5.996975806451613,0.0,0.0,100.1000000000013,310.55673626703646,717.4282619891434,0.04698156917471935,100.0,1.0,6.04918066791461
283,2034,8,2,6.605295447056412E18,39.123571661422,0.0015157517704143626,1.0,45.47171985461437,2.0,284.2000000000052,239.64616935483872,637.7029347634608,0.0,0.0,6.029233870967742,0.0,0.0,100.1000000000013,299.6305590000059,763.8091367168495,0.04761670844006044,100.0,1.0,5.968493188851012
284,2034,8,2,3.1730362057635645E18,38.231374286380515,0.0014501051197241455,1.0,36.56593872352758,4.0,284.2000000000052,240.0141129032258,444.1288783041693,0.0,0.0,6.102822580645161,0.0,0.0,100.1000000000013,331.0654627995464,769.0400706025977,0.04872792934360689,100.0,1.0,5.832384093236507
286,2034,8,2,4.898224502314156E18,39.69676974329297,0.0015271018517449017,0.0,44.3425728147687,0.0,284.2000000000052,239.48487903225808,622.755003413499,0.0,0.0,5.996975806451613,0.0,0.0,100.1000000000013,329.1052403586163,780.470645518327,0.04692915108666981,100.0,1.0,6.055937374088407
298,2034,8,2,7.278710821350941E18,38.68993091022124,0.0027457926807995855,1.0,45.51402299014759,2.0,284.2000000000052,239.48991935483872,625.8950440105998,0.0,0.0020161290322580645,5.997983870967742,0.0,0.0,100.1000000000013,319.8621500000008,748.2722447318562,0.0481504014380026,99.79838709677419,1.0,5.9023391604727315
293,2034,8,3,2.861374886328272E18,40.9281713628059,0.00897325048085301,0.0,54.16080868245707,0.0,287.10000000000196,241.11592741935485,914.1397413944713,0.0,0.0020161290322580645,6.023185483870968,0.0,0.0,100.1000000000013,328.2602206188826,772.8240628675414,0.045981659826989194,99.79838709677419,1.0,6.243793744728784
294,2034,8,3,4.281117921937587E18,39.55064168119217,0.008937500478937262,1.0,39.67401780129103,2.0,287.10000000000196,240.98487903225808,498.25490357607265,0.0,0.0020161290322580645,5.996975806451613,0.0,0.0,100.1000000000013,311.600549999998,756.6438932101938,0.0475831787538405,99.79838709677419,1.0,6.033644819847806
280,2034,8,3,5.096996787781837E17,40.43934781214425,0.002500905931118457,0.0,42.06177380163193,0.0,287.10000000000196,247.44354838709677,567.5827104866264,0.0,0.0,6.088709677419355,0.0,0.0,110.0,337.22471237676814,780.7378001697094,0.04653747784676449,100.0,1.0,6.169221309013473
292,2035,2,11,1.0005304447219302E18,44.753041652728406,0.026607051609802406,0.0,44.04590313367926,0.0,295.7999999999945,248.21370967741936,695.8797347965963,0.0,0.0,6.842741935483871,0.0,0.0,100.0,621.0593500966677,883.2846938732065,0.04321665861473293,100.0,1.0,6.844582841005523
283,2035,2,12,6.605295447056412E18,44.224661733473035,0.026607051609802406,1.0,42.29808709134805,1.0,298.7000000000056,249.63810483870967,661.8133034759179,0.0,0.0,6.827620967741935,0.0,0.0,100.0,623.385818726616,901.9429069043209,0.04416175014087824,100.0,1.0,6.76377179453118
287,2035,2,13,8.507560024639921E18,46.16933152846506,0.016283385318116506,0.0,45.19793179401725,0.0,301.6000000000007,250.36189516129033,713.2132097413188,0.0,0.0,6.672379032258065,0.0,0.0,100.0,720.532302575384,864.1538737862361,0.042712335975325845,100.0,1.0,7.061191880824071
289,2035,2,13,1.481964993321812E18,45.175041217699025,0.026607051609802406,0.0,33.145794641468825,0.0,301.6000000000007,257.50604838709677,460.8752368723747,0.0,0.0,6.901209677419355,0.0,0.0,132.0,623.1685805041442,928.6827611425119,0.04365242281676985,100.0,1.0,6.909123950942209
293,2035,2,13,2.861374886328272E18,45.9136035928027,0.026607051609802406,1.0,50.07634155203276,1.0,301.6000000000007,257.4203629032258,940.7035511063697,0.0,0.0,6.884072580645161,0.0,0.0,132.0,663.8308099274319,937.2409541599636,0.04295023360590948,100.0,1.0,7.022080549487486
281,2035,2,13,6.307363977605812E18,45.08777851016138,0.026607051609802406,1.0,43.58178111083024,2.0,301.6000000000007,257.6421370967742,695.1392214934838,0.0,0.0,6.928427419354839,0.0,0.0,132.0,519.0323878368916,899.1768894137992,0.04373690754259665,100.0,1.0,6.8957778897893895
286,2035,2,13,4.898224502314156E18,46.1354823859921,0.026607051609802406,0.0,43.03443973457867,0.0,301.6000000000007,257.3649193548387,725.0863833241247,0.0,0.0,6.872983870967742,0.0,0.0,132.0,642.6317821376749,958.8017370743057,0.04274367358947903,100.0,1.0,7.05601495315173
288,2035,2,14,5.859174576972996E18,46.758187502666615,0.026607051609802406,0.0,39.05354498143055,0.0,304.49999999999994,259.12701612903226,554.1078470017984,0.0,0.0,6.925403225806452,0.0,0.0,132.0,541.6349430800217,863.937767710973,0.04257995540028147,100.0,1.0,7.151252206290171
290,2035,2,14,2.9539370702862316E18,47.613220726243924,0.026607051609802406,0.0,35.794872436326656,0.0,304.49999999999994,254.6209677419355,527.6547282351646,0.0,0.0,6.024193548387097,0.0,0.0,132.0,681.3414948632616,945.5791364272499,0.041815309027480645,100.0,1.0,7.282021993425548
282,2035,2,14,8.834479670273441E18,46.20607160570422,0.025285184134967244,0.0,36.31433538594987,0.0,304.49999999999994,259.3790322580645,526.6414045932396,0.0,0.0,6.975806451612903,0.0,0.0,132.0,588.2752470202462,922.693741205758,0.04308874287022812,100.0,1.0,7.066810951460647
285,2035,2,14,3.0688222562761073E18,46.47075312961729,0.026607051609802406,0.0,48.32943407638373,0.0,304.49999999999994,258.491935483871,880.3841335063281,0.0,0.0,6.798387096774194,0.0,0.0,132.0,636.4075580178392,940.452466800488,0.042843324120620634,100.0,1.0,7.107291655117934
295,2035,2,14,2.797545246119503E18,46.45719771526291,0.026607051609802406,0.0,39.91641728700363,0.0,304.49999999999994,258.53225806451616,627.3246811211723,0.0,0.0,6.806451612903226,0.0,0.0,132.0,655.1555789377423,943.4260772054906,0.04285582506857572,100.0,1.0,7.105218474099016
296,2035,2,14,4.898742477016446E18,45.95080329007983,0.013389068010415431,1.0,42.98350216418056,1.0,304.49999999999994,258.9909274193548,700.0315230193038,0.0,0.0,6.898185483870968,0.0,0.0,132.0,643.4410415208744,927.7774698571358,0.04332811171750203,100.0,1.0,7.0277699149533825
297,2035,2,14,4.974214387304059E17,47.00438812701306,0.026607051609802406,0.0,47.682251452249155,0.0,304.49999999999994,257.60987903225805,838.3688922366135,0.0,0.0,6.621975806451613,0.0,0.0,132.0,613.3436707811078,919.2191005229479,0.042356929167584455,100.0,1.0,7.1889064194255194
298,2035,2,14,7.278710821350941E18,45.67793556831165,0.026607051609802406,1.0,45.097461134975696,1.0,304.49999999999994,258.3659274193548,749.4291329870913,0.0,0.0,6.773185483870968,0.0,0.0,132.0,625.8602254510627,911.7034678663304,0.04358694222255385,100.0,1.0,6.9860372045653145
299,2035,2,14,8.617806463867117E18,45.96422619039368,0.026607051609802406,0.0,46.368678733619355,0.0,304.49999999999994,258.5725806451613,794.9059493447593,0.0,0.0,6.814516129032258,0.0,0.0,132.0,666.2477458623468,918.7842346881266,0.04331545863982456,100.0,1.0,7.029822829119032
294,2035,2,15,4.281117921937587E18,46.17780919193438,0.013658650723717839,1.0,39.607877278506,1.0,307.39999999999975,258.78729838709677,595.2284920297003,0.0,0.0,6.557459677419355,0.0,0.0,132.0,545.0863475669777,906.7413388256363,0.04352573480844432,100.0,1.0,7.062488464648776
280,2035,2,15,5.096996787781837E17,47.975620861350016,0.026607051609802406,0.0,43.23628582075735,0.0,307.39999999999975,259.85584677419354,694.5980289380628,0.0,0.0,6.77116935483871,0.0,0.0,132.0,575.7206354205366,911.2007497060938,0.04189467568813276,100.0,1.0,7.337447896441768
284,2035,2,15,3.1730362057635645E18,48.13745326003801,0.026607051609802406,1.0,38.22495965804247,1.0,307.39999999999975,259.6290322580645,585.3264392752427,0.0,0.0,6.725806451612903,0.0,0.0,132.0,647.9228805540254,945.2204149651092,0.041753830765942114,100.0,1.0,7.362198733888165
291,2035,2,16,6.492828447697523E18,48.76989316109921,0.026607051609802406,0.0,42.99713206869804,0.0,310.2999999999942,261.1290322580645,688.3365547358219,0.0,0.0,6.725806451612903,0.0,0.0,132.0,576.0089516706173,911.9722172520824,0.041601169981707,100.0,1.0,7.4589248364034075
287,2035,7,30,8.507560024639921E18,38.55208900193157,0.0016962666315412153,1.0,44.205860710737134,2.0,275.50000000000006,234.3548387096774,575.3625002248613,0.0,0.0,5.870967741935484,0.0,0.0,100.1000000000013,346.4312589727912,725.2983799358682,0.046843299744835476,100.0,1.0,5.881310699730845
290,2035,7,30,2.9539370702862316E18,37.57262801845439,0.0011199763455882476,1.0,34.46491482776133,3.0,275.50000000000006,234.8891129032258,400.07194435902164,0.0,0.0,5.977822580645161,0.0,0.0,100.1000000000013,317.7459509597634,759.5528350514172,0.048064432970194776,100.0,1.0,5.731889111660597
281,2035,7,30,6.307363977605812E18,38.55449843145991,0.001984354374359358,1.0,44.06870430624431,1.0,275.50000000000006,234.85887096774192,599.6855479207112,0.0,0.0,5.971774193548387,0.0,0.0,100.1000000000013,349.4901192113925,760.1689275256394,0.046840372313946804,100.0,1.0,5.881678270050161
288,2035,7,31,5.859174576972996E18,38.37223852659108,2.862280855136542E-4,1.0,37.20528751706406,2.0,278.3999999999973,236.3639112903226,432.30038836732064,0.0,0.0,5.972782258064516,0.0,0.0,100.1000000000013,368.13178082303665,728.4837071120434,0.047558252502052104,100.0,1.0,5.853873625570757
291,2035,7,31,6.492828447697523E18,38.400384833652545,0.0017209916534048793,1.0,41.178058565758384,1.0,278.3999999999973,236.42439516129033,517.9605229766069,0.0,0.0,5.984879032258065,0.0,0.0,100.1000000000013,315.099706186297,738.9065210769742,0.04752339375821338,100.0,1.0,5.858167483080518
292,2035,7,31,1.0005304447219302E18,39.07705015062909,0.0019738782403988142,0.0,44.455252823764695,0.0,278.3999999999973,236.45967741935485,611.8981059039606,0.0,0.0,5.991935483870968,0.0,0.0,100.1000000000013,355.2867577525108,763.4997657884088,0.0467004700171109,100.0,1.0,5.961396103679308
293,2035,7,31,2.861374886328272E18,38.39281217990285,0.003419683872276313,1.0,50.66821880218565,1.0,278.3999999999973,236.37399193548387,786.2103278833134,0.0,0.0,5.974798387096774,0.0,0.0,100.1000000000013,318.2486954934432,764.4914096583934,0.047532767341066644,100.0,1.0,5.857012237523765
294,2035,7,31,4.281117921937587E18,38.43089058088865,0.0017170398930067027,1.0,38.8070077272122,1.0,278.3999999999973,236.4647177419355,484.330341643365,0.0,0.0,5.992943548387097,0.0,0.0,100.1000000000013,342.7191382867963,762.5078992295881,0.04748567054608158,100.0,1.0,5.862821284787992
283,2035,7,31,6.605295447056412E18,38.709112033373266,0.0038249149534752996,1.0,43.85621734925612,1.0,278.3999999999973,236.48991935483872,599.2178595912777,0.0,0.0,5.997983870967742,0.0,0.0,100.1000000000013,334.4460743233026,766.0551895643223,0.04714436764509683,100.0,1.0,5.905265335104178
286,2035,7,31,4.898224502314156E18,38.126817103023996,0.001504569161779512,1.0,44.73573533531329,2.0,278.3999999999973,236.40927419354838,621.4125356739097,0.0,0.0,5.981854838709677,0.0,0.0,100.1000000000013,306.4282365899999,766.6546861551243,0.0478643838531133,100.0,1.0,5.816433380911243
295,2035,7,31,2.797545246119503E18,38.690135218755366,0.0037702733112827793,1.0,42.31563093127109,1.0,278.3999999999973,236.43447580645162,552.5929251310372,0.0,0.0,5.986895161290323,0.0,0.0,100.1000000000013,323.8022578043344,752.244175036382,0.047167491108481514,100.0,1.0,5.902370328743991
297,2035,7,31,4.974214387304059E17,39.55028861434589,0.0010599161919268877,0.0,48.15479100079748,0.0,278.3999999999973,236.43951612903226,710.7544441922955,0.0,0.0,5.987903225806452,0.0,0.0,100.1000000000013,374.59746011811853,764.3749290229155,0.04614167615087,100.0,1.0,6.033590957764721
289,2035,8,1,1.481964993321812E18,38.04245665345313,0.0013554759034521138,1.0,35.645389884843034,3.0,281.29999999999484,237.95967741935485,416.50662132590236,0.0,0.0,5.991935483870968,0.0,0.0,100.1000000000013,313.479027,750.7019168636616,0.04847021772866352,100.0,1.0,5.803563779612325
280,2035,8,1,5.096996787781837E17,38.40135132133104,0.00897325048085301,1.0,40.04294731778676,3.0,281.29999999999484,237.77822580645162,513.7941402790208,0.0,0.0,5.955645161290323,0.0,0.0,100.1000000000013,385.4890245381431,768.2967290662249,0.048017220578950436,100.0,1.0,5.858314925527151
282,2035,8,1,8.834479670273441E18,39.07044890774731,0.0024463605454888306,1.0,37.66712728547831,2.0,281.29999999999484,236.6491935483871,460.80593593385106,0.0,0.0,5.729838709677419,0.0,0.0,100.1000000000013,355.84730263999467,761.6126903025437,0.04719490582972267,100.0,1.0,5.960389051625909
284,2035,8,1,3.1730362057635645E18,39.922802361674194,0.002442365400341049,0.0,39.94854475516533,0.0,281.29999999999484,237.67741935483872,506.20387544144944,0.0,0.0,5.935483870967742,0.0,0.0,100.1000000000013,321.29808866517993,759.9495039290629,0.046187292671024734,100.0,1.0,6.090419761201252
285,2035,8,1,3.0688222562761073E18,39.52600642867823,0.0015887483145986252,2.0,50.88095043895983,2.0,281.29999999999484,237.9647177419355,786.4507428052591,0.0,0.0,5.992943548387097,0.0,0.0,100.1000000000013,315.6142853978684,758.362490324211,0.046650960305169055,100.0,1.0,6.029886590969618
296,2035,8,1,4.898742477016446E18,40.0515104574911,0.0018342703354155782,0.0,47.377501297185354,0.0,281.29999999999484,237.62197580645162,670.8927486303113,0.0,0.0,5.924395161290323,0.0,0.0,100.1000000000013,320.1565926206873,744.3502507101443,0.0460388668458131,100.0,1.0,6.110054813948511
299,2035,8,1,8.617806463867117E18,37.179006998904434,0.00897325048085301,1.0,46.749574403783264,5.0,281.29999999999484,237.8891129032258,646.7876220494038,0.0,0.0,5.977822580645161,0.0,0.0,100.1000000000013,326.47178650000717,735.861310475088,0.04959589579626097,100.0,1.0,5.671840290083076
298,2035,8,2,7.278710821350941E18,40.13432143119868,0.002438383282840497,1.0,47.62327097867991,1.0,284.2000000000052,239.47479838709677,686.7836511626762,0.0,0.0,5.994959677419355,0.0,0.0,100.1000000000013,309.36052671296534,754.5042260847152,0.0464175209273023,100.0,1.0,6.122688035087237
289,2036,2,12,1.481964993321812E18,44.91583570335577,0.026607051609802406,0.0,39.726775999296876,0.0,298.7000000000056,249.62298387096774,576.2379060807235,0.0,0.0,6.824596774193548,0.0,0.0,100.0,576.6079824382932,873.2555138474099,0.043482180192242974,100.0,1.0,6.8694807546308905
294,2036,2,12,4.281117921937587E18,45.93147717715379,0.026607051609802406,0.0,42.12972875755482,0.0,298.7000000000056,248.85685483870967,640.6954147129522,0.0,0.0,6.671370967741935,0.0,0.0,100.0,607.6027241746577,879.2004198560383,0.042520697821360934,100.0,1.0,7.024814156505894
282,2036,2,12,8.834479670273441E18,45.43659938356492,0.026607051609802406,0.0,32.901764653113545,0.0,298.7000000000056,248.45362903225808,443.28211236611315,0.0,0.0,6.590725806451613,0.0,0.0,100.0,673.988339767485,903.1061111639092,0.042983816747627024,100.0,1.0,6.949126964545226
284,2036,2,12,3.1730362057635645E18,45.48176520516619,0.026607051609802406,0.0,39.21435262172336,0.0,298.7000000000056,249.47177419354838,577.9280827479867,0.0,0.0,6.794354838709677,0.0,0.0,100.0,633.3312735228562,895.0578875512933,0.04294113152223604,100.0,1.0,6.956034678437174
296,2036,2,12,4.898742477016446E18,45.793104068227755,0.026607051609802406,0.0,48.2436696735991,0.0,298.7000000000056,249.12399193548387,808.3864712179142,0.0,0.0,6.724798387096774,0.0,0.0,100.0,585.9959986216821,866.6263544806541,0.042649182694159335,100.0,1.0,7.003651210434838
287,2036,2,13,8.507560024639921E18,45.55738556953111,0.026607051609802406,0.0,45.255726645898264,0.0,301.6000000000007,256.46774193548384,720.7893263412494,0.0,0.0,6.693548387096774,0.0,0.0,132.0,536.5621541207039,871.1488128109867,0.04328606603182429,100.0,1.0,6.967600145928294
290,2036,2,13,2.9539370702862316E18,46.31132702115793,0.008397881715734882,0.0,36.47580102989168,0.0,301.6000000000007,250.13004032258064,522.5810854204428,0.0,0.0,6.626008064516129,0.0,0.0,100.0,645.529973453493,909.1921044237146,0.0425813753749503,100.0,1.0,7.082908838530036
291,2036,2,13,6.492828447697523E18,45.37557057389533,0.018393848366158108,0.0,40.084071625898005,0.0,301.6000000000007,256.78024193548384,625.9885286540334,0.0,0.0,6.756048387096774,0.0,0.0,132.0,675.5786877589906,934.7648137790993,0.043459508609121476,100.0,1.0,6.939793146595762
293,2036,2,13,2.861374886328272E18,45.48614304300665,0.026607051609802406,0.0,54.32225315600489,0.0,301.6000000000007,251.63709677419354,1032.3118300550516,0.0,0.0,6.92741935483871,0.0,0.0,100.0,483.9815453922619,867.4138601520029,0.043353862694744214,100.0,1.0,6.956704230106898
283,2036,2,13,6.605295447056412E18,45.42080319208054,0.014057170391617822,0.0,41.00684788458761,0.0,301.6000000000007,257.7631048387097,649.1296309613865,0.0,0.0,6.952620967741935,0.0,0.0,132.0,544.1803463385867,932.9816270648703,0.04341622915958996,100.0,1.0,6.94671107643585
297,2036,2,13,4.974214387304059E17,45.0460307052073,0.026607051609802406,0.0,48.98690708440044,0.0,301.6000000000007,251.5766129032258,826.5198965974064,0.0,0.0,6.915322580645161,0.0,0.0,100.0,539.5023046886346,860.0322852838747,0.04377744207708937,100.0,1.0,6.8893929313846565
298,2036,2,13,7.278710821350941E18,45.20967502937352,0.026607051609802406,0.0,46.63829631569643,0.0,301.6000000000007,251.5866935483871,774.4762538592926,0.0,0.0,6.917338709677419,0.0,0.0,100.0,599.9290943039807,885.3421297899056,0.04361898197053539,100.0,1.0,6.914420886845352
288,2036,2,14,5.859174576972996E18,46.337198735593056,0.026607051609802406,1.0,38.79907956540983,1.0,304.49999999999994,258.8649193548387,541.0253548648847,0.0,0.0,6.872983870967742,0.0,0.0,132.0,492.8548440826705,852.6019939348322,0.04296680836971294,100.0,1.0,7.086865688973079
292,2036,2,14,1.0005304447219302E18,47.4589194840188,0.022077452396033186,0.0,45.24431988736617,0.0,304.49999999999994,257.0352822580645,778.6177118485455,0.0,0.0,6.507056451612903,0.0,0.0,132.0,702.6490646492545,941.5104668090156,0.0419512614300452,100.0,1.0,7.258422979908756
280,2036,2,14,5.096996787781837E17,47.03141811411409,0.020279712630256946,0.0,44.4661793184353,0.0,304.49999999999994,257.6350806451613,708.5886787129597,0.0,0.0,6.627016129032258,0.0,0.0,132.0,515.6798717600752,884.233702227264,0.042332585711763876,100.0,1.0,7.193040417452742
281,2036,2,14,6.307363977605812E18,46.07037099342145,0.026607051609802406,0.0,45.989041055628874,0.0,304.49999999999994,258.65826612903226,791.0760786107165,0.0,0.0,6.831653225806452,0.0,0.0,132.0,581.5828751607456,928.1415942013983,0.04321566107522415,100.0,1.0,7.046056740170337
285,2036,2,14,3.0688222562761073E18,46.4305776715004,0.010351930558409805,0.0,50.814065917606435,0.0,304.49999999999994,259.0967741935484,966.7675277631665,0.0,0.0,6.919354838709677,0.0,0.0,132.0,573.4674386397365,935.1905598049503,0.04288039559937705,100.0,1.0,7.10114717328829
286,2036,2,14,4.898224502314156E18,46.980335823275475,0.026607051609802406,0.0,45.249800667909994,0.0,304.49999999999994,257.851814516129,797.7584600482922,0.0,0.0,6.670362903225806,0.0,0.0,132.0,655.7228435272929,964.5070891576568,0.04237861444734828,100.0,1.0,7.18522783179508
295,2036,2,14,2.797545246119503E18,47.27116075964923,0.026607051609802406,0.0,40.24783702867422,0.0,304.49999999999994,258.491935483871,635.6734154075249,0.0,0.0,6.798387096774194,0.0,0.0,132.0,634.9186045011036,943.0073414285376,0.042117889776064614,100.0,1.0,7.229706939711063
299,2036,2,14,8.617806463867117E18,46.64079243957454,0.026607051609802406,0.0,48.42053297778133,0.0,304.49999999999994,257.00504032258067,836.0426554481211,0.0,0.0,6.501008064516129,0.0,0.0,132.0,583.3770465123978,889.9273261332642,0.04268712932013167,100.0,1.0,7.133297667229049
288,2036,7,29,5.859174576972996E18,37.60529026429388,0.0011053523627559793,2.0,35.77934626420091,3.0,275.50000000000006,234.75806451612902,404.04240719049983,0.0,0.0,5.951612903225806,0.0,0.0,100.1000000000013,353.3959770000033,724.1095748370769,0.048022686388403395,100.0,1.0,5.736871897831361
281,2036,7,29,6.307363977605812E18,39.43487064601153,0.00897325048085301,0.0,46.653431305266025,0.0,275.50000000000006,234.34475806451613,685.2760808147883,0.0,0.0,5.868951612903226,0.0,0.0,100.1000000000013,408.206074028213,782.6066408882729,0.045794674391551785,100.0,1.0,6.0159833792993265
285,2036,7,29,3.0688222562761073E18,37.40027402424923,0.002168499391216296,1.0,50.0834226688237,3.0,275.50000000000006,234.9647177419355,765.7977247642609,0.0,0.0,5.992943548387097,0.0,0.0,100.1000000000013,317.5642610000017,762.3784346599125,0.048285931267138885,100.0,1.0,5.705595662550518
295,2036,7,29,2.797545246119503E18,38.15521602786486,0.00897325048085301,1.0,41.19435184245264,1.0,275.50000000000006,234.9647177419355,524.0909870178749,0.0,0.0,5.992943548387097,0.0,0.0,100.1000000000013,302.0016357299997,746.9329975014515,0.047330542161999646,100.0,1.0,5.820765776505117
289,2036,7,30,1.481964993321812E18,38.30969932396103,0.0021611874953884978,1.0,38.892930149995685,3.0,278.3999999999973,236.41431451612902,480.0915249751724,0.0,0.0,5.982862903225806,0.0,0.0,100.1000000000013,321.23230999999663,753.090789086596,0.04763588963422604,100.0,1.0,5.844332962766143
290,2036,7,30,2.9539370702862316E18,38.190742294679815,0.0022602646047488813,1.0,35.09216849448882,2.0,278.3999999999973,236.4798387096774,413.76195761926755,0.0,0.0,5.995967741935484,0.0,0.0,100.1000000000013,307.703069000001,763.9711410284169,0.04778426653337953,100.0,1.0,5.826185483155255
291,2036,7,30,6.492828447697523E18,39.158474621222226,0.0018717668921262027,0.0,44.48366751089797,0.0,278.3999999999973,236.21270161290323,598.0334147986783,0.0,0.0,5.942540322580645,0.0,0.0,100.1000000000013,339.29546024064246,745.4729278738566,0.04660336304130603,100.0,1.0,5.973817806951884
292,2036,7,30,1.0005304447219302E18,38.2869175876737,0.00897325048085301,1.0,44.09621732263058,1.0,278.3999999999973,236.48487903225808,604.7259472210726,0.0,0.0,5.996975806451613,0.0,0.0,100.1000000000013,327.29915899999304,765.6203883113017,0.047664234258025344,100.0,1.0,5.840857496900254
294,2036,7,30,4.281117921937587E18,38.77212371221539,0.0017846560224449185,1.0,41.06259959014628,2.0,278.3999999999973,236.40423387096774,525.8738530515959,0.0,0.0,5.980846774193548,0.0,0.0,100.1000000000013,318.60903741772455,753.8750983275515,0.04706774956311308,100.0,1.0,5.914878076477634
282,2036,7,30,8.834479670273441E18,38.18632501807419,2.826754813776773E-4,1.0,32.400954015780925,2.0,278.3999999999973,236.31350806451613,366.16163843503847,0.0,0.0,5.962701612903226,0.0,0.0,100.1000000000013,330.11864999999995,762.5269381631721,0.04778979407033342,100.0,1.0,5.8255116058937
286,2036,7,30,4.898224502314156E18,37.70320499889099,0.0015055789397404396,1.0,45.634184198977394,2.0,278.3999999999973,236.4546370967742,644.2251833025292,0.0,0.0,5.990927419354839,0.0,0.0,100.1000000000013,301.5771840377371,766.4768240433109,0.048402161274360325,100.0,1.0,5.751809271944057
296,2036,7,30,4.898742477016446E18,38.087022003299296,0.0026145834734420245,1.0,45.95304295988073,1.0,278.3999999999973,236.44959677419354,639.021795005672,0.0,0.0,5.98991935483871,0.0,0.0,100.1000000000013,331.94430900000157,750.6007491855577,0.04791439479722274,100.0,1.0,5.81036244281508
297,2036,7,30,4.974214387304059E17,38.095411741148204,0.0012656206602049429,1.0,47.67313252559704,2.0,278.3999999999973,236.3790322580645,678.7227174776488,0.0,0.0,5.975806451612903,0.0,0.0,100.1000000000013,306.28137899999433,743.9916151269073,0.047903842628518746,100.0,1.0,5.8116423385679825
298,2036,7,30,7.278710821350941E18,38.97278961146003,0.0013099635738471577,1.0,47.01810915588196,1.0,278.3999999999973,236.31854838709677,671.4851856227559,0.0,0.0,5.963709677419355,0.0,0.0,100.1000000000013,332.61728072139084,755.7398611813554,0.046825403752467645,100.0,1.0,5.945490645883131
299,2036,7,30,8.617806463867117E18,38.37098243507535,0.0012349642830791396,1.0,47.38328849735699,2.0,278.3999999999973,236.3235887096774,671.5399853647478,0.0,0.0,5.964717741935484,0.0,0.0,100.1000000000013,356.5310119999962,744.814678297581,0.04755980934302095,100.0,1.0,5.853682002635076
287,2036,7,31,8.507560024639921E18,38.90866060283341,0.0026930523652019967,1.0,45.60632930094066,2.0,281.29999999999484,237.67237903225808,618.9110335412466,0.0,0.0,5.934475806451613,0.0,0.0,100.1000000000013,343.69313230848667,737.2630974609663,0.0473911496401355,100.0,1.0,5.935707450358246
293,2036,7,31,2.861374886328272E18,38.987610701601724,9.078561797706405E-4,1.0,51.81763568084935,1.0,281.29999999999484,237.90927419354838,842.1688721725224,0.0,0.0,5.981854838709677,0.0,0.0,100.1000000000013,349.3709870852129,782.0336645768433,0.04729518233468886,100.0,1.0,5.9477516760449
280,2036,7,31,5.096996787781837E17,36.9650734388771,0.001608685995133203,2.0,40.42679155770551,6.0,281.29999999999484,237.91935483870967,505.2917134517202,0.0,0.0,5.983870967741935,0.0,0.0,100.1000000000013,310.01194699999655,743.450028707394,0.04988292962477441,100.0,1.0,5.639203673801204
283,2036,7,31,6.605295447056412E18,39.39612032417199,0.0016691314138491521,1.0,43.56345778125219,1.0,281.29999999999484,237.97479838709677,596.7575905024122,0.0,0.0,5.994959677419355,0.0,0.0,100.1000000000013,313.234793000001,772.0343737442199,0.046804765082280445,100.0,1.0,6.010071827205701
284,2036,7,31,3.1730362057635645E18,38.099841141899795,0.0016162194670124325,1.0,37.737167396446466,2.0,281.29999999999484,238.0,464.98701704960627,0.0,0.0,6.0,0.0,0.0,100.1000000000013,329.46619806692576,765.8094583951471,0.04839721378518529,100.0,1.0,5.812318065427613
280,2037,2,10,5.096996787781837E17,45.10858901491097,0.025831556024565352,0.0,42.75767918219593,0.0,295.7999999999945,247.77520161290323,658.1921841365701,0.0,0.0,6.755040322580645,0.0,0.0,100.0,687.0260054140396,880.4297862636575,0.04287602350934899,100.0,1.0,6.898960672868746
289,2037,2,11,1.481964993321812E18,44.50683502540408,0.026607051609802406,0.0,38.9923723540964,0.0,298.7000000000056,249.4415322580645,554.2682635067614,0.0,0.0,6.788306451612903,0.0,0.0,100.0,539.1619341340277,866.3227688895302,0.04388176468678852,100.0,1.0,6.806927709767679
292,2037,2,11,1.0005304447219302E18,45.16447703502481,0.010354431178833492,0.0,42.596715401367845,0.0,298.7000000000056,250.03125,661.4805824164066,0.0,0.0,6.90625,0.0,0.0,100.0,588.3304484638419,890.6517210863032,0.043242800310162435,100.0,1.0,6.90750825241557
294,2037,2,11,4.281117921937587E18,44.33125672837134,0.026607051609802406,1.0,41.2797399069747,2.0,298.7000000000056,249.75907258064515,600.7844069574012,0.0,0.0,6.851814516129032,0.0,0.0,100.0,486.64706041710525,853.8629875417104,0.044055562726436015,100.0,1.0,6.780074558456779
283,2037,2,11,6.605295447056412E18,45.46865267195449,0.026607051609802406,0.0,43.00593367055337,0.0,298.7000000000056,249.79435483870967,693.41275219469,0.0,0.0,6.858870967741935,0.0,0.0,100.0,618.6053570426178,918.1313035955181,0.04295351515315848,100.0,1.0,6.954029232181281
285,2037,2,11,3.0688222562761073E18,44.608086305039194,0.012160444062980964,0.0,52.35197125122107,0.0,298.7000000000056,250.26814516129033,991.1993662688973,0.0,0.0,6.953629032258065,0.0,0.0,100.0,591.6617358942741,901.4189466915083,0.043782162009444195,100.0,1.0,6.822413199594242
295,2037,2,11,2.797545246119503E18,44.22604542532335,0.026607051609802406,1.0,36.97589758768681,1.0,298.7000000000056,249.73387096774192,523.2106767037125,0.0,0.0,6.846774193548387,0.0,0.0,100.0,596.9109833134448,890.8497381103697,0.04416036846062227,100.0,1.0,6.763983417990635
296,2037,2,11,4.898742477016446E18,45.27157820101917,0.026607051609802406,0.0,46.06670265794242,0.0,298.7000000000056,249.90020161290323,753.7557508524364,0.0,0.0,6.880040322580645,0.0,0.0,100.0,624.8268326920902,881.6873766905627,0.0431404987223204,100.0,1.0,6.9238884307441175
287,2037,2,12,8.507560024639921E18,45.239779624015334,0.016283385318116506,1.0,46.67868353003304,1.0,301.6000000000007,251.04737903225808,737.7203057867788,0.0,0.0,6.809475806451613,0.0,0.0,100.0,544.0584845447448,842.0771613817637,0.043589955927927984,100.0,1.0,6.919025118967057
288,2037,2,12,5.859174576972996E18,44.95166419842574,0.026607051609802406,1.0,35.30133673935996,1.0,301.6000000000007,257.445564516129,462.25393111512136,0.0,0.0,6.889112903225806,0.0,0.0,132.0,482.31020098709166,846.179725660804,0.0438693435530039,100.0,1.0,6.874960406818055
290,2037,2,12,2.9539370702862316E18,45.44759468956143,0.026607051609802406,1.0,41.909673500254755,1.0,301.6000000000007,251.28427419354838,626.9204024743046,0.0,0.0,6.856854838709677,0.0,0.0,100.0,495.2515754983724,868.2025450941577,0.04339063515836497,100.0,1.0,6.9508085995799815
291,2037,2,12,6.492828447697523E18,45.480005867425,0.021844869958786893,1.0,43.78008498683993,1.0,301.6000000000007,256.10483870967744,677.6986132771333,0.0,0.0,6.620967741935484,0.0,0.0,132.0,486.89731863899317,869.4831539551143,0.043359712963723374,100.0,1.0,6.955765603253242
293,2037,2,12,2.861374886328272E18,45.735119434536664,0.026607051609802406,0.0,50.62875630768684,0.0,301.6000000000007,257.70766129032256,978.1000981552834,0.0,0.0,6.941532258064516,0.0,0.0,132.0,615.2292864360983,953.2055346842253,0.043117849573403685,100.0,1.0,6.994782972340907
281,2037,2,12,6.307363977605812E18,44.201345726113644,0.026607051609802406,0.0,47.74295907680634,0.0,301.6000000000007,251.20362903225808,791.238676396996,0.0,0.0,6.840725806451613,0.0,0.0,100.0,506.0018916362191,865.2262691270059,0.04461402628370591,100.0,1.0,6.760205816935024
282,2037,2,12,8.834479670273441E18,45.68809560911282,0.026607051609802406,1.0,33.28650054425219,1.0,301.6000000000007,257.03729838709677,455.22283709339314,0.0,0.0,6.807459677419355,0.0,0.0,132.0,515.3245417669973,911.2759291188931,0.04316222800949215,100.0,1.0,6.987591093158432
284,2037,2,12,3.1730362057635645E18,45.281958879323746,0.0189225953560925,0.0,37.91653524315682,0.0,301.6000000000007,251.91431451612902,538.937321929061,0.0,0.0,6.982862903225806,0.0,0.0,100.0,539.6940149770363,881.5798428912562,0.043549352740136014,100.0,1.0,6.925476063896576
286,2037,2,12,4.898224502314156E18,46.17879303500518,0.026607051609802406,0.0,47.939091721878825,0.0,301.6000000000007,256.9516129032258,858.7340546956207,0.0,0.0,6.790322580645161,0.0,0.0,132.0,515.565347649619,931.8892753798473,0.042703584706190977,100.0,1.0,7.062638934765494
297,2037,2,12,4.974214387304059E17,45.310947811098664,0.020826084519855317,0.0,50.842961911330576,0.0,301.6000000000007,251.22379032258064,884.7731539397273,0.0,0.0,6.844758064516129,0.0,0.0,100.0,530.5630584210628,854.8082618654349,0.04352149083751841,100.0,1.0,6.929909665226852
298,2037,2,12,7.278710821350941E18,45.685625024344354,0.01681861669393319,0.0,47.50087137897553,0.0,301.6000000000007,251.00201612903226,805.1989156607267,0.0,0.0,6.800403225806452,0.0,0.0,100.0,606.3595918024537,889.3142912652752,0.04316456213413284,100.0,1.0,6.987213239017367
299,2037,2,13,8.617806463867117E18,46.25589522672527,0.026607051609802406,1.0,48.281546575980336,1.0,304.49999999999994,258.5221774193548,831.0228830578474,0.0,0.0,6.804435483870968,0.0,0.0,132.0,570.9654373918265,889.6105432643226,0.043042330684613266,100.0,1.0,7.074431034675647
292,2037,7,29,1.0005304447219302E18,39.124055573535195,0.0018686485799360704,0.0,43.613782652101875,0.0,272.60000000000326,232.94052419354838,585.3009269108093,0.0,0.0,5.888104838709677,0.0,0.0,100.1000000000013,322.35080675480356,755.8492138424182,0.04567260440418788,100.0,1.0,5.968567012022804
285,2037,7,29,3.0688222562761073E18,37.79319644208231,0.00152658225261195,2.0,51.81623874765095,2.0,272.60000000000326,232.9858870967742,829.1653849683721,0.0,0.0,5.897177419354839,0.0,0.0,100.1000000000013,345.67528060088046,770.263191315046,0.04728093099073884,100.0,1.0,5.765537909001809
286,2037,7,29,4.898224502314156E18,37.85919219807401,0.0015530028523456248,1.0,46.81574164961489,1.0,272.60000000000326,233.10685483870967,685.9607388470773,0.0,0.0,5.921370967741935,0.0,0.0,100.1000000000013,330.7848139604089,778.3551833375412,0.04719851135620483,100.0,1.0,5.77560588601417
288,2037,7,30,5.859174576972996E18,38.503086013853014,0.0013720566484484713,0.0,35.69967566115603,0.0,275.50000000000006,234.77318548387098,399.4978197622747,0.0,0.0,5.954637096774194,0.0,0.0,100.1000000000013,337.87703940914326,718.4029422659404,0.046902917346867024,100.0,1.0,5.87383505300023
289,2037,7,30,1.481964993321812E18,37.62003576502987,0.0015167766194815794,1.0,36.988998755764,2.0,275.50000000000006,234.89415322580646,443.51524897071516,0.0,0.0,5.97883064516129,0.0,0.0,100.1000000000013,320.61858642834716,754.2269244833078,0.048003863478135234,100.0,1.0,5.739121396457696
290,2037,7,30,2.9539370702862316E18,38.06997816899863,0.00897325048085301,1.0,38.733491017857034,2.0,275.50000000000006,234.83870967741936,484.3757972069672,0.0,0.0,5.967741935483871,0.0,0.0,100.1000000000013,318.99858109227927,764.8772353578038,0.04743651422363197,100.0,1.0,5.80776232210484
293,2037,7,30,2.861374886328272E18,37.904525327926216,0.0026206923133332526,1.0,50.95017408907831,3.0,275.50000000000006,234.87399193548387,813.9231272808152,0.0,0.0,5.974798387096774,0.0,0.0,100.1000000000013,368.0760380480787,782.6691805252224,0.04764357409263099,100.0,1.0,5.7825216778312925
294,2037,7,30,4.281117921937587E18,37.50923877555653,0.0019003071751065332,1.0,38.11306786804168,2.0,275.50000000000006,234.97479838709677,468.39662049990477,0.0,0.0,5.994959677419355,0.0,0.0,100.1000000000013,322.54643700000094,759.2905611486668,0.048145660105581946,100.0,1.0,5.7222187710343375
281,2037,7,30,6.307363977605812E18,37.779906930264,0.0017423787341462181,1.0,46.6077849560077,1.0,275.50000000000006,234.9445564516129,658.6685234091602,0.0,0.0,5.988911290322581,0.0,0.0,100.1000000000013,300.9621244588647,753.5744485338553,0.047800728155325864,100.0,1.0,5.763510528642531
282,2037,7,30,8.834479670273441E18,38.808024446952494,0.001638650562610121,0.0,33.673867328235715,0.0,275.50000000000006,234.9546370967742,390.33019029717724,0.0,0.0,5.990927419354839,0.0,0.0,100.1000000000013,327.6497416771003,767.459035240549,0.046534372378980435,100.0,1.0,5.920354910050175
283,2037,7,30,6.605295447056412E18,36.568483856846875,0.0014064655926101948,2.0,40.380785041276525,5.0,275.50000000000006,234.7429435483871,522.506742704185,0.0,0.0,5.948588709677419,0.0,0.0,100.1000000000013,318.88204900000557,770.3155507090912,0.04938424759354454,100.0,1.0,5.578701983423823
295,2037,7,30,2.797545246119503E18,38.00933216563573,0.0014449678713128833,1.0,37.817295825394886,2.0,275.50000000000006,234.91431451612902,458.85063341062875,0.0,0.0,5.982862903225806,0.0,0.0,100.1000000000013,307.63035299999626,753.3705715390513,0.04751220182026202,100.0,1.0,5.798510476155423
296,2037,7,30,4.898742477016446E18,37.44504419923525,0.0015307489731922626,1.0,44.868658548873654,2.0,275.50000000000006,234.99495967741936,605.8811877345526,0.0,0.0,5.998991935483871,0.0,0.0,100.1000000000013,317.60613799999754,743.410794385149,0.04822819947276072,100.0,1.0,5.712425572835295
297,2037,7,30,4.974214387304059E17,37.31962947401699,0.0020365979302889355,1.0,48.76730349084103,3.0,275.50000000000006,234.81854838709677,697.3855573694639,0.0,0.0,5.963709677419355,0.0,0.0,100.1000000000013,280.37634700000564,731.7739947082454,0.04839027306432366,100.0,1.0,5.693292939963092
298,2037,7,30,7.278710821350941E18,36.7931357715318,0.0021518586285019276,1.0,44.22354316016905,3.0,275.50000000000006,234.91935483870967,602.4618791247242,0.0,0.0,5.983870967741935,0.0,0.0,100.1000000000013,334.79833573679355,758.7758279258611,0.04908271673610275,100.0,1.0,5.6129737374002415
291,2037,7,31,6.492828447697523E18,38.17977727924737,0.0018624430221778766,1.0,43.157918870970846,2.0,278.3999999999973,236.46975806451613,559.5818241668068,0.0,0.0,5.993951612903226,0.0,0.0,100.1000000000013,306.15329700000177,735.9736030057334,0.04779798990363741,100.0,1.0,5.824512716146901
280,2037,7,31,5.096996787781837E17,37.566894970110475,0.0019861112175416137,1.0,40.602693973035635,3.0,278.3999999999973,236.47479838709677,514.2036104129837,0.0,0.0,5.994959677419355,0.0,0.0,100.1000000000013,319.8629602896628,751.1588983311171,0.048577786648818136,100.0,1.0,5.731014506952028
284,2037,7,31,3.1730362057635645E18,37.952940780443356,0.003618246161634289,1.0,36.72695712452069,1.0,278.3999999999973,236.49495967741936,436.6479666699947,0.0,0.0,5.998991935483871,0.0,0.0,100.1000000000013,272.45999999999805,750.94739643922,0.04808366812663287,100.0,1.0,5.789907693123674
299,2037,7,31,8.617806463867117E18,37.5711322716721,0.0014421810480316618,1.0,47.94975670684765,3.0,278.3999999999973,236.40423387096774,668.8630102623243,0.0,0.0,5.980846774193548,0.0,0.0,100.1000000000013,301.4864130000009,725.1837099552775,0.04857230800820301,100.0,1.0,5.7316609281358515
287,2037,8,1,8.507560024639921E18,38.549822402135966,0.0032277879427528864,1.0,45.222342277185355,2.0,281.29999999999484,237.9445564516129,607.6895488898841,0.0,0.0,5.988911290322581,0.0,0.0,100.1000000000013,321.39427500000403,735.0911642111394,0.047832286688406354,100.0,1.0,5.880964918789397
292,2038,2,11,1.0005304447219302E18,44.13998337236754,0.026607051609802406,1.0,40.757385816829675,2.0,295.7999999999945,246.80241935483872,593.6779677221471,0.0,0.0,6.560483870967742,0.0,0.0,100.0,518.7372371822721,862.1520198447164,0.04381689287829805,100.0,1.0,6.7508209863621
284,2038,2,11,3.1730362057635645E18,44.823856048726036,0.026607051609802406,1.0,41.5178103025822,1.0,295.7999999999945,248.34475806451613,621.8229493379636,0.0,0.0,6.868951612903226,0.0,0.0,100.0,533.7005770621005,875.2253921515482,0.04314838332905664,100.0,1.0,6.85541327804046
289,2038,2,12,1.481964993321812E18,44.683881633705035,0.026607051609802406,0.0,37.75652082087814,0.0,298.7000000000056,249.31552419354838,531.9023628165057,0.0,0.0,6.763104838709677,0.0,0.0,100.0,581.7915324202683,875.9953310116281,0.043707896228632984,100.0,1.0,6.834005426331355
290,2038,2,12,2.9539370702862316E18,44.157706332492936,0.026607051609802406,1.0,40.08691342203302,1.0,298.7000000000056,250.0514112903226,597.4950810719359,0.0,0.0,6.910282258064516,0.0,0.0,100.0,557.0414924957599,891.9448808250812,0.04422871167340002,100.0,1.0,6.753531556734206
293,2038,2,12,2.861374886328272E18,45.60976343640366,0.026607051609802406,1.0,53.31479956829039,1.0,298.7000000000056,248.2116935483871,1017.6038836529375,0.0,0.0,6.542338709677419,0.0,0.0,100.0,556.5406536289312,890.4238446809355,0.04282062248057337,100.0,1.0,6.975610878508788
282,2038,2,12,8.834479670273441E18,45.531186932663815,0.011299830254008155,0.0,35.125965313119124,0.0,298.7000000000056,250.0665322580645,478.53907665516317,0.0,0.0,6.913306451612903,0.0,0.0,100.0,562.6029512818205,882.9571656915095,0.042894521164731615,100.0,1.0,6.963593295583872
285,2038,2,12,3.0688222562761073E18,44.205145359486515,0.026607051609802406,0.0,52.64045582794451,0.0,298.7000000000056,250.0110887096774,1003.0240320611714,0.0,0.0,6.902217741935484,0.0,0.0,100.0,584.263233451868,901.6309671604606,0.044181247356069826,100.0,1.0,6.760786937333239
295,2038,2,12,2.797545246119503E18,44.45413677747262,0.026607051609802406,1.0,38.37911594259676,1.0,298.7000000000056,249.6633064516129,539.263193403684,0.0,0.0,6.832661290322581,0.0,0.0,100.0,512.9126730344581,865.02898078328,0.04393378441504707,100.0,1.0,6.798867977731109
296,2038,2,12,4.898742477016446E18,44.12224383793936,0.026607051609802406,0.0,49.00322081301422,0.0,298.7000000000056,250.3891129032258,807.9940591266791,0.0,0.0,6.977822580645161,0.0,0.0,100.0,494.8446359842075,840.1432995332368,0.04426425973964503,100.0,1.0,6.748107881096599
299,2038,2,12,8.617806463867117E18,44.78867570336337,0.026607051609802406,1.0,50.624053546172746,1.0,298.7000000000056,249.18951612903226,892.8213326099157,0.0,0.0,6.737903225806452,0.0,0.0,100.0,635.2905087419416,870.2083104285061,0.043605630907096384,100.0,1.0,6.850032754632044
287,2038,2,13,8.507560024639921E18,45.148168588918665,0.019662841142000002,1.0,46.83845960802579,1.0,301.6000000000007,250.91129032258064,725.5214484458573,0.0,0.0,6.782258064516129,0.0,0.0,100.0,459.71315654542246,822.8088147984244,0.04367840516312813,100.0,1.0,6.905014019481679
288,2038,2,13,5.859174576972996E18,45.118769250676934,0.026607051609802406,1.0,32.52399784131469,1.0,301.6000000000007,257.2540322580645,429.1493538323211,0.0,0.0,6.850806451612903,0.0,0.0,132.0,616.6876617094969,889.3415342060746,0.043706865961784136,100.0,1.0,6.900517650103532
291,2038,2,13,6.492828447697523E18,45.72799159350438,0.026607051609802406,0.0,44.70444925321877,0.0,301.6000000000007,251.54637096774192,700.1824169501001,0.0,0.0,6.909274193548387,0.0,0.0,100.0,571.9918503722337,865.3628131273183,0.04312457055909984,100.0,1.0,6.993692831947732
294,2038,2,13,4.281117921937587E18,45.5605901209951,0.02297632227892119,0.0,39.716463056372554,0.0,301.6000000000007,257.2943548387097,603.4131353997066,0.0,0.0,6.858870967741935,0.0,0.0,132.0,517.9329989824207,914.8741407930221,0.04328302146137641,100.0,1.0,6.968090253799251
280,2038,2,13,5.096996787781837E17,46.545007724642694,0.026607051609802406,0.0,41.52011308817774,0.0,301.6000000000007,257.133064516129,645.089586751315,0.0,0.0,6.826612903225806,0.0,0.0,132.0,556.4265733273795,907.7052364575096,0.04236759421474868,100.0,1.0,7.118648240239472
281,2038,2,13,6.307363977605812E18,44.26433237285764,0.026607051609802406,1.0,46.930658557674406,1.0,301.6000000000007,251.61189516129033,772.1664434646407,0.0,0.0,6.922379032258065,0.0,0.0,100.0,512.4612055412729,872.4388405172836,0.044550542034362914,100.0,1.0,6.76983906878999
283,2038,2,13,6.605295447056412E18,46.335918355912334,0.026607051609802406,1.0,47.05014632136928,1.0,301.6000000000007,250.95665322580646,792.2955020847068,0.0,0.0,6.79133064516129,0.0,0.0,100.0,517.6865636485717,891.0020571971182,0.04255877664607423,100.0,1.0,7.086669866198359
286,2038,2,13,4.898224502314156E18,44.848324377871315,0.026607051609802406,1.0,49.20644440871538,1.0,301.6000000000007,251.50100806451613,888.0312745592523,0.0,0.0,6.900201612903226,0.0,0.0,100.0,606.0101504012684,915.868489118842,0.043970427599141486,100.0,1.0,6.859155493086208
298,2038,2,13,7.278710821350941E18,44.01106061664395,0.011995965558973153,1.0,46.0350158527371,3.0,301.6000000000007,251.3548387096774,750.1462308938513,0.0,0.0,6.870967741935484,0.0,0.0,100.0,539.6867664541315,878.4861153968303,0.044806918360296044,100.0,1.0,6.731103388427894
297,2038,2,14,4.974214387304059E17,46.938588656318004,0.014674994536954507,0.0,49.75004536121943,0.0,304.49999999999994,257.9778225806452,883.1495631029693,0.0,0.0,6.695564516129032,0.0,0.0,132.0,511.5999802050654,891.4272213914952,0.04241630597458435,100.0,1.0,7.178842970966281
287,2038,7,29,8.507560024639921E18,37.518958263826484,8.040547025853935E-4,1.0,41.55340963571107,2.0,272.60000000000326,233.30342741935485,533.7568477896858,0.0,0.0,5.960685483870968,0.0,0.0,100.1000000000013,373.8277053972873,749.6844698734641,0.047626522579129006,100.0,1.0,5.723701526751033
289,2038,7,29,1.481964993321812E18,37.66612938368862,0.00897325048085301,1.0,37.03811955078985,1.0,272.60000000000326,233.3891129032258,438.84640023239007,0.0,0.0,5.977822580645161,0.0,0.0,100.1000000000013,311.2017833404625,744.9389994604086,0.047440433677035924,100.0,1.0,5.746153204580808
293,2038,7,29,2.861374886328272E18,37.670052602643956,0.001269560056713785,1.0,50.0273055962859,1.0,272.60000000000326,233.3991935483871,786.818367792811,0.0,0.0,5.979838709677419,0.0,0.0,100.1000000000013,360.24073141372503,785.0814705519257,0.04743549290324364,100.0,1.0,5.746751710919037
283,2038,7,29,6.605295447056412E18,37.543757723847385,0.00378298924150633,1.0,43.81892895164014,1.0,272.60000000000326,233.3790322580645,596.6200958502397,0.0,0.0,5.975806451612903,0.0,0.0,100.1000000000013,293.0607198640094,763.8300700647628,0.04759506296735218,100.0,1.0,5.727484806291635
285,2038,7,29,3.0688222562761073E18,38.529847321527384,0.0022855961489691955,1.0,53.062571333372745,1.0,272.60000000000326,233.3084677419355,879.087494936934,0.0,0.0,5.961693548387097,0.0,0.0,100.1000000000013,349.9238469105154,776.8447637797489,0.046376968431410294,100.0,1.0,5.877917622044828
286,2038,7,29,4.898224502314156E18,37.85609534529864,0.0013246605374746135,1.0,48.6794423515102,2.0,272.60000000000326,233.31350806451613,739.8152622946466,0.0,0.0,5.962701612903226,0.0,0.0,100.1000000000013,349.5066538722821,778.9958900064971,0.047202372473933676,100.0,1.0,5.775133445899138
296,2038,7,29,4.898742477016446E18,36.95507867910175,0.0021769166620216073,1.0,45.60568431310513,3.0,272.60000000000326,233.19254032258064,628.4116090145086,0.0,0.0,5.938508064516129,0.0,0.0,100.1000000000013,356.2919512100041,748.5179562206059,0.04835323253980876,100.0,1.0,5.637678924063127
299,2038,7,29,8.617806463867117E18,37.18994777242658,0.0028834352444900477,1.0,50.48965341855844,4.0,272.60000000000326,233.22782258064515,737.6416685156821,0.0,0.0,5.945564516129032,0.0,0.0,100.1000000000013,298.6744633475904,722.5798425388227,0.048047862928766324,100.0,1.0,5.673509358868846
291,2038,7,30,6.492828447697523E18,37.28745516499864,0.003303847747000375,2.0,42.15244752228769,3.0,275.50000000000006,234.8891129032258,537.1828834349042,0.0,0.0,5.977822580645161,0.0,0.0,100.1000000000013,314.4024980000054,736.167773678854,0.04843202768641199,100.0,1.0,5.688384590953103
292,2038,7,30,1.0005304447219302E18,37.38917429090403,0.0024357357439883376,1.0,37.92009097779355,2.0,275.50000000000006,234.9445564516129,466.9134813321172,0.0,0.0,5.988911290322581,0.0,0.0,100.1000000000013,314.85335924270225,763.1461062101641,0.04830026592340119,100.0,1.0,5.7039023436622935
294,2038,7,30,4.281117921937587E18,38.31098536224246,0.0016326874965162024,1.0,39.62308289387935,2.0,275.50000000000006,234.22379032258064,504.96748026132894,0.0,0.0,5.844758064516129,0.0,0.0,100.1000000000013,339.99017861339956,768.5054408685127,0.04713810004706567,100.0,1.0,5.84452915422818
280,2038,7,30,5.096996787781837E17,37.63400398674851,0.002238834950312629,1.0,40.09658434713009,1.0,275.50000000000006,234.9546370967742,502.61381587262775,0.0,0.0,5.990927419354839,0.0,0.0,100.1000000000013,326.2716480999964,749.728844735523,0.04798604638355646,100.0,1.0,5.74125231734879
282,2038,7,30,8.834479670273441E18,37.360497232093245,0.00897325048085301,2.0,32.01328421602135,3.0,275.50000000000006,234.97479838709677,357.2029380338338,0.0,0.0,5.994959677419355,0.0,0.0,100.1000000000013,302.8665467713965,757.1477956547102,0.048337340097169806,100.0,1.0,5.699527517363969
284,2038,7,30,3.1730362057635645E18,36.64227038206048,0.002582973655973812,1.0,37.32310101944669,5.0,275.50000000000006,234.90927419354838,456.0275116905818,0.0,0.0,5.981854838709677,0.0,0.0,100.1000000000013,314.15296799999993,764.6776059942306,0.04928480255391622,100.0,1.0,5.5899584805805125
295,2038,7,30,2.797545246119503E18,38.38156995356248,9.630017687114222E-4,0.0,37.35556474884779,0.0,275.50000000000006,234.96975806451613,452.2248369565056,0.0,0.0,5.993951612903226,0.0,0.0,100.1000000000013,312.8242058499994,757.1747329759858,0.04705141199518439,100.0,1.0,5.855297180628647
297,2038,7,30,4.974214387304059E17,38.248284120061825,0.0021193317148920734,1.0,47.14476892165391,1.0,275.50000000000006,234.8790322580645,680.474918974193,0.0,0.0,5.975806451612903,0.0,0.0,100.1000000000013,372.8704442200054,761.9011420618309,0.047215374557412836,100.0,1.0,5.834963771493505
298,2038,7,30,7.278710821350941E18,37.92063568732069,0.0015853799436136046,1.0,44.967913502330454,2.0,275.50000000000006,234.93447580645162,629.9233468197361,0.0,0.0,5.986895161290323,0.0,0.0,100.1000000000013,343.97715197522734,769.7884117625076,0.04762333299995003,100.0,1.0,5.784979392355615
288,2038,7,31,5.859174576972996E18,38.240339569453525,0.00897325048085301,1.0,36.40158285024718,3.0,278.3999999999973,236.5352822580645,406.1443021753793,0.0,0.0,6.007056451612903,0.0,0.0,100.1000000000013,287.34716984960744,708.5182448751199,0.0477222908965573,100.0,1.0,5.83375179124272
290,2038,7,31,2.9539370702862316E18,38.524194458924605,0.001463348088854048,0.0,41.33623633413916,0.0,278.3999999999973,236.51512096774192,536.2931382294531,0.0,0.0,6.003024193548387,0.0,0.0,100.1000000000013,276.0793586385484,759.8466479236439,0.047370662373287485,100.0,1.0,5.8770552500652435
281,2038,7,31,6.307363977605812E18,38.189119242500595,0.0020628162024949478,1.0,45.799814159373106,2.0,278.3999999999973,236.17741935483872,648.6380870563851,0.0,0.0,5.935483870967742,0.0,0.0,100.1000000000013,326.4738445046836,766.6641264648059,0.047786297382989694,100.0,1.0,5.825937878566383
287,2039,2,11,8.507560024639921E18,44.16113279752614,0.026607051609802406,0.0,42.91316529942265,0.0,295.7999999999945,246.67137096774192,636.034606134029,0.0,0.0,6.534274193548387,0.0,0.0,100.0,565.3436400757639,845.2269583463958,0.04379590831477113,100.0,1.0,6.754055604327529
291,2039,2,11,6.492828447697523E18,42.80022859799519,0.014137646976515629,1.0,45.097461023440566,1.0,295.7999999999945,248.2389112903226,693.6067299864029,0.0,0.0,6.847782258064516,0.0,0.0,100.0,535.540883354025,843.6189603097222,0.045188471801000676,100.0,1.0,6.545917314987496
292,2039,2,11,1.0005304447219302E18,43.81427164414478,0.026607051609802406,1.0,40.408116205729094,1.0,295.7999999999945,248.4102822580645,611.2366953499258,0.0,0.0,6.882056451612903,0.0,0.0,100.0,559.5973274274834,900.5455020511082,0.04414262409256209,100.0,1.0,6.701006251457444
294,2039,2,11,4.281117921937587E18,45.07485062754967,0.026607051609802406,0.0,43.98978749964127,0.0,295.7999999999945,246.9889112903226,697.3932816046122,0.0,0.0,6.597782258064516,0.0,0.0,100.0,574.5666643929031,887.1696266503849,0.042908116081360394,100.0,1.0,6.893800684213498
281,2039,2,11,6.307363977605812E18,45.00777368984694,0.026607051609802406,0.0,47.546428106726296,0.0,295.7999999999945,247.33165322580646,802.2551705639114,0.0,0.0,6.66633064516129,0.0,0.0,100.0,571.9097728492893,884.2377866567107,0.042972063812904984,100.0,1.0,6.883541858447175
285,2039,2,11,3.0688222562761073E18,44.89576461135071,0.026607051609802406,0.0,54.370549513953286,0.0,295.7999999999945,246.95866935483872,1095.403770267729,0.0,0.0,6.591733870967742,0.0,0.0,100.0,657.962367647025,918.7729776459918,0.04307927350875111,100.0,1.0,6.866411058206582
286,2039,2,11,4.898224502314156E18,43.28862771019754,0.014320264590851619,1.0,47.759769773067035,1.0,295.7999999999945,247.28629032258064,833.3521055723396,0.0,0.0,6.657258064516129,0.0,0.0,100.0,609.3982651787031,910.6734452935947,0.04467863790981938,100.0,1.0,6.62061364979491
295,2039,2,11,2.797545246119503E18,44.536291150367795,0.011548199483421137,1.0,34.67671207597171,1.0,295.7999999999945,248.46572580645162,483.40241572897895,0.0,0.0,6.893145161290323,0.0,0.0,100.0,652.0532941212435,909.5701071074116,0.04342698669152458,100.0,1.0,6.811432764173902
296,2039,2,11,4.898742477016446E18,44.48238021020124,0.026607051609802406,0.0,49.28010874322859,0.0,295.7999999999945,246.86290322580646,837.5464125121716,0.0,0.0,6.57258064516129,0.0,0.0,100.0,600.5899106115787,861.42504014128,0.04347961853519127,100.0,1.0,6.803187561560176
297,2039,2,11,4.974214387304059E17,44.171091417389604,0.026607051609802406,0.0,48.545456490068254,0.0,295.7999999999945,247.91633064516128,820.7984665622159,0.0,0.0,6.783266129032258,0.0,0.0,100.0,577.6555535928374,869.344107770024,0.043786034282038686,100.0,1.0,6.755578687365473
288,2039,2,12,5.859174576972996E18,45.00476785446373,0.026607051609802406,0.0,41.76384244414864,0.0,298.7000000000056,250.2429435483871,586.3069721839604,0.0,0.0,6.948588709677419,0.0,0.0,100.0,501.55480923893316,816.8514563762452,0.04339625676671027,100.0,1.0,6.883082142447399
289,2039,2,12,1.481964993321812E18,43.267834905254055,0.020491211426230317,1.0,40.582803960902645,2.0,298.7000000000056,249.8548387096774,583.4324894890411,0.0,0.0,6.870967741935484,0.0,0.0,100.0,493.9666574730225,853.2381658804281,0.0451383450504322,100.0,1.0,6.6174335737447585
290,2039,2,12,2.9539370702862316E18,45.24393606326381,0.026607051609802406,0.0,45.184075034446735,0.0,298.7000000000056,250.07157258064515,730.9450709596409,0.0,0.0,6.914314516129032,0.0,0.0,100.0,518.9814228422915,886.0646697088995,0.04316685574852721,100.0,1.0,6.919660809675645
293,2039,2,12,2.861374886328272E18,45.57221122180409,0.014110997747691591,0.0,53.459761045832266,0.0,298.7000000000056,248.84173387096774,1009.4472559006815,0.0,0.0,6.668346774193548,0.0,0.0,100.0,515.2133149271211,878.0862029195856,0.042855907343027126,100.0,1.0,6.9698675986288645
280,2039,2,12,5.096996787781837E17,44.93208738889105,0.026607051609802406,1.0,40.53135405529414,1.0,298.7000000000056,249.96068548387098,594.3520228556164,0.0,0.0,6.892137096774194,0.0,0.0,100.0,587.4988628767406,871.1993080085928,0.0434664529300583,100.0,1.0,6.871966306536277
283,2039,2,12,6.605295447056412E18,44.65146215431303,0.02072033512186842,0.0,43.64648688301101,0.0,298.7000000000056,249.9102822580645,710.0374004711847,0.0,0.0,6.882056451612903,0.0,0.0,100.0,589.4442383607357,916.0332685103286,0.043739630625955844,100.0,1.0,6.82904715301258
284,2039,2,12,3.1730362057635645E18,44.897437946846324,0.026607051609802406,1.0,43.58715238087469,1.0,298.7000000000056,249.37600806451613,693.6118383043242,0.0,0.0,6.775201612903226,0.0,0.0,100.0,586.9763576410477,897.0056054832392,0.04349999801437851,100.0,1.0,6.866666980105911
298,2039,2,12,7.278710821350941E18,44.905446346305844,0.019010719854414816,1.0,50.96201948437992,1.0,298.7000000000056,248.91229838709677,912.4743852754805,0.0,0.0,6.682459677419355,0.0,0.0,100.0,521.8322978527727,877.3413649267754,0.04349224026139015,100.0,1.0,6.867891794140894
299,2039,2,12,8.617806463867117E18,44.71818989913706,0.016495981580461904,0.0,52.44014982317994,0.0,298.7000000000056,249.61290322580646,940.8091654284264,0.0,0.0,6.82258064516129,0.0,0.0,100.0,563.3380039402949,852.5827009770286,0.043674363071126605,100.0,1.0,6.839252572809197
282,2039,2,13,8.834479670273441E18,45.50462597821747,0.026607051609802406,0.0,38.943473082906515,0.0,301.6000000000007,250.23084677419354,541.967995253455,0.0,0.0,6.64616935483871,0.0,0.0,100.0,456.8588719656119,848.8656570804177,0.04333625335024136,100.0,1.0,6.959531031962663
288,2039,7,28,5.859174576972996E18,37.13782132661378,0.0014104449042522764,1.0,38.50511904446613,2.0,269.70000000000493,231.6522177419355,445.13632231629913,0.0,0.0,5.930443548387097,0.0,0.0,100.1000000000013,318.86268945067303,709.8221965302467,0.04760343772834856,100.0,1.0,5.665557213305932
289,2039,7,28,1.481964993321812E18,37.48665921092776,0.0012258538908269186,1.0,40.023950804712065,1.0,269.70000000000493,231.0826612903226,497.35996680115903,0.0,0.0,5.816532258064516,0.0,0.0,100.1000000000013,317.8892734244525,744.2082198328458,0.047160456602455506,100.0,1.0,5.718774147448829
283,2039,7,28,6.605295447056412E18,37.72083522373963,0.0014792697792372273,0.0,44.00232897972362,0.0,269.70000000000493,231.49092741935485,603.4098509296178,0.0,0.0,5.898185483870968,0.0,0.0,100.1000000000013,315.2574925434843,766.7991378300695,0.04686767815192427,100.0,1.0,5.754498849415089
291,2039,7,29,6.492828447697523E18,37.62684627257714,0.001641648459724299,1.0,45.86107220538179,2.0,272.60000000000326,233.3790322580645,618.6117397579378,0.0,0.0,5.975806451612903,0.0,0.0,100.1000000000013,310.2664189937117,729.3921483119569,0.047489962351690444,100.0,1.0,5.740160372864558
293,2039,7,29,2.861374886328272E18,37.28949132854951,0.0015328408747613655,1.0,50.362125063592934,2.0,272.60000000000326,233.45967741935485,776.3210381328843,0.0,0.0,5.991935483870968,0.0,0.0,100.1000000000013,303.5672476677193,764.2537875030673,0.04791960011343612,100.0,1.0,5.68869521771258
294,2039,7,29,4.281117921937587E18,36.74070582205089,2.2123398621432536E-4,1.0,41.115025376391756,3.0,272.60000000000326,233.41935483870967,530.181471393167,0.0,0.0,5.983870967741935,0.0,0.0,100.1000000000013,289.6349880000014,758.1406537187025,0.04863536159463439,100.0,1.0,5.604975290860741
280,2039,7,29,5.096996787781837E17,37.63768529144755,0.0022534531594307016,1.0,38.104528318299266,2.0,272.60000000000326,232.88004032258064,467.08891416943703,0.0,0.0,5.876008064516129,0.0,0.0,100.1000000000013,380.83083342399414,757.4402314109597,0.04747628604311583,100.0,1.0,5.741813918477957
281,2039,7,29,6.307363977605812E18,37.63142228439422,0.0041351384704391885,1.0,45.93620109227317,2.0,272.60000000000326,233.29334677419354,646.5438008571575,0.0,0.0,5.95866935483871,0.0,0.0,100.1000000000013,305.5314529999989,759.9875416326979,0.04748418753331466,100.0,1.0,5.7408584659629796
284,2039,7,29,3.1730362057635645E18,36.40270219955369,0.002926696177708096,1.0,41.313097474567705,5.0,272.60000000000326,233.35887096774192,531.9251263238601,0.0,0.0,5.971774193548387,0.0,0.0,100.1000000000013,284.9905290800016,754.4854008864286,0.04908694698272815,100.0,1.0,5.553411176619335
285,2039,7,29,3.0688222562761073E18,35.79367628547822,0.00897325048085301,2.0,52.10145067727959,5.0,272.60000000000326,233.42439516129033,835.0413359492583,0.0,0.0,5.984879032258065,0.0,0.0,100.1000000000013,312.690392903611,766.7291691641378,0.04992215660235204,100.0,1.0,5.460501279449131
295,2039,7,29,2.797545246119503E18,38.394060178835176,0.0012978377901146964,0.0,37.71680775342893,0.0,272.60000000000326,233.2227822580645,452.221757200786,0.0,0.0,5.944556451612903,0.0,0.0,100.1000000000013,290.3185029999966,745.6058660082058,0.04654098849078115,100.0,1.0,5.857202625896093
296,2039,7,29,4.898742477016446E18,37.29288885204231,0.0019405818513955524,1.0,48.137725769061845,2.0,272.60000000000326,233.43951612903226,684.3894955263944,0.0,0.0,5.987903225806452,0.0,0.0,100.1000000000013,318.0041288406402,736.3873509621277,0.04791523445627825,100.0,1.0,5.689213526623679
297,2039,7,29,4.974214387304059E17,38.28971318062575,0.00202922896446247,0.0,47.79514746517473,0.0,272.60000000000326,232.9102822580645,698.9173375113468,0.0,0.0,5.882056451612903,0.0,0.0,100.1000000000013,377.76851726585693,762.482669424469,0.04666782183685011,100.0,1.0,5.841283978348253
298,2039,7,29,7.278710821350941E18,38.033319445189306,0.0014548071467012059,0.0,49.446420289813304,0.0,272.60000000000326,232.9758064516129,748.1279822258113,0.0,0.0,5.895161290322581,0.0,0.0,100.1000000000013,310.2308150908793,763.9539346927334,0.046982423279479275,100.0,1.0,5.802169853573048
290,2039,7,30,2.9539370702862316E18,36.801948939966714,2.1924478305446185E-4,1.0,40.82989456017724,4.0,275.50000000000006,234.94959677419354,536.16435297271,0.0,0.0,5.98991935483871,0.0,0.0,100.1000000000013,318.3772796675916,775.8085188383823,0.04907096262355433,100.0,1.0,5.614318229570629
292,2039,7,30,1.0005304447219302E18,36.326246030605,0.002342885243042555,1.0,37.83380386570009,6.0,275.50000000000006,234.72782258064515,473.49419428089266,0.0,0.0,5.945564516129032,0.0,0.0,100.1000000000013,315.6783379897767,776.7531216972457,0.04971356135686515,100.0,1.0,5.541747412186858
299,2039,7,30,8.617806463867117E18,37.499864405147065,0.004663851601274977,1.0,50.95305527962108,2.0,275.50000000000006,234.8235887096774,764.7953346818118,0.0,0.0,5.964717741935484,0.0,0.0,100.1000000000013,321.2945276389752,735.3124258599222,0.048157695755806126,100.0,1.0,5.7207886647438775
287,2039,7,31,8.507560024639921E18,37.214900393264124,0.002046818084136187,2.0,41.03932543057204,5.0,278.3999999999973,236.21774193548387,511.4218723439135,0.0,0.0,5.943548387096774,0.0,0.0,100.1000000000013,309.37550324005576,733.6952067214031,0.04903725630411461,100.0,1.0,5.6773160038449655
282,2039,7,31,8.834479670273441E18,38.195424525285205,0.003068827113834826,1.0,33.503787598494135,3.0,278.3999999999973,236.40423387096774,390.5881019032261,0.0,0.0,5.980846774193548,0.0,0.0,100.1000000000013,340.6075462941303,773.89385330462,0.047778408843407505,100.0,1.0,5.826899780452004
286,2039,7,31,4.898224502314156E18,37.03413754984759,0.001397702567111065,1.0,47.91430212255186,5.0,278.3999999999973,236.46975806451613,713.5614399076408,0.0,0.0,5.993951612903226,0.0,0.0,100.1000000000013,300.89068099999855,774.7130599378859,0.049276606116728544,100.0,1.0,5.649739743449689
289,2040,2,10,1.481964993321812E18,43.303324053946525,0.014460354135762176,0.0,43.5015383521131,0.0,292.89999999999856,244.0826612903226,648.8107345562452,0.0,0.0,6.316532258064516,0.0,0.0,100.0,490.38703123359113,841.7285281337165,0.04422559760607649,100.0,1.0,6.6228613258977145
288,2040,2,11,5.859174576972996E18,44.973887774206425,0.014243603645504463,0.0,40.20144852307019,0.0,295.7999999999945,246.2227822580645,549.8073753423846,0.0,0.0,6.444556451612903,0.0,0.0,100.0,533.7669521297178,817.0540802536151,0.04300444143915272,100.0,1.0,6.878359306643338
292,2040,2,11,1.0005304447219302E18,44.72228274088898,0.018605347162132014,0.0,42.71325076345906,0.0,295.7999999999945,247.5584677419355,670.2011893324594,0.0,0.0,6.711693548387097,0.0,0.0,100.0,558.8378162985287,897.9364238623906,0.043246381994463526,100.0,1.0,6.839878536841842
293,2040,2,11,2.861374886328272E18,42.92325515734617,0.026607051609802406,1.0,52.29459306390947,1.0,295.7999999999945,248.44052419354838,976.6807763550706,0.0,0.0,6.888104838709677,0.0,0.0,100.0,517.7822782485858,890.1464309317249,0.04505895268164154,100.0,1.0,6.564733141711767
294,2040,2,11,4.281117921937587E18,43.20520584938751,0.026607051609802406,0.0,43.37069056863251,0.0,295.7999999999945,248.4203629032258,679.2214185507048,0.0,0.0,6.884072580645161,0.0,0.0,100.0,524.3156677878587,886.0243763333223,0.04476490471585859,100.0,1.0,6.607855012259264
280,2040,2,11,5.096996787781837E17,43.52417453399549,0.019449599129972513,1.0,37.392119105325,1.0,295.7999999999945,247.23084677419354,505.23070580003923,0.0,0.0,6.64616935483871,0.0,0.0,100.0,535.1720473165617,845.1427488377161,0.04443684328961222,100.0,1.0,6.656638458140482
281,2040,2,11,6.307363977605812E18,44.568516111774805,0.026607051609802406,0.0,46.514169146511634,0.0,295.7999999999945,247.52318548387098,766.5946853364474,0.0,0.0,6.704637096774194,0.0,0.0,100.0,554.7920723343685,880.1489113729057,0.043395587105174334,100.0,1.0,6.816361287683199
282,2040,2,11,8.834479670273441E18,44.13422804555936,0.01367268839147091,0.0,37.56685883354213,0.0,295.7999999999945,247.91129032258064,527.0103702826393,0.0,0.0,6.782258064516129,0.0,0.0,100.0,531.1477392824048,874.8967533436868,0.04382260682299362,100.0,1.0,6.749940759909084
283,2040,2,11,6.605295447056412E18,43.80620778284467,0.026607051609802406,0.0,44.42067402852358,0.0,295.7999999999945,246.99395161290323,716.0619957075326,0.0,0.0,6.598790322580645,0.0,0.0,100.0,546.3996024058962,895.0704469857877,0.044150749881488545,100.0,1.0,6.6997729550232865
284,2040,2,11,3.1730362057635645E18,43.44099777496981,0.016323344545891034,0.0,43.271578341940874,0.0,295.7999999999945,247.98185483870967,663.6045553537556,0.0,0.0,6.796370967741935,0.0,0.0,100.0,476.5397486644217,869.1677665603772,0.04452192680047691,100.0,1.0,6.643917306760093
285,2040,2,11,3.0688222562761073E18,43.640818062203714,0.026607051609802406,1.0,59.3761129697178,1.0,295.7999999999945,248.25907258064515,1248.507818243075,0.0,0.0,6.851814516129032,0.0,0.0,100.0,449.0699634569327,853.6430009010116,0.044318072138797696,100.0,1.0,6.674478056572324
286,2040,2,11,4.898224502314156E18,42.76698696559827,0.026607051609802406,1.0,50.44367154143673,2.0,295.7999999999945,248.50604838709677,915.6299032792784,0.0,0.0,6.901209677419355,0.0,0.0,100.0,518.8241009459134,898.7164640065207,0.045223595588640746,100.0,1.0,6.540833300620915
296,2040,2,11,4.898742477016446E18,43.68806844143866,0.021689704603414392,1.0,49.4486720950748,1.0,295.7999999999945,248.4304435483871,824.6021755308032,0.0,0.0,6.886088709677419,0.0,0.0,100.0,504.4554707088543,842.345909146397,0.04427014038557031,100.0,1.0,6.681704585161186
297,2040,2,11,4.974214387304059E17,43.598341719979814,0.026607051609802406,0.0,46.550044889599924,0.0,295.7999999999945,246.4445564516129,749.8529764824209,0.0,0.0,6.488911290322581,0.0,0.0,100.0,569.877735632691,860.1629295449758,0.04436124968924126,100.0,1.0,6.667981674820437
287,2040,2,12,8.507560024639921E18,44.00003576721374,0.01593236623341462,1.0,41.444978757708896,2.0,298.7000000000056,248.40826612903226,572.6941520671587,0.0,0.0,6.581653225806452,0.0,0.0,100.0,429.8826858787392,808.3399957073524,0.04438720168027209,100.0,1.0,6.729417234985618
290,2040,2,12,2.9539370702862316E18,45.279081939109126,0.014199122246013824,0.0,42.22001371976626,0.0,298.7000000000056,249.45665322580646,658.3298518009683,0.0,0.0,6.79133064516129,0.0,0.0,100.0,547.2058754197074,900.1996395066121,0.04313334939442744,100.0,1.0,6.925036061275496
291,2040,2,12,6.492828447697523E18,44.47616898854948,0.015714863617158355,0.0,48.18112392041932,0.0,298.7000000000056,249.3054435483871,774.5228169748615,0.0,0.0,6.761088709677419,0.0,0.0,100.0,470.8199277068611,832.2431219723064,0.04391202088564142,100.0,1.0,6.802237610013436
295,2040,2,12,2.797545246119503E18,45.11021031024787,0.010926923667450097,0.0,41.98239744437184,0.0,298.7000000000056,248.6451612903226,605.7594423724094,0.0,0.0,6.629032258064516,0.0,0.0,100.0,455.93761291494513,836.2947428069482,0.043294820576237014,100.0,1.0,6.899208635684967
298,2040,2,12,7.278710821350941E18,44.86650711721952,0.026607051609802406,0.0,47.93716727425668,0.0,298.7000000000056,249.3054435483871,836.9607056326727,0.0,0.0,6.761088709677419,0.0,0.0,100.0,617.66410046106,908.3572075156196,0.04352998677690541,100.0,1.0,6.861936382633575
299,2040,2,12,8.617806463867117E18,43.90124523045403,0.026607051609802406,1.0,52.862861668215615,1.0,298.7000000000056,249.27520161290323,953.5699588669826,0.0,0.0,6.755040322580645,0.0,0.0,100.0,558.8233688405566,849.575023100346,0.04448708576001129,100.0,1.0,6.71430809406945
287,2040,7,27,8.507560024639921E18,36.420187480625266,0.0018647652703352063,1.0,35.370144358788885,3.0,269.70000000000493,231.4102822580645,403.7431928816973,0.0,0.0,5.882056451612903,0.0,0.0,100.1000000000013,342.45745644159723,736.4943737107382,0.04854142955273028,100.0,1.0,5.556078642204622
288,2040,7,27,5.859174576972996E18,36.90884081638319,0.00897325048085301,1.0,35.722749187759234,2.0,269.70000000000493,231.80342741935485,400.1314464798944,0.0,0.0,5.960685483870968,0.0,0.0,100.1000000000013,334.0637241617024,718.7813773136602,0.04789876695621556,100.0,1.0,5.630625110799589
291,2040,7,27,6.492828447697523E18,37.99896524559381,0.001484654282073632,0.0,45.54307800939965,0.0,269.70000000000493,231.06754032258064,624.1069043848911,0.0,0.0,5.813508064516129,0.0,0.0,100.1000000000013,354.8252378234543,745.1936881316703,0.04652463438048463,100.0,1.0,5.796928951539147
292,2040,7,27,1.0005304447219302E18,35.172901587596286,0.00554589028482883,1.0,37.390500481857394,7.0,269.70000000000493,231.76814516129033,460.39515452518066,0.0,0.0,5.953629032258065,0.0,0.0,100.1000000000013,310.56502257586254,769.7891632209819,0.05026278427684343,100.0,1.0,5.365799047552136
294,2040,7,27,4.281117921937587E18,36.96479684724508,0.0013172710629555265,1.0,42.45820897575438,2.0,269.70000000000493,231.8991935483871,567.5711372926828,0.0,0.0,5.979838709677419,0.0,0.0,100.1000000000013,310.2912575373426,768.2138904270458,0.04782625945960675,100.0,1.0,5.639161478388018
285,2040,7,27,3.0688222562761073E18,37.498000196693546,0.002814695884834697,0.0,57.428649010113865,0.0,269.70000000000493,231.8991935483871,1035.1886654250018,0.0,0.0,5.979838709677419,0.0,0.0,100.1000000000013,326.5103221042067,766.5046859337839,0.04714619328003208,100.0,1.0,5.720504270579817
295,2040,7,27,2.797545246119503E18,37.73181012913955,0.003182003716614553,0.0,38.37367087694992,0.0,269.70000000000493,231.49092741935485,462.1380490470051,0.0,0.0,5.898185483870968,0.0,0.0,100.1000000000013,301.3998577900005,741.0019028103967,0.04685404593199437,100.0,1.0,5.75617312518661
289,2040,7,28,1.481964993321812E18,37.540727062247015,0.0036536036159825077,1.0,41.555276216122486,2.0,272.60000000000326,233.40927419354838,536.0374084427237,0.0,0.0,5.981854838709677,0.0,0.0,100.1000000000013,300.7345578900033,752.8846179732791,0.047598905315143304,100.0,1.0,5.727022463965725
290,2040,7,28,2.9539370702862316E18,37.10947576077911,0.00897325048085301,1.0,39.74209171140027,3.0,272.60000000000326,233.33870967741936,506.7721956649368,0.0,0.0,5.967741935483871,0.0,0.0,100.1000000000013,289.41192749331407,767.3292593981049,0.04815205486643123,100.0,1.0,5.66123295789073
293,2040,7,28,2.861374886328272E18,37.681870958828405,9.201446350341513E-4,1.0,51.19076209163027,1.0,272.60000000000326,233.42439516129033,837.3501947745037,0.0,0.0,5.984879032258065,0.0,0.0,100.1000000000013,376.3084207247053,797.3785914244901,0.04742061546917136,100.0,1.0,5.748554659254125
281,2040,7,28,6.307363977605812E18,37.6729210411955,0.001399883070335882,1.0,44.58815222032053,2.0,272.60000000000326,231.45866935483872,619.4925432444211,0.0,0.0,5.591733870967742,0.0,0.0,100.1000000000013,361.27885000000214,768.9531080615775,0.047431881136680495,100.0,1.0,5.747189305321341
282,2040,7,28,8.834479670273441E18,36.85232893261351,0.0017033505088938936,1.0,34.367545834548544,4.0,272.60000000000326,233.02620967741936,401.7707011407667,0.0,0.0,5.905241935483871,0.0,0.0,100.1000000000013,325.57458432000715,765.8732323478629,0.04848804850746275,100.0,1.0,5.622003945117479
283,2040,7,28,6.605295447056412E18,37.373711309954835,0.001625000087079502,1.0,43.42458316558857,3.0,272.60000000000326,232.64818548387098,595.8522331507371,0.0,0.0,5.829637096774194,0.0,0.0,100.1000000000013,325.9742084000428,775.2302782361546,0.04781161544482679,100.0,1.0,5.701543389902307
284,2040,7,28,3.1730362057635645E18,36.92937261842294,0.0015508555964142787,1.0,41.39878446220875,3.0,272.60000000000326,233.4647177419355,538.5476568836772,0.0,0.0,5.992943548387097,0.0,0.0,100.1000000000013,275.0,761.1776283013473,0.0483868906022547,100.0,1.0,5.633757338135317
286,2040,7,28,4.898224502314156E18,36.65636536375028,0.002957564430076809,1.0,49.96415336297302,4.0,272.60000000000326,233.19758064516128,775.4896235161261,0.0,0.0,5.939516129032258,0.0,0.0,100.1000000000013,296.99007900000487,775.6922688131461,0.04874726381532115,100.0,1.0,5.592108739328375
296,2040,7,28,4.898742477016446E18,38.251116450043845,0.0023307144106111738,1.0,49.322732585538056,1.0,272.60000000000326,232.81451612903226,718.5129634329663,0.0,0.0,5.862903225806452,0.0,0.0,100.1000000000013,314.7593921329241,737.2984726720462,0.04671491132111746,100.0,1.0,5.835395857356032
298,2040,7,28,7.278710821350941E18,37.55580378957263,0.0018883102863747948,1.0,47.644163554996325,1.0,272.60000000000326,233.36895161290323,694.7582540507749,0.0,0.0,5.973790322580645,0.0,0.0,100.1000000000013,303.14283299999585,762.4818920773982,0.047579796798109426,100.0,1.0,5.729322492836601
299,2040,7,28,8.617806463867117E18,36.85234274456814,0.0011942042162434168,1.0,52.15695270996749,3.0,272.60000000000326,233.40927419354838,787.9044839686851,0.0,0.0,5.981854838709677,0.0,0.0,100.1000000000013,289.3796039999961,721.8999306614289,0.048488030334541306,100.0,1.0,5.622006052199068
280,2040,7,29,5.096996787781837E17,37.75412777729684,0.0015665590923276966,1.0,36.69747657941157,2.0,275.50000000000006,234.87399193548387,429.21033752194313,0.0,0.0,5.974798387096774,0.0,0.0,100.1000000000013,310.8872919999995,739.1843423630363,0.04783336729588082,100.0,1.0,5.759577792126811
297,2040,7,29,4.974214387304059E17,38.22877075182642,0.0011130303250872053,1.0,47.16129786132052,2.0,275.50000000000006,233.68951612903226,664.5353520582349,0.0,0.0,5.737903225806452,0.0,0.0,100.1000000000013,321.05856500000795,743.6256400901209,0.047239475018191264,100.0,1.0,5.8319869112412634
286,2041,2,8,4.898224502314156E18,42.275489346845895,0.026607051609802406,0.0,50.15667643303768,0.0,290.00000000000006,242.96572580645162,896.5141256135082,0.0,0.0,6.393145161290323,0.0,0.0,100.0,526.5347890993614,890.1347876620868,0.044852321651371166,100.0,1.0,6.465663076576428
287,2041,2,9,8.507560024639921E18,43.89475544351533,0.01583753072012047,0.0,42.48010273431514,0.0,292.89999999999856,244.75302419354838,619.080710444153,0.0,0.0,6.450604838709677,0.0,0.0,100.0,609.8145658471118,837.5441501843153,0.043629708498542245,100.0,1.0,6.713315538419995
288,2041,2,9,5.859174576972996E18,43.882696894640006,0.026607051609802406,0.0,36.31385293460376,0.0,292.89999999999856,245.4133064516129,478.78142580265705,0.0,0.0,6.582661290322581,0.0,0.0,100.0,603.5954352144649,838.5239336261734,0.043641697528605965,100.0,1.0,6.711471289768471
290,2041,2,9,2.9539370702862316E18,42.85627922698719,0.020209213031598935,0.0,36.921373541640534,0.0,292.89999999999856,246.51209677419354,524.7193113833889,0.0,0.0,6.80241935483871,0.0,0.0,100.0,549.7902111905328,895.4566141943621,0.044686926143821595,100.0,1.0,6.554489764127463
292,2041,2,9,1.0005304447219302E18,43.05182432944207,0.026607051609802406,1.0,41.10826813050975,1.0,292.89999999999856,244.82862903225808,621.5794342821607,0.0,0.0,6.465725806451613,0.0,0.0,100.0,549.2702566898134,889.4706702585727,0.04448395426777952,100.0,1.0,6.584396662149952
293,2041,2,9,2.861374886328272E18,42.885619357815955,0.008699980258801868,1.0,53.6751900878668,2.0,292.89999999999856,246.02822580645162,1015.252284295735,0.0,0.0,6.705645161290323,0.0,0.0,100.0,486.67111081782593,875.633323969307,0.04465635365171291,100.0,1.0,6.558977078254209
294,2041,2,9,4.281117921937587E18,43.027319311105344,0.026607051609802406,0.0,40.44818749142502,0.0,292.89999999999856,245.02520161290323,598.3920776396833,0.0,0.0,6.505040322580645,0.0,0.0,100.0,525.1296690708266,880.0211456207389,0.04450928887222322,100.0,1.0,6.580648835816108
281,2041,2,9,6.307363977605812E18,42.75407938988761,0.026607051609802406,1.0,41.181203551263046,1.0,292.89999999999856,244.52620967741936,615.6061283049818,0.0,0.0,6.405241935483871,0.0,0.0,100.0,567.2622721534643,878.4733444191302,0.04479374627976083,100.0,1.0,6.538859200806334
282,2041,2,9,8.834479670273441E18,42.569684549352736,0.011858198053683735,0.0,36.12761724159442,0.0,292.89999999999856,244.57157258064515,481.53077024079334,0.0,0.0,6.414314516129032,0.0,0.0,100.0,486.60022341208133,850.409658048167,0.04498777486582279,100.0,1.0,6.510657636959828
284,2041,2,9,3.1730362057635645E18,43.37814906245037,0.026607051609802406,1.0,40.96312045719871,1.0,292.89999999999856,245.79133064516128,608.1167383597897,0.0,0.0,6.658266129032258,0.0,0.0,100.0,509.8597949829268,875.5123628245423,0.044149310793741584,100.0,1.0,6.634305150727717
285,2041,2,9,3.0688222562761073E18,43.13175789167977,0.026607051609802406,0.0,56.819677702801535,0.0,292.89999999999856,244.71774193548387,1186.9919518382637,0.0,0.0,6.443548387096774,0.0,0.0,100.0,640.0900087469491,901.3571358377089,0.044401514759147005,100.0,1.0,6.596621795198085
295,2041,2,9,2.797545246119503E18,42.052165915400735,0.026607051609802406,1.0,34.40915355439924,1.0,292.89999999999856,244.44052419354838,435.1657117203048,0.0,0.0,6.388104838709677,0.0,0.0,100.0,481.9211942482508,828.4477182517506,0.04554142082641231,100.0,1.0,6.4315077282377535
297,2041,2,9,4.974214387304059E17,42.870986348467426,0.026607051609802406,1.0,47.32073294747766,1.0,292.89999999999856,244.07762096774192,769.9367358012298,0.0,0.0,6.315524193548387,0.0,0.0,100.0,629.2054444184272,856.4306505298273,0.04467159605446869,100.0,1.0,6.556739088589125
299,2041,2,9,8.617806463867117E18,42.52573836906208,0.016629407256126494,0.0,53.61991619570212,0.0,292.89999999999856,245.54939516129033,954.3696171990334,0.0,0.0,6.609879032258065,0.0,0.0,100.0,489.96390329743815,824.8053317510497,0.04503426531939165,100.0,1.0,6.503936456444789
289,2041,2,10,1.481964993321812E18,44.36111223224433,0.026607051609802406,1.0,41.887026961013824,1.0,295.7999999999945,248.0272177419355,641.402442926401,0.0,0.0,6.805443548387097,0.0,0.0,100.0,537.5944781305001,889.0821834458729,0.04359847681346192,100.0,1.0,6.784640694343254
291,2041,2,10,6.492828447697523E18,43.749852149883104,0.01638365246909017,0.0,47.65961158020677,0.0,295.7999999999945,247.37197580645162,752.5243011725411,0.0,0.0,6.674395161290323,0.0,0.0,100.0,473.80629762786305,825.7642069035902,0.04420762192409052,100.0,1.0,6.691153858217402
280,2041,2,10,5.096996787781837E17,44.09928852516799,0.017210253305176188,1.0,40.344190929982524,1.0,295.7999999999945,248.6320564516129,574.1635838445083,0.0,0.0,6.926411290322581,0.0,0.0,100.0,520.1486590588934,848.1517357335487,0.04385732713064259,100.0,1.0,6.744597068555111
283,2041,2,10,6.605295447056412E18,43.450985532196206,0.020209213031598935,1.0,48.98710556231531,1.0,295.7999999999945,247.0241935483871,827.0312949157767,0.0,0.0,6.604838709677419,0.0,0.0,100.0,442.9510803070873,860.5162252276291,0.044511692873888516,100.0,1.0,6.645444846100585
296,2041,2,10,4.898742477016446E18,44.27598821703497,0.014322496543665127,0.0,48.10931483728457,0.0,295.7999999999945,246.3084677419355,809.0078444902864,0.0,0.0,6.461693548387097,0.0,0.0,100.0,589.3118588273229,871.8249334350432,0.04368229826054477,100.0,1.0,6.771621727311231
298,2041,2,10,7.278710821350941E18,41.74970675960829,0.01708960579098744,1.0,43.95839144155275,3.0,295.7999999999945,248.12298387096774,683.0354366006147,0.0,0.0,6.824596774193548,0.0,0.0,100.0,486.34989385278055,869.744633342211,0.046325521139900655,100.0,1.0,6.385249269116563
289,2041,7,27,1.481964993321812E18,37.805638931534766,0.0013424970797206808,0.0,41.3823453135776,0.0,266.79999999999524,229.08366935483872,538.8292444023044,0.0,0.0,5.716733870967742,0.0,0.0,100.1000000000013,323.264930462114,762.1935568554281,0.046259723848221926,100.0,1.0,5.7674360719351805
298,2041,7,27,7.278710821350941E18,36.99893557770091,0.0011332723517116761,1.0,44.46148225699221,1.0,266.79999999999524,229.99092741935485,610.8061772026282,0.0,0.0,5.898185483870968,0.0,0.0,100.1000000000013,312.5455352209161,761.8049946440403,0.04726834406372555,100.0,1.0,5.64436950954543
299,2041,7,27,8.617806463867117E18,35.13410013115716,0.0015157517704143626,1.0,50.93333935411166,5.0,266.79999999999524,228.32258064516128,747.2872015264252,0.0,0.0,5.564516129032258,0.0,0.0,100.1000000000013,308.93429199999997,718.9269513827342,0.04977723665469566,100.0,1.0,5.359879694623969
288,2041,7,28,5.859174576972996E18,35.34290451623293,9.021969114068987E-4,2.0,32.73876760744028,7.0,269.70000000000493,231.6522177419355,346.9193744204654,0.0,0.0,5.930443548387097,0.0,0.0,100.1000000000013,316.1351400000034,711.3522867827696,0.05002101522459785,100.0,1.0,5.3917338300518916
290,2041,7,28,2.9539370702862316E18,35.959250285091564,0.001622649273210312,1.0,35.39188028244696,4.0,269.70000000000493,231.82862903225808,421.129013968776,0.0,0.0,5.965725806451613,0.0,0.0,100.1000000000013,299.05215100000555,767.4829366095813,0.04916364915485879,100.0,1.0,5.48576040705373
293,2041,7,28,2.861374886328272E18,37.84170779144268,0.001685433974615517,0.0,53.070620317284984,0.0,269.70000000000493,231.6421370967742,883.7214931327811,0.0,0.0,5.928427419354839,0.0,0.0,100.1000000000013,332.5971185476299,780.5572958608328,0.04671797516727762,100.0,1.0,5.7729385538290465
283,2041,7,28,6.605295447056412E18,36.0983201565893,0.00421675304551364,1.0,45.042205753679134,4.0,269.70000000000493,231.69254032258064,630.3665304339287,0.0,0.0,5.938508064516129,0.0,0.0,100.1000000000013,301.67699828214853,768.0777038312871,0.048974244707763646,100.0,1.0,5.5069761996196895
284,2041,7,28,3.1730362057635645E18,36.68530559462292,0.002712590834598862,1.0,37.20978358040653,2.0,269.70000000000493,230.6290322580645,466.2202410043163,0.0,0.0,5.725806451612903,0.0,0.0,100.1000000000013,372.2827544600004,785.3298849916906,0.048190629360523186,100.0,1.0,5.596523713818477
285,2041,7,28,3.0688222562761073E18,37.069553712517596,0.001026922691789086,1.0,57.93232008488648,3.0,269.70000000000493,231.54637096774192,1037.619607352461,0.0,0.0,5.909274193548387,0.0,0.0,100.1000000000013,297.4760280000033,752.6773608661086,0.047691104635311996,100.0,1.0,5.655142653171229
286,2041,7,28,4.898224502314156E18,37.04848667198707,0.0015540787116129276,1.0,50.16701407937214,2.0,269.70000000000493,231.5514112903226,783.9354813196,0.0,0.0,5.910282258064516,0.0,0.0,100.1000000000013,297.73134728751853,777.8552089516695,0.04771822343352895,100.0,1.0,5.651928772572487
296,2041,7,28,4.898742477016446E18,36.35387643028297,0.00897325048085301,1.0,45.883622386145284,3.0,269.70000000000493,231.7983870967742,632.0901470529569,0.0,0.0,5.959677419354839,0.0,0.0,100.1000000000013,309.7926974239511,744.5129829807303,0.04862997122956986,100.0,1.0,5.545962565489071
287,2041,7,29,8.507560024639921E18,34.99314155172334,0.0015643742121431358,2.0,36.043143759819024,8.0,272.60000000000326,232.96572580645162,413.78099922877476,0.0,0.0,5.893145161290323,0.0,0.0,100.1000000000013,322.8911277066621,732.9326789570038,0.051064220977597066,100.0,1.0,5.338375770377434
291,2041,7,29,6.492828447697523E18,36.973567082383376,0.002025564442630483,1.0,45.243892751073886,3.0,272.60000000000326,233.31854838709677,602.3650813795016,0.0,0.0,5.963709677419355,0.0,0.0,100.1000000000013,289.73429342486855,728.0983341106136,0.04832905380527729,100.0,1.0,5.64049942087293
292,2041,7,29,1.0005304447219302E18,37.15940276939996,0.0018555108521201452,1.0,41.033128085783154,2.0,272.60000000000326,233.3991935483871,534.2679202976424,0.0,0.0,5.979838709677419,0.0,0.0,100.1000000000013,279.4155696252193,766.673710747243,0.048087358238410934,100.0,1.0,5.668849568497557
294,2041,7,29,4.281117921937587E18,37.54830122968609,0.0010426737718862455,1.0,39.88871369715613,2.0,272.60000000000326,233.10685483870967,513.7540363358102,0.0,0.0,5.921370967741935,0.0,0.0,100.1000000000013,303.4581469999979,773.1424724473738,0.04758930376016032,100.0,1.0,5.728177940443247
280,2041,7,29,5.096996787781837E17,37.57833757539542,0.006818579392745485,1.0,39.098764171556454,2.0,272.60000000000326,233.34879032258064,473.0956979704157,0.0,0.0,5.969758064516129,0.0,0.0,100.1000000000013,307.17578573187495,735.8412447767366,0.04755126565437832,100.0,1.0,5.732760132640201
281,2041,7,29,6.307363977605812E18,37.463672086241395,0.0012859344340574723,1.0,41.4679856597354,2.0,272.60000000000326,233.33366935483872,541.9677783986215,0.0,0.0,5.966733870967742,0.0,0.0,100.1000000000013,304.8965479999948,763.9272354564368,0.04769680635641102,100.0,1.0,5.715267348572962
282,2041,7,29,8.834479670273441E18,35.6602849571982,0.0016063821125766205,1.0,30.98301806979543,5.0,272.60000000000326,233.32862903225808,345.2963513977029,0.0,0.0,5.965725806451613,0.0,0.0,100.1000000000013,322.67231400000225,767.6416175877057,0.05010889607422617,100.0,1.0,5.440151776566812
295,2041,7,29,2.797545246119503E18,37.054946856054436,0.0010707936134669524,1.0,33.49246362498002,3.0,272.60000000000326,232.96068548387098,372.38493538690875,0.0,0.0,5.892137096774194,0.0,0.0,100.1000000000013,294.1437800000037,738.2564160081317,0.048222913929387365,100.0,1.0,5.652914305410295
297,2041,7,29,4.974214387304059E17,38.21364462576581,0.00195666168357022,1.0,48.10576336619757,1.0,272.60000000000326,233.3991935483871,689.1212462488465,0.0,0.0,5.979838709677419,0.0,0.0,100.1000000000013,306.0599020614803,742.4422537218963,0.046760719381702426,100.0,1.0,5.829679346350523
287,2042,2,9,8.507560024639921E18,42.35751371124931,0.017530228282599068,0.0,41.54939104671197,0.0,290.00000000000006,243.2227822580645,595.4039823689235,0.0,0.0,6.444556451612903,0.0,0.0,100.0,537.3725995118838,836.6574758101708,0.04476546614798751,100.0,1.0,6.4782079793675384
289,2042,2,9,1.481964993321812E18,43.430904565799665,0.008991328379153724,0.0,42.31428121624479,0.0,290.00000000000006,242.08870967741936,651.9997642096149,0.0,0.0,6.217741935483871,0.0,0.0,100.0,585.8601886440424,888.127071672819,0.04365909172536554,100.0,1.0,6.642373639475249
291,2042,2,9,6.492828447697523E18,42.82505521778693,0.026607051609802406,0.0,48.466923784013076,0.0,290.00000000000006,242.00302419354838,762.0313561054317,0.0,0.0,6.200604838709677,0.0,0.0,100.0,480.91056232054194,809.5499311273866,0.044276740251961266,100.0,1.0,6.549714327426223
294,2042,2,9,4.281117921937587E18,42.625929359529025,0.026607051609802406,0.0,37.58468662543821,0.0,290.00000000000006,242.46673387096774,516.9867242652813,0.0,0.0,6.293346774193548,0.0,0.0,100.0,530.2281013353638,857.621349922298,0.04448357782796269,100.0,1.0,6.519259784398548
286,2042,2,9,4.898224502314156E18,41.974066538587664,0.026607051609802406,1.0,50.64959841691278,1.0,290.00000000000006,242.59274193548387,901.5880411360772,0.0,0.0,6.318548387096774,0.0,0.0,100.0,467.6565805821995,877.7338260767705,0.0451744136920989,100.0,1.0,6.419563117666353
295,2042,2,9,2.797545246119503E18,42.11493736813608,0.026607051609802406,1.0,34.43590831610731,2.0,290.00000000000006,241.75100806451613,440.48325503463354,0.0,0.0,6.150201612903226,0.0,0.0,100.0,513.2158926250526,837.6905867690829,0.045023309178383535,100.0,1.0,6.441108068067863
297,2042,2,9,4.974214387304059E17,42.35854897491755,0.026607051609802406,0.0,47.41614650506447,0.0,290.00000000000006,244.76512096774192,774.8707397514006,0.0,0.0,6.753024193548387,0.0,0.0,100.0,541.5614694979627,858.5068350757509,0.04476437205808548,100.0,1.0,6.478366313810927
288,2042,2,10,5.859174576972996E18,42.75719761275019,0.018693471660454052,1.0,37.64629393995283,1.0,292.89999999999856,245.16129032258064,502.0761951891214,0.0,0.0,6.532258064516129,0.0,0.0,100.0,540.0816877410846,830.6545285490057,0.044790479534240785,100.0,1.0,6.539336105479437
290,2042,2,10,2.9539370702862316E18,43.0575622980131,0.026607051609802406,1.0,39.29482701204319,1.0,292.89999999999856,245.3326612903226,577.0954394666941,0.0,0.0,6.566532258064516,0.0,0.0,100.0,530.9588233791877,890.6279732482488,0.04447802621431143,100.0,1.0,6.585274233813773
293,2042,2,10,2.861374886328272E18,43.60410483195245,0.026607051609802406,0.0,51.599908415594484,0.0,292.89999999999856,244.55645161290323,998.156534531991,0.0,0.0,6.411290322580645,0.0,0.0,100.0,669.161723656812,935.6316089168217,0.043920529775719794,100.0,1.0,6.668863091945671
280,2042,2,10,5.096996787781837E17,42.635648299765926,0.026607051609802406,0.0,41.002762823894564,0.0,292.89999999999856,246.38104838709677,580.4843131314485,0.0,0.0,6.776209677419355,0.0,0.0,100.0,474.01371534263455,834.1599080627261,0.0449181720223987,100.0,1.0,6.520746210552431
281,2042,2,10,6.307363977605812E18,43.5171537810574,0.014551620239303295,1.0,43.14905860077461,1.0,292.89999999999856,245.86693548387098,647.6286962725634,0.0,0.0,6.673387096774194,0.0,0.0,100.0,455.6272653915094,852.3802303027238,0.044008286806868496,100.0,1.0,6.655564695926424
283,2042,2,10,6.605295447056412E18,43.48339047376665,0.026607051609802406,1.0,46.42624276525816,1.0,292.89999999999856,245.28225806451613,762.366822992343,0.0,0.0,6.556451612903226,0.0,0.0,100.0,538.6205651136821,879.0558336712627,0.044042457677506974,100.0,1.0,6.650400895987833
285,2042,2,10,3.0688222562761073E18,41.460836951871336,0.026607051609802406,2.0,57.91611524274072,5.0,292.89999999999856,245.28225806451613,1183.7775418677297,0.0,0.0,6.556451612903226,0.0,0.0,100.0,490.50545831507765,859.6527550084921,0.04619094850493441,100.0,1.0,6.341069180874455
296,2042,2,10,4.898742477016446E18,44.449137155035565,0.026607051609802406,0.0,49.95323607215461,0.0,292.89999999999856,244.6320564516129,843.429064163308,0.0,0.0,6.426411290322581,0.0,0.0,100.0,514.5829817159796,844.4216537203906,0.043085546923792545,100.0,1.0,6.798103329593674
298,2042,2,10,7.278710821350941E18,42.71808456925547,0.009377486568148843,1.0,43.75731670915724,1.0,292.89999999999856,243.7701612903226,678.9188969271828,0.0,0.0,6.254032258064516,0.0,0.0,100.0,531.0212116454607,871.8995902595019,0.04483149008028545,100.0,1.0,6.533354110592026
299,2042,2,10,8.617806463867117E18,43.26675760974273,0.026607051609802406,1.0,52.912080839163,1.0,292.89999999999856,244.44052419354838,938.2492389747189,0.0,0.0,6.388104838709677,0.0,0.0,100.0,506.9497855933733,834.4092954532982,0.04426297440379798,100.0,1.0,6.617268810901834
292,2042,2,11,1.0005304447219302E18,43.31902894723707,0.026607051609802406,1.0,46.18853069438921,1.0,295.7999999999945,247.66935483870967,745.1863234571287,0.0,0.0,6.733870967741935,0.0,0.0,100.0,426.9662794016778,867.4253498993128,0.044647282501013734,100.0,1.0,6.625263250753912
284,2042,2,11,3.1730362057635645E18,43.81575994026954,0.026607051609802406,1.0,43.20537530784348,1.0,295.7999999999945,245.60282258064515,673.5432611590729,0.0,0.0,6.320564516129032,0.0,0.0,100.0,548.7643445095134,884.6602610881969,0.04414112469379632,100.0,1.0,6.701233873217708
282,2042,2,12,8.834479670273441E18,44.90914023834367,0.006137784729630968,0.0,39.17699158286197,0.0,298.7000000000056,248.47883064516128,553.5577455304569,0.0,0.0,6.595766129032258,0.0,0.0,100.0,475.8209374284648,858.4613823330404,0.04348866291301174,100.0,1.0,6.868456742334908
281,2042,7,26,6.307363977605812E18,36.784865669821365,0.0018678706246571663,1.0,40.76115510260647,1.0,263.8999999999959,227.58870967741936,516.0338983212404,0.0,0.0,5.717741935483871,0.0,0.0,100.1000000000013,299.27658769279395,748.7150173665892,0.047026646349507824,100.0,1.0,5.611712092728421
290,2042,7,27,2.9539370702862316E18,36.95413917656482,0.00416585444793548,1.0,37.27321220015756,2.0,266.79999999999524,229.84979838709677,468.825368621025,0.0,0.0,5.869959677419355,0.0,0.0,100.1000000000013,355.99048324596976,787.6664180383584,0.04732564350971187,100.0,1.0,5.637535598332524
292,2042,7,27,1.0005304447219302E18,36.80483012275487,0.0031507199722096307,1.0,43.37208896828124,1.0,266.79999999999524,230.15725806451613,593.2125564990852,0.0,0.0,5.931451612903226,0.0,0.0,100.1000000000013,294.71075299999706,773.4386356611118,0.047517633176008746,100.0,1.0,5.6147577681688965
293,2042,7,27,2.861374886328272E18,34.63627839126662,0.001769173990704468,2.0,49.3591925500971,6.0,266.79999999999524,230.17741935483872,756.7511621500736,0.0,0.0,5.935483870967742,0.0,0.0,100.1000000000013,315.96963399999885,775.4455294128006,0.05049267698804958,100.0,1.0,5.283934540906605
284,2042,7,27,3.1730362057635645E18,34.85885986025608,0.002722466772103455,2.0,37.36465184501387,6.0,266.79999999999524,229.0383064516129,462.6022501522138,0.0,0.0,5.707661290322581,0.0,0.0,100.1000000000013,344.3270299999914,773.939522381246,0.050170270166304154,100.0,1.0,5.317890438213866
285,2042,7,27,3.0688222562761073E18,37.43679203112774,0.001076445595111928,1.0,58.30885935539726,2.0,266.79999999999524,229.43145161290323,1073.5519009226734,0.0,0.0,5.786290322580645,0.0,0.0,100.1000000000013,344.2626436023646,766.8902483244782,0.04671549889809578,100.0,1.0,5.7111666640227305
288,2042,7,28,5.859174576972996E18,35.66314192234262,0.002304378654559077,1.0,34.58114946533981,5.0,269.70000000000493,231.76814516129033,383.8231271872041,0.0,0.0,5.953629032258065,0.0,0.0,100.1000000000013,321.2653119399957,724.9802987670842,0.049571851205303726,100.0,1.0,5.440587620644466
289,2042,7,28,1.481964993321812E18,37.14105033077892,0.0012245156223871544,1.0,41.71573535414599,2.0,269.70000000000493,231.67741935483872,548.4784368811299,0.0,0.0,5.935483870967742,0.0,0.0,100.1000000000013,300.89740848029544,765.2741228613236,0.04759929913513887,100.0,1.0,5.666049813765143
294,2042,7,28,4.281117921937587E18,37.264747957470824,0.00897325048085301,1.0,33.5852399882283,1.0,269.70000000000493,230.58366935483872,399.03774676020606,0.0,0.0,5.716733870967742,0.0,0.0,100.1000000000013,353.54700000000287,787.6602056161817,0.047441296715749544,100.0,1.0,5.68492049481586
280,2042,7,28,5.096996787781837E17,37.36645328060591,0.005247514901083626,1.0,39.10890225917877,1.0,269.70000000000493,231.62197580645162,484.15761664735555,0.0,0.0,5.924395161290323,0.0,0.0,100.1000000000013,351.3402120119471,752.5243191251138,0.047312169330386324,100.0,1.0,5.700436141844582
282,2042,7,28,8.834479670273441E18,36.56714928010966,0.0014458992073562767,2.0,33.651694049615124,3.0,269.70000000000493,231.40020161290323,386.4216183525092,0.0,0.0,5.880040322580645,0.0,0.0,100.1000000000013,314.8536899999994,760.4075345350045,0.04834634363607947,100.0,1.0,5.57849838718177
283,2042,7,28,6.605295447056412E18,34.99125866749979,0.0011683919896944071,1.0,41.52719254024253,6.0,269.70000000000493,231.95967741935485,547.5888769135585,0.0,0.0,5.991935483870968,0.0,0.0,100.1000000000013,330.2261348321338,769.934621105653,0.05052370312503298,100.0,1.0,5.3380885271328555
286,2042,7,28,4.898224502314156E18,37.29358123198493,0.003047979103550631,1.0,49.19602904397941,2.0,269.70000000000493,230.6290322580645,776.2999006995677,0.0,0.0,5.725806451612903,0.0,0.0,100.1000000000013,349.11417600000243,800.618931968924,0.04740461780516171,100.0,1.0,5.689319152587669
295,2042,7,28,2.797545246119503E18,34.92527311524521,0.0011897706816299436,1.0,29.35772945843772,5.0,269.70000000000493,231.9445564516129,310.89657216552814,0.0,0.0,5.988911290322581,0.0,0.0,100.1000000000013,301.1554409639464,746.3964298199869,0.050619159342129766,100.0,1.0,5.328022106750726
296,2042,7,28,4.898742477016446E18,37.02340067336274,0.0021611874953884978,1.0,47.19744569374689,2.0,269.70000000000493,231.91935483870967,662.2993196484266,0.0,0.0,5.983870967741935,0.0,0.0,100.1000000000013,290.96614999999457,740.0260323099776,0.04775055593852945,100.0,1.0,5.648101780159312
297,2042,7,28,4.974214387304059E17,36.24121569447169,0.0019678180879063607,2.0,46.45776270082692,3.0,269.70000000000493,231.70262096774192,648.0130119829324,0.0,0.0,5.940524193548387,0.0,0.0,100.1000000000013,315.2792899999997,745.9461546709373,0.04878114409273726,100.0,1.0,5.528775616399678
298,2042,7,28,7.278710821350941E18,36.70820686254826,0.0011144126280244718,1.0,42.266400439907244,3.0,269.70000000000493,231.35987903225808,562.2605605594746,0.0,0.0,5.871975806451613,0.0,0.0,100.1000000000013,311.3273589999939,767.0123348735002,0.048160564516478564,100.0,1.0,5.600017414823381
299,2042,7,28,8.617806463867117E18,36.198355698218435,0.0014458992073562767,2.0,48.90405351111556,5.0,269.70000000000493,231.70262096774192,723.9037005358712,0.0,0.0,5.940524193548387,0.0,0.0,100.1000000000013,362.0568210000043,755.4136776319631,0.04883890250780114,100.0,1.0,5.522237113271029
287,2042,7,29,8.507560024639921E18,37.29192898583013,2.2203321821282274E-4,1.0,41.58336962626241,3.0,272.60000000000326,233.1320564516129,523.3972075415157,0.0,0.0,5.926411290322581,0.0,0.0,100.1000000000013,311.23875399999565,734.2181306369081,0.047916467758385504,100.0,1.0,5.689067094314304
291,2042,7,29,6.492828447697523E18,38.22032939428322,0.0011295632528767656,1.0,47.53841646498735,1.0,272.60000000000326,232.42137096774192,665.5257280981286,0.0,0.0,5.784274193548387,0.0,0.0,100.1000000000013,322.8676449999958,733.5303532579002,0.04675254089162313,100.0,1.0,5.830699140650262
291,2043,2,8,6.492828447697523E18,41.624053245426595,0.026607051609802406,1.0,51.58798445990448,1.0,287.10000000000196,240.65927419354838,862.942624596141,0.0,0.0,6.231854838709677,0.0,0.0,100.0,476.68296496704386,809.1218199392049,0.04509873886197218,100.0,1.0,6.366031672829953
293,2043,2,8,2.861374886328272E18,41.99644202237696,0.026607051609802406,0.0,52.10054374056157,0.0,287.10000000000196,240.4375,964.0589820609591,0.0,0.0,6.1875,0.0,0.0,100.0,555.622001253692,885.6969575833504,0.04469884155167471,100.0,1.0,6.42298525048118
280,2043,2,8,5.096996787781837E17,41.476473212707305,0.026607051609802406,1.0,38.16423773186429,1.0,287.10000000000196,239.95362903225808,527.1348439775837,0.0,0.0,6.090725806451613,0.0,0.0,100.0,593.8294067326519,853.1149241160055,0.045259207504585924,100.0,1.0,6.343460609002297
282,2043,2,8,8.834479670273441E18,40.585296035558734,0.01104585144704311,2.0,33.30841654407519,3.0,287.10000000000196,240.0796370967742,426.72099621729404,0.0,0.0,6.115927419354839,0.0,0.0,100.0,518.6032941708138,853.2865760888918,0.04625301503400691,100.0,1.0,6.207162923085457
287,2043,2,9,8.507560024639921E18,42.290279845953194,0.018781596158776507,0.0,42.81829664621511,0.0,290.00000000000006,243.35383064516128,614.8309674912363,0.0,0.0,6.470766129032258,0.0,0.0,100.0,471.54889516388505,820.2850091448668,0.04483663511002498,100.0,1.0,6.467925152910487
288,2043,2,9,5.859174576972996E18,41.30501576185876,0.026607051609802406,1.0,35.639263530936965,3.0,290.00000000000006,242.25504032258064,445.0099304841685,0.0,0.0,6.251008064516129,0.0,0.0,100.0,464.8941613492238,802.6451543555319,0.04590614023938379,100.0,1.0,6.317237704754871
289,2043,2,9,1.481964993321812E18,43.55642117472829,0.026607051609802406,0.0,40.50292712181096,0.0,290.00000000000006,243.16229838709677,613.1663339015266,0.0,0.0,6.432459677419355,0.0,0.0,100.0,569.4824084166178,899.6008614224744,0.04353327925054619,100.0,1.0,6.661570297311375
290,2043,2,9,2.9539370702862316E18,42.42899916954085,0.026607051609802406,1.0,36.55120467992438,2.0,290.00000000000006,242.25,504.35971383710796,0.0,0.0,6.25,0.0,0.0,100.0,507.457384144349,874.5633496550469,0.04469004415063054,100.0,1.0,6.489141049459187
292,2043,2,9,1.0005304447219302E18,42.35962376105841,0.026607051609802406,1.0,44.8664437025057,1.0,290.00000000000006,241.93245967741936,718.4528315909363,0.0,0.0,6.186491935483871,0.0,0.0,100.0,497.24152000660547,882.0863598583785,0.04476323625652677,100.0,1.0,6.47853069286777
294,2043,2,9,4.281117921937587E18,42.407251161310874,0.026607051609802406,1.0,37.40252824422346,2.0,290.00000000000006,242.26512096774192,520.7406750462794,0.0,0.0,6.253024193548387,0.0,0.0,100.0,513.0607857632709,870.6896235921914,0.04471296285960996,100.0,1.0,6.48581488349461
281,2043,2,9,6.307363977605812E18,43.515727406361655,0.026607051609802406,0.0,40.85513843624447,0.0,290.00000000000006,242.2701612903226,596.3368564292099,0.0,0.0,6.254032258064516,0.0,0.0,100.0,522.4336825414213,862.631285496465,0.04357398943253423,100.0,1.0,6.6553465445023825
283,2043,2,9,6.605295447056412E18,43.408351865716796,0.018737360288593206,0.0,49.691317823909884,0.0,290.00000000000006,242.79435483870967,871.6547550165658,0.0,0.0,6.358870967741935,0.0,0.0,100.0,542.1696105502813,881.6701189911886,0.04368177469671216,100.0,1.0,6.638924402991982
286,2043,2,9,4.898224502314156E18,43.55236059350686,0.01054162108153818,0.0,53.168288932888025,0.0,290.00000000000006,242.40625,1021.9235814147942,0.0,0.0,6.28125,0.0,0.0,100.0,548.5116279775982,899.4876504893987,0.04353733805272862,100.0,1.0,6.660949267242232
284,2043,2,10,3.1730362057635645E18,43.38236803084256,0.013656762085924054,1.0,47.036096308501875,1.0,292.89999999999856,243.7147177419355,757.0655072836695,0.0,0.0,6.242943548387097,0.0,0.0,100.0,457.85276618034953,851.8994481797916,0.044145017239580545,100.0,1.0,6.634950404717106
285,2043,2,10,3.0688222562761073E18,44.15216090702451,0.026607051609802406,0.0,60.62764694558173,0.0,292.89999999999856,243.7046370967742,1337.351467769037,0.0,0.0,6.240927419354839,0.0,0.0,100.0,540.1082790815982,868.0004828415988,0.04337534891323255,100.0,1.0,6.752683432839046
295,2043,2,10,2.797545246119503E18,42.219554039528404,0.026607051609802406,1.0,38.22847801706671,2.0,292.89999999999856,246.1945564516129,510.7214179256976,0.0,0.0,6.738911290322581,0.0,0.0,100.0,434.8310032657508,824.0166989534893,0.04536086247671718,100.0,1.0,6.457108264869044
296,2043,2,10,4.898742477016446E18,43.67263346377398,0.008903297074117085,0.0,49.303568243623474,0.0,292.89999999999856,245.39818548387098,805.4426844277071,0.0,0.0,6.579637096774194,0.0,0.0,100.0,457.4932808178295,827.4106670431298,0.04385161215899531,100.0,1.0,6.679343941518369
298,2043,2,10,7.278710821350941E18,43.28280251983611,0.026607051609802406,0.0,43.567935092043314,0.0,292.89999999999856,245.13104838709677,698.0800902818332,0.0,0.0,6.526209677419355,0.0,0.0,100.0,583.650092563463,903.3622070745774,0.044246566144548846,100.0,1.0,6.61972273832788
299,2043,2,10,8.617806463867117E18,44.07933536951808,0.026607051609802406,0.0,53.566624324449315,0.0,292.89999999999856,245.6451612903226,989.289045907857,0.0,0.0,6.629032258064516,0.0,0.0,100.0,562.9651555867819,856.8890141825592,0.04344701136169401,100.0,1.0,6.741545409455716
297,2043,2,11,4.974214387304059E17,42.599188061294505,0.026607051609802406,1.0,50.56040730719427,2.0,295.7999999999945,246.9133064516129,847.2543416231408,0.0,0.0,6.582661290322581,0.0,0.0,100.0,433.88024785324836,827.900175727117,0.0454017320774756,100.0,1.0,6.515169938786208
292,2043,7,26,1.0005304447219302E18,35.705407469263406,0.001209332948902027,1.0,41.70086421444707,3.0,263.8999999999959,228.0070564516129,561.6761882762672,0.0,0.0,5.801411290322581,0.0,0.0,100.1000000000013,318.5479127815698,784.0292051855857,0.048448372150856345,100.0,1.0,5.447035437605129
280,2043,7,26,5.096996787781837E17,35.771869984522716,0.0017085396955165706,1.0,39.04424140205177,3.0,263.8999999999959,227.46270161290323,464.09265455943023,0.0,0.0,5.692540322580645,0.0,0.0,100.1000000000013,297.45287204931697,723.3134742726797,0.04835835726835907,100.0,1.0,5.457174621038378
283,2043,7,26,6.605295447056412E18,35.94545154205845,0.0017505365744933724,1.0,47.35877277820806,3.0,263.8999999999959,228.67741935483872,686.3225439661571,0.0,0.0,5.935483870967742,0.0,0.0,100.1000000000013,309.78500402229247,761.8983915627516,0.04812483345340056,100.0,1.0,5.483655340969256
296,2043,7,26,4.898742477016446E18,35.59007918517793,9.451496187963985E-4,1.0,44.709234805048155,4.0,263.8999999999959,226.82762096774192,593.8181951390613,0.0,0.0,5.565524193548387,0.0,0.0,100.1000000000013,323.9062519999974,733.48009857317,0.04860536723922988,100.0,1.0,5.429441540912782
287,2043,7,27,8.507560024639921E18,37.56203523457401,0.0028964656168021406,0.0,42.28281624812486,0.0,266.79999999999524,229.9304435483871,538.0650680441976,0.0,0.0,5.886088709677419,0.0,0.0,100.1000000000013,317.32640751642765,733.3792244477748,0.046559735274105375,100.0,1.0,5.730273130405414
288,2043,7,27,5.859174576972996E18,36.316509263155474,0.001756705262500592,1.0,34.700172357701305,2.0,266.79999999999524,230.0665322580645,380.12313604262243,0.0,0.0,5.913306451612903,0.0,0.0,100.1000000000013,282.9657500000007,714.0791726581083,0.04815656714707134,100.0,1.0,5.54026202044638
290,2043,7,27,2.9539370702862316E18,34.371208064348046,0.00897325048085301,1.0,29.92653680606202,7.0,266.79999999999524,230.17237903225808,333.93809577757435,0.0,0.0,5.934475806451613,0.0,0.0,100.1000000000013,324.61365499999516,780.2892819044081,0.05088207588177352,100.0,1.0,5.243496759446595
291,2043,7,27,6.492828447697523E18,35.93343954446694,0.0022949489720851834,1.0,49.95360983510122,4.0,266.79999999999524,230.34879032258064,719.6687433931669,0.0,0.0,5.969758064516129,0.0,0.0,100.1000000000013,278.2403640493608,720.1546116593588,0.048669941955158016,100.0,1.0,5.481822851685565
293,2043,7,27,2.861374886328272E18,36.88050175641271,8.828463676557479E-4,1.0,52.67236867296531,1.0,266.79999999999524,230.4546370967742,853.9919656941348,0.0,0.0,5.990927419354839,0.0,0.0,100.1000000000013,283.667808107708,766.3270690692129,0.04742013621260726,100.0,1.0,5.62630184788594
282,2043,7,27,8.834479670273441E18,35.43136906274234,2.3771459364345209E-4,1.0,31.839535348186818,5.0,266.79999999999524,230.0514112903226,355.34042244676,0.0,0.0,5.910282258064516,0.0,0.0,100.1000000000013,306.51567173174953,759.2967823638049,0.04935960599720117,100.0,1.0,5.405229531514566
286,2043,7,27,4.898224502314156E18,37.54451585115394,0.0010738691336588094,0.0,53.00254136264015,0.0,266.79999999999524,229.64314516129033,876.1547272308846,0.0,0.0,5.828629032258065,0.0,0.0,100.1000000000013,298.1166367457421,776.023576291095,0.046581461426000344,100.0,1.0,5.727600462339201
299,2043,7,27,8.617806463867117E18,33.40169612880469,0.0021334404376730904,2.0,47.80368854088189,10.0,266.79999999999524,229.5272177419355,667.4619240722247,0.0,0.0,5.805443548387097,0.0,0.0,100.1000000000013,300.33261699999895,727.9706261143091,0.05235897033894039,100.0,1.0,5.0955929475483
289,2043,7,28,1.481964993321812E18,35.70231358994071,0.004757821039688784,1.0,36.237869635419635,4.0,269.70000000000493,231.93447580645162,448.6927407805101,0.0,0.0,5.986895161290323,0.0,0.0,100.1000000000013,336.3353254907233,788.1601555114713,0.0495174622348874,100.0,1.0,5.446563451104902
294,2043,7,28,4.281117921937587E18,36.97177751436898,0.005168923088048972,1.0,36.37058135341703,2.0,269.70000000000493,231.9445564516129,440.5653029352906,0.0,0.0,5.988911290322581,0.0,0.0,100.1000000000013,286.29426444665256,769.45719444769,0.04781722935016897,100.0,1.0,5.640226413474789
281,2043,7,28,6.307363977605812E18,35.18796986327013,2.4346783375442347E-4,1.0,35.33939942953951,6.0,269.70000000000493,231.82862903225808,416.3221633633325,0.0,0.0,5.965725806451613,0.0,0.0,100.1000000000013,289.63669457915245,760.4585800171465,0.05024126062848974,100.0,1.0,5.368097787081983
285,2043,7,28,3.0688222562761073E18,36.61781058819862,0.002953670336027986,1.0,58.37027496786017,3.0,269.70000000000493,231.8084677419355,1065.3742218999103,0.0,0.0,5.961693548387097,0.0,0.0,100.1000000000013,302.47328842673835,759.0259258271087,0.04827945572086604,100.0,1.0,5.586227018782288
295,2043,7,28,2.797545246119503E18,37.462554061082784,0.0015081093245131163,1.0,37.64739498922993,1.0,269.70000000000493,231.39012096774192,445.25248308247006,0.0,0.0,5.878024193548387,0.0,0.0,100.1000000000013,291.3517820000035,736.105674802517,0.04719080183389128,100.0,1.0,5.715096788338803
297,2043,7,28,4.974214387304059E17,34.9637776078178,0.003009138323559024,1.0,46.351335831665985,6.0,269.70000000000493,231.83366935483872,636.1269944150422,0.0,0.0,5.966733870967742,0.0,0.0,100.1000000000013,275.386245445989,735.3031179825699,0.05056341407722214,100.0,1.0,5.333896156381174
298,2043,7,28,7.278710821350941E18,36.36966310779359,0.001709190567781532,1.0,41.932593431120544,3.0,269.70000000000493,231.44556451612902,563.4070155703897,0.0,0.0,5.889112903225806,0.0,0.0,100.1000000000013,326.64819688582645,778.8540115324147,0.04860886282196985,100.0,1.0,5.5483709007508
284,2043,7,29,3.1730362057635645E18,36.30515483251235,0.0010066469015989484,1.0,42.50201362929856,3.0,272.60000000000326,233.4546370967742,571.2940669819271,0.0,0.0,5.990927419354839,0.0,0.0,100.1000000000013,290.21456299999596,771.7906410879636,0.049218837411411205,100.0,1.0,5.538529846233263
287,2044,2,6,8.507560024639921E18,41.63045733913221,0.026607051609802406,0.0,39.760040265878324,0.0,281.29999999999484,236.87802419354838,539.5789256702357,0.0,0.0,6.075604838709677,0.0,0.0,100.0,524.7674333393252,816.6988085918099,0.04418085575630475,100.0,1.0,6.367011122455508
291,2044,2,7,6.492828447697523E18,42.15014225283413,0.026607051609802406,0.0,46.883894019331805,0.0,284.2000000000052,238.70564516129033,748.9047786260854,0.0,0.0,6.141129032258065,0.0,0.0,100.0,587.4438563707641,847.6784251569479,0.04408599045963726,100.0,1.0,6.446492344551119
294,2044,2,7,4.281117921937587E18,39.92994756580781,0.026607051609802406,1.0,34.05097220932809,3.0,284.2000000000052,240.48487903225808,458.88144385650816,0.0,0.0,6.496975806451613,0.0,0.0,100.0,556.1308472178645,887.6012341131279,0.04653727045767573,100.0,1.0,6.106933157123531
288,2044,2,8,5.859174576972996E18,42.26423133027553,0.0169662314933361,0.0,31.94386604569325,0.0,287.10000000000196,240.68951612903226,389.33689917766645,0.0,0.0,6.237903225806452,0.0,0.0,100.0,561.2917284310098,828.4852611750348,0.04441562637263952,100.0,1.0,6.463941262277423
289,2044,2,8,1.481964993321812E18,42.21677330651181,0.026607051609802406,1.0,40.929314109153545,1.0,287.10000000000196,240.67439516129033,620.2734771223337,0.0,0.0,6.234879032258065,0.0,0.0,100.0,555.4868435318994,894.2739788084552,0.04446555623905935,100.0,1.0,6.456682976290041
285,2044,2,8,3.0688222562761073E18,42.652561055018225,0.026607051609802406,0.0,59.9848257230751,0.0,287.10000000000196,240.51814516129033,1287.751353490479,0.0,0.0,6.203629032258065,0.0,0.0,100.0,506.093120706849,858.4422963072697,0.04401124484109877,100.0,1.0,6.5233328672380795
296,2044,2,8,4.898742477016446E18,41.89363672100117,0.008951279729648912,1.0,44.19610116003663,1.0,287.10000000000196,241.57157258064515,663.6014819446992,0.0,0.0,6.414314516129032,0.0,0.0,100.0,496.0688440211808,837.0822572990435,0.04480853071300177,100.0,1.0,6.407262086741358
298,2044,2,8,7.278710821350941E18,42.04283632474561,0.026607051609802406,0.0,42.421916598457486,0.0,287.10000000000196,240.15524193548387,644.2045803462665,0.0,0.0,6.131048387096774,0.0,0.0,100.0,533.1175564869883,873.5667225119539,0.044649516345485946,100.0,1.0,6.43008084966698
290,2044,2,9,2.9539370702862316E18,42.87356619692568,0.011548199483421137,1.0,40.807694697120944,1.0,290.00000000000006,241.9929435483871,586.2532547254788,0.0,0.0,6.198588709677419,0.0,0.0,100.0,418.5105020447916,849.6552958818862,0.04422664159646725,100.0,1.0,6.557133653647461
292,2044,2,9,1.0005304447219302E18,42.900423557622396,0.008484411883919253,0.0,46.3324931584355,0.0,290.00000000000006,241.9576612903226,770.5166835776203,0.0,0.0,6.191532258064516,0.0,0.0,100.0,497.7426004771267,891.7454592267904,0.04419895397086233,100.0,1.0,6.561241249989296
280,2044,2,9,5.096996787781837E17,43.55787163783547,0.00991277579768245,1.0,42.71492475335919,1.0,290.00000000000006,242.2298387096774,611.1659959176944,0.0,0.0,6.245967741935484,0.0,0.0,100.0,475.21402269386374,819.0172096656249,0.04353182960635753,100.0,1.0,6.661792132845424
281,2044,2,9,6.307363977605812E18,43.485049310655675,0.026607051609802406,0.0,39.23139547021126,0.0,290.00000000000006,242.78427419354838,553.760790748301,0.0,0.0,6.356854838709677,0.0,0.0,100.0,494.2600995600185,856.7728585586852,0.043604730274255585,100.0,1.0,6.650654600453228
284,2044,2,9,3.1730362057635645E18,42.6062238244459,0.026607051609802406,0.0,42.328636352273406,0.0,290.00000000000006,244.87600806451613,642.744049382687,0.0,0.0,6.775201612903226,0.0,0.0,100.0,511.98391906951736,874.759654369221,0.04450415164617099,100.0,1.0,6.516245996679971
286,2044,2,9,4.898224502314156E18,42.954615582368035,0.026607051609802406,0.0,53.59235185130734,0.0,290.00000000000006,241.90725806451613,1023.3915806148407,0.0,0.0,6.181451612903226,0.0,0.0,100.0,493.7302930661826,885.5838738036323,0.044143192074850644,100.0,1.0,6.569529442009236
295,2044,2,9,2.797545246119503E18,42.5129358932378,0.026607051609802406,0.0,37.00433000693266,0.0,290.00000000000006,242.08870967741936,477.7116963285261,0.0,0.0,6.217741935483871,0.0,0.0,100.0,446.0262056651819,812.3659522858334,0.04460180898622556,100.0,1.0,6.501978430730493
297,2044,2,9,4.974214387304059E17,41.94474882226743,0.026607051609802406,2.0,46.63060867575347,3.0,290.00000000000006,242.48185483870967,729.0704696045052,0.0,0.0,6.296370967741935,0.0,0.0,100.0,476.1216176138842,833.6386072467333,0.04520598881610722,100.0,1.0,6.415079231640897
293,2044,2,10,2.861374886328272E18,42.58632851880354,0.026607051609802406,1.0,53.41853716452332,2.0,292.89999999999856,245.83165322580646,983.5132943158328,0.0,0.0,6.66633064516129,0.0,0.0,100.0,402.68130230162956,856.848260778532,0.044970192341651886,100.0,1.0,6.513203185228795
282,2044,2,10,8.834479670273441E18,43.51170002124057,0.022623824285631595,0.0,37.890584524070405,0.0,292.89999999999856,245.39314516129033,517.7957962386696,0.0,0.0,6.578629032258065,0.0,0.0,100.0,465.2322285509893,847.7272828839765,0.04401380280891108,100.0,1.0,6.654730591483855
283,2044,2,10,6.605295447056412E18,42.721832382453506,0.026607051609802406,0.0,52.75453259383571,0.0,292.89999999999856,244.13306451612902,948.4606675358085,0.0,0.0,6.326612903225806,0.0,0.0,100.0,448.8555351559181,848.7953259490823,0.044827557195368364,100.0,1.0,6.533927305551714
299,2044,2,10,8.617806463867117E18,43.068227785047,0.01678258023580533,1.0,53.582302436092,1.0,292.89999999999856,244.39012096774192,958.498331553357,0.0,0.0,6.378024193548387,0.0,0.0,100.0,472.7568372806876,829.664570830774,0.0444670116024671,100.0,1.0,6.586905425948347
280,2044,7,24,5.096996787781837E17,35.162351743033994,0.0019826006365119327,1.0,38.00546515669192,4.0,261.00000000000006,223.62399193548387,438.13934564589215,0.0,0.0,5.224798387096774,0.0,0.0,100.1000000000013,311.65511881359714,713.4687725106427,0.0486559981357975,100.0,1.0,5.3641896169010135
288,2044,7,25,5.859174576972996E18,35.6604760567219,0.00897325048085301,1.0,30.255120555842954,3.0,263.8999999999959,227.51814516129033,310.6593452842595,0.0,0.0,5.703629032258065,0.0,0.0,100.1000000000013,312.13322700000697,714.2838934836086,0.0485094160301532,100.0,1.0,5.440180929738611
290,2044,7,25,2.9539370702862316E18,37.131892015888354,0.0010743834387994511,1.0,37.85852174816089,1.0,263.8999999999959,227.56350806451613,470.03478972283943,0.0,0.0,5.712701612903226,0.0,0.0,100.1000000000013,301.9848646532567,770.4345420863586,0.04658714584564259,100.0,1.0,5.664652667806202
296,2044,7,25,4.898742477016446E18,34.227693267149846,0.0022996541468100957,1.0,39.198435123142026,7.0,263.8999999999959,226.8326612903226,479.8943272812291,0.0,0.0,5.566532258064516,0.0,0.0,100.1000000000013,332.79007164348144,743.0889713783087,0.050540036553649116,100.0,1.0,5.221602871613706
287,2044,7,26,8.507560024639921E18,36.9678153081091,9.437579386677573E-4,1.0,39.320409723574066,2.0,266.79999999999524,230.41935483870967,472.86917126055175,0.0,0.0,5.983870967741935,0.0,0.0,100.1000000000013,303.9346177560763,728.4627482418167,0.04730813553092919,100.0,1.0,5.639621959431613
291,2044,7,26,6.492828447697523E18,35.397265145277515,0.0015260630069477946,1.0,45.3517766257802,5.0,266.79999999999524,230.00604838709677,606.9684537624997,0.0,0.0,5.901209677419355,0.0,0.0,100.1000000000013,295.08227135039266,730.439805801697,0.049407162098558624,100.0,1.0,5.400026811250078
292,2044,7,26,1.0005304447219302E18,35.536473328719424,0.0012308985570443096,2.0,41.62011326060572,5.0,266.79999999999524,230.3084677419355,572.0643831423974,0.0,0.0,5.961693548387097,0.0,0.0,100.1000000000013,324.9416417603512,801.389370185976,0.04921361781460177,100.0,1.0,5.421263703983071
293,2044,7,26,2.861374886328272E18,35.387633816170066,0.0015040647805653815,2.0,48.7648829013395,5.0,266.79999999999524,229.96572580645162,744.3450409666051,0.0,0.0,5.893145161290323,0.0,0.0,100.1000000000013,316.0708171329064,781.0637942821703,0.04942060907387526,100.0,1.0,5.398557504647007
294,2044,7,26,4.281117921937587E18,36.93924901482349,0.0018686485799360704,1.0,38.19429050752479,2.0,266.79999999999524,229.5070564516129,474.9924776277956,0.0,0.0,5.801411290322581,0.0,0.0,100.1000000000013,293.75050744999777,767.4945790088386,0.04734472041314561,100.0,1.0,5.635264030958693
281,2044,7,26,6.307363977605812E18,35.93964826602517,0.001954105069872173,1.0,35.245339260806276,3.0,266.79999999999524,229.60282258064515,410.3379058744707,0.0,0.0,5.820564516129032,0.0,0.0,100.1000000000013,284.73560899999916,752.4997504183212,0.04866153402318221,100.0,1.0,5.482770022681416
282,2044,7,26,8.834479670273441E18,36.79422183826555,0.0042048971325459395,1.0,34.585584984533185,1.0,266.79999999999524,230.2328629032258,398.8206757256696,0.0,0.0,5.946572580645161,0.0,0.0,100.1000000000013,298.9225437887932,752.9722213726614,0.04753133316871981,100.0,1.0,5.6131394222196
284,2044,7,26,3.1730362057635645E18,34.87553631008321,0.0022255085517988694,1.0,38.20473544583057,6.0,266.79999999999524,229.74899193548387,473.8992623500961,0.0,0.0,5.849798387096774,0.0,0.0,100.1000000000013,311.287863959214,765.1238013247147,0.0501462802271731,100.0,1.0,5.3204345126166
285,2044,7,26,3.0688222562761073E18,37.10857420701988,0.0017052927557683448,0.0,59.323092521247624,0.0,266.79999999999524,229.98084677419354,1105.3610897753902,0.0,0.0,5.89616935483871,0.0,0.0,100.1000000000013,287.3052357663338,757.1541752967966,0.04712868802562479,100.0,1.0,5.661095421432713
286,2044,7,26,4.898224502314156E18,35.92298544407016,0.0014389433099507767,1.0,50.19815513002173,3.0,266.79999999999524,230.23790322580646,799.8844910408056,0.0,0.0,5.94758064516129,0.0,0.0,100.1000000000013,317.64653000000317,792.561494784527,0.04868410560144776,100.0,1.0,5.480228027277575
295,2044,7,26,2.797545246119503E18,37.038034150110896,0.0019414215666060267,1.0,34.1585344241778,1.0,266.79999999999524,228.2671370967742,383.3877555529893,0.0,0.0,5.553427419354839,0.0,0.0,100.1000000000013,328.91670221680005,737.712525239542,0.047218446038209835,100.0,1.0,5.650334188975573
298,2044,7,26,7.278710821350941E18,36.47348068899744,0.0016273577223164777,1.0,41.59182439952266,3.0,266.79999999999524,230.27822580645162,546.7044797690688,0.0,0.0,5.955645161290323,0.0,0.0,100.1000000000013,289.073298,766.6843580379032,0.04794931505963876,100.0,1.0,5.564208783131787
299,2044,7,26,8.617806463867117E18,35.43810597851466,0.005081115787572489,2.0,50.269487883780506,5.0,266.79999999999524,230.17237903225808,738.2306511048832,0.0,0.0,5.934475806451613,0.0,0.0,100.1000000000013,276.6354310000008,729.4188877492006,0.0493502225524889,100.0,1.0,5.40625728113438
289,2044,7,27,1.481964993321812E18,37.229258534756895,0.0010514706445808588,1.0,41.765010427555275,2.0,269.70000000000493,231.43548387096774,556.8273889144953,0.0,0.0,5.887096774193548,0.0,0.0,100.1000000000013,286.5823460000047,775.4173587603688,0.04748652093722238,100.0,1.0,5.679506408914455
283,2044,7,27,6.605295447056412E18,36.99718297602935,0.0013184323362993027,1.0,50.61414619577214,2.0,269.70000000000493,231.4203629032258,786.3420812067202,0.0,0.0,5.884072580645161,0.0,0.0,100.1000000000013,310.0164767400068,766.1539793345488,0.047784393910028845,100.0,1.0,5.644102141544608
297,2044,7,27,4.974214387304059E17,33.56993826875813,2.2720541046369183E-4,2.0,40.04598365421058,9.0,269.70000000000493,231.96975806451613,500.05065434331283,0.0,0.0,5.993951612903226,0.0,0.0,100.1000000000013,299.6792669999996,747.4846935353993,0.05266283037920509,100.0,1.0,5.121259113078378
292,2045,2,6,1.0005304447219302E18,40.4523550955527,0.026607051609802406,1.0,48.72206546504439,1.0,284.2000000000052,239.11895161290323,817.7934327563162,0.0,0.0,6.223790322580645,0.0,0.0,100.0,414.0039110761903,859.8332169879966,0.04593628145608501,100.0,1.0,6.186830779319824
294,2045,2,6,4.281117921937587E18,40.536961064884224,0.008253276667128126,1.0,34.63557639048745,3.0,284.2000000000052,238.8266129032258,448.56879929422587,0.0,0.0,6.165322580645161,0.0,0.0,100.0,448.70645424876653,845.4579562057073,0.04584040639495596,100.0,1.0,6.199770515805835
282,2045,2,6,8.834479670273441E18,41.92712900585542,0.026607051609802406,0.0,39.05144065126133,0.0,284.2000000000052,238.6602822580645,526.7838161195363,0.0,0.0,6.132056451612903,0.0,0.0,100.0,468.4641795875666,821.3505152251844,0.04432048683732406,100.0,1.0,6.4123844361896545
287,2045,2,7,8.507560024639921E18,41.93586071839778,0.026607051609802406,1.0,38.05231328974546,2.0,287.10000000000196,241.0826612903226,506.96863065869223,0.0,0.0,6.316532258064516,0.0,0.0,100.0,499.42701701708916,824.5554805445724,0.044763414307811555,100.0,1.0,6.413719874578486
289,2045,2,7,1.481964993321812E18,42.94558915352497,0.02317019617523037,0.0,45.33788846058655,0.0,287.10000000000196,240.2358870967742,720.659003749744,0.0,0.0,6.147177419354839,0.0,0.0,100.0,470.91807686158825,868.1257948726964,0.04371094551716584,100.0,1.0,6.56814892936265
293,2045,2,7,2.861374886328272E18,40.938832691611246,0.026607051609802406,1.0,53.38014307324742,2.0,287.10000000000196,240.0040322580645,966.6649838852883,0.0,0.0,6.100806451612903,0.0,0.0,100.0,396.60534286225436,843.5300201426974,0.04585358654051157,100.0,1.0,6.2612332351876026
280,2045,2,7,5.096996787781837E17,41.10430079973732,0.026607051609802406,0.0,43.88266342130103,0.0,287.10000000000196,243.12399193548387,628.9941817363645,0.0,0.0,6.724798387096774,0.0,0.0,100.0,403.851304237037,803.5289629535768,0.045668999865442705,100.0,1.0,6.2865401223127675
281,2045,2,7,6.307363977605812E18,42.18355998793754,0.026607051609802406,1.0,39.02520203749476,1.0,287.10000000000196,240.35181451612902,543.6812456930234,0.0,0.0,6.170362903225806,0.0,0.0,100.0,497.41836629867674,848.5857374539324,0.0445005662923923,100.0,1.0,6.451603292272796
286,2045,2,7,4.898224502314156E18,42.53265135274899,0.007356007735137485,0.0,54.40992131206512,0.0,287.10000000000196,240.67943548387098,1049.027155429986,0.0,0.0,6.235887096774194,0.0,0.0,100.0,447.5549184253864,878.3533754902008,0.044135323051545196,100.0,1.0,6.504993736302797
295,2045,2,7,2.797545246119503E18,42.0271964498983,0.026607051609802406,0.0,35.16116853952722,0.0,287.10000000000196,241.61693548387098,443.8468562876619,0.0,0.0,6.423387096774194,0.0,0.0,100.0,435.98416520275396,817.5087492511974,0.04466613208259486,100.0,1.0,6.42768886880798
296,2045,2,7,4.898742477016446E18,41.37748048794863,0.026607051609802406,1.0,40.92447464293267,1.0,287.10000000000196,241.53125,574.3091891853919,0.0,0.0,6.40625,0.0,0.0,100.0,467.8441371958316,828.0767492524991,0.045367486989427906,100.0,1.0,6.3283205452156865
297,2045,2,7,4.974214387304059E17,41.6910382327347,0.016187180149146635,0.0,48.434156760957784,0.0,287.10000000000196,241.69758064516128,764.6779050781887,0.0,0.0,6.439516129032258,0.0,0.0,100.0,434.9268612045421,813.3563613367386,0.045026278722375336,100.0,1.0,6.376276435594723
288,2045,2,8,5.859174576972996E18,41.205843312920194,0.017829851576895046,2.0,31.024097034755336,3.0,290.00000000000006,242.45665322580646,354.9693768160273,0.0,0.0,6.29133064516129,0.0,0.0,100.0,429.3830644735572,788.003765743186,0.04601662516052197,100.0,1.0,6.302070153740726
290,2045,2,8,2.9539370702862316E18,41.97879814851996,0.026607051609802406,1.0,42.682443833997674,1.0,290.00000000000006,243.12197580645162,632.0440830460863,0.0,0.0,6.424395161290323,0.0,0.0,100.0,373.5143877411025,847.7014504596367,0.04516932189066722,100.0,1.0,6.420286775656005
291,2045,2,8,6.492828447697523E18,41.33903843346673,0.026607051609802406,1.0,42.00100279294403,2.0,290.00000000000006,242.2298387096774,614.9121205821982,0.0,0.0,6.245967741935484,0.0,0.0,100.0,549.2990814119568,848.1051549904079,0.04586835877195404,100.0,1.0,6.322441172177257
283,2045,2,8,6.605295447056412E18,41.82086248498494,0.026607051609802406,1.0,51.91114704333959,1.0,290.00000000000006,241.8014112903226,905.5353460157648,0.0,0.0,6.160282258064516,0.0,0.0,100.0,438.18080345094705,838.2065581039244,0.04533990294520187,100.0,1.0,6.396131909468269
284,2045,2,8,3.1730362057635645E18,41.58874859820813,0.026607051609802406,1.0,44.37156205497366,1.0,290.00000000000006,241.82157258064515,675.6472284945629,0.0,0.0,6.164314516129032,0.0,0.0,100.0,460.47944080490373,846.2196813326759,0.04559295266305608,100.0,1.0,6.36063213854949
285,2045,2,8,3.0688222562761073E18,41.41759237857163,0.026607051609802406,1.0,59.339168945349314,3.0,290.00000000000006,242.2953629032258,1239.9611095105943,0.0,0.0,6.259072580645161,0.0,0.0,100.0,459.7160181612867,849.0180332383743,0.04578136335937452,100.0,1.0,6.334455304958007
298,2045,2,8,7.278710821350941E18,40.10527708465679,0.010483471871474538,1.0,39.289369857317205,4.0,290.00000000000006,243.58568548387098,564.1412207317641,0.0,0.0,6.517137096774194,0.0,0.0,100.0,478.1827227450009,870.4883408781202,0.04727941019211325,100.0,1.0,6.133748260006327
299,2045,2,8,8.617806463867117E18,40.92311660108572,0.026607051609802406,1.0,50.08347174533559,3.0,290.00000000000006,242.8195564516129,840.66591474297,0.0,0.0,6.363911290322581,0.0,0.0,100.0,474.6006030492168,837.0610945552685,0.046334541541333735,100.0,1.0,6.258829597813097
288,2045,7,25,5.859174576972996E18,35.18067811849087,0.00897325048085301,1.0,28.102106285097925,3.0,261.00000000000006,226.10887096774192,273.9905441266284,0.0,0.0,5.721774193548387,0.0,0.0,100.1000000000013,281.2222100000037,699.3912199596518,0.04863065217495323,100.0,1.0,5.366985395569622
296,2045,7,25,4.898742477016446E18,35.87766606675105,0.0016905144086008022,1.0,40.22824293260512,2.0,261.00000000000006,226.09879032258064,488.39005803865257,0.0,0.0,5.719758064516129,0.0,0.0,100.1000000000013,274.32857503162927,724.5224363705589,0.0476859146209855,100.0,1.0,5.473314333476993
287,2045,7,26,8.507560024639921E18,33.97985752393609,0.0012851977199732213,1.0,32.258972098280005,8.0,263.8999999999959,226.06149193548387,347.5840780289988,0.0,0.0,5.412298387096774,0.0,0.0,100.1000000000013,339.63693199999534,728.6006084072467,0.0509086557426054,100.0,1.0,5.183794310623258
289,2045,7,26,1.481964993321812E18,35.09053184956999,0.001616801888441985,1.0,40.0677162361941,5.0,263.8999999999959,226.63104838709677,519.3570264131446,0.0,0.0,5.526209677419355,0.0,0.0,100.1000000000013,315.7733237800023,775.5489701362588,0.04929731120305144,100.0,1.0,5.353233139085705
291,2045,7,26,6.492828447697523E18,36.096322322830424,0.00897325048085301,1.0,42.68191230568489,3.0,263.8999999999959,227.44758064516128,544.3255841421776,0.0,0.0,5.689516129032258,0.0,0.0,100.1000000000013,307.38159713778214,729.9220046203711,0.04792368744376839,100.0,1.0,5.506671420258405
292,2045,7,26,1.0005304447219302E18,35.69637593682069,0.002863194154707409,1.0,46.80764793099822,3.0,263.8999999999959,226.03125,691.7712868298994,0.0,0.0,5.40625,0.0,0.0,100.1000000000013,315.2337283654875,784.8781797964542,0.04846063006313453,100.0,1.0,5.445657632931864
281,2045,7,26,6.307363977605812E18,36.453861536742615,0.001174816768899321,1.0,37.348023605287985,3.0,263.8999999999959,226.89314516129033,448.6707351016165,0.0,0.0,5.578629032258065,0.0,0.0,100.1000000000013,314.54574999999517,751.4491068755068,0.04745365225917889,100.0,1.0,5.561215785007361
285,2045,7,26,3.0688222562761073E18,35.227722608736435,0.004197030159426121,1.0,57.29244921853031,5.0,263.8999999999959,227.59375,1015.87259843825,0.0,0.0,5.71875,0.0,0.0,100.1000000000013,304.2936500000053,756.4207304131975,0.04910532787151665,100.0,1.0,5.374162263827793
295,2045,7,26,2.797545246119503E18,35.9495652530366,0.0011213759661151037,1.0,31.27636592387983,2.0,263.8999999999959,228.45060483870967,337.1079954027296,0.0,0.0,5.890120967741935,0.0,0.0,100.1000000000013,300.0877690000004,739.1156876829137,0.048119326525728194,100.0,1.0,5.4842829078020285
297,2045,7,26,4.974214387304059E17,35.4456650570237,0.001216546974085279,1.0,44.649229658071505,3.0,263.8999999999959,228.59173387096774,597.9731141932198,0.0,0.0,5.918346774193548,0.0,0.0,100.1000000000013,318.1771051661689,740.2811283712881,0.04880339714562815,100.0,1.0,5.407410455721449
299,2045,7,26,8.617806463867117E18,36.06506696638599,0.0015162640217730697,1.0,50.9068940833923,4.0,263.8999999999959,224.4133064516129,751.1839370361913,0.0,0.0,5.082661290322581,0.0,0.0,100.1000000000013,299.1717430000038,723.6431949242366,0.0479652199309971,100.0,1.0,5.501903261981143
290,2045,7,27,2.9539370702862316E18,36.36703725566479,0.0013433009701875746,1.0,38.01826017634795,2.0,266.79999999999524,230.27822580645162,486.6098512531474,0.0,0.0,5.955645161290323,0.0,0.0,100.1000000000013,314.92632200000315,792.0844780157562,0.04808965890137137,100.0,1.0,5.547970314099834
293,2045,7,27,2.861374886328272E18,35.88763745109688,0.001418471463935033,1.0,49.96274313209899,3.0,266.79999999999524,230.2076612903226,791.3022128188061,0.0,0.0,5.941532258064516,0.0,0.0,100.1000000000013,318.27757183000165,791.536108132874,0.04873205764134067,100.0,1.0,5.474835517178365
280,2045,7,27,5.096996787781837E17,35.49452197792955,9.285234355187309E-4,1.0,39.47049619419764,5.0,266.79999999999524,230.19254032258064,487.47594904546065,0.0,0.0,5.938508064516129,0.0,0.0,100.1000000000013,341.1840259699969,746.417034282136,0.04927178390980551,100.0,1.0,5.414863819186781
282,2045,7,27,8.834479670273441E18,33.80407268729851,0.002277474741333258,1.0,31.431794593667973,9.0,266.79999999999524,229.62802419354838,341.22719484940194,0.0,0.0,5.825604838709677,0.0,0.0,100.1000000000013,295.0422909999989,742.9714276704914,0.05173573116636639,100.0,1.0,5.156977469634041
283,2045,7,27,6.605295447056412E18,34.225272126424215,0.0036595638176399074,2.0,46.401153336238586,7.0,266.79999999999524,230.31350806451613,660.9960236061415,0.0,0.0,5.962701612903226,0.0,0.0,100.1000000000013,302.60080600000185,762.4398591479129,0.051099036127988336,100.0,1.0,5.221233514693667
286,2045,7,27,4.898224502314156E18,35.61352867663589,0.00897325048085301,1.0,51.14419090693645,3.0,266.79999999999524,230.1673387096774,823.8273442283639,0.0,0.0,5.933467741935484,0.0,0.0,100.1000000000013,272.420000000005,785.9351291007728,0.04910713658165895,100.0,1.0,5.433018876112651
298,2045,7,27,7.278710821350941E18,36.67466096254187,0.0015086164224702523,1.0,40.44671928624629,2.0,266.79999999999524,230.09677419354838,529.7470858327929,0.0,0.0,5.919354838709677,0.0,0.0,100.1000000000013,318.66634731000397,778.8505839581778,0.047686287234246706,100.0,1.0,5.594899822865394
284,2045,7,28,3.1730362057635645E18,36.87014861411526,9.873735124178078E-4,1.0,42.396904394356795,3.0,269.70000000000493,231.81854838709677,571.0234336276784,0.0,0.0,5.963709677419355,0.0,0.0,100.1000000000013,315.00012949539826,774.7671653746976,0.04794903279047758,100.0,1.0,5.624722425132336
294,2045,7,29,4.281117921937587E18,36.773032140334635,0.003486111297922696,2.0,33.77975589034601,4.0,272.60000000000326,232.9102822580645,395.9723908624117,0.0,0.0,5.882056451612903,0.0,0.0,100.1000000000013,285.28118799999527,774.9370024607192,0.04859260737809998,100.0,1.0,5.609906829631462
290,2046,2,7,2.9539370702862316E18,40.94652396769949,0.026607051609802406,1.0,37.59972038190102,2.0,284.2000000000052,238.75100806451613,518.2422823322736,0.0,0.0,6.150201612903226,0.0,0.0,100.0,500.6708236170692,858.8265784001808,0.04538189299527992,100.0,1.0,6.262409548001101
291,2046,2,7,6.492828447697523E18,40.21377159502131,0.007508408081910215,1.0,44.68068624146369,1.0,284.2000000000052,239.40120967741936,665.7781485671126,0.0,0.0,6.280241935483871,0.0,0.0,100.0,456.7047954716117,823.4991595009702,0.04620881592366888,100.0,1.0,6.150341538062082
293,2046,2,7,2.861374886328272E18,42.13651672078525,0.026607051609802406,0.0,52.35653262325804,0.0,284.2000000000052,238.6048387096774,963.7108311800446,0.0,0.0,6.120967741935484,0.0,0.0,100.0,498.50547285185917,876.2779166079102,0.04410024638591368,100.0,1.0,6.444408439649518
286,2046,2,7,4.898224502314156E18,40.586799354651355,0.022183201794019978,1.0,50.25821974501312,1.0,284.2000000000052,238.2923387096774,908.6005115496152,0.0,0.0,6.058467741935484,0.0,0.0,100.0,494.28051403701636,898.53409715621,0.045784116973437754,100.0,1.0,6.207392842476082
296,2046,2,7,4.898742477016446E18,41.747050863810536,0.026607051609802406,1.0,42.363004695977295,1.0,284.2000000000052,239.06350806451613,617.380340925185,0.0,0.0,6.212701612903226,0.0,0.0,100.0,495.6904669883699,839.1978476285591,0.04451166563340778,100.0,1.0,6.384843073288675
298,2046,2,7,7.278710821350941E18,40.12583563866706,0.011741858609798062,1.0,44.015488304427485,2.0,284.2000000000052,238.3679435483871,664.840533483343,0.0,0.0,6.073588709677419,0.0,0.0,100.0,443.5846187568925,844.8575867949478,0.046310082759750126,100.0,1.0,6.136892509443199
288,2046,2,8,5.859174576972996E18,41.86330218873083,0.022110676906490764,1.0,32.29888182074168,1.0,287.10000000000196,240.82560483870967,374.0921540876927,0.0,0.0,6.265120967741935,0.0,0.0,100.0,417.0955095686507,783.1983224443528,0.04484099938484165,100.0,1.0,6.402622687688249
289,2046,2,8,1.481964993321812E18,41.68785835054096,0.05083482790810563,1.0,46.17687509956955,1.0,287.10000000000196,241.4102822580645,725.7997757111197,0.0,0.0,6.382056451612903,0.0,0.0,100.0,373.64891739327277,845.2753519720301,0.04502971325385822,100.0,1.0,6.375790100670977
294,2046,2,8,4.281117921937587E18,41.13962695388226,0.023023019885917432,1.0,33.57674016512595,1.0,287.10000000000196,240.82560483870967,433.93955687293357,0.0,0.0,6.265120967741935,0.0,0.0,100.0,463.2202720077021,857.2653776864382,0.04562978438760916,100.0,1.0,6.291942945887871
281,2046,2,8,6.307363977605812E18,42.213569966246006,0.05083482790810563,1.0,39.95834887295232,2.0,287.10000000000196,241.07762096774192,549.0191424383779,0.0,0.0,6.315524193548387,0.0,0.0,100.0,492.7211417189249,824.2158806746249,0.044468930469356745,100.0,1.0,6.456193053661157
282,2046,2,8,8.834479670273441E18,42.0169820586998,0.05083482790810563,0.0,42.246481578303666,0.0,287.10000000000196,240.3014112903226,612.8321988635184,0.0,0.0,6.160282258064516,0.0,0.0,100.0,486.690147746002,836.9679201045479,0.044676990486127464,100.0,1.0,6.42612666780115
284,2046,2,8,3.1730362057635645E18,41.41312779211499,0.05083482790810563,1.0,41.95582808394178,1.0,287.10000000000196,242.02520161290323,632.0696206329325,0.0,0.0,6.505040322580645,0.0,0.0,100.0,523.9137186795115,873.2208778592338,0.04532843587944923,100.0,1.0,6.333772485852878
285,2046,2,8,3.0688222562761073E18,41.377948464052736,0.026015776820934245,1.0,60.33220660791357,2.0,287.10000000000196,240.77520161290323,1296.6716567552187,0.0,0.0,6.255040322580645,0.0,0.0,100.0,454.00796582414637,852.0684144639421,0.045366973892461936,100.0,1.0,6.32839211803161
295,2046,2,8,2.797545246119503E18,40.601969825535086,0.05083482790810563,1.0,33.70827558690256,4.0,287.10000000000196,239.99899193548387,417.41729969678306,0.0,0.0,6.099798387096774,0.0,0.0,100.0,459.2630326353204,819.9125423937718,0.04623402056005001,100.0,1.0,6.209713032140664
287,2046,2,9,8.507560024639921E18,41.797376624405544,0.07506260420640858,1.0,42.663674429136194,1.0,290.00000000000006,243.81754032258064,606.1576841000327,0.0,0.0,6.563508064516129,0.0,0.0,100.0,427.1841248374514,813.8803833203705,0.045365379344087464,100.0,1.0,6.3925399543208306
292,2046,2,9,1.0005304447219302E18,41.40195241328165,0.07506260420640858,2.0,43.714710441828196,2.0,290.00000000000006,243.80241935483872,704.0950566427256,0.0,0.0,6.560483870967742,0.0,0.0,100.0,491.77563492254086,905.7047582241065,0.045798657687108606,100.0,1.0,6.332063310266606
280,2046,2,9,5.096996787781837E17,42.33909163764021,0.07506260420640858,0.0,44.87001720198445,0.0,290.00000000000006,242.0584677419355,660.7812934674922,0.0,0.0,6.211693548387097,0.0,0.0,100.0,453.1807197731137,811.0681644417743,0.04478494395633493,100.0,1.0,6.4753904857567415
283,2046,2,9,6.605295447056412E18,41.433864164021536,0.07506260420640858,1.0,50.1179040055956,4.0,290.00000000000006,242.78427419354838,845.566655739227,0.0,0.0,6.356854838709677,0.0,0.0,100.0,422.7836058775968,840.9222619118403,0.045763384236808424,100.0,1.0,6.336943930968006
297,2046,2,9,4.974214387304059E17,43.134046453466816,0.07506260420640858,0.0,51.2742035714887,0.0,290.00000000000006,241.94254032258064,888.0286564571977,0.0,0.0,6.188508064516129,0.0,0.0,100.0,522.44330317463,843.2726339735392,0.043959563316171284,100.0,1.0,6.596971810530214
299,2046,2,9,8.617806463867117E18,41.549800765379466,0.03686876675368394,1.0,50.577214094663304,2.0,290.00000000000006,244.8054435483871,855.0656596820934,0.0,0.0,6.761088709677419,0.0,0.0,100.0,434.78568832987804,834.6383774378759,0.04563569045399075,100.0,1.0,6.354675411175688
291,2046,7,25,6.492828447697523E18,35.34398695207147,0.001230560954587632,1.0,43.81841374379271,3.0,261.00000000000006,226.5826612903226,572.541500075261,0.0,0.0,5.816532258064516,0.0,0.0,100.1000000000013,286.9950069710939,733.0823779255617,0.04840595157471487,100.0,1.0,5.391898960960307
292,2046,7,25,1.0005304447219302E18,34.70790419156698,0.001044859161720196,2.0,41.016306604555524,4.0,261.00000000000006,226.6078629032258,552.5517668570865,0.0,0.0,5.821572580645161,0.0,0.0,100.1000000000013,313.4084380000071,793.5603135292894,0.04929307489776382,100.0,1.0,5.294861408855634
293,2046,7,25,2.861374886328272E18,34.058427352628975,0.0050468225426619825,2.0,48.38782907237648,5.0,261.00000000000006,226.62298387096774,718.430121204508,0.0,0.0,5.824596774193548,0.0,0.0,100.1000000000013,275.2406471109713,765.0540170382955,0.05023306869532421,100.0,1.0,5.1957805242404875
294,2046,7,25,4.281117921937587E18,35.54609414824471,9.601166788843404E-4,1.0,31.806987041576463,3.0,261.00000000000006,225.34274193548387,354.3677849443089,0.0,0.0,5.568548387096774,0.0,0.0,100.1000000000013,297.51799800000015,758.4613700735327,0.048130726085521325,100.0,1.0,5.422731407297717
296,2046,7,25,4.898742477016446E18,34.328133378427204,0.001109178056965763,1.0,37.30639641711308,5.0,261.00000000000006,226.5171370967742,446.20089089881486,0.0,0.0,5.803427419354839,0.0,0.0,100.1000000000013,314.42340054696786,748.5021546050898,0.049838402280692425,100.0,1.0,5.236925504353745
297,2046,7,25,4.974214387304059E17,35.502572769574826,0.001227530845533935,1.0,48.76595470740283,3.0,261.00000000000006,224.52116935483872,693.5706822617457,0.0,0.0,5.404233870967742,0.0,0.0,100.1000000000013,319.86770569787274,727.8219430478015,0.04818972788150996,100.0,1.0,5.416092007030066
287,2046,7,26,8.507560024639921E18,34.046040763872355,0.0018275459227806562,2.0,36.72638053595688,8.0,263.8999999999959,228.40020161290323,424.20005772858946,0.0,0.0,5.880040322580645,0.0,0.0,100.1000000000013,297.0939350000056,729.5702485099771,0.050809692700141386,100.0,1.0,5.193890889233061
288,2046,7,26,5.859174576972996E18,34.04995657750113,0.0021591074304266144,1.0,23.97288799520111,7.0,263.8999999999959,228.11290322580646,225.57888223991569,0.0,0.0,5.82258064516129,0.0,0.0,100.1000000000013,299.5257836506951,713.3381981134354,0.050803849483082,100.0,1.0,5.1944882658523
289,2046,7,26,1.481964993321812E18,36.70257977049563,0.0011152436590669932,1.0,43.4575010494886,2.0,263.8999999999959,226.89818548387098,600.0354070534889,0.0,0.0,5.579637096774194,0.0,0.0,100.1000000000013,310.98045915318687,779.6680118985388,0.04713207844478127,100.0,1.0,5.599158974267905
280,2046,7,26,5.096996787781837E17,34.14406836911197,0.0017457685760414398,1.0,38.266574672559685,7.0,263.8999999999959,228.61693548387098,453.5052190439429,0.0,0.0,5.923387096774194,0.0,0.0,100.1000000000013,306.2689050000032,730.4598895228987,0.05066381809479237,100.0,1.0,5.208845482317126
281,2046,7,26,6.307363977605812E18,36.02188782053376,0.0028522728801185825,1.0,34.81014139787806,2.0,263.8999999999959,228.79334677419354,403.2829747949532,0.0,0.0,5.95866935483871,0.0,0.0,100.1000000000013,296.100486000005,753.8845424674385,0.048022715452540964,100.0,1.0,5.495316071012234
282,2046,7,26,8.834479670273441E18,34.088846197943774,8.018990599511175E-4,1.0,36.545997552400124,6.0,263.8999999999959,228.7076612903226,429.37015746215917,0.0,0.0,5.941532258064516,0.0,0.0,100.1000000000013,281.62330300000025,743.8982005622267,0.05074589086483031,100.0,1.0,5.200421068632634
283,2046,7,26,6.605295447056412E18,35.23499988545582,0.00176361055048212,2.0,47.31683161780216,4.0,263.8999999999959,228.75302419354838,677.3922819486482,0.0,0.0,5.950604838709677,0.0,0.0,100.1000000000013,278.9051110000001,753.1612327963057,0.049095185880301095,100.0,1.0,5.375272448166509
284,2046,7,26,3.1730362057635645E18,34.44787554982761,0.001943103179050035,1.0,39.46830009015242,5.0,263.8999999999959,228.77318548387098,493.43198990180747,0.0,0.0,5.954637096774194,0.0,0.0,100.1000000000013,273.4809210977034,755.522207447511,0.050216997166244795,100.0,1.0,5.25519276125467
285,2046,7,26,3.0688222562761073E18,36.30882792598927,0.00293243479766438,1.0,59.814319082805305,2.0,263.8999999999959,228.0171370967742,1125.3586288010993,0.0,0.0,5.803427419354839,0.0,0.0,100.1000000000013,275.0,755.3821403330568,0.04764320325610487,100.0,1.0,5.539090194700132
286,2046,7,26,4.898224502314156E18,34.24929788097634,0.0013779561549221472,1.0,47.560186868839914,6.0,263.8999999999959,228.92943548387098,723.9732013536366,0.0,0.0,5.985887096774194,0.0,0.0,100.1000000000013,286.049382461059,797.1316519709303,0.050508155667322176,100.0,1.0,5.22489876166146
295,2046,7,26,2.797545246119503E18,35.19439576968441,0.0035807064967490186,1.0,30.95758921888385,5.0,263.8999999999959,227.9264112903226,331.61956402112736,0.0,0.0,5.785282258064516,0.0,0.0,100.1000000000013,298.92543826159584,738.2077390679151,0.0491518274724554,100.0,1.0,5.3690780906953055
298,2046,7,26,7.278710821350941E18,34.19891656830375,0.0027011590851453945,1.0,39.56994130712336,6.0,263.8999999999959,227.57862903225808,508.3841753789489,0.0,0.0,5.715725806451613,0.0,0.0,100.1000000000013,322.7466580499944,775.0693660792167,0.05058256349770219,100.0,1.0,5.217212844738168
299,2046,7,26,8.617806463867117E18,34.89801426847534,0.0018686485799360704,1.0,47.54051226332362,3.0,263.8999999999959,228.95967741935485,673.4631010891995,0.0,0.0,5.991935483870968,0.0,0.0,100.1000000000013,288.8178269999968,742.1487588729096,0.04956926361370354,100.0,1.0,5.3238636356712
290,2046,7,27,2.9539370702862316E18,37.50518305053046,0.0014435731146803478,0.0,36.75309699058894,0.0,266.79999999999524,229.0483870967742,458.24385417070323,0.0,0.0,5.709677419354839,0.0,0.0,100.1000000000013,316.1454520000022,787.3225416933294,0.04663031278962519,100.0,1.0,5.72160005024362
287,2047,2,6,8.507560024639921E18,40.86612488233509,0.026607051609802406,1.0,41.1512724896971,2.0,281.29999999999484,236.8578629032258,573.9438877057562,0.0,0.0,6.071572580645161,0.0,0.0,100.0,496.02799333295576,819.9227740729244,0.04500718470530211,100.0,1.0,6.2501132172983045
291,2047,2,6,6.492828447697523E18,41.42184685389867,0.026607051609802406,0.0,47.216471812495264,0.0,281.29999999999484,237.2358870967742,727.7894072239257,0.0,0.0,6.147177419354839,0.0,0.0,100.0,432.0099275348485,812.9982954058441,0.044403361280741176,100.0,1.0,6.335105989419804
283,2047,2,6,6.605295447056412E18,40.82088062077929,0.026607051609802406,1.0,50.844974123644185,2.0,281.29999999999484,236.78729838709677,865.3581471718071,0.0,0.0,6.057459677419355,0.0,0.0,100.0,431.8393577246462,835.9614628033136,0.04505706890196152,100.0,1.0,6.243193506707417
284,2047,2,6,3.1730362057635645E18,39.767584821260094,0.026607051609802406,1.0,43.34508122753393,4.0,281.29999999999484,236.81754032258064,640.7648887977444,0.0,0.0,6.063508064516129,0.0,0.0,100.0,500.07912334963993,836.723384030325,0.046250463512833385,100.0,1.0,6.082101207957427
295,2047,2,6,2.797545246119503E18,39.20892193985845,0.02000530196225743,2.0,34.76979737157027,5.0,281.29999999999484,236.95866935483872,428.8354718253535,0.0,0.0,6.091733870967742,0.0,0.0,100.0,430.9416585275736,803.561966175223,0.04690945682185298,100.0,1.0,5.99665864962542
296,2047,2,6,4.898742477016446E18,40.65250258541387,0.008510855095109522,0.0,38.66751263592843,0.0,281.29999999999484,237.32157258064515,521.3826181492434,0.0,0.0,6.164314516129032,0.0,0.0,100.0,436.65306706574796,825.9997316741224,0.04524369014932735,100.0,1.0,6.2174415718868365
293,2047,2,7,2.861374886328272E18,40.62121297211979,0.015965712282696453,1.0,54.48729574960712,3.0,284.2000000000052,238.7610887096774,979.7439834672728,0.0,0.0,6.152217741935484,0.0,0.0,100.0,318.7721904329192,817.789198613264,0.04574532942938437,100.0,1.0,6.212656101618328
280,2047,2,7,5.096996787781837E17,40.51361270706163,0.03959014192217204,1.0,44.40095720732569,3.0,284.2000000000052,238.5241935483871,627.4349652621012,0.0,0.0,6.104838709677419,0.0,0.0,100.0,375.67390470312,784.9016425775068,0.04586682463168505,100.0,1.0,6.196199590491781
282,2047,2,7,8.834479670273441E18,41.43737674976433,0.05083482790810563,1.0,36.16140070683322,1.0,284.2000000000052,238.2671370967742,486.05766189407717,0.0,0.0,6.053427419354839,0.0,0.0,100.0,561.5853892913992,857.1583710829764,0.04484431484291227,100.0,1.0,6.3374811499639545
285,2047,2,7,3.0688222562761073E18,41.23460452409041,0.05083482790810563,1.0,58.93424191318634,1.0,284.2000000000052,238.80645161290323,1217.8904577983328,0.0,0.0,6.161290322580645,0.0,0.0,100.0,511.2550684250302,848.0042581310515,0.04506483791169083,100.0,1.0,6.306468927213813
297,2047,2,7,4.974214387304059E17,41.309108049166646,0.045582607808093194,1.0,53.139515735572125,1.0,284.2000000000052,240.53024193548387,933.901903392806,0.0,0.0,6.506048387096774,0.0,0.0,100.0,436.1587334760074,822.6766502754223,0.044983560696084654,100.0,1.0,6.317863583990181
298,2047,2,7,7.278710821350941E18,41.670292389550106,0.05083482790810563,0.0,49.18159456158539,0.0,284.2000000000052,239.26008064516128,809.6484318855324,0.0,0.0,6.252016129032258,0.0,0.0,100.0,403.37043549640373,835.9545169381773,0.04459365803962542,100.0,1.0,6.373103541931194
299,2047,2,7,8.617806463867117E18,40.12479900442134,0.05083482790810563,1.0,50.13908753216058,2.0,284.2000000000052,238.3679435483871,821.2123652916681,0.0,0.0,6.073588709677419,0.0,0.0,100.0,423.3536273983192,815.9124951446269,0.04631127919235294,100.0,1.0,6.136733965382092
288,2047,2,8,5.859174576972996E18,41.156002769511524,0.07595992925449412,1.0,30.968263557606146,3.0,287.10000000000196,240.2610887096774,351.6293786408708,0.0,0.0,6.152217741935484,0.0,0.0,100.0,412.77515269374965,782.8630337668983,0.0456116284714352,100.0,1.0,6.294447482395889
289,2047,2,8,1.481964993321812E18,41.34377892053076,0.07595992925449412,1.0,46.26583107458354,2.0,287.10000000000196,241.4858870967742,738.1029859152982,0.0,0.0,6.397177419354839,0.0,0.0,100.0,410.9496506433756,856.4929833148016,0.0454044685005834,100.0,1.0,6.323166187845873
292,2047,2,8,1.0005304447219302E18,41.888819572356255,0.07595992925449412,0.0,48.74509431568816,0.0,287.10000000000196,240.3014112903226,831.2408251982814,0.0,0.0,6.160282258064516,0.0,0.0,100.0,439.1525616399597,873.2560124306215,0.04481368362385497,100.0,1.0,6.406525346360381
294,2047,2,8,4.281117921937587E18,42.83841478538644,0.07595992925449412,0.0,37.421611135386634,0.0,287.10000000000196,241.47076612903226,507.0393988109649,0.0,0.0,6.394153225806452,0.0,0.0,100.0,407.89666235243084,847.0156507712019,0.043820302807579446,100.0,1.0,6.551757555412037
281,2047,2,8,6.307363977605812E18,41.595312605885795,0.05832612812554475,1.0,37.54791349704367,1.0,287.10000000000196,241.3951612903226,511.7227568460914,0.0,0.0,6.379032258064516,0.0,0.0,100.0,449.20282472066407,850.3000926655488,0.04512990022406275,100.0,1.0,6.361636045606047
286,2047,2,8,4.898224502314156E18,41.25992830267768,0.07595992925449412,1.0,50.4954539164575,1.0,287.10000000000196,241.1733870967742,891.0934285631607,0.0,0.0,6.334677419354839,0.0,0.0,100.0,404.19182332422804,872.845106485848,0.04549674187316737,100.0,1.0,6.31034197570365
290,2047,2,9,2.9539370702862316E18,42.42044529242854,0.10018770555279714,0.0,37.78202683541762,0.0,290.00000000000006,242.65826612903226,516.585132772167,0.0,0.0,6.331653225806452,0.0,0.0,100.0,367.9587899019994,849.7935390175847,0.04469905568134813,100.0,1.0,6.48783280943025
287,2047,7,23,8.507560024639921E18,33.87621813028415,0.00146382552705596,1.0,38.68854569841616,5.0,255.20000000000456,220.58366935483872,446.3747602175743,0.0,0.0,5.216733870967742,0.0,0.0,100.1000000000013,291.03112100000556,706.1611722406893,0.049380961546731716,100.0,1.0,5.167983611629268
295,2047,7,24,2.797545246119503E18,33.925550285589246,0.0013843336132139843,1.0,30.449115824583096,6.0,258.10000000000406,221.32762096774192,324.3100350707377,0.0,0.0,5.065524193548387,0.0,0.0,100.1000000000013,375.03652805999644,739.3297332265759,0.0498694865258664,100.0,1.0,5.175509474438488
289,2047,7,25,1.481964993321812E18,35.19022236220278,0.0023404409183236875,1.0,42.61628042655328,3.0,261.00000000000006,226.61290322580646,577.5153243927939,0.0,0.0,5.82258064516129,0.0,0.0,100.1000000000013,300.8271451708925,776.3151444061258,0.04861746263635219,100.0,1.0,5.368441416867474
290,2047,7,25,2.9539370702862316E18,34.38094299080096,0.0012028485899266844,2.0,29.075541077352483,4.0,261.00000000000006,226.2147177419355,321.73242098457763,0.0,0.0,5.742943548387097,0.0,0.0,100.1000000000013,306.4501499999948,782.8939730759205,0.049761849793273014,100.0,1.0,5.244981870333987
292,2047,7,25,1.0005304447219302E18,35.491409547070425,0.002714231845388089,1.0,44.053736041845184,3.0,261.00000000000006,226.1945564516129,635.0643374457898,0.0,0.0,5.738911290322581,0.0,0.0,100.1000000000013,354.22229999315425,805.4683122527707,0.04820488514524334,100.0,1.0,5.414389002558476
293,2047,7,25,2.861374886328272E18,34.104758639889525,0.001263838095894792,1.0,50.13749780690187,7.0,261.00000000000006,222.89314516129033,755.1874862447626,0.0,0.0,5.078629032258065,0.0,0.0,100.1000000000013,271.02999999999963,750.1739612058753,0.05016482711178826,100.0,1.0,5.2028485898771795
294,2047,7,25,4.281117921937587E18,34.399465991842035,2.2817602809472174E-4,1.0,29.61269331463218,5.0,261.00000000000006,224.42540322580646,321.7592350524658,0.0,0.0,5.38508064516129,0.0,0.0,100.1000000000013,312.1005759999975,762.807826705197,0.04973505464489078,100.0,1.0,5.24780764520206
280,2047,7,25,5.096996787781837E17,36.371804967450615,0.0016380522966142799,1.0,40.37925647489424,2.0,261.00000000000006,223.4576612903226,511.1611792298374,0.0,0.0,5.191532258064516,0.0,0.0,100.1000000000013,410.7857098684718,753.5864624919874,0.04703806485244218,100.0,1.0,5.548697651970882
281,2047,7,25,6.307363977605812E18,34.20027638726388,0.0035950522759827888,2.0,32.05895271290061,7.0,261.00000000000006,223.4929435483871,358.5943208320884,0.0,0.0,5.198588709677419,0.0,0.0,100.1000000000013,341.42405571000506,758.4525523308115,0.050024722066177335,100.0,1.0,5.21742029180542
282,2047,7,25,8.834479670273441E18,34.2677921828787,0.0026516697638454497,2.0,32.88173210406664,6.0,261.00000000000006,225.88709677419354,364.79546635157027,0.0,0.0,5.67741935483871,0.0,0.0,100.1000000000013,303.5414994063116,743.2090178326034,0.04992616132749069,100.0,1.0,5.227720158334832
283,2047,7,25,6.605295447056412E18,33.76716684049943,0.0016115751581991813,1.0,45.434630808932106,6.0,261.00000000000006,226.875,638.3602228503931,0.0,0.0,5.875,0.0,0.0,100.1000000000013,304.18225011695023,765.4226603865741,0.05066635672873109,100.0,1.0,5.1513473012752895
296,2047,7,25,4.898742477016446E18,36.38635663492009,0.002032906769563446,0.0,37.27120379670715,0.0,261.00000000000006,226.88508064516128,448.8644667742545,0.0,0.0,5.877016129032258,0.0,0.0,100.1000000000013,298.2339993899755,754.0754059454239,0.04701925334336462,100.0,1.0,5.550917580379495
297,2047,7,25,4.974214387304059E17,35.54416486488031,0.00897325048085301,1.0,50.65028336227406,2.0,261.00000000000006,225.35282258064515,764.0718675234905,0.0,0.0,5.570564516129032,0.0,0.0,100.1000000000013,332.3328500000047,743.5480053367327,0.04813333854834068,100.0,1.0,5.422437085636096
298,2047,7,25,7.278710821350941E18,35.23190762905126,0.0018859290628106377,2.0,44.96806493710346,4.0,261.00000000000006,223.5584677419355,624.5531383091007,0.0,0.0,5.211693548387097,0.0,0.0,100.1000000000013,331.83786091743957,763.2774278018876,0.04855994000871507,100.0,1.0,5.374800709250428
299,2047,7,25,8.617806463867117E18,35.645397526745676,0.00897325048085301,1.0,48.89485206322026,3.0,261.00000000000006,225.26209677419354,709.786873147625,0.0,0.0,5.55241935483871,0.0,0.0,100.1000000000013,305.5592689999993,740.9016544808163,0.04799664022755297,100.0,1.0,5.437880625864522
288,2047,7,26,5.859174576972996E18,35.655948607915576,0.0019730102200644297,1.0,26.315930992614085,2.0,263.8999999999959,228.83366935483872,258.45012087598707,0.0,0.0,5.966733870967742,0.0,0.0,100.1000000000013,304.8225639999979,721.9473528921452,0.04851557556050576,100.0,1.0,5.4394902451662235
291,2047,7,26,6.492828447697523E18,35.26827352567927,0.002455733574398754,2.0,42.63235356610898,5.0,263.8999999999959,227.99697580645162,558.3354335469946,0.0,0.0,5.799395161290323,0.0,0.0,100.1000000000013,316.91269805349776,750.2416963492426,0.04904886732290158,100.0,1.0,5.38034850555616
284,2047,7,26,3.1730362057635645E18,34.92572983096472,0.002725774751170403,1.0,39.945339654033376,5.0,263.8999999999959,228.09274193548387,512.3205312483577,0.0,0.0,5.818548387096774,0.0,0.0,100.1000000000013,294.15803499999737,769.057552615505,0.04952992757033707,100.0,1.0,5.328091780978955
285,2047,7,26,3.0688222562761073E18,34.8549366944443,0.001919001385982257,1.0,55.3267409472976,5.0,263.8999999999959,227.65423387096774,954.574203613378,0.0,0.0,5.730846774193548,0.0,0.0,100.1000000000013,310.54748400000045,769.8639557054704,0.049630526775410085,100.0,1.0,5.317291939982947
286,2047,7,26,4.898224502314156E18,35.50671378586929,0.0013091990780351643,2.0,47.45824574501307,4.0,263.8999999999959,227.94657258064515,719.1084581102675,0.0,0.0,5.789314516129032,0.0,0.0,100.1000000000013,299.8544487681685,795.0357474607251,0.04871948666669576,100.0,1.0,5.4167237394230545
290,2048,2,6,2.9539370702862316E18,40.481116755212014,0.03781590128376523,2.0,32.0666845123101,4.0,281.29999999999484,237.45262096774192,423.6926588023243,0.0,0.0,6.190524193548387,0.0,0.0,100.0,496.1029526158942,896.4967260462347,0.04543523939547407,100.0,1.0,6.191229621385376
292,2048,2,6,1.0005304447219302E18,40.4351319335743,0.051732152956190804,1.0,45.961725942058784,1.0,281.29999999999484,237.3165322580645,755.880170837818,0.0,0.0,6.163306451612903,0.0,0.0,100.0,468.2553425114563,887.7775370324671,0.045486910585346776,100.0,1.0,6.184196648664313
293,2048,2,6,2.861374886328272E18,40.65995104621017,0.051732152956190804,0.0,47.86928417038842,0.0,281.29999999999484,239.52923387096774,813.634654902218,0.0,0.0,6.605846774193548,0.0,0.0,100.0,473.16975036083,884.9971259788356,0.04523540199738215,100.0,1.0,6.218580748243911
282,2048,2,6,8.834479670273441E18,41.37902157904211,0.051732152956190804,0.0,37.884529044603845,0.0,281.29999999999484,237.29637096774192,505.6520587499326,0.0,0.0,6.159274193548387,0.0,0.0,100.0,469.87046634404294,828.1009390284113,0.044449316600099556,100.0,1.0,6.328556241500567
285,2048,2,6,3.0688222562761073E18,40.59909398384808,0.051732152956190804,0.0,58.486806104650384,0.0,281.29999999999484,237.5735887096774,1197.8675377939508,0.0,0.0,6.214717741935484,0.0,0.0,100.0,465.5471681184718,849.5274302760937,0.04530320877359796,100.0,1.0,6.209273197529714
287,2048,2,7,8.507560024639921E18,41.952711944516125,0.06587848664641592,0.0,41.39404193251442,0.0,284.2000000000052,240.92842741935485,579.4099363111742,0.0,0.0,6.585685483870968,0.0,0.0,100.0,434.7908669939905,819.5570862261818,0.04429346001966163,100.0,1.0,6.416297120925987
291,2048,2,7,6.492828447697523E18,39.955612770573815,0.06984408907092178,2.0,42.88312906325865,4.0,284.2000000000052,238.70060483870967,631.8199123143636,0.0,0.0,6.140120967741935,0.0,0.0,100.0,494.5588453897545,840.6312187041041,0.046507377571727244,100.0,1.0,6.110858423734819
294,2048,2,7,4.281117921937587E18,41.946759867833116,0.03398338378108074,0.0,39.32155698960798,0.0,284.2000000000052,240.5201612903226,528.4868244546134,0.0,0.0,6.504032258064516,0.0,0.0,100.0,307.36201469251466,814.6232590888916,0.0442997450836671,100.0,1.0,6.415386803315649
280,2048,2,7,5.096996787781837E17,40.474033787267956,0.039832734181761115,1.0,42.136518737250235,1.0,284.2000000000052,241.09475806451613,603.3517072222835,0.0,0.0,6.618951612903226,0.0,0.0,100.0,454.2791492750952,827.5917363004099,0.04591167707665839,100.0,1.0,6.190146343935086
281,2048,2,7,6.307363977605812E18,40.63173949473477,0.07595992925449412,1.0,33.06448399584559,1.0,284.2000000000052,241.49798387096774,432.71086940235745,0.0,0.0,6.699596774193548,0.0,0.0,100.0,509.3628603257387,874.79324735212,0.04573347812174269,100.0,1.0,6.214266040371208
284,2048,2,7,3.1730362057635645E18,41.54659000869901,0.07595992925449412,1.0,44.24918988904123,2.0,284.2000000000052,238.52923387096774,688.994310292648,0.0,0.0,6.105846774193548,0.0,0.0,100.0,496.39817298644533,867.398895697738,0.044726432875519494,100.0,1.0,6.354184354271608
295,2048,2,7,2.797545246119503E18,40.21460006386061,0.04165874344496426,1.0,36.04945658956041,2.0,284.2000000000052,241.90625,458.3925381623904,0.0,0.0,6.78125,0.0,0.0,100.0,402.97566252380335,812.0703187273531,0.04620786396681653,100.0,1.0,6.150468245061038
296,2048,2,7,4.898742477016446E18,41.40407939498871,0.07595992925449412,0.0,42.38130223253661,0.0,284.2000000000052,238.5695564516129,609.5139309046959,0.0,0.0,6.113911290322581,0.0,0.0,100.0,426.8885922151529,827.8097019776274,0.044880378851164894,100.0,1.0,6.332388613351215
298,2048,2,7,7.278710821350941E18,41.63931545932065,0.07595992925449412,1.0,44.3234043222844,1.0,284.2000000000052,241.49798387096774,699.0645423464375,0.0,0.0,6.699596774193548,0.0,0.0,100.0,469.78837152646236,877.2241589632096,0.044626832807715025,100.0,1.0,6.368365893778443
288,2048,2,8,5.859174576972996E18,41.14256939427664,0.052462793964924065,1.0,31.34786611747585,1.0,287.10000000000196,240.42741935483872,360.2378355174597,0.0,0.0,6.185483870967742,0.0,0.0,100.0,429.8863812188941,787.6158532373329,0.0456265210299058,100.0,1.0,6.292392966183481
289,2048,2,8,1.481964993321812E18,39.655401521674676,0.09117983698944868,1.0,44.53521691328069,4.0,287.10000000000196,240.3366935483871,677.1069024341252,0.0,0.0,6.167338709677419,0.0,0.0,100.0,402.8484864270386,842.4039352533108,0.047337619483345666,100.0,1.0,6.064943762138473
283,2048,2,8,6.605295447056412E18,40.66508031028437,0.10108503060088221,1.0,52.68453816912529,2.0,287.10000000000196,240.09475806451613,918.7428818000164,0.0,0.0,6.118951612903226,0.0,0.0,100.0,374.2592552481258,824.4722839683568,0.04616226731556637,100.0,1.0,6.21936522392584
286,2048,2,8,4.898224502314156E18,41.99092821482843,0.10108503060088221,1.0,53.35890589061819,1.0,287.10000000000196,240.44758064516128,1009.6265956765928,0.0,0.0,6.189516129032258,0.0,0.0,100.0,437.7611123806739,881.8180386225888,0.044704710933954096,100.0,1.0,6.4221419622678715
297,2048,2,8,4.974214387304059E17,42.40614145310377,0.10108503060088221,0.0,55.249703223886115,0.0,287.10000000000196,241.4304435483871,1029.1448348919737,0.0,0.0,6.386088709677419,0.0,0.0,100.0,460.95848105505746,832.9844414542997,0.04426699160470131,100.0,1.0,6.48564516341587
299,2048,2,8,8.617806463867117E18,41.636637645453135,0.10108503060088221,0.0,48.524203371787564,0.0,287.10000000000196,241.50100806451613,817.6304472664776,0.0,0.0,6.400201612903226,0.0,0.0,100.0,503.64274998284236,866.6407479298997,0.04508510806461125,100.0,1.0,6.367956345775202
281,2048,7,22,6.307363977605812E18,34.446792882594934,0.002788455711887199,1.0,32.88424887620618,3.0,255.20000000000456,220.53326612903226,364.07305846044835,0.0,0.0,5.206653225806452,0.0,0.0,100.1000000000013,309.2568681748231,741.6038098202873,0.04856301805923688,100.0,1.0,5.2550275950459495
284,2048,7,22,3.1730362057635645E18,33.307511530628695,0.0014421810480316618,2.0,39.37381253664161,6.0,255.20000000000456,222.91229838709677,490.59684819070446,0.0,0.0,5.682459677419355,0.0,0.0,100.1000000000013,275.002353999997,753.9977436736438,0.05022411305936076,100.0,1.0,5.0812246240840375
290,2048,7,23,2.9539370702862316E18,35.97706500729196,0.0015328408747613655,1.0,33.59675718040753,2.0,258.10000000000406,221.32762096774192,393.6042241254328,0.0,0.0,5.065524193548387,0.0,0.0,100.1000000000013,307.7546763689951,776.7336586491257,0.047025786358806436,100.0,1.0,5.488478130502759
292,2048,7,23,1.0005304447219302E18,34.86459656475957,2.559836389813723E-4,1.0,43.14335049398428,4.0,258.10000000000406,223.58064516129033,610.4033537943653,0.0,0.0,5.516129032258065,0.0,0.0,100.1000000000013,346.43410388845393,803.2370222459908,0.04852629714808997,100.0,1.0,5.318765600687565
294,2048,7,23,4.281117921937587E18,33.087872371287375,2.6042635479605946E-4,1.0,29.016837130530497,7.0,258.10000000000406,222.8548387096774,307.0804805912604,0.0,0.0,5.370967741935484,0.0,0.0,100.1000000000013,279.5432840000071,749.6976378039255,0.05113202063478498,100.0,1.0,5.047717590578052
282,2048,7,23,8.834479670273441E18,35.34219569659484,0.0018796083956541785,2.0,35.71667751950705,3.0,258.10000000000406,222.64314516129033,406.2843891417339,0.0,0.0,5.328629032258065,0.0,0.0,100.1000000000013,293.5822397081003,730.0090497878957,0.04787053377707389,100.0,1.0,5.391625696131532
295,2048,7,23,2.797545246119503E18,33.72077099871832,0.001480734402781031,1.0,31.009830355488326,6.0,258.10000000000406,221.96270161290323,330.0356299028422,0.0,0.0,5.192540322580645,0.0,0.0,100.1000000000013,348.98334699999407,732.5831695583221,0.05017233363122399,100.0,1.0,5.1442693875291345
298,2048,7,23,7.278710821350941E18,34.16625442698471,0.00897325048085301,1.0,40.81420784775497,5.0,258.10000000000406,223.59072580645162,527.1422320486049,0.0,0.0,5.518145161290323,0.0,0.0,100.1000000000013,299.31163042003743,762.9814059645885,0.049518151791130144,100.0,1.0,5.212230074512511
299,2048,7,23,8.617806463867117E18,35.2243634234503,0.004056623183025785,1.0,48.28935154721571,3.0,258.10000000000406,223.7772177419355,686.7837066762492,0.0,0.0,5.555443548387097,0.0,0.0,100.1000000000013,264.4374620600065,734.5017239750551,0.048030669923291414,100.0,1.0,5.373649803598599
288,2048,7,24,5.859174576972996E18,33.32848967354766,2.4094437680181134E-4,1.0,23.51852746240719,8.0,261.00000000000006,226.8548387096774,218.64067740526897,0.0,0.0,5.870967741935484,0.0,0.0,100.1000000000013,285.2663499999962,708.8563745567785,0.05133323884811995,100.0,1.0,5.084424942915112
289,2048,7,24,1.481964993321812E18,35.589727117453414,0.003109234400849974,2.0,42.38796598156005,3.0,261.00000000000006,225.30241935483872,577.1330941599284,0.0,0.0,5.560483870967742,0.0,0.0,100.1000000000013,352.7333856378046,783.1455786771999,0.0480717178643471,100.0,1.0,5.429387831250637
291,2048,7,24,6.492828447697523E18,31.46868955846959,0.0012863031079204403,2.0,36.05621271177579,11.0,261.00000000000006,226.96572580645162,417.5483811097224,0.0,0.0,5.893145161290323,0.0,0.0,100.1000000000013,277.28655697000136,739.2123393419416,0.054367034181086626,100.0,1.0,4.80070329256249
293,2048,7,24,2.861374886328272E18,36.3265800305733,0.00897325048085301,1.0,48.53736403417512,1.0,261.00000000000006,225.28225806451613,735.2191525010318,0.0,0.0,5.556451612903226,0.0,0.0,100.1000000000013,309.09817105999815,778.5466419806005,0.0470966250998422,100.0,1.0,5.541798365523956
280,2048,7,24,5.096996787781837E17,33.296102567218306,0.0015524654811164456,1.0,37.786950012373616,7.0,261.00000000000006,226.95564516129033,444.18849302770667,0.0,0.0,5.891129032258065,0.0,0.0,100.1000000000013,281.08384534343554,730.0090314496724,0.051383170670063684,100.0,1.0,5.079484130629195
285,2048,7,24,3.0688222562761073E18,35.85813435435098,0.0011853699446305183,1.0,57.616638087556325,2.0,261.00000000000006,225.9727822580645,1039.7428554921319,0.0,0.0,5.694556451612903,0.0,0.0,100.1000000000013,315.8221729119929,764.0005667109122,0.04771188885491263,100.0,1.0,5.470334674732256
287,2048,7,25,8.507560024639921E18,35.590039656857876,0.0011061699310716273,1.0,36.20402346829925,3.0,263.8999999999959,228.50100806451613,429.012407605919,0.0,0.0,5.900201612903226,0.0,0.0,100.1000000000013,346.59543265466874,754.7858310468656,0.048605421223112046,100.0,1.0,5.429435510673253
283,2048,7,25,6.605295447056412E18,37.058165934727484,0.001065453631067804,0.0,51.569697690900306,0.0,263.8999999999959,228.4858870967742,817.6355841656069,0.0,0.0,5.897177419354839,0.0,0.0,100.1000000000013,294.81054999999606,766.9476750893429,0.04667982953921005,100.0,1.0,5.653405391686908
286,2048,7,25,4.898224502314156E18,35.74493427828962,0.0021334404376730904,1.0,50.47688618894612,4.0,263.8999999999959,226.98387096774192,811.1060059985653,0.0,0.0,5.596774193548387,0.0,0.0,100.1000000000013,312.04851302242446,794.9269095180235,0.04839479785865802,100.0,1.0,5.4530654466362884
296,2048,7,25,4.898742477016446E18,36.349668374639016,0.0066864757681468125,1.0,39.786286728616794,1.0,263.8999999999959,227.70967741935485,501.2576886250217,0.0,0.0,5.741935483870968,0.0,0.0,100.1000000000013,299.4978500000045,757.4174883822999,0.04758967402508046,100.0,1.0,5.545320605913727
297,2048,7,25,4.974214387304059E17,35.25801786598048,0.0015081093245131163,1.0,51.52363627374963,5.0,263.8999999999959,228.6522177419355,796.2166760538584,0.0,0.0,5.930443548387097,0.0,0.0,100.1000000000013,310.41739999999993,748.1155869648885,0.049063134389580806,100.0,1.0,5.378783954252187
296,2049,2,4,4.898742477016446E18,39.21664911180468,0.026607051609802406,1.0,35.836269813216276,2.0,278.3999999999973,235.91229838709677,479.46851486893866,0.0,0.0,6.182459677419355,0.0,0.0,100.0,511.98811493495344,857.3487681794196,0.04641670651457416,100.0,1.0,5.99784045239366
298,2049,2,4,7.278710821350941E18,40.653878889161184,0.026607051609802406,1.0,49.40791026020527,1.0,278.3999999999973,236.1945564516129,814.3064777866152,0.0,0.0,6.238911290322581,0.0,0.0,100.0,395.7317444642113,832.9552327120213,0.0447757444565269,100.0,1.0,6.217652065401121
287,2049,2,5,8.507560024639921E18,40.646416845333725,0.051732152956190804,0.0,39.14997139538398,0.0,281.29999999999484,236.94354838709677,516.558471542899,0.0,0.0,6.088709677419355,0.0,0.0,100.0,422.0930298211349,802.0039915160382,0.04525046421109934,100.0,1.0,6.216510811639269
288,2049,2,5,5.859174576972996E18,40.57676934177542,0.03265918747234265,1.0,31.211915142099812,2.0,281.29999999999484,236.90322580645162,360.2382821687058,0.0,0.0,6.080645161290323,0.0,0.0,100.0,461.25443548567887,792.977128504482,0.04532813382152621,100.0,1.0,6.205858840506824
289,2049,2,5,1.481964993321812E18,41.65876632272371,0.037209235632665504,1.0,46.643883993010235,1.0,281.29999999999484,238.0272177419355,769.4775492131644,0.0,0.0,6.305443548387097,0.0,0.0,100.0,498.1191534169921,879.4495469043782,0.044150832900827594,100.0,1.0,6.37134073171068
290,2049,2,5,2.9539370702862316E18,40.276431990674546,0.03209155391738512,0.0,34.875554011414195,0.0,281.29999999999484,238.79334677419354,464.79006001148036,0.0,0.0,6.45866935483871,0.0,0.0,100.0,381.02548923436143,866.8879021621842,0.04566614121119394,100.0,1.0,6.159924892691414
293,2049,2,5,2.861374886328272E18,41.35981997530442,0.051732152956190804,0.0,49.711280094328465,0.0,281.29999999999484,237.8860887096774,865.3656207269324,0.0,0.0,6.277217741935484,0.0,0.0,100.0,446.06492895553106,874.7673934347317,0.044469952525601104,100.0,1.0,6.325619525634798
294,2049,2,5,4.281117921937587E18,40.74012475544559,0.042946845469437715,1.0,36.416091429698085,1.0,281.29999999999484,238.80342741935485,496.1562057474204,0.0,0.0,6.460685483870968,0.0,0.0,100.0,454.85698995467,865.4277168047226,0.045146381897697686,100.0,1.0,6.230842609656394
284,2049,2,5,3.1730362057635645E18,40.62349497988845,0.051732152956190804,1.0,44.04793622062301,1.0,281.29999999999484,237.7953629032258,667.8658791968062,0.0,0.0,6.259072580645161,0.0,0.0,100.0,432.33257003947483,847.5011328650355,0.04527599685058519,100.0,1.0,6.213005114571189
286,2049,2,5,4.898224502314156E18,39.662841052586046,0.041298212354823,1.0,52.02873847347828,1.0,281.29999999999484,238.3195564516129,935.4583850232826,0.0,0.0,6.363911290322581,0.0,0.0,100.0,366.93691525608267,861.5194729028556,0.04637260423000564,100.0,1.0,6.066081572748467
295,2049,2,5,2.797545246119503E18,40.78441675250941,0.05124985678359115,0.0,39.76127732864297,0.0,281.29999999999484,239.5040322580645,517.6627566778413,0.0,0.0,6.600806451612903,0.0,0.0,100.0,340.2013196256819,783.2322019630911,0.04509735279360181,100.0,1.0,6.2376166797955435
297,2049,2,5,4.974214387304059E17,41.02039807417241,0.051732152956190804,0.0,52.289295561922025,0.0,281.29999999999484,236.73689516129033,890.6336760935019,0.0,0.0,6.047379032258065,0.0,0.0,100.0,442.03342914221804,811.8954935411876,0.04483791764876238,100.0,1.0,6.273707940755791
299,2049,2,5,8.617806463867117E18,41.061949609169936,0.02302753610859631,1.0,52.01771981637602,1.0,281.29999999999484,238.07258064516128,870.3605013587402,0.0,0.0,6.314516129032258,0.0,0.0,100.0,332.6511020835548,802.1764490230595,0.044792545124512334,100.0,1.0,6.280062881402464
291,2049,2,6,6.492828447697523E18,41.57088446440447,0.07685725430257935,0.0,41.52228975113741,0.0,284.2000000000052,238.49395161290323,571.0198897099677,0.0,0.0,6.098790322580645,0.0,0.0,100.0,420.99442171408793,803.3765229274583,0.04470029428461972,100.0,1.0,6.357899976908912
292,2049,2,6,1.0005304447219302E18,40.57884726708343,0.03619922388171489,1.0,45.67196156163394,1.0,284.2000000000052,239.6985887096774,742.5054322097883,0.0,0.0,6.339717741935484,0.0,0.0,100.0,445.8477492402923,882.521142647549,0.0457930891185801,100.0,1.0,6.20617664084806
280,2049,2,6,5.096996787781837E17,41.04527402927327,0.07685725430257935,1.0,45.980801881213715,2.0,284.2000000000052,238.5141129032258,693.1312582639249,0.0,0.0,6.102822580645161,0.0,0.0,100.0,422.98313433838564,813.4934329782944,0.04527270954277275,100.0,1.0,6.277512498594739
281,2049,2,6,6.307363977605812E18,39.765433312899134,0.07160503420256693,1.0,33.94818080504975,3.0,284.2000000000052,241.3165322580645,426.0338747478593,0.0,0.0,6.663306451612903,0.0,0.0,100.0,347.2447002327532,827.6612958301607,0.04672980059362332,100.0,1.0,6.081772153737518
282,2049,2,6,8.834479670273441E18,40.612732130543314,0.07685725430257935,1.0,33.79073231922818,2.0,284.2000000000052,240.65120967741936,439.0859436027761,0.0,0.0,6.530241935483871,0.0,0.0,100.0,498.27407786285045,859.1613944107603,0.04575488207141067,100.0,1.0,6.211359031730164
283,2049,2,6,6.605295447056412E18,42.22935913903127,0.07685725430257935,1.0,52.44052353701036,1.0,284.2000000000052,238.38306451612902,970.3267677591145,0.0,0.0,6.076612903225806,0.0,0.0,100.0,524.8999158816912,879.4385087456343,0.04400329077012436,100.0,1.0,6.458607868322437
285,2049,2,6,3.0688222562761073E18,41.77262419012752,0.07685725430257935,0.0,60.17752413371819,0.0,284.2000000000052,239.11895161290323,1277.9752814168978,0.0,0.0,6.223790322580645,0.0,0.0,100.0,414.03338532465966,845.0861381920612,0.044484415457671365,100.0,1.0,6.3887542879018495
296,2049,7,23,4.898742477016446E18,34.59669978653813,9.527766490606328E-4,1.0,36.96656445407543,3.0,255.20000000000456,221.96975806451613,435.3979686565509,0.0,0.0,5.493951612903226,0.0,0.0,100.1000000000013,277.6223741403345,740.956002306479,0.04835259533891063,100.0,1.0,5.277896630186432
287,2049,7,24,8.507560024639921E18,33.306467683153855,0.0031287484242862717,2.0,32.751782512627926,7.0,258.10000000000406,222.9758064516129,353.4517677070534,0.0,0.0,5.395161290322581,0.0,0.0,100.1000000000013,307.82345833999904,724.2753183456158,0.050796433561927076,100.0,1.0,5.0810653800202035
290,2049,7,24,2.9539370702862316E18,34.71939507159991,0.0011058972739528,1.0,31.215592585796873,3.0,258.10000000000406,224.05947580645162,357.98522545936726,0.0,0.0,5.611895161290323,0.0,0.0,100.1000000000013,286.1193850000005,787.0587145688162,0.04872924108731707,100.0,1.0,5.296614399093949
291,2049,7,24,6.492828447697523E18,36.052764962376315,0.0018709863387933801,1.0,38.09464415621013,2.0,258.10000000000406,224.71975806451613,453.3206553784143,0.0,0.0,5.743951612903226,0.0,0.0,100.1000000000013,318.6376061089672,735.6280164764847,0.04692704636150288,100.0,1.0,5.500026530792683
292,2049,7,24,1.0005304447219302E18,35.83918088701274,0.0010900450049627101,1.0,43.966478345570074,1.0,258.10000000000406,224.57862903225808,629.9098790056336,0.0,0.0,5.715725806451613,0.0,0.0,100.1000000000013,340.0389859270823,801.6865868412683,0.04720670871869415,100.0,1.0,5.467443230114343
293,2049,7,24,2.861374886328272E18,36.61691128047091,0.001488594970280864,0.0,48.47219316790248,0.0,258.10000000000406,223.25806451612902,745.3842746161688,0.0,0.0,5.451612903225806,0.0,0.0,100.1000000000013,340.1732588613353,791.3093701889726,0.046204054730091954,100.0,1.0,5.586089824967411
281,2049,7,24,6.307363977605812E18,35.14785928474279,0.0026579533414848996,1.0,31.445977998161506,2.0,258.10000000000406,221.39818548387098,348.0753853273257,0.0,0.0,5.079637096774194,0.0,0.0,100.1000000000013,337.7099928699946,757.2417257894763,0.0481352152671275,100.0,1.0,5.361978721143597
282,2049,7,24,8.834479670273441E18,34.30551958851981,0.0022705593321996572,1.0,31.667983700556633,5.0,258.10000000000406,223.76209677419354,346.89106400902443,0.0,0.0,5.55241935483871,0.0,0.0,100.1000000000013,305.0495579999989,746.9671091926876,0.049317130104508555,100.0,1.0,5.233475659533737
283,2049,7,24,6.605295447056412E18,33.042675921108554,0.0018891053643901145,1.0,47.10081374940534,7.0,258.10000000000406,223.91834677419354,680.606126182641,0.0,0.0,5.58366935483871,0.0,0.0,100.1000000000013,312.2983171509753,763.1010771247986,0.05120196006186654,100.0,1.0,5.040822649917031
286,2049,7,24,4.898224502314156E18,34.48807514575321,0.0022299330220807755,1.0,48.735658557598896,5.0,258.10000000000406,224.31149193548387,760.1129391973717,0.0,0.0,5.662298387096774,0.0,0.0,100.1000000000013,312.2470406945796,798.4690130498187,0.04905607998416034,100.0,1.0,5.261325407234774
295,2049,7,24,2.797545246119503E18,34.36247992553043,0.00285772308307422,1.0,34.417671145571525,4.0,258.10000000000406,222.84475806451613,376.7442193798475,0.0,0.0,5.368951612903226,0.0,0.0,100.1000000000013,290.6070659137964,716.5429577270968,0.04923538046486561,100.0,1.0,5.242165238962342
297,2049,7,24,4.974214387304059E17,34.69181467700628,0.0010245775840206685,1.0,48.89458075032378,4.0,258.10000000000406,224.5483870967742,702.7051220743199,0.0,0.0,5.709677419354839,0.0,0.0,100.1000000000013,302.1067918800779,733.5232083136494,0.04876798139853877,100.0,1.0,5.292406874313183
298,2049,7,24,7.278710821350941E18,33.759883721135395,0.001322318078522405,1.0,43.52054066148883,7.0,258.10000000000406,224.60383064516128,594.2531445682547,0.0,0.0,5.720766129032258,0.0,0.0,100.1000000000013,309.37352922335606,770.2148001215927,0.050114206163293484,100.0,1.0,5.150236225612436
299,2049,7,24,8.617806463867117E18,35.28251268121144,0.0025434383449129887,2.0,47.184293545801374,3.0,258.10000000000406,225.14818548387098,676.7905074433367,0.0,0.0,5.829637096774194,0.0,0.0,100.1000000000013,301.6489442751296,756.7086509546851,0.04795151037388382,100.0,1.0,5.38252075873245
288,2049,7,25,5.859174576972996E18,33.69110765785018,0.0012937212342637031,1.0,25.215520800647816,8.0,261.00000000000006,224.5766129032258,241.25196333271825,0.0,0.0,5.415322580645161,0.0,0.0,100.1000000000013,322.88959344185275,713.850666984613,0.05078073829551538,100.0,1.0,5.139744099054381
289,2049,7,25,1.481964993321812E18,35.83337377420753,0.0013289766707424498,1.0,45.286432286688324,1.0,261.00000000000006,226.55241935483872,641.2282716514372,0.0,0.0,5.810483870967742,0.0,0.0,100.1000000000013,290.8037214462744,773.537454704383,0.04774485739578268,100.0,1.0,5.466557326508096
294,2049,7,25,4.281117921937587E18,34.08397621743096,9.113599919615107E-4,1.0,31.624274391113932,6.0,261.00000000000006,225.4334677419355,359.96068772804756,0.0,0.0,5.586693548387097,0.0,0.0,100.1000000000013,314.00956248086413,776.2898303229704,0.05019541470001283,100.0,1.0,5.19967812916452
280,2049,7,25,5.096996787781837E17,34.22029125733251,9.952584827920433E-4,1.0,40.799664681591636,5.0,261.00000000000006,226.5272177419355,511.64336171895576,0.0,0.0,5.805443548387097,0.0,0.0,100.1000000000013,298.3174321237616,741.288355394913,0.04999546345160715,100.0,1.0,5.22047365862772
284,2049,7,25,3.1730362057635645E18,35.71348016769417,0.0015519284816418266,1.0,42.61381380556154,3.0,261.00000000000006,224.51612903225808,566.6722017673808,0.0,0.0,5.403225806451613,0.0,0.0,100.1000000000013,299.01741290480015,762.1733219544943,0.04790514149911754,100.0,1.0,5.448266967436218
285,2049,7,25,3.0688222562761073E18,34.529868111028705,2.3758871215984564E-4,1.0,56.08540640899705,5.0,261.00000000000006,226.49697580645162,982.3001199765132,0.0,0.0,5.799395161290323,0.0,0.0,100.1000000000013,294.7381155211478,768.221583345175,0.04954723010693689,100.0,1.0,5.267701129542226
293,2050,2,4,2.861374886328272E18,38.95870673359929,0.0282052751288826,1.0,46.77457779782562,3.0,275.50000000000006,234.95665322580646,765.2407830011064,0.0,0.0,6.29133064516129,0.0,0.0,100.0,442.6335185336023,869.878272999115,0.04623731907128774,100.0,1.0,5.958390441609295
287,2050,2,5,8.507560024639921E18,39.93061842900135,0.10287968069705344,1.0,36.93711134717435,1.0,278.3999999999973,236.84979838709677,483.92568708437034,0.0,0.0,6.369959677419355,0.0,0.0,100.0,466.4119969911565,825.2305705217742,0.04558676434085971,100.0,1.0,6.1070357597296185
288,2050,2,5,5.859174576972996E18,39.096183316564506,0.05715537816502954,1.0,30.299894907905426,3.0,278.3999999999973,236.5826612903226,335.10541461109216,0.0,0.0,6.316532258064516,0.0,0.0,100.0,381.67543504608227,769.5330930364066,0.046559728799318134,100.0,1.0,5.979416271945176
292,2050,2,5,1.0005304447219302E18,40.486242883371155,0.10287968069705344,1.0,47.348726455720126,1.0,278.3999999999973,235.72076612903226,789.2628241237151,0.0,0.0,6.144153225806452,0.0,0.0,100.0,448.6499775652224,876.9174882969534,0.044961141431459586,100.0,1.0,6.192013617456764
280,2050,2,5,5.096996787781837E17,41.93804699848399,0.10287968069705344,0.0,48.74437997796163,0.0,278.3999999999973,235.29737903225808,777.628997803547,0.0,0.0,6.059475806451613,0.0,0.0,100.0,446.49409084004503,817.0594237213489,0.043404684351979396,100.0,1.0,6.4140542468269635
281,2050,2,5,6.307363977605812E18,40.15313003988425,0.10287968069705344,1.0,32.42952835997678,1.0,278.3999999999973,237.7570564516129,406.4116977974726,0.0,0.0,6.551411290322581,0.0,0.0,100.0,438.9965899223497,845.4723966175583,0.0453341418340128,100.0,1.0,6.141066947276421
283,2050,2,5,6.605295447056412E18,41.20365979977605,0.10287968069705344,1.0,53.028700155911935,1.0,278.3999999999973,236.35584677419354,967.7618635792254,0.0,0.0,6.27116935483871,0.0,0.0,100.0,462.848532380142,856.6745735612338,0.04417830117890575,100.0,1.0,6.301736204671621
284,2050,2,5,3.1730362057635645E18,39.235323303599344,0.037651554313164984,1.0,39.42627862625285,3.0,278.3999999999973,236.65826612903226,551.2990077354287,0.0,0.0,6.331653225806452,0.0,0.0,100.0,405.9941669358709,846.0668647800775,0.04639461431787637,100.0,1.0,6.000696505256356
295,2050,2,5,2.797545246119503E18,39.0956098483534,0.09241965524418215,1.0,32.707622637838334,3.0,278.3999999999973,237.28326612903226,391.0985822500012,0.0,0.0,6.456653225806452,0.0,0.0,100.0,410.5355263686912,803.3495337626805,0.046560411753862,100.0,1.0,5.979328565042278
298,2050,2,5,7.278710821350941E18,39.10020143258515,0.10287968069705344,1.0,49.36846711201955,3.0,278.3999999999973,235.75604838709677,798.0398812566676,0.0,0.0,6.151209677419355,0.0,0.0,100.0,421.025801983549,817.690238593261,0.0465549441080545,100.0,1.0,5.980030807336554
289,2050,2,6,1.481964993321812E18,40.65797120604629,0.056292053585188795,0.0,51.73154514985948,0.0,281.29999999999484,237.24092741935485,898.4129866389924,0.0,0.0,6.148185483870968,0.0,0.0,100.0,402.92403911687074,837.5989351184974,0.045237604735567316,100.0,1.0,6.218277949160012
290,2050,2,6,2.9539370702862316E18,39.893057768251815,0.05331688632355532,1.0,36.31396795089685,2.0,281.29999999999484,238.09274193548387,489.44295192544,0.0,0.0,6.318548387096774,0.0,0.0,100.0,350.3632290149055,857.409536469843,0.04610499504585344,100.0,1.0,6.101291188085578
291,2050,2,6,6.492828447697523E18,41.050701477691916,0.06753849999753242,1.0,41.126969007066656,2.0,281.29999999999484,237.0695564516129,572.6104821594115,0.0,0.0,6.113911290322581,0.0,0.0,100.0,462.9085573464391,818.9152555221038,0.04480481854295976,100.0,1.0,6.2783425789411185
282,2050,2,6,8.834479670273441E18,39.96525197335897,0.1271074569953561,1.0,39.59760843950203,2.0,281.29999999999484,238.38004032258064,537.4715604937043,0.0,0.0,6.376008064516129,0.0,0.0,100.0,386.4461340304267,819.0591056153069,0.04602170985923628,100.0,1.0,6.11233265474902
285,2050,2,6,3.0688222562761073E18,40.336623232906625,0.1271074569953561,1.0,57.588128722401876,1.0,281.29999999999484,237.23084677419354,1130.2555850338492,0.0,0.0,6.14616935483871,0.0,0.0,100.0,382.1779225895301,831.7182898567169,0.04559799713895546,100.0,1.0,6.169130612091588
286,2050,2,6,4.898224502314156E18,40.41863204177281,0.1271074569953561,0.0,52.63272859970643,0.0,281.29999999999484,237.97681451612902,966.6867706001243,0.0,0.0,6.295362903225806,0.0,0.0,100.0,383.0928363726899,869.1631495184955,0.0455054794746219,100.0,1.0,6.181673135800578
296,2050,2,6,4.898742477016446E18,40.277818320661126,0.1271074569953561,1.0,40.59402099287838,2.0,281.29999999999484,238.69758064516128,576.3379416709138,0.0,0.0,6.439516129032258,0.0,0.0,100.0,420.17173518398073,842.5519542290667,0.045664569419484144,100.0,1.0,6.160136919630514
297,2050,2,6,4.974214387304059E17,39.8011749818667,0.1271074569953561,2.0,53.05404282701339,3.0,281.29999999999484,237.7701612903226,904.1914973728007,0.0,0.0,6.254032258064516,0.0,0.0,100.0,377.82141454463425,799.4532194854512,0.046211430481817764,100.0,1.0,6.087238526638434
299,2050,2,6,8.617806463867117E18,41.34275640265086,0.1271074569953561,0.0,49.517608993589725,0.0,281.29999999999484,236.97379032258064,795.4019482833202,0.0,0.0,6.094758064516129,0.0,0.0,100.0,348.36178967279244,810.2694403270177,0.04448830679928409,100.0,1.0,6.323009802758362
294,2050,2,7,4.281117921937587E18,40.276534339743755,0.1522325583417448,1.0,35.87143001418723,2.0,284.2000000000052,239.84979838709677,483.86087473815985,0.0,0.0,6.369959677419355,0.0,0.0,100.0,416.1608808690032,863.982299360196,0.046136808930880485,100.0,1.0,6.159940546078454
299,2050,7,22,8.617806463867117E18,34.663822165899376,0.0011872519821186903,1.0,43.85801114668895,2.0,252.2999999999956,220.29334677419354,589.4117972819331,0.0,0.0,5.45866935483871,0.0,0.0,100.1000000000013,315.94438952860094,753.4628318077314,0.04771056893020894,100.0,1.0,5.2881364791323335
288,2050,7,23,5.859174576972996E18,34.12899342996336,0.0019003071751065332,1.0,28.54973391081112,4.0,255.20000000000456,221.2540322580645,275.1373616657847,0.0,0.0,5.350806451612903,0.0,0.0,100.1000000000013,263.32933099999354,686.7208932977588,0.0490152230323792,100.0,1.0,5.206545726241433
289,2050,7,23,1.481964993321812E18,34.50561289555044,0.0015137062214664345,1.0,48.24048725577944,3.0,255.20000000000456,222.20665322580646,709.4546354285562,0.0,0.0,5.54133064516129,0.0,0.0,100.1000000000013,300.245049885508,760.1432747395534,0.0484802350824486,100.0,1.0,5.264000877182116
290,2050,7,23,2.9539370702862316E18,33.71025504994887,0.001393361875908859,2.0,29.464469320237452,5.0,255.20000000000456,222.57459677419354,335.06711800310177,0.0,0.0,5.61491935483871,0.0,0.0,100.1000000000013,319.23503400000635,800.169852484589,0.049624074999183185,100.0,1.0,5.1426651278478275
293,2050,7,23,2.861374886328272E18,32.59956574750727,0.001456696506631991,1.0,42.640200721505295,9.0,255.20000000000456,219.4647177419355,582.4066573843949,0.0,0.0,4.992943548387097,0.0,0.0,100.1000000000013,349.2898000000058,782.3601258131204,0.05131480087179285,100.0,1.0,4.973224014599754
294,2050,7,23,4.281117921937587E18,34.05884283935097,0.001497538464761851,1.0,32.80191906655693,4.0,255.20000000000456,220.53326612903226,373.48237697316705,0.0,0.0,5.206653225806452,0.0,0.0,100.1000000000013,299.22539999999697,763.4089117895659,0.04911617910011562,100.0,1.0,5.19584390878247
282,2050,7,23,8.834479670273441E18,33.44553088794884,0.001938904598282851,2.0,35.15271919664871,5.0,255.20000000000456,222.52923387096774,398.59127282822516,0.0,0.0,5.605846774193548,0.0,0.0,100.1000000000013,261.24540099999473,733.7750247918117,0.05001685368501705,100.0,1.0,5.102280155547884
298,2050,7,23,7.278710821350941E18,33.19203641718095,0.001178519895042423,1.0,44.12686876127497,6.0,255.20000000000456,221.26915322580646,598.2045472304759,0.0,0.0,5.35383064516129,0.0,0.0,100.1000000000013,307.2712300000069,756.2383488813742,0.05039884277706913,100.0,1.0,5.063608327850685
287,2050,7,24,8.507560024639921E18,34.59086183506104,0.00897325048085301,1.0,35.48831182371967,3.0,258.10000000000406,224.6945564516129,402.054784198776,0.0,0.0,5.738911290322581,0.0,0.0,100.1000000000013,285.86930459882666,729.1692215074198,0.048910309922806046,100.0,1.0,5.277006021989168
291,2050,7,24,6.492828447697523E18,34.159360908335124,0.0014220682220052352,1.0,37.60155413052718,4.0,258.10000000000406,223.87298387096774,434.76411034445863,0.0,0.0,5.574596774193548,0.0,0.0,100.1000000000013,272.28700829999485,720.2364051382823,0.049528144785547706,100.0,1.0,5.211178434353906
292,2050,7,24,1.0005304447219302E18,34.122259435815764,0.0011548584917442772,1.0,43.14506185715359,4.0,258.10000000000406,224.51310483870967,604.9090807992247,0.0,0.0,5.702620967741935,0.0,0.0,100.1000000000013,310.35312744000544,795.8198011232481,0.049581997230640086,100.0,1.0,5.20551842232984
280,2050,7,24,5.096996787781837E17,35.42078994015452,0.0020092365608717013,1.0,45.19477042755799,3.0,258.10000000000406,224.26612903225808,607.676434604728,0.0,0.0,5.653225806451613,0.0,0.0,100.1000000000013,292.96513500000424,735.7926030546478,0.04776431512985107,100.0,1.0,5.403615634356712
281,2050,7,24,6.307363977605812E18,34.3291984518908,0.0010041685855923267,1.0,28.13291256268187,4.0,258.10000000000406,223.52520161290323,300.94268028472965,0.0,0.0,5.505040322580645,0.0,0.0,100.1000000000013,340.6182560978979,766.6612406132915,0.04928311318485246,100.0,1.0,5.237087986546537
283,2050,7,24,6.605295447056412E18,34.19658823154295,0.001735638390880664,1.0,49.618052462890525,5.0,258.10000000000406,224.28125,749.8897524783354,0.0,0.0,5.65625,0.0,0.0,100.1000000000013,294.6404936900025,760.4599141427835,0.0494742271186351,100.0,1.0,5.216857645519184
285,2050,7,24,3.0688222562761073E18,33.34322401693763,0.0011513023455033448,3.0,52.760747231360256,7.0,258.10000000000406,224.44254032258064,854.11416910703,0.0,0.0,5.688508064516129,0.0,0.0,100.1000000000013,290.68100800000485,763.6047044933631,0.05074043745710915,100.0,1.0,5.08667273943343
286,2050,7,24,4.898224502314156E18,34.15618145370032,2.4672121201135583E-4,1.0,48.079034682925254,5.0,258.10000000000406,224.3366935483871,744.5640616807962,0.0,0.0,5.667338709677419,0.0,0.0,100.1000000000013,316.39780281129663,802.9216819041219,0.049532755151308366,100.0,1.0,5.210693392919142
295,2050,7,24,2.797545246119503E18,33.27296199516568,0.001162338145188216,1.0,27.98883397339483,7.0,258.10000000000406,224.16532258064515,284.33525754286615,0.0,0.0,5.633064516129032,0.0,0.0,100.1000000000013,300.69055200000815,729.652104728442,0.05084758528848769,100.0,1.0,5.075953922603282
296,2050,7,24,4.898742477016446E18,35.58401922752589,0.0015297051620956448,1.0,39.682020738697624,2.0,258.10000000000406,222.72883064516128,496.7291504594966,0.0,0.0,5.345766129032258,0.0,0.0,100.1000000000013,300.0075234245403,753.6437086421992,0.04754521297979386,100.0,1.0,5.428517064582158
297,2050,7,25,4.974214387304059E17,34.89704749724554,0.0012387148648333743,1.0,50.05833623403732,4.0,261.00000000000006,224.6522177419355,746.2524096013544,0.0,0.0,5.430443548387097,0.0,0.0,100.1000000000013,325.6028448735018,743.704136910642,0.049025904583886615,100.0,1.0,5.323716149967443
284,2050,7,26,3.1730362057635645E18,35.213350269446316,0.001178519895042423,2.0,38.59884078472786,6.0,263.8999999999959,225.88004032258064,483.270762001169,0.0,0.0,5.376008064516129,0.0,0.0,100.1000000000013,283.12007999999696,767.6852079184987,0.04912537022555919,100.0,1.0,5.371969692814503
