id_sim,year,month,day,seed,Straw Value,Salinity Exposure,Max Flood Continuous,Profit Margin,Flood Stress,Methane Emissions,Labor Intensity,Net Income,AWD Adoption,Salinity Stress,Pesticide Usage,Resilient Varieties,Drought Stress,Fertilizer Usage,Water Usage,Production Cost,Emission Intensity,Water Reliability,Biodiversity,Avg Yield
57,2027,3,4,4.974214387304059E17,49.86271752321427,0.04365622752342307,0.0,45.236509485423156,0.0,310.2999999999942,259.80645161290323,805.673924132581,0.0,0.0,6.161290322580645,0.0,0.0,143.0,886.9749855267843,974.5594141178444,0.0406894111705806,100.0,1.0,7.626062680020998
58,2027,3,4,7.278710821350941E18,49.88311576558527,0.04365622752342307,0.0,47.52416689188009,0.0,310.2999999999942,259.3024193548387,870.7083000590501,0.0,0.0,6.060483870967742,0.0,0.0,143.0,876.1980217450484,960.8941805790598,0.040672772425019994,100.0,1.0,7.629182411207162
40,2027,3,4,5.096996787781837E17,50.06981028163523,0.04365622752342307,0.0,44.14132011176532,0.0,310.2999999999942,256.1975806451613,735.3275390945723,0.0,0.0,5.439516129032258,0.0,0.0,143.0,843.1213204808296,929.6839744035937,0.040521116496595545,100.0,1.0,7.657735690132444
47,2027,3,5,8.507560024639921E18,50.79888424323343,0.06160272848512916,0.0,36.72309189669764,0.0,313.20000000000584,260.4092741935484,571.9299735441076,0.0,0.0,5.981854838709677,0.0,0.0,143.0,967.8508414330681,984.7080304337612,0.0403128175815981,100.0,1.0,7.769241119553366
50,2027,3,5,2.9539370702862316E18,51.97063850924691,0.06160272848512916,0.0,44.40710217234152,0.0,313.20000000000584,249.74899193548387,743.1293351626434,0.0,0.0,3.849798387096774,0.0,0.0,143.0,891.2225814104314,929.9658392277796,0.03940390598591226,100.0,1.0,7.948450595531863
52,2027,3,5,1.0005304447219302E18,50.675369345034994,0.06160272848512916,0.0,44.56680181703698,0.0,313.20000000000584,256.26108870967744,760.4710832752372,0.0,0.0,5.152217741935484,0.0,0.0,143.0,873.2887184056459,945.2617242028053,0.04041107505113492,100.0,1.0,7.750350605711239
41,2027,3,5,6.307363977605812E18,50.5706514839296,0.06160272848512916,0.0,45.225622050458185,0.0,313.20000000000584,258.1159274193548,793.7729670449853,0.0,0.0,5.523185483870968,0.0,0.0,143.0,884.8378003037972,960.809684697563,0.040494755233615204,100.0,1.0,7.734334932836304
44,2027,3,5,3.1730362057635645E18,50.32791026300418,0.021644847773815794,0.0,40.80800874588896,0.0,313.20000000000584,260.63608870967744,666.2982560586227,0.0,0.0,6.027217741935484,0.0,0.0,143.0,913.660595311984,965.6676363038843,0.040690069250730564,100.0,1.0,7.697209804930045
45,2027,3,5,3.0688222562761073E18,51.45025516792925,0.06160272848512916,0.0,46.89387237828643,0.0,313.20000000000584,247.07762096774192,834.2446262864189,0.0,0.0,3.315524193548387,0.0,0.0,143.0,951.2163201708184,944.3346241830836,0.03980244893173408,100.0,1.0,7.868862555095064
55,2027,3,6,2.797545246119503E18,52.070851206867886,0.07865190439874988,0.0,42.68885097612091,0.0,316.0999999999996,252.70060483870967,711.4540689783819,0.0,0.0,4.140120967741935,0.0,0.0,143.0,871.4295946694842,954.6663921827474,0.039692220203903374,100.0,1.0,7.963777243403331
59,2027,3,6,8.617806463867117E18,51.660343225133154,0.07865190439874988,0.0,46.40484818527516,0.0,316.0999999999996,257.5090725806452,836.9575768866122,0.0,0.0,5.101814516129032,0.0,0.0,143.0,949.533219261297,966.005020753673,0.04000762602951834,100.0,1.0,7.900993669726253
49,2027,3,6,1.481964993321812E18,51.11763563341178,0.0686316792310208,0.0,37.775407732234115,0.0,316.0999999999996,257.8971774193548,589.6770535189445,0.0,0.0,5.179435483870968,0.0,0.0,143.0,901.3051817700937,970.6046895589645,0.040432380463167876,100.0,1.0,7.817991332168849
51,2027,3,6,6.492828447697523E18,51.29829329188213,0.06664934772724468,0.0,44.5636515438288,0.0,316.0999999999996,251.1985887096774,725.5246408918799,0.0,0.0,3.839717741935484,0.0,0.0,143.0,788.1302092874324,902.0400214813651,0.04028998938712758,100.0,1.0,7.845621326993741
53,2027,3,6,2.861374886328272E18,51.689718401113716,0.07865190439874988,0.0,46.6124464060987,0.0,316.0999999999996,255.36693548387098,823.3536906402477,0.0,0.0,4.673387096774194,0.0,0.0,143.0,848.8642402389171,942.498280372693,0.03998488976606914,100.0,1.0,7.905486343699753
54,2027,3,6,4.281117921937587E18,51.63249661401309,0.07865190439874988,0.0,40.92729635503391,0.0,316.0999999999996,254.1320564516129,679.686200610545,0.0,0.0,4.426411290322581,0.0,0.0,143.0,953.3835235007557,980.2944245460233,0.04002920307647414,100.0,1.0,7.896734776260812
42,2027,3,6,8.834479670273441E18,51.47785173829721,0.06101810326980058,0.0,50.50276553493015,0.0,316.0999999999996,255.56854838709677,932.4791007278181,0.0,0.0,4.713709677419355,0.0,0.0,143.0,821.3676600431703,913.4045486605935,0.04014945500862998,100.0,1.0,7.873083207033695
43,2027,3,6,6.605295447056412E18,52.04351641789859,0.07865190439874988,0.0,47.75977552048551,0.0,316.0999999999996,251.66229838709677,839.8978667666606,0.0,0.0,3.932459677419355,0.0,0.0,143.0,841.2233452359511,918.2572899292607,0.03971306772800775,100.0,1.0,7.959596628619783
46,2027,3,6,4.898224502314156E18,51.35292854499394,0.07865190439874988,0.0,43.92223505886191,0.0,316.0999999999996,256.0272177419355,728.9446882086551,0.0,0.0,4.805443548387097,0.0,0.0,143.0,816.0171870908518,930.1421869237099,0.04024712418293364,100.0,1.0,7.853977306881428
56,2027,3,7,4.898742477016446E18,51.94871365051384,0.09570108031237104,0.0,48.650230059150665,0.0,318.99999999999994,247.3709677419355,866.768097266151,0.0,0.0,2.774193548387097,0.0,0.0,143.0,872.2282333708218,914.4511302497854,0.04015054626378805,100.0,1.0,7.94509738184328
48,2027,3,7,5.859174576972996E18,52.17106646406263,0.024783263232832153,0.0,48.250828442133844,0.0,318.99999999999994,245.60181451612902,841.4519888281783,0.0,0.0,2.4203629032258065,0.0,0.0,143.0,860.734092387926,901.827532635755,0.03997942484472658,100.0,1.0,7.979104282739003
52,2027,7,13,1.0005304447219302E18,40.738325026022295,0.00897325048085301,0.0,41.94280848188466,0.0,469.7848450843004,239.9485887096774,568.3770952594862,0.0,0.09879032258064516,6.089717741935484,0.0,0.0,100.1000000000013,485.6041603479504,785.7337731931756,0.07559091923530059,90.12096774193549,1.0,6.214831752765789
41,2027,7,13,6.307363977605812E18,41.60659639752869,0.0013741578071750445,0.0,42.524128717972374,0.0,469.4013413043954,239.4798387096774,606.6453619008719,0.0,0.0,5.995967741935484,0.0,0.0,100.1000000000013,583.4654720056973,818.8783565082397,0.0739530225880252,100.0,1.0,6.347290818920535
55,2027,7,14,2.797545246119503E18,41.03538488541453,0.0030724885751211763,0.0,37.70428026040004,0.0,503.1007942522665,246.98487903225808,494.2923832795075,0.0,0.09879032258064516,5.996975806451613,0.0,0.0,143.0,397.72334534419156,815.4081743112697,0.08036561724410062,90.12096774193549,1.0,6.26014969466557
56,2027,7,14,4.898742477016446E18,41.7821710862837,0.00897325048085301,0.0,40.560665304961454,0.0,530.9586024414189,247.8366935483871,574.2870149585599,0.0,0.09879032258064516,6.167338709677419,0.0,0.0,143.0,472.03636458317834,840.4331851140257,0.08329970268525656,90.12096774193549,1.0,6.374075600817175
47,2027,7,14,8.507560024639921E18,41.43362777415859,0.0037513588966776776,0.0,33.34219957707761,0.0,473.13718396394404,246.9798387096774,418.4289717290832,0.0,0.0,5.995967741935484,0.0,0.0,143.0,505.52367911476534,835.3569558265756,0.07485277636277529,100.0,1.0,6.320903605109802
48,2027,7,14,5.859174576972996E18,41.838350547019964,0.002706046586505737,0.0,41.31569988917453,0.0,532.0023750885283,246.89415322580646,576.559276317406,0.0,0.0,5.97883064516129,0.0,0.0,143.0,447.7556865369554,817.9250873338603,0.08335138289197738,100.0,1.0,6.382646053731328
49,2027,7,14,1.481964993321812E18,41.82104921770554,0.0026548078345719046,0.0,37.19153539497539,0.0,499.1466564537085,247.82157258064515,473.98437990959525,0.0,0.0,6.164314516129032,0.0,0.0,143.0,367.6725080185985,799.3104441893106,0.07823607149124326,100.0,1.0,6.380006650890907
51,2027,7,14,6.492828447697523E18,40.47057863632076,0.0017656927353114958,1.0,35.47802290224917,1.0,499.8960622500985,249.16229838709677,450.3089864824008,0.0,0.0,6.432459677419355,0.0,0.0,143.0,399.88014353322893,817.6690317139423,0.0809681273224039,100.0,1.0,6.17398572477268
53,2027,7,14,2.861374886328272E18,42.175961912727644,0.0014543355722614311,0.0,42.7302244670759,0.0,501.51977556617965,249.02116935483872,614.4846564952637,0.0,0.0,6.404233870967742,0.0,0.0,143.0,430.8195161616277,822.7143396499897,0.07794654306420026,100.0,1.0,6.434150327271159
40,2027,7,14,5.096996787781837E17,42.50942248298016,0.00897325048085301,0.0,40.78419452297588,0.0,448.7994349332967,248.74899193548387,569.7445108450734,0.0,0.03024193548387097,6.349798387096774,0.0,0.0,143.0,457.4485681741913,826.1849567198966,0.06920554441895095,96.9758064516129,1.0,6.485021376558948
43,2027,7,14,6.605295447056412E18,40.70816854193654,0.001159634334563588,2.0,41.70180262584888,2.0,502.98740382381663,241.94254032258064,566.7165016914471,0.0,0.0846774193548387,6.188508064516129,0.0,0.0,100.1000000000013,481.8533913738091,791.3126887341945,0.08099334549117171,91.53225806451613,1.0,6.2102312328689075
44,2027,7,14,3.1730362057635645E18,42.11129286868426,0.0014782949721339426,0.0,42.03452440773741,0.0,471.4011406133966,241.85685483870967,567.2167137332846,0.0,0.0846774193548387,6.171370967741935,0.0,0.0,100.1000000000013,468.4128823868272,781.2422365318466,0.07337799602615355,91.53225806451613,1.0,6.424284746688622
45,2027,7,14,3.0688222562761073E18,41.01858231645892,0.0012431768468901352,0.0,40.22600489395933,0.0,475.52428708874106,247.9576612903226,563.7249725617613,0.0,0.10685483870967742,6.191532258064516,0.0,0.0,143.0,451.8449698522034,836.5177033912393,0.0759916456919672,89.31451612903226,1.0,6.257586380169774
46,2027,7,14,4.898224502314156E18,42.05734571187885,0.003066729487646275,0.0,38.53855015742746,0.0,500.1227007204287,248.29032258064515,517.5278724189965,0.0,0.0,6.258064516129032,0.0,0.0,143.0,413.0539371837362,824.2565565536645,0.07794863245105019,100.0,1.0,6.41605484271316
58,2027,7,15,7.278710821350941E18,42.3895996188131,0.00897325048085301,0.0,46.35732470933917,0.0,451.09803760534504,250.02217741935485,712.94672913396,0.0,0.0,6.304435483870968,0.0,0.0,143.0,416.3045831441238,824.0535291697792,0.06975661792111329,100.0,1.0,6.466741809579775
59,2027,7,15,8.617806463867117E18,42.730537499591485,0.0014091159674706395,0.0,45.635803916428344,0.0,504.2979211851578,242.44959677419354,672.4275564764247,0.0,0.0,5.98991935483871,0.0,0.0,100.1000000000013,524.5032812256712,800.2401418679806,0.07736109619638531,100.0,1.0,6.518753559346811
50,2027,7,15,2.9539370702862316E18,42.51387935337896,0.0015025536639070697,0.0,38.12974395329619,0.0,480.3300669489297,251.43850806451613,515.7223467970613,0.0,0.0,6.587701612903226,0.0,0.0,143.0,429.7088720598841,835.8220143483396,0.07405985030326803,100.0,1.0,6.485701294048312
54,2027,7,15,4.281117921937587E18,42.00151857704279,0.0021853995325993836,0.0,38.43161214884407,0.0,504.1824076112523,252.54737903225808,518.1072089001323,0.0,0.0,6.809475806451613,0.0,0.0,143.0,378.4891494114253,828.8278809566231,0.07868582233705886,100.0,1.0,6.407538138847109
42,2027,7,15,8.834479670273441E18,42.51685295628112,0.0024719698294361062,0.0,44.957043441968054,0.0,503.54090828471107,250.85887096774192,677.1990667136611,0.0,0.0,6.471774193548387,0.0,0.0,143.0,426.927476743007,828.3052129871694,0.0776331915564961,100.0,1.0,6.486154931789306
57,2027,7,16,4.974214387304059E17,42.847643758859526,0.00897325048085301,0.0,45.22007191104401,0.0,453.92102677987083,251.5070564516129,683.5204266853507,0.0,0.09879032258064516,6.301411290322581,0.0,0.0,143.0,387.33052625088396,827.1332275340866,0.06944278807856119,90.12096774193549,1.0,6.536618694893792
55,2027,11,17,2.797545246119503E18,43.26749424162852,0.004289316673447916,0.0,36.338619737739336,0.0,945.73046094268,369.8477822580645,500.8426053207017,0.0,0.0,3.569556451612903,0.0,0.0,88.0,32.94255399005142,876.6129786223205,0.14364055271403647,100.0,1.0,6.584007392574338
56,2027,11,17,4.898742477016446E18,43.34429998933392,0.016451456790965754,0.0,39.83987558052599,0.0,957.5274560663878,371.6118951612903,583.6057440345578,0.0,0.0,3.9223790322580645,0.0,0.0,88.0,17.40363725137849,880.3026573778437,0.14517461299718643,100.0,1.0,6.595694910410716
51,2027,11,17,6.492828447697523E18,42.98074520908304,0.003864448958162356,0.0,34.04365919365612,0.0,936.8838216183563,373.31048387096774,457.61600581755823,0.0,0.0,4.262096774193548,0.0,0.0,88.0,38.43871281323662,885.6085109992274,0.14324624062429225,100.0,1.0,6.540372840049778
52,2027,11,17,1.0005304447219302E18,42.463356256393084,0.007172364348447935,1.0,37.323076137785776,1.0,869.8526706715991,374.47983870967744,525.8977595107634,0.0,0.0,4.495967741935484,0.0,0.0,88.0,15.391909033797251,881.9890191261757,0.13461790222359857,100.0,1.0,6.461641849289742
41,2027,11,17,6.307363977605812E18,43.22447854429276,0.00577362376779294,0.0,40.30123082720022,0.0,881.9953344779678,370.93649193548384,595.5879305620332,0.0,0.0,3.787298387096774,0.0,0.0,88.0,39.1821558195782,881.6293467462829,0.13409357204372907,100.0,1.0,6.577461701074989
43,2027,11,17,6.605295447056412E18,42.68035302046737,0.012172258784599536,1.0,36.602257194894285,1.0,940.614533706993,374.17237903225805,520.1316594055256,0.0,0.0,4.434475806451613,0.0,0.0,88.0,63.48655375302781,900.0957900097895,0.14482886148440247,100.0,1.0,6.49466221073825
57,2027,11,18,4.974214387304059E17,43.729730776416574,0.011021976640348931,0.0,40.841520109187755,0.0,1156.3718986926472,378.6431451612903,628.3491115899051,0.0,0.0,3.8286290322580645,0.0,0.0,88.0,44.1059774500734,909.5120277200923,0.17377694591139414,100.0,1.0,6.6543458490878375
58,2027,11,18,7.278710821350941E18,43.20457500871033,0.00897325048085301,1.0,42.109841950197655,1.0,1053.493233506709,378.62298387096774,658.3407936130361,0.0,0.0,3.8245967741935485,0.0,0.0,88.0,63.33247919446888,904.2552541659045,0.1602409266578359,100.0,1.0,6.5744329833803565
59,2027,11,18,8.617806463867117E18,43.69591837201888,0.02132081545343731,0.0,41.21507838252561,0.0,1059.6489605140732,372.1945564516129,619.5123803030109,0.0,0.0,3.7389112903225805,0.0,0.0,88.0,44.77529866578903,882.6249355842259,0.15936486517563794,100.0,1.0,6.6492006211420644
49,2027,11,18,1.481964993321812E18,43.33653036784247,0.005140326841788206,0.0,31.69809835373674,0.0,961.0533809143083,378.84475806451616,417.55087774496815,0.0,0.0,3.868951612903226,0.0,0.0,88.0,66.98003070338791,898.5541408228889,0.14573531631280548,100.0,1.0,6.594512608402404
50,2027,11,18,2.9539370702862316E18,43.97030911762972,0.015080367229237581,0.0,34.67341664329936,0.0,1055.7398546796583,377.72076612903226,483.8473581111288,0.0,0.0,3.6441532258064515,0.0,0.0,88.0,88.86219265175681,910.4693966790804,0.15778613298033484,100.0,1.0,6.690954615202065
53,2027,11,18,2.861374886328272E18,44.115283434498345,0.005125210477918283,0.0,40.89628826333527,0.0,966.7045520162885,377.398185483871,613.8062178964726,0.0,0.0,3.5796370967741935,0.0,0.0,88.0,29.832497290561356,885.6829775290091,0.14400452018708806,100.0,1.0,6.713015332854576
54,2027,11,18,4.281117921937587E18,43.092617714966536,0.00803662430124245,1.0,34.97118706947743,1.0,1046.4779939966645,375.9818548387097,482.59461549205633,0.0,0.0,3.2963709677419355,0.0,0.0,88.0,49.83403972782979,895.8423441550984,0.15958742166626363,100.0,1.0,6.55739646063777
42,2027,11,18,8.834479670273441E18,44.29190088948488,0.0054221096461457875,0.0,43.309809357147955,0.0,1055.7763053632011,372.539314516129,677.9097220800566,0.0,0.0,2.6078629032258065,0.0,0.0,88.0,93.88838135553908,886.4893903789695,0.15664589782266347,100.0,1.0,6.739891181564358
44,2027,11,18,3.1730362057635645E18,44.034855696440985,0.004564216928206018,0.0,38.33866722959344,0.0,965.69197914227,375.8659274193548,539.5463446799388,0.0,0.0,3.2731854838709675,0.0,0.0,88.0,6.858839071840503,866.9483257171034,0.1441164253822836,100.0,1.0,6.700776657349591
45,2027,11,18,3.0688222562761073E18,43.66064890980568,0.026607051609802406,0.0,38.63838789088001,0.0,948.3851727507174,378.7741935483871,574.6714720292739,0.0,0.0,3.8548387096774195,0.0,0.0,88.0,57.67178136100681,912.0006848714693,0.14274667600603003,100.0,1.0,6.6438336729511995
46,2027,11,18,4.898224502314156E18,44.00464830466886,0.008701840452824187,0.0,34.350604687642736,0.0,964.8465114418649,380.15020161290323,481.5560743422865,0.0,0.0,4.130040322580645,0.0,0.0,88.0,69.05559596090505,918.8107059695639,0.14408909421891258,100.0,1.0,6.696180003574642
47,2027,11,19,8.507560024639921E18,44.52810526364909,0.026607051609802406,0.0,35.02086514954474,0.0,957.7639341510564,375.2590725806452,471.09005864316055,0.0,0.0,2.8518145161290325,0.0,0.0,88.0,48.314590425701596,872.933881772074,0.14134996267689137,100.0,1.0,6.775834361841233
48,2027,11,19,5.859174576972996E18,44.41401333830024,0.026607051609802406,0.0,38.17285245306094,0.0,964.2157067185425,383.42137096774195,564.0031841780698,0.0,0.0,3.284274193548387,0.0,0.0,88.0,97.46739325410422,912.5920803624492,0.14266768616612516,100.0,1.0,6.7584730125628445
40,2027,11,19,5.096996787781837E17,43.42187976039031,0.026607051609802406,1.0,37.454792608358225,1.0,975.0845981731534,382.2217741935484,533.0976470389227,0.0,0.0,3.0443548387096775,0.0,0.0,88.0,50.09160075379804,889.1959301523327,0.1475723900110878,100.0,1.0,6.607500211251513
55,2028,3,5,2.797545246119503E18,50.995632542288575,0.09749573040854104,0.0,41.6190859600565,0.0,316.0999999999996,261.7953629032258,688.473182557302,0.0,0.0,6.259072580645161,0.0,0.0,143.0,767.9117133842942,965.1042428150927,0.04083758164000446,100.0,1.0,7.740419175320322
50,2028,3,5,2.9539370702862316E18,50.346423413840704,0.0800118299413846,0.0,37.089969047106564,0.0,313.20000000000584,259.91733870967744,582.550901216609,0.0,0.0,6.183467741935484,0.0,0.0,143.0,844.346040140014,987.1520197781924,0.040984687913948936,100.0,1.0,7.6418783682725016
51,2028,3,5,6.492828447697523E18,50.47900329023258,0.09749573040854104,0.0,38.8115018177086,0.0,316.0999999999996,262.4909274193548,616.9901727582319,0.0,0.0,6.398185483870968,0.0,0.0,143.0,790.1323947199878,971.7859003018506,0.041255535400643285,100.0,1.0,7.662002127236258
52,2028,3,5,1.0005304447219302E18,49.898334805036924,0.08750241229878579,1.0,45.3366518374089,1.0,316.0999999999996,262.9344758064516,791.3379908521963,0.0,0.0,6.486895161290323,0.0,0.0,143.0,809.770609224555,953.4011438249679,0.04173562735843371,100.0,1.0,7.573864825015595
43,2028,3,5,6.605295447056412E18,50.77663029491596,0.09749573040854104,0.0,43.27984323763042,0.0,316.0999999999996,259.491935483871,736.6168302675243,0.0,0.0,5.798387096774194,0.0,0.0,143.0,849.8585739999883,964.7806250799038,0.041013716253595,100.0,1.0,7.707177716973948
56,2028,3,6,4.898742477016446E18,51.64927689837204,0.1145449063221619,0.0,44.9194041959627,0.0,318.99999999999994,256.6774193548387,769.9006844348595,0.0,0.0,4.935483870967742,0.0,0.0,143.0,844.6803800202036,943.4396642950711,0.040690679317627605,100.0,1.0,7.839633187490334
58,2028,3,6,7.278710821350941E18,50.97660913631712,0.1145449063221619,0.0,47.36157495279875,0.0,316.0999999999996,260.7671370967742,875.7327282676029,0.0,0.0,6.053427419354839,0.0,0.0,143.0,828.4092409099965,972.6869038074524,0.040852821372650346,100.0,1.0,7.737531690078532
48,2028,3,6,5.859174576972996E18,50.59317576724764,0.09691110519321282,0.0,44.00553823511049,0.0,295.7999999999945,260.86995967741933,729.8618034196542,0.0,0.0,6.373991935483871,0.0,0.0,143.0,801.1919510000079,927.9644599701273,0.03851897583949538,100.0,1.0,7.679331902088019
49,2028,3,6,1.481964993321812E18,50.96190334229983,0.1065784516738201,0.0,40.98305672419087,0.0,316.0999999999996,258.6350806451613,658.432530829986,0.0,0.0,5.627016129032258,0.0,0.0,143.0,848.0959344300123,947.3256422547493,0.04086461004490797,100.0,1.0,7.7352995575541525
53,2028,3,6,2.861374886328272E18,50.708516851821265,0.1145449063221619,0.0,47.736976575922554,0.0,316.0999999999996,259.28024193548384,891.8139448243763,0.0,0.0,5.756048387096774,0.0,0.0,143.0,836.4588511999825,975.7247546862536,0.041068807303414126,100.0,1.0,7.696839055117182
54,2028,3,6,4.281117921937587E18,50.24437082070411,0.1145449063221619,0.0,37.90264257214507,0.0,316.0999999999996,259.4163306451613,593.2232544475866,0.0,0.0,5.783266129032258,0.0,0.0,143.0,820.3746398908904,971.0743941612798,0.04144819157276089,100.0,1.0,7.626388221186848
40,2028,3,6,5.096996787781837E17,50.15738804106501,0.1145449063221619,0.0,40.896593855896356,0.0,313.20000000000584,260.23487903225805,659.345574496765,0.0,0.0,6.246975806451613,0.0,0.0,143.0,859.1979359999867,952.1621457730921,0.04113915281055727,100.0,1.0,7.613185459658551
42,2028,3,6,8.834479670273441E18,50.698579161164126,0.053700109337648405,0.0,46.407906982679656,0.0,316.0999999999996,264.2953629032258,855.2979108598264,0.0,0.0,6.759072580645161,0.0,0.0,143.0,843.3632343333378,986.8186837302006,0.04107685741269506,100.0,1.0,7.695330653564236
45,2028,3,6,3.0688222562761073E18,51.09097798190284,0.1145449063221619,0.0,47.13763376533603,0.0,316.0999999999996,260.53024193548384,850.8690678284673,0.0,0.0,6.006048387096774,0.0,0.0,143.0,801.2995604573608,953.6153062291111,0.04076137097956983,100.0,1.0,7.7548912709151345
46,2028,3,6,4.898224502314156E18,51.84226764338989,0.048148542727244746,0.0,39.90707544281411,0.0,316.0999999999996,255.57056451612902,642.3559009502363,0.0,0.0,5.014112903225806,0.0,0.0,143.0,852.0104889596095,966.6413686768902,0.04017066385974169,100.0,1.0,7.868926465932501
57,2028,3,7,4.974214387304059E17,51.887612146699446,0.1315940822357825,0.0,47.540025628551156,0.0,318.99999999999994,258.54737903225805,877.3959106507673,0.0,0.0,5.309475806451613,0.0,0.0,143.0,824.7400459999934,967.6133371072716,0.040503774914851166,100.0,1.0,7.875809123238905
59,2028,3,7,8.617806463867117E18,51.68763390332439,0.12887984768745392,0.0,48.54700225226858,0.0,318.99999999999994,263.40625,892.880508738867,0.0,0.0,6.28125,0.0,0.0,143.0,794.1321170522059,945.6881715964396,0.040660483070087586,100.0,1.0,7.845455240906285
41,2028,3,7,6.307363977605812E18,52.40505614946501,0.08522932787291622,0.0,45.672175445529234,0.0,321.90000000000083,263.0967741935484,805.6869628534176,0.0,0.0,5.919354838709677,0.0,0.0,143.0,768.8686039999914,957.6906328315077,0.040468423757433376,100.0,1.0,7.954349839011784
47,2028,3,8,8.507560024639921E18,51.81205155924971,0.14864325814940363,0.0,42.8574429421095,0.0,318.99999999999994,257.8618951612903,721.9531737942974,0.0,0.0,5.172379032258065,0.0,0.0,143.0,877.4645081800124,962.0004076243218,0.040562843971844495,100.0,1.0,7.864340089699441
44,2028,3,8,3.1730362057635645E18,51.71094929276575,0.118711459506969,1.0,41.611855322527184,1.0,321.90000000000083,262.023185483871,673.1430167341938,0.0,0.0,5.704637096774194,0.0,0.0,143.0,800.0404986108549,943.7649009911036,0.04101162419745649,100.0,1.0,7.848994188822319
57,2028,7,12,4.974214387304059E17,41.244522592099855,0.00897325048085301,0.0,45.708092937128214,0.0,558.3466242388689,239.4647177419355,669.0912471513209,0.0,0.10685483870967742,5.992943548387097,0.0,0.0,100.39999999999868,474.277343850405,793.7750849381816,0.08941340117659835,89.31451612903226,1.0,6.244551900403513
58,2028,7,12,7.278710821350941E18,41.38330848342494,0.0013192076566970092,0.0,48.434174521803676,0.0,522.4008031058067,240.20564516129033,725.4131731419167,0.0,0.0,6.141129032258065,0.0,0.0,100.39999999999868,422.15409918556094,771.3680924271274,0.08337649400267878,100.0,1.0,6.265564525764572
48,2028,7,12,5.859174576972996E18,42.17061438108128,0.001727618498431464,0.0,41.078906523441454,0.0,520.5978947994515,240.90625,560.9497462986985,0.0,0.0,6.28125,0.0,0.0,100.39999999999868,548.2141890712053,803.6198750444887,0.08153751675459144,100.0,1.0,6.384765142729665
49,2028,7,12,1.481964993321812E18,41.18799046118573,0.0014744085574848872,0.0,39.08389904618412,0.0,522.328882088416,241.40020161290323,501.28570794009033,0.0,0.0,6.380040322580645,0.0,0.0,100.39999999999868,443.5130463757225,780.2886251675671,0.08376034138068965,100.0,1.0,6.235992755980281
43,2028,7,12,6.605295447056412E18,41.2816407518486,0.0013329249080292714,0.0,43.67174614803291,0.0,493.86364045721473,240.58366935483872,596.9347625293808,0.0,0.0,6.216733870967742,0.0,0.0,100.39999999999868,384.08764281969866,769.0238754341308,0.0790160116460967,100.0,1.0,6.25017170784538
55,2028,7,13,2.797545246119503E18,42.15754122808987,0.0014095586680573408,0.0,43.905652712440315,0.0,497.6743972034415,243.40423387096774,599.1010817677831,0.0,0.0,6.480846774193548,0.0,0.0,100.39999999999868,350.09726715795966,764.4465909681124,0.07797134523812324,100.0,1.0,6.382785825787048
56,2028,7,13,4.898742477016446E18,41.85370539313363,0.0014131103119453595,0.0,38.343998020596615,0.0,528.4456304193185,247.5141129032258,526.1921930328924,0.0,0.0,6.102822580645161,0.0,0.0,143.0,491.63911677774365,844.853743381797,0.08339334604295925,100.0,1.0,6.3367841140118655
50,2028,7,13,2.9539370702862316E18,42.18126248951809,0.0016592548966074439,0.0,34.74596593566294,0.0,494.97937246811813,249.51512096774192,456.19541991407414,0.0,0.10685483870967742,6.503024193548387,0.0,0.0,143.0,476.3346902420898,855.6175427655221,0.07750550103758348,89.31451612903226,1.0,6.3863773002137725
52,2028,7,13,1.0005304447219302E18,41.74562660794865,0.0030772463926107673,0.0,47.23589559171884,0.0,493.1145524772241,242.49193548387098,681.2683480292437,0.0,0.03024193548387097,6.298387096774194,0.0,0.0,100.39999999999868,366.35039545611414,760.1635552130685,0.07801926175386627,96.9758064516129,1.0,6.32042064218568
53,2028,7,13,2.861374886328272E18,42.26314610650215,0.0017457685760414398,0.0,45.931729902691735,0.0,524.0448539367358,248.71875,713.5176642275264,0.0,0.09879032258064516,6.34375,0.0,0.0,143.0,444.35353693744315,839.0624756600151,0.08189768748063254,90.12096774193549,1.0,6.398774740259468
54,2028,7,13,4.281117921937587E18,41.69202262995791,0.002094596284045989,0.0,35.68680311693763,0.0,521.8728450235584,248.6733870967742,462.5222733993576,0.0,0.0,6.334677419354839,0.0,0.0,143.0,420.963036615228,832.2352599956876,0.08267548211400898,100.0,1.0,6.312304829428136
40,2028,7,13,5.096996787781837E17,42.088110358482545,0.0018663166557514657,0.0,39.801772369970706,0.0,521.4616044711538,248.34576612903226,531.9041311512391,0.0,0.0,6.269153225806452,0.0,0.0,143.0,382.575967668672,803.4473781759432,0.08183289406360787,100.0,1.0,6.372273771300659
42,2028,7,13,8.834479670273441E18,42.32027434646739,0.0020916667787536235,1.0,50.10879123925224,1.0,524.000011396112,241.1008064516129,768.96295283944,0.0,0.0,6.020161290322581,0.0,0.0,100.39999999999868,404.7813195861964,764.8531836742435,0.08178013506711004,100.0,1.0,6.407424137489007
44,2028,7,13,3.1730362057635645E18,41.69981925631425,0.003857803302172414,1.0,36.22879196576849,1.0,595.7957252911328,249.95362903225808,466.82730126655076,0.0,0.0,6.590725806451613,0.0,0.0,143.0,384.28691832221125,820.7569196782109,0.09436875203300871,100.0,1.0,6.313485263455989
46,2028,7,13,4.898224502314156E18,41.86862650224404,0.002801932220273677,0.0,34.81098541549222,0.0,529.347433422545,248.84475806451613,451.69401665909254,0.0,0.03024193548387097,6.368951612903226,0.0,0.0,143.0,446.57404510920014,844.4806614223276,0.08350588807637582,96.9758064516129,1.0,6.339043217388399
59,2028,7,14,8.617806463867117E18,41.86306827032603,0.0018486300949429367,0.0,44.19506134539109,0.0,563.0900452583684,251.85685483870967,650.3175634929487,0.0,0.0,6.671370967741935,0.0,0.0,143.0,374.8171145740576,820.1754237774213,0.0888406638642182,100.0,1.0,6.338201683397828
47,2028,7,14,8.507560024639921E18,43.15181095592651,0.0036595638176399074,0.0,41.307082230459436,0.0,599.2992693743039,251.5695564516129,578.3188243674997,0.0,0.0,6.613911290322581,0.0,0.0,143.0,403.7046424450663,820.6300876241272,0.09172964720369566,100.0,1.0,6.533321424898699
51,2028,7,14,6.492828447697523E18,42.09403291215806,0.0016144747176777665,1.0,35.99237328613578,1.0,498.4251231358574,251.85685483870967,476.10394113535165,0.0,0.06854838709677419,6.671370967741935,0.0,0.0,143.0,449.44057755876895,845.4228055039862,0.07820677728479823,93.14516129032258,1.0,6.373170464764066
41,2028,7,14,6.307363977605812E18,42.45203085476738,0.004390044266562156,1.0,41.397226884786704,1.0,566.8805239255562,250.64717741935485,590.2037666217643,0.0,0.06854838709677419,6.429435483870968,0.0,0.0,143.0,431.79680343765347,834.6624865264645,0.08819786384556214,93.14516129032258,1.0,6.427372491902818
45,2028,7,14,3.0688222562761073E18,43.44422685820424,0.0020283115915128926,0.0,43.37263420586571,0.0,528.7352217002971,249.42741935483872,657.6372928090151,0.0,0.0,6.185483870967742,0.0,0.0,143.0,493.2648492960871,857.5966085307787,0.08038428821383997,100.0,1.0,6.577594122544752
42,2028,11,15,8.834479670273441E18,43.1119357685743,0.006801393560787922,0.0,43.003338025978664,0.0,960.1197654433969,372.8991935483871,670.458488185642,0.0,0.0,4.479838709677419,0.0,0.0,88.0,18.414499579177303,888.111893331904,0.14746495446860772,100.0,1.0,6.510833498733333
45,2028,11,15,3.0688222562761073E18,42.29240089345983,0.02005586935455805,1.0,38.356817790766854,1.0,1063.2526245825914,373.13608870967744,564.7225972427372,0.0,0.0,4.527217741935484,0.0,0.0,88.0,33.31397709446918,906.620693327137,0.1664696465354553,100.0,1.0,6.387066031020472
55,2028,11,16,2.797545246119503E18,42.98455782904861,0.004063972138067492,1.0,34.66903744166614,1.0,960.4429258559533,376.39012096774195,481.07467143537116,0.0,0.0,4.878024193548387,0.0,0.0,88.0,38.89192764943727,905.7181467774142,0.1479517248857896,100.0,1.0,6.491596678560938
56,2028,11,16,4.898742477016446E18,42.771006111736305,0.006163046106910938,0.0,34.252063343608654,0.0,955.6305787520707,376.6320564516129,479.0411246265229,0.0,0.0,4.926411290322581,0.0,0.0,88.0,65.67501389761857,918.5226225652975,0.1479454134764775,100.0,1.0,6.459345756629425
58,2028,11,16,7.278710821350941E18,42.984327154045694,0.006945240310257765,1.0,41.493052596009136,1.0,876.192547945619,373.804435483871,643.7623438327834,0.0,0.0,4.360887096774194,0.0,0.0,88.0,81.07516865609203,907.007440583959,0.1349740739314136,100.0,1.0,6.491561841653026
50,2028,11,16,2.9539370702862316E18,43.0911630907703,0.002959515330096638,1.0,33.52947199577,1.0,960.8179777511017,371.4858870967742,448.6548988007195,0.0,0.0,3.8971774193548385,0.0,0.0,88.0,10.638030348246296,888.0779720471728,0.14764333218404752,100.0,1.0,6.507696375704771
52,2028,11,16,1.0005304447219302E18,42.729314932938,0.026607051609802406,1.0,38.505392338791275,1.0,953.904620836375,375.25604838709677,567.0151780284411,0.0,0.0,4.651209677419355,0.0,0.0,88.0,65.94380102640572,904.663992072226,0.14782230054060067,100.0,1.0,6.453049488120887
53,2028,11,16,2.861374886328272E18,42.67090989402042,0.00919544173772857,0.0,41.76411573012174,0.0,962.0959077925141,375.1905241935484,653.3084769545198,0.0,0.0,4.638104838709677,0.0,0.0,88.0,43.905244322256294,910.3005685987206,0.14929573390088835,100.0,1.0,6.44422906572275
41,2028,11,16,6.307363977605812E18,43.47879887966432,0.010060033464257958,0.0,39.60463681689617,0.0,1048.1584366598988,367.50201612903226,576.9909043434745,0.0,0.0,4.300403225806452,0.0,0.0,88.0,25.26707922868718,878.6600005302654,0.15962846247047516,100.0,1.0,6.566237752579781
46,2028,11,16,4.898224502314156E18,42.75758843263176,0.023257912246330784,1.0,31.097496734034436,1.0,955.8565374801851,374.5756048387097,410.93192629671364,0.0,0.0,4.515120967741935,0.0,0.0,88.0,35.07693880484761,909.4272515781121,0.14802683260246408,100.0,1.0,6.457319397269019
57,2028,11,17,4.974214387304059E17,43.99755558792098,0.012632576115082119,0.0,41.02594313906995,0.0,877.1980951089348,382.83870967741933,638.9309617503612,0.0,0.0,3.467741935483871,0.0,0.0,88.0,42.484391629040516,917.6473665636114,0.1320170626272034,100.0,1.0,6.644581220429152
59,2028,11,17,8.617806463867117E18,43.276625400009486,0.002754220528193068,1.0,40.98472913542686,1.0,1040.5408968582626,380.91129032258067,621.7803120244351,0.0,0.0,4.282258064516129,0.0,0.0,88.0,0.0,894.5344298014253,0.15920866479759857,100.0,1.0,6.535705190299151
47,2028,11,17,8.507560024639921E18,43.57234466811558,0.0036358389306535783,1.0,37.579465839395716,1.0,1063.751695279124,373.4193548387097,530.0070392704341,0.0,0.0,3.9838709677419355,0.0,0.0,88.0,27.017335073986878,879.0151288463842,0.16165541957326943,100.0,1.0,6.58036518718127
48,2028,11,17,5.859174576972996E18,43.167741847583024,0.0035664747539161422,2.0,36.932252999152134,2.0,890.1591448971889,377.03024193548384,514.8945230773093,0.0,0.0,3.506048387096774,0.0,0.0,88.0,31.137796367180275,878.4200141461032,0.13654294363569633,100.0,1.0,6.519261422048874
49,2028,11,17,1.481964993321812E18,43.893082599691056,0.0073430854998797175,0.0,32.25735274971396,0.0,876.3984806593163,379.20766129032256,439.8023654139755,0.0,0.0,3.941532258064516,0.0,0.0,88.0,121.14521277669624,922.4994864141701,0.13221065838231982,100.0,1.0,6.628803542638697
43,2028,11,17,6.605295447056412E18,43.678138534634655,0.006786121863863268,0.0,37.61815384424097,0.0,877.7033001164363,377.33266129032256,542.7270614907513,0.0,0.0,3.566532258064516,0.0,0.0,88.0,36.40783264120529,898.8862617627935,0.13305908851626028,100.0,1.0,6.596342346123752
44,2028,11,17,3.1730362057635645E18,43.80806544569177,0.004803576300491523,0.0,32.40715268749743,0.0,956.0806183031287,380.2157258064516,437.5320439829889,0.0,0.0,4.143145161290323,0.0,0.0,88.0,57.02069698548966,911.7402908200555,0.14451115537086298,100.0,1.0,6.6159641160539655
51,2028,11,18,6.492828447697523E18,44.521486766005516,0.002433093948170558,0.0,36.15390030347626,0.0,1047.566358942916,378.2681451612903,504.3517286828786,0.0,0.0,3.4536290322580645,0.0,0.0,88.0,36.34824239928026,889.8613331318372,0.1558019247649136,100.0,1.0,6.723706144988694
54,2028,11,18,4.281117921937587E18,44.33296938888914,0.013773453949781186,0.0,34.09022328514053,0.0,958.8958781638607,377.37600806451616,468.5216200024576,0.0,0.0,3.275201612903226,0.0,0.0,88.0,55.468934883892935,904.781383777457,0.14322062514983105,100.0,1.0,6.695235949156809
40,2028,11,18,5.096996787781837E17,44.33780312610929,0.002385234045947105,0.0,37.431971021390105,0.0,965.1462479193009,378.2631048387097,525.557705936641,0.0,0.0,3.4526209677419355,0.0,0.0,88.0,19.985738000553805,877.6256091274643,0.14413846417847542,100.0,1.0,6.6959659478835265
50,2029,3,2,2.9539370702862316E18,48.61705692904075,0.044553552571508455,0.0,38.98770613302232,0.0,307.39999999999975,259.3266129032258,606.0858560052396,0.0,0.0,6.665322580645161,0.0,0.0,143.0,783.8632517263459,947.8540313977749,0.04197314420635708,100.0,1.0,7.323730585650103
56,2029,3,3,4.898742477016446E18,49.41663363469765,0.06250005353321467,0.0,43.265012303958514,0.0,310.2999999999942,262.40423387096774,730.4054014780271,0.0,0.0,6.980846774193548,0.0,0.0,143.0,789.4534723366065,957.0517902264934,0.04168357159510887,100.0,1.0,7.444179760172103
42,2029,3,3,8.834479670273441E18,50.85560042016684,0.03313894673023036,0.0,45.22976279695185,0.0,313.20000000000584,259.96774193548384,803.5065073118371,0.0,0.0,6.193548387096774,0.0,0.0,143.0,797.5434520599956,972.3357234320812,0.04088267198998018,100.0,1.0,7.660947407663746
58,2029,3,4,7.278710821350941E18,49.79225803083956,0.07861202009501264,0.0,45.159612306390756,0.0,313.20000000000584,263.6975806451613,795.7980557185122,0.0,0.0,6.939516129032258,0.0,0.0,143.0,742.8104303500072,965.6211876683088,0.04175574503055173,100.0,1.0,7.50076426060281
53,2029,3,4,2.861374886328272E18,50.04987038186148,0.0813438795430058,0.0,52.63161806191656,0.0,313.20000000000584,262.2459677419355,1057.981318434798,0.0,0.0,6.649193548387097,0.0,0.0,143.0,750.9875013827088,951.63255029262,0.041540823482025924,100.0,1.0,7.539571287880767
45,2029,3,4,3.0688222562761073E18,50.64170618019745,0.032056488212153934,0.0,46.38797522731714,0.0,316.0999999999996,259.22983870967744,849.2226350906898,0.0,0.0,5.745967741935484,0.0,0.0,143.0,821.9606645499888,980.8108436535299,0.04143548931970194,100.0,1.0,7.6287261280078305
57,2029,3,5,4.974214387304059E17,50.17780310920169,0.0992903805047115,0.0,46.984911676544066,0.0,313.20000000000584,262.2258064516129,851.464442948435,0.0,0.0,6.645161290322581,0.0,0.0,143.0,775.4959560099896,960.0609497896378,0.0414349114947582,100.0,1.0,7.558843224260966
52,2029,3,5,1.0005304447219302E18,50.78549582755489,0.0992903805047115,0.0,45.65837867819741,0.0,316.0999999999996,261.1602822580645,819.018936432083,0.0,0.0,6.132056451612903,0.0,0.0,143.0,782.233953939991,974.0402997597623,0.04131817246967866,100.0,1.0,7.650386769452826
41,2029,3,5,6.307363977605812E18,50.387196430478326,0.0992903805047115,0.0,43.83055924315648,0.0,316.0999999999996,263.28729838709677,765.4698843445994,0.0,0.0,6.557459677419355,0.0,0.0,143.0,796.6055666300142,980.1800153112849,0.04164478328252038,100.0,1.0,7.590386480235969
55,2029,3,6,2.797545246119503E18,51.44783413737978,0.1163395564183329,0.0,43.70304540989914,0.0,318.99999999999994,260.27620967741933,718.8256839492407,0.0,0.0,5.655241935483871,0.0,0.0,143.0,730.6298688299826,925.3097891362883,0.041160428923720474,100.0,1.0,7.7501621907579885
59,2029,3,6,8.617806463867117E18,51.51106300493871,0.1163395564183329,0.0,51.09210280271346,0.0,316.0999999999996,255.58568548387098,958.6937944703395,0.0,0.0,5.017137096774194,0.0,0.0,143.0,778.6975734994351,917.1622300630078,0.04073617885462529,100.0,1.0,7.759687061667267
47,2029,3,6,8.507560024639921E18,50.220589838704825,0.1163395564183329,0.0,39.71942286148592,0.0,316.0999999999996,264.8296370967742,621.3592811922591,0.0,0.0,6.865927419354839,0.0,0.0,143.0,770.7972263656158,942.1431200196604,0.04178293967276054,100.0,1.0,7.565288667471953
48,2029,3,6,5.859174576972996E18,50.60690130922729,0.1163395564183329,0.0,39.611272694511165,0.0,316.0999999999996,262.86895161290323,633.252644762249,0.0,0.0,6.473790322580645,0.0,0.0,143.0,804.6835359999965,964.5294175736971,0.04146398655668044,100.0,1.0,7.623483081345718
49,2029,3,6,1.481964993321812E18,50.976442831703885,0.1163395564183329,0.0,37.61750188578072,0.0,316.0999999999996,257.4858870967742,577.5114431510556,0.0,0.0,5.397177419354839,0.0,0.0,143.0,819.6923762876168,956.950376556964,0.04116340330942063,100.0,1.0,7.679151250539509
51,2029,3,6,6.492828447697523E18,50.232036609933104,0.05669569026234534,0.0,40.67491609968286,0.0,313.20000000000584,263.9092741935484,667.429200708528,0.0,0.0,6.981854838709677,0.0,0.0,143.0,844.0904614628165,972.6397671037487,0.04139017589464099,100.0,1.0,7.567013022540876
40,2029,3,6,5.096996787781837E17,50.20744467078331,0.1163395564183329,0.0,41.28558110462755,0.0,313.20000000000584,259.44858870967744,680.9449895382699,0.0,0.0,6.089717741935484,0.0,0.0,143.0,859.3862497555091,967.673694702848,0.0414104490771078,100.0,1.0,7.563308463929376
43,2029,3,6,6.605295447056412E18,51.0704018183224,0.1163395564183329,0.0,42.012899479550455,0.0,316.0999999999996,259.2953629032258,705.3024607221168,0.0,0.0,5.759072580645161,0.0,0.0,143.0,810.9719321869476,972.750875977316,0.041087671152965716,100.0,1.0,7.693305342694835
44,2029,3,6,3.1730362057635645E18,51.51298346905466,0.1163395564183329,0.0,41.29442389927021,0.0,316.0999999999996,257.05745967741933,669.3240529291119,0.0,0.0,5.311491935483871,0.0,0.0,143.0,830.6588431600156,950.8710552447677,0.040734660162357,100.0,1.0,7.7599763626384295
54,2029,3,7,4.281117921937587E18,50.92434346783902,0.052210753258179664,0.0,40.510401734466825,0.0,316.0999999999996,259.72379032258067,671.6193786489118,0.0,0.0,5.844758064516129,0.0,0.0,143.0,854.2640730000207,985.4148414990358,0.04120551651070898,100.0,1.0,7.671302941144974
46,2029,3,7,4.898224502314156E18,52.06467252650433,0.13428605738003893,1.0,42.76249736602558,2.0,321.90000000000083,255.86895161290323,683.1331858415027,0.0,0.0,4.473790322580645,0.0,0.0,143.0,694.8683747618566,913.7988298903624,0.0410425315540608,100.0,1.0,7.843083450541969
56,2029,7,12,4.898742477016446E18,40.55390143259168,0.0021153348611157616,0.0,43.17066772648725,0.0,420.4367319153411,238.44354838709677,590.7866984462393,0.0,0.0,6.088709677419355,0.0,0.0,100.69999999999821,436.3748661328123,776.7299745887515,0.06899523982808398,100.0,1.0,6.093706362394665
47,2029,7,12,8.507560024639921E18,40.66928451453995,0.001555695298344841,0.0,40.525300605844684,0.0,487.69600343864374,238.2671370967742,507.11067086800017,0.0,0.0,6.053427419354839,0.0,0.0,100.69999999999821,364.35335018694826,743.2164655723826,0.0798056764028349,100.0,1.0,6.111044043745735
49,2029,7,12,1.481964993321812E18,40.7555883248539,0.0018149778480689774,1.0,38.60577705701671,1.0,490.83334033627716,238.45362903225808,472.7524021926482,0.0,0.0,6.090725806451613,0.0,0.0,100.69999999999821,362.9687596338338,750.9587380130923,0.080148981228177,100.0,1.0,6.124012218432552
52,2029,7,12,1.0005304447219302E18,40.85309791120565,0.0027901898261359004,0.0,44.62059846317274,0.0,465.592150306667,239.3860887096774,642.451709450321,0.0,0.0,6.277217741935484,0.0,0.0,100.69999999999821,467.41639868100094,796.2975803883836,0.07584584130468502,100.0,1.0,6.138664194340042
41,2029,7,12,6.307363977605812E18,42.18011804208351,0.004845167646248938,0.0,45.49523641585779,0.0,464.12759166829153,236.4727822580645,663.4602796601961,0.0,0.0846774193548387,5.694556451612903,0.0,0.0,100.69999999999821,514.8086637655967,794.1785568701628,0.07322859721537937,91.53225806451613,1.0,6.338064763185385
59,2029,7,13,8.617806463867117E18,41.741214702009195,0.00202373714047204,0.0,48.34126979883124,0.0,495.9356892481922,241.58165322580646,725.995285569639,0.0,0.0,6.41633064516129,0.0,0.0,100.69999999999821,414.91786007228194,775.0868447959431,0.07906993790890668,100.0,1.0,6.272114312515838
48,2029,7,13,5.859174576972996E18,41.37668824242912,0.0024304578767207524,0.0,40.534120673569554,0.0,492.2014941232111,241.47076612903226,528.6478479070764,0.0,0.0,6.394153225806452,0.0,0.0,100.69999999999821,438.442195736221,774.4250413645266,0.07916593014821703,100.0,1.0,6.2173398733735
50,2029,7,13,2.9539370702862316E18,41.228156646127495,0.004264852890139284,1.0,39.81662258093755,1.0,404.089748544489,239.25806451612902,518.4775375071077,0.0,0.10685483870967742,5.951612903225806,0.0,0.0,100.69999999999821,450.17978600890336,782.8297102345734,0.06522814585015828,89.31451612903226,1.0,6.195021233207543
53,2029,7,13,2.861374886328272E18,40.406689803369225,0.0022014844163034965,1.0,49.1699033438106,2.0,444.3429002101215,239.95362903225808,788.1762665485621,0.0,0.03024193548387097,6.090725806451613,0.0,0.0,100.69999999999821,517.4741521677323,813.9742617189133,0.07318399106923171,96.9758064516129,1.0,6.0715860629925915
54,2029,7,13,4.281117921937587E18,42.34823004838517,0.0019976069636805497,0.0,42.880003935981705,0.0,521.0714980830599,238.54737903225808,589.7012820248242,0.0,0.0,5.809475806451613,0.0,0.0,100.69999999999821,458.9952283328614,784.8042410186932,0.08188666295125478,100.0,1.0,6.3633255929997
40,2029,7,13,5.096996787781837E17,40.805868368533005,2.3617546141109172E-4,1.0,40.08800519211693,2.0,490.55967112410593,240.99697580645162,530.8394625945492,0.0,0.0,6.299395161290323,0.0,0.0,100.69999999999821,466.23977254349904,792.328890320259,0.0800055906830461,100.0,1.0,6.13156739342792
45,2029,7,13,3.0688222562761073E18,42.24639791124677,0.002197172008044332,0.0,48.31059151089795,0.0,446.2624707939495,240.1048387096774,736.0526594319083,0.0,0.0,6.120967741935484,0.0,0.0,100.69999999999821,424.1010804222726,786.756841960128,0.07029942917607496,100.0,1.0,6.348024102389528
55,2029,7,14,2.797545246119503E18,42.65155472369929,0.0036008228253824413,0.0,42.92162183164536,0.0,498.5757876450803,241.7358870967742,578.1025082571695,0.0,0.023185483870967742,6.147177419354839,0.0,0.0,100.69999999999821,382.4539465102565,767.8996345148961,0.07779423879828842,97.68145161290323,1.0,6.408903735633052
57,2029,7,14,4.974214387304059E17,42.201358032061215,0.0016969081847301476,0.0,47.94067642858702,0.0,469.16128583345846,241.51915322580646,721.6436677753999,0.0,0.0,6.10383064516129,0.0,0.0,100.69999999999821,404.667159083653,782.881965011176,0.0739855419536446,100.0,1.0,6.341256324477692
58,2029,7,14,7.278710821350941E18,42.15139796090875,0.00897325048085301,0.0,47.928125186697706,0.0,446.36407484944743,241.32762096774192,713.2543155229581,0.0,0.10685483870967742,6.065524193548387,0.0,0.0,100.69999999999821,416.8374107357413,774.1124897013584,0.07047391027011851,89.31451612903226,1.0,6.333749229162743
51,2029,7,14,6.492828447697523E18,42.37780394906809,0.0016969081847301476,0.0,44.6886772726933,0.0,493.54318332936697,242.1491935483871,610.9862384529655,0.0,0.0846774193548387,6.229838709677419,0.0,0.0,100.69999999999821,359.85340365139245,755.3580753096015,0.07750644699898838,91.53225806451613,1.0,6.367769423565613
42,2029,7,14,8.834479670273441E18,41.258797424899875,0.0013207610363339763,1.0,44.38422143172551,1.0,430.4496773572216,243.17237903225808,638.3058710868995,0.0,0.0,6.434475806451613,0.0,0.0,100.69999999999821,446.77472398981706,798.7953084007885,0.06943156260693611,100.0,1.0,6.199625374904357
43,2029,7,14,6.605295447056412E18,41.544192922586426,0.0023162752919083734,0.0,37.55959811940123,0.0,497.0179287272292,250.27116935483872,511.88702307113647,0.0,0.014112903225806451,6.654233870967742,0.0,0.0,143.0,445.3773392191644,849.7206783381012,0.07961829022283674,98.58870967741935,1.0,6.24250944520623
46,2029,7,14,4.898224502314156E18,41.445414439200846,0.0025652517097921827,0.0,37.46812179549507,0.0,529.2805757887344,242.32056451612902,475.58220012652254,0.0,0.07963709677419355,6.264112903225806,0.0,0.0,100.69999999999821,433.7494820000094,792.434462300159,0.08498858281617085,92.03629032258065,1.0,6.227666802416992
44,2029,7,15,3.1730362057635645E18,43.55202798477438,0.002059029481609231,0.0,38.165276551890294,0.0,501.7403804638836,248.26310483870967,516.5791821013376,0.0,0.0,5.952620967741935,0.0,0.0,143.0,435.013132027288,836.1142369411551,0.07666935160823479,100.0,1.0,6.544210560533727
57,2029,11,15,4.974214387304059E17,42.175004204572986,0.004326543144095011,0.0,38.801790604342656,0.0,952.2682712554832,369.0282258064516,582.372655814671,0.0,0.0,5.205645161290323,0.0,0.0,88.0,52.452367299978356,917.4297299292449,0.15064320848419663,100.0,1.0,6.3213488403321
49,2029,11,16,1.481964993321812E18,42.656517527677444,0.008730106297672627,0.0,30.270985930521032,0.0,799.2286402944965,368.7641129032258,387.07138657837845,0.0,0.0,4.852822580645161,0.0,0.0,88.0,32.18240648381541,890.4932584595495,0.1250060461110592,100.0,1.0,6.393519874906189
54,2029,11,16,4.281117921937587E18,43.15078123081394,0.0037963085265865916,0.0,34.62136144533775,0.0,884.1074851883318,372.8336693548387,483.95938693486033,0.0,0.0,4.466733870967742,0.0,0.0,88.0,60.21330975257287,913.070282334497,0.13669788080610148,100.0,1.0,6.467601984572023
42,2029,11,16,8.834479670273441E18,42.601887115687234,0.016904098862644483,0.0,37.86432696429143,0.0,940.4704908122834,374.648185483871,560.7237272909955,0.0,0.0,4.829637096774194,0.0,0.0,88.0,53.4077673978155,919.4250089188237,0.14728608324786002,100.0,1.0,6.385331662527919
55,2029,11,17,2.797545246119503E18,43.04387987188921,0.005652265188136026,1.0,33.14212275697839,1.0,965.2202797527913,375.8054435483871,449.33794814365126,0.0,0.0,4.761088709677419,0.0,0.0,88.0,42.845689695743864,905.6269246124428,0.14960992479998222,100.0,1.0,6.451579205344979
56,2029,11,17,4.898742477016446E18,43.2500506810434,0.026607051609802406,0.0,37.91445081905944,0.0,799.6675707752014,375.54334677419354,551.8671792582359,0.0,0.0,4.70866935483871,0.0,0.0,88.0,24.342689609835595,902.8961679813308,0.1233582616730523,100.0,1.0,6.482480864513425
59,2029,11,17,8.617806463867117E18,43.86819644289684,2.313051111216424E-4,1.0,42.91644307841485,1.0,878.5461588078108,378.60483870967744,675.745848859989,0.0,0.0,4.120967741935484,0.0,0.0,88.0,31.959930960511855,897.8561271567241,0.13361652782299827,100.0,1.0,6.575130884793087
47,2029,11,17,8.507560024639921E18,43.37287647871218,0.012013634687619209,0.0,32.69600491458415,0.0,801.0650092203889,375.7600806451613,435.4536053390853,0.0,0.0,4.752016129032258,0.0,0.0,88.0,28.33257053328719,894.6365876616147,0.12322388975869493,100.0,1.0,6.5008904587339895
48,2029,11,17,5.859174576972996E18,42.89405249518727,0.0033333025560375413,1.0,34.05406365572556,1.0,873.5217240711274,376.1784274193548,459.19652933943036,0.0,0.0,4.835685483870968,0.0,0.0,88.0,13.780668153066099,888.2632233048557,0.13586950977663148,100.0,1.0,6.429122512528315
50,2029,11,17,2.9539370702862316E18,43.21930367003223,0.006509515187099142,1.0,33.47293031993976,1.0,871.452221080621,374.16229838709677,455.95815662296786,0.0,0.0,4.432459677419355,0.0,0.0,88.0,33.6669456005468,904.7639408616052,0.13452753760720756,100.0,1.0,6.477872386433478
51,2029,11,17,6.492828447697523E18,43.38700307738387,0.005834363121490921,0.0,36.223153726597836,0.0,960.8662282639718,375.3971774193548,505.86314919406556,0.0,0.0,4.679435483870968,0.0,0.0,88.0,16.864294517887178,889.4995198931059,0.14775720048780136,100.0,1.0,6.503007806670645
52,2029,11,17,1.0005304447219302E18,43.43107843592399,0.003963449859034012,0.0,42.20455553782808,0.0,803.3171186465236,371.8991935483871,644.2606318189161,0.0,0.0,3.9798387096774195,0.0,0.0,88.0,10.643846720357029,881.4300079616255,0.12340472417457833,100.0,1.0,6.509613987792608
53,2029,11,17,2.861374886328272E18,43.00321165420263,0.0036655434970804834,1.0,45.987503958310825,1.0,860.1800507590169,374.741935483871,782.4642000741115,0.0,0.0,4.548387096774194,0.0,0.0,88.0,48.09709296152857,918.3492293534044,0.13345469337622418,100.0,1.0,6.445483699356081
40,2029,11,17,5.096996787781837E17,43.641169409239076,0.003253535344761796,0.0,35.753112772004116,0.0,865.6621987340246,379.3306451612903,504.9910804393823,0.0,0.0,4.266129032258065,0.0,0.0,88.0,43.082394506665885,906.5535072935534,0.13234192614807083,100.0,1.0,6.541103215964063
41,2029,11,17,6.307363977605812E18,43.20172360561669,0.01051873890170507,0.0,38.86543562621935,0.0,819.5902825202488,373.9959677419355,579.0575097330269,0.0,0.0,4.399193548387097,0.0,0.0,88.0,59.33191164592414,910.128526041072,0.12657300873431682,100.0,1.0,6.475237420014329
43,2029,11,17,6.605295447056412E18,42.17161576414761,0.004937150811685109,2.0,34.74560020436745,2.0,947.8035454749404,373.09375,479.31272570899233,0.0,0.0,4.21875,0.0,0.0,88.0,41.5969240730914,899.3805413301396,0.1499489625288534,100.0,1.0,6.32084096808981
44,2029,11,17,3.1730362057635645E18,42.816044940050986,0.006455575885505773,1.0,31.18163562912579,2.0,1064.5520039709083,375.28629032258067,413.93616340485545,0.0,0.0,4.657258064516129,0.0,0.0,88.0,27.864456148153398,912.551707171161,0.16588446310102095,100.0,1.0,6.417430445686848
45,2029,11,17,3.0688222562761073E18,43.32042909540592,0.00799431667915969,0.0,41.55201287535166,0.0,885.6076060677307,372.95766129032256,647.5697751350771,0.0,0.0,4.191532258064516,0.0,0.0,88.0,38.47483496455975,910.0246471813329,0.13639359151307553,100.0,1.0,6.493029446935788
46,2029,11,17,4.898224502314156E18,43.52006471105876,0.002400548550254952,0.0,31.25546038697352,0.0,946.2664712685739,374.21774193548384,415.37045327825695,0.0,0.0,4.443548387096774,0.0,0.0,88.0,45.521916229032605,912.7692116187012,0.14506722282100606,100.0,1.0,6.522951586631963
58,2029,11,18,7.278710821350941E18,43.56098475335403,0.002667617728961547,1.0,42.74270553692432,2.0,960.2190771824121,372.59274193548384,655.7291137972592,0.0,0.0,3.818548387096774,0.0,0.0,88.0,4.139624592352793,877.5087369214099,0.1470679430805449,100.0,1.0,6.529084837043838
55,2030,3,4,2.797545246119503E18,50.19468507675248,0.10512703056212258,0.0,38.38815941862061,0.0,310.2999999999942,258.4778225806452,599.3992894147898,0.0,0.0,6.195564516129032,0.0,0.0,143.0,774.0222562939163,961.0792277340929,0.04134882072719892,100.0,1.0,7.5044461859557074
49,2030,3,4,1.481964993321812E18,50.690272878456284,0.11813420651450335,0.0,35.67001449893484,0.0,313.20000000000584,262.210685483871,548.2530717617765,0.0,0.0,6.642137096774194,0.0,0.0,143.0,807.490960170013,987.8647665057377,0.04132722173727082,100.0,1.0,7.578539926809245
50,2030,3,4,2.9539370702862316E18,49.54056716389522,0.03208424946075589,0.0,33.32923128014833,0.0,310.2999999999942,261.9758064516129,492.21819458689674,0.0,0.0,6.895161290322581,0.0,0.0,143.0,776.1106692700092,983.7204577403908,0.041894777422117335,100.0,1.0,7.406651117238753
52,2030,3,4,1.0005304447219302E18,50.4293234886502,0.11813420651450335,0.0,45.45920974671154,0.0,310.2999999999942,256.9102822580645,793.7278530058322,0.0,0.0,5.882056451612903,0.0,0.0,143.0,789.9183669527607,951.688086419773,0.04115643223260707,100.0,1.0,7.539526221472432
54,2030,3,4,4.281117921937587E18,50.73307130891931,0.11813420651450335,0.0,43.93926340815615,0.0,313.20000000000584,260.1391129032258,737.0070347543639,0.0,0.0,6.227822580645161,0.0,0.0,143.0,767.4023206144433,939.5860009227086,0.04129235808363976,100.0,1.0,7.584938582717978
42,2030,3,4,8.834479670273441E18,49.69671494974022,0.03252593791698883,0.0,42.518319509460206,0.0,313.20000000000584,260.7943548387097,731.5925597494329,0.0,0.0,6.358870967741935,0.0,0.0,143.0,808.8689667416032,988.1171250963254,0.042153453186782035,100.0,1.0,7.429996271295166
43,2030,3,4,6.605295447056412E18,49.50293225317243,0.10050040538555359,0.0,42.89060385420486,0.0,310.2999999999942,262.03629032258067,734.6980617534377,0.0,0.0,6.907258064516129,0.0,0.0,143.0,820.9240716811108,977.5820633000964,0.04192662818602705,100.0,1.0,7.401024442585831
56,2030,3,5,4.898742477016446E18,50.77112892598284,0.13608070747620946,0.0,42.768354423466874,0.0,313.20000000000584,258.445564516129,722.5609309563653,0.0,0.0,5.889112903225806,0.0,0.0,143.0,806.6205466110165,966.1220290567105,0.04126140567456714,100.0,1.0,7.5906284548385425
59,2030,3,5,8.617806463867117E18,50.56675869183431,0.13608070747620946,0.0,50.03893470421152,0.0,313.20000000000584,262.0594758064516,931.4376196731015,0.0,0.0,6.611895161290323,0.0,0.0,143.0,742.3786602140941,929.3513118062956,0.041428167463480645,100.0,1.0,7.560073717383103
47,2030,3,5,8.507560024639921E18,50.60603410015285,0.03648276339844747,0.0,40.861401376786326,0.0,313.20000000000584,256.16733870967744,644.258317466375,0.0,0.0,5.433467741935484,0.0,0.0,143.0,775.3768498311588,931.782177426408,0.041396015009293206,100.0,1.0,7.565945657563752
48,2030,3,5,5.859174576972996E18,50.5139936014191,0.13608070747620946,0.0,40.180177425160295,0.0,313.20000000000584,261.7671370967742,645.2302874518097,0.0,0.0,6.553427419354839,0.0,0.0,143.0,797.5484060333962,959.7277887874893,0.04147144182858423,100.0,1.0,7.552184978148806
53,2030,3,5,2.861374886328272E18,50.16846306668811,0.1246068977946377,0.0,49.40019382531458,0.0,313.20000000000584,261.32862903225805,943.3066100409325,0.0,0.0,6.465725806451613,0.0,0.0,143.0,749.3830240696067,965.6180324045947,0.041757072453784926,100.0,1.0,7.5005258174323215
40,2030,3,5,5.096996787781837E17,50.264225774505434,0.13608070747620946,0.0,42.998871285588706,0.0,313.20000000000584,262.3820564516129,738.5397243459524,0.0,0.0,6.676411290322581,0.0,0.0,143.0,773.2831511333352,978.1271782186247,0.041677517456824735,100.0,1.0,7.5148429923749935
41,2030,3,5,6.307363977605812E18,50.02307574351177,0.11844690634726013,0.0,39.06422696680873,0.0,313.20000000000584,263.70766129032256,621.9770653525135,0.0,0.0,6.941532258064516,0.0,0.0,143.0,734.0328195700082,969.3530795345293,0.04187843542272482,100.0,1.0,7.4787894255966325
46,2030,3,5,4.898224502314156E18,50.2980610696968,0.05412915969618508,0.0,40.52195478192539,0.0,313.20000000000584,260.98084677419354,660.3546023820477,0.0,0.0,6.39616935483871,0.0,0.0,143.0,809.3700383530307,968.5629010705607,0.04164948116524603,100.0,1.0,7.519901598710725
57,2030,3,6,4.974214387304059E17,51.50304736506446,0.046365806272701836,1.0,48.58530850375982,1.0,318.99999999999994,256.4909274193548,882.2037462721469,0.0,0.0,4.898185483870968,0.0,0.0,143.0,707.0544992145254,933.0458387461694,0.04142827427267173,100.0,1.0,7.700055230406473
58,2030,3,6,7.278710821350941E18,50.2413787696825,0.15402720843791565,0.0,47.43929932626514,0.0,313.20000000000584,260.71370967741933,853.1196912211661,0.0,0.0,6.342741935483871,0.0,0.0,143.0,787.4249466748831,944.4806085963289,0.04169647009040411,100.0,1.0,7.5114272100478034
51,2030,3,6,6.492828447697523E18,51.421275489875384,0.047754701640804954,0.0,44.49756390127302,0.0,316.0999999999996,261.1149193548387,746.7151043514671,0.0,0.0,6.122983870967742,0.0,0.0,143.0,667.9752409954793,930.6918678460901,0.041116935344413665,100.0,1.0,7.68782977992416
44,2030,3,6,3.1730362057635645E18,51.153407486238024,0.15402720843791565,0.0,39.60217889041766,0.0,316.0999999999996,263.47379032258067,618.7111458599147,0.0,0.0,6.594758064516129,0.0,0.0,143.0,736.3969300333437,942.8557431132605,0.04133224673670667,100.0,1.0,7.647781694849775
45,2030,3,6,3.0688222562761073E18,51.86196464689808,0.15402720843791565,0.0,49.9971253814402,0.0,316.0999999999996,256.5483870967742,939.1052462737415,0.0,0.0,5.209677419354839,0.0,0.0,143.0,785.5265382893848,938.7328205612282,0.040767550439702566,100.0,1.0,7.753715800696163
59,2030,7,11,8.617806463867117E18,40.10352539831963,0.0012255190495565485,1.0,48.16554145935566,1.0,461.0502825048628,236.86290322580646,702.3280463261066,0.0,0.0,6.07258064516129,0.0,0.0,101.0,405.7571095681041,754.9975121869625,0.07708998998749093,100.0,1.0,5.980676383272011
49,2030,7,11,1.481964993321812E18,40.59681407099557,0.002786723751817718,1.0,37.90087063232861,1.0,439.88370689768357,236.6209677419355,465.49797103496894,0.0,0.0,6.024193548387097,0.0,0.0,101.0,389.1591050600785,761.6549720932879,0.07265711885491066,100.0,1.0,6.054240986022161
56,2030,7,12,4.898742477016446E18,40.779251186003755,0.0017832373769580711,1.0,41.98691624358388,1.0,464.6997329627235,239.40120967741936,568.4336005090814,0.0,0.0,6.280241935483871,0.0,0.0,101.0,445.485322475912,784.5028102276597,0.07641267879632338,100.0,1.0,6.081448004216321
47,2030,7,12,8.507560024639921E18,40.452646219718375,0.0020128421895139197,1.0,40.30249154124923,1.0,464.10486971303413,239.15927419354838,506.89309801568123,0.0,0.0,6.231854838709677,0.0,0.0,101.0,375.7920547674332,749.7699415605191,0.07693101064561352,100.0,1.0,6.032741099047249
54,2030,7,12,4.281117921937587E18,40.131634444631295,0.0011800697633946673,1.0,41.60639686882994,1.0,442.9152883280683,239.31048387096774,545.345642896122,0.0,0.0,6.262096774193548,0.0,0.0,101.0,380.9772458428684,764.334921718873,0.07400585363923344,100.0,1.0,5.9848683117312405
40,2030,7,12,5.096996787781837E17,41.745431255694996,0.00897325048085301,1.0,46.03490723492141,1.0,462.8111305862482,237.76310483870967,655.0431502015826,0.0,0.0,5.952620967741935,0.0,0.0,101.0,405.21291079385344,767.0984019370853,0.07434077632679359,100.0,1.0,6.225535344852778
41,2030,7,12,6.307363977605812E18,41.13860592981736,0.0018709863387933801,0.0,40.46518571957833,0.0,461.9143701705392,238.58467741935485,528.6323506283196,0.0,0.0,6.116935483870968,0.0,0.0,101.0,421.6507638783079,776.7757587643613,0.07529118830572211,100.0,1.0,6.135038914446697
42,2030,7,12,8.834479670273441E18,41.51145053103612,0.0022466826441795316,0.0,44.70785907008397,0.0,439.42502669815667,237.9445564516129,640.9775605582115,0.0,0.0,5.988911290322581,0.0,0.0,101.0,451.7320728594948,791.8773011965333,0.07098214636329311,100.0,1.0,6.1906415797733025
44,2030,7,12,3.1730362057635645E18,40.41712290851897,0.002125355395749171,1.0,36.60025241463639,2.0,490.60747381550124,238.28225806451613,446.40694868257475,0.0,0.0,6.056451612903226,0.0,0.0,101.0,410.9928741676118,772.003038014995,0.08139561588704224,100.0,1.0,6.027443474306378
45,2030,7,12,3.0688222562761073E18,41.36093773788794,0.0014265899015664574,0.0,46.958584800236984,0.0,493.5132362796968,237.8891129032258,694.9022570128536,0.0,0.0,5.977822580645161,0.0,0.0,101.0,443.6537557417795,784.0071873568072,0.08000933806768441,100.0,1.0,6.168195465661847
46,2030,7,12,4.898224502314156E18,40.7081970432853,0.0017478088197999666,1.0,40.14463472343901,2.0,462.9763437770734,238.54939516129033,523.0494213180795,0.0,0.0,6.109879032258065,0.0,0.0,101.0,397.13073615516265,778.8329494613282,0.07626217403230068,100.0,1.0,6.070851633222269
55,2030,7,13,2.797545246119503E18,41.17520739313821,0.002623757450541813,1.0,38.94653128131955,1.0,444.0600988101449,239.94354838709677,497.6942930121621,0.0,0.10685483870967742,6.088709677419355,0.0,0.0,101.0,428.81079036747826,779.1639751229035,0.07231663419189094,89.31451612903226,1.0,6.1404973250253745
57,2030,7,13,4.974214387304059E17,41.745996030787985,0.0027109518069042275,1.0,46.27309387523386,1.0,494.944587753687,239.96875,679.547441451497,0.0,0.01310483870967742,6.09375,0.0,0.0,101.0,423.14379099971507,788.1112964792452,0.07950125801381631,98.68951612903226,1.0,6.2256195702924835
48,2030,7,13,5.859174576972996E18,41.669956177742016,0.005075367919034513,0.0,40.94506482389282,0.0,466.6564061134629,241.3548387096774,541.0900894823817,0.0,0.0,6.370967741935484,0.0,0.0,101.0,461.158900652879,779.5420695923715,0.07509420728888744,100.0,1.0,6.21427967563777
50,2030,7,13,2.9539370702862316E18,42.257748671141606,0.0026785822330904576,0.0,36.7323191858093,0.0,441.8372097962866,239.38407258064515,461.70077437440887,0.0,0.10685483870967742,5.976814516129032,0.0,0.0,101.0,461.9886324051225,794.099359997041,0.0701113259597568,89.31451612903226,1.0,6.30193772187245
51,2030,7,13,6.492828447697523E18,40.61998368511418,0.0024304578767207524,0.0,39.14971365035772,0.0,494.6083793824981,241.31451612903226,517.9567799921341,0.0,0.09879032258064516,6.362903225806452,0.0,0.0,101.0,496.39397514144366,803.7714953569863,0.0816495835239173,90.12096774193549,1.0,6.057696292322353
52,2030,7,13,1.0005304447219302E18,42.069101869038356,0.0015676538226507722,0.0,43.57792048744405,0.0,444.8427286615448,239.35887096774192,627.0052010783547,0.0,0.10685483870967742,5.971774193548387,0.0,0.0,101.0,506.6099456294316,810.8695840630952,0.0709047784678987,89.31451612903226,1.0,6.273804647213476
53,2030,7,13,2.861374886328272E18,41.420113235263656,0.0014216176300464272,0.0,49.82265810050514,0.0,465.3939065422979,240.7953629032258,783.6697413770332,0.0,0.0,6.259072580645161,0.0,0.0,101.0,430.0692580283948,788.4155597168517,0.07534278328114746,100.0,1.0,6.1770203631268075
58,2030,7,14,7.278710821350941E18,42.72843830660531,0.0022579895523032294,1.0,46.63074400930669,1.0,492.61974767050043,249.16229838709677,704.3416689783476,0.0,0.014112903225806451,6.432459677419355,0.0,0.0,143.0,344.37180188471064,805.3582597562797,0.07730846430119387,98.58870967741935,1.0,6.372132108992015
43,2030,7,14,6.605295447056412E18,42.126654466994275,0.0010903099004681688,0.0,40.87685628854092,0.0,444.5712282507626,247.55947580645162,588.5987419854108,0.0,0.0,6.111895161290323,0.0,0.0,143.0,473.4950313253634,850.3419476976819,0.07076469364931907,100.0,1.0,6.282387520164731
57,2030,11,15,4.974214387304059E17,41.751340193760825,6.324230974616409E-4,1.0,38.586728938461924,1.0,870.2274140161726,363.70362903225805,565.3806913955943,0.0,0.0,5.340725806451613,0.0,0.0,88.0,17.655386319334323,898.7776884234037,0.14011583163405888,100.0,1.0,6.210771501459944
58,2030,11,15,7.278710821350941E18,42.5768977149287,0.004023678979131733,0.0,39.91822618050333,0.0,957.5808606062412,370.2530241935484,599.4068252695317,0.0,0.0,5.450604838709677,0.0,0.0,88.0,37.06513014543128,901.1588519567745,0.15119112967570844,100.0,1.0,6.3335783167978645
48,2030,11,15,5.859174576972996E18,42.573037613207724,0.009348928886086584,0.0,34.57107739658251,0.0,869.1576708548797,370.29334677419354,465.5979304901187,0.0,0.0,5.45866935483871,0.0,0.0,88.0,11.938381958245362,880.2650364302533,0.13724255610218883,100.0,1.0,6.333004102661258
52,2030,11,15,1.0005304447219302E18,42.11181334306449,0.01882622064223704,0.0,36.4107439790984,0.0,874.6635876837531,371.14516129032256,523.1502309986473,0.0,0.0,5.629032258064516,0.0,0.0,88.0,31.464696077081364,912.5677841182329,0.13962461019325106,100.0,1.0,6.26439412416731
46,2030,11,15,4.898224502314156E18,42.013626447413166,0.0030192632842708667,1.0,32.760909299614994,2.0,793.5026304501209,367.82862903225805,439.39720210675665,0.0,0.0,4.965725806451613,0.0,0.0,88.0,0.0,900.8577714877914,0.12696472319204433,100.0,1.0,6.249788212824161
59,2030,11,16,8.617806463867117E18,42.629133218213475,0.006333936432347972,0.0,41.70597303034548,0.0,734.2473633124206,370.5534274193548,644.7484498588793,0.0,0.0,5.210685483870968,0.0,0.0,88.0,68.94259329121834,900.4629784175319,0.11578725618204347,100.0,1.0,6.341348672759112
47,2030,11,16,8.507560024639921E18,42.92287928650496,0.0036926956711329333,0.0,34.09545458580508,0.0,793.3017107353251,367.59979838709677,453.7986504277743,0.0,0.0,4.619959677419355,0.0,0.0,88.0,32.10424698597472,876.2518541940021,0.12424371049970478,100.0,1.0,6.38504522719651
49,2030,11,16,1.481964993321812E18,42.644691112116625,0.0037702733112827793,1.0,31.704055881291048,1.0,739.5838453470536,366.81854838709677,407.975520353262,0.0,0.0,4.463709677419355,0.0,0.0,88.0,0.0,877.8412725828392,0.11658624435451397,100.0,1.0,6.343663006230277
53,2030,11,16,2.861374886328272E18,42.59208026441394,0.0036066119296033145,1.0,44.39862424684677,1.0,868.6160000768233,367.8971774193548,716.2949788680268,0.0,0.0,4.679435483870968,0.0,0.0,88.0,20.16040685743577,896.2099737076131,0.13709570264788598,100.0,1.0,6.335836815452634
41,2030,11,16,6.307363977605812E18,42.38874083274978,0.00897325048085301,1.0,31.703577098992326,2.0,801.6261353325577,374.39112903225805,425.6561071079628,0.0,0.0,4.778225806451613,0.0,0.0,88.0,56.09306390309953,916.0414570698588,0.12712946553140828,100.0,1.0,6.305588810443871
45,2030,11,16,3.0688222562761073E18,41.19915987778041,0.00897325048085301,1.0,38.430715926270906,2.0,804.334081651962,370.58870967741933,565.1722414345244,0.0,0.0,5.217741935483871,0.0,0.0,88.0,9.633181688419464,904.2511386264924,0.13124204237976667,100.0,1.0,6.128631245500677
55,2030,11,17,2.797545246119503E18,43.96034384922463,0.00897325048085301,0.0,34.14708307379914,0.0,868.1788779376918,373.27520161290323,464.6386033558058,0.0,0.0,4.255040322580645,0.0,0.0,88.0,41.23982388411309,895.1624027617058,0.13276176086623487,100.0,1.0,6.539374532795118
56,2030,11,17,4.898742477016446E18,42.9003939234111,0.0049195452197659155,1.0,37.752840354162764,1.0,800.1644150601668,372.5897177419355,536.3782184908445,0.0,0.0,4.117943548387097,0.0,0.0,88.0,0.0,883.3551761742752,0.12538420267487313,100.0,1.0,6.381700389601942
50,2030,11,17,2.9539370702862316E18,43.735218960295306,0.003928743643105536,0.0,30.352260120542557,0.0,883.087034624121,371.0806451612903,393.79815617371537,0.0,0.0,5.016129032258065,0.0,0.0,88.0,0.0,902.6431336920659,0.1357366331073041,100.0,1.0,6.505885805536467
51,2030,11,17,6.492828447697523E18,43.200889803976736,0.00352722110096424,1.0,36.42830036340978,1.0,860.5772662018886,373.164314516129,511.38790585159893,0.0,0.0,4.232862903225806,0.0,0.0,88.0,32.52524751066431,890.7880250239466,0.13391278624605193,100.0,1.0,6.426401020591567
54,2030,11,17,4.281117921937587E18,42.80146626024148,0.0048701752230597885,1.0,35.35610212662785,1.0,792.2651191496565,374.32358870967744,493.1332664224326,0.0,0.0,4.464717741935484,0.0,0.0,88.0,21.497845472037785,900.166491945208,0.12443333982783705,100.0,1.0,6.366984284483687
40,2030,11,17,5.096996787781837E17,43.43053395406145,0.009803629922550629,1.0,38.779093056956114,1.0,811.9045344073639,375.6391129032258,572.5849011944416,0.0,0.0,4.727822580645161,0.0,0.0,88.0,24.721479231633573,903.2453984106606,0.1256708831816959,100.0,1.0,6.460562016051932
42,2030,11,17,8.834479670273441E18,43.54444426185804,0.016225985707428066,1.0,38.662957290363714,1.0,809.049398719367,374.4445564516129,580.0349052264294,0.0,0.0,4.488911290322581,0.0,0.0,88.0,37.13936499082776,919.2163612821067,0.12490135685936546,100.0,1.0,6.477506882734095
43,2030,11,17,6.605295447056412E18,43.813980458282806,0.0022659723436497517,1.0,39.61796998176769,1.0,953.902353560867,376.1784274193548,591.6767250292206,0.0,0.0,4.835685483870968,0.0,0.0,88.0,0.0,901.1383528298975,0.14635786959426134,100.0,1.0,6.517602068172419
44,2030,11,18,3.1730362057635645E18,43.882424100723654,0.026607051609802406,1.0,31.34416712399622,1.0,798.6483505037003,373.09173387096774,413.99382023971674,0.0,0.0,3.9183467741935485,0.0,0.0,88.0,54.32502665980248,905.5567692922,0.1223460233112521,100.0,1.0,6.527783485630047
59,2031,3,2,8.617806463867117E18,48.90574249014678,0.10198235564896817,0.0,46.07645134615628,0.0,307.39999999999975,259.64415322580646,815.2020687237965,0.0,0.0,6.72883064516129,0.0,0.0,143.0,802.8309776800091,953.3926202152427,0.04236048825772002,100.0,1.0,7.25676243696217
47,2031,3,3,8.507560024639921E18,50.080081849463525,0.11992885661067385,0.0,44.39685787908977,0.0,310.2999999999942,257.80745967741933,744.577314664325,0.0,0.0,6.061491935483871,0.0,0.0,143.0,804.9044361468709,931.685050114763,0.04175742372074557,100.0,1.0,7.431013993467073
48,2031,3,3,5.859174576972996E18,49.90887974415894,0.0752653063838594,0.0,38.871243132926686,0.0,310.2999999999942,260.9022177419355,610.4709767476091,0.0,0.0,6.680443548387097,0.0,0.0,143.0,858.3099807200147,959.2423200315707,0.041900663939515,100.0,1.0,7.405610575715998
53,2031,3,3,2.861374886328272E18,49.85148054808864,0.0774734215831226,0.0,50.351530071437104,0.0,310.2999999999942,257.7116935483871,975.9405191680793,0.0,0.0,6.042338709677419,0.0,0.0,143.0,759.5491404704898,961.5998754265847,0.04194890853322609,100.0,1.0,7.3970935323434635
45,2031,3,3,3.0688222562761073E18,49.814163890775106,0.11992885661067385,0.0,48.13963129476649,0.0,310.2999999999942,261.164314516129,904.6299943181657,0.0,0.0,6.732862903225806,0.0,0.0,143.0,812.9609249285345,973.9771264799846,0.04198033319083651,100.0,1.0,7.391556388783658
57,2031,3,4,4.974214387304059E17,51.21538322363977,0.1387726826204651,0.0,45.3556117945998,0.0,313.20000000000584,258.5967741935484,816.8369835068373,0.0,0.0,5.919354838709677,0.0,0.0,143.0,812.8619781203745,983.4234002119534,0.041213384185949775,100.0,1.0,7.599472991271125
58,2031,3,4,7.278710821350941E18,51.19261429939498,0.1387726826204651,0.0,47.04924064027604,0.0,313.20000000000584,256.5756048387097,851.1496134216272,0.0,0.0,5.515120967741935,0.0,0.0,143.0,789.987699997609,957.1962115251079,0.041231714650905395,100.0,1.0,7.596094478528517
52,2031,3,4,1.0005304447219302E18,49.79945684676328,0.04024729774375458,0.0,42.98827901293647,0.0,313.20000000000584,264.0806451612903,751.7835936849139,0.0,0.0,7.016129032258065,0.0,0.0,143.0,760.8942606746294,996.3613756380183,0.042385186479472606,100.0,1.0,7.389374118990615
40,2031,3,4,5.096996787781837E17,50.05426532977037,0.1387726826204651,1.0,41.71282280701612,1.0,310.2999999999942,258.4274193548387,672.4567782087513,0.0,0.0,6.185483870967742,0.0,0.0,143.0,705.846545510692,938.9202343923229,0.04177896097325985,100.0,1.0,7.427183270512597
41,2031,3,4,6.307363977605812E18,49.237539287385594,0.1387726826204651,0.0,40.75716761073695,0.0,313.20000000000584,262.2358870967742,676.6545325655048,0.0,0.0,6.647177419354839,0.0,0.0,143.0,771.1484733064824,982.7154292471207,0.04286890237764738,100.0,1.0,7.305995316626394
44,2031,3,4,3.1730362057635645E18,49.65065762931776,0.1387726826204651,0.0,38.77848690388192,0.0,307.39999999999975,257.1038306451613,601.2135300897498,0.0,0.0,6.220766129032258,0.0,0.0,143.0,801.9738337099864,948.2833424371088,0.04172494845799703,100.0,1.0,7.367294900542491
46,2031,3,4,4.898224502314156E18,50.754735138014205,0.1387726826204651,0.0,39.538000811246626,0.0,313.20000000000584,259.8366935483871,629.0577455299297,0.0,0.0,6.167338709677419,0.0,0.0,143.0,711.3586460883149,961.1853530338589,0.04158743532572581,100.0,1.0,7.531120819231227
55,2031,3,5,2.797545246119503E18,51.15249406499499,0.15671918358217157,0.0,41.667837621048065,0.0,313.20000000000584,255.39616935483872,676.0891960570463,0.0,0.0,5.279233870967742,0.0,0.0,143.0,834.5889481200069,945.747144101412,0.0412640537594228,100.0,1.0,7.590141332841916
56,2031,3,5,4.898742477016446E18,51.14788258523518,0.15671918358217157,0.0,47.325329334469544,0.0,313.20000000000584,255.7641129032258,821.786583251452,0.0,0.0,5.352822580645161,0.0,0.0,143.0,727.9392443139885,913.9571986564007,0.04126777411575243,100.0,1.0,7.589457069371073
49,2031,3,5,1.481964993321812E18,51.91948062189388,0.13908538245322213,0.0,42.66886128887406,0.0,316.0999999999996,256.2913306451613,671.329984618175,0.0,0.0,5.158266129032258,0.0,0.0,143.0,630.9246536570128,901.1814532079557,0.041030906064127785,100.0,1.0,7.703948811317069
50,2031,3,5,2.9539370702862316E18,51.441346442803024,0.09305219305178468,0.0,35.813048234849624,0.0,313.20000000000584,260.59274193548384,534.4468996587509,0.0,0.0,6.318548387096774,0.0,0.0,143.0,717.6059834019551,956.6856757850803,0.04103234870365295,100.0,1.0,7.633002006831815
51,2031,3,5,6.492828447697523E18,50.64942343247437,0.033761133903957505,0.0,40.73497092678543,0.0,313.20000000000584,260.6532258064516,665.8150567668038,0.0,0.0,6.330645161290323,0.0,0.0,143.0,770.3209194490133,967.7888904680741,0.041673905090757205,100.0,1.0,7.5154943919443244
42,2031,3,5,8.834479670273441E18,50.45770055972237,0.14600324458617203,0.0,41.734316812924405,0.0,313.20000000000584,260.0836693548387,698.015797745819,0.0,0.0,6.216733870967742,0.0,0.0,143.0,798.0697062163073,973.8376758384444,0.04183225239382817,100.0,1.0,7.487046048857139
54,2031,3,6,4.281117921937587E18,51.586036801432506,0.1647796606669115,0.0,40.90291393087346,0.0,316.0999999999996,261.37701612903226,672.3199916274393,0.0,0.0,6.175403225806452,0.0,0.0,143.0,788.0619311329523,970.5488936662126,0.0412961232221677,100.0,1.0,7.6544715420240115
43,2031,3,6,6.605295447056412E18,51.17551331833465,0.17376835949579164,0.0,45.36438187871646,0.0,316.0999999999996,263.0100806451613,792.8898428422519,0.0,0.0,6.502016129032258,0.0,0.0,143.0,731.6030760635615,954.1848417582725,0.04162739548978808,100.0,1.0,7.593556990072664
57,2031,7,11,4.974214387304059E17,40.52168266229232,0.0018320233729793812,0.0,44.47782918568912,0.0,440.8230822733353,237.05947580645162,632.4310846065442,0.0,0.10685483870967742,6.111895161290323,0.0,0.0,101.3000000000018,441.209455574048,788.3619583674332,0.07349966399494448,89.31451612903226,1.0,5.997620374205471
49,2031,7,11,1.481964993321812E18,40.20726211697873,0.0012366662735464461,1.0,38.264959100313064,1.0,465.1143141571948,237.83568548387098,465.24624789261435,0.0,0.0,6.267137096774194,0.0,0.0,101.3000000000018,338.3544115814329,749.4744391990137,0.07815624798165492,100.0,1.0,5.951082941780521
51,2031,7,11,6.492828447697523E18,41.41343286076897,0.002072344221906011,0.0,41.10521535481458,0.0,460.51963377060713,236.2328629032258,548.0394893842922,0.0,0.10685483870967742,5.946572580645161,0.0,0.0,101.3000000000018,475.43455585971344,784.3216363445895,0.07513035083538765,89.31451612903226,1.0,6.129608455837195
52,2031,7,11,1.0005304447219302E18,41.61918421648392,0.0020137456195810214,0.0,44.05791468550096,0.0,436.1504226892611,235.80947580645162,642.4158222155447,0.0,0.10685483870967742,5.861895161290323,0.0,0.0,101.3000000000018,532.3843292783278,814.9039422174833,0.07080293035001207,89.31451612903226,1.0,6.1600617450883055
44,2031,7,11,3.1730362057635645E18,41.120472499726716,0.00897325048085301,0.0,37.39976373872417,0.0,435.58772500902774,236.80241935483872,474.3797604248218,0.0,0.0846774193548387,6.060483870967742,0.0,0.0,101.3000000000018,485.83387048081175,792.885246024666,0.07156917884947514,91.53225806451613,1.0,6.086247348529167
58,2031,7,12,7.278710821350941E18,41.90020430690059,0.0023490184504850868,0.0,46.83808151261185,0.0,443.65569016916197,237.8790322580645,691.8734042396098,0.0,0.10685483870967742,5.975806451612903,0.0,0.0,101.3000000000018,455.8231848816538,784.5087012650906,0.07153826669026767,89.31451612903226,1.0,6.201655571136707
48,2031,7,12,5.859174576972996E18,42.28363845222285,0.004285219904896377,0.0,42.42546950777207,0.0,420.5645001624157,238.8014112903226,557.5915193416696,0.0,0.01310483870967742,6.160282258064516,0.0,0.0,101.3000000000018,404.276217050424,755.6920583446166,0.06719992036071232,98.68951612903226,1.0,6.258407716927802
50,2031,7,12,2.9539370702862316E18,41.24168493578397,0.0021853995325993836,0.0,35.15644087679611,0.0,466.2852458189629,237.90927419354838,419.66020873469927,0.0,0.0030241935483870967,5.981854838709677,0.0,0.0,101.3000000000018,398.9413051544834,772.8134201695901,0.07638775940860312,99.69758064516128,1.0,6.104188019506799
53,2031,7,12,2.861374886328272E18,41.425581363567005,0.0017309510958435632,0.0,50.739111764881095,0.0,420.4059515135175,237.92439516129033,815.2946227299965,0.0,0.0,5.984879032258065,0.0,0.0,101.3000000000018,452.96071956808663,790.7210142272174,0.06856598849970674,100.0,1.0,6.1314065575721335
41,2031,7,12,6.307363977605812E18,40.27687388164372,0.0016320935760009171,1.0,43.71268769070556,1.0,436.938814769133,239.78931451612902,592.3430984921097,0.0,0.0846774193548387,6.357862903225806,0.0,0.0,101.3000000000018,337.32626010972194,761.6332928224168,0.073294834602779,91.53225806451613,1.0,5.961386189587858
42,2031,7,12,8.834479670273441E18,41.42410346576663,0.0025434383449129887,0.0,42.10330808881467,0.0,462.7206039432184,239.1391129032258,576.8185618341789,0.0,0.0,6.227822580645161,0.0,0.0,101.3000000000018,457.6599416766682,792.2724757571763,0.07546997710780094,100.0,1.0,6.13118781369538
43,2031,7,12,6.605295447056412E18,41.38692026053875,0.0021993260982482946,1.0,44.975357269921226,1.0,489.74807949858433,237.7429435483871,627.886727310909,0.0,0.0,5.948588709677419,0.0,0.0,101.3000000000018,378.19687797980606,767.3760906807158,0.07994993763390996,100.0,1.0,6.1256843218707235
56,2031,7,13,4.898742477016446E18,41.076767664603196,0.0015742544703250957,1.0,44.06175311240017,1.0,468.12826745848804,241.12802419354838,606.9898339930302,0.0,0.10685483870967742,6.325604838709677,0.0,0.0,101.3000000000018,382.6361596549786,769.5787936972947,0.07699758479429544,89.31451612903226,1.0,6.079778589278173
59,2031,7,13,8.617806463867117E18,41.75765535163163,0.001405584348504543,0.0,48.9765034820694,0.0,403.6028663654713,239.46975806451613,730.8100422887512,0.0,0.10685483870967742,5.993951612903226,0.0,0.0,101.3000000000018,388.74184092041094,760.4322525640384,0.06530202282494733,89.31451612903226,1.0,6.1805568787263185
47,2031,7,13,8.507560024639921E18,42.654672459187765,0.004798529668905341,0.0,44.718496114827836,0.0,423.98949517413774,239.5201612903226,630.8257350975966,0.0,0.0,6.004032258064516,0.0,0.0,101.3000000000018,477.7211919233668,779.0707352629,0.06715788077659839,100.0,1.0,6.313324516366808
54,2031,7,13,4.281117921937587E18,41.721045394101345,0.0013195956589489796,0.0,42.6819987397594,0.0,494.3315272485102,240.08467741935485,566.1007872412215,0.0,0.0,6.116935483870968,0.0,0.0,101.3000000000018,354.5958258182682,759.2607887095352,0.08005189658368711,100.0,1.0,6.175138233380027
55,2031,7,14,2.797545246119503E18,42.01876371555968,0.00897325048085301,0.0,39.77453523366888,0.0,471.0464466288088,244.0040322580645,523.6407283231031,0.0,0.0,6.600806451612903,0.0,0.0,101.3000000000018,426.0317249856341,791.9691675406727,0.07574063809690013,100.0,1.0,6.219203567128219
40,2031,7,14,5.096996787781837E17,42.010497400580185,0.0016162194670124325,0.0,44.7460486182029,0.0,445.76547336572526,240.72782258064515,604.1007285320455,0.0,0.0,5.945564516129032,0.0,0.0,101.3000000000018,323.2752127928486,744.9315738121536,0.0716897559091348,100.0,1.0,6.217980068598966
45,2031,7,14,3.0688222562761073E18,42.09066972378092,0.001681013578278955,0.0,49.12434697802975,0.0,426.09048493767745,242.06350806451613,770.5495404042573,0.0,0.10685483870967742,6.212701612903226,0.0,0.0,101.3000000000018,437.1622988354054,796.9686973625344,0.06839502268894972,89.31451612903226,1.0,6.2298463862710145
46,2031,7,14,4.898224502314156E18,42.33401319496754,0.0019422620088426468,1.0,39.9083316828231,1.0,448.0557954127329,243.2328629032258,528.3780632234152,0.0,0.0,6.446572580645161,0.0,0.0,101.3000000000018,388.81669280637385,794.6981068546733,0.07150742779682942,100.0,1.0,6.265863690213723
50,2031,11,14,2.9539370702862316E18,42.42495580573218,0.002150827056772055,0.0,26.61599280656579,0.0,794.8313815341794,361.5282258064516,325.97478956392246,0.0,0.0,5.205645161290323,0.0,0.0,88.0,27.13518277293021,897.6345007308176,0.1268975160979004,100.0,1.0,6.263569264200361
44,2031,11,14,3.1730362057635645E18,40.28497656628997,0.00897325048085301,1.0,27.762467666869576,4.0,737.4392593827893,364.4868951612903,344.21251777052544,0.0,0.0,5.797379032258065,0.0,0.0,88.0,0.04860549838351602,894.1889139030551,0.12398885616405939,100.0,1.0,5.94762531244764
55,2031,11,15,2.797545246119503E18,42.489424746055164,0.0037576425799217103,0.0,33.83513707725077,0.0,943.4958671411321,364.7217741935484,449.3475814379374,0.0,0.0,5.544354838709677,0.0,0.0,88.0,0.0,877.6608926578558,0.1504037501596881,100.0,1.0,6.2730873807295
57,2031,11,15,4.974214387304059E17,42.8420049189656,0.026607051609802406,0.0,39.86996699748023,0.0,733.8706091639632,366.73487903225805,597.7900650616402,0.0,0.0,4.746975806451613,0.0,0.0,88.0,24.36433780298861,900.5904650613456,0.11602437094863904,100.0,1.0,6.3251418918601905
59,2031,11,15,8.617806463867117E18,43.00506434305036,0.00897325048085301,0.0,41.22600006080095,0.0,867.8001186791249,368.3528225806452,631.8297245198756,0.0,0.0,5.070564516129032,0.0,0.0,88.0,65.76034160756387,900.1065246884823,0.13667831549591847,100.0,1.0,6.349215788403827
47,2031,11,15,8.507560024639921E18,42.44323475458578,0.0037826827476596125,0.0,37.06854312876238,0.0,880.145636575564,367.86895161290323,519.1182239879557,0.0,0.0,4.973790322580645,0.0,0.0,88.0,26.781374601749334,880.2695370401485,0.1404577085020875,100.0,1.0,6.266267946144681
48,2031,11,15,5.859174576972996E18,42.85102830634893,0.002667434744605537,0.0,34.047650602070775,0.0,810.384694660453,363.0282258064516,452.2904201730067,0.0,0.0,5.205645161290323,0.0,0.0,88.0,51.41431905521309,875.2764159855345,0.1280942089756147,100.0,1.0,6.326474093881371
52,2031,11,15,1.0005304447219302E18,42.45439142317308,0.0023126934229002593,1.0,38.58087643080508,1.0,745.6813911172429,369.3155241935484,572.4797475213026,0.0,0.0,5.263104838709677,0.0,0.0,88.0,34.23587022115658,910.3554803894045,0.11896801070793787,100.0,1.0,6.267915103227737
54,2031,11,15,4.281117921937587E18,42.64888883999149,0.0041351384704391885,1.0,33.51327040874623,1.0,867.2809350284814,367.58165322580646,453.2780366039187,0.0,0.0,4.91633064516129,0.0,0.0,88.0,25.80777729664987,898.1592533184827,0.13773730879780582,100.0,1.0,6.2966304670699165
41,2031,11,15,6.307363977605812E18,41.785223939499986,0.0026009421683632,1.0,35.588148167763705,2.0,786.0180234895423,369.93548387096774,498.9409491733996,0.0,0.0,5.387096774193548,0.0,0.0,88.0,0.0,902.2168690949612,0.12741169250582457,100.0,1.0,6.169120023687071
42,2031,11,15,8.834479670273441E18,42.491895856036216,0.004014374363110451,1.0,34.72322059475866,1.0,799.9387286778739,368.64516129032256,486.72162085302136,0.0,0.0,5.129032258064516,0.0,0.0,88.0,58.2991940543287,914.1369826955985,0.12751172744946365,100.0,1.0,6.273452212424236
45,2031,11,15,3.0688222562761073E18,42.96479109720686,0.00897325048085301,0.0,43.13022750065231,0.0,944.6399064801528,368.1209677419355,688.758531700418,0.0,0.0,5.024193548387097,0.0,0.0,88.0,33.67213775076381,907.2986791809882,0.14892002423302006,100.0,1.0,6.343269895001117
46,2031,11,15,4.898224502314156E18,41.88234538995096,0.006116968611487303,1.0,29.39063566687127,1.0,948.3584767181762,364.8528225806452,384.11954457624665,0.0,0.0,5.570564516129032,0.0,0.0,88.0,55.038180368442596,921.5563441352036,0.1533702235895873,100.0,1.0,6.183458917396811
56,2031,11,16,4.898742477016446E18,43.14927965549438,0.008456675790720437,0.0,37.12600531276013,0.0,861.4069866383417,368.5977822580645,535.735185830707,0.0,0.0,4.819556451612903,0.0,0.0,88.0,72.34863433349656,906.6595864436828,0.1352179521196157,100.0,1.0,6.370507563051457
49,2031,11,16,1.481964993321812E18,43.4257384178289,0.0020838946773927163,0.0,31.511306070144954,0.0,733.3856226158682,370.0040322580645,412.7150705366547,0.0,0.0,5.100806451612903,0.0,0.0,88.0,17.327970754771936,895.9488291226158,0.11438911342741755,100.0,1.0,6.411323601010491
51,2031,11,16,6.492828447697523E18,43.34613820351781,0.005273879095738381,0.0,35.66003730494319,0.0,746.387656432191,368.4818548387097,496.29396677248735,0.0,0.0,4.796370967741935,0.0,0.0,88.0,55.224457141433824,894.7476271466164,0.11663087972841883,100.0,1.0,6.399571521454645
40,2031,11,16,5.096996787781837E17,42.48434341695346,0.002950410399516486,1.0,33.565248704878364,2.0,946.2974236604956,374.7943548387097,457.04166992682786,0.0,0.0,4.858870967741935,0.0,0.0,88.0,30.078006323093206,903.7837706343298,0.1508683918911705,100.0,1.0,6.272337179434582
43,2031,11,16,6.605295447056412E18,43.09190807643626,0.02434771395932352,1.0,36.852439495423724,1.0,802.3848660243044,369.8578629032258,534.5022881715093,0.0,0.0,5.071572580645161,0.0,0.0,88.0,54.520411800047434,914.5952516789146,0.12612074232672596,100.0,1.0,6.36203729237227
58,2031,11,17,7.278710821350941E18,43.609933525881225,0.003846428463854038,1.0,39.8263089937095,1.0,811.487256520721,379.6028225806452,610.7309847764876,0.0,0.0,4.320564516129032,0.0,0.0,88.0,53.406830328145034,922.0391876524379,0.12603634307235423,100.0,1.0,6.4385179444223235
53,2031,11,17,2.861374886328272E18,43.227934963308044,0.0039425529353484205,1.0,45.16962701386452,2.0,805.7549460787089,379.491935483871,755.4486915659932,0.0,0.0,4.298387096774194,0.0,0.0,88.0,0.7209049136875945,916.2370206645714,0.12625192391982218,100.0,1.0,6.38212013775262
59,2032,2,28,8.617806463867117E18,47.28473837621525,0.07056617073092987,0.0,41.55069684982106,0.0,301.6000000000007,256.69959677419354,701.6836935224476,0.0,0.0,6.73991935483871,0.0,0.0,143.0,847.0281322899974,986.2920274913606,0.04331121332571642,100.0,1.0,6.963554628032621
48,2032,2,29,5.859174576972996E18,48.02517579323801,0.09658759151683688,0.0,33.057707342686804,0.0,304.49999999999994,258.7086693548387,476.4165393859039,0.0,0.0,6.841733870967742,0.0,0.0,143.0,799.4199965617532,963.6267700664605,0.04305348754962615,100.0,1.0,7.072597769205435
56,2032,3,1,4.898742477016446E18,49.22130246150186,0.121723506706844,0.0,42.78727661320785,0.0,307.39999999999975,259.77016129032256,705.2487531462634,0.0,0.0,6.754032258064516,0.0,0.0,143.0,765.6411016369615,942.3406950507612,0.042407313925413026,100.0,1.0,7.248749603444869
50,2032,3,1,2.9539370702862316E18,48.626027762836955,0.11363367776085148,0.0,28.916271540426223,0.0,307.39999999999975,259.6290322580645,388.4461320264796,0.0,0.0,6.725806451612903,0.0,0.0,143.0,686.1314496943984,953.8954072056096,0.042926459785758854,100.0,1.0,7.161084364613311
51,2032,3,1,6.492828447697523E18,49.62454819573178,0.121723506706844,0.0,39.358799753024925,0.0,307.39999999999975,258.03629032258067,628.5941499389264,0.0,0.0,6.407258064516129,0.0,0.0,143.0,757.4593870700025,967.6245274608103,0.042062714950463764,100.0,1.0,7.30813501605917
52,2032,3,1,1.0005304447219302E18,49.752035217502254,0.07945398610107349,0.0,47.74628704568778,0.0,307.39999999999975,257.66834677419354,851.6667213271626,0.0,0.0,6.33366935483871,0.0,0.0,143.0,700.2793082756715,931.4572795309788,0.041954931414912425,100.0,1.0,7.326909844279659
54,2032,3,1,4.281117921937587E18,49.457521727345416,0.121723506706844,0.0,37.62276602548885,0.0,307.39999999999975,259.679435483871,585.8657385686435,0.0,0.0,6.735887096774194,0.0,0.0,143.0,765.707529500008,970.4549660064739,0.0422047678977919,100.0,1.0,7.283537271059902
43,2032,3,1,6.605295447056412E18,49.29320920329721,0.11224131068735836,0.0,43.148825667474505,0.0,307.39999999999975,257.9758064516129,748.2205944510748,0.0,0.0,6.395161290322581,0.0,0.0,143.0,769.5786690414326,985.060845392235,0.04234545202147214,100.0,1.0,7.259339204694903
44,2032,3,1,3.1730362057635645E18,49.118911267829965,0.08082570166457151,0.0,37.46288074880983,0.0,307.39999999999975,259.75,577.8349958749086,0.0,0.0,6.75,0.0,0.0,143.0,815.4457792330857,963.725586019165,0.04249571440867231,100.0,1.0,7.233670601317557
57,2032,3,2,4.974214387304059E17,50.74504027229309,0.14056733271663577,0.0,46.96499696580124,0.0,310.2999999999942,256.72379032258067,851.1019283072225,0.0,0.0,5.844758064516129,0.0,0.0,143.0,807.7151080400129,960.4593713443631,0.04152199172995544,100.0,1.0,7.473148254016263
47,2032,3,2,8.507560024639921E18,49.89444132768768,0.08747979255788038,0.0,41.4717083681272,0.0,310.2999999999942,261.6834677419355,684.0056391610663,0.0,0.0,6.836693548387097,0.0,0.0,143.0,794.4057048108637,964.5318251030334,0.04222985740403832,100.0,1.0,7.3478817849458595
49,2032,3,2,1.481964993321812E18,50.2280739496986,0.14056733271663577,0.0,38.80753420506097,0.0,310.2999999999942,260.33770161290323,589.8113563231201,0.0,0.0,6.567540322580645,0.0,0.0,143.0,717.2313559315021,929.2436564826334,0.041949351763567996,100.0,1.0,7.397015375800927
40,2032,3,2,5.096996787781837E17,50.698316611384264,0.14056733271663577,0.0,41.786884686658624,0.0,310.2999999999942,259.55141129032256,680.7310324878583,0.0,0.0,6.410282258064516,0.0,0.0,143.0,780.7533243441819,947.7046627946069,0.04156025847314382,100.0,1.0,7.466267328450559
42,2032,3,2,8.834479670273441E18,50.154426525489356,0.14056733271663577,0.0,41.34163992290012,0.0,310.2999999999942,261.5272177419355,675.5627045588924,0.0,0.0,6.805443548387097,0.0,0.0,143.0,707.0246512055513,957.6752283319317,0.04201095074731995,100.0,1.0,7.386169426784267
45,2032,3,2,3.0688222562761073E18,50.07944782463725,0.14056733271663577,0.0,47.03169022717771,0.0,310.2999999999942,262.63104838709677,901.176107505312,0.0,0.0,7.026209677419355,0.0,0.0,143.0,819.0058694300152,1014.3189484727784,0.04207384933437359,100.0,1.0,7.375127422593221
46,2032,3,2,4.898224502314156E18,49.65517513257726,0.08397092754876684,0.0,37.291395338156704,0.0,310.2999999999942,261.1290322580645,592.3842759595319,0.0,0.0,6.725806451612903,0.0,0.0,143.0,831.6709850720064,995.2531528039582,0.042433344296877784,100.0,1.0,7.312645400490527
53,2032,3,3,2.861374886328272E18,50.6209349063998,0.15255661759175002,0.0,51.645226433941076,0.0,310.2999999999942,258.71975806451616,1016.4590685846301,0.0,0.0,6.243951612903226,0.0,0.0,143.0,755.3186558377936,951.1026421252093,0.04162378957280048,100.0,1.0,7.4548714373369585
41,2032,3,3,6.307363977605812E18,51.16319805084719,0.15851383367834188,0.0,46.78557971555126,0.0,313.20000000000584,261.99899193548384,857.6194915797685,0.0,0.0,6.599798387096774,0.0,0.0,143.0,822.7929889476213,974.8569890780723,0.041567516120253736,100.0,1.0,7.534729741703267
55,2032,3,4,2.797545246119503E18,51.667029378102875,0.17646033464004815,0.0,37.522055274298424,0.0,316.0999999999996,259.164314516129,585.5946292824054,0.0,0.0,5.732862903225806,0.0,0.0,143.0,808.4628347587916,974.2554435902781,0.041543301459320954,100.0,1.0,7.60892824826461
58,2032,3,4,7.278710821350941E18,50.82086165977695,0.08087091413384404,0.0,46.23741608228677,0.0,313.20000000000584,260.37600806451616,806.1237414533911,0.0,0.0,6.275201612903226,0.0,0.0,143.0,674.644648889037,936.6942763722933,0.041847520689039464,100.0,1.0,7.4843143594415595
53,2032,7,8,2.861374886328272E18,40.48022059064282,0.001838780836240376,0.0,48.111573954807035,0.0,432.3793451468387,232.5423387096774,747.9697106149964,0.0,0.014112903225806451,5.808467741935484,0.0,0.0,101.60000000000136,522.0957696988489,805.7987429989937,0.07271132162738944,98.58870967741935,1.0,5.946520231918971
59,2032,7,9,8.617806463867117E18,40.10253385946583,0.0019011123900112342,2.0,46.50174816054277,2.0,362.99730701545667,235.23185483870967,664.4523848179596,0.0,0.0,6.046370967741935,0.0,0.0,101.60000000000136,415.79103099999,763.543820239449,0.06161856195274258,100.0,1.0,5.891038276645467
52,2032,7,9,1.0005304447219302E18,40.42356656382517,0.0020191832765195793,1.0,46.22230365167674,2.0,396.89946748063807,232.48487903225808,661.6267439363058,0.0,0.10685483870967742,5.496975806451613,0.0,0.0,101.60000000000136,428.76373282988794,769.0797602484578,0.06683837109666324,89.31451612903226,1.0,5.9381977892105215
40,2032,7,9,5.096996787781837E17,40.69500189301124,0.002623757450541813,0.0,40.78735539582688,0.0,416.45450480347085,234.91431451612902,526.912786603501,0.0,0.0,5.982862903225806,0.0,0.0,101.60000000000136,418.4562211142083,763.9003477613736,0.06966368776404629,100.0,1.0,5.978071476979786
44,2032,7,9,3.1730362057635645E18,39.440777361690316,0.002017367464220554,1.0,36.738892150592896,1.0,394.92772751658396,235.45362903225808,449.56340390991346,0.0,0.0,6.090725806451613,0.0,0.0,101.60000000000136,425.0440825556116,772.8062490257576,0.06816353886632472,100.0,1.0,5.793826642291495
46,2032,7,9,4.898224502314156E18,40.04120678685282,0.006112568447447581,1.0,36.330694875334146,2.0,413.22829612600617,234.8639112903226,459.7444363749037,0.0,0.10685483870967742,5.972782258064516,0.0,0.0,101.60000000000136,466.23485617620577,804.523714602816,0.07025267478151472,89.31451612903226,1.0,5.882029366300189
56,2032,7,10,4.898742477016446E18,40.985091909910594,0.0013270113103893847,0.0,43.01930786024069,0.0,398.12790597050855,236.49495967741936,583.203037710849,0.0,0.09879032258064516,5.998991935483871,0.0,0.0,101.60000000000136,436.96746422116234,771.5715514764195,0.06612667347756078,90.12096774193549,1.0,6.020685527234454
49,2032,7,10,1.481964993321812E18,39.975143483026876,0.00897325048085301,1.0,36.57915919190418,2.0,417.94434572406504,236.41935483870967,437.1894654106552,0.0,0.0,5.983870967741935,0.0,0.0,101.60000000000136,385.5002640469035,756.6948231332407,0.07117187257497597,100.0,1.0,5.8723247064179995
51,2032,7,10,6.492828447697523E18,40.96776056810151,0.0034118823121114064,1.0,41.284046359829624,1.0,399.41264342315066,237.0695564516129,543.034558080059,0.0,0.10685483870967742,6.113911290322581,0.0,0.0,101.60000000000136,405.28090695572934,771.4275794287921,0.0663681257655498,89.31451612903226,1.0,6.01813956347215
42,2032,7,10,8.834479670273441E18,41.342789168685336,0.0014234217133332896,1.0,40.99520668373213,1.0,417.6916862013992,237.14012096774192,550.9163703575722,0.0,0.0,6.128024193548387,0.0,0.0,101.60000000000136,466.5478594044269,792.0031780782421,0.06877585973349437,100.0,1.0,6.073231040948807
43,2032,7,10,6.605295447056412E18,41.30624269937899,0.002850460762659798,0.0,45.23745054437966,0.0,398.3668129931613,237.9616935483871,655.7759112145653,0.0,0.09879032258064516,6.292338709677419,0.0,0.0,101.60000000000136,420.9055932644585,793.0216938240782,0.06565191951023122,90.12096774193549,1.0,6.067862386431515
45,2032,7,10,3.0688222562761073E18,40.39365733821981,0.003557989881385016,0.0,48.03550925872646,0.0,417.51824604044197,236.49495967741936,740.7424507850084,0.0,0.023185483870967742,5.998991935483871,0.0,0.0,101.60000000000136,467.2850583628589,800.4068535642302,0.07036266045540857,97.68145161290323,1.0,5.93380414182944
55,2032,7,11,2.797545246119503E18,41.354889866697526,0.0022786314070221045,0.0,39.12497490147537,0.0,466.2746351780029,238.3679435483871,487.64857729586043,0.0,0.0,6.073588709677419,0.0,0.0,101.60000000000136,361.6569054215784,757.7439851240067,0.07675291738062816,100.0,1.0,6.075008626260857
57,2032,7,11,4.974214387304059E17,41.9425387458374,0.00423140133743677,0.0,46.498283183387095,0.0,422.39242909028945,237.17842741935485,687.9476434319004,0.0,0.10685483870967742,5.835685483870968,0.0,0.0,101.60000000000136,451.0622698091159,790.6818877472343,0.06855535444779429,89.31451612903226,1.0,6.161333895690764
58,2032,7,11,7.278710821350941E18,41.26643273988061,0.006231423945036821,0.0,45.057272866925274,0.0,463.21326489869386,240.52520161290323,636.4931520771189,0.0,0.09879032258064516,6.505040322580645,0.0,0.0,101.60000000000136,391.49086362233965,775.1241700030585,0.0764124332111532,90.12096774193549,1.0,6.062014327153805
48,2032,7,11,5.859174576972996E18,41.11369432613286,0.0012641942069389989,1.0,38.0835199761884,2.0,383.0826396451262,238.7258064516129,468.67182375182364,0.0,0.014112903225806451,6.145161290322581,0.0,0.0,101.60000000000136,415.5918608241667,761.0393720407188,0.06342871867081304,98.58870967741935,1.0,6.039577145382303
50,2032,7,11,2.9539370702862316E18,41.66893506745608,0.0023928667948941427,1.0,30.729553111809672,1.0,399.08003050236914,238.39314516129033,353.00529129112823,0.0,0.0030241935483870967,6.078629032258065,0.0,0.0,101.60000000000136,451.209920716456,794.3995324074868,0.06519699288938056,99.69758064516128,1.0,6.121141678719543
54,2032,7,11,4.281117921937587E18,41.60290405712514,0.00897325048085301,0.0,41.46697790738487,0.0,401.7982895159763,238.0352822580645,541.8176159867263,0.0,0.0,6.007056451612903,0.0,0.0,101.60000000000136,378.41210891302586,764.0538302867101,0.0657452537576548,100.0,1.0,6.1114417627324835
41,2032,7,11,6.307363977605812E18,41.05605564110783,0.0015932618041287314,1.0,45.55085376871709,2.0,442.82173029034993,238.5141129032258,661.8468562730612,0.0,0.0,6.102822580645161,0.0,0.0,101.60000000000136,449.43139268182944,790.2753874464157,0.0734229231613017,100.0,1.0,6.031110056971194
47,2032,7,12,8.507560024639921E18,41.30206760815176,0.0031135497851676095,0.0,45.469133852967076,0.0,422.68903977012434,240.08467741935485,619.3549467133377,0.0,0.0,6.116935483870968,0.0,0.0,101.60000000000136,344.9541583818503,741.8655636859822,0.06966732946531709,100.0,1.0,6.0672490680234015
57,2032,11,13,4.974214387304059E17,42.18270672124759,0.004256369227390669,0.0,38.99600569041233,0.0,801.0383854113207,364.07862903225805,578.799495209329,0.0,0.0,5.715725806451613,0.0,0.0,88.0,9.630710518503433,904.5710736959364,0.12959501629643022,100.0,1.0,6.181089430006005
58,2032,11,13,7.278710821350941E18,41.959881399973305,0.0031551513645756064,1.0,38.25495360254179,1.0,792.8977847292118,361.0342741935484,548.1138613125892,0.0,0.0,5.106854838709677,0.0,0.0,88.0,28.109891911997757,883.6284388001251,0.12895921144066821,100.0,1.0,6.1484385323960336
50,2032,11,13,2.9539370702862316E18,41.285857796244755,0.004131330792289602,1.0,21.14746292001537,3.0,797.7340858673282,361.0897177419355,240.19734438711512,0.0,0.0,5.117943548387097,0.0,0.0,88.0,9.385136775268467,893.8107007276988,0.1318640022794274,100.0,1.0,6.049672936340001
54,2032,11,13,4.281117921937587E18,41.42200278361661,0.0038020709777022354,1.0,31.339596452913696,2.0,796.9335743443668,361.508064516129,406.8619178836337,0.0,0.0,5.201612903225806,0.0,0.0,88.0,19.892833417009815,890.073723566237,0.1312987061962946,100.0,1.0,6.069622446644163
43,2032,11,13,6.605295447056412E18,41.197108620591585,0.0032254674625640006,1.0,38.145190681744666,1.0,737.4459765639986,358.1844758064516,550.1810642302769,0.0,0.0,5.736895161290323,0.0,0.0,88.0,9.725276476455466,891.168485522842,0.12216108751411962,100.0,1.0,6.036668398836603
44,2032,11,13,3.1730362057635645E18,42.2120750979566,0.004545719595163635,1.0,31.7616450204406,1.0,669.627831743311,361.5030241935484,414.7855108018016,0.0,0.0,5.200604838709677,0.0,0.0,88.0,27.578614347709767,890.1959702260015,0.10825954816823317,100.0,1.0,6.185392818217963
46,2032,11,13,4.898224502314156E18,41.77423659654589,0.020275130156344065,1.0,29.624409616503584,1.0,675.5666330616882,363.0453629032258,390.0738055904058,0.0,0.0,5.509072580645161,0.0,0.0,88.0,48.48082429482546,925.6087449731823,0.11036442003217854,100.0,1.0,6.121235746671942
59,2032,11,14,8.617806463867117E18,42.561490545393156,0.0037702733112827793,1.0,41.180799710093126,1.0,679.0708830817778,368.398185483871,622.836297212988,0.0,0.0,5.079637096774194,0.0,0.0,88.0,21.533483166051084,888.922906717828,0.10888491006428973,100.0,1.0,6.23659313931406
47,2032,11,14,8.507560024639921E18,42.61574639864907,0.007975368287941594,1.0,36.572523857949136,1.0,859.0585956694744,369.0181451612903,512.7008893311953,0.0,0.0,5.203629032258065,0.0,0.0,88.0,33.06021557727195,888.2965568762463,0.13756948285694984,100.0,1.0,6.244543323338341
48,2032,11,14,5.859174576972996E18,43.21617485586985,0.00392530642207045,0.0,32.320608830572844,0.0,793.9542279829719,368.5241935483871,417.10292925562874,0.0,0.0,5.104838709677419,0.0,0.0,88.0,13.049831731616113,872.2550187049856,0.12537719751778292,100.0,1.0,6.332524922407531
49,2032,11,14,1.481964993321812E18,42.323807356844256,0.0046349434301926765,1.0,29.832659381246884,2.0,725.978145966286,364.5352822580645,376.4119089991884,0.0,0.0,5.507056451612903,0.0,0.0,88.0,0.0,884.44989312088,0.1170599231786793,100.0,1.0,6.201765098189574
51,2032,11,14,6.492828447697523E18,42.87399647797388,0.0029305194254908686,0.0,35.66736622785549,0.0,736.7313195237737,361.6320564516129,489.7057222926545,0.0,0.0,4.926411290322581,0.0,0.0,88.0,40.7338274014188,882.4720423073761,0.11726936706511967,100.0,1.0,6.282385058961449
52,2032,11,14,1.0005304447219302E18,42.64086813455268,0.00276270027119859,0.0,39.99422713383617,0.0,682.1945916884662,363.51209677419354,602.3657068944073,0.0,0.0,5.30241935483871,0.0,0.0,88.0,49.73498327411117,903.036381600452,0.10918215208810969,100.0,1.0,6.248224445493042
53,2032,11,14,2.861374886328272E18,42.39063877301805,0.00897325048085301,0.0,43.21400074505172,0.0,639.311912639058,370.86290322580646,701.6403340463667,0.0,0.0,5.57258064516129,0.0,0.0,88.0,2.417349811586255,921.3799343537522,0.10292295636499577,100.0,1.0,6.211557996564591
40,2032,11,14,5.096996787781837E17,42.50080642034523,0.003152934111332753,0.0,33.59131973319353,0.0,684.7536499567162,370.2429435483871,452.03627377751997,0.0,0.0,5.448588709677419,0.0,0.0,88.0,0.0,892.6780365114704,0.10995287806062938,100.0,1.0,6.227701011874692
41,2032,11,14,6.307363977605812E18,42.29964916037616,0.008735079320355327,1.0,39.64729003317364,2.0,793.2589085909207,362.91229838709677,591.9690283440676,0.0,0.0,5.182459677419355,0.0,0.0,88.0,53.19314192259996,900.389848933439,0.12798162175495967,100.0,1.0,6.198225164779798
42,2032,11,14,8.834479670273441E18,42.609335551723824,0.002375132472433305,0.0,33.79573616733909,0.0,740.7404793247711,371.45262096774195,466.9559523425554,0.0,0.0,5.690524193548387,0.0,0.0,88.0,0.0,913.6366380049162,0.11863988927683614,100.0,1.0,6.243603933212682
45,2032,11,14,3.0688222562761073E18,42.50504851709087,0.0036866271490768425,0.0,43.30413483171241,0.0,730.5582869261226,369.62298387096774,700.8369504270496,0.0,0.0,5.324596774193548,0.0,0.0,88.0,16.063042614041507,916.8057677091945,0.1172961537844294,100.0,1.0,6.22832261208467
55,2032,11,15,2.797545246119503E18,42.199020083484974,0.009557130606969225,1.0,30.30645216587907,3.0,799.7586544226357,364.195564516129,384.49247964841,0.0,0.0,5.139112903225806,0.0,0.0,88.0,22.311655398520017,883.1369654771314,0.12933795757883634,100.0,1.0,6.18347984917848
56,2032,11,16,4.898742477016446E18,44.159446674841476,0.002722466772103455,0.0,38.72178161747421,0.0,742.7314230776866,372.83165322580646,564.0676190248495,0.0,0.0,4.16633064516129,0.0,0.0,88.0,18.685621091459634,891.9790834364285,0.11478300533292833,100.0,1.0,6.470743825912143
55,2033,2,27,2.797545246119503E18,46.66436693551155,0.08583050478343236,0.0,32.82686021368148,0.0,301.6000000000007,257.3397177419355,465.3038588822256,0.0,0.0,6.867943548387097,0.0,0.0,143.0,734.4319692200104,950.9659081049541,0.04421853055642656,100.0,1.0,6.820669891215264
43,2033,2,27,6.605295447056412E18,47.04756658853071,0.08583050478343236,0.0,40.434569917822806,0.0,301.6000000000007,257.2540322580645,641.4427217102318,0.0,0.0,6.850806451612903,0.0,0.0,143.0,688.8354143344674,944.0952193567356,0.043858373234913386,100.0,1.0,6.876680044300242
50,2033,2,28,2.9539370702862316E18,48.76390974826428,0.10557165584130916,0.0,33.04301769033746,0.0,304.49999999999994,256.66733870967744,463.29953410370433,0.0,0.0,6.433467741935484,0.0,0.0,143.0,709.3055296560884,937.9767839258627,0.0427215622479792,100.0,1.0,7.127548338062082
53,2033,2,28,2.861374886328272E18,49.440383840964536,0.10557165584130916,0.0,50.67109034857153,0.0,304.49999999999994,256.66229838709677,979.1886946626267,0.0,0.0,6.432459677419355,0.0,0.0,143.0,736.3778835881883,952.6427850364789,0.04213701925265374,100.0,1.0,7.226424778037019
45,2033,2,28,3.0688222562761073E18,48.82493454840074,0.10557165584130916,0.0,45.694769162091994,0.0,304.49999999999994,258.55745967741933,828.6088375030491,0.0,0.0,6.811491935483871,0.0,0.0,143.0,824.2292222505109,983.9929185396863,0.04266816586717881,100.0,1.0,7.136467992270259
57,2033,3,1,4.974214387304059E17,48.533890687692704,0.12441548185110056,1.0,42.609732935378126,1.0,307.39999999999975,258.71673387096774,716.2964512118494,0.0,0.0,6.543346774193548,0.0,0.0,143.0,714.0607072409044,964.1064028650885,0.04333283498389959,100.0,1.0,7.093927736650853
59,2033,3,1,8.617806463867117E18,48.747955248576694,0.11616702880812735,0.0,44.88823452383137,0.0,307.39999999999975,260.1633064516129,762.3763379267513,0.0,0.0,6.832661290322581,0.0,0.0,143.0,678.5023784582729,935.3022425401664,0.04314254958125269,100.0,1.0,7.125216357949749
47,2033,3,1,8.507560024639921E18,49.25206181149448,0.12441548185110056,1.0,42.69158440310754,1.0,307.39999999999975,260.1633064516129,695.1651925588352,0.0,0.0,6.832661290322581,0.0,0.0,143.0,760.5919155924045,932.4522283508398,0.04270097532862231,100.0,1.0,7.198898798781082
48,2033,3,1,5.859174576972996E18,49.919954957295225,0.12441548185110056,0.0,37.5639956595438,0.0,307.39999999999975,259.6038306451613,552.7974337427424,0.0,0.0,6.720766129032258,0.0,0.0,143.0,728.2444688248316,918.0710619171039,0.0421296669457243,100.0,1.0,7.296521009672911
54,2033,3,1,4.281117921937587E18,48.71792339694699,0.1043754042375002,0.0,38.197572593373984,0.0,307.39999999999975,260.1532258064516,582.1822266365189,0.0,0.0,6.830645161290323,0.0,0.0,143.0,728.6162802443114,941.1964284114997,0.043169144529428154,100.0,1.0,7.1208267699270005
40,2033,3,1,5.096996787781837E17,49.19897524165891,0.12441548185110056,0.0,40.26211436660913,0.0,307.39999999999975,259.43245967741933,619.3608042839418,0.0,0.0,6.686491935483871,0.0,0.0,143.0,669.3202198966261,918.2092216977095,0.042747050440912766,100.0,1.0,7.1911394313604
41,2033,3,1,6.307363977605812E18,50.30414951273834,0.07698977837320596,0.0,44.57592065301616,0.0,307.39999999999975,259.37701612903226,771.777374022527,0.0,0.0,6.675403225806452,0.0,0.0,143.0,768.0357399627077,958.8933522681781,0.041807904450583154,100.0,1.0,7.3526765820885815
42,2033,3,1,8.834479670273441E18,48.955432456299505,0.12441548185110056,0.0,38.95332479266752,0.0,307.39999999999975,259.6844758064516,584.105345293542,0.0,0.0,6.736895161290323,0.0,0.0,143.0,659.1785720832414,914.5652968450804,0.04295970785619696,100.0,1.0,7.155542142627889
58,2033,3,2,7.278710821350941E18,49.83823932363954,0.13984007732598447,0.0,44.002372403437285,0.0,310.2999999999942,261.633064516129,754.094840793955,0.0,0.0,6.826612903225806,0.0,0.0,143.0,769.6820774661704,958.9802027309267,0.04259684482514411,100.0,1.0,7.284577091888975
51,2033,3,2,6.492828447697523E18,49.004270013231235,0.07735383793784635,0.0,37.05478785021813,0.0,310.2999999999942,263.61895161290323,570.5090812321594,0.0,0.0,7.223790322580645,0.0,0.0,143.0,699.4370029406747,968.0939028810127,0.04332177065905213,100.0,1.0,7.162680455563438
46,2033,3,2,4.898224502314156E18,50.44013093218331,0.14325930786089158,0.0,39.91857414208168,0.0,310.2999999999942,260.3780241935484,662.8715613374708,0.0,0.0,6.575604838709677,0.0,0.0,143.0,747.3322414909819,996.7413879187881,0.04208854552106097,100.0,1.0,7.3725522267031325
56,2033,3,3,4.898742477016446E18,49.643938814881956,0.07701812209432393,1.0,44.86363459765578,1.0,310.2999999999942,261.18951612903226,777.6286537997994,0.0,0.0,6.737903225806452,0.0,0.0,143.0,717.6133859846,954.918023414699,0.042763563840971124,100.0,1.0,7.2561772717057895
49,2033,3,3,1.481964993321812E18,51.303000383133714,0.16210313387068367,0.0,40.55430951058855,0.0,313.20000000000584,257.0594758064516,630.8278572819357,0.0,0.0,5.611895161290323,0.0,0.0,143.0,721.9807282440496,923.9556078086738,0.04176738984769226,100.0,1.0,7.498673035162402
52,2033,3,3,1.0005304447219302E18,51.0921706689033,0.11320051247952735,0.0,46.758043613805015,0.0,313.20000000000584,261.17237903225805,867.0819695595945,0.0,0.0,6.434475806451613,0.0,0.0,143.0,769.4615561522083,986.6994482213958,0.041939741242249445,100.0,1.0,7.467857233332021
44,2033,3,3,3.1730362057635645E18,51.48459612135865,0.15670991457335404,0.0,39.77368306736897,0.0,313.20000000000584,259.0403225806452,643.2445738431629,0.0,0.0,6.008064516129032,0.0,0.0,143.0,768.7345026306476,973.3090059397883,0.04162006850180377,100.0,1.0,7.525215869993873
55,2033,7,9,2.797545246119503E18,40.543825615081154,0.0018372748732295302,0.0,35.59217681673148,0.0,347.5816354823622,232.62802419354838,432.97929389725607,0.0,0.10685483870967742,5.825604838709677,0.0,0.0,101.89999999999863,445.2034930832007,782.1769043362586,0.05880020821980723,89.31451612903226,1.0,5.9112313715460125
48,2033,7,10,5.859174576972996E18,40.267837269742955,0.001681013578278955,1.0,37.78857272765808,2.0,381.8916071200597,234.54133064516128,443.09594185223773,0.0,0.04233870967741935,5.908266129032258,0.0,0.0,101.89999999999863,352.45837626237363,728.5725233325776,0.06504719537097402,95.76612903225806,1.0,5.870992668355244
49,2033,7,10,1.481964993321812E18,40.58807926445825,0.0017946500961706082,1.0,35.57544147517198,1.0,417.5278083922306,234.99495967741936,432.53084021739136,0.0,0.0,5.998991935483871,0.0,0.0,101.89999999999863,457.10507156479025,782.1786469909357,0.07055595472559355,100.0,1.0,5.917683489878084
40,2033,7,10,5.096996787781837E17,40.22282269732545,0.0027901898261359004,1.0,37.7724084625094,1.0,379.83173103926515,234.90927419354838,469.33164911901105,0.0,0.0,5.981854838709677,0.0,0.0,101.89999999999863,431.16325363848506,772.0295508578648,0.06476874246834526,100.0,1.0,5.864429608539986
45,2033,7,10,3.0688222562761073E18,41.045327645527045,0.0017117990234362885,0.0,45.55511280363404,0.0,365.9046552096982,234.9546370967742,685.9109719355145,0.0,0.0030241935483870967,5.990927419354839,0.0,0.0,101.89999999999863,530.4644556678361,818.86285462577,0.061143595696276164,99.69758064516128,1.0,5.984349645174415
56,2033,7,11,4.898742477016446E18,39.90763304983785,0.005272180071006473,1.0,43.364327437920046,2.0,415.3056031345988,236.33366935483872,602.9156973177636,0.0,0.10685483870967742,5.966733870967742,0.0,0.0,101.89999999999863,477.09011449711073,786.3530407494137,0.07137704875070357,89.31451612903226,1.0,5.818475411965042
59,2033,7,11,8.617806463867117E18,40.846570843184324,0.0017712693408711072,1.0,45.68803184362539,1.0,381.46416314188525,236.40927419354838,648.6974533715178,0.0,0.10685483870967742,5.981854838709677,0.0,0.0,101.89999999999863,444.3505780859268,770.2497897118103,0.0640538013485352,89.31451612903226,1.0,5.9553711897008075
47,2033,7,11,8.507560024639921E18,40.96307351965657,0.0025319555532880983,0.0,44.55898740920634,0.0,382.87219566864877,236.28326612903226,596.0885834146711,0.0,0.09879032258064516,5.956653225806452,0.0,0.0,101.89999999999863,369.70753043405216,740.7138392553484,0.06410738482003511,90.12096774193549,1.0,5.972357112109054
51,2033,7,11,6.492828447697523E18,41.76479981894742,0.0034144788739927886,0.0,40.4187560535927,0.0,396.7250422781419,236.43951612903226,529.0685385831401,0.0,0.0,5.987903225806452,0.0,0.0,101.89999999999863,439.3208063641793,778.9522039277326,0.0651517338385374,100.0,1.0,6.0892476516638485
53,2033,7,11,2.861374886328272E18,41.422037000553146,0.002455733574398754,0.0,49.773942541379235,0.0,370.3934837066953,236.51008064516128,795.9691866811056,0.0,0.0,6.002016129032258,0.0,0.0,101.89999999999863,453.9940207711778,802.3578004699526,0.06133080317495479,100.0,1.0,6.039273326489717
54,2033,7,11,4.281117921937587E18,40.44366580836004,0.0013234882715122468,1.0,37.84957977903795,1.0,381.3505036519958,236.88306451612902,473.1707411072272,0.0,0.0,6.076612903225806,0.0,0.0,101.89999999999863,410.31430000000864,775.6968233957818,0.06467263827433913,100.0,1.0,5.896628216005662
41,2033,7,11,6.307363977605812E18,41.150505671880424,0.0015245073871649713,0.0,42.252281482539935,0.0,385.78557401446557,236.38407258064515,591.1506986442186,0.0,0.03024193548387097,5.976814516129032,0.0,0.0,101.89999999999863,500.4860627883928,806.9311219318658,0.06430097736562683,96.9758064516129,1.0,5.999684449908435
42,2033,7,11,8.834479670273441E18,40.818713770449754,0.0017505365744933724,1.0,36.58668496282915,1.0,382.0432296841514,237.20060483870967,451.9258253586452,0.0,0.0,6.140120967741935,0.0,0.0,101.89999999999863,433.7522894022548,782.0634903095082,0.06419481609204855,100.0,1.0,5.951309668624051
44,2033,7,11,3.1730362057635645E18,40.66927715040756,0.0017532728567512803,1.0,39.28277370691341,2.0,420.933765974409,236.76209677419354,500.8039178885708,0.0,0.0,6.05241935483871,0.0,0.0,101.89999999999863,385.9855014288294,772.965528862611,0.07098949362563682,100.0,1.0,5.929522024684437
46,2033,7,11,4.898224502314156E18,40.48467181903763,0.002304378654559077,1.0,39.073319891352796,2.0,401.088642747498,236.43447580645162,519.5497352409359,0.0,0.0,5.986895161290323,0.0,0.0,101.89999999999863,450.46868566207957,809.16824920703,0.06795110263573127,100.0,1.0,5.902606833293538
57,2033,7,12,4.974214387304059E17,42.4762646584996,0.0013168844263065794,0.0,44.69044008420912,0.0,383.71485826968177,238.66532258064515,655.9881869289171,0.0,0.10685483870967742,6.133064516129032,0.0,0.0,101.89999999999863,489.83273700000626,810.9985980419414,0.061959665584531046,89.31451612903226,1.0,6.192978200409795
58,2033,7,12,7.278710821350941E18,41.18776727943069,0.0011822464401650874,0.0,44.50965513681526,0.0,402.26696011338254,238.23185483870967,622.6616536329481,0.0,0.10685483870967742,6.046370967741935,0.0,0.0,101.89999999999863,411.00795506977033,775.4077211708441,0.06698736274880007,89.31451612903226,1.0,6.0051171386141515
50,2033,7,12,2.9539370702862316E18,40.66353660908144,0.0014279520179587874,1.0,31.330362828421688,1.0,371.4549309812899,239.53729838709677,361.930547666307,0.0,0.0,6.307459677419355,0.0,0.0,101.89999999999863,410.57130499999414,791.993399900664,0.0626538477073716,100.0,1.0,5.928685062028298
52,2033,7,12,1.0005304447219302E18,41.365569941036846,0.0014515125332987774,1.0,47.900433797167075,2.0,422.7296933061684,237.75806451612902,717.5381789440262,0.0,0.0,5.951612903225806,0.0,0.0,101.89999999999863,404.3493483770882,779.5754480338843,0.07009233192290887,100.0,1.0,6.031040510552683
43,2033,7,12,6.605295447056412E18,41.23274486542095,0.001081114515765426,1.0,41.451495932559965,1.0,356.90217153681306,238.9375,569.2762972892041,0.0,0.0,6.1875,0.0,0.0,101.89999999999863,438.1277383125888,802.9587126748008,0.059368176600108305,100.0,1.0,6.011674805861596
56,2033,11,13,4.898742477016446E18,40.98796053494865,0.0022145238106744914,1.0,39.39383299437101,1.0,717.4606609942416,350.73487903225805,561.0900304713529,0.0,0.0,5.746975806451613,0.0,0.0,88.0,0.0,862.2173158664192,0.12035841561444871,100.0,1.0,5.961034443096411
48,2033,11,13,5.859174576972996E18,41.05929540921278,0.005458406375650863,1.0,28.38789919146413,1.0,673.1705864522283,357.133064516129,338.6790023626322,0.0,0.0,5.826612903225806,0.0,0.0,88.0,5.142396923365591,853.0294442127653,0.1127322869260541,100.0,1.0,5.971408944216572
53,2033,11,13,2.861374886328272E18,40.128774306657625,0.0029039645569103683,1.0,42.15843717433604,3.0,733.8189483442745,356.039314516129,651.5067737071272,0.0,0.0,5.607862903225806,0.0,0.0,88.0,0.0,893.0439086616768,0.12573833495017267,100.0,1.0,5.836079733639473
41,2033,11,13,6.307363977605812E18,40.77105603456752,0.0020533753960762123,1.0,35.9651717716422,2.0,730.9156477101978,356.09475806451616,497.32511313733795,0.0,0.0,5.618951612903226,0.0,0.0,88.0,0.0,884.3993966102832,0.12326789426750874,100.0,1.0,5.929489199547838
42,2033,11,13,8.834479670273441E18,40.498680123827256,0.0030438434466936943,2.0,26.33153970991844,3.0,727.3782854480409,363.1532258064516,321.9375326436183,0.0,0.0,5.830645161290323,0.0,0.0,88.0,0.0,899.3137757030881,0.12349635526083456,100.0,1.0,5.889876538556603
57,2033,11,14,4.974214387304059E17,40.99619768486015,0.005749761689855517,1.0,34.54160006114153,2.0,805.1994472269791,364.39112903225805,488.3569731598543,0.0,0.0,5.778225806451613,0.0,0.0,88.0,60.77823277872973,923.9709668264608,0.13504999349207786,100.0,1.0,5.96223240302646
58,2033,11,14,7.278710821350941E18,41.73578022128983,0.004173604874815345,0.0,37.607887684487885,0.0,789.732179823949,357.8266129032258,531.8140733331924,0.0,0.0,5.665322580645161,0.0,0.0,88.0,8.035538002130139,881.312612026356,0.130108591775749,100.0,1.0,6.06979269428345
47,2033,11,14,8.507560024639921E18,42.14631181682779,0.00897325048085301,1.0,36.42371056612935,1.0,731.822499714254,362.63709677419354,500.0698896663195,0.0,0.0,5.42741935483871,0.0,0.0,88.0,21.442283164069543,871.9056026470753,0.11939354844641326,100.0,1.0,6.12949786011858
49,2033,11,14,1.481964993321812E18,40.68891625131231,2.563492881057325E-4,1.0,27.392566019396313,4.0,679.1171430583454,361.40725806451616,333.04294546563807,0.0,0.0,5.181451612903226,0.0,0.0,88.0,2.7030305838304143,881.6377651942264,0.1147633584883945,100.0,1.0,5.9175432995629995
52,2033,11,14,1.0005304447219302E18,41.77576862315595,0.0022926035975608214,1.0,40.99498101047234,2.0,791.8666456828,362.7278225806452,618.6088076230122,0.0,0.0,5.445564516129032,0.0,0.0,88.0,0.0,889.568106577057,0.13033536707381743,100.0,1.0,6.075608359121084
54,2033,11,14,4.281117921937587E18,41.859661720199064,0.003915030750808478,0.0,30.21336213794589,0.0,726.2200699237567,363.80645161290323,389.992366445136,0.0,0.0,5.661290322580645,0.0,0.0,88.0,1.156730231702946,899.3660995995801,0.11929087132663878,100.0,1.0,6.087809250175079
40,2033,11,14,5.096996787781837E17,42.239945977346146,0.006750669464488995,1.0,31.78489922817463,1.0,675.5863965738629,363.34274193548384,413.6764332879704,0.0,0.0,5.568548387096774,0.0,0.0,88.0,7.144068813149468,886.6759712933713,0.1099745567485088,100.0,1.0,6.143115430951927
44,2033,11,14,3.1730362057635645E18,41.94612600198516,0.003443304098562179,1.0,30.997005413158714,1.0,728.6807710181793,363.3881048387097,406.52906930352793,0.0,0.0,5.577620967741935,0.0,0.0,88.0,10.386837230628,903.9446619901771,0.1194483431955927,100.0,1.0,6.100384078370921
46,2033,11,14,4.898224502314156E18,40.51107073884778,0.004865065625558812,1.0,30.193486766258292,2.0,726.7124983663891,359.29334677419354,400.85168873092834,0.0,0.0,5.95866935483871,0.0,0.0,88.0,27.884345563504365,925.4062634925716,0.12334557832222949,100.0,1.0,5.891678552658909
55,2033,11,15,2.797545246119503E18,41.28765618056003,0.008994946453618136,1.0,26.746645938369042,3.0,638.2991573607534,365.58870967741933,330.540693902835,0.0,0.0,5.717741935483871,0.0,0.0,88.0,16.137406822868446,903.8132227723715,0.10630133525489646,100.0,1.0,6.0046203166705
50,2033,11,15,2.9539370702862316E18,42.186762686643895,0.0025755598395100577,1.0,23.52290676543894,2.0,786.3183295672208,364.18245967741933,281.1770796038682,0.0,0.0,5.436491935483871,0.0,0.0,88.0,23.099473782623466,912.9768920378409,0.12816129223662304,100.0,1.0,6.135380783422879
51,2033,11,15,6.492828447697523E18,42.296891566850704,0.026343401079550806,1.0,33.17501562697878,2.0,743.251600549287,363.85987903225805,438.6609959282141,0.0,0.0,5.371975806451613,0.0,0.0,88.0,19.661906093130163,882.7099928486397,0.12082646772516502,100.0,1.0,6.151397243854767
43,2033,11,15,6.605295447056412E18,42.8451051862062,0.0028324654295622084,0.0,36.51369016135154,0.0,793.1684433355359,365.2258064516129,519.68317469382,0.0,0.0,5.645161290322581,0.0,0.0,88.0,0.0,902.644140663839,0.12729134986888252,100.0,1.0,6.231126028222228
45,2033,11,15,3.0688222562761073E18,42.95536569179269,0.026607051609802406,0.0,41.820881500876894,0.0,686.3646252516168,364.6108870967742,657.2850286739407,0.0,0.0,5.522177419354839,0.0,0.0,88.0,26.596807479255567,913.573271836128,0.10986823548765622,100.0,1.0,6.247161631431957
59,2033,11,16,8.617806463867117E18,41.273594763439164,0.021619205004756586,1.0,36.552098021872105,4.0,736.3809931337967,375.4899193548387,523.0918114772809,0.0,0.0,4.997983870967742,0.0,0.0,88.0,44.32498102326902,907.1024481791928,0.12267751005550288,100.0,1.0,6.002575311486485
56,2034,3,1,4.898742477016446E18,48.55293443155159,0.1384832848865033,0.0,43.36374580827972,0.0,304.49999999999994,258.84475806451616,719.7737219313616,0.0,0.0,6.868951612903226,0.0,0.0,143.0,749.6700136332406,939.3294317183362,0.043230862414999204,100.0,1.0,7.043579123565018
58,2034,3,1,7.278710821350941E18,49.35284485219138,0.16479510901493877,0.0,43.79254867502366,0.0,304.49999999999994,256.94959677419354,737.621474866977,0.0,0.0,6.48991935483871,0.0,0.0,143.0,759.5464661450495,946.1004099537688,0.04253017702507756,100.0,1.0,7.159622209436234
59,2034,3,1,8.617806463867117E18,47.98500573264922,0.09295386654193899,0.0,43.38713798411747,0.0,304.49999999999994,258.5625,744.7726496355607,0.0,0.0,6.8125,0.0,0.0,143.0,789.3974509390903,970.9833590111186,0.04374252323631028,100.0,1.0,6.961189649600213
48,2034,3,1,5.859174576972996E18,48.74336226882746,0.16479510901493877,0.0,37.53392852817303,0.0,304.49999999999994,258.8346774193548,542.2996131917736,0.0,0.0,6.866935483870968,0.0,0.0,143.0,711.486029856215,901.5732889191454,0.043061970503361066,100.0,1.0,7.071204509237057
51,2034,3,1,6.492828447697523E18,48.76311998699857,0.16479510901493877,0.0,36.5680601898385,0.0,304.49999999999994,257.4233870967742,545.4205783347829,0.0,0.0,6.584677419354839,0.0,0.0,143.0,760.220585446453,945.2275306941046,0.04304452276258224,100.0,1.0,7.07407076341652
52,2034,3,1,1.0005304447219302E18,48.98141926198652,0.1607061322927816,0.0,44.65187224275876,0.0,304.49999999999994,258.56754032258067,757.9184483887159,0.0,0.0,6.813508064516129,0.0,0.0,143.0,696.2980535065262,938.8671986754806,0.0428526829128423,100.0,1.0,7.105739461384947
54,2034,3,1,4.281117921937587E18,48.88026334090099,0.16030075960049908,0.0,34.66024400600714,0.0,304.49999999999994,257.33770161290323,511.4977844421111,0.0,0.0,6.567540322580645,0.0,0.0,143.0,731.0526423797814,963.3269530130082,0.042941364976210115,100.0,1.0,7.091064761651045
40,2034,3,1,5.096996787781837E17,48.859395431550176,0.16479510901493877,0.0,35.581374402338646,0.0,304.49999999999994,258.14415322580646,551.541419948877,0.0,0.0,6.72883064516129,0.0,0.0,143.0,834.6763781746482,997.5918981843392,0.042959705287296805,100.0,1.0,7.088037451924528
42,2034,3,1,8.834479670273441E18,48.42041942950801,0.15778039894847923,0.0,33.575175695074044,0.0,304.49999999999994,258.7288306451613,494.199179361637,0.0,0.0,6.845766129032258,0.0,0.0,143.0,760.4131734340132,976.7075209914352,0.043349174851958015,100.0,1.0,7.0243551587752115
55,2034,3,2,2.797545246119503E18,50.11513398269506,0.1836389350247307,0.0,41.441072398357974,0.0,307.39999999999975,259.2006048387097,660.7597672396911,0.0,0.0,6.640120967741935,0.0,0.0,143.0,689.8433491272152,933.0078135894848,0.042282149030944745,100.0,1.0,7.27020757093082
57,2034,3,2,4.974214387304059E17,49.52859979502764,0.08390534636491573,0.0,45.83777181465951,0.0,307.39999999999975,260.2641129032258,831.2933648706792,0.0,0.0,6.852822580645161,0.0,0.0,143.0,744.1358187913326,981.4901704547916,0.04278286833327382,100.0,1.0,7.185118996823395
47,2034,3,2,8.507560024639921E18,49.01226609032007,0.1836389350247307,0.0,38.963034570135896,0.0,307.39999999999975,259.5030241935484,613.5173178261293,0.0,0.0,6.700604838709677,0.0,0.0,143.0,785.9518875841751,960.1884681473898,0.04323357666950589,100.0,1.0,7.1102144139006525
49,2034,3,2,1.481964993321812E18,49.56034718247794,0.10493653429984598,0.0,37.78239542586773,0.0,307.39999999999975,259.7096774193548,580.8386905268371,0.0,0.0,6.741935483870968,0.0,0.0,143.0,683.254468946062,955.6980785288637,0.04275546246599423,100.0,1.0,7.189724593541513
53,2034,3,2,2.861374886328272E18,50.2089326660092,0.1836389350247307,0.0,51.829803434754886,0.0,307.39999999999975,256.94254032258067,1030.6309705532924,0.0,0.0,6.188508064516129,0.0,0.0,143.0,747.1986594561024,957.2067417308817,0.042203158905160215,100.0,1.0,7.283814955434857
41,2034,3,2,6.307363977605812E18,49.25943102778144,0.1836389350247307,0.0,37.69907097931232,0.0,307.39999999999975,260.08266129032256,595.97408064337,0.0,0.0,6.816532258064516,0.0,0.0,143.0,751.8355728426228,984.0319994643961,0.0430166471587342,100.0,1.0,7.146070656452465
43,2034,3,2,6.605295447056412E18,49.886548977052314,0.1055174935189399,0.0,42.845307161256926,0.0,307.39999999999975,258.78729838709677,728.4494050977306,0.0,0.0,6.557459677419355,0.0,0.0,143.0,661.7780433904816,970.9423878353429,0.042475889938524414,100.0,1.0,7.237046720972803
44,2034,3,2,3.1730362057635645E18,50.638923434063436,0.1836389350247307,0.0,37.51905202192753,0.0,307.39999999999975,257.85483870967744,579.381980731947,0.0,0.0,6.370967741935484,0.0,0.0,143.0,771.5770322473628,964.1028068504042,0.04184479882399515,100.0,1.0,7.34619375977802
45,2034,3,2,3.0688222562761073E18,49.53018043867936,0.1836389350247307,0.0,46.09525585270341,0.0,307.39999999999975,259.9868951612903,853.9990101983518,0.0,0.0,6.797379032258065,0.0,0.0,143.0,789.91527455758,997.956626935378,0.04278150301482282,100.0,1.0,7.185348300958305
46,2034,3,2,4.898224502314156E18,49.24811317974702,0.09378903729557217,0.0,41.563981463791954,0.0,307.39999999999975,259.991935483871,695.3235554655453,0.0,0.0,6.798387096774194,0.0,0.0,143.0,732.5383864742155,976.8388509067669,0.04302653293595608,100.0,1.0,7.144428775089941
50,2034,3,3,2.9539370702862316E18,49.869891676048944,0.20158543598643616,1.0,35.53187567131049,1.0,310.2999999999942,260.40826612903226,521.7387266620642,0.0,0.0,6.581653225806452,0.0,0.0,143.0,614.7680279798312,945.6515429780118,0.04289092731870745,100.0,1.0,7.2346302446264135
55,2034,7,9,2.797545246119503E18,40.76069424860655,0.0014990395056553726,1.0,38.425755862845314,1.0,393.74994185303376,233.43951612903226,492.2855240392305,0.0,0.0,5.987903225806452,0.0,0.0,102.1999999999982,464.8419041288976,787.8205348970756,0.06675563356476771,100.0,1.0,5.8983777222488545
56,2034,7,9,4.898742477016446E18,41.40739190325026,0.0017924990972539038,0.0,45.23481921684603,0.0,374.5871972420289,232.5272177419355,632.3666901479534,0.0,0.10685483870967742,5.805443548387097,0.0,0.0,102.1999999999982,437.8128233237517,764.9153302963081,0.06251497256140719,89.31451612903226,1.0,5.991959716115679
57,2034,7,9,4.974214387304059E17,39.90382460950691,0.0015583970963621116,1.0,46.223104896070275,1.0,391.87822837370345,233.43447580645162,673.81177999901,0.0,0.0,5.986895161290323,0.0,0.0,102.1999999999982,440.1193157094528,783.0471957704216,0.06786496116318226,100.0,1.0,5.774382268213883
49,2034,7,9,1.481964993321812E18,39.419621000996884,0.0015137062214664345,1.0,38.792343397758735,1.0,391.99184895151825,233.48487903225808,473.328740959876,0.0,0.0,5.996975806451613,0.0,0.0,102.1999999999982,332.55563512223887,745.7567292464008,0.06871848619382363,100.0,1.0,5.704314379770929
50,2034,7,9,2.9539370702862316E18,40.86099414254074,0.0019730102200644297,0.0,34.337462653042714,0.0,409.5489841733856,233.0866935483871,412.2445707036309,0.0,0.09879032258064516,5.917338709677419,0.0,0.0,102.1999999999982,432.7354813533436,787.0592913117712,0.0692637364781293,90.12096774193549,1.0,5.912891868065834
51,2034,7,9,6.492828447697523E18,39.19469718760062,0.00205997485786342,1.0,35.878142166962576,3.0,375.06204165516834,232.65322580645162,424.9328830564055,0.0,0.0,5.830645161290323,0.0,0.0,102.1999999999982,407.7010712400043,758.2700836572083,0.0661279092158745,100.0,1.0,5.671766219475935
59,2034,7,10,8.617806463867117E18,41.39371960206638,0.0020985150797130604,1.0,48.1035883655738,1.0,376.15669146076254,234.67741935483872,710.5696834279387,0.0,0.07963709677419355,5.935483870967742,0.0,0.0,102.1999999999982,430.3477590056707,765.8081783114067,0.06279764107900172,92.03629032258065,1.0,5.989981231739959
52,2034,7,10,1.0005304447219302E18,40.54302285906671,0.0024638249535565747,1.0,42.634440144422484,1.0,378.5484878430209,235.4133064516129,591.7050594411998,0.0,0.014112903225806451,6.082661290322581,0.0,0.0,102.1999999999982,462.5853972458988,795.2424698863248,0.0645229746741012,98.58870967741935,1.0,5.866879042000616
41,2034,7,10,6.307363977605812E18,41.26851077391348,0.001395963049292632,1.0,39.64834759328828,1.0,393.91167264931073,234.49092741935485,523.8398779876464,0.0,0.0,5.898185483870968,0.0,0.0,102.1999999999982,468.6259311135517,796.5471758496313,0.06596127549773328,100.0,1.0,5.971862576593857
45,2034,7,10,3.0688222562761073E18,39.30554288823894,0.0017932155237516002,1.0,46.409147741941055,3.0,394.79103334461905,235.36290322580646,680.7965570250179,0.0,0.0,6.07258064516129,0.0,0.0,102.1999999999982,418.41307761095135,785.1818097681627,0.06941006849015093,100.0,1.0,5.6878064225025025
47,2034,7,11,8.507560024639921E18,41.476605338376196,0.0016446573461974061,0.0,43.1894036301859,0.0,396.03936868918896,236.4445564516129,574.1393724350952,0.0,0.0,5.988911290322581,0.0,0.0,102.1999999999982,407.77250675129574,754.2795603254692,0.0659848368366252,100.0,1.0,6.001975418530781
48,2034,7,11,5.859174576972996E18,41.27433822775369,0.0026611063110477504,0.0,38.965458362781696,0.0,380.9234478347068,236.43951612903226,470.84855959034894,0.0,0.0,5.987903225806452,0.0,0.0,102.1999999999982,386.97528874014256,736.5256353808071,0.06377736610880591,100.0,1.0,5.972705852807422
54,2034,7,11,4.281117921937587E18,40.44006857030235,0.0014538643034434568,1.0,34.94591579834527,2.0,381.18392121063926,237.1048387096774,425.762369478683,0.0,0.0,6.120967741935484,0.0,0.0,102.1999999999982,439.476434000007,791.353298686482,0.06513758933786007,100.0,1.0,5.8519807853724615
42,2034,7,11,8.834479670273441E18,39.52795424770782,0.001633876635260927,1.0,35.87018360285515,3.0,380.0476307405601,237.42237903225808,430.0822947265801,0.0,0.0,6.184475806451613,0.0,0.0,102.1999999999982,359.69156589812957,767.6893035459593,0.06644199788951313,100.0,1.0,5.719991011897986
43,2034,7,11,6.605295447056412E18,40.70562631404508,9.813266055176124E-4,1.0,44.151255975446425,1.0,398.8252692466637,236.81754032258064,611.1198123431863,0.0,0.0,6.063508064516129,0.0,0.0,102.1999999999982,334.7439900053066,772.0566494196964,0.06770756845931683,100.0,1.0,5.890408979703713
44,2034,7,11,3.1730362057635645E18,40.36021494307908,2.621151627286622E-4,1.0,36.483811884802115,2.0,401.0478486044406,236.46975806451613,443.6947347019779,0.0,0.0,5.993951612903226,0.0,0.0,102.1999999999982,359.97194054786286,771.1468448236271,0.06866757528276782,100.0,1.0,5.840425367474477
46,2034,7,11,4.898224502314156E18,41.691600406968895,0.0011393157035110523,0.0,43.78513365722442,0.0,396.78629501229153,236.07157258064515,612.4643353378393,0.0,0.0846774193548387,5.914314516129032,0.0,0.0,102.1999999999982,364.9559563233091,785.4665939672543,0.065768371510841,91.53225806451613,1.0,6.0330868150945
58,2034,7,12,7.278710821350941E18,40.23923961653107,0.0011800697633946673,1.0,42.119350948788345,2.0,385.41885712555626,239.66834677419354,571.4892391959615,0.0,0.10685483870967742,6.33366935483871,0.0,0.0,102.1999999999982,414.2182971628059,784.1877310833082,0.06618997021412772,89.31451612903226,1.0,5.822919331716086
53,2034,7,12,2.861374886328272E18,41.51435268630274,0.0013219284739029195,0.0,51.82332693175477,0.0,402.7202030204831,239.66834677419354,841.5224518567574,0.0,0.036290322580645164,6.33366935483871,0.0,0.0,102.1999999999982,347.5589738027778,781.5820967944213,0.06703693326245265,96.37096774193549,1.0,6.007437742472723
40,2034,7,12,5.096996787781837E17,41.62731436462601,0.0022832698424562433,0.0,41.59645562068486,0.0,384.06520169415717,239.21975806451613,548.1371595261974,0.0,0.014112903225806451,6.243951612903226,0.0,0.0,102.1999999999982,366.5655671848267,768.3971817422174,0.06375812820587816,98.58870967741935,1.0,6.0237841433172505
48,2034,11,12,5.859174576972996E18,39.26779753660121,0.0022602646047488813,1.0,27.14350360658101,4.0,727.3811964678818,350.08165322580646,311.39845472101644,0.0,0.0,5.91633064516129,0.0,0.0,88.0,11.09899751580155,834.4096874892523,0.12832785304249275,100.0,1.0,5.6681474771266265
50,2034,11,12,2.9539370702862316E18,41.2046245311577,0.0024651787035310595,0.0,26.17741426816155,0.0,630.7576679977442,349.9304435483871,316.19023341532835,0.0,0.0,5.886088709677419,0.0,0.0,88.0,4.588319672221588,890.1778945301537,0.10605031905890722,100.0,1.0,5.947720606548865
49,2034,11,13,1.481964993321812E18,40.99279856395008,0.004142774921908132,1.0,29.515899725148103,1.0,621.1147902604646,357.51108870967744,373.6598677831402,0.0,0.0,5.902217741935484,0.0,0.0,88.0,17.83961204485037,890.9101166786578,0.10496867233565836,100.0,1.0,5.91714438641584
52,2034,11,13,1.0005304447219302E18,41.51268384759137,0.0038022247800224684,1.0,37.60176772386306,1.0,674.0805085033389,357.2288306451613,533.0111732305927,0.0,0.0,5.845766129032258,0.0,0.0,88.0,0.0,883.5596977649852,0.11249322282908279,100.0,1.0,5.992187720743915
54,2034,11,13,4.281117921937587E18,42.16014012928384,0.0016841686337937336,0.0,29.062750043599713,0.0,721.3649693897943,355.94354838709677,368.26255448469914,0.0,0.0,5.588709677419355,0.0,0.0,88.0,31.406937274644406,897.4515093895958,0.11853549140311427,100.0,1.0,6.085645411774468
40,2034,11,13,5.096996787781837E17,41.00605345959631,0.0028522728801185825,1.0,32.71590244213585,1.0,789.8891178994775,351.67237903225805,423.62084544677435,0.0,0.0,5.934475806451613,0.0,0.0,88.0,5.508341089823847,870.0248952012993,0.1334484576797226,100.0,1.0,5.9190576768988805
41,2034,11,13,6.307363977605812E18,41.00281285109546,0.026607051609802406,1.0,30.03043237066098,3.0,680.9667588202061,361.91834677419354,393.409564494771,0.0,0.0,5.58366935483871,0.0,0.0,88.0,32.31486061329178,915.198828869383,0.11505557394299913,100.0,1.0,5.918589908191418
46,2034,11,13,4.898224502314156E18,41.43481504854527,0.00897325048085301,1.0,34.08100896778125,1.0,734.7125171824838,357.03225806451616,472.71587661631946,0.0,0.0,5.806451612903226,0.0,0.0,88.0,0.0,913.1338546773557,0.12284215764700905,100.0,1.0,5.980947675094606
55,2034,11,14,2.797545246119503E18,42.020909215073985,0.007757157903732449,1.0,32.07495635007678,1.0,635.724783581446,362.15826612903226,422.6402527849881,0.0,0.0,5.331653225806452,0.0,0.0,88.0,33.33269206041581,893.7462356307237,0.10480912594732303,100.0,1.0,6.065547993415771
56,2034,11,14,4.898742477016446E18,41.21883629123424,0.0032749089346178913,1.0,36.34140477642831,3.0,641.1547199976757,359.116935483871,504.61677078813534,0.0,0.0,5.923387096774194,0.0,0.0,88.0,0.0,882.8273807618232,0.1077612248361419,100.0,1.0,5.949772016535578
47,2034,11,14,8.507560024639921E18,41.82282180652788,0.002915286056157593,1.0,34.00223432232478,2.0,735.337927073642,363.61995967741933,454.6569077991391,0.0,0.0,5.623991935483871,0.0,0.0,88.0,37.02827242048498,881.5040388358124,0.12180609957594103,100.0,1.0,6.036954878562461
51,2034,11,14,6.492828447697523E18,41.08659600968217,0.003627021212955964,1.0,28.280838369022728,2.0,622.0086359632444,365.44959677419354,350.31440593112944,0.0,0.0,5.98991935483871,0.0,0.0,88.0,0.0,886.9020516408484,0.10487975262501092,100.0,1.0,5.93068366767784
53,2034,11,14,2.861374886328272E18,41.252569261974,0.002720815791647378,1.0,42.94285930416963,2.0,791.4370129007289,364.8346774193548,691.2853953982276,0.0,0.0,5.866935483870968,0.0,0.0,88.0,0.0,917.5544606466907,0.13291094824597885,100.0,1.0,5.9546412341894746
42,2034,11,14,8.834479670273441E18,41.71515414524878,0.0026009421683632,1.0,27.953937085561517,3.0,714.1892780269435,364.27016129032256,352.9088417604259,0.0,0.0,5.754032258064516,0.0,0.0,88.0,0.322391597519919,907.9809117792339,0.11860824363982733,100.0,1.0,6.021413487882781
44,2034,11,14,3.1730362057635645E18,41.89440418196993,0.011058624941730004,1.0,28.05912866478024,1.0,723.3624604428509,357.7056451612903,353.3544480959118,0.0,0.0,5.641129032258065,0.0,0.0,88.0,19.152884272429144,904.5156283963835,0.11961767319850353,100.0,1.0,6.047287504434591
57,2034,11,15,4.974214387304059E17,41.89096985798989,0.002426514462101963,1.0,40.80402422701796,2.0,631.1926715423975,365.11995967741933,622.838910772335,0.0,0.0,5.623991935483871,0.0,0.0,88.0,0.0,902.7481496117178,0.10438472088447534,100.0,1.0,6.046791773682578
59,2034,11,15,8.617806463867117E18,41.433647476153844,0.0033432378840734063,1.0,39.94188693951138,3.0,687.9242251094065,365.2258064516129,589.142692240425,0.0,0.0,5.645161290322581,0.0,0.0,88.0,0.0,884.9670883659294,0.11502250942894522,100.0,1.0,5.980779140750441
43,2034,11,15,6.605295447056412E18,41.41673258615213,0.010108251428283858,1.0,34.29899212273439,4.0,730.0127875220194,370.1219758064516,481.82148462690344,0.0,0.0,5.424395161290323,0.0,0.0,88.0,10.54253607643043,922.0022228756741,0.12210966377156743,100.0,1.0,5.978337544910994
45,2034,11,15,3.0688222562761073E18,41.96036861860365,0.005491585361599171,1.0,41.635343886459296,2.0,667.6496894284953,364.05645161290323,650.2459585827108,0.0,0.0,5.411290322580645,0.0,0.0,88.0,17.459936060284132,910.8393886866868,0.11023125658828925,100.0,1.0,6.056809203601379
58,2034,11,16,7.278710821350941E18,43.63370355933215,0.004244678562371343,1.0,38.73670603458155,1.0,781.8444874529622,369.8881048387097,568.4365301508419,0.0,0.0,5.077620967741935,0.0,0.0,88.0,2.30309710032456,897.9285842105277,0.12413484415356832,100.0,1.0,6.2983483226171
52,2035,2,26,1.0005304447219302E18,46.531230931722746,0.12800478204344146,0.0,42.036145601813494,0.0,295.7999999999945,247.65927419354838,656.7029270765249,0.0,0.0,6.731854838709677,0.0,0.0,102.3999999999986,763.3454345576561,904.6762993522241,0.044150430914016485,100.0,1.0,6.699821357940282
43,2035,2,27,6.605295447056412E18,46.73508533613468,0.1477459331013179,0.0,38.26468861004928,0.0,298.7000000000056,255.3860887096774,601.6846988746386,0.0,0.0,6.777217741935484,0.0,0.0,143.0,748.9887680842835,969.7872315244214,0.044388809867992776,100.0,1.0,6.729173431058529
56,2035,2,28,4.898742477016446E18,48.626190325344346,0.16748708415919442,0.0,40.008321485548116,0.0,301.6000000000007,256.9616935483871,649.1734543653072,0.0,0.0,6.792338709677419,0.0,0.0,143.0,774.8574926923125,972.5426744245614,0.04307669845591773,100.0,1.0,7.001465079981494
58,2035,2,28,7.278710821350941E18,47.22529318612293,0.14985328303024578,1.0,41.96272943528247,1.0,292.89999999999856,257.2641129032258,678.8190443841966,0.0,0.0,6.852822580645161,0.0,0.0,143.0,703.4825374601619,938.0198642585588,0.043075073520943134,100.0,1.0,6.799756240870729
47,2035,2,28,8.507560024639921E18,48.47331505777118,0.08467496671344543,0.0,39.35782624852995,0.0,301.6000000000007,256.4274193548387,613.890749650493,0.0,0.0,6.685483870967742,0.0,0.0,143.0,825.9861632753257,945.2171208628049,0.04321255385996362,100.0,1.0,6.979453262063105
53,2035,2,28,2.861374886328272E18,48.06740995651318,0.16748708415919442,0.0,46.43120792819499,0.0,301.6000000000007,256.7399193548387,859.8076621560302,0.0,0.0,6.747983870967742,0.0,0.0,143.0,807.9211099274594,991.1068067716236,0.043577462143268623,100.0,1.0,6.921008823516095
45,2035,2,28,3.0688222562761073E18,48.22055940430572,0.16748708415919442,0.0,44.94029180886517,0.0,301.6000000000007,256.60887096774195,799.6986820019306,0.0,0.0,6.721774193548387,0.0,0.0,143.0,744.2323397978928,979.0629893918251,0.04343905926395956,100.0,1.0,6.9430601194034525
46,2035,2,28,4.898224502314156E18,48.36106626893565,0.16045474919307048,0.0,39.29671114855588,0.0,301.6000000000007,256.7903225806452,653.3946018952412,0.0,0.0,6.758064516129032,0.0,0.0,143.0,775.704157769757,1008.3653553010294,0.04331285265830474,100.0,1.0,6.9632910669570585
55,2035,3,1,2.797545246119503E18,49.03799112380823,0.1863309101689863,0.0,36.76935340612523,0.0,304.49999999999994,258.76915322580646,574.2394551112044,0.0,0.0,6.85383064516129,0.0,0.0,143.0,755.8195974471645,986.6825168818677,0.04312567888273519,100.0,1.0,7.0607584132873225
57,2035,3,1,4.974214387304059E17,49.19251159776065,0.1863309101689863,0.0,43.868838073237555,0.0,304.49999999999994,257.7711693548387,759.9866404073265,0.0,0.0,6.654233870967742,0.0,0.0,143.0,746.7303865832195,971.7104405113427,0.04299021516835982,100.0,1.0,7.083007117026657
59,2035,3,1,8.617806463867117E18,48.426889610752816,0.1863309101689863,0.0,43.090727987212794,0.0,304.49999999999994,258.42641129032256,732.7949057117452,0.0,0.0,6.785282258064516,0.0,0.0,143.0,795.1316458623546,966.9869407569563,0.04366988413375614,100.0,1.0,6.972768672052102
48,2035,3,1,5.859174576972996E18,48.735880617826105,0.117817416963026,0.0,36.53640483215688,0.0,304.49999999999994,258.56754032258067,513.8585882771599,0.0,0.0,6.813508064516129,0.0,0.0,143.0,680.5608744466352,891.6723547181745,0.043393012118595906,100.0,1.0,7.017258888776418
49,2035,3,1,1.481964993321812E18,47.69558644048085,0.11829354853065092,0.0,31.23775683966296,0.0,304.49999999999994,259.06149193548384,436.18938122845145,0.0,0.0,6.912298387096774,0.0,0.0,143.0,748.17703740032,958.9428562284321,0.044339462329471946,100.0,1.0,6.86747163818453
50,2035,3,1,2.9539370702862316E18,49.653466365612786,0.06668966004616536,0.0,32.698439873674,0.0,304.49999999999994,255.6391129032258,478.0844006542646,0.0,0.0,6.227822580645161,0.0,0.0,143.0,816.7239674098396,982.9241792363731,0.042591118265297254,100.0,1.0,7.149377907931171
54,2035,3,1,4.281117921937587E18,48.05811907598136,0.1863309101689863,1.0,35.66726257771463,1.0,304.49999999999994,257.2671370967742,525.1925886042848,0.0,0.0,6.553427419354839,0.0,0.0,143.0,652.772637527284,946.4044612347154,0.0440049818619871,100.0,1.0,6.9196710716755625
41,2035,3,1,6.307363977605812E18,48.5304627581391,0.1863309101689863,1.0,43.28131987440355,1.0,304.49999999999994,258.6431451612903,706.5702211419261,0.0,0.0,6.828629032258065,0.0,0.0,143.0,646.8992260956912,925.3130469872063,0.0435766843765588,100.0,1.0,6.987681700808783
42,2035,3,1,8.834479670273441E18,48.43546586721572,0.1788932025105792,0.0,32.16342279456909,0.0,304.49999999999994,259.24798387096774,460.3907861658631,0.0,0.0,6.949596774193548,0.0,0.0,143.0,714.6488554227371,969.91044731446,0.04366215169804331,100.0,1.0,6.974003528407097
44,2035,3,1,3.1730362057635645E18,49.770657690203834,0.1863309101689863,0.0,35.78934698603675,0.0,304.49999999999994,258.42641129032256,538.8804450302159,0.0,0.0,6.785282258064516,0.0,0.0,143.0,764.391253413875,965.979071971342,0.04249083207666793,100.0,1.0,7.166251756392491
40,2035,3,2,5.096996787781837E17,50.400968718296866,0.20517473617877727,0.0,41.45778344358391,0.0,307.39999999999975,259.41229838709677,665.3691167764977,0.0,0.0,6.682459677419355,0.0,0.0,143.0,709.5424508299153,938.8676429248529,0.042359058428962024,100.0,1.0,7.257007388762498
51,2035,3,3,6.492828447697523E18,50.585960614685554,0.22312123714048368,0.0,40.04000520811671,0.0,310.2999999999942,261.08870967741933,632.329984649249,0.0,0.0,6.717741935483871,0.0,0.0,143.0,714.7730516706685,946.15713875802,0.042602304536326276,100.0,1.0,7.283643534715512
47,2035,7,8,8.507560024639921E18,40.68244887439987,0.001284094230230831,1.0,41.473822279976034,1.0,358.27544964180294,231.74798387096774,536.3192719694533,0.0,0.0,5.949596774193548,0.0,0.0,102.49999999999999,451.24044957569373,755.8823934634433,0.06131640843582325,100.0,1.0,5.843059937484621
50,2035,7,8,2.9539370702862316E18,38.46429732543483,0.0013088171646518422,1.0,30.00990673673828,3.0,374.1148791060152,231.93951612903226,335.89543271180605,0.0,0.0,5.987903225806452,0.0,0.0,102.49999999999999,401.50809280021446,781.7672843215038,0.06771952825439553,100.0,1.0,5.524475564871234
41,2035,7,8,6.307363977605812E18,40.736046798141935,0.0019264170203634667,0.0,42.07594957065405,0.0,371.09066499861797,231.88407258064515,569.5725265431313,0.0,0.0,5.976814516129032,0.0,0.0,102.49999999999999,436.7933168113855,783.1331266081556,0.06342608346445772,100.0,1.0,5.850757996220392
48,2035,7,9,5.859174576972996E18,40.26766341752974,0.00897325048085301,1.0,36.03162149256283,1.0,374.4861350285281,233.3790322580645,413.6282329912221,0.0,0.0,5.975806451612903,0.0,0.0,102.49999999999999,396.24384020535115,733.1984530435258,0.06475093727176467,100.0,1.0,5.783485935605548
54,2035,7,9,4.281117921937587E18,40.20443541837026,0.0016519238735001876,1.0,36.36795145905331,1.0,372.93649685822714,231.96270161290323,447.05418044526436,0.0,0.09879032258064516,5.692540322580645,0.0,0.0,102.49999999999999,437.0675847274693,780.9806354190061,0.0645844053533402,90.12096774193549,1.0,5.774404747057711
43,2035,7,9,6.605295447056412E18,40.536392603987956,0.0016741138956815366,0.0,41.08489976682501,0.0,347.030450574257,233.4546370967742,553.4568638830411,0.0,0.10685483870967742,5.990927419354839,0.0,0.0,102.49999999999999,425.37005832330135,792.584644592639,0.059605897636365805,89.31451612903226,1.0,5.822082450487789
55,2035,7,10,2.797545246119503E18,40.8614038659139,0.0023676122640773193,1.0,39.09982215379156,1.0,378.13723694310283,234.50604838709677,507.6777424084231,0.0,0.0,5.901209677419355,0.0,0.0,102.49999999999999,447.6947353783773,789.7296829927217,0.06443219238785824,100.0,1.0,5.868762538248814
56,2035,7,10,4.898742477016446E18,41.11670485955523,0.00897325048085301,0.0,44.2555534271735,0.0,364.3984203649637,235.31754032258064,605.741037042764,0.0,0.0,6.063508064516129,0.0,0.0,102.49999999999999,380.8343593755119,762.1057838038033,0.06170564967789271,100.0,1.0,5.905430414672658
57,2035,7,10,4.974214387304059E17,41.55577286818507,0.002505095053281134,0.0,46.36511212023331,0.0,378.52821567201926,235.33770161290323,676.961644981102,0.0,0.0,6.067540322580645,0.0,0.0,102.49999999999999,429.1027286481115,782.2519410580513,0.06342108092962127,100.0,1.0,5.968492023844156
59,2035,7,10,8.617806463867117E18,39.08850038275023,0.0021885976782568327,1.0,44.79340087937587,5.0,376.6824029373434,234.9798387096774,613.4183388359393,0.0,0.0,5.995967741935484,0.0,0.0,102.49999999999999,401.5184119499936,755.161672010386,0.06709544985895978,100.0,1.0,5.614127392083385
49,2035,7,10,1.481964993321812E18,40.536426374168954,0.002764402489480292,1.0,35.86699896632074,2.0,375.0716889003904,234.03225806451613,420.3375674162108,0.0,0.07560483870967742,5.806451612903226,0.0,0.0,102.49999999999999,339.0235185983076,750.5964079131477,0.064422202815655,92.43951612903226,1.0,5.8220873007659035
51,2035,7,10,6.492828447697523E18,40.61747738118123,0.0012359849147180531,0.0,39.84267165219105,0.0,414.08915987703074,234.94959677419354,499.09672413755237,0.0,0.09879032258064516,5.98991935483871,0.0,0.0,102.49999999999999,358.64949600462035,752.5269129224586,0.07098190657892599,90.12096774193549,1.0,5.833728337750381
52,2035,7,10,1.0005304447219302E18,41.54218379989411,0.00897325048085301,0.0,42.30063913052,0.0,339.9472209076559,233.50302419354838,582.6729582030605,0.0,0.10685483870967742,5.700604838709677,0.0,0.0,102.49999999999999,474.2298217525116,793.9117644077371,0.056975601434735436,89.31451612903226,1.0,5.966540279474883
53,2035,7,10,2.861374886328272E18,40.6699490921436,0.001620305251147173,1.0,49.64051760968441,1.0,363.2889579002841,234.9445564516129,768.0945057731868,0.0,0.0,5.988911290322581,0.0,0.0,102.49999999999999,363.4894350674996,778.4379008482401,0.06219354542289556,100.0,1.0,5.841264642979255
42,2035,7,10,8.834479670273441E18,40.57734640883441,0.00897325048085301,1.0,34.25136166660619,2.0,376.71687064073933,234.81854838709677,409.74669607497265,0.0,0.0,5.963709677419355,0.0,0.0,102.49999999999999,430.3769185380483,785.5129215175026,0.06463952751618036,100.0,1.0,5.8279644842150296
44,2035,7,10,3.1730362057635645E18,41.230849217813294,0.002068522471381524,0.0,36.17426148067907,0.0,380.191990224271,234.97479838709677,445.7871616018394,0.0,0.0,5.994959677419355,0.0,0.0,102.49999999999999,412.3882565351811,785.3165096138171,0.0642018332322543,100.0,1.0,5.921824519385635
45,2035,7,10,3.0688222562761073E18,41.77432231409315,0.0012775128816704256,0.0,48.68062264544373,0.0,363.56041752226577,234.97479838709677,748.6418479234892,0.0,0.10685483870967742,5.994959677419355,0.0,0.0,102.49999999999999,423.76080439786915,788.4842779619839,0.06059460046981897,89.31451612903226,1.0,5.999881420182783
46,2035,7,10,4.898224502314156E18,40.62622300090827,0.00897325048085301,1.0,42.82072946805223,1.0,363.85910776380956,234.87399193548387,596.6848677060459,0.0,0.0,5.974798387096774,0.0,0.0,102.49999999999999,401.2695052731445,795.8094851066505,0.06235819678915717,100.0,1.0,5.834984436674366
58,2035,7,11,7.278710821350941E18,40.936186597152094,0.003100639419783365,1.0,43.05770765229793,1.0,364.61746055450277,238.71774193548387,596.411938784941,0.0,0.0,6.443548387096774,0.0,0.0,102.49999999999999,394.1170621840716,787.6299663226154,0.062015010916275745,100.0,1.0,5.879503287466317
40,2035,7,11,5.096996787781837E17,41.435405842213285,0.0014229702633766334,1.0,39.62589462357631,2.0,399.70188104439006,236.81754032258064,516.5175803647502,0.0,0.0,6.063508064516129,0.0,0.0,102.49999999999999,436.72340394643726,785.9020812922339,0.067163194007364,100.0,1.0,5.951204181870287
47,2035,11,12,8.507560024639921E18,38.98339432765949,0.0036866271490768425,1.0,30.868099136598705,5.0,589.4048615303165,356.1320564516129,381.68195096999426,0.0,0.0,5.926411290322581,0.0,0.0,88.0,0.0,853.4629734011651,0.10553238441931137,100.0,1.0,5.5850615408104165
53,2035,11,12,2.861374886328272E18,40.72837474546969,0.008330596179092698,1.0,41.98281462840968,1.0,670.6542145656431,349.84979838709677,649.0518091264597,0.0,0.0,5.869959677419355,0.0,0.0,88.0,9.168411488959515,895.8380914360031,0.1149352556501303,100.0,1.0,5.835060885122613
41,2035,11,12,6.307363977605812E18,40.00155744317415,0.010631637999339126,1.0,32.54028452839052,2.0,589.8129606364203,350.28326612903226,431.6524120669242,0.0,0.0,5.956653225806452,0.0,0.0,88.0,19.617210895765318,893.3491273565548,0.10291746938279014,100.0,1.0,5.730931436359713
55,2035,11,13,2.797545246119503E18,40.88945671659574,0.0030730309865934983,1.0,31.60655961401803,3.0,675.3906950747903,357.1431451612903,409.67243875524025,0.0,0.0,5.828629032258065,0.0,0.0,88.0,0.0,885.3863811618043,0.11529100388687251,100.0,1.0,5.858138729865747
56,2035,11,13,4.898742477016446E18,41.673380410473506,0.0031887883727267194,1.0,35.9559108106439,1.0,677.7997638663734,356.93145161290323,497.59363672317494,0.0,0.0,5.786290322580645,0.0,0.0,88.0,10.385892619102922,885.3132880837663,0.11352574766466468,100.0,1.0,5.970449680441445
58,2035,11,13,7.278710821350941E18,41.46557954479838,0.00897325048085301,1.0,35.27334043803278,2.0,724.7724482996048,355.21774193548384,493.6153951654133,0.0,0.0,5.443548387096774,0.0,0.0,88.0,72.36029815918428,904.8272323529383,0.12200162742912289,100.0,1.0,5.940678526773446
59,2035,11,13,8.617806463867117E18,41.11502806710995,0.0057966734372435665,1.0,39.4752968312133,2.0,657.9714343997186,356.7147177419355,567.2402331840636,0.0,0.0,5.742943548387097,0.0,0.0,88.0,3.923312930151616,868.7015485454244,0.11170127652053928,100.0,1.0,5.890455820160058
50,2035,11,13,2.9539370702862316E18,40.18298841852998,0.004635360721135889,1.0,20.854080426882568,3.0,574.9366996855421,356.69959677419354,243.34049866319228,0.0,0.0,5.73991935483871,0.0,0.0,88.0,35.47066618023361,921.3492452226086,0.09986872088982639,100.0,1.0,5.756924636291309
52,2035,11,13,1.0005304447219302E18,41.09801694765607,0.002470608612569662,1.0,34.31400373051891,1.0,681.7947596199482,357.5715725806452,466.5634636103021,0.0,0.0,5.914314516129032,0.0,0.0,88.0,6.3160495195663735,891.904957999135,0.1157935796621514,100.0,1.0,5.88801867607174
40,2035,11,13,5.096996787781837E17,40.73852884243923,0.00897325048085301,1.0,31.43283017578821,3.0,730.05723860319,355.3084677419355,402.0185017428994,0.0,0.0,5.461693548387097,0.0,0.0,88.0,3.794711055331367,875.3015988468667,0.1250844311433116,100.0,1.0,5.83651563931845
45,2035,11,13,3.0688222562761073E18,41.086219627243636,0.0030082650928152685,1.0,40.55750479447854,2.0,683.9710352488842,356.15524193548384,612.0971264267166,0.0,0.0,5.631048387096774,0.0,0.0,88.0,1.6216264768362862,895.9375647300199,0.11619654511812368,100.0,1.0,5.886328501020141
46,2035,11,13,4.898224502314156E18,41.38301517199853,0.009182515980771796,1.0,34.84177312866076,1.0,673.1466885625298,357.445564516129,493.46330572710934,0.0,0.0,5.889112903225806,0.0,0.0,88.0,16.903151267296806,921.431599491181,0.11353748543819982,100.0,1.0,5.928849718350807
57,2035,11,14,4.974214387304059E17,41.30495399577299,0.015568485647021475,1.0,38.0845586459816,2.0,684.822634745954,358.85987903225805,551.4366012501114,0.0,0.0,5.871975806451613,0.0,0.0,88.0,13.609578714662382,895.3507440712661,0.11572512310542922,100.0,1.0,5.917666072578373
48,2035,11,14,5.859174576972996E18,41.85706101472856,0.0025964266437653472,1.0,28.189398973996617,2.0,629.9209199229227,363.33770161290323,335.63256428234354,0.0,0.0,5.567540322580645,0.0,0.0,88.0,0.0,853.4859732852661,0.10504345277204165,100.0,1.0,5.996765179548463
49,2035,11,14,1.481964993321812E18,41.76323564866308,0.009363729243069694,1.0,24.258415153841288,1.0,675.1863897504159,364.38104838709677,292.2946023273512,0.0,0.0,5.776209677419355,0.0,0.0,88.0,26.87726460574775,911.0669868176981,0.11284471619944278,100.0,1.0,5.983323034435084
51,2035,11,14,6.492828447697523E18,41.29834900068591,0.004582865414123112,1.0,31.734382418397903,1.0,675.9446469375838,357.16129032258067,403.35615587352055,0.0,0.0,5.532258064516129,0.0,0.0,88.0,0.0,866.0732577649395,0.11424313993568391,100.0,1.0,5.916719790073383
54,2035,11,14,4.281117921937587E18,41.751824625417576,0.026607051609802406,1.0,28.992381127928066,2.0,629.3898743527998,360.0766129032258,369.302015661548,0.0,0.0,4.915322580645161,0.0,0.0,88.0,25.964518661529603,902.8154913475624,0.10521943855353566,100.0,1.0,5.981688203293027
42,2035,11,14,8.834479670273441E18,42.13945782300096,0.01349241968042717,1.0,25.174597789093372,1.0,675.5970909517821,363.7409274193548,312.0867034878397,0.0,0.0,5.648185483870968,0.0,0.0,88.0,49.03664296473231,926.0899358617693,0.11190526380015019,100.0,1.0,6.037223522910593
43,2035,11,14,6.605295447056412E18,41.72245761901343,0.006622454634880049,1.0,33.49362702310704,1.0,632.2739249413014,364.6280241935484,463.2150127465043,0.0,0.0,5.825604838709677,0.0,0.0,88.0,27.09558373121756,918.753968553996,0.10577598486580747,100.0,1.0,5.977480859605653
44,2035,11,14,3.1730362057635645E18,40.201743919110385,0.003680578540136605,1.0,23.404692615440908,5.0,681.752426265081,364.14415322580646,280.549066154935,0.0,0.0,5.72883064516129,0.0,0.0,88.0,1.704950477345618,916.8317542124674,0.11836777590254671,100.0,1.0,5.759611693864842
54,2036,2,27,4.281117921937587E18,48.267097258788034,0.09011128018431178,0.0,38.77844087862858,0.0,298.7000000000056,249.49193548387098,579.0226724573225,0.0,0.0,6.798387096774194,0.0,0.0,102.69999999999818,700.598004688243,913.4074937467716,0.04330321978550531,100.0,1.0,6.897870446575617
44,2036,2,27,3.1730362057635645E18,47.532168853045285,0.16654987480737285,0.0,37.11250834557928,0.0,298.7000000000056,248.77620967741936,539.5873800106024,0.0,0.0,6.655241935483871,0.0,0.0,102.69999999999818,768.8955230574051,913.3709540090487,0.04397276142537607,100.0,1.0,6.792841530021128
55,2036,2,28,2.797545246119503E18,49.06504883644458,0.10619263219845092,0.0,35.25085903855246,0.0,301.6000000000007,257.1431451612903,540.1004818045233,0.0,0.0,6.828629032258065,0.0,0.0,143.0,759.5542118700708,991.0212096989519,0.04301255588728897,100.0,1.0,7.011906030190809
56,2036,2,28,4.898742477016446E18,48.17596551307399,0.18902288531324138,0.0,45.865315430387014,0.0,301.6000000000007,250.73991935483872,763.1969581363671,0.0,0.0,6.747983870967742,0.0,0.0,102.69999999999818,739.9607963926492,900.0345808998686,0.04380634892760825,100.0,1.0,6.8848467718322475
57,2036,2,28,4.974214387304059E17,47.96853441353875,0.18902288531324138,0.0,43.62422089160271,0.0,301.6000000000007,257.2842741935484,732.4345595402199,0.0,0.0,6.856854838709677,0.0,0.0,143.0,653.5649544384326,945.7477130772198,0.04399578142196668,100.0,1.0,6.855202709262817
58,2036,2,28,7.278710821350941E18,47.90449192883641,0.18036905957798624,0.0,42.12535386849257,0.0,301.6000000000007,257.16834677419354,692.5956983159496,0.0,0.0,6.83366935483871,0.0,0.0,143.0,654.59344020125,950.8102280020794,0.04405459843567951,100.0,1.0,6.846050371798124
49,2036,2,28,1.481964993321812E18,47.925976917249784,0.18902288531324138,0.0,38.74032594357352,0.0,301.6000000000007,251.27923387096774,565.8461067267975,0.0,0.0,6.855846774193548,0.0,0.0,102.69999999999818,689.4755519176499,893.9492183191825,0.04403484896789956,100.0,1.0,6.849120800206684
50,2036,2,28,2.9539370702862316E18,48.93911937990781,0.18902288531324138,0.0,29.84147937623614,0.0,301.6000000000007,256.68951612903226,422.206275497772,0.0,0.0,6.737903225806452,0.0,0.0,143.0,735.5812549846098,991.5761407508942,0.04312323519365532,100.0,1.0,6.993909400479648
51,2036,2,28,6.492828447697523E18,47.979113203719955,0.18902288531324138,0.0,35.6604236777728,0.0,301.6000000000007,257.6219758064516,550.2580442179658,0.0,0.0,6.924395161290323,0.0,0.0,143.0,809.4039082013792,991.8109904550832,0.04398608090627467,100.0,1.0,6.856714528458412
53,2036,2,28,2.861374886328272E18,47.98943571922025,0.18458141059779556,0.0,48.85492159601241,0.0,301.6000000000007,257.2943548387097,915.297477456249,0.0,0.0,6.858870967741935,0.0,0.0,143.0,609.9387235364798,957.526028443167,0.04397661951138346,100.0,1.0,6.858189723335392
42,2036,2,28,8.834479670273441E18,47.712543624609005,0.16819131484912336,0.0,30.98111104506267,0.0,301.6000000000007,251.25907258064515,413.7316594629476,0.0,0.0,6.851814516129032,0.0,0.0,102.69999999999818,771.7553426934496,920.7152034273777,0.04423183076958476,100.0,1.0,6.818618961786014
45,2036,2,28,3.0688222562761073E18,48.87441178436665,0.18902288531324138,0.0,49.21333336504903,0.0,301.6000000000007,256.76512096774195,930.2960756269148,0.0,0.0,6.753024193548387,0.0,0.0,143.0,712.6392502508011,959.3593970616421,0.04318032848152232,100.0,1.0,6.984662011755215
59,2036,2,29,8.617806463867117E18,48.195942222659184,0.20786671132303405,0.0,43.220673304983436,0.0,304.49999999999994,257.96774193548384,720.6113927574037,0.0,0.0,6.693548387096774,0.0,0.0,143.0,722.457946512391,945.9342705751021,0.044209231962538786,100.0,1.0,6.887701651501695
47,2036,2,29,8.507560024639921E18,48.37734272167653,0.10237846342952424,0.0,41.143226132902974,0.0,304.49999999999994,258.66834677419354,650.2653528097363,0.0,0.0,6.83366935483871,0.0,0.0,143.0,673.0771578582929,929.3408464570322,0.04404346062645451,100.0,1.0,6.913625670393014
48,2036,2,29,5.859174576972996E18,49.233369509120514,0.20786671132303405,0.0,34.67735008412528,0.0,304.49999999999994,258.491935483871,480.12109694972764,0.0,0.0,6.798387096774194,0.0,0.0,143.0,630.9952440930035,903.4958409717606,0.04327767143745734,100.0,1.0,7.035960805794453
52,2036,2,29,1.0005304447219302E18,49.153151518762485,0.20786671132303405,0.0,38.226381005171525,0.0,304.49999999999994,257.6350806451613,630.3720991326585,0.0,0.0,6.627016129032258,0.0,0.0,143.0,827.8864928479329,1017.6724699575258,0.04334830063869524,100.0,1.0,7.024496820255632
40,2036,2,29,5.096996787781837E17,49.28320748500815,0.15635420776147071,0.0,39.83886422725671,0.0,304.49999999999994,258.4717741935484,621.6190634543602,0.0,0.0,6.794354838709677,0.0,0.0,143.0,643.9639083461819,937.9968784497382,0.04323390660039348,100.0,1.0,7.0430831711430075
41,2036,2,29,6.307363977605812E18,48.625081465932986,0.20786671132303405,0.0,42.76293646475502,0.0,304.49999999999994,258.73891129032256,725.4107770203781,0.0,0.0,6.847782258064516,0.0,0.0,143.0,683.5334642652886,970.132676978379,0.043819064670718055,100.0,1.0,6.949030114818518
43,2036,2,29,6.605295447056412E18,48.242248178032796,0.20786671132303405,0.0,37.245662962305126,0.0,304.49999999999994,258.84475806451616,585.1634812606941,0.0,0.0,6.868951612903226,0.0,0.0,143.0,664.4082156198216,985.0155558032687,0.04416679715073627,100.0,1.0,6.8943192543660325
46,2036,2,29,4.898224502314156E18,48.962569452093184,0.20786671132303405,0.0,41.02604736123697,0.0,304.49999999999994,257.96774193548384,704.4091434665072,0.0,0.0,6.693548387096774,0.0,0.0,143.0,769.5776731643107,1011.7551436318794,0.043517029706935904,100.0,1.0,6.997260659807109
48,2036,7,7,5.859174576972996E18,39.96800648098148,0.003355740643550125,2.0,33.95471958416767,2.0,372.29075140594557,231.71774193548387,380.8118447099914,0.0,0.0,5.943548387096774,0.0,0.0,102.80000000000182,415.21188539852716,739.6183787399095,0.06534161892183342,100.0,1.0,5.697605256020789
41,2036,7,7,6.307363977605812E18,41.4108836829046,0.005278382635795918,0.0,42.85411749116267,0.0,370.8409342948117,231.53125,617.6250288508286,0.0,0.10685483870967742,5.90625,0.0,0.0,102.80000000000182,543.7436660282008,822.7616584286753,0.06281932977151149,89.31451612903226,1.0,5.903293391439329
55,2036,7,8,2.797545246119503E18,40.10441702477066,0.0016561924106410159,1.0,37.76153678562725,1.0,361.9830333623475,233.46975806451613,471.86106247496053,0.0,0.0,5.993951612903226,0.0,0.0,102.80000000000182,394.28454373000807,776.5157672217069,0.06331638884426066,100.0,1.0,5.717051145363285
56,2036,7,8,4.898742477016446E18,40.43489184436562,0.001182558049664346,1.0,45.84014506200022,1.0,360.1817258119868,231.89717741935485,632.3230290423439,0.0,0.0,5.679435483870968,0.0,0.0,102.80000000000182,352.28258012008047,746.2500168825221,0.06248640207829896,100.0,1.0,5.76416170290392
58,2036,7,8,7.278710821350941E18,40.26262326576719,0.0045688648069516485,1.0,43.67430149152035,1.0,359.68017393456586,233.49495967741936,602.1561843225599,0.0,0.0,5.998991935483871,0.0,0.0,102.80000000000182,404.1587620113863,775.6454506937113,0.06266637342109878,100.0,1.0,5.739604101830269
59,2036,7,8,8.617806463867117E18,39.872146873616785,0.00897325048085301,1.0,43.92910776316794,2.0,372.77605100927235,233.84274193548387,604.5804880808944,0.0,0.0,6.068548387096774,0.0,0.0,102.80000000000182,446.54419457405686,770.7034825788289,0.06558409243440849,100.0,1.0,5.68394007101784
50,2036,7,8,2.9539370702862316E18,40.145575257761706,0.0013670399879422647,1.0,31.147612299322123,2.0,361.6890665865045,233.2983870967742,360.7734263004688,0.0,0.014112903225806451,5.959677419354839,0.0,0.0,102.80000000000182,423.0101792900069,796.0847730048451,0.06320010873717899,98.58870967741935,1.0,5.722918422349678
51,2036,7,8,6.492828447697523E18,40.49614358230945,0.0019280727290187049,0.0,42.46682079224526,0.0,359.81582525011083,233.48991935483872,551.7597203295408,0.0,0.0,5.997983870967742,0.0,0.0,102.80000000000182,350.859080114693,746.5588991791533,0.06232850683180573,100.0,1.0,5.7728933924420565
52,2036,7,8,1.0005304447219302E18,39.96612656918392,0.0014315970773537046,1.0,42.54849153474523,1.0,374.9734702965912,233.43447580645162,569.1504503175087,0.0,0.0,5.986895161290323,0.0,0.0,102.80000000000182,346.06608930857107,767.5240448195738,0.06581556483980137,100.0,1.0,5.697337266789351
42,2036,7,8,8.834479670273441E18,40.23171848785556,0.003047979103550631,1.0,30.422955923796323,1.0,359.32645411190384,233.64112903225808,338.4283089610903,0.0,0.0,6.028225806451613,0.0,0.0,102.80000000000182,371.8407185873531,772.7621694902645,0.06265283656226997,100.0,1.0,5.735198497433922
44,2036,7,8,3.1730362057635645E18,40.43787352012853,0.0027576061711287745,1.0,35.57463985408611,1.0,347.9712252884264,231.9022177419355,434.669179372235,0.0,0.0,5.680443548387097,0.0,0.0,102.80000000000182,440.5770708465574,786.0198776135336,0.06036360283718735,100.0,1.0,5.764586753162731
45,2036,7,8,3.0688222562761073E18,40.766022994888175,0.002123343701101051,1.0,48.50514913169814,1.0,361.5825579904169,233.19254032258064,755.3928001848734,0.0,0.10685483870967742,5.938508064516129,0.0,0.0,102.80000000000182,444.09057252999656,801.1126428681558,0.062219892705851286,89.31451612903226,1.0,5.811365823143133
46,2036,7,8,4.898224502314156E18,39.83336507881019,0.001823090304927472,1.0,45.253231104980344,2.0,374.49755544648013,233.3991935483871,630.6648098244792,0.0,0.036290322580645164,5.979838709677419,0.0,0.0,102.80000000000182,301.3393198191124,762.0355066796809,0.06595111170598657,96.37096774193549,1.0,5.678411565160712
57,2036,7,9,4.974214387304059E17,39.974337524804014,0.0013903393989546046,1.0,44.77825960321197,2.0,362.69497937271683,234.9546370967742,625.1043455463964,0.0,0.0,5.990927419354839,0.0,0.0,102.80000000000182,389.47535876079934,769.9141724955698,0.06364736065054434,100.0,1.0,5.6985077726018
47,2036,7,9,8.507560024639921E18,40.91876279294699,0.002138524900107964,0.0,43.21260666370519,0.0,376.09683003778446,235.31754032258064,576.3382350129245,0.0,0.0,6.063508064516129,0.0,0.0,102.80000000000182,408.24491392679954,756.401456013487,0.06447588456268505,100.0,1.0,5.833139515474717
49,2036,7,9,1.481964993321812E18,40.5868580147028,0.0018410444154396822,1.0,37.74984749570287,3.0,362.6257142284727,234.8639112903226,461.23314483757895,0.0,0.0846774193548387,5.972782258064516,0.0,0.0,102.80000000000182,344.39466919831347,759.6037316852986,0.06267484883262057,91.53225806451613,1.0,5.785825111391984
53,2036,7,9,2.861374886328272E18,40.984856772369,0.0037957912355554273,1.0,48.78278954280528,1.0,362.7329840119485,234.59677419354838,778.6784028449215,0.0,0.0,5.919354838709677,0.0,0.0,102.80000000000182,471.0492230852121,816.7989648354344,0.062084581367518085,100.0,1.0,5.8425614866387106
54,2036,7,9,4.281117921937587E18,41.045103676656296,0.0011614354751298204,1.0,39.041664359021844,1.0,352.0463439331706,235.14616935483872,494.66547548832165,0.0,0.0,6.029233870967742,0.0,0.0,102.80000000000182,373.9144183060659,771.295190861762,0.06016703519245366,100.0,1.0,5.851149932967369
40,2036,7,9,5.096996787781837E17,38.691678019557486,0.0019397428622682726,2.0,36.72006871003928,6.0,378.20039642344943,235.34274193548387,449.0188554536768,0.0,0.0,6.068548387096774,0.0,0.0,102.80000000000182,407.482554999996,772.3653054258205,0.06856848355789288,100.0,1.0,5.515659335008219
43,2036,7,9,6.605295447056412E18,40.74743982487154,0.0015126855159900575,0.0,41.27357825098339,0.0,375.77232005953124,235.0,546.4750643785242,0.0,0.0,6.0,0.0,0.0,102.80000000000182,337.6727281392087,776.4583365555927,0.06469110794855062,100.0,1.0,5.808716715106906
57,2036,11,11,4.974214387304059E17,39.88349096064058,0.026607051609802406,1.0,35.83187798523792,4.0,662.1178660207624,349.3659274193548,497.83000236472253,0.0,0.0,5.773185483870968,0.0,0.0,88.0,59.27618764164961,890.5500160022048,0.11674701349257975,100.0,1.0,5.671390181324387
58,2036,11,11,7.278710821350941E18,41.050929392831534,0.004173604874815345,1.0,37.44821849638513,1.0,622.5480122077205,349.61290322580646,525.2260094581866,0.0,0.0,5.82258064516129,0.0,0.0,88.0,1.984627412147333,876.0513812564238,0.1066481913008422,100.0,1.0,5.837398690162354
59,2036,11,11,8.617806463867117E18,39.59601918452208,0.00897325048085301,1.0,36.699778559336906,3.0,619.0865598947304,350.36391129032256,500.43630879230165,0.0,0.0,5.972782258064516,0.0,0.0,88.0,0.0,861.9202259903423,0.10995208961211941,100.0,1.0,5.63051199916888
48,2036,11,11,5.859174576972996E18,40.23779212463432,0.0024638249535565747,1.0,25.807813222413152,2.0,582.5131018799931,350.4193548387097,290.7983463430005,0.0,0.0,5.983870967741935,0.0,0.0,88.0,0.0,834.3841392178668,0.10180642635528622,100.0,1.0,5.721771431669023
49,2036,11,11,1.481964993321812E18,40.879350615861526,0.002706046586505737,1.0,27.26474294148364,1.0,668.1512656560757,356.00100806451616,334.83756988916826,0.0,0.0,5.900201612903226,0.0,0.0,88.0,8.146008781004653,891.7334166200768,0.114940860683811,100.0,1.0,5.813000369764782
50,2036,11,11,2.9539370702862316E18,40.782210782835165,2.4195789464630943E-4,1.0,23.118634322162826,2.0,621.5462539417363,349.9657258064516,271.46225786914687,0.0,0.0,5.893145161290323,0.0,0.0,88.0,0.2417983271404599,900.8132758819319,0.10717816717281865,100.0,1.0,5.799187188371383
40,2036,11,11,5.096996787781837E17,39.86444650542472,0.0057227362760542185,1.0,30.13090033283499,3.0,649.5504516909804,350.1471774193548,378.6654591057696,0.0,0.0,5.929435483870968,0.0,0.0,88.0,27.64714566848401,876.603962915808,0.1145857965800154,100.0,1.0,5.668682079959174
42,2036,11,11,8.834479670273441E18,40.02094305227143,0.0031640516505123616,1.0,19.111894923145663,3.0,622.2926508254194,349.5221774193548,211.1396868557791,0.0,0.0,5.804435483870968,0.0,0.0,88.0,0.0,891.4749117378692,0.1093480371405538,100.0,1.0,5.690935723204036
55,2036,11,12,2.797545246119503E18,41.11718315233282,0.009680283413792495,1.0,29.838622250262528,2.0,624.0698147768867,356.45262096774195,381.3603571343786,0.0,0.0,5.690524193548387,0.0,0.0,88.0,23.3898806284088,895.3528138225688,0.10673662349087065,100.0,1.0,5.846819904606261
47,2036,11,12,8.507560024639921E18,41.598142762415065,0.004442203208343084,1.0,36.749244019635846,3.0,674.219183412593,355.2328629032258,496.9476540075799,0.0,0.0,5.446572580645161,0.0,0.0,88.0,0.2605957819930591,854.5436989585293,0.11398056406046292,100.0,1.0,5.915211851863991
51,2036,11,12,6.492828447697523E18,41.54015176769808,0.008148137285789921,0.0,33.49644212011464,0.0,627.4638537773583,357.98487903225805,445.42735641582476,0.0,0.0,5.996975806451613,0.0,0.0,88.0,24.890078868907338,883.0439826353905,0.1062243962337489,100.0,1.0,5.906965593822831
52,2036,11,12,1.0005304447219302E18,41.25801880782149,0.00897325048085301,1.0,34.58256973729663,2.0,622.834085205208,356.64415322580646,476.4448451017207,0.0,0.0,5.72883064516129,0.0,0.0,88.0,0.0,899.998891813408,0.10616164512040653,100.0,1.0,5.866846585683571
53,2036,11,12,2.861374886328272E18,41.192599810461324,0.004424679724286509,1.0,42.820871696108185,2.0,674.8605523837194,357.7328629032258,685.3294800340512,0.0,0.0,5.946572580645161,0.0,0.0,88.0,0.0,914.2393085671968,0.1152122022321837,100.0,1.0,5.857544073532187
41,2036,11,12,6.307363977605812E18,40.85895099948686,0.002581487480107311,1.0,35.81928369568791,1.0,596.4170383471545,357.4959677419355,508.2450013274582,0.0,0.0,5.899193548387097,0.0,0.0,88.0,12.130299248256197,909.4026593245661,0.10265177585695,100.0,1.0,5.81009956591778
43,2036,11,12,6.605295447056412E18,41.241179137140264,0.00897325048085301,1.0,32.3603004990208,3.0,672.5463138352744,356.3366935483871,432.54330360473364,0.0,0.0,5.667338709677419,0.0,0.0,88.0,0.0,903.083791429733,0.11468186858148074,100.0,1.0,5.864452002344508
44,2036,11,12,3.1730362057635645E18,40.858068654008186,0.004688218642033969,1.0,26.307219213659042,2.0,626.9763303410197,357.62701612903226,324.0542117167211,0.0,0.0,5.925403225806452,0.0,0.0,88.0,0.0,906.2459131073916,0.10791379098052825,100.0,1.0,5.8099740973250595
45,2036,11,12,3.0688222562761073E18,40.77437546651748,0.00897325048085301,1.0,41.17088173743766,3.0,629.8193937117571,357.23891129032256,639.7185679542997,0.0,0.0,5.847782258064516,0.0,0.0,88.0,0.0,913.2265539378419,0.10862564029743436,100.0,1.0,5.798073014687978
46,2036,11,12,4.898224502314156E18,41.48748701624284,0.002304378654559077,1.0,36.787661877143144,1.0,621.69643007015,357.21875,532.6546347740476,0.0,0.0,5.84375,0.0,0.0,88.0,0.0,914.2646319193224,0.10538162270541161,100.0,1.0,5.899476721933456
56,2036,11,13,4.898742477016446E18,39.549138828194835,0.002863194154707409,2.0,32.78456728475845,6.0,629.8746670369629,364.7741935483871,441.44322842268394,0.0,0.0,5.854838709677419,0.0,0.0,88.0,0.0,903.5714404690759,0.11200070287795044,100.0,1.0,5.623845662141521
54,2036,11,13,4.281117921937587E18,42.00926868909538,0.00447320562355586,1.0,28.90434183986933,2.0,678.3034767470167,364.9153225806452,373.99669885468245,0.0,0.0,5.883064516129032,0.0,0.0,88.0,6.310181042919854,918.4732943500101,0.11354880277646028,100.0,1.0,5.973673523289982
52,2037,2,25,1.0005304447219302E18,46.39479617426333,0.08194424428732278,0.0,37.434263599702945,0.0,295.7999999999945,247.5383064516129,553.8819495749451,0.0,0.0,6.707661290322581,0.0,0.0,103.0,708.7288941232232,924.8515852034615,0.04494853826667105,100.0,1.0,6.5808591648758386
55,2037,2,26,2.797545246119503E18,46.98105471466338,0.1719737093996211,1.0,32.34701688704243,1.0,298.7000000000056,255.5070564516129,455.5351296415071,0.0,0.0,6.801411290322581,0.0,0.0,143.0,703.5322491681429,951.6988846980946,0.044822815686340944,100.0,1.0,6.664016872349896
56,2037,2,26,4.898742477016446E18,48.09984062057388,0.1719737093996211,0.0,44.43803090112347,0.0,298.7000000000056,249.26512096774192,723.7522143048752,0.0,0.0,6.753024193548387,0.0,0.0,103.0,765.1844962630742,904.0706839224342,0.04378025226396549,100.0,1.0,6.822710801186011
58,2037,2,26,7.278710821350941E18,47.50899072495892,0.1719737093996211,0.0,44.86387176029591,0.0,298.7000000000056,249.875,740.9446733380257,0.0,0.0,6.875,0.0,0.0,103.0,738.196789387391,909.8569832311565,0.044324729363677276,100.0,1.0,6.738901833990235
49,2037,2,26,1.481964993321812E18,47.593662131683544,0.1719737093996211,0.0,37.42286035836802,0.0,298.7000000000056,248.5897177419355,532.9289152624945,0.0,0.0,6.617943548387097,0.0,0.0,103.0,679.5909253549873,890.203086448159,0.04424587354506999,100.0,1.0,6.750912030152192
53,2037,2,26,2.861374886328272E18,48.1088646191455,0.1719737093996211,0.0,48.575125683850764,0.0,298.7000000000056,255.4516129032258,924.8071242633853,0.0,0.0,6.790322580645161,0.0,0.0,143.0,752.424186436102,978.3734735213811,0.04377204020290304,100.0,1.0,6.823990808182509
54,2037,2,26,4.281117921937587E18,46.876765607874106,0.1719737093996211,1.0,36.75324774958299,2.0,298.7000000000056,249.64314516129033,524.646235319358,0.0,0.0,6.828629032258065,0.0,0.0,103.0,631.4582548202475,901.9275132953495,0.0449225352670563,100.0,1.0,6.649224008046039
40,2037,2,26,5.096996787781837E17,47.697611744585124,0.1666157399016227,0.0,36.51904565900212,0.0,298.7000000000056,249.6179435483871,545.9084784239406,0.0,0.0,6.823588709677419,0.0,0.0,103.0,804.5058721408353,947.8948218831226,0.04414944646498617,100.0,1.0,6.765656739023832
41,2037,2,26,6.307363977605812E18,45.77715424561669,0.1670916121925622,0.0,43.05133808274855,0.0,298.7000000000056,249.84475806451613,685.4498858672142,0.0,0.0,6.868951612903226,0.0,0.0,103.0,631.6398539428,905.6023857875454,0.0460016178578182,100.0,1.0,6.493249887932802
42,2037,2,26,8.834479670273441E18,48.0518913051043,0.1719737093996211,0.0,30.53313508606641,0.0,298.7000000000056,255.13407258064515,411.5096269973535,0.0,0.0,6.726814516129032,0.0,0.0,143.0,652.6184483995778,934.8788260105109,0.04382393905901397,100.0,1.0,6.815909441590171
43,2037,2,26,6.605295447056412E18,48.11138022302693,0.1719737093996211,0.0,39.149639560514515,0.0,298.7000000000056,249.18447580645162,619.4616998259969,0.0,0.0,6.736895161290323,0.0,0.0,103.0,745.2617570427244,962.0296192517903,0.043769751490466906,100.0,1.0,6.824347633434993
44,2037,2,26,3.1730362057635645E18,47.627276853495,0.1719737093996211,0.0,32.58347989672731,0.0,298.7000000000056,255.5977822580645,456.39295476384774,0.0,0.0,6.819556451612903,0.0,0.0,143.0,672.790633105395,943.2934207680535,0.04421464537439169,100.0,1.0,6.7556801026161155
45,2037,2,26,3.0688222562761073E18,47.209945025726135,0.0920052774188201,0.0,49.30740965240778,0.0,298.7000000000056,249.71370967741936,916.4256119742182,0.0,0.0,6.842741935483871,0.0,0.0,103.0,712.7543359802064,941.2583829262942,0.044605499012501076,100.0,1.0,6.696483765741357
57,2037,2,27,4.974214387304059E17,48.33457010427445,0.1917148604574987,0.0,47.14561339219062,0.0,301.6000000000007,257.0524193548387,819.864589719455,0.0,0.0,6.810483870967742,0.0,0.0,143.0,641.5816484976118,918.5492758149306,0.04399062692913208,100.0,1.0,6.856005950673802
47,2037,2,27,8.507560024639921E18,48.08209523091799,0.1917148604574987,0.0,40.44397457582535,0.0,301.6000000000007,256.90120967741933,630.1317111898118,0.0,0.0,6.780241935483871,0.0,0.0,143.0,660.121881766952,927.0999166999014,0.04422161786056847,100.0,1.0,6.8201937104822985
48,2037,2,27,5.859174576972996E18,47.465861195955334,0.1917148604574987,1.0,32.250335219357936,1.0,301.6000000000007,257.58165322580646,417.78989828004177,0.0,0.0,6.91633064516129,0.0,0.0,143.0,617.842390483475,876.5281330762335,0.04479573292601085,100.0,1.0,6.7327841358942315
50,2037,2,27,2.9539370702862316E18,48.874009827113476,0.1917148604574987,0.0,37.4900232885101,0.0,301.6000000000007,256.8508064516129,565.0137409362928,0.0,0.0,6.770161290322581,0.0,0.0,143.0,632.6098754983511,941.238410633664,0.0435050868295555,100.0,1.0,6.932522653767157
46,2037,2,27,4.898224502314156E18,48.506816458408565,0.1917148604574987,0.0,45.481696218503814,0.0,301.6000000000007,256.65423387096774,801.7334435264706,0.0,0.0,6.730846774193548,0.0,0.0,143.0,650.9337486581284,960.3161914222745,0.04383441743822242,100.0,1.0,6.880438195056603
59,2037,2,28,8.617806463867117E18,49.54486696171427,0.09682646247800016,0.0,45.09249388611892,0.0,304.49999999999994,258.5272177419355,771.1105424437075,0.0,0.0,6.805443548387097,0.0,0.0,143.0,698.6659838255832,938.1522170368283,0.04332866466081896,100.0,1.0,7.027680229327532
51,2037,2,28,6.492828447697523E18,48.44393808079554,0.21055868646728954,1.0,39.75590213368001,1.0,304.49999999999994,258.30040322580646,607.983212913702,0.0,0.0,6.76008064516129,0.0,0.0,143.0,595.8758397700851,920.4595015460762,0.04431334468863141,100.0,1.0,6.871519226083591
52,2037,7,7,1.0005304447219302E18,41.16769568198651,0.001534413556917413,0.0,39.55571014921102,0.0,321.97001859958175,228.87701612903226,518.0876125448257,0.0,0.0,5.675403225806452,0.0,0.0,103.10000000000143,455.73709392751346,790.7767401691111,0.055274919427407504,100.0,1.0,5.824884449129313
45,2037,7,7,3.0688222562761073E18,40.03121982735196,0.00205997485786342,2.0,50.79044356028821,2.0,331.61210757100133,228.91229838709677,798.4230448066255,0.0,0.0,5.682459677419355,0.0,0.0,103.10000000000143,380.70147104472505,772.8606329598945,0.05854648130783963,100.0,1.0,5.6640826256897014
56,2037,7,8,4.898742477016446E18,40.6770866593263,0.0015260630069477946,0.0,42.8701191783211,0.0,335.75494243024895,231.60181451612902,583.2252664725376,0.0,0.10685483870967742,5.920362903225806,0.0,0.0,103.10000000000143,439.14187368405726,776.2333185419641,0.058336694553080624,89.31451612903226,1.0,5.755467377822464
49,2037,7,8,1.481964993321812E18,40.53465671819747,0.0026898232856274037,1.0,35.05265321555058,1.0,335.05819278630787,231.20362903225808,419.9359706810358,0.0,0.014112903225806451,5.840725806451613,0.0,0.0,103.10000000000143,410.00741039535166,777.0117603755249,0.058420192855040284,98.58870967741935,1.0,5.735314733001609
53,2037,7,8,2.861374886328272E18,39.97935700598082,0.0010490122142685304,1.0,48.92396427037017,2.0,335.77378786039213,231.90927419354838,764.5681775592514,0.0,0.0,5.981854838709677,0.0,0.0,103.10000000000143,423.3457001491736,797.2962151627747,0.0593581325114308,100.0,1.0,5.656744470451979
54,2037,7,8,4.281117921937587E18,40.19739548638411,0.0032725202337173707,1.0,35.769595267268876,1.0,334.0609243850089,231.46068548387098,436.9166444447366,0.0,0.0,5.892137096774194,0.0,0.0,103.10000000000143,417.93933981831304,783.3421165168571,0.05873500469821699,100.0,1.0,5.687595090890491
46,2037,7,8,4.898224502314156E18,40.00978355210492,0.0019756165743841994,1.0,43.635855440094645,1.0,346.29874137977146,231.98991935483872,626.7066497695936,0.0,0.0,5.997983870967742,0.0,0.0,103.10000000000143,416.7393127127843,808.565283311151,0.06117217964054537,100.0,1.0,5.661049572120235
55,2037,7,9,2.797545246119503E18,39.63845954032945,0.002033828304817091,1.0,35.065082376361914,2.0,337.1073898839698,233.4798387096774,411.59695760189976,0.0,0.0,5.995967741935484,0.0,0.0,103.10000000000143,331.1039245915777,760.903321599171,0.06010640436547995,100.0,1.0,5.608510331680661
57,2037,7,9,4.974214387304059E17,39.852561971116835,0.001269560056713785,1.0,46.807486352194786,2.0,348.91868817476626,233.13709677419354,663.0331292745103,0.0,0.10685483870967742,5.92741935483871,0.0,0.0,103.10000000000143,349.9760952056971,752.4483385714167,0.06187813693625951,89.31451612903226,1.0,5.6388040340352585
58,2037,7,9,7.278710821350941E18,40.14972489437904,7.762327405582228E-4,1.0,41.995972482847264,2.0,337.8371141363247,233.42439516129033,579.0281026889907,0.0,0.0,5.984879032258065,0.0,0.0,103.10000000000143,461.4523117368069,798.6707299449182,0.05946946462734681,100.0,1.0,5.680850101027672
59,2037,7,9,8.617806463867117E18,39.39396135979125,0.00652125761689902,1.0,44.7380140142165,3.0,362.6196559166716,233.43951612903226,606.9105666131245,0.0,0.10685483870967742,5.987903225806452,0.0,0.0,103.10000000000143,389.46283968330454,748.7696202993891,0.0650565353680461,89.31451612903226,1.0,5.573915885086926
48,2037,7,9,5.859174576972996E18,40.63846864319986,0.0015317942097734787,0.0,32.2160515702699,0.0,347.53267830409317,233.47479838709677,352.9456034672239,0.0,0.0,5.994959677419355,0.0,0.0,103.10000000000143,409.1873083252614,741.3876487835621,0.06044043161221849,100.0,1.0,5.750003251694796
50,2037,7,9,2.9539370702862316E18,40.873404643235894,0.001822349813333272,1.0,36.65297055111133,1.0,349.8384775647907,233.4647177419355,456.3365196508126,0.0,0.0,5.992943548387097,0.0,0.0,103.10000000000143,388.6489684697193,787.6427646293255,0.0604917298008065,100.0,1.0,5.7832447297634815
51,2037,7,9,6.492828447697523E18,40.15204143506315,0.0011410542320515046,1.0,40.65069045491222,2.0,360.2776600824122,233.31854838709677,514.1311153274523,0.0,0.0,5.963709677419355,0.0,0.0,103.10000000000143,360.88134005830494,749.542119446648,0.06341601481069002,100.0,1.0,5.681177872149737
40,2037,7,9,5.096996787781837E17,40.28396037746388,0.0014876078383377056,1.0,37.00078422849264,3.0,338.09934161609317,233.00100806451613,466.06329561836816,0.0,0.10685483870967742,5.900201612903226,0.0,0.0,103.10000000000143,465.1150272896631,792.416857768728,0.059317304687791776,89.31451612903226,1.0,5.699843298606219
41,2037,7,9,6.307363977605812E18,39.92948199272293,0.004963081018170923,1.0,43.87990109042898,1.0,335.2423344340036,233.66129032258064,607.9091662809346,0.0,0.0,6.032258064516129,0.0,0.0,103.10000000000143,371.1920998530116,776.4435697115873,0.059338207657838433,100.0,1.0,5.649687573428398
42,2037,7,9,8.834479670273441E18,41.131627585856656,0.0020119395696979853,0.0,30.75830684414835,0.0,338.5891306141956,233.58568548387098,350.50323759901977,0.0,0.0,6.017137096774194,0.0,0.0,103.10000000000143,392.0596895760241,787.617698173668,0.05817901462333748,100.0,1.0,5.819781115343548
43,2037,7,9,6.605295447056412E18,39.0980321241587,0.001472473003093706,2.0,38.225962873272266,5.0,338.67399422320807,231.8014112903226,490.4629404464011,0.0,0.0,5.660282258064516,0.0,0.0,103.10000000000143,400.7069365740565,791.5468024736193,0.061220404481931036,100.0,1.0,5.532044374570677
47,2037,7,10,8.507560024639921E18,40.860137908529005,0.00897325048085301,1.0,42.21300295685847,1.0,351.415271528763,234.9546370967742,557.6527674881208,0.0,0.10685483870967742,5.990927419354839,0.0,0.0,103.10000000000143,417.70638400000445,762.3872281416211,0.06078410784005367,89.31451612903226,1.0,5.7813675978180274
44,2037,7,10,3.1730362057635645E18,40.92158496546478,0.0013509862211461999,1.0,34.88285441727807,1.0,340.9043543416534,234.19354838709677,414.6390473708961,0.0,0.0,5.838709677419355,0.0,0.0,103.10000000000143,354.84135857404914,772.987933982217,0.05887749796690501,100.0,1.0,5.790061842187578
56,2037,11,11,4.898742477016446E18,40.590907538917364,0.002470608612569662,1.0,35.56018849357884,1.0,583.7203546089205,348.38004032258067,481.63913255397046,0.0,0.0,5.876008064516129,0.0,0.0,88.0,0.7529870387231774,871.5633823329501,0.10188902968474904,100.0,1.0,5.728981387054007
54,2037,11,11,4.281117921937587E18,39.40606386564305,0.003248823490533323,1.0,25.683620619725627,5.0,580.0033886420832,348.06754032258067,306.8654285877373,0.0,0.0,5.813508064516129,0.0,0.0,88.0,0.0,886.3942630339845,0.10428427452742103,100.0,1.0,5.561753114459978
40,2037,11,11,5.096996787781837E17,39.510582675662896,0.00897325048085301,1.0,29.198488176200648,3.0,618.3281518350699,348.39516129032256,359.95340108281306,0.0,0.0,5.879032258064516,0.0,0.0,88.0,0.0,871.2946018592099,0.11088094936009331,100.0,1.0,5.576504849602323
43,2037,11,11,6.605295447056412E18,39.892868924786924,0.005451549502340807,1.0,30.996418228646103,3.0,607.845984475789,348.21370967741933,404.88102730215564,0.0,0.0,5.842741935483871,0.0,0.0,88.0,24.976151239690815,899.9359250229302,0.10795670783679041,100.0,1.0,5.630460549007609
55,2037,11,12,2.797545246119503E18,40.47412690561672,0.001907578758684739,1.0,24.956215653981864,2.0,615.510681845656,356.1219758064516,298.47955879361217,0.0,0.0,5.924395161290323,0.0,0.0,88.0,0.0,895.7603203321023,0.10774805899470084,100.0,1.0,5.712499024004947
57,2037,11,12,4.974214387304059E17,40.73714834022482,0.00897325048085301,1.0,37.98851913101067,3.0,617.3989267721806,355.71370967741933,548.7270659332813,0.0,0.0,5.842741935483871,0.0,0.0,88.0,27.608882610133154,894.5724310742621,0.10738079029187726,100.0,1.0,5.7496217442058
58,2037,11,12,7.278710821350941E18,39.94564807980641,0.007224839356564453,1.0,34.07739667691567,3.0,620.0220110857614,356.3336693548387,466.42291254859435,0.0,0.0,5.966733870967742,0.0,0.0,88.0,0.0,900.862190172286,0.10997373777810326,100.0,1.0,5.637909773847963
59,2037,11,12,8.617806463867117E18,40.598353277874295,0.0019958297332858146,1.0,35.73269123468493,3.0,613.335038395316,361.875,498.4101105297159,0.0,0.0,5.875,0.0,0.0,88.0,50.9599469102273,895.2404909296442,0.10703867080462234,100.0,1.0,5.7300322751095845
48,2037,11,12,5.859174576972996E18,40.50704427410215,0.004266354296409011,1.0,22.38404679631317,3.0,624.2859697440899,355.6633064516129,243.9263206968364,0.0,0.0,5.832661290322581,0.0,0.0,88.0,12.126481856762874,844.1533846672297,0.10919540670828183,100.0,1.0,5.717144965739126
50,2037,11,12,2.9539370702862316E18,40.95157029099366,0.016412928328276268,1.0,26.378288837279506,3.0,626.311311008723,355.15423387096774,328.36771030861996,0.0,0.0,5.730846774193548,0.0,0.0,88.0,16.46613658510112,914.8889277924497,0.10836051133621048,100.0,1.0,5.779885156369049
53,2037,11,12,2.861374886328272E18,41.0463942300385,0.0023404409183236875,0.0,42.86379368689166,0.0,581.2017817687483,356.00604838709677,686.0665951984668,0.0,0.0,5.901209677419355,0.0,0.0,88.0,6.790459087608949,913.4929980937716,0.10032363864119832,100.0,1.0,5.793268562032352
41,2037,11,12,6.307363977605812E18,39.16689773467052,5.04126437488359E-4,2.0,32.18254340273349,7.0,618.0782792738764,361.2852822580645,436.3040247147616,0.0,0.0,5.757056451612903,0.0,0.0,88.0,8.511248096322367,918.2307377284022,0.11180871542487308,100.0,1.0,5.5279973204698685
42,2037,11,12,8.834479670273441E18,40.932173048946396,0.012859629871513964,2.0,18.171125614335313,3.0,628.4631149208852,355.4163306451613,205.63073524379783,0.0,0.0,5.783266129032258,0.0,0.0,88.0,31.22619332141331,924.152725489267,0.10878433025519148,100.0,1.0,5.777147438850857
45,2037,11,12,3.0688222562761073E18,41.33400914351185,0.00897325048085301,1.0,42.83669123298147,1.0,548.3516756847082,355.74395161290323,693.6354360074768,0.0,0.0,5.848790322580645,0.0,0.0,88.0,33.3336827040694,924.7471625584438,0.09399461945401072,100.0,1.0,5.83386239414484
47,2037,11,13,8.507560024639921E18,40.97659561020835,0.004351721862683328,1.0,33.522204928865065,3.0,671.9350033274388,363.09274193548384,443.0062869519736,0.0,0.0,5.818548387096774,0.0,0.0,88.0,0.0,877.5016914862396,0.11618304161656562,100.0,1.0,5.78341721802223
49,2037,11,13,1.481964993321812E18,41.68602931867529,0.004892061973913366,1.0,26.618558522575174,1.0,588.4639015761248,356.84576612903226,327.2169935951278,0.0,0.0,5.769153225806452,0.0,0.0,88.0,20.93415072444615,900.6663549472956,0.10001857147766173,100.0,1.0,5.8835463542643485
51,2037,11,13,6.492828447697523E18,41.13702163148414,0.003451250184943474,1.0,32.34521005088173,2.0,622.9407739615568,357.2086693548387,418.2413936911365,0.0,0.0,5.841733870967742,0.0,0.0,88.0,0.0,873.209493794878,0.10729148671001663,100.0,1.0,5.806059670374571
52,2037,11,13,1.0005304447219302E18,39.798993052722025,0.0030335532389631588,1.0,27.233624554470204,6.0,559.0550220191695,363.31451612903226,344.2074103884431,0.0,0.0,5.862903225806452,0.0,0.0,88.0,8.524205684907376,917.9922507984442,0.0995253741919601,100.0,1.0,5.617210953066996
44,2037,11,13,3.1730362057635645E18,42.40553054582655,0.0037202531015145335,0.0,25.89414538060325,0.0,672.5338658046946,356.9818548387097,318.3231029860125,0.0,0.0,5.796370967741935,0.0,0.0,88.0,0.0,909.3083425067341,0.11236809219727698,100.0,1.0,5.985096415305983
46,2037,11,13,4.898224502314156E18,40.60325983324739,0.012283957345245792,1.0,35.20110292467937,4.0,584.3290245193159,362.64415322580646,511.82166267961435,0.0,0.0,5.72883064516129,0.0,0.0,88.0,19.955901785589585,941.1153473044147,0.10196424475846015,100.0,1.0,5.73072478400163
52,2038,2,26,1.0005304447219302E18,46.75071551629312,0.21414798665963042,1.0,38.04652782159928,2.0,295.7999999999945,247.25100806451613,545.765924618193,0.0,0.0,6.650201612903226,0.0,0.0,103.30000000000182,652.5218048720737,887.9864161994775,0.04494101782779106,100.0,1.0,6.581960407160046
44,2038,2,26,3.1730362057635645E18,48.05163150767477,0.21414798665963042,0.0,38.01446184505601,0.0,295.7999999999945,247.28629032258064,561.9187567809125,0.0,0.0,6.657258064516129,0.0,0.0,103.30000000000182,665.3534907442142,915.4105881264267,0.04372431639795917,100.0,1.0,6.76511434296091
56,2038,2,27,4.898742477016446E18,47.04479409503074,0.23299181266942157,0.0,45.318628024585905,0.0,298.7000000000056,249.78427419354838,733.4725170732253,0.0,0.0,6.856854838709677,0.0,0.0,103.30000000000182,632.8266359841994,884.197597442223,0.04509793404459829,100.0,1.0,6.6233632721316
58,2038,2,27,7.278710821350941E18,47.930260876569456,0.23299181266942157,0.0,42.70493247355989,0.0,298.7000000000056,255.52217741935485,704.6631332237101,0.0,0.0,6.804435483870968,0.0,0.0,143.0,672.2382463484903,944.5561208723128,0.04426479185462868,100.0,1.0,6.748026760884253
59,2038,2,27,8.617806463867117E18,47.58485541080085,0.23299181266942157,1.0,44.685396037211014,1.0,298.7000000000056,255.34576612903226,770.8846401861687,0.0,0.0,6.769153225806452,0.0,0.0,143.0,743.9406545105927,953.3752421001577,0.04458609788604782,100.0,1.0,6.6993976634469465
49,2038,2,27,1.481964993321812E18,47.74723544062419,0.23299181266942157,0.0,33.7879183499342,0.0,298.7000000000056,249.04334677419354,468.2423943155165,0.0,0.0,6.70866935483871,0.0,0.0,103.30000000000182,700.7446258670036,916.6340002737471,0.04443446833435477,100.0,1.0,6.722258894882825
53,2038,2,27,2.861374886328272E18,49.11388585159671,0.11568610360944459,0.0,52.292171391450765,0.0,298.7000000000056,248.23689516129033,999.279519017709,0.0,0.0,6.547379032258065,0.0,0.0,103.30000000000182,675.7146682222266,911.1830838991887,0.04319802810248257,100.0,1.0,6.914667477213837
54,2038,2,27,4.281117921937587E18,47.52329881928995,0.23299181266942157,0.0,36.18433350671454,0.0,298.7000000000056,255.74899193548387,533.2657298062431,0.0,0.0,6.849798387096774,0.0,0.0,143.0,653.6539380577854,939.3131709933847,0.04464384994204604,100.0,1.0,6.690731206823783
45,2038,2,27,3.0688222562761073E18,46.74919500950582,0.13807390279468384,0.0,49.50392612005212,0.0,298.7000000000056,249.68850806451613,918.2687248337494,0.0,0.0,6.837701612903226,0.0,0.0,103.30000000000182,685.0451313595538,935.9467949413172,0.04538309206838743,100.0,1.0,6.581746337378178
55,2038,2,28,2.797545246119503E18,47.91133494819279,0.1239348615547313,1.0,30.880321499999106,1.0,301.6000000000007,257.2540322580645,430.59918825489115,0.0,0.0,6.850806451612903,0.0,0.0,143.0,643.5598782841122,962.6414796117216,0.044712202348679855,100.0,1.0,6.745362208911759
57,2038,2,28,4.974214387304059E17,49.371037614701336,0.15431105311226362,0.0,45.490121688640755,0.0,301.6000000000007,255.76209677419354,781.9092785598978,0.0,0.0,6.55241935483871,0.0,0.0,143.0,639.9683847263907,936.3140059551821,0.04339024267055461,100.0,1.0,6.95087147333868
47,2038,2,28,8.507560024639921E18,47.81373345340027,0.24875128123793033,1.0,39.418321959670365,1.0,301.6000000000007,256.41229838709677,595.3566217382116,0.0,0.0,6.682459677419355,0.0,0.0,143.0,597.0615565454352,914.093258825939,0.044803472732092814,100.0,1.0,6.731621046507943
48,2038,2,28,5.859174576972996E18,47.93741293328773,0.1395984693343756,1.0,27.634788826621687,1.0,301.6000000000007,257.0221774193548,356.6507415153567,0.0,0.0,6.804435483870968,0.0,0.0,143.0,729.659927318648,932.8959086994166,0.04468787888032677,100.0,1.0,6.749033687807814
50,2038,2,28,2.9539370702862316E18,48.23877939121342,0.2518356386792136,0.0,34.13045889254942,0.0,301.6000000000007,257.2288306451613,511.5818860859991,0.0,0.0,6.845766129032258,0.0,0.0,143.0,680.6700977267577,986.2234790147892,0.04440869628200361,100.0,1.0,6.791462601936876
51,2038,2,28,6.492828447697523E18,48.87646529964618,0.2518356386792136,0.0,37.76412441872356,0.0,301.6000000000007,257.21875,582.0423825514758,0.0,0.0,6.84375,0.0,0.0,143.0,710.9338807198645,958.3304821845298,0.043829300868335856,100.0,1.0,6.881241407569184
40,2038,2,28,5.096996787781837E17,49.869202512671315,0.2518356386792136,0.0,37.62641889881881,0.0,301.6000000000007,256.2711693548387,576.5726240892027,0.0,0.0,6.654233870967742,0.0,0.0,143.0,685.3701782644472,954.9237320828548,0.04295679888714188,100.0,1.0,7.0210073332600595
41,2038,2,28,6.307363977605812E18,47.750213876405745,0.24718266516779316,0.0,41.270663336992875,0.0,301.6000000000007,257.0977822580645,674.3837869228372,0.0,0.0,6.819556451612903,0.0,0.0,143.0,639.445306697267,958.7646554127009,0.04486307241562913,100.0,1.0,6.722678224216563
42,2038,2,28,8.834479670273441E18,48.77001886579695,0.2518356386792136,0.0,27.64833923727896,0.0,301.6000000000007,257.47076612903226,371.4871093318258,0.0,0.0,6.894153225806452,0.0,0.0,143.0,679.2507529547071,970.9779022531955,0.043924963590722364,100.0,1.0,6.866254979974607
43,2038,2,28,6.605295447056412E18,49.2005750790786,0.2518356386792136,0.0,39.7126369759528,0.0,301.6000000000007,257.2741935483871,653.7567854669053,0.0,0.0,6.854838709677419,0.0,0.0,143.0,655.2976541472601,991.5840427840795,0.04354057446596601,100.0,1.0,6.926872318502592
46,2038,2,28,4.898224502314156E18,47.58727046622438,0.141005396796872,1.0,43.02872283431732,1.0,301.6000000000007,256.9717741935484,758.6204853595736,0.0,0.0,6.794354838709677,0.0,0.0,143.0,723.3889474501003,1003.353743308827,0.045016687908575,100.0,1.0,6.699737675337738
59,2038,7,7,8.617806463867117E18,40.18702100466168,0.003627021212955964,1.0,48.63066693674632,2.0,341.59404719164223,229.02318548387098,706.7454943401815,0.0,0.0,5.704637096774194,0.0,0.0,103.39999999999856,400.7235600219975,745.8295994466208,0.06052553915212137,100.0,1.0,5.643800154065537
47,2038,7,7,8.507560024639921E18,39.93028427876295,0.0023839666527239725,1.0,39.427259835291146,2.0,352.94793065809466,229.94556451612902,496.16471033476176,0.0,0.06653225806451613,5.889112903225806,0.0,0.0,103.39999999999856,425.02487785134633,761.2752365916581,0.06293937480971674,93.34677419354838,1.0,5.607744464020409
53,2038,7,7,2.861374886328272E18,40.61438460773973,0.001239399237686884,1.0,48.06409273782305,1.0,344.03471281901165,228.0201612903226,750.2209447375029,0.0,0.03024193548387097,5.504032258064516,0.0,0.0,103.39999999999856,477.22340653371464,809.9354152454174,0.0603165613460775,96.9758064516129,1.0,5.703818406441449
55,2038,7,8,2.797545246119503E18,40.35742280764719,8.646415957653695E-4,0.0,32.270001419228905,0.0,356.02864901286506,231.92439516129033,378.2325225079893,0.0,0.0,5.984879032258065,0.0,0.0,103.39999999999856,429.6934056832653,792.425661399105,0.06281678545965715,100.0,1.0,5.667731107341007
56,2038,7,8,4.898742477016446E18,39.09201558339135,0.0015365154932967492,1.0,42.603603681552634,3.0,343.6291138305631,231.75806451612902,571.68369264983,0.0,0.0,5.951612903225806,0.0,0.0,103.39999999999856,421.6534315319778,769.1819508894845,0.06259160322215278,100.0,1.0,5.490019365871491
58,2038,7,8,7.278710821350941E18,40.791224699034665,0.00897325048085301,0.0,42.63625685455819,0.0,345.03855595867907,231.71270161290323,591.4159242492146,0.0,0.09879032258064516,5.942540322580645,0.0,0.0,103.39999999999856,435.7224709017942,794.667444496902,0.06023030602196581,90.12096774193549,1.0,5.72865354250142
48,2038,7,8,5.859174576972996E18,39.43622694716481,0.0011029068929268734,1.0,31.33076023471206,3.0,356.0723816769515,231.64717741935485,331.94199971185685,0.0,0.09879032258064516,5.929435483870968,0.0,0.0,103.39999999999856,369.2361367233302,726.2796251499691,0.06429202709210254,90.12096774193549,1.0,5.538359852409919
49,2038,7,8,1.481964993321812E18,40.174514987644265,0.004491116356783313,1.0,33.24279561522941,1.0,344.7508503889572,231.92943548387098,386.83072302433146,0.0,0.0,5.985887096774194,0.0,0.0,103.39999999999856,404.91013341705667,775.5067350532403,0.06110389440780506,100.0,1.0,5.642043829286939
51,2038,7,8,6.492828447697523E18,39.67412323875761,0.0011900862706701635,2.0,40.33347169228413,3.0,357.80810132759194,231.60685483870967,503.43086340991033,0.0,0.0,5.921370967741935,0.0,0.0,103.39999999999856,351.88867436917644,743.815414771569,0.06421803584466947,100.0,1.0,5.57176962236992
54,2038,7,8,4.281117921937587E18,40.430699232095996,0.0011419254875099315,1.0,35.421520906548295,2.0,344.39255098525996,231.48084677419354,438.6627927909712,0.0,0.10685483870967742,5.89616935483871,0.0,0.0,103.39999999999856,441.36251174820205,798.5296280671593,0.06065361410139833,89.31451612903226,1.0,5.678021929732299
42,2038,7,8,8.834479670273441E18,39.08629901170366,0.00451370748533856,2.0,26.58153055519582,3.0,357.60342356632907,231.97479838709677,285.7469066366933,0.0,0.0,5.994959677419355,0.0,0.0,103.39999999999856,411.3025903097013,787.484595424933,0.06514653247388859,100.0,1.0,5.489216539800645
44,2038,7,8,3.1730362057635645E18,38.8768139796617,0.002784993941915905,1.0,33.24963313749005,4.0,335.3972846240172,231.94959677419354,396.8828763197507,0.0,0.0,5.98991935483871,0.0,0.0,103.39999999999856,420.5372179999971,795.3982327092046,0.061430360293795526,100.0,1.0,5.459796801124937
45,2038,7,8,3.0688222562761073E18,41.15562217208824,0.001578685869256341,0.0,51.23640160450051,0.0,343.1421414867824,231.96975806451613,834.6967631447295,0.0,0.0,5.993951612903226,0.0,0.0,103.39999999999856,400.3837468505516,793.6018616975433,0.059368909604848336,100.0,1.0,5.779828933539313
46,2038,7,8,4.898224502314156E18,40.60488758151881,0.00128888975593982,1.0,46.48596423278713,1.0,355.43511950682,231.61189516129033,697.5631509453865,0.0,0.10685483870967742,5.922379032258065,0.0,0.0,103.39999999999856,422.7109610418957,802.1419862165444,0.062329868598124005,89.31451612903226,1.0,5.702484659457759
57,2038,7,9,4.974214387304059E17,40.86672428254223,0.0018179194653267891,1.0,43.57917217495288,1.0,361.6640995965461,233.30342741935485,618.6875492309622,0.0,0.09879032258064516,5.960685483870968,0.0,0.0,103.39999999999856,493.00321638404074,800.0301370902035,0.06301584437721931,90.12096774193549,1.0,5.739256581750896
52,2038,7,9,1.0005304447219302E18,39.65876486049774,0.008797304392993179,1.0,34.689087172549364,2.0,336.48185587638255,233.64616935483872,417.11393492368353,0.0,0.0,6.029233870967742,0.0,0.0,103.39999999999856,376.0349512626998,783.9857873673463,0.060413869509036926,100.0,1.0,5.569612716597311
40,2038,7,9,5.096996787781837E17,40.2498166807418,0.00897325048085301,1.0,38.52246018590331,1.0,362.8529303402443,233.4546370967742,475.44123184118206,0.0,0.0,5.990927419354839,0.0,0.0,103.39999999999856,351.57794444111613,757.5678092461153,0.06419200115720973,100.0,1.0,5.652619077127656
41,2038,7,9,6.307363977605812E18,40.65014076877626,0.0012012383508504733,1.0,43.14039545179313,1.0,358.6222950364622,233.41431451612902,598.7472608865556,0.0,0.0,5.982862903225806,0.0,0.0,103.39999999999856,401.48094564874094,788.1082081390969,0.06281876853565528,100.0,1.0,5.7088399437966055
43,2038,7,9,6.605295447056412E18,40.218957692556586,0.0013599955260462284,1.0,43.32580254866591,1.0,361.34892813698997,233.46975806451613,581.7485672786493,0.0,0.0,5.993951612903226,0.0,0.0,103.39999999999856,272.4450467462249,759.8893280431905,0.0639749781629675,100.0,1.0,5.648285290797647
50,2038,7,10,2.9539370702862316E18,41.12188979957762,0.001383053403337388,0.0,40.745472819995975,0.0,362.41861630056655,235.2671370967742,519.3868652361705,0.0,0.0,6.053427419354839,0.0,0.0,103.39999999999856,256.8010655668026,754.2656173060399,0.06275547481126993,100.0,1.0,5.775091613767564
55,2038,11,10,2.797545246119503E18,39.768074979097875,0.0026454158257231773,1.0,24.84067695802251,2.0,576.990168224101,340.6532258064516,286.2672575112182,0.0,0.0,5.830645161290323,0.0,0.0,88.0,1.9118282098721133,864.4285003644876,0.10356875807617721,100.0,1.0,5.571083200589423
57,2038,11,10,4.974214387304059E17,40.66776418768503,0.0029693085641472657,0.0,37.893812446397845,0.0,618.9243860728587,347.08165322580646,534.1369559877091,0.0,0.0,5.91633064516129,0.0,0.0,88.0,24.75763655273569,874.1647780111808,0.10863811524349239,100.0,1.0,5.697120064036947
50,2038,11,11,2.9539370702862316E18,39.90822499879796,0.002175860931341664,1.0,26.626067389009705,2.0,666.9094993354099,348.6975806451613,328.8076790118855,0.0,0.0,5.939516129032258,0.0,0.0,88.0,0.0,904.1823254050477,0.119288730281186,100.0,1.0,5.590716723728878
52,2038,11,11,1.0005304447219302E18,41.28441608975097,0.015413830330889446,0.0,26.79808358198197,0.0,611.2699228637396,354.43548387096774,334.656688340912,0.0,0.0,5.887096774193548,0.0,0.0,88.0,32.106306251571354,912.5697001936255,0.10569192433619608,100.0,1.0,5.783506419273316
54,2038,11,11,4.281117921937587E18,41.03471651548652,0.0021103599437565877,1.0,28.504678960846668,1.0,580.4707400712203,347.9717741935484,357.41432892213777,0.0,0.0,5.794354838709677,0.0,0.0,88.0,0.0,895.1403633454586,0.10097731535370316,100.0,1.0,5.748526171823329
40,2038,11,11,5.096996787781837E17,40.3999988216999,0.003656581288041178,1.0,28.19302778960468,2.0,616.436495902916,354.58165322580646,348.48831719952426,0.0,0.0,5.91633064516129,0.0,0.0,88.0,1.7570291614271638,886.0454379901274,0.10891856606931032,100.0,1.0,5.659608991828324
45,2038,11,11,3.0688222562761073E18,39.147345569228854,0.0029871006926940826,1.0,41.364602315680784,4.0,586.0160102217583,348.71270161290323,639.50360345986,0.0,0.0,5.942540322580645,0.0,0.0,88.0,0.0,905.4892197643547,0.10685678078136653,100.0,1.0,5.484125629994148
56,2038,11,12,4.898742477016446E18,40.582255008229794,0.0026329960331141554,1.0,36.067778009713216,2.0,572.9089123944152,356.21774193548384,501.2833500585644,0.0,0.0,5.943548387096774,0.0,0.0,88.0,6.566388129502175,887.2382425162859,0.1007730324183772,100.0,1.0,5.68514113990221
58,2038,11,12,7.278710821350941E18,40.45355445104163,0.00897325048085301,1.0,33.06716872487718,2.0,586.134550547708,356.15725806451616,453.94322481739283,0.0,0.0,5.931451612903226,0.0,0.0,88.0,19.05748209236481,917.2496793980029,0.10342738869550415,100.0,1.0,5.667111564358644
59,2038,11,12,8.617806463867117E18,40.764557175120316,0.0022705593321996572,1.0,41.35898491578835,2.0,548.2161629490439,350.08165322580646,608.3174564285711,0.0,0.0,5.91633064516129,0.0,0.0,88.0,4.52595849045619,861.4707920884811,0.09599840805867624,100.0,1.0,5.71067972933429
47,2038,11,12,8.507560024639921E18,41.07490607918852,0.002634542125911053,1.0,32.31075269754254,2.0,546.361914515063,356.0866935483871,417.3553273079043,0.0,0.0,5.917338709677419,0.0,0.0,88.0,0.0,872.9149480735387,0.094950829613493,100.0,1.0,5.754156301099049
48,2038,11,12,5.859174576972996E18,41.23135107643427,0.0046301602068385276,1.0,23.058811922600846,2.0,575.5459734316331,355.8296370967742,254.85600749443438,0.0,0.0,5.865927419354839,0.0,0.0,88.0,10.903003753538766,848.7856969892881,0.09964313394221631,100.0,1.0,5.77607257681594
49,2038,11,12,1.481964993321812E18,38.97657772661801,0.00897325048085301,1.0,20.640769460753134,5.0,581.344396572307,356.2631048387097,232.61219588198438,0.0,0.0,5.952620967741935,0.0,0.0,88.0,0.0,892.263562612304,0.10646937663917361,100.0,1.0,5.460202876386629
51,2038,11,12,6.492828447697523E18,42.14224160171029,0.0036926956711329333,0.0,34.034441915548115,0.0,577.4222497624253,355.6280241935484,450.1048912301825,0.0,0.0,5.825604838709677,0.0,0.0,88.0,0.0,871.4395537145848,0.09780719554927374,100.0,1.0,5.9036786252758775
41,2038,11,12,6.307363977605812E18,39.29718035747292,0.0040420047211049675,1.0,31.712951774333234,6.0,622.8327014307231,356.16733870967744,424.5465117943106,0.0,0.0,5.933467741935484,0.0,0.0,88.0,4.962348557043673,912.8180227132615,0.1131370736487557,100.0,1.0,5.50511588592404
42,2038,11,12,8.834479670273441E18,41.068876932395575,0.0037264329239422847,1.0,18.779934237949714,2.0,572.902124290374,355.6784274193548,211.69834672039508,0.0,0.0,5.835685483870968,0.0,0.0,88.0,0.0,913.1680697266112,0.09957780074555425,100.0,1.0,5.753311681930793
43,2038,11,12,6.605295447056412E18,39.94893671967008,0.002215617402679762,1.0,31.185255849419665,4.0,619.0832583358458,356.0413306451613,414.9986011592516,0.0,0.0,5.908266129032258,0.0,0.0,88.0,0.0,914.3197256949517,0.11062130043004259,100.0,1.0,5.59642000165562
44,2038,11,12,3.1730362057635645E18,41.23868975647741,0.0023174717150963382,1.0,27.091573775558135,1.0,571.306579638749,356.2278225806452,342.2840277058333,0.0,0.0,5.945564516129032,0.0,0.0,88.0,13.63403112894903,919.288191557985,0.09889157459519189,100.0,1.0,5.7771006476271225
53,2038,11,13,2.861374886328272E18,41.5154384986206,0.00897325048085301,1.0,41.63898209502672,2.0,554.1119403648312,361.5352822580645,662.8734674156767,0.0,0.0,5.507056451612903,0.0,0.0,88.0,0.0,927.9322397520948,0.09527584381750434,100.0,1.0,5.815870195032881
46,2038,11,13,4.898224502314156E18,41.27921702977408,0.00897325048085301,1.0,39.62688401773343,2.0,587.6238070552293,357.58165322580646,603.1109220082323,0.0,0.0,5.91633064516129,0.0,0.0,88.0,0.0,917.7107059607805,0.10161617794665591,100.0,1.0,5.782778086415594
57,2039,2,25,4.974214387304059E17,46.90805352619332,0.2177372868519726,0.0,46.58998662416343,0.0,292.89999999999856,245.9929435483871,772.1005990733506,0.0,0.0,6.698588709677419,0.0,0.0,103.60000000000144,691.3224810432869,884.4236162328544,0.04468349892144164,100.0,1.0,6.554992493200858
46,2039,2,25,4.898224502314156E18,46.396287870907805,0.2177372868519726,0.0,44.07594195933706,0.0,292.89999999999856,246.3608870967742,753.1574892358465,0.0,0.0,6.772177419354839,0.0,0.0,103.60000000000144,732.4083645436809,954.7432213215956,0.04517637197563094,100.0,1.0,6.483477694003291
55,2039,2,26,2.797545246119503E18,47.51251794017564,0.2374784379098476,0.0,29.777174042741244,0.0,295.7999999999945,247.5584677419355,404.62401423789385,0.0,0.0,6.711693548387097,0.0,0.0,103.60000000000144,785.9168941212912,953.1794393702347,0.04455180832699062,100.0,1.0,6.639461137670395
56,2039,2,26,4.898742477016446E18,47.4626288029573,0.1119795789009402,0.0,45.142762140479796,0.0,295.7999999999945,248.1733870967742,748.019504953925,0.0,0.0,6.834677419354839,0.0,0.0,103.60000000000144,720.2190666482358,908.3232503227193,0.04459863782916957,100.0,1.0,6.632489564659475
47,2039,2,26,8.507560024639921E18,47.26261291632629,0.2374784379098476,0.0,38.03636247867302,0.0,295.7999999999945,247.64415322580646,551.2927561108892,0.0,0.0,6.72883064516129,0.0,0.0,103.60000000000144,702.4850440225209,897.1776844057023,0.044787379744554816,100.0,1.0,6.604539084159248
49,2039,2,26,1.481964993321812E18,47.168313045664654,0.15281752761251483,0.0,37.56505657660878,0.0,295.7999999999945,248.18850806451613,537.9474440652934,0.0,0.0,6.837701612903226,0.0,0.0,103.60000000000144,619.4998707305638,893.0628617791272,0.044876919603932454,100.0,1.0,6.5913614974160195
52,2039,2,26,1.0005304447219302E18,47.05771048184845,0.2374784379098476,1.0,36.930464134173334,1.0,295.7999999999945,248.09274193548387,548.2140863678482,0.0,0.0,6.818548387096774,0.0,0.0,103.60000000000144,656.6480708918066,935.3447812478782,0.0449823965239428,100.0,1.0,6.57590575109863
54,2039,2,26,4.281117921937587E18,48.62111528039094,0.11863154445926932,0.0,40.446902275835235,0.0,295.7999999999945,246.4798387096774,631.9741728490894,0.0,0.0,6.495967741935484,0.0,0.0,103.60000000000144,705.2964930203826,929.7360963009409,0.043535994190925256,100.0,1.0,6.794377973838754
41,2039,2,26,6.307363977605812E18,48.09604913912816,0.2374784379098476,0.0,45.44973742945397,0.0,295.7999999999945,247.84576612903226,756.3194543547281,0.0,0.0,6.769153225806452,0.0,0.0,103.60000000000144,706.842067384467,906.9843041678037,0.044011278063198066,100.0,1.0,6.721004547408054
45,2039,2,26,3.0688222562761073E18,47.83684095161738,0.10191031817116955,0.0,50.526005706501216,0.0,292.89999999999856,247.70967741935485,991.1331353730262,0.0,0.0,6.741935483870968,0.0,0.0,103.60000000000144,791.6063663863678,969.7651092855463,0.043815935949125785,100.0,1.0,6.684782457690317
58,2039,2,27,7.278710821350941E18,48.00367362135145,0.2572195889677248,0.0,47.33331426170775,0.0,298.7000000000056,249.19959677419354,827.7941397325674,0.0,0.0,6.73991935483871,0.0,0.0,103.60000000000144,639.7368361977063,920.3777892792378,0.04452828428346784,100.0,1.0,6.7080958722432715
59,2039,2,27,8.617806463867117E18,47.777842326865816,0.2572195889677248,0.0,48.81260380617409,0.0,298.7000000000056,249.92540322580646,854.9425713647532,0.0,0.0,6.88508064516129,0.0,0.0,103.60000000000144,685.6087113431848,895.7821842282923,0.04473875590778613,100.0,1.0,6.676537913027242
48,2039,2,27,5.859174576972996E18,48.09733851959301,0.17690480671783032,0.0,34.297567341287234,0.0,298.7000000000056,255.3709677419355,470.2571791524938,0.0,0.0,6.774193548387097,0.0,0.0,143.0,627.2456069266183,899.8974702595422,0.0444415697719241,100.0,1.0,6.721184727113508
50,2039,2,27,2.9539370702862316E18,48.653830158350566,0.2572195889677248,0.0,41.296447984166626,0.0,298.7000000000056,249.1945564516129,656.4395190782404,0.0,0.0,6.738911290322581,0.0,0.0,103.60000000000144,660.6660233355003,932.3620163409545,0.043933257026332585,100.0,1.0,6.798949593492958
51,2039,2,27,6.492828447697523E18,46.86305535426876,0.15532583874862574,1.0,42.11402757096804,1.0,298.7000000000056,249.00806451612902,648.0828998798336,0.0,0.0,6.701612903225806,0.0,0.0,103.60000000000144,666.9542833540237,889.7972996593754,0.04561207564260188,100.0,1.0,6.548704390050131
53,2039,2,27,2.861374886328272E18,49.01846162231161,0.25103324918549474,0.0,50.52590447273088,0.0,298.7000000000056,247.26915322580646,937.6451625047195,0.0,0.0,6.35383064516129,0.0,0.0,103.60000000000144,642.6914228695774,917.4004581308783,0.043606452649044725,100.0,1.0,6.849903669166016
40,2039,2,27,5.096996787781837E17,47.82618794764975,0.2572195889677248,1.0,35.63240929386801,1.0,298.7000000000056,249.65826612903226,508.2105121020871,0.0,0.0,6.831653225806452,0.0,0.0,103.60000000000144,724.2638503852809,917.1035357319553,0.04469353125116446,100.0,1.0,6.683293793041318
42,2039,2,27,8.834479670273441E18,48.23598303515684,0.2572195889677248,0.0,30.425954552252847,0.0,298.7000000000056,254.6451612903226,410.2096215259659,0.0,0.0,6.629032258064516,0.0,0.0,143.0,592.073771965623,936.8633892913414,0.04431383152499266,100.0,1.0,6.740559092290205
43,2039,2,27,6.605295447056412E18,47.87850327099863,0.2572195889677248,0.0,39.29827737901627,0.0,298.7000000000056,249.64818548387098,626.4342869795416,0.0,0.0,6.829637096774194,0.0,0.0,103.60000000000144,727.1242749436886,966.6716524127369,0.04464469604581598,100.0,1.0,6.690604404462045
44,2039,2,27,3.1730362057635645E18,48.031354969276514,0.2572195889677248,1.0,39.52653010637216,1.0,298.7000000000056,249.52217741935485,614.8720908157726,0.0,0.0,6.804435483870968,0.0,0.0,103.60000000000144,707.9326520639005,939.9094662680238,0.04450262181921827,100.0,1.0,6.711964099854748
56,2039,7,7,4.898742477016446E18,39.74250716242902,0.001009137480977623,1.0,44.81115303171766,2.0,331.3986616503909,230.21774193548387,620.3852238767017,0.0,0.09879032258064516,5.943548387096774,0.0,0.0,103.69999999999817,415.02552975002334,763.0978218909913,0.05982056987448101,90.12096774193549,1.0,5.539878044387588
57,2039,7,7,4.974214387304059E17,40.63236681173075,0.002478798475373768,0.0,45.130884964007535,0.0,322.12252648454387,230.42439516129033,639.9429478562566,0.0,0.0,5.984879032258065,0.0,0.0,103.69999999999817,425.1048211199823,777.0831480555171,0.0568727244323335,100.0,1.0,5.663919386661377
58,2039,7,7,7.278710821350941E18,40.7250739213114,0.0037140937420749227,0.0,47.353310772548035,0.0,341.9306368690336,230.19254032258064,700.9781442892566,0.0,0.0,5.938508064516129,0.0,0.0,103.69999999999817,362.0271958908825,778.4426057938413,0.060232541822872375,100.0,1.0,5.676842227156197
48,2039,7,7,5.859174576972996E18,39.9282544346333,0.00897325048085301,1.0,35.42465828608366,2.0,342.0723857872365,229.98084677419354,402.3276381881072,0.0,0.0,5.89616935483871,0.0,0.0,103.69999999999817,392.44465224108734,732.2886771881851,0.061460027364184946,100.0,1.0,5.56577015106529
49,2039,7,7,1.481964993321812E18,40.638012444064664,0.0011427980744845977,1.0,37.062783343888505,1.0,330.97387518009344,227.70262096774192,456.18289856040116,0.0,0.0,5.440524193548387,0.0,0.0,103.69999999999817,434.8580564244361,773.6469594253148,0.05842736664697169,100.0,1.0,5.6647063554976755
53,2039,7,7,2.861374886328272E18,39.91806496862554,0.00897325048085301,1.0,48.41626766936318,1.0,343.5318076201741,230.2227822580645,729.9876886109045,0.0,0.036290322580645164,5.944556451612903,0.0,0.0,103.69999999999817,354.08153293564953,776.9127325723076,0.061737996370170106,96.37096774193549,1.0,5.564349797820099
40,2039,7,7,5.096996787781837E17,40.64989951220922,0.00897325048085301,1.0,35.917909310632396,1.0,341.64482335322793,229.5423387096774,434.41376222567146,0.0,0.09879032258064516,5.808467741935484,0.0,0.0,103.69999999999817,446.59787020228634,774.0244009798006,0.0602934902981226,90.12096774193549,1.0,5.66636334476503
43,2039,7,7,6.605295447056412E18,40.6655248196553,0.001240427216042716,0.0,41.28625176955657,0.0,341.72189294525367,229.6078629032258,557.6478505441969,0.0,0.09879032258064516,5.821572580645161,0.0,0.0,103.69999999999817,392.11809849732765,792.0937367722803,0.060283919166028516,90.12096774193549,1.0,5.668541423196361
45,2039,7,7,3.0688222562761073E18,38.354524429145,0.001270998651678897,2.0,49.19250884210562,4.0,331.91597416982654,230.25806451612902,771.8866675900911,0.0,0.0,5.951612903225806,0.0,0.0,103.69999999999817,414.89280390361085,796.413989161392,0.062082130027283335,100.0,1.0,5.346401195061428
55,2039,7,8,2.797545246119503E18,41.05280814023777,0.00897325048085301,0.0,35.253909882754314,0.0,334.3744617631907,231.9546370967742,412.97587617799155,0.0,0.0,5.990927419354839,0.0,0.0,103.69999999999817,322.380125911596,757.3097970275375,0.0584312648740708,100.0,1.0,5.722526501588215
59,2039,7,8,8.617806463867117E18,40.21213821999762,0.0034459487253659833,1.0,48.230022951074304,2.0,344.4691652810055,231.69758064516128,709.3440315318362,0.0,0.014112903225806451,5.939516129032258,0.0,0.0,103.69999999999817,412.44750321301774,760.491233584344,0.06145372928666121,98.58870967741935,1.0,5.605341926023259
50,2039,7,8,2.9539370702862316E18,40.00329331736201,0.0022354884107755415,1.0,41.54951553019602,1.0,345.85142796098273,231.98991935483872,541.8340293376865,0.0,0.0,5.997983870967742,0.0,0.0,103.69999999999817,284.08857063920135,761.2382893202079,0.06202244512201774,100.0,1.0,5.576230141855642
51,2039,7,8,6.492828447697523E18,40.30650388862117,0.001402947229651822,1.0,42.19029477229714,1.0,342.978516404628,231.9546370967742,557.0857023729413,0.0,0.0,5.990927419354839,0.0,0.0,103.69999999999817,409.7839610777622,762.3468408708561,0.06104454267420688,100.0,1.0,5.6184959601564275
54,2039,7,8,4.281117921937587E18,40.06499877760588,0.0012982133218826736,1.0,39.25468933930665,2.0,335.8916493904347,231.83870967741936,504.3201944708108,0.0,0.0,5.967741935483871,0.0,0.0,103.69999999999817,357.79914669939,779.3718204921868,0.060143559853948404,100.0,1.0,5.584831529861356
41,2039,7,8,6.307363977605812E18,40.229393763674786,0.0017363100775644412,1.0,42.848255768367196,2.0,335.17203754273953,231.7227822580645,589.086956877716,0.0,0.036290322580645164,5.944556451612903,0.0,0.0,103.69999999999817,386.28566200000535,784.8316503703063,0.05976946224519115,96.37096774193549,1.0,5.607747250055046
44,2039,7,8,3.1730362057635645E18,39.49259179880655,0.00897325048085301,1.0,37.883167781271446,3.0,344.8691305242064,231.9445564516129,483.4612481427811,0.0,0.09879032258064516,5.988911290322581,0.0,0.0,103.69999999999817,399.466457000002,791.7447146618018,0.06264605720848312,90.12096774193549,1.0,5.505041273012574
47,2039,7,9,8.507560024639921E18,40.463846420526906,2.3099548166743126E-4,1.0,39.95763326503552,3.0,336.92478769190177,233.27822580645162,494.6711883234781,0.0,0.0,5.955645161290323,0.0,0.0,103.69999999999817,344.77956529836456,742.3559542670066,0.059733898090306374,100.0,1.0,5.640428608602357
52,2039,7,9,1.0005304447219302E18,39.962604913732086,0.0066765256553966085,1.0,36.81585284239897,3.0,336.634649796906,233.47479838709677,463.13212186682597,0.0,0.0,5.994959677419355,0.0,0.0,103.69999999999817,361.69905524782797,793.6151067885355,0.060431042086663965,100.0,1.0,5.570558411257236
42,2039,7,9,8.834479670273441E18,41.67558218052032,0.0011364298987909087,1.0,30.84671565975249,1.0,348.090998021247,233.38407258064515,358.54216878823723,0.0,0.0,5.976814516129032,0.0,0.0,103.69999999999817,442.3995968141279,802.4300645926668,0.05991922309895071,100.0,1.0,5.809337638547298
46,2039,7,10,4.898224502314156E18,40.09176750158363,0.0026548078345719046,1.0,45.75029621212497,2.0,330.1277369613916,235.24697580645162,673.9807513848722,0.0,0.0,6.049395161290323,0.0,0.0,103.69999999999817,366.9122782499961,798.1783368698294,0.059072026332323606,100.0,1.0,5.588562936781281
53,2039,11,9,2.861374886328272E18,37.932117306792925,0.00897325048085301,1.0,38.32230038362929,6.0,536.3620861582078,339.445564516129,547.854768046391,0.0,0.0,5.889112903225806,0.0,0.0,88.0,0.0,880.5219298656817,0.10169168539357568,100.0,1.0,5.274394696895172
56,2039,11,10,4.898742477016446E18,40.824461878224206,0.00897325048085301,1.0,40.00918415341807,1.0,538.0651710868152,340.89516129032256,567.5769354892369,0.0,0.0,5.879032258064516,0.0,0.0,88.0,0.0,850.0424619864074,0.09478702030611064,100.0,1.0,5.676570160652342
58,2039,11,10,7.278710821350941E18,39.57964873045028,0.00897325048085301,1.0,37.11366625930014,4.0,544.9037122556932,346.4616935483871,532.7354114962893,0.0,0.0,5.792338709677419,0.0,0.0,88.0,1.6504127383082718,901.5063306661094,0.09901073625571899,100.0,1.0,5.503481065410407
44,2039,11,10,3.1730362057635645E18,40.37682673331118,0.00176361055048212,1.0,30.87142710128578,2.0,568.8316125814183,347.05141129032256,401.90535233980313,0.0,0.0,5.910282258064516,0.0,0.0,88.0,0.0,898.6159813516549,0.1013178578134185,100.0,1.0,5.614327275147762
45,2039,11,10,3.0688222562761073E18,40.09670742643386,0.006006191754252365,1.0,45.663461189986165,2.0,528.8283252962736,340.59274193548384,747.2992997152217,0.0,0.0,5.818548387096774,0.0,0.0,88.0,4.040803288670642,888.1686282229566,0.09485068162105495,100.0,1.0,5.575377174505031
55,2039,11,11,2.797545246119503E18,39.44531326781082,0.00897325048085301,1.0,21.145327225901546,4.0,583.8526971560995,348.773185483871,237.70555415642738,0.0,0.0,5.954637096774194,0.0,0.0,88.0,0.0,883.9642441664906,0.10644918486959572,100.0,1.0,5.484801953827462
48,2039,11,11,5.859174576972996E18,38.608427310023984,0.008319903567793129,1.0,23.366486295306583,6.0,542.2666284401727,348.35987903225805,256.1346986584335,0.0,0.0,5.871975806451613,0.0,0.0,88.0,19.276366925636747,838.2535204403705,0.10101019883757069,100.0,1.0,5.368434422272189
49,2039,11,11,1.481964993321812E18,40.01391212255655,0.0018365228163841622,1.0,26.09481453981544,4.0,547.2320063946011,353.9465725806452,315.6465261484536,0.0,0.0,5.789314516129032,0.0,0.0,88.0,0.0,892.2902001073026,0.09835465860265445,100.0,1.0,5.563864632029051
50,2039,11,11,2.9539370702862316E18,41.226562544201805,0.026607051609802406,0.0,30.36883873713988,0.0,575.7360361502468,354.58165322580646,407.30156418003014,0.0,0.0,5.91633064516129,0.0,0.0,88.0,26.824341706814913,932.284113466697,0.1004339971251825,100.0,1.0,5.7324815563463085
52,2039,11,11,1.0005304447219302E18,40.65310615526414,0.0029791668263124296,1.0,28.893052863857488,1.0,612.3945477101554,348.81350806451616,368.9632624281003,0.0,0.0,5.962701612903226,0.0,0.0,88.0,0.0,906.3253417315075,0.10833581136428627,100.0,1.0,5.652743446494702
41,2039,11,11,6.307363977605812E18,40.532205964363904,0.002784993941915905,1.0,34.13452156543897,2.0,577.5120049937652,348.6421370967742,471.83463667999365,0.0,0.0,5.928427419354839,0.0,0.0,88.0,9.621378989961753,908.9894565644245,0.1024696456937545,100.0,1.0,5.635932485994381
42,2039,11,11,8.834479670273441E18,40.39399612781468,0.004158132752943953,1.0,18.605584388507477,2.0,627.0965042116746,354.3296370967742,209.3088022109267,0.0,0.0,5.865927419354839,0.0,0.0,88.0,1.0183724653594464,913.1685190596386,0.11164827543258934,100.0,1.0,5.616714649482438
43,2039,11,11,6.605295447056412E18,38.83648306540029,0.0028927306514677812,1.0,30.025519127480578,5.0,547.4223805401173,348.758064516129,386.57113033831,0.0,0.0,5.951612903225806,0.0,0.0,88.0,0.0,899.2623810945482,0.10137178957254613,100.0,1.0,5.400145176961266
46,2039,11,11,4.898224502314156E18,39.37902347897429,0.004486625240426505,1.0,37.33237548991036,5.0,655.2137631706379,348.4506048387097,538.9813951061545,0.0,0.0,5.890120967741935,0.0,0.0,88.0,0.0,903.4165055150393,0.11966097249221044,100.0,1.0,5.475584474405724
57,2039,11,12,4.974214387304059E17,42.319043669973965,0.002821776880771401,0.0,38.88916979164417,0.0,550.0762922050541,361.5725806451613,572.9171931109955,0.0,0.0,5.814516129032258,0.0,0.0,88.0,0.0,899.26706916181,0.09348061084979814,100.0,1.0,5.884389149840926
59,2039,11,12,8.617806463867117E18,41.70220375854481,0.0026626856026270153,1.0,42.59561632583064,1.0,580.2464725114909,355.6431451612903,648.0128527803716,0.0,0.0,5.828629032258065,0.0,0.0,88.0,0.0,872.5035178503892,0.10006632766246948,100.0,1.0,5.798618636917522
47,2039,11,12,8.507560024639921E18,40.74947714921641,0.0036066119296033145,1.0,31.019830851151877,3.0,619.7027054855173,349.8346774193548,385.90070886521863,0.0,0.0,5.866935483870968,0.0,0.0,88.0,0.0,856.7661155503326,0.109369395152452,100.0,1.0,5.6661436649777785
51,2039,11,12,6.492828447697523E18,40.83831651681792,0.00897325048085301,1.0,34.61931476036369,2.0,581.0333383378746,356.37399193548384,462.1452943789401,0.0,0.0,5.974798387096774,0.0,0.0,88.0,0.0,871.3776440534072,0.10232168420878056,100.0,1.0,5.678496623964036
54,2039,11,12,4.281117921937587E18,40.06774285196898,0.00897325048085301,1.0,27.78698502671593,3.0,579.1187025155574,356.44959677419354,356.324069735828,0.0,0.0,5.98991935483871,0.0,0.0,88.0,0.0,924.2691022305039,0.1039458539845412,100.0,1.0,5.571349700986476
40,2039,11,12,5.096996787781837E17,40.62991022310786,0.0022949489720851834,1.0,25.790083709790267,4.0,550.2263587718508,361.73891129032256,311.15500727232336,0.0,0.0,5.847782258064516,0.0,0.0,88.0,0.0,893.6906497129976,0.09739350326015878,100.0,1.0,5.649518092619371
49,2040,2,25,1.481964993321812E18,46.520833728671306,0.12888500374412912,0.0,38.338260957803854,0.0,292.89999999999856,245.6451612903226,557.1683161207769,0.0,0.0,6.629032258064516,0.0,0.0,103.89999999999854,621.3796312335966,895.0497171868627,0.04539262571863412,100.0,1.0,6.452589938628737
53,2040,2,25,2.861374886328272E18,46.473405742739175,0.2348108987213036,0.0,49.361630189805,0.0,292.89999999999856,245.97782258064515,905.207355311326,0.0,0.0,6.695564516129032,0.0,0.0,103.89999999999854,640.6716782528787,927.8587314969535,0.04543895072493824,100.0,1.0,6.446011523748641
54,2040,2,25,4.281117921937587E18,45.79957558384537,0.24106773810218987,0.0,38.59648972201725,0.0,292.89999999999856,246.7540322580645,581.149358951239,0.0,0.0,6.850806451612903,0.0,0.0,103.89999999999854,642.5718677878615,923.6204571072454,0.04610747515986233,100.0,1.0,6.3525491036857975
40,2040,2,25,5.096996787781837E17,47.104930948218865,0.24106773810218987,0.0,35.09277316432623,0.0,292.89999999999856,245.73084677419354,470.1601731417014,0.0,0.0,6.64616935483871,0.0,0.0,103.89999999999854,673.6151404189063,868.642825618845,0.04482976094128489,100.0,1.0,6.533606110093248
42,2040,2,25,8.834479670273441E18,46.823183238068935,0.24106773810218987,0.0,34.32648345005075,0.0,292.89999999999856,246.60282258064515,468.03446351522507,0.0,0.0,6.820564516129032,0.0,0.0,103.89999999999854,663.354366823088,894.4501277976723,0.0450995136923432,100.0,1.0,6.4945267924191805
43,2040,2,25,6.605295447056412E18,46.70709418348474,0.18281913704916544,0.0,39.347832027835715,0.0,292.89999999999856,246.5171370967742,613.3524869282099,0.0,0.0,6.803427419354839,0.0,0.0,103.89999999999854,670.655307225525,944.5511238962534,0.04521160715476639,100.0,1.0,6.478424865485453
56,2040,2,26,4.898742477016446E18,47.18312851989522,0.2608088891600661,0.0,46.06266330531574,0.0,295.7999999999945,247.75,752.3890853932547,0.0,0.0,6.75,0.0,0.0,103.89999999999854,622.2758696782897,880.317389069976,0.04519858705673263,100.0,1.0,6.544452365927071
57,2040,2,26,4.974214387304059E17,46.64199420644609,0.1450554593100567,0.0,43.384460646814965,0.0,295.7999999999945,248.06754032258064,684.9169448731167,0.0,0.0,6.813508064516129,0.0,0.0,103.89999999999854,701.5534356326845,892.9277803875121,0.04572297514930773,100.0,1.0,6.469395288343853
47,2040,2,26,8.507560024639921E18,47.5680434704066,0.2608088891600661,0.0,39.137463037511736,0.0,295.7999999999945,247.49798387096774,535.5653236336146,0.0,0.0,6.699596774193548,0.0,0.0,103.89999999999854,558.217085878756,832.143448689512,0.04483284546572211,100.0,1.0,6.5978413131540945
48,2040,2,26,5.859174576972996E18,48.398366938083356,0.2553804200634088,0.0,35.23976186968867,0.0,295.7999999999945,247.7852822580645,470.39303730655416,0.0,0.0,6.757056451612903,0.0,0.0,103.89999999999854,648.5601224267068,863.6103231792085,0.04406369216431961,100.0,1.0,6.713009860746925
52,2040,2,26,1.0005304447219302E18,48.214831307434395,0.2608088891600661,0.0,38.23564489426356,0.0,295.7999999999945,247.79032258064515,586.5556144244986,0.0,0.0,6.758064516129032,0.0,0.0,103.89999999999854,687.9494162985351,946.6592150922908,0.04423142597797817,100.0,1.0,6.687552875805241
41,2040,2,26,6.307363977605812E18,47.893187644021474,0.10251921743713278,0.0,42.539501896180596,0.0,295.7999999999945,247.84576612903226,683.1871966193611,0.0,0.0,6.769153225806452,0.0,0.0,103.89999999999854,670.7366722670137,921.660055007116,0.044528477784078,100.0,1.0,6.642939860516935
45,2040,2,26,3.0688222562761073E18,47.08321761710963,0.2608088891600661,1.0,57.70091111481457,1.0,295.7999999999945,247.7298387096774,1199.0988071779238,0.0,0.0,6.745967741935484,0.0,0.0,103.89999999999854,591.4974667155956,878.5114406862469,0.04529449876086037,100.0,1.0,6.53059440091651
46,2040,2,26,4.898224502314156E18,47.20289492497206,0.2608088891600661,0.0,47.96800798153362,0.0,295.7999999999945,247.83064516129033,871.4937133128691,0.0,0.0,6.766129032258065,0.0,0.0,103.89999999999854,651.8047743765726,944.6170417849349,0.045179659963763406,100.0,1.0,6.547194030172926
55,2040,2,27,2.797545246119503E18,48.424814757032145,0.279652715169858,0.0,36.94498569915245,0.0,298.7000000000056,249.3054435483871,519.038801452821,0.0,0.0,6.761088709677419,0.0,0.0,103.89999999999854,585.6776661262323,884.8633712310232,0.044471387268527944,100.0,1.0,6.716678258683269
58,2040,2,27,7.278710821350941E18,48.321209448790945,0.2480515501457189,0.0,44.02823966301739,0.0,298.7000000000056,249.4616935483871,750.8885727312818,0.0,0.0,6.792338709677419,0.0,0.0,103.89999999999854,745.7771274080399,953.8281906792055,0.044566738188722664,100.0,1.0,6.702307867700082
59,2040,2,27,8.617806463867117E18,48.29633759148077,0.14404846493272708,0.0,50.53490719634183,0.0,298.7000000000056,249.33064516129033,909.4099827096545,0.0,0.0,6.766129032258065,0.0,0.0,103.89999999999854,672.9522563096127,889.5858524373872,0.0445896893607637,100.0,1.0,6.698858060734641
50,2040,2,27,2.9539370702862316E18,49.06583113201567,0.13270687881746127,0.0,39.02550256594344,0.0,298.7000000000056,249.06350806451613,598.1000995032226,0.0,0.0,6.712701612903226,0.0,0.0,103.89999999999854,639.9594337128809,933.5470337869365,0.04389039461438002,100.0,1.0,6.805589300902323
51,2040,2,27,6.492828447697523E18,48.07548561163342,0.17051994827430378,0.0,44.00823260514105,0.0,298.7000000000056,249.69354838709677,693.5197081884614,0.0,0.0,6.838709677419355,0.0,0.0,103.89999999999854,604.911227706861,881.5909690422021,0.04479452808575668,100.0,1.0,6.6682251775967085
44,2040,2,27,3.1730362057635645E18,47.13860890889363,0.10894057608082741,0.0,38.731699052091784,0.0,298.7000000000056,249.83467741935485,584.5892840688992,0.0,0.0,6.866935483870968,0.0,0.0,103.89999999999854,618.3991364684856,923.8115727596131,0.04568481633874425,100.0,1.0,6.5382773520462845
55,2040,7,5,2.797545246119503E18,40.40473100649663,0.0015234720680565464,0.0,35.28005149716141,0.0,339.35997074915184,228.55645161290323,412.6626043459178,0.0,0.0,5.911290322580645,0.0,0.0,104.0,355.1266565793733,755.8208534649114,0.060704424490275626,100.0,1.0,5.590366329945433
52,2040,7,5,1.0005304447219302E18,37.83997106981924,0.0012724405106144376,1.0,33.59232392829952,6.0,329.2479282369667,228.14818548387098,403.68400249012535,0.0,0.0,5.829637096774194,0.0,0.0,104.0,406.1862779058685,796.6293183409119,0.062887482196494,100.0,1.0,5.235508192365227
42,2040,7,5,8.834479670273441E18,39.11085673747779,9.76839808496956E-4,1.0,29.804892287481632,4.0,318.82879498738066,226.11189516129033,335.38896595037033,0.0,0.0,5.422379032258065,0.0,0.0,104.0,452.2617583199915,788.503237528013,0.058918564964761444,100.0,1.0,5.4113469188882775
43,2040,7,5,6.605295447056412E18,40.06395412880415,0.0019297312862049465,1.0,39.53286261952597,2.0,318.6699762831983,228.1179435483871,527.3902073051794,0.0,0.09879032258064516,5.823588709677419,0.0,0.0,104.0,428.9583545800416,805.6185891740788,0.05748827671239508,90.12096774193549,1.0,5.543216713164925
45,2040,7,5,3.0688222562761073E18,40.582436733330894,0.001954105069872173,0.0,55.42551939204242,0.0,327.66783058492894,228.0423387096774,980.5712163946858,0.0,0.0,5.808467741935484,0.0,0.0,104.0,412.68000001755394,787.8785574627047,0.05835628514528354,100.0,1.0,5.614953552460863
58,2040,7,6,7.278710821350941E18,39.932742153122206,0.0011480617298941927,1.0,43.978223401528744,1.0,342.092093114328,230.25302419354838,618.4739704171119,0.0,0.0,5.950604838709677,0.0,0.0,104.0,390.14454559784315,786.8130675647186,0.0619164224305797,100.0,1.0,5.525062328946403
59,2040,7,6,8.617806463867117E18,39.276308142962854,0.0014895834131562146,1.0,49.36731272401053,3.0,342.05817941557905,230.02116935483872,720.8832018411667,0.0,0.09879032258064516,5.904233870967742,0.0,0.0,104.0,355.68062974000316,738.495784521497,0.06294500515510948,90.12096774193549,1.0,5.434238643283563
47,2040,7,6,8.507560024639921E18,39.357936108014634,0.001907578758684739,1.0,32.50275563536164,3.0,331.2632417593709,230.36895161290323,363.63200378230226,0.0,0.0,5.973790322580645,0.0,0.0,104.0,388.7262708445583,753.9189286515724,0.06083211040508548,100.0,1.0,5.445532623370531
48,2040,7,6,5.859174576972996E18,40.19717972095096,2.811344846435567E-4,1.0,32.908589874687074,1.0,332.39669459296397,230.4647177419355,364.1361772642733,0.0,0.0,5.992943548387097,0.0,0.0,104.0,401.3947230467457,741.0699140740012,0.059765845124674706,100.0,1.0,5.561649699750199
49,2040,7,6,1.481964993321812E18,40.28860412374737,0.0013877591216908485,1.0,37.755878985797786,2.0,321.29565124118307,229.63810483870967,474.10363276332134,0.0,0.03024193548387097,5.827620967741935,0.0,0.0,104.0,405.0312248899907,780.4465189491306,0.057638753333029036,96.9758064516129,1.0,5.574299107143758
50,2040,7,6,2.9539370702862316E18,40.66515328745946,0.0013368966747397217,1.0,37.86075115689662,1.0,343.2717869922427,227.85383064516128,479.81870155056447,0.0,0.09879032258064516,5.470766129032258,0.0,0.0,104.0,387.62717980331183,786.4429275949648,0.06101093060070363,90.12096774193549,1.0,5.62639814886357
51,2040,7,6,6.492828447697523E18,41.224342961966364,0.0015188304808485152,0.0,43.21892432742073,0.0,341.70763338167865,228.85685483870967,582.6960011540208,0.0,0.0,5.671370967741935,0.0,0.0,104.0,422.25197351112615,764.5987220480998,0.05990911309078039,100.0,1.0,5.703767185868508
53,2040,7,6,2.861374886328272E18,40.13565901201082,0.0013733165719089413,1.0,47.40580426257863,1.0,321.23320452345797,228.83165322580646,749.1717993795784,0.0,0.0,5.66633064516129,0.0,0.0,104.0,502.56441672471925,829.9858604551647,0.05784715225108407,100.0,1.0,5.553137743568665
54,2040,7,6,4.281117921937587E18,40.533990498616745,0.0028094084160466552,1.0,39.82503723780541,1.0,320.1602948371545,229.6633064516129,529.4813566807161,0.0,0.0,5.832661290322581,0.0,0.0,104.0,415.95550037734205,798.9816022089665,0.057087373475116526,100.0,1.0,5.608250570096858
41,2040,7,6,6.307363977605812E18,40.06328309245614,0.0027901898261359004,1.0,39.51192600471627,2.0,331.71036452718687,230.28326612903226,529.5417140934711,0.0,0.0030241935483870967,5.956653225806452,0.0,0.0,104.0,472.2863210000082,809.6044009635374,0.05984177376508075,99.69758064516128,1.0,5.543123869111457
46,2040,7,6,4.898224502314156E18,39.63733007298762,0.001965232255990587,1.0,48.112847276814776,2.0,330.73640779346147,230.36895161290323,732.3594551758238,0.0,0.0,5.973790322580645,0.0,0.0,104.0,341.97064655184704,788.8869313581969,0.060307255407398584,100.0,1.0,5.484189349344627
56,2040,7,7,4.898742477016446E18,41.08195249050643,0.0013612333860517276,1.0,45.234819329820844,1.0,333.6223764314965,231.88407258064515,641.8015170023863,0.0,0.09879032258064516,5.976814516129032,0.0,0.0,104.0,428.66813433811956,776.2562656567967,0.05869431625153724,90.12096774193549,1.0,5.6840661538971196
57,2040,7,7,4.974214387304059E17,41.06326963102942,2.863559637749883E-4,1.0,43.87377710012646,2.0,332.79964697273493,231.93951612903226,602.2754365780298,0.0,0.0,5.987903225806452,0.0,0.0,104.0,392.6723846603415,769.5452374076732,0.058576211865714545,100.0,1.0,5.681481208373038
40,2040,7,7,5.096996787781837E17,39.39218516158863,0.0021415872269339047,1.0,32.041946420774366,2.0,325.0031144925425,232.0,354.7126593020824,0.0,0.0,6.0,0.0,0.0,104.0,354.51513194000086,750.9357432269359,0.05963063064138739,100.0,1.0,5.450271295084543
44,2040,7,7,3.1730362057635645E18,40.02072000501385,0.001716383030002495,1.0,39.34963270482426,3.0,343.1190335239497,229.42943548387098,503.02500970521885,0.0,0.0,5.485887096774194,0.0,0.0,104.0,352.44094032939745,774.4322438101465,0.06196577196246103,100.0,1.0,5.537234874307897
46,2040,11,7,4.898224502314156E18,39.16497643203381,0.0023877728794180516,1.0,40.499890537817095,2.0,530.3787022931137,337.9405241935484,607.7351018306929,0.0,0.0,5.888104838709677,0.0,0.0,88.0,0.0,891.6560284360406,0.09812016222863187,100.0,1.0,5.405399769491484
58,2040,11,9,7.278710821350941E18,38.39068782331258,2.464366275088719E-4,1.0,32.82869771353338,6.0,538.192072358147,347.05645161290323,442.9324113371719,0.0,0.0,5.911290322580645,0.0,0.0,88.0,0.0,904.7380242360227,0.10157374236789513,100.0,1.0,5.298535426693659
47,2040,11,9,8.507560024639921E18,39.79965845666492,0.0017519036471794274,1.0,25.27654312717133,3.0,534.2684492382059,341.2278225806452,285.4231803004383,0.0,0.0,5.945564516129032,0.0,0.0,88.0,0.0,841.8683797292917,0.09726357618285857,100.0,1.0,5.492996147229508
49,2040,11,9,1.481964993321812E18,40.813391862349484,0.002793664533266823,1.0,30.238776096733254,2.0,540.6771920800305,346.15423387096774,383.6985848052286,0.0,0.0,5.730846774193548,0.0,0.0,88.0,0.0,884.0420094217767,0.09598545135663664,100.0,1.0,5.632907742144476
51,2040,11,9,6.492828447697523E18,40.6361338676586,0.00897325048085301,1.0,34.907225077094914,1.0,547.1409853525348,346.81451612903226,462.84831580752115,0.0,0.0,5.862903225806452,0.0,0.0,88.0,7.442123204281211,861.9298145088499,0.09755665852988371,100.0,1.0,5.608443273863605
52,2040,11,9,1.0005304447219302E18,40.189814239818695,2.1951295270935422E-4,1.0,29.091782601821297,3.0,496.8930615548262,346.70362903225805,370.3821610037637,0.0,0.0,5.840725806451613,0.0,0.0,88.0,0.0,901.3092276406283,0.0895812223871083,100.0,1.0,5.546843951376292
40,2040,11,9,5.096996787781837E17,39.581047944191496,0.0032796968131772676,1.0,23.185444287213038,3.0,566.8386989587674,341.23790322580646,257.4022121846701,0.0,0.0,5.94758064516129,0.0,0.0,88.0,0.8989458745680844,850.7927203910413,0.10376293676692164,100.0,1.0,5.462824363115642
41,2040,11,9,6.307363977605812E18,39.842291037141905,0.002656379656854073,1.0,32.09405100344413,3.0,539.0960762075697,347.02620967741933,426.83750486986764,0.0,0.0,5.905241935483871,0.0,0.0,88.0,0.0,901.6199029659949,0.09803743002702889,100.0,1.0,5.498880132403931
43,2040,11,9,6.605295447056412E18,40.3606629529933,0.00897325048085301,1.0,32.929978719683064,1.0,509.87686803742184,347.0967741935484,441.6050976780915,0.0,0.0,5.919354838709677,0.0,0.0,88.0,0.0,897.9463499180567,0.09153286771719145,100.0,1.0,5.570423835214967
45,2040,11,9,3.0688222562761073E18,40.50260827203692,0.011416017940192036,1.0,49.096471597089426,2.0,513.1270263577983,340.7086693548387,864.8425430107241,0.0,0.0,5.841733870967742,0.0,0.0,88.0,31.375071937491352,895.752613064304,0.09179350405855179,100.0,1.0,5.590014583499208
55,2040,11,10,2.797545246119503E18,40.11359538544967,0.0067064652323266345,1.0,24.935547690190464,4.0,514.8699965848867,342.3397177419355,288.9474623292094,0.0,0.0,5.867943548387097,0.0,0.0,88.0,3.217451891119592,868.2403200131793,0.0929985218447092,100.0,1.0,5.5363245175512255
56,2040,11,10,4.898742477016446E18,39.78805334242458,0.002631451753915839,1.0,37.19350367368177,4.0,582.7838730859465,342.4405241935484,510.00382615233605,0.0,0.0,5.888104838709677,0.0,0.0,88.0,0.0,859.9863238836527,0.10612675486696599,100.0,1.0,5.491394453891375
57,2040,11,10,4.974214387304059E17,40.52949860138083,0.0041697260598759335,1.0,35.21158057417406,2.0,582.616304991818,348.6068548387097,476.00300400114213,0.0,0.0,5.921370967741935,0.0,0.0,88.0,3.952158771195531,874.6287292147565,0.10415531921263267,100.0,1.0,5.593725883575941
59,2040,11,10,8.617806463867117E18,40.01973640120749,0.0019635121402304234,1.0,42.12965552533523,3.0,536.6433751739883,348.58165322580646,625.3809018645179,0.0,0.0,5.91633064516129,0.0,0.0,88.0,4.348882022378671,857.9346669475915,0.09715867856295177,100.0,1.0,5.523370460686971
48,2040,11,10,5.859174576972996E18,42.052317731110804,0.0032653749930324047,0.0,26.232415459194645,0.0,542.9330696037639,354.0725806451613,302.92767403196956,0.0,0.0,5.814516129032258,0.0,0.0,88.0,8.71896530612433,850.4180898713261,0.09354625561087641,100.0,1.0,5.803899536740392
53,2040,11,10,2.861374886328272E18,38.85062565984323,0.00897325048085301,1.0,40.144937738358536,6.0,542.4869003564726,348.70262096774195,612.6563980044671,0.0,0.0,5.940524193548387,0.0,0.0,88.0,0.0,912.1510742239451,0.1011722221942566,100.0,1.0,5.362014282090849
54,2040,11,10,4.281117921937587E18,39.71623418511438,0.003179748575780663,1.0,29.546135733364707,4.0,545.3119650345419,348.4657258064516,384.083937743888,0.0,0.0,5.893145161290323,0.0,0.0,88.0,0.0,914.3505806654846,0.09948257427942307,100.0,1.0,5.481482249372531
42,2040,11,10,8.834479670273441E18,41.26427805987413,0.00897325048085301,1.0,22.341760665815023,2.0,506.9600541855619,354.08266129032256,264.64967933842775,0.0,0.0,5.816532258064516,0.0,0.0,88.0,0.4174335243175341,918.1834550572325,0.08901630026637446,100.0,1.0,5.695137325057576
44,2040,11,10,3.1730362057635645E18,40.060163265385846,0.00536677660338099,1.0,28.22590743370675,3.0,574.5288668506893,348.71774193548384,360.5407412055071,0.0,0.0,5.943548387096774,0.0,0.0,88.0,0.0,915.0051710481399,0.1039128341965431,100.0,1.0,5.5289500213612905
50,2040,11,11,2.9539370702862316E18,41.053324849621994,0.0019011123900112342,1.0,27.2132809162447,3.0,549.0947306648343,355.6633064516129,347.3879445973271,0.0,0.0,5.832661290322581,0.0,0.0,88.0,0.0,927.7914028717289,0.09691008869610343,100.0,1.0,5.6660223724149
55,2041,2,23,2.797545246119503E18,46.32630090832826,0.2240185621885684,0.0,32.60352712443182,0.0,290.00000000000006,243.23790322580646,413.0222480190885,0.0,0.0,6.44758064516129,0.0,0.0,104.19999999999817,620.5912448994723,852.7225300691824,0.04546928197784964,100.0,1.0,6.377932251960203
56,2041,2,24,4.898742477016446E18,47.39150376749996,0.2437597132464451,0.0,42.95135176007791,0.0,292.89999999999856,246.2701612903226,696.0158622861131,0.0,0.0,6.754032258064516,0.0,0.0,104.19999999999817,727.933891243609,923.4976887219386,0.04489175709255252,100.0,1.0,6.524583107676805
57,2041,2,24,4.974214387304059E17,46.38214722623551,0.2437597132464451,0.0,40.577668660186866,0.0,292.89999999999856,246.5070564516129,636.7114445615775,0.0,0.0,6.801411290322581,0.0,0.0,104.19999999999817,753.0976856472072,931.3716663492862,0.04586868014118173,100.0,1.0,6.385620844080658
59,2041,2,24,8.617806463867117E18,46.195943188010745,0.2437597132464451,0.0,49.75365075931981,0.0,292.89999999999856,246.17943548387098,866.0482142639114,0.0,0.0,6.735887096774194,0.0,0.0,104.19999999999817,623.4810032976858,873.7484027036016,0.046053565065720725,100.0,1.0,6.359985368820324
47,2041,2,24,8.507560024639921E18,47.61897213247392,0.11896732931553475,0.0,35.41130722471372,0.0,292.89999999999856,246.31048387096774,499.0088922330416,0.0,0.0,6.762096774193548,0.0,0.0,104.19999999999817,733.9041907762537,909.2358776592217,0.044677316206297155,100.0,1.0,6.555899612401407
48,2041,2,24,5.859174576972996E18,47.20318852832087,0.2437597132464451,0.0,30.5737826311819,0.0,292.89999999999856,246.08870967741936,390.3460350345558,0.0,0.0,6.717741935483871,0.0,0.0,104.19999999999817,729.8608167283263,885.1888353771683,0.04507085096814904,100.0,1.0,6.498656974703828
50,2041,2,24,2.9539370702862316E18,46.877803440533015,0.12147525234518035,0.0,32.839063426048575,0.0,292.89999999999856,245.47883064516128,459.59983325601104,0.0,0.0,6.595766129032258,0.0,0.0,104.19999999999817,678.6642111905811,938.7723890728859,0.04538369375775514,100.0,1.0,6.453859872301558
51,2041,2,24,6.492828447697523E18,46.86859198952248,0.2437597132464451,0.0,43.23473224853756,0.0,292.89999999999856,245.56451612903226,658.3660380301118,0.0,0.0,6.612903225806452,0.0,0.0,104.19999999999817,591.798062581038,863.6511706177726,0.04539261337010065,100.0,1.0,6.452591693980916
52,2041,2,24,1.0005304447219302E18,46.43629679693098,0.2437597132464451,0.0,35.8850033166078,0.0,292.89999999999856,245.9173387096774,526.9263206769879,0.0,0.0,6.683467741935484,0.0,0.0,104.19999999999817,671.5508566898089,940.2176575916158,0.04581519247077434,100.0,1.0,6.393075838038668
54,2041,2,24,4.281117921937587E18,46.99830798982582,0.17337106205294872,0.0,35.713048455914404,0.0,292.89999999999856,246.34576612903226,519.4821376993074,0.0,0.0,6.769153225806452,0.0,0.0,104.19999999999817,660.0336012357155,934.1737885633607,0.0452673291098469,100.0,1.0,6.470450228888913
41,2041,2,24,6.307363977605812E18,46.589884736843594,0.2437597132464451,0.0,36.451518890504886,0.0,292.89999999999856,246.21975806451613,534.6061155564388,0.0,0.0,6.743951612903226,0.0,0.0,104.19999999999817,694.4412014266819,930.9944605173405,0.0456641583768282,100.0,1.0,6.414220920988827
42,2041,2,24,8.834479670273441E18,45.89742796639945,0.12476274565403196,0.0,30.173778639479657,0.0,290.00000000000006,245.9022177419355,390.3922514887094,0.0,0.0,6.680443548387097,0.0,0.0,104.19999999999817,618.1852985515826,902.3161446114576,0.04589415425486508,100.0,1.0,6.318887551332492
44,2041,2,24,3.1730362057635645E18,46.99583309019269,0.2437597132464451,1.0,38.235314006757335,1.0,292.89999999999856,246.54737903225808,559.1625730906624,0.0,0.0,6.809475806451613,0.0,0.0,104.19999999999817,646.9424451642757,902.3627213574907,0.04526971298281692,100.0,1.0,6.470109499284322
45,2041,2,24,3.0688222562761073E18,46.4081274562747,0.2437597132464451,0.0,54.39969712530974,0.0,292.89999999999856,245.93245967741936,1111.8079978858557,0.0,0.0,6.686491935483871,0.0,0.0,104.19999999999817,771.8487455871555,931.3061923700864,0.045843001904911765,100.0,1.0,6.38919764913162
46,2041,2,24,4.898224502314156E18,46.47669992448221,0.2437597132464451,0.0,46.1700391697428,0.0,292.89999999999856,245.71068548387098,816.7268207971321,0.0,0.0,6.642137096774194,0.0,0.0,104.19999999999817,663.0096605267521,951.4012171955042,0.04577536440492221,100.0,1.0,6.398638302669703
58,2041,2,25,7.278710821350941E18,46.01345809490667,0.26350086430432307,1.0,40.20387015566683,1.0,295.7999999999945,248.16834677419354,619.7528417110605,0.0,0.0,6.83366935483871,0.0,0.0,104.19999999999817,629.9946940540808,920.7739072691097,0.04669399346903483,100.0,1.0,6.33486189601998
53,2041,2,25,2.861374886328272E18,47.099015380256745,0.26350086430432307,1.0,49.961548279988385,1.0,295.7999999999945,248.29435483870967,934.3107038073199,0.0,0.0,6.858870967741935,0.0,0.0,104.19999999999817,627.2136166840089,935.0506039050141,0.04561777129362081,100.0,1.0,6.484315029247368
40,2041,2,25,5.096996787781837E17,47.73873849616118,0.26350086430432307,1.0,36.16430172041928,1.0,295.7999999999945,247.99697580645162,501.64736359786684,0.0,0.0,6.799395161290323,0.0,0.0,104.19999999999817,628.8805986820854,884.3522042189945,0.04500647020540881,100.0,1.0,6.572388339942415
43,2041,2,25,6.605295447056412E18,47.03701736565184,0.26350086430432307,0.0,44.46380932422385,0.0,295.7999999999945,247.76008064516128,731.6477304106049,0.0,0.0,6.752016129032258,0.0,0.0,104.19999999999817,569.1047410769897,912.8148905869564,0.04567789864457322,100.0,1.0,6.475779507758444
49,2041,2,26,1.481964993321812E18,48.46344596961075,0.2832420153621989,1.0,39.57431264434127,1.0,298.7000000000056,247.9546370967742,602.0026758015591,0.0,0.0,6.490927419354839,0.0,0.0,104.19999999999817,693.2729781047257,918.3120185562702,0.04476809902295734,100.0,1.0,6.672161796435236
58,2041,7,6,7.278710821350941E18,39.89687312185196,0.00897325048085301,1.0,40.4722916436847,1.0,317.2434583481171,228.86895161290323,539.6713199387145,0.0,0.014112903225806451,5.973790322580645,0.0,0.0,104.30000000000183,400.5181990409085,792.7635270651168,0.05790002957163335,98.58870967741935,1.0,5.479158831095701
59,2041,7,6,8.617806463867117E18,39.30253701513896,0.0017580819907627378,1.0,49.4721853724937,3.0,310.20857167335157,227.72479838709677,730.8773688268742,0.0,0.0,5.744959677419355,0.0,0.0,104.30000000000183,378.61859433806484,745.6380321501847,0.05747224714606147,100.0,1.0,5.397536847393132
49,2041,7,6,1.481964993321812E18,40.638811887779006,0.00897325048085301,0.0,38.78835235356016,0.0,329.30494252177346,228.88407258064515,488.762671638009,0.0,0.07963709677419355,5.976814516129032,0.0,0.0,104.30000000000183,327.6224542778041,770.2153583701793,0.05900410350366901,92.03629032258065,1.0,5.581051536547734
50,2041,7,6,2.9539370702862316E18,38.40044462769406,0.0018962913104085045,1.0,31.344324018098913,4.0,311.14021392417567,228.91935483870967,358.60040109231466,0.0,0.0,5.983870967741935,0.0,0.0,104.30000000000183,354.5399400457767,784.0530618505328,0.05899902879003079,100.0,1.0,5.273649758396528
43,2041,7,6,6.605295447056412E18,38.89887348610946,0.007391474860669704,1.0,41.28436107611747,3.0,318.8306903540856,228.9546370967742,560.5184262726293,0.0,0.0,5.990927419354839,0.0,0.0,104.30000000000183,384.5186628993441,796.0571941408848,0.059682645405643366,100.0,1.0,5.3421005082314625
44,2041,7,6,3.1730362057635645E18,39.77852803652878,0.003089962286795117,1.0,33.06538725728598,1.0,311.2769771356579,228.72782258064515,404.34289598045325,0.0,0.0,5.945564516129032,0.0,0.0,104.30000000000183,464.19372056447907,817.3263434517088,0.05698010712763778,100.0,1.0,5.462906140881496
45,2041,7,6,3.0688222562761073E18,40.000895688263974,9.372519825415739E-4,1.0,55.559212435924394,1.0,310.5052323107064,228.44052419354838,966.6979758984072,0.0,0.09879032258064516,5.888104838709677,0.0,0.0,104.30000000000183,367.86844362273524,772.4088433682666,0.05652286622088873,90.12096774193549,1.0,5.493444566262199
46,2041,7,6,4.898224502314156E18,40.366790015870116,0.0015449811433975585,1.0,47.467322893856874,1.0,310.5982077705263,228.69254032258064,727.5827253224852,0.0,0.0,5.938508064516129,0.0,0.0,104.30000000000183,378.9756190175148,804.2995653610838,0.05602730071033205,100.0,1.0,5.543693946213057
55,2041,7,7,2.797545246119503E18,39.78115846209859,0.0013219284739029195,1.0,28.33286414362525,3.0,306.7266113425046,230.44959677419354,304.59193199203577,0.0,0.09879032258064516,5.98991935483871,0.0,0.0,104.30000000000183,391.35613600000175,768.789043542012,0.05614343756492201,90.12096774193549,1.0,5.463267385218767
56,2041,7,7,4.898742477016446E18,39.96366148105956,0.00897325048085301,1.0,43.43089479147725,3.0,314.61312895688405,230.01612903225808,592.0609272799463,0.0,0.09879032258064516,5.903225806451613,0.0,0.0,104.30000000000183,391.9408956928963,770.2370784121937,0.05732400695283308,90.12096774193549,1.0,5.488331079433295
47,2041,7,7,8.507560024639921E18,38.6855587135688,0.0013481446034935409,1.0,33.97574598320781,5.0,314.86689115694884,230.38407258064515,388.12240488201616,0.0,0.0,5.976814516129032,0.0,0.0,104.30000000000183,386.7656489914515,753.0985989514423,0.05926565550073275,100.0,1.0,5.312805342261942
48,2041,7,7,5.859174576972996E18,37.84590033382436,0.002505095053281134,2.0,28.234578562148815,7.0,314.4150492455236,230.34375,288.43548132499103,0.0,0.0,5.96875,0.0,0.0,104.30000000000183,376.1199652199917,731.7111358900967,0.06049360319928407,100.0,1.0,5.197492505277727
51,2041,7,7,6.492828447697523E18,39.713269713202436,0.0026690215588498077,1.0,42.78409309444074,2.0,314.02775355388434,230.3639112903226,550.8325458434365,0.0,0.0,5.972782258064516,0.0,0.0,104.30000000000183,319.9766512823171,735.62676269326,0.0575781035840917,100.0,1.0,5.453944017021208
52,2041,7,7,1.0005304447219302E18,40.00229745999356,0.0015540787116129276,1.0,38.928515666906016,1.0,313.4482033547342,230.4798387096774,491.2177950668592,0.0,0.0,5.995967741935484,0.0,0.0,104.30000000000183,294.06199431658064,769.5144031413848,0.05705659093018316,100.0,1.0,5.493637075833756
53,2041,7,7,2.861374886328272E18,40.89519910794949,0.0018113141866881392,0.0,49.87992311437668,0.0,321.84802075573725,230.42439516129033,808.0497934889806,0.0,0.0,5.984879032258065,0.0,0.0,104.30000000000183,415.63189829053493,811.0607491490422,0.057306447299520336,100.0,1.0,5.616261972645985
54,2041,7,7,4.281117921937587E18,40.542996546284456,0.0016672706207456313,1.0,37.21491301881528,1.0,314.18096352079425,230.43951612903226,465.94570349815024,0.0,0.0,5.987903225806452,0.0,0.0,104.30000000000183,344.3002770231287,784.9410602063016,0.056427263918305846,100.0,1.0,5.567892924520645
40,2041,7,7,5.096996787781837E17,39.85363857681965,0.001159634334563588,1.0,34.33826215208408,2.0,322.62191838829784,230.00604838709677,396.76692893252925,0.0,0.0846774193548387,5.901209677419355,0.0,0.0,104.30000000000183,386.38758883334725,757.4378994344585,0.05894552782099852,91.53225806451613,1.0,5.473221299638076
41,2041,7,7,6.307363977605812E18,40.20955818065626,9.327703202549939E-4,1.0,37.258579754642305,2.0,313.6696825948528,229.61290322580646,470.5461527692976,0.0,0.0,5.82258064516129,0.0,0.0,104.30000000000183,410.52204789560403,791.2117821845858,0.05680259973389579,100.0,1.0,5.522100820460809
42,2041,7,7,8.834479670273441E18,39.01711787015983,0.0015709472130344929,1.0,26.41349556372875,4.0,312.62529734873056,230.22782258064515,289.9731399934756,0.0,0.0,5.945564516129032,0.0,0.0,104.30000000000183,453.82034600000634,806.2277711597798,0.058343691175493526,100.0,1.0,5.358339368833842
57,2041,7,8,4.974214387304059E17,41.32284726576702,0.001109726747570248,0.0,43.938683106397065,0.0,316.25974855577806,231.90927419354838,612.7676713061999,0.0,0.09879032258064516,5.981854838709677,0.0,0.0,104.30000000000183,419.8100997018777,780.8101233802814,0.05572866671131305,90.12096774193549,1.0,5.6749921937676024
58,2041,11,9,7.278710821350941E18,37.47983379526099,0.004693122636429404,2.0,28.548780482899836,7.0,504.8444976759765,339.38004032258067,356.92935253376504,0.0,0.0,5.876008064516129,0.0,0.0,88.0,0.0,891.6839328006023,0.09832450480943981,100.0,1.0,5.134472821952194
49,2041,11,9,1.481964993321812E18,38.21364720732517,0.0031865236082574628,1.0,25.13215285979176,7.0,509.47976450271807,338.81048387096774,297.19147986686124,0.0,0.0,5.762096774193548,0.0,0.0,88.0,0.0,883.7239888245103,0.09732182549471464,100.0,1.0,5.235000082590795
52,2041,11,9,1.0005304447219302E18,39.526394925275476,0.002720815791647378,1.0,27.192989556544404,3.0,534.5856540048495,338.9465725806452,338.35878862501073,0.0,0.0,5.789314516129032,0.0,0.0,88.0,46.2164579491893,904.2896765307015,0.0987260795551939,100.0,1.0,5.414837258943151
53,2041,11,9,2.861374886328272E18,39.61015805718836,0.026607051609802406,1.0,42.279255276588366,3.0,540.7611244523715,339.65725806451616,661.9246735752539,0.0,0.0,5.931451612903226,0.0,0.0,88.0,25.296233672020414,902.4253088744683,0.0996553649730835,100.0,1.0,5.4263122170936695
43,2041,11,9,6.605295447056412E18,38.49349043603221,0.0023392206675842127,2.0,33.94724223337126,6.0,499.0071387267714,339.18850806451616,455.0925950531717,0.0,0.0,5.837701612903226,0.0,0.0,88.0,0.0,884.0210926145925,0.09462834893181206,100.0,1.0,5.273336630720984
45,2041,11,9,3.0688222562761073E18,37.65950716955301,0.002606987356436093,1.0,45.97618030405509,7.0,505.5103989145318,339.5766129032258,751.3583831725039,0.0,0.0,5.915322580645161,0.0,0.0,88.0,0.0,881.8979350601909,0.09798447241839477,100.0,1.0,5.159086806693176
56,2041,11,10,4.898742477016446E18,41.331606537619344,0.0049906843608748756,0.0,37.330405746000714,0.0,537.2271635405814,346.71370967741933,525.0411208974564,0.0,0.0,5.842741935483871,0.0,0.0,88.0,0.0,880.3988743996596,0.09488061130084896,100.0,1.0,5.662138514655359
57,2041,11,10,4.974214387304059E17,40.32902057807957,0.0036358389306535783,1.0,36.771809720210484,3.0,580.3148878415319,340.8850806451613,499.31676432213436,0.0,0.0,5.877016129032258,0.0,0.0,88.0,0.0,857.3769946406527,0.10503833632123058,100.0,1.0,5.5247913111152105
59,2041,11,10,8.617806463867117E18,39.264349422600084,2.5228437024440574E-4,1.0,41.70829843857984,6.0,504.22695560208,346.023185483871,614.2312265397765,0.0,0.0,5.704637096774194,0.0,0.0,88.0,0.0,857.1966325957945,0.09374097148889173,100.0,1.0,5.378938873722156
47,2041,11,10,8.507560024639921E18,39.52803724506839,0.005317272127166439,1.0,26.383241805407334,4.0,528.8234429692794,347.0715725806452,307.3189228487395,0.0,0.0,5.914314516129032,0.0,0.0,88.0,7.157523865545029,855.8674491595879,0.0976578696655037,100.0,1.0,5.415062245168748
50,2041,11,10,2.9539370702862316E18,39.70953150506137,0.00204402061067267,1.0,23.943814012640942,4.0,499.12280412539013,340.9959677419355,282.67296539648066,0.0,0.0,5.899193548387097,0.0,0.0,88.0,0.0,896.0078722310717,0.09175176898220647,100.0,1.0,5.439925678405019
51,2041,11,10,6.492828447697523E18,41.0690675229432,0.0046349434301926765,1.0,36.31447173433228,1.0,535.5252049498185,340.7842741935484,482.30458962298474,0.0,0.0,5.856854838709677,0.0,0.0,88.0,0.0,844.7794415805024,0.09518463980218833,100.0,1.0,5.626172521771801
40,2041,11,10,5.096996787781837E17,39.80526802427343,0.002766106806674776,1.0,24.897355512346365,3.0,536.4647936419267,347.09173387096774,286.74476506291495,0.0,0.0,5.918346774193548,0.0,0.0,88.0,0.0,863.2043779717036,0.09837901509911197,100.0,1.0,5.45304090614716
41,2041,11,10,6.307363977605812E18,38.485491429536104,0.002410867942195875,1.0,24.898031017296727,6.0,538.9002470778306,346.85483870967744,300.4135066986876,0.0,0.0,5.870967741935484,0.0,0.0,88.0,0.0,904.2533239193755,0.10221464935747507,100.0,1.0,5.272240823261408
42,2041,11,10,8.834479670273441E18,39.50120189885682,0.0025874424685274062,1.0,18.159291807803026,4.0,530.9405428470257,347.0766129032258,201.51886157726418,0.0,0.0,5.915322580645161,0.0,0.0,88.0,0.0,905.5342470019017,0.09811544466183122,100.0,1.0,5.411385992052397
44,2041,11,10,3.1730362057635645E18,39.94945081876115,0.0025593983117093697,1.0,25.054066138912418,3.0,507.0152088124795,347.02620967741933,307.0649546118058,0.0,0.0,5.905241935483871,0.0,0.0,88.0,4.281540326537241,916.8152670459666,0.09264286354846571,100.0,1.0,5.472792931829408
46,2041,11,10,4.898224502314156E18,40.06413120003302,0.002737416254073519,1.0,40.33678943005975,3.0,510.6709693974961,341.06149193548384,612.2189921466526,0.0,0.0,5.912298387096774,0.0,0.0,88.0,0.0,904.4125432278877,0.0930437567812126,100.0,1.0,5.488503335030973
55,2041,11,11,2.797545246119503E18,40.06796705107498,0.00179035324837451,2.0,18.42695826295703,4.0,538.9103053015648,348.460685483871,199.1127148869309,0.0,0.0,5.892137096774194,0.0,0.0,88.0,0.0,879.3296701623232,0.0981795364930264,100.0,1.0,5.489028819563058
54,2041,11,11,4.281117921937587E18,39.96883678633774,0.00897325048085301,1.0,23.954945963091074,4.0,544.1232404967855,354.4405241935484,295.11854584208385,0.0,0.0,5.888104838709677,0.0,0.0,88.0,0.0,934.9996268273882,0.09937509655000648,100.0,1.0,5.475448672625716
48,2041,11,12,5.859174576972996E18,40.54175866843334,0.002707679686437241,1.0,21.90247778485197,5.0,529.3211661568765,355.960685483871,239.12966179875792,0.0,0.0,5.892137096774194,0.0,0.0,88.0,0.0,850.9782939103555,0.09530561177841662,100.0,1.0,5.55393492869587
55,2042,2,24,2.797545246119503E18,46.41806838567885,0.13121286164434587,1.0,28.865410558294425,1.0,290.00000000000006,244.37197580645162,363.70369708618165,0.0,0.0,6.674395161290323,0.0,0.0,104.5,641.8399251423431,895.0425706568614,0.045718201942664294,100.0,1.0,6.343206593375923
57,2042,2,24,4.974214387304059E17,45.77465452762881,0.2868313155545407,0.0,42.8432875322945,0.0,290.00000000000006,244.19052419354838,676.111736366171,0.0,0.0,6.638104838709677,0.0,0.0,104.5,663.7133694979505,901.0199418227231,0.046360822296626386,100.0,1.0,6.255281628624239
59,2042,2,24,8.617806463867117E18,46.04505073149154,0.1877168295514013,0.0,47.82692811959096,0.0,290.00000000000006,243.9889112903226,806.585467803638,0.0,0.0,6.597782258064516,0.0,0.0,104.5,627.9681363230454,879.0010805572601,0.046088571747266396,100.0,1.0,6.292232304143825
48,2042,2,24,5.859174576972996E18,45.75203310584235,0.2868313155545407,0.0,31.16808185066251,0.0,290.00000000000006,244.58366935483872,397.5627827401245,0.0,0.0,6.716733870967742,0.0,0.0,104.5,666.1987948914756,876.6470150329604,0.046383744725300005,100.0,1.0,6.252190324810484
49,2042,2,24,1.481964993321812E18,47.10286238332585,0.2868313155545407,0.0,38.60982966305404,0.0,290.00000000000006,243.40927419354838,582.3936583341718,0.0,0.0,6.481854838709677,0.0,0.0,104.5,732.2944358068054,925.1402314922067,0.04505353850843883,100.0,1.0,6.436786312482006
51,2042,2,24,6.492828447697523E18,46.340975096525135,0.17249621532145387,0.0,43.263291335451655,0.0,290.00000000000006,243.17237903225808,657.7181722980097,0.0,0.0,6.434475806451613,0.0,0.0,104.5,613.9920623205364,861.7844397097922,0.04579425918044608,100.0,1.0,6.33267150053229
54,2042,2,24,4.281117921937587E18,45.66901232802398,0.2868313155545407,0.0,28.388164389445397,0.0,290.00000000000006,244.3921370967742,370.27153832747695,0.0,0.0,6.678427419354839,0.0,0.0,104.5,645.189589138851,932.4728444681252,0.04646806480074982,100.0,1.0,6.240845217968288
46,2042,2,24,4.898224502314156E18,46.20824471996907,0.2868313155545407,0.0,46.23664916219972,0.0,290.00000000000006,244.13508064516128,809.6230256676545,0.0,0.0,6.627016129032258,0.0,0.0,104.5,610.4796289054691,940.5875619669579,0.04592580040868269,100.0,1.0,6.314533386884052
56,2042,2,25,4.898742477016446E18,47.96475904861115,0.3056751415643319,0.0,44.77397362515938,0.0,292.89999999999856,245.94758064516128,728.9083525546218,0.0,0.0,6.689516129032258,0.0,0.0,104.5,652.1374974585693,898.4767298606007,0.044686394198604124,100.0,1.0,6.554567788536135
58,2042,2,25,7.278710821350941E18,46.12098599070465,0.12324642048646178,1.0,38.08408643721552,1.0,292.89999999999856,246.0735887096774,570.1407984508528,0.0,0.0,6.714717741935484,0.0,0.0,104.5,650.4220139956657,925.9058903429309,0.04647281675459601,100.0,1.0,6.302609147766618
47,2042,2,25,8.507560024639921E18,46.91440163218139,0.30051104596263956,0.0,36.67428421101868,0.0,292.89999999999856,245.87197580645162,520.078927465319,0.0,0.0,6.674395161290323,0.0,0.0,104.5,682.5222448736091,897.1328198803596,0.04568686918980205,100.0,1.0,6.411032429978327
50,2042,2,25,2.9539370702862316E18,47.00953137701216,0.2969331913307533,1.0,34.40626709975769,1.0,292.89999999999856,245.66532258064515,492.99601203009877,0.0,0.0,6.633064516129032,0.0,0.0,104.5,654.4401090571193,938.7898539871516,0.04559441601954412,100.0,1.0,6.424032273479422
52,2042,2,25,1.0005304447219302E18,47.14553273533604,0.3056751415643319,0.0,42.238386866560376,0.0,292.89999999999856,245.59979838709677,662.6641147327966,0.0,0.0,6.619959677419355,0.0,0.0,104.5,542.8783374945201,905.49093052406,0.04546288918866799,100.0,1.0,6.442617379297714
53,2042,2,25,2.861374886328272E18,47.22840461495733,0.3056751415643319,0.0,49.12058713563478,0.0,290.00000000000006,246.16431451612902,928.9339283121943,0.0,0.0,6.732862903225806,0.0,0.0,104.5,780.0794396438548,961.4367154606367,0.04493377749145434,100.0,1.0,6.453942138631751
40,2042,2,25,5.096996787781837E17,46.16107148735123,0.3056751415643319,0.0,35.584800011216636,0.0,292.89999999999856,246.06350806451613,487.43781926583375,0.0,0.0,6.712701612903226,0.0,0.0,104.5,608.5040421002747,881.0710155913797,0.04643246054361241,100.0,1.0,6.308086984209844
41,2042,2,25,6.307363977605812E18,47.754512400407556,0.2989600547921666,0.0,39.11664136762229,0.0,292.89999999999856,245.77620967741936,575.7205681352791,0.0,0.0,6.655241935483871,0.0,0.0,104.5,576.8882972379878,895.0507143026333,0.04488313298051832,100.0,1.0,6.5258367798685715
43,2042,2,25,6.605295447056412E18,47.1322620150664,0.3056751415643319,0.0,43.22866832862269,0.0,292.89999999999856,246.39616935483872,694.4753362332507,0.0,0.0,6.779233870967742,0.0,0.0,104.5,671.241048272702,911.2729925657436,0.04547568987463721,100.0,1.0,6.440803884612541
45,2042,2,25,3.0688222562761073E18,46.94916775572563,0.3056751415643319,1.0,55.83508143241576,2.0,292.89999999999856,245.72076612903226,1154.7602277411272,0.0,0.0,6.644153225806452,0.0,0.0,104.5,633.3800834236893,912.7469558691332,0.04565303780546588,100.0,1.0,6.415783353740606
44,2042,2,26,3.1730362057635645E18,47.35422937809436,0.3096555034104213,1.0,37.44465746014207,1.0,295.7999999999945,247.93649193548387,563.7802922877605,0.0,0.0,6.787298387096774,0.0,0.0,104.5,676.6631799269122,940.9198857683884,0.0457106717849166,100.0,1.0,6.47113657379241
42,2042,2,27,8.834479670273441E18,48.694635312361434,0.3415681434877443,0.0,34.06183211142194,0.0,298.7000000000056,249.1290322580645,466.3162068903847,0.0,0.0,6.725806451612903,0.0,0.0,104.5,589.1321374284905,901.678201997352,0.04488821261214727,100.0,1.0,6.654308171744266
50,2042,7,5,2.9539370702862316E18,39.90610323894219,0.00794092962907349,1.0,32.47104371250507,2.0,315.6531760150798,225.78629032258064,394.12763228353055,0.0,0.0,5.657258064516129,0.0,0.0,104.60000000000149,466.5919322459794,818.29901546274,0.0580263224664209,100.0,1.0,5.4398273507293915
52,2042,7,5,1.0005304447219302E18,39.66805918842314,0.006346004583347239,1.0,38.815108563371794,1.0,315.8174803832047,227.02116935483872,511.3232704177592,0.0,0.0,5.904233870967742,0.0,0.0,104.60000000000149,394.975487000003,804.8510312946169,0.05840491783474393,100.0,1.0,5.407378215594907
41,2042,7,5,6.307363977605812E18,40.092514294349286,0.0025376839595172567,0.0,37.228301945985194,0.0,316.5923980459717,225.85685483870967,459.0427598044324,0.0,0.0,5.671370967741935,0.0,0.0,104.60000000000149,375.27744780305727,772.6943368083081,0.05792838158027243,100.0,1.0,5.465238099346238
44,2042,7,5,3.1730362057635645E18,38.43317366286061,0.001308054005955254,1.0,34.204281198726136,4.0,324.5696420910296,225.48387096774192,417.1143696274598,0.0,0.09879032258064516,5.596774193548387,0.0,0.0,104.60000000000149,445.68499327001075,801.0936366928382,0.06195207453389671,90.12096774193549,1.0,5.239043963143531
45,2042,7,5,3.0688222562761073E18,39.796318802541954,0.0012012383508504733,1.0,55.165034390902996,2.0,315.56195388847203,227.02620967741936,964.8421628229985,0.0,0.0,5.905241935483871,0.0,0.0,104.60000000000149,394.32397312139335,783.3373750570934,0.0581695816834575,100.0,1.0,5.4248620113115384
55,2042,7,6,2.797545246119503E18,38.78948585032358,0.0023663635234317036,1.0,26.38974025795024,2.0,310.2647292210678,228.9798387096774,277.3702067657589,0.0,0.0,5.995967741935484,0.0,0.0,104.60000000000149,387.37571329584324,771.9043866857668,0.058677633516147125,100.0,1.0,5.2876148990515786
56,2042,7,6,4.898742477016446E18,39.27368274658831,0.002754220528193068,1.0,43.34322610509029,2.0,319.7581059810443,228.7227822580645,576.7548253620355,0.0,0.03024193548387097,5.944556451612903,0.0,0.0,104.60000000000149,340.22319945093926,752.4554606462949,0.05972747301205526,96.9758064516129,1.0,5.353618525205396
57,2042,7,6,4.974214387304059E17,39.136918292656304,0.00897325048085301,2.0,41.42245805696961,3.0,309.1696109027033,228.90423387096774,557.6523660487896,0.0,0.03024193548387097,5.980846774193548,0.0,0.0,104.60000000000149,443.59383691929224,787.4443352628067,0.05795145966070083,96.9758064516129,1.0,5.33497538651927
59,2042,7,6,8.617806463867117E18,40.21576649252013,0.004545719595163635,1.0,50.21632694155591,2.0,309.60642769446116,227.57862903225808,737.8397805888483,0.0,0.0,5.715725806451613,0.0,0.0,104.60000000000149,308.6661972059284,730.7092596825895,0.056476506355544964,100.0,1.0,5.482039305784067
47,2042,7,6,8.507560024639921E18,39.94864682627685,0.0018663166557514657,1.0,37.94352576154932,1.0,318.4069784612086,228.92439516129033,457.20396769492095,0.0,0.0,5.984879032258065,0.0,0.0,104.60000000000149,361.0571246456983,746.5968595884025,0.058470217571856706,100.0,1.0,5.445626708501704
53,2042,7,6,2.861374886328272E18,39.20871574583237,2.3667380072936144E-4,1.0,47.51569840442205,3.0,318.8301869771425,228.68245967741936,736.8963693045116,0.0,0.0,5.936491935483871,0.0,0.0,104.60000000000149,422.6120300000039,812.9387703114882,0.05965282586369885,100.0,1.0,5.344762504724249
54,2042,7,6,4.281117921937587E18,40.39891696068639,0.003079358435433434,1.0,30.03045356478423,1.0,309.05166480798573,228.45060483870967,345.68490277962275,0.0,0.0,5.890120967741935,0.0,0.0,104.60000000000149,398.3069293540468,803.8742260957926,0.05611972968313527,100.0,1.0,5.5070055852542685
40,2042,7,6,5.096996787781837E17,41.04059296256709,0.0017975261379913944,0.0,35.58984734384922,0.0,317.18389408313914,228.1179435483871,432.3604693001645,0.0,0.0,5.823588709677419,0.0,0.0,104.60000000000149,452.66271902336956,781.3339460588779,0.05669590672042702,100.0,1.0,5.594476081795526
42,2042,7,6,8.834479670273441E18,39.833049710421136,0.0020155549148367148,2.0,28.94252800762067,2.0,339.12574246689684,228.09274193548387,323.5104227871835,0.0,0.07963709677419355,5.818548387096774,0.0,0.0,104.60000000000149,428.7585405740529,792.7634639401693,0.062455602862033145,92.03629032258065,1.0,5.429869009767447
43,2042,7,6,6.605295447056412E18,37.714068054282514,9.205222077198411E-4,1.0,39.11154964174797,6.0,318.70209727832673,228.74798387096774,496.7342362019692,0.0,0.0,5.949596774193548,0.0,0.0,104.60000000000149,346.80594974965925,772.1493298267903,0.06199201407818381,100.0,1.0,5.141018597595205
46,2042,7,6,4.898224502314156E18,40.711291463922535,0.0021203332894265173,1.0,46.27645905642709,1.0,309.9267143899147,228.0171370967742,712.238237234611,0.0,0.09879032258064516,5.803427419354839,0.0,0.0,104.60000000000149,421.78628483626017,825.9508180855031,0.05584680577956483,90.12096774193549,1.0,5.5495871261328515
58,2042,7,7,7.278710821350941E18,39.99664431514241,0.0025637858516722976,1.0,37.84689417231112,2.0,320.0349485165368,230.3790322580645,490.21862402311075,0.0,0.0,5.975806451612903,0.0,0.0,104.60000000000149,413.8232570000066,803.9597017641324,0.058698642334671515,100.0,1.0,5.4521695185358965
48,2042,7,7,5.859174576972996E18,38.92484941950819,0.0013745788114051859,1.0,30.718333174304718,4.0,312.08857194316624,230.40927419354838,332.62836039464645,0.0,0.09879032258064516,5.981854838709677,0.0,0.0,104.60000000000149,390.04164180999607,748.7594898788686,0.05881730621206305,90.12096774193549,1.0,5.306067075189494
49,2042,7,7,1.481964993321812E18,40.89900450155714,0.001244211103834305,1.0,39.20805744233687,1.0,314.066242123699,230.01612903225808,507.2815781974291,0.0,0.0030241935483870967,5.903225806451613,0.0,0.0,104.60000000000149,360.3623121455937,785.4004727597427,0.0563329800601166,99.69758064516128,1.0,5.575175355334271
51,2042,7,7,6.492828447697523E18,40.902935635203725,0.001252547526640567,1.0,44.89003168290027,1.0,313.05482759665574,230.42439516129033,600.9734226926769,0.0,0.0,5.984879032258065,0.0,0.0,104.60000000000149,327.0693091658571,736.8991920137966,0.05614616945836561,100.0,1.0,5.57571123046599
55,2042,11,8,2.797545246119503E18,38.942764176565994,0.002529101037444482,1.0,18.992252844912155,4.0,494.58349785471523,331.6532258064516,200.00245597991588,0.0,0.0,5.830645161290323,0.0,0.0,88.0,0.0,850.812682074236,0.09339908910264481,100.0,1.0,5.295378173454905
59,2042,11,8,8.617806463867117E18,39.39262499008957,0.00897325048085301,1.0,41.6599337678251,3.0,502.8656955822889,331.39112903225805,598.2070707605179,0.0,0.0,5.778225806451613,0.0,0.0,88.0,0.0,836.7253122898071,0.09387866001070343,100.0,1.0,5.356549566482473
48,2042,11,8,5.859174576972996E18,38.720120801282135,0.00897325048085301,1.0,24.648200872045727,5.0,523.4971925633341,330.79637096774195,264.87566409721114,0.0,0.0,5.659274193548387,0.0,0.0,88.0,0.0,808.1637143624995,0.09942771232141988,100.0,1.0,5.265103464022437
53,2042,11,8,2.861374886328272E18,39.19814378917225,0.00897325048085301,1.0,43.07836061036743,3.0,496.9401776627387,331.30040322580646,666.3845641039187,0.0,0.0,5.76008064516129,0.0,0.0,88.0,0.0,879.2000985244267,0.0932327303645785,100.0,1.0,5.330104306926303
41,2042,11,8,6.307363977605812E18,38.30005967728686,0.002747474121510417,1.0,25.58409997447813,5.0,476.31776288542073,331.6733870967742,300.7389504371131,0.0,0.0,5.834677419354839,0.0,0.0,88.0,0.0,873.0191193782961,0.09145914152539228,100.0,1.0,5.207984187706137
44,2042,11,8,3.1730362057635645E18,38.03466191773612,0.002433093948170558,1.0,26.454272408193848,6.0,467.8392005894297,331.66834677419354,318.61820514493775,0.0,0.0,5.83366935483871,0.0,0.0,88.0,0.0,883.9761838100302,0.09045797102674585,100.0,1.0,5.1718958017652525
46,2042,11,8,4.898224502314156E18,39.63206781693324,0.0033482277913630732,1.0,41.16423763026526,2.0,505.9347080857322,325.6381048387097,615.3418236102382,0.0,0.0,5.827620967741935,0.0,0.0,88.0,0.0,878.367120760749,0.09388096286222616,100.0,1.0,5.389108639929593
56,2042,11,9,4.898742477016446E18,40.46524226060302,0.00897325048085301,1.0,36.51959278523562,1.0,500.2467829021256,339.4858870967742,499.44499401645885,0.0,0.0,5.897177419354839,0.0,0.0,88.0,0.0,866.7057482189521,0.09091424851215363,100.0,1.0,5.502402440638899
57,2042,11,9,4.974214387304059E17,37.91441091156717,0.00344859741769909,1.0,33.62598707250715,7.0,499.4211566430988,339.375,437.6226406657683,0.0,0.0,5.875,0.0,0.0,88.0,8.787352579323038,862.2344466065555,0.09687069536193045,100.0,1.0,5.155544251820949
49,2042,11,9,1.481964993321812E18,39.17592519220984,0.00897325048085301,1.0,29.047174941945,4.0,539.5902019842149,333.39012096774195,359.18854903810404,0.0,0.0,5.878024193548387,0.0,0.0,88.0,0.0,875.9698470997965,0.10129186955424471,100.0,1.0,5.327083055716025
50,2042,11,9,2.9539370702862316E18,39.37276897029567,0.0018756794483388388,1.0,24.45450459925043,3.0,478.1735267867792,339.3296370967742,292.2547007251654,0.0,0.0,5.865927419354839,0.0,0.0,88.0,3.759733440687767,901.00925310504,0.08931396373644519,100.0,1.0,5.353849574942301
52,2042,11,9,1.0005304447219302E18,38.66230619949049,0.0022763192493285293,2.0,29.723582434471123,6.0,476.9396488873884,338.5181451612903,380.79333833068375,0.0,0.0,5.703629032258065,0.0,0.0,88.0,1.0027891107810023,898.8372773993254,0.09072050629807153,100.0,1.0,5.257241921912938
40,2042,11,9,5.096996787781837E17,39.05355983215373,0.0020365979302889355,1.0,26.049675696915134,5.0,510.86044975360835,339.23387096774195,300.5675520056576,0.0,0.0,5.846774193548387,0.0,0.0,88.0,0.22007223189224004,851.5074824719106,0.096199197249325,100.0,1.0,5.310443999127995
42,2042,11,9,8.834479670273441E18,38.55118119413062,2.4519757571464176E-4,1.0,17.408607989966775,5.0,503.463840205168,339.4959677419355,188.02100750306903,0.0,0.0,5.899193548387097,0.0,0.0,88.0,0.0,889.6577143192677,0.09604182159193644,100.0,1.0,5.2421313117559425
45,2042,11,9,3.0688222562761073E18,37.8045294041395,0.004876766565680994,2.0,46.3194481984576,7.0,477.6064739603967,339.50100806451616,767.784987357673,0.0,0.0,5.900201612903226,0.0,0.0,88.0,0.6599385810631457,888.7910669867764,0.0929086527372396,100.0,1.0,5.140602730632028
47,2042,11,10,8.507560024639921E18,39.57199163442253,0.00897325048085301,1.0,29.070461631866962,4.0,507.05840534763365,340.7993951612903,346.2131778475173,0.0,0.0,5.859879032258065,0.0,0.0,88.0,0.0,843.2880227422594,0.09423231735100261,100.0,1.0,5.380939571494456
51,2042,11,10,6.492828447697523E18,39.646630633185254,0.004654175560608426,1.0,34.31699305662884,3.0,542.5180586952353,341.1471774193548,444.39347255919733,0.0,0.0,5.929435483870968,0.0,0.0,88.0,8.508030408027482,849.1796455668325,0.10063237164362702,100.0,1.0,5.391088869657903
54,2042,11,10,4.281117921937587E18,40.85747499992581,0.0028945969293074315,1.0,21.66892800333133,2.0,509.80140924491536,340.50201612903226,251.68362887765048,0.0,0.0,5.800403225806452,0.0,0.0,88.0,0.0,908.0480693041017,0.09176124591824188,100.0,1.0,5.555737655296682
43,2042,11,10,6.605295447056412E18,39.8461076655134,0.0023688623233508567,1.0,33.20392338585323,4.0,494.33820863567985,347.1522177419355,444.47274593343764,0.0,0.0,5.930443548387097,0.0,0.0,88.0,0.0,892.8268338160709,0.09123638497418843,100.0,1.0,5.418213454813366
58,2042,11,11,7.278710821350941E18,39.85584908417342,0.0023814359025618433,1.0,28.75787317502786,5.0,539.16554190619,348.51108870967744,370.41833275811985,0.0,0.0,5.902217741935484,0.0,0.0,88.0,0.0,916.0142869038394,0.09948551594757535,100.0,1.0,5.419538078189266
49,2043,2,23,1.481964993321812E18,46.903544745534354,0.10416808312298503,0.0,34.74457199667916,0.0,287.10000000000196,242.0,502.5030506474464,0.0,0.0,6.5,0.0,0.0,104.80000000000183,684.9829856970682,942.2584921013191,0.04512658847737087,100.0,1.0,6.362102912875207
53,2043,2,23,2.861374886328272E18,45.91374768846167,0.2827537843928365,0.0,49.257217753321086,0.0,284.2000000000052,241.4758064516129,892.7062441625828,0.0,0.0,6.395161290322581,0.0,0.0,104.80000000000183,690.8821530428669,918.9678682730156,0.04563376548538023,100.0,1.0,6.22784460096888
42,2043,2,23,8.834479670273441E18,44.56976635902993,0.29042061574688083,2.0,26.98039105481012,2.0,287.10000000000196,241.84375,336.7488066444315,0.0,0.0,6.46875,0.0,0.0,104.80000000000183,654.6646941736136,909.9305715210825,0.04748952338703144,100.0,1.0,6.045543933136291
58,2043,2,24,7.278710821350941E18,46.84482756265053,0.3101617668047588,0.0,38.2333141602808,0.0,290.00000000000006,244.3165322580645,588.1131666592472,0.0,0.0,6.663306451612903,0.0,0.0,104.80000000000183,707.9442015188648,949.0790042831468,0.04563954742482211,100.0,1.0,6.354138381360831
47,2043,2,24,8.507560024639921E18,46.04754656112502,0.3101617668047588,0.0,37.17025126653036,0.0,290.00000000000006,244.08467741935485,515.505088798885,0.0,0.0,6.616935483870968,0.0,0.0,104.80000000000183,598.333995163907,870.368229399416,0.04642976420720208,100.0,1.0,6.245993382732189
48,2043,2,24,5.859174576972996E18,46.156322935219734,0.3101617668047588,1.0,30.579696463731597,2.0,290.00000000000006,243.68145161290323,378.424796993733,0.0,0.0,6.536290322580645,0.0,0.0,104.80000000000183,602.717761548355,858.0735765469046,0.04632034341543721,100.0,1.0,6.260748056184565
51,2043,2,24,6.492828447697523E18,45.118146894286525,0.3101617668047588,1.0,45.79497067900242,1.0,290.00000000000006,244.60887096774192,736.6028573459984,0.0,0.0,6.721774193548387,0.0,0.0,104.80000000000183,611.2604345644736,870.8213148248526,0.04738618219765453,100.0,1.0,6.119927509466128
52,2043,2,24,1.0005304447219302E18,46.84921851379026,0.30785290494871315,0.0,41.79180565155915,0.0,290.00000000000006,243.98387096774192,663.0921736094789,0.0,0.0,6.596774193548387,0.0,0.0,104.80000000000183,641.2437095503946,922.7208223932969,0.04563526985031509,100.0,1.0,6.354733979906504
54,2043,2,24,4.281117921937587E18,46.328436548360095,0.3101617668047588,1.0,31.75314370171828,1.0,290.00000000000006,243.9133064516129,428.37281412884096,0.0,0.0,6.582661290322581,0.0,0.0,104.80000000000183,625.5248204785537,919.7814053696187,0.04614825986889215,100.0,1.0,6.284093936020429
40,2043,2,24,5.096996787781837E17,45.89214949524765,0.3065662872732063,0.0,32.31758410650188,0.0,290.00000000000006,244.0040322580645,438.1421465193994,0.0,0.0,6.600806451612903,0.0,0.0,104.80000000000183,726.7555916280276,916.3137219294975,0.046586981709684276,100.0,1.0,6.224914973182654
41,2043,2,24,6.307363977605812E18,47.83119863988968,0.3101617668047588,0.0,35.90424310688067,0.0,290.00000000000006,242.23487903225808,510.99299740475095,0.0,0.0,6.246975806451613,0.0,0.0,104.80000000000183,661.0302127842565,911.2749507321081,0.04469837240018902,100.0,1.0,6.4879319856123825
43,2043,2,24,6.605295447056412E18,47.203661131527014,0.3101617668047588,0.0,46.03982187571454,0.0,290.00000000000006,244.0897177419355,786.8253552782766,0.0,0.0,6.617943548387097,0.0,0.0,104.80000000000183,687.6200120184693,921.2230890108863,0.04529260396129024,100.0,1.0,6.402811378384235
46,2043,2,24,4.898224502314156E18,47.19630342887488,0.3101617668047588,0.0,48.20115487688491,0.0,290.00000000000006,243.12197580645162,890.5180642787624,0.0,0.0,6.424395161290323,0.0,0.0,104.80000000000183,685.9392279776085,956.1430656330502,0.04529966488530484,100.0,1.0,6.401813362952177
55,2043,2,25,2.797545246119503E18,46.15014753701031,0.3281082677664643,1.0,32.71536797569228,2.0,292.89999999999856,245.73084677419354,423.7414162717014,0.0,0.0,6.64616935483871,0.0,0.0,104.80000000000183,572.4501974866758,870.2342600443149,0.04678980700360741,100.0,1.0,6.259910411201664
56,2043,2,25,4.898742477016446E18,47.283135510870295,0.3227502982684647,0.0,44.425451596285505,0.0,292.89999999999856,245.69556451612902,696.948287911113,0.0,0.0,6.639112903225806,0.0,0.0,104.80000000000183,576.80184901838,870.938379849755,0.04566864005768589,100.0,1.0,6.413591462982582
57,2043,2,25,4.974214387304059E17,46.82119464672614,0.17735582041430462,1.0,48.26000278908993,1.0,292.89999999999856,245.45362903225808,796.3373266385802,0.0,0.0,6.590725806451613,0.0,0.0,104.80000000000183,565.053966620195,853.0833890966493,0.04611920974544605,100.0,1.0,6.35093275918329
59,2043,2,25,8.617806463867117E18,47.98839710472526,0.15931074789657998,0.0,51.22827002259993,0.0,292.89999999999856,245.30745967741936,922.7280294798196,0.0,0.0,6.561491935483871,0.0,0.0,104.80000000000183,685.2626988656114,877.8427371569886,0.04499747077887079,100.0,1.0,6.509254740991664
50,2043,2,25,2.9539370702862316E18,46.1689236955885,0.17322764687090653,1.0,29.34287436945453,2.0,292.89999999999856,246.0735887096774,390.8924790536571,0.0,0.0,6.714717741935484,0.0,0.0,104.80000000000183,642.5040841273045,939.8609554700386,0.04677077834177568,100.0,1.0,6.26245725182598
44,2043,2,25,3.1730362057635645E18,47.22686330116506,0.3281082677664643,1.0,42.05182738835919,1.0,292.89999999999856,245.40322580645162,653.5858101165345,0.0,0.0,6.580645161290323,0.0,0.0,104.80000000000183,568.847055019358,899.8489891909429,0.0457230555981356,100.0,1.0,6.405958573161104
45,2043,2,25,3.0688222562761073E18,47.6085321917101,0.3281082677664643,0.0,57.64055926668473,0.0,292.89999999999856,245.11592741935485,1228.286067260359,0.0,0.0,6.523185483870968,0.0,0.0,104.80000000000183,676.7213623117428,902.0402829980835,0.045356502228411914,100.0,1.0,6.457729004872913
52,2043,7,4,1.0005304447219302E18,38.96659494405822,0.0018616702242433753,1.0,38.19021898337575,3.0,304.7890897070661,221.92237903225808,498.01573253875483,0.0,0.09879032258064516,5.184475806451613,0.0,0.0,104.89999999999849,425.9958098832729,804.5585328772694,0.0578078364402512,90.12096774193549,1.0,5.272452810478193
56,2043,7,5,4.898742477016446E18,38.47546176813904,2.2915497422884286E-4,1.0,40.68500314942035,4.0,315.72177795026255,226.22479838709677,518.2154144506014,0.0,0.0846774193548387,5.744959677419355,0.0,0.0,104.89999999999849,374.3260202944512,754.4594294307595,0.060645761647767575,91.53225806451613,1.0,5.205999057015464
59,2043,7,5,8.617806463867117E18,37.81474248625919,0.002754220528193068,1.0,47.42108808730728,6.0,316.64508553213193,227.29334677419354,664.852897128088,0.0,0.0,5.95866935483871,0.0,0.0,104.89999999999849,321.8959869757721,736.3322109019589,0.06188585000821871,100.0,1.0,5.116599117408584
47,2043,7,5,8.507560024639921E18,40.795544190154075,0.002043443564998999,0.0,36.73929326727097,0.0,306.45101428575805,226.50201612903226,450.3956221101385,0.0,0.09879032258064516,5.800403225806452,0.0,0.0,104.89999999999849,451.0963055164286,774.3756434796044,0.055517268210324586,90.12096774193549,1.0,5.5199224343096756
50,2043,7,5,2.9539370702862316E18,38.589823523644746,2.6527672443839165E-4,1.0,29.593639580946682,4.0,313.99148305334927,227.02116935483872,328.777211557917,0.0,0.0,5.904233870967742,0.0,0.0,104.89999999999849,334.7718650928801,780.7701836113628,0.0601346560469205,100.0,1.0,5.221473002329225
40,2043,7,5,5.096996787781837E17,38.968268938820465,0.0011647521392592244,1.0,33.79143984718862,3.0,306.1894566849263,227.20262096774192,388.1251333488405,0.0,0.09879032258064516,5.940524193548387,0.0,0.0,104.89999999999849,384.87417267932193,759.1373545124379,0.058070942393691365,90.12096774193549,1.0,5.272679313676674
43,2043,7,5,6.605295447056412E18,38.854457990592564,0.0013274039172859523,1.0,42.759895142588114,3.0,308.12356466234195,227.3084677419355,594.1439572784546,0.0,0.09879032258064516,5.961693548387097,0.0,0.0,104.89999999999849,395.59865702228825,794.291736897297,0.05860893289531857,90.12096774193549,1.0,5.257279896439703
46,2043,7,5,4.898224502314156E18,40.67296681351102,0.0015333647438231376,0.0,50.03500535933517,0.0,308.1003291636872,226.49697580645162,794.8408777684419,0.0,0.07963709677419355,5.799395161290323,0.0,0.0,104.89999999999849,353.6454841602081,792.6465549786896,0.05598427592449252,92.03629032258065,1.0,5.503336857999741
48,2043,7,6,5.859174576972996E18,39.86036743251049,0.0012833596225476343,1.0,31.133185411048302,1.0,309.530644370199,228.49092741935485,332.0817133821336,0.0,0.01310483870967742,5.898185483870968,0.0,0.0,104.89999999999849,339.65884226817263,733.1126610068347,0.057390777684257585,98.68951612903226,1.0,5.393386478801871
51,2043,7,6,6.492828447697523E18,40.18064729807464,0.0018555108521201452,1.0,48.04449163686398,2.0,307.9026623184555,228.1633064516129,686.5194598989573,0.0,0.0,5.832661290322581,0.0,0.0,104.89999999999849,350.30358549878616,741.4581241820388,0.05663387409099645,100.0,1.0,5.436722584503631
53,2043,7,6,2.861374886328272E18,40.56830158748907,0.0013538398432186205,0.0,49.63136855059634,0.0,302.6469690367518,228.67741935483872,785.0021671148849,0.0,0.0,5.935483870967742,0.0,0.0,104.89999999999849,369.78438009176045,795.825675046447,0.05513523860978026,100.0,1.0,5.489174920938244
41,2043,7,6,6.307363977605812E18,39.79042209936515,0.0010311710504312813,1.0,33.335859146241994,2.0,311.760259975592,227.29133064516128,393.92237419049314,0.0,0.0846774193548387,5.658266129032258,0.0,0.0,104.89999999999849,401.2797568491614,786.3273975292026,0.057905786454630924,91.53225806451613,1.0,5.383922386061635
42,2043,7,6,8.834479670273441E18,39.40805448367292,0.0016994792577373135,1.0,28.7593612166596,3.0,300.7772599962453,228.93447580645162,316.6651443743987,0.0,0.0,5.986895161290323,0.0,0.0,104.89999999999849,371.110589758917,782.9092891732536,0.05640787761955831,100.0,1.0,5.332185373554221
45,2043,7,6,3.0688222562761073E18,39.177529615027645,0.002030147167613807,1.0,55.59058159403461,3.0,319.0726339172035,228.97479838709677,962.8405284029078,0.0,0.0,5.994959677419355,0.0,0.0,104.89999999999849,335.99000801473744,768.4055777712482,0.060191097965242274,100.0,1.0,5.300993746640974
55,2043,7,7,2.797545246119503E18,41.389939708299195,0.0021143380020860088,0.0,35.093813423692026,0.0,319.7043271405445,230.31350806451613,406.67102531617945,0.0,0.0,5.962701612903226,0.0,0.0,104.89999999999849,328.81318949940743,750.9676642726971,0.05708650779165831,100.0,1.0,5.600348304845174
57,2043,7,7,4.974214387304059E17,38.19111388513799,0.002031066202094384,1.0,43.158105855854004,6.0,320.86974403187764,230.4546370967742,573.8603436325716,0.0,0.0,5.990927419354839,0.0,0.0,104.89999999999849,328.2129139926752,754.7930289293292,0.062093508296548035,100.0,1.0,5.167524799846359
58,2043,7,7,7.278710821350941E18,39.47674172947788,0.002213431297694388,1.0,38.22609111450497,3.0,313.46217669875136,230.45967741935485,494.35322537002,0.0,0.0,5.991935483870968,0.0,0.0,104.89999999999849,373.65437240450535,797.8566028608499,0.05868452589918855,100.0,1.0,5.34147923827882
49,2043,7,7,1.481964993321812E18,39.37014013855985,0.0011951585616479805,1.0,32.712751634378904,4.0,306.90048763855515,230.04637096774192,396.1773607632101,0.0,0.0,5.909274193548387,0.0,0.0,104.89999999999849,411.8205694249304,813.536586861829,0.057611657942110456,100.0,1.0,5.32705529750482
54,2043,7,7,4.281117921937587E18,39.78114575460546,0.0022244051762154186,1.0,31.284721011406003,2.0,312.74158705849635,230.48487903225808,361.71214405296854,0.0,0.07560483870967742,5.996975806451613,0.0,0.0,104.89999999999849,355.3671654466479,793.055053017829,0.058101601602693474,92.43951612903226,1.0,5.382667231741134
44,2043,7,7,3.1730362057635645E18,39.48219478428823,0.0016791262127344765,1.0,40.507064602373326,2.0,321.46755188558154,230.39415322580646,525.2120342324289,0.0,0.0,5.97883064516129,0.0,0.0,104.89999999999849,294.5363336553548,770.2671379418731,0.06017493250249092,100.0,1.0,5.3422170747308195
43,2043,11,7,6.605295447056412E18,37.278119330570334,0.00279540513422213,1.0,36.12108694165207,6.0,466.18062650051263,324.2540322580645,480.4543357985121,0.0,0.0,5.850806451612903,0.0,0.0,88.0,0.0,848.3606842081862,0.09265190718400516,100.0,1.0,5.031527581776439
56,2043,11,8,4.898742477016446E18,40.0395717294418,0.00897325048085301,1.0,35.701048752436925,2.0,467.2248774319768,331.61290322580646,472.0772356939503,0.0,0.0,5.82258064516129,0.0,0.0,88.0,0.0,849.0622164410557,0.08645511079675602,100.0,1.0,5.40424820610499
57,2043,11,8,4.974214387304059E17,39.50330104548383,0.004305782380447712,1.0,38.38572250255743,3.0,517.8425647274862,331.6733870967742,526.710641891061,0.0,0.0,5.834677419354839,0.0,0.0,88.0,0.0,844.1975660347365,0.09712219587650676,100.0,1.0,5.331866315975141
59,2043,11,8,8.617806463867117E18,39.20024032195199,0.0021716482286672422,1.0,41.917557058022815,3.0,463.956625550775,331.74899193548384,607.8464480913102,0.0,0.0,5.849798387096774,0.0,0.0,88.0,17.435666089986633,841.0879219516024,0.08768852966296589,100.0,1.0,5.290961398645974
47,2043,11,8,8.507560024639921E18,40.53543962932989,0.0032070230453370356,1.0,31.969939497043317,1.0,479.220811460907,331.0383064516129,388.52550777596406,0.0,0.0,5.707661290322581,0.0,0.0,88.0,0.0,825.4299858187173,0.08759007921908911,100.0,1.0,5.471176824286593
48,2043,11,8,5.859174576972996E18,38.854421286885504,0.008529705780278568,1.0,20.671102662889744,4.0,499.7134901096557,331.84979838709677,214.58571212620458,0.0,0.0,5.869959677419355,0.0,0.0,88.0,0.0,821.161159947699,0.09528724385985632,100.0,1.0,5.244285277519508
52,2043,11,8,1.0005304447219302E18,39.9928930477399,0.002438383282840497,1.0,32.793895861184325,1.0,447.39968734023034,331.88004032258067,437.8107161337521,0.0,0.0,5.876008064516129,0.0,0.0,88.0,0.0,895.7674533668638,0.08288329176004598,100.0,1.0,5.397947859449038
40,2043,11,8,5.096996787781837E17,38.88998002425552,0.0037671076745814597,1.0,26.939838172930056,4.0,469.6453487433223,331.73891129032256,308.0854882256127,0.0,0.0,5.847782258064516,0.0,0.0,88.0,0.0,834.0431439937322,0.08947185507709449,100.0,1.0,5.249084735514278
41,2043,11,8,6.307363977605812E18,39.562317719087595,0.0034327660600049904,1.0,25.281047944845927,3.0,499.2829142395543,331.4415322580645,296.35058435367665,0.0,0.0,5.788306451612903,0.0,0.0,88.0,0.0,874.2337950865751,0.0935016155002679,100.0,1.0,5.3398319544342385
44,2043,11,8,3.1730362057635645E18,39.22126981461277,0.0022478082366866278,2.0,30.874449868995825,3.0,525.9795302410009,331.72379032258067,396.72212335069713,0.0,0.0,5.844758064516129,0.0,0.0,88.0,0.0,887.0159378049733,0.09935765415358089,100.0,1.0,5.293799805578888
55,2043,11,9,2.797545246119503E18,40.39486753655439,0.002770539531619491,1.0,24.627921306342877,2.0,541.7340093151478,332.976814516129,277.9488380132811,0.0,0.0,5.795362903225806,0.0,0.0,88.0,0.22283648724817545,849.0670712552331,0.09936056422308102,100.0,1.0,5.452203432529475
58,2043,11,9,7.278710821350941E18,39.52685255600838,0.002422583823124468,1.0,31.03179674108953,3.0,528.811572750321,333.53629032258067,400.92968685631604,0.0,0.0,5.907258064516129,0.0,0.0,88.0,0.0,889.7236020304679,0.09912035610202195,100.0,1.0,5.335045126412069
49,2043,11,9,1.481964993321812E18,40.85551066661823,0.003469934447352282,1.0,28.06792169306428,1.0,528.1317191659166,339.1834677419355,351.9667235419587,0.0,0.0,5.836693548387097,0.0,0.0,88.0,3.568966619200176,900.2860139207559,0.09577358513450487,100.0,1.0,5.5143776692102096
50,2043,11,9,2.9539370702862316E18,39.97633890896669,0.0028378401267719782,1.0,21.33466121635673,4.0,470.6919405936975,339.2993951612903,245.0942841446443,0.0,0.0,5.859879032258065,0.0,0.0,88.0,0.0,901.4786962533728,0.0872344204952344,100.0,1.0,5.395713503013542
51,2043,11,9,6.492828447697523E18,39.481812037617665,0.00897325048085301,1.0,39.509196833915155,4.0,504.52508535426534,339.0725806451613,553.3348046865766,0.0,0.0,5.814516129032258,0.0,0.0,88.0,0.0,846.340038889561,0.09467598330490981,100.0,1.0,5.328965887044567
53,2043,11,9,2.861374886328272E18,39.34280164864562,0.003738854367022088,1.0,42.005270211714965,4.0,506.8738294905471,333.51612903225805,642.8651164088151,0.0,0.0,5.903225806451613,0.0,0.0,88.0,0.0,886.4206720071289,0.09545281084594805,100.0,1.0,5.310203282631396
54,2043,11,9,4.281117921937587E18,38.70030134115644,0.0026100205005389855,1.0,20.32753666517235,5.0,530.8100158559142,333.445564516129,228.32975299673916,0.0,0.0,5.889112903225806,0.0,0.0,88.0,0.0,892.2870164808418,0.10161993171977848,100.0,1.0,5.223483295773575
42,2043,11,9,8.834479670273441E18,39.68971344795494,0.0020916667787536235,1.0,18.77887075785774,3.0,500.01126456931496,339.56149193548384,207.93544031066602,0.0,0.0,5.912298387096774,0.0,0.0,88.0,9.923459993958405,896.7616778847946,0.0933374564242804,100.0,1.0,5.3570268970737045
45,2043,11,9,3.0688222562761073E18,39.41462369647752,0.0020916667787536235,1.0,48.96175034726388,3.0,498.69913489504836,339.65725806451616,851.1129369947221,0.0,0.0,5.931451612903226,0.0,0.0,88.0,0.0,886.3068602007777,0.09374224859582647,100.0,1.0,5.3198972967376745
46,2043,11,9,4.898224502314156E18,40.73176855050598,0.003043112478542718,1.0,43.46772571608405,1.0,481.43340961841085,332.89112903225805,689.7975853417815,0.0,0.0,5.778225806451613,0.0,0.0,88.0,18.932309493223634,896.0568824748632,0.08757035181539728,100.0,1.0,5.4976758644671975
47,2044,2,22,8.507560024639921E18,45.97121882151987,0.29400991593922254,0.0,33.62210857362242,0.0,284.2000000000052,239.78427419354838,443.57679675688746,0.0,0.0,6.356854838709677,0.0,0.0,105.10000000000153,657.8836333393208,874.8952296868977,0.045916225194176076,100.0,1.0,6.189533194380547
54,2044,2,22,4.281117921937587E18,44.2535202613093,0.29400991593922254,1.0,29.233243452304524,1.0,284.2000000000052,240.0665322580645,384.36448031806697,0.0,0.0,6.413306451612903,0.0,0.0,105.10000000000153,676.1245472178584,929.3388652132016,0.04769846157764623,100.0,1.0,5.958263444982782
56,2044,2,23,4.898742477016446E18,45.58430481365958,0.3137510669970999,1.0,38.622226462454186,1.0,287.10000000000196,241.39012096774192,555.6038401800116,0.0,0.0,6.378024193548387,0.0,0.0,105.10000000000153,624.566763232229,881.8830804889852,0.046778466261878635,100.0,1.0,6.137439359228618
58,2044,2,23,7.278710821350941E18,46.43201152993306,0.3137510669970999,0.0,36.9232103543834,0.0,287.10000000000196,241.83870967741936,545.1987829933859,0.0,0.0,6.467741935483871,0.0,0.0,105.10000000000153,665.4858483504878,930.4373477303751,0.04592443434035399,100.0,1.0,6.251574006818545
48,2044,2,23,5.859174576972996E18,46.319506524670295,0.17064856989309246,0.0,25.31433468389738,0.0,287.10000000000196,241.40524193548387,297.8065465009756,0.0,0.0,6.381048387096774,0.0,0.0,105.10000000000153,688.8588845443468,877.1512657626029,0.04603597975857641,100.0,1.0,6.236426410508095
49,2044,2,23,1.481964993321812E18,46.4890189391297,0.3137510669970999,1.0,35.53031620260761,1.0,287.10000000000196,241.80342741935485,522.0993937373913,0.0,0.0,6.460685483870968,0.0,0.0,105.10000000000153,675.3670197159624,946.1359769449577,0.04586811925605436,100.0,1.0,6.259249445073033
51,2044,2,23,6.492828447697523E18,46.34672807322867,0.23855410589709072,0.0,41.25915732438668,0.0,287.10000000000196,241.68245967741936,638.0053449985347,0.0,0.0,6.436491935483871,0.0,0.0,105.10000000000153,726.4595283984695,907.4591879789456,0.046008940726684974,100.0,1.0,6.240091501030479
41,2044,2,23,6.307363977605812E18,46.981202568841546,0.3137510669970999,0.0,35.3953147368256,0.0,287.10000000000196,241.40524193548387,480.00905742222426,0.0,0.0,6.381048387096774,0.0,0.0,105.10000000000153,622.9868983411467,875.117542742812,0.045387596489732535,100.0,1.0,6.325516709503422
55,2044,2,24,2.797545246119503E18,46.837909413206766,0.3325948930068913,0.0,30.57571675681111,0.0,290.00000000000006,243.8125,382.96122313612835,0.0,0.0,6.5625,0.0,0.0,105.10000000000153,584.0621061738993,868.2761473436951,0.045986315800998746,100.0,1.0,6.306223817862394
57,2044,2,24,4.974214387304059E17,46.856770686310504,0.3325948930068913,2.0,42.149726685225566,2.0,290.00000000000006,243.17741935483872,648.1073557480396,0.0,0.0,6.435483870967742,0.0,0.0,105.10000000000153,615.3807145619065,888.7032269099999,0.045967804912419405,100.0,1.0,6.3087632866639005
59,2044,2,24,8.617806463867117E18,46.84120834759189,0.3325948930068913,1.0,49.00126503282651,1.0,290.00000000000006,243.4798387096774,839.2730527320545,0.0,0.0,6.495967741935484,0.0,0.0,105.10000000000153,591.0625372812984,872.8131239447858,0.04598307707501803,100.0,1.0,6.3066679841126385
50,2044,2,24,2.9539370702862316E18,46.831297528966445,0.3325948930068913,1.0,34.70222226827355,1.0,290.00000000000006,243.69657258064515,479.4599429351568,0.0,0.0,6.539314516129032,0.0,0.0,105.10000000000153,530.0863052211363,901.3083784846552,0.04599280838635841,100.0,1.0,6.305333598328708
52,2044,2,24,1.0005304447219302E18,46.78118579419994,0.3325948930068913,0.0,40.46912544391294,0.0,290.00000000000006,243.8477822580645,646.2122110427877,0.0,0.0,6.569556451612903,0.0,0.0,105.10000000000153,621.0627004892543,949.5075073809103,0.046042075615820376,100.0,1.0,6.29858658892333
53,2044,2,24,2.861374886328272E18,46.555799434793684,0.32496331145217533,1.0,50.97613135303829,1.0,290.00000000000006,244.14012096774192,912.3066477431834,0.0,0.0,6.628024193548387,0.0,0.0,105.10000000000153,530.4316023016546,876.7290148412453,0.046264974930804594,100.0,1.0,6.268240724948701
40,2044,2,24,5.096996787781837E17,47.255395986779305,0.3325948930068913,1.0,35.91992481530534,1.0,290.00000000000006,243.2429435483871,491.05464864473817,0.0,0.0,6.448588709677419,0.0,0.0,105.10000000000153,615.2538964183385,874.8610029806033,0.0455800411520601,100.0,1.0,6.362433922175009
44,2044,2,24,3.1730362057635645E18,46.34527742290991,0.3325948930068913,0.0,37.08178671300681,0.0,290.00000000000006,243.6008064516129,539.1996564214178,0.0,0.0,6.520161290322581,0.0,0.0,105.10000000000153,640.3134190695127,913.9476892778031,0.04647513217106248,100.0,1.0,6.2398961864721105
45,2044,2,24,3.0688222562761073E18,47.29921111737089,0.3325948930068913,0.0,57.344178004767045,0.0,290.00000000000006,244.06451612903226,1214.0060685854426,0.0,0.0,6.612903225806452,0.0,0.0,105.10000000000153,653.1683234947627,902.3558903175335,0.045537818556624206,100.0,1.0,6.368333161137226
46,2044,2,24,4.898224502314156E18,47.435639753426955,0.3325948930068913,0.0,49.667143961761404,0.0,290.00000000000006,243.08165322580646,922.0660640029531,0.0,0.0,6.41633064516129,0.0,0.0,105.10000000000153,598.5459749604335,933.7832953786085,0.04540684820380614,100.0,1.0,6.3867018185968565
42,2044,2,25,8.834479670273441E18,47.273825479018285,0.2939907794939941,0.0,31.326618727524092,0.0,292.89999999999856,245.61995967741936,409.5171198473982,0.0,0.0,6.623991935483871,0.0,0.0,105.10000000000153,599.788828550993,896.5370561485868,0.04601789469390757,100.0,1.0,6.364915256298684
43,2044,2,25,6.605295447056412E18,46.49563642447121,0.35143871901668233,0.0,47.402790630289196,0.0,292.89999999999856,245.41834677419354,816.598408074794,0.0,0.0,6.58366935483871,0.0,0.0,105.10000000000153,578.5706504524628,905.3483417871153,0.0467880878715463,100.0,1.0,6.260140418735144
50,2044,7,3,2.9539370702862316E18,39.506368755294886,0.0026376397650949525,1.0,32.940377831642444,1.0,304.4675715063359,225.4102822580645,383.1994950704952,0.0,0.0,5.882056451612903,0.0,0.0,105.19999999999817,320.49814424661537,778.7256320766986,0.05738199526780304,100.0,1.0,5.305977425242516
40,2044,7,3,5.096996787781837E17,39.26747831766376,0.0021024485662729697,1.0,33.8674603052942,2.0,305.01486507982776,224.91633064516128,383.876949011435,0.0,0.0,5.783266129032258,0.0,0.0,105.19999999999817,374.63739315897305,748.3458450599412,0.057834862593506384,100.0,1.0,5.273892794102953
55,2044,7,4,2.797545246119503E18,40.5911717246087,0.004364421440103618,1.0,29.49308374556805,1.0,307.3907027905345,226.7389112903226,319.447612865623,0.0,0.0,5.847782258064516,0.0,0.0,105.19999999999817,391.83306396748645,762.2358726806438,0.056384645600526175,100.0,1.0,5.4516739356372925
56,2044,7,4,4.898742477016446E18,39.37795350010013,0.001658641493688182,1.0,38.70423622846359,4.0,298.9174404395911,225.70564516129033,479.8314354945825,0.0,0.0,5.641129032258065,0.0,0.0,105.19999999999817,373.07499620541273,758.874202431006,0.05651969743472387,100.0,1.0,5.2887303720056
47,2044,7,4,8.507560024639921E18,39.90498474699155,0.0013699619054737431,1.0,33.64947002534458,2.0,293.7385536586415,224.82862903225808,384.62616765672544,0.0,0.0846774193548387,5.465725806451613,0.0,0.0,105.19999999999817,430.52409775607606,757.0382286489912,0.054806935349699534,91.53225806451613,1.0,5.359514298408072
48,2044,7,4,5.859174576972996E18,39.4946134438949,0.00897325048085301,1.0,29.356927234110618,2.0,300.0689106085694,225.85181451612902,293.8158747629774,0.0,0.0,5.670362903225806,0.0,0.0,105.19999999999817,283.8674228092681,705.5456459513704,0.05656982683609326,100.0,1.0,5.304398605956424
52,2044,7,4,1.0005304447219302E18,39.84978083049555,0.0013424970797206808,1.0,38.915069506324826,2.0,307.26407792408617,225.8366935483871,528.0646343795921,0.0,0.0,5.667338709677419,0.0,0.0,105.19999999999817,424.7184113703552,827.8668013147285,0.057410002816700376,100.0,1.0,5.352100032203867
54,2044,7,4,4.281117921937587E18,40.55188522356858,0.0010584159566941552,1.0,34.59244765409621,2.0,291.8629221979924,222.91834677419354,415.7533498582306,0.0,0.0846774193548387,5.08366935483871,0.0,0.0,105.19999999999817,408.10646485000336,785.0916055711381,0.0535882522058234,91.53225806451613,1.0,5.446397487960541
41,2044,7,4,6.307363977605812E18,39.6757768773359,0.00897325048085301,1.0,34.70157399737527,1.0,300.9916288783704,227.31854838709677,392.60467870457177,0.0,0.0,5.963709677419355,0.0,0.0,105.19999999999817,234.81519644881257,737.5627363366486,0.05648468266729155,100.0,1.0,5.328730102836622
44,2044,7,4,3.1730362057635645E18,38.80600948642625,0.006046664744510107,1.0,36.20424122655684,4.0,306.63641512217015,226.45665322580646,439.9431576058903,0.0,0.0,5.79133064516129,0.0,0.0,105.19999999999817,350.26519658014905,773.8077253949824,0.05883374024037267,100.0,1.0,5.211914351686097
45,2044,7,4,3.0688222562761073E18,40.35944568502133,0.003085711994791273,0.0,56.89218867556108,0.0,307.9951073044808,225.87197580645162,1015.0693076682112,0.0,0.03024193548387097,5.674395161290323,0.0,0.0,105.19999999999817,342.7312324199816,768.3063860481027,0.056819883633212005,96.9758064516129,1.0,5.420551532500032
46,2044,7,4,4.898224502314156E18,39.102769923966086,0.0016598687533949364,1.0,47.47243349622713,3.0,308.19349631936404,226.56754032258064,724.9714344157552,0.0,0.0,5.813508064516129,0.0,0.0,105.19999999999817,356.32256115959706,801.0895468414395,0.058683723528697204,100.0,1.0,5.251771322394921
57,2044,7,5,4.974214387304059E17,38.098855285559075,0.0015562349082298042,1.0,36.812092288077416,6.0,310.26114262602727,228.61693548387098,459.40878935555105,0.0,0.0,5.923387096774194,0.0,0.0,105.19999999999817,425.9503179999926,787.0741019119845,0.0606341335154334,100.0,1.0,5.116938671961982
58,2044,7,5,7.278710821350941E18,40.44092159920201,7.176303967412826E-4,1.0,38.43528919504177,1.0,303.140689750955,228.1733870967742,493.2269980119509,0.0,0.014112903225806451,5.834677419354839,0.0,0.0,105.19999999999817,359.58901510999345,788.835605318687,0.05581165559758721,98.58870967741935,1.0,5.431494308942522
59,2044,7,5,8.617806463867117E18,38.93727599349651,0.0011932513937304575,2.0,46.135017579000035,4.0,310.2716359032053,228.8991935483871,655.4438940149214,0.0,0.0,5.979838709677419,0.0,0.0,105.19999999999817,374.6274359340937,764.2329639630224,0.05933052963598575,100.0,1.0,5.229544347688011
49,2044,7,5,1.481964993321812E18,40.60288367606007,0.0022996541468100957,1.0,37.557334032624716,1.0,303.19910234137285,227.35181451612902,480.9718199815749,0.0,0.0846774193548387,5.670362903225806,0.0,0.0,105.19999999999817,372.52337852149395,798.1991253503727,0.055599738313049776,91.53225806451613,1.0,5.453246931383654
51,2044,7,5,6.492828447697523E18,40.84991625204264,0.0010805937476942487,1.0,43.814803197786055,2.0,302.97483342416416,227.27620967741936,595.7405626749755,0.0,0.0846774193548387,5.655241935483871,0.0,0.0,105.19999999999817,407.3950946147708,763.065700905558,0.05522263176332499,91.53225806451613,1.0,5.486425107783053
53,2044,7,5,2.861374886328272E18,40.4880759291932,0.0011635438901521063,1.0,48.65965728898547,2.0,309.85524279973407,228.85887096774192,748.0514802574137,0.0,0.0,5.971774193548387,0.0,0.0,105.19999999999817,328.4944461667327,788.4534185538743,0.056981440670096445,100.0,1.0,5.43782746023732
42,2044,7,5,8.834479670273441E18,40.27777735120415,0.0015649198606301018,1.0,30.12475302326949,1.0,318.36028908949396,228.7227822580645,334.81053644058255,0.0,0.0846774193548387,5.944556451612903,0.0,0.0,105.19999999999817,364.91681714118903,775.2134103251899,0.05885117100944453,91.53225806451613,1.0,5.409582912775057
43,2044,7,5,6.605295447056412E18,40.55577525632241,0.0014020703876332892,1.0,46.916779473113344,2.0,317.08983545761475,227.6290322580645,703.3248299055258,0.0,0.0030241935483870967,5.725806451612903,0.0,0.0,105.19999999999817,407.1497727140524,794.9332714566254,0.058214520975587034,99.69758064516128,1.0,5.446919946152099
56,2044,11,6,4.898742477016446E18,38.53367451476237,0.0031933275732573103,1.0,30.1774962924534,5.0,467.9308991540601,323.81048387096774,365.33168560926083,0.0,0.0,5.762096774193548,0.0,0.0,88.0,11.590864450234866,843.823916079582,0.0906392325582806,100.0,1.0,5.162564663741859
52,2044,11,6,1.0005304447219302E18,39.87094403787582,0.0029990810430658463,1.0,34.55460272660237,1.0,470.31375626834233,324.0625,468.15489833974164,0.0,0.0,5.8125,0.0,0.0,88.0,0.0,885.1482932672963,0.08804528085789051,100.0,1.0,5.341725890197933
54,2044,11,6,4.281117921937587E18,38.42869890866305,0.005121718310989157,1.0,21.651572117610424,4.0,473.97694279296,330.0524193548387,246.29396399839615,0.0,0.0,5.810483870967742,0.0,0.0,88.0,0.0,888.8693957015801,0.0920611625600406,100.0,1.0,5.148500514360125
55,2044,11,7,2.797545246119503E18,39.27724357714537,2.619009538512939E-4,1.0,18.482916584571402,3.0,477.11270997554084,331.9959677419355,193.49993861263493,0.0,0.0,5.899193548387097,0.0,0.0,88.0,0.0,850.5863878424642,0.09066818127747243,100.0,1.0,5.262184630299682
57,2044,11,7,4.974214387304059E17,39.22718141166926,0.00897325048085301,1.0,33.64106040527953,4.0,488.86233576921904,331.73891129032256,431.1864666379877,0.0,0.0,5.847782258064516,0.0,0.0,88.0,0.0,849.044399565047,0.09301958439546273,100.0,1.0,5.255477531386009
59,2044,11,7,8.617806463867117E18,40.62419357911533,0.0018875158773355167,1.0,42.73215096717747,1.0,493.53272327115786,331.9102822580645,631.8629890084442,0.0,0.0,5.882056451612903,0.0,0.0,88.0,7.266163208202671,845.6642140720492,0.09067887442734669,100.0,1.0,5.442642802834787
47,2044,11,7,8.507560024639921E18,40.22299608821281,0.00897325048085301,1.0,27.94647175456795,1.0,473.4911193912712,331.7993951612903,321.2552115344533,0.0,0.0,5.859879032258065,0.0,0.0,88.0,0.0,826.6671607134537,0.08786427734310004,100.0,1.0,5.388892206355287
48,2044,11,7,5.859174576972996E18,37.38763562085498,0.0033136080062234246,2.0,13.0249369092413,8.0,471.441144406381,331.6532258064516,123.40466076745498,0.0,0.0,5.830645161290323,0.0,0.0,88.0,0.0,820.3075019833539,0.09411837085306772,100.0,1.0,5.009023638353964
49,2044,11,7,1.481964993321812E18,37.70070451233122,0.0020421598727476233,2.0,24.897123231622327,7.0,503.14790686960424,331.53729838709677,295.46365511586856,0.0,0.0,5.807459677419355,0.0,0.0,88.0,0.0,889.3443191032912,0.09961417089741162,100.0,1.0,5.050967170000088
50,2044,11,7,2.9539370702862316E18,40.536614450206244,0.0029890907664400506,1.0,23.821031123910092,1.0,449.03007040235264,337.70362903225805,283.7769751026304,0.0,0.0,5.840725806451613,0.0,0.0,88.0,0.0,905.5062681905938,0.08268045757566114,100.0,1.0,5.430909353536703
51,2044,11,7,6.492828447697523E18,37.51931761524998,2.3851072459871904E-4,1.0,31.612563150585597,8.0,504.61742927520066,337.55745967741933,394.03039229734895,0.0,0.0,5.811491935483871,0.0,0.0,88.0,0.07502060930008883,850.9086749510263,0.10038810031629646,100.0,1.0,5.026665786933751
53,2044,11,7,2.861374886328272E18,39.071138862471344,0.003656581288041178,1.0,39.89582854541391,5.0,502.39893368586587,331.7943548387097,590.5655484745511,0.0,0.0,5.858870967741935,0.0,0.0,88.0,0.0,888.5076787030166,0.09597708572707062,100.0,1.0,5.234571667601309
40,2044,11,7,5.096996787781837E17,39.63018926471021,0.0049906843608748756,1.0,26.881201346179147,3.0,447.9741484609015,331.86995967741933,306.83831330627845,0.0,0.0,5.873991935483871,0.0,0.0,88.0,0.0,833.0224980213503,0.0843726571152501,100.0,1.0,5.309470671866887
42,2044,11,7,8.834479670273441E18,39.025626610211525,0.0035950522759827888,1.0,18.60667206129776,4.0,501.1593393847872,331.9102822580645,200.14503572743638,0.0,0.0,5.882056451612903,0.0,0.0,88.0,0.0,872.7161440988467,0.09585193030918353,100.0,1.0,5.228474145155231
45,2044,11,7,3.0688222562761073E18,38.6175165783044,0.004935781342603429,1.0,48.43114011048602,5.0,475.8958516515963,331.7590725806452,824.9700188744841,0.0,0.0,5.851814516129032,0.0,0.0,88.0,0.0,877.2229296037063,0.09198192572028041,100.0,1.0,5.173797438192463
58,2044,11,8,7.278710821350941E18,39.19380093982938,0.00897325048085301,1.0,27.87985150954177,4.0,505.0596916308083,333.4858870967742,346.0482511921378,0.0,0.0,5.897177419354839,0.0,0.0,88.0,0.0,893.411321209216,0.09618342700601029,100.0,1.0,5.251005369139616
41,2044,11,8,6.307363977605812E18,39.85821523949308,0.002162229031530852,1.0,21.076409524300562,4.0,475.2374359036692,339.40524193548384,239.19364562357174,0.0,0.0,5.881048387096774,0.0,0.0,88.0,0.0,893.3683528866054,0.08899543212679162,100.0,1.0,5.34002054427467
43,2044,11,8,6.605295447056412E18,38.01364656559262,0.002166405234392331,1.0,37.22260489236782,9.0,505.7232758261006,338.664314516129,521.7916909301147,0.0,0.0,5.732862903225806,0.0,0.0,88.0,0.0,879.0861140474625,0.09929979001672753,100.0,1.0,5.092893708444993
44,2044,11,8,3.1730362057635645E18,36.889704566000376,0.0021024485662729697,2.0,21.608424569561773,10.0,470.9364882911169,339.4102822580645,249.28333031062124,0.0,0.0,5.882056451612903,0.0,0.0,88.0,0.0,901.6828047506647,0.09528665556589305,100.0,1.0,4.942313123430519
46,2044,11,8,4.898224502314156E18,40.24173057981806,0.002111353054318358,1.0,41.922464022160206,3.0,472.3808617984705,338.71975806451616,657.1716150544008,0.0,0.0,5.743951612903226,0.0,0.0,88.0,0.0,909.4633309390775,0.0876174410896876,100.0,1.0,5.3914021674626245
47,2045,2,21,8.507560024639921E18,45.942671463594785,0.29482901721463767,1.0,34.27636924133198,1.0,284.2000000000052,239.36592741935485,441.63857095617954,0.0,0.0,6.273185483870968,0.0,0.0,105.39999999999846,628.2753479676227,845.9359001575244,0.04628663072447982,100.0,1.0,6.140001887190703
52,2045,2,21,1.0005304447219302E18,44.729709254411816,0.2993938662277348,1.0,43.64532918689387,1.0,284.2000000000052,239.35584677419354,707.8505384879517,0.0,0.0,6.27116935483871,0.0,0.0,105.39999999999846,546.8525768591048,913.1210916817471,0.04754181290194188,100.0,1.0,5.977895722785886
55,2045,2,22,2.797545246119503E18,45.945080114739326,0.2603058868561273,0.0,28.24663728640598,0.0,287.10000000000196,241.34979838709677,340.73764079756245,0.0,0.0,6.369959677419355,0.0,0.0,105.39999999999846,570.8610259169952,864.2260703788165,0.046756491965319724,100.0,1.0,6.140323791035266
56,2045,2,22,4.898742477016446E18,45.881046547696,0.3191350172856108,0.0,36.352369111999515,0.0,287.10000000000196,241.0625,494.29213288675396,0.0,0.0,6.3125,0.0,0.0,105.39999999999846,573.4479519995967,864.5363907877736,0.046821747341738856,100.0,1.0,6.131766033944424
59,2045,2,22,8.617806463867117E18,45.91559264770937,0.3191350172856108,1.0,46.38527097033363,1.0,287.10000000000196,241.6320564516129,763.4076804698977,0.0,0.0,6.426411290322581,0.0,0.0,105.39999999999846,598.9688369099741,881.4965690175204,0.04678651946656198,100.0,1.0,6.136382942637792
53,2045,2,22,2.861374886328272E18,45.23919269379703,0.31088656424263966,1.0,48.27902338477528,2.0,287.10000000000196,241.76310483870967,844.2645987386197,0.0,0.0,6.452620967741935,0.0,0.0,105.39999999999846,527.8156602896015,903.6998124581035,0.047486054487558084,100.0,1.0,6.045985565619598
54,2045,2,22,4.281117921937587E18,45.248318053683526,0.3191350172856108,1.0,28.285538482147256,2.0,287.10000000000196,241.2389112903226,357.4434172418579,0.0,0.0,6.347782258064516,0.0,0.0,105.39999999999846,591.5512044901262,904.7396273223007,0.047476477836857496,100.0,1.0,6.047205123062375
40,2045,2,22,5.096996787781837E17,45.18628504744512,0.3191350172856108,0.0,38.66595952827888,0.0,287.10000000000196,241.30947580645162,532.4590585748805,0.0,0.0,6.361895161290323,0.0,0.0,105.39999999999846,533.4904369748552,843.6373238765772,0.047541654884334004,100.0,1.0,6.0389147306398785
41,2045,2,22,6.307363977605812E18,46.20387777052901,0.3191350172856108,0.0,34.470139539141385,0.0,287.10000000000196,241.90423387096774,464.37766804972694,0.0,0.0,6.480846774193548,0.0,0.0,105.39999999999846,640.4605263149522,881.6387610874215,0.04649459900097451,100.0,1.0,6.174910767463215
42,2045,2,22,8.834479670273441E18,46.85861189071973,0.3191350172856108,0.0,35.63580679030762,0.0,287.10000000000196,239.9233870967742,474.2523364622702,0.0,0.0,6.084677419354839,0.0,0.0,105.39999999999846,616.787373341155,855.6510794628256,0.045844951067708375,100.0,1.0,6.262412617170954
43,2045,2,22,6.605295447056412E18,46.291470375123666,0.3191350172856108,0.0,47.10152405931237,0.0,287.10000000000196,241.29939516129033,794.8154169365546,0.0,0.0,6.359879032258065,0.0,0.0,105.39999999999846,571.6335036446612,891.8076202904706,0.046406622036901456,100.0,1.0,6.186617068824936
45,2045,2,22,3.0688222562761073E18,45.57139926318988,0.31277242850673653,1.0,55.36871161864178,2.0,287.10000000000196,241.27923387096774,1112.45198156775,0.0,0.0,6.355846774193548,0.0,0.0,105.39999999999846,587.35344480018,896.0369889195454,0.04713989045682005,100.0,1.0,6.090383266015104
46,2045,2,22,4.898224502314156E18,46.08513960716441,0.3191350172856108,0.0,48.97090112255076,0.0,287.10000000000196,241.50100806451613,894.0199968600431,0.0,0.0,6.400201612903226,0.0,0.0,105.39999999999846,565.9646184253643,930.8576531500227,0.04661439213470071,100.0,1.0,6.159042022265883
57,2045,2,23,4.974214387304059E17,45.86384690709987,0.33887616834348727,0.0,43.26660893382164,0.0,290.00000000000006,243.20262096774192,656.7122284046427,0.0,0.0,6.440524193548387,0.0,0.0,105.39999999999846,550.3869591989368,860.2404436767874,0.04731243051472322,100.0,1.0,6.129467390388125
58,2045,2,23,7.278710821350941E18,45.548193313924884,0.33887616834348727,1.0,37.08057959099177,1.0,290.00000000000006,244.09475806451613,533.7839018609882,0.0,0.0,6.618951612903226,0.0,0.0,105.39999999999846,622.3817863713455,904.3590200059817,0.0476403104503968,100.0,1.0,6.087281910178749
48,2045,2,23,5.859174576972996E18,45.07379438133773,0.33887616834348727,2.0,23.02562241627263,3.0,290.00000000000006,243.23790322580646,251.9266659638308,0.0,0.0,6.44758064516129,0.0,0.0,105.39999999999846,566.9789091092405,840.5927682107856,0.048141721807838385,100.0,1.0,6.0238809313376604
49,2045,2,23,1.481964993321812E18,47.87059337056315,0.2041055660987706,0.0,39.81462536501292,0.0,290.00000000000006,243.36895161290323,616.4484868913473,0.0,0.0,6.473790322580645,0.0,0.0,105.39999999999846,605.3806768617352,931.0960439168592,0.045329082368642956,100.0,1.0,6.3976587401780645
50,2045,2,23,2.9539370702862316E18,45.96472473729382,0.1784392013976554,1.0,36.796241495913826,1.0,290.00000000000006,243.46975806451613,521.4089003353467,0.0,0.0,6.493951612903226,0.0,0.0,105.39999999999846,487.32689349395537,894.415960734352,0.047208594902548806,100.0,1.0,6.142949193862639
51,2045,2,23,6.492828447697523E18,46.166000474541214,0.17649800434556723,0.0,36.69386146032873,0.0,290.00000000000006,243.6108870967742,524.2533027688813,0.0,0.0,6.522177419354839,0.0,0.0,105.39999999999846,683.6809210873104,903.453959932119,0.04700277363482479,100.0,1.0,6.169848661550824
44,2045,2,23,3.1730362057635645E18,46.25703355503198,0.32715561006661315,0.0,39.12362728667765,0.0,290.00000000000006,243.78225806451613,579.1152154112981,0.0,0.0,6.556451612903226,0.0,0.0,105.39999999999846,584.331931093361,900.015081975439,0.04691027295013428,100.0,1.0,6.182014764831377
56,2045,7,3,4.898742477016446E18,39.451809335513616,0.0016816436433382772,1.0,36.0697120687837,1.0,287.57415523678407,221.51612903225808,420.7915789596969,0.0,0.0,5.403225806451613,0.0,0.0,105.50000000000001,365.31084573247307,744.7447807442144,0.054676802093577705,100.0,1.0,5.259527701430115
55,2045,7,4,2.797545246119503E18,39.61636514976691,0.001726953518255008,1.0,27.592130673687556,1.0,290.60134354736493,225.28427419354838,286.41124785062823,0.0,0.0,5.856854838709677,0.0,0.0,105.50000000000001,342.03772595251354,750.0119907972937,0.05502286127279423,100.0,1.0,5.28146550043284
57,2045,7,4,4.974214387304059E17,39.14982338915492,0.0017939325231613409,1.0,42.580917915817594,2.0,296.14821233149195,225.41532258064515,550.4266795666733,0.0,0.0,5.883064516129032,0.0,0.0,105.50000000000001,328.43017406755865,741.2651749752226,0.056741326812956405,100.0,1.0,5.219268370436994
47,2045,7,4,8.507560024639921E18,37.121603861112966,0.00205714132986085,1.0,26.82339110606772,7.0,285.4669654460172,224.7701612903226,275.9966450222976,0.0,0.0846774193548387,5.754032258064516,0.0,0.0,105.50000000000001,389.88193507463836,751.4176414935419,0.05768319471821274,91.53225806451613,1.0,4.948875783329049
48,2045,7,4,5.859174576972996E18,39.52554559584991,0.002433093948170558,1.0,25.584119000542362,1.0,295.13019721190335,222.9758064516129,244.93828162280803,0.0,0.036290322580645164,5.395161290322581,0.0,0.0,105.50000000000001,334.8389446177534,710.7372941928483,0.056008759423618694,96.37096774193549,1.0,5.26935786918087
49,2045,7,4,1.481964993321812E18,38.326399061443375,8.925055182865548E-4,1.0,34.85789659397933,5.0,298.8690146078365,225.0977822580645,431.2177822222688,0.0,0.07560483870967742,5.819556451612903,0.0,0.0,105.50000000000001,384.7528712392074,804.7294313771113,0.058492886469486374,92.43951612903226,1.0,5.109493352901051
52,2045,7,4,1.0005304447219302E18,39.85716765581559,0.0014960404269511577,1.0,44.69031968512632,3.0,284.23598501017494,223.31854838709677,644.307009390906,0.0,0.0,5.463709677419355,0.0,0.0,105.50000000000001,348.54258130071133,796.5249520583445,0.05349248888911405,100.0,1.0,5.313568145976064
45,2045,7,4,3.0688222562761073E18,39.004045630347,0.0025234112713309912,1.0,55.29285108986168,4.0,290.06619898960247,223.94354838709677,948.6223741023862,0.0,0.0,5.588709677419355,0.0,0.0,105.50000000000001,348.2163726097967,766.1809028067594,0.05578374242752296,100.0,1.0,5.1998339725318905
58,2045,7,5,7.278710821350941E18,39.7610102472561,0.0010490122142685304,1.0,36.14439147072919,2.0,298.66367534821285,224.82862903225808,448.72750718620165,0.0,0.0,5.465725806451613,0.0,0.0,105.50000000000001,391.9875411584692,791.0708582509071,0.05634367541905591,100.0,1.0,5.300748897314609
59,2045,7,5,8.617806463867117E18,40.0115834112635,0.001681013578278955,1.0,45.63913884631572,4.0,293.4572265594964,226.18951612903226,652.9957436413555,0.0,0.0,5.737903225806452,0.0,0.0,105.50000000000001,409.2808325500051,776.8649515450586,0.055014763339837854,100.0,1.0,5.334154120535771
51,2045,7,5,6.492828447697523E18,40.47843546368772,9.289079172725731E-4,1.0,38.58232044809064,2.0,299.528084650996,226.4415322580645,482.2015680464402,0.0,0.0846774193548387,5.788306451612903,0.0,0.0,105.50000000000001,406.9477361377806,766.5274291362001,0.055505243206074285,91.53225806451613,1.0,5.396392617161198
53,2045,7,5,2.861374886328272E18,38.86064186729699,0.0011923000904667828,1.0,45.965227503612624,3.0,292.57894828171584,227.26310483870967,688.9554847208937,0.0,0.014112903225806451,5.952620967741935,0.0,0.0,105.50000000000001,371.6515097750975,808.8494979243885,0.0564746156016875,98.58870967741935,1.0,5.180716064457346
40,2045,7,5,5.096996787781837E17,39.72045560995976,0.0011102759812983234,1.0,37.235694028490705,2.0,292.5537223873419,227.25302419354838,449.78462608018265,0.0,0.0,5.950604838709677,0.0,0.0,105.50000000000001,376.16849896375663,756.8728233069836,0.055247367078664976,100.0,1.0,5.295342345831322
41,2045,7,5,6.307363977605812E18,40.586780486971996,0.001043158623675078,1.0,33.02603543873536,2.0,293.84785084228145,226.38104838709677,386.1420273468114,0.0,0.0,5.776209677419355,0.0,0.0,105.50000000000001,387.94383823999704,781.5257433762696,0.054307285410624,100.0,1.0,5.410836660688563
42,2045,7,5,8.834479670273441E18,37.43735178939877,0.001311111993111197,1.0,26.24973927089795,7.0,294.7362933258752,227.35887096774192,275.8982345156748,0.0,0.0,5.971774193548387,0.0,0.0,105.50000000000001,387.64627000000695,773.3990738579806,0.059053912436415,100.0,1.0,4.990969796340352
43,2045,7,5,6.605295447056412E18,38.55096665548157,0.005552754010428853,2.0,44.62468683094529,5.0,293.93085288364676,223.59879032258064,625.6564859718511,0.0,0.07963709677419355,5.219758064516129,0.0,0.0,105.50000000000001,393.82051450000614,775.478205414949,0.057191314844909025,92.03629032258065,1.0,5.139431637141517
46,2045,7,5,4.898224502314156E18,39.964092500350986,0.005092650670177652,1.0,52.6781988229396,1.0,293.6554613218346,224.92439516129033,832.0419234057798,0.0,0.0,5.484879032258065,0.0,0.0,105.50000000000001,200.8701196074453,746.551764000492,0.055117347019079936,100.0,1.0,5.327822858022903
50,2045,7,6,2.9539370702862316E18,40.69049923839812,0.001781113632563129,1.0,33.64749654106446,1.0,302.13838184630634,228.54637096774192,421.17626628702783,0.0,0.07963709677419355,5.909274193548387,0.0,0.0,105.50000000000001,418.6626669551481,829.0984540957021,0.05569716106652202,92.03629032258065,1.0,5.424663951641032
54,2045,7,7,4.281117921937587E18,39.83149967935612,0.0013103461566666263,2.0,28.395066054544856,4.0,298.3965132383442,230.42943548387098,315.14282778720803,0.0,0.0,5.985887096774194,0.0,0.0,105.50000000000001,339.8514175153105,793.2000146104227,0.056193652914441415,100.0,1.0,5.310146213357455
44,2045,7,7,3.1730362057635645E18,40.49616394029258,0.0011521893272795384,1.0,38.51839465068794,3.0,305.4515422359042,230.20262096774192,498.02734794107084,0.0,0.0,5.940524193548387,0.0,0.0,105.50000000000001,371.7247404757071,793.6977626769483,0.05657813336103726,100.0,1.0,5.39875609339658
55,2045,11,7,2.797545246119503E18,38.46562130306491,2.6914368568845345E-4,1.0,16.74752782562242,5.0,445.89026733329274,323.195564516129,168.64616812530608,0.0,0.0,5.639112903225806,0.0,0.0,88.0,0.0,835.1908507990621,0.08716607297791419,100.0,1.0,5.1154107567318166
56,2045,11,7,4.898742477016446E18,40.14573544420696,0.003355740643550125,1.0,27.70117640704319,1.0,425.2877630919496,330.01209677419354,328.19929207780626,0.0,0.0,5.80241935483871,0.0,0.0,88.0,0.0,854.9137951576673,0.0796591572966762,100.0,1.0,5.33884336119753
58,2045,11,7,7.278710821350941E18,39.439869728800275,0.02463615889796514,1.0,28.016543077758044,2.0,469.055685733827,324.08266129032256,344.1197136217277,0.0,0.0,5.816532258064516,0.0,0.0,88.0,23.772514394782757,882.6330931343842,0.08942957609582218,100.0,1.0,5.244972706023366
47,2045,11,7,8.507560024639921E18,39.37651938689653,0.0024925695780147416,1.0,24.86040478952199,2.0,434.74585960531857,324.2086693548387,270.6914316142014,0.0,0.0,5.841733870967742,0.0,0.0,88.0,0.0,816.4452078049153,0.08302146046894966,100.0,1.0,5.236547961811816
49,2045,11,7,1.481964993321812E18,39.500917726253554,0.00897325048085301,1.0,30.693963512208615,2.0,440.30634779487144,324.06754032258067,390.5542918709353,0.0,0.0,5.813508064516129,0.0,0.0,88.0,0.0,880.1281552376436,0.0838185223171416,100.0,1.0,5.253091269360461
51,2045,11,7,6.492828447697523E18,38.29817259155309,0.004788287343037908,1.0,30.18304316859157,6.0,472.68457035657696,323.43245967741933,356.11640424595964,0.0,0.0,5.686491935483871,0.0,0.0,88.0,0.0,822.4402655817526,0.09280804263846357,100.0,1.0,5.09314232817013
52,2045,11,7,1.0005304447219302E18,37.85126635695477,2.673474699336498E-4,2.0,34.68988841203302,6.0,446.8979165293218,324.0221774193548,474.03253329645315,0.0,0.0,5.804435483870968,0.0,0.0,88.0,0.0,890.9127861795963,0.08878102511104335,100.0,1.0,5.033709804210549
41,2045,11,7,6.307363977605812E18,38.69481792614134,0.004707896369807458,1.0,23.00688530994323,5.0,473.2874169317735,323.75504032258067,255.95378959871832,0.0,0.0,5.751008064516129,0.0,0.0,88.0,1.1711706146714076,854.5382189550681,0.09197385501742049,100.0,1.0,5.145890827802418
44,2045,11,7,3.1730362057635645E18,38.43119699767071,0.0036240914704576137,1.0,28.912505754931114,5.0,527.4926833813248,324.1381048387097,354.0381785053463,0.0,0.0,5.827620967741935,0.0,0.0,88.0,0.0,868.7974029738075,0.10321071054318921,100.0,1.0,5.110832786686339
46,2045,11,7,4.898224502314156E18,40.18805184973457,0.0019756165743841994,0.0,44.75347954466678,0.0,470.0386141606485,318.01209677419354,709.1822729999549,0.0,0.0,5.80241935483871,0.0,0.0,88.0,0.0,874.344095998277,0.08794857810944494,100.0,1.0,5.344470874511731
57,2045,11,8,4.974214387304059E17,39.4918752828874,0.00293243479766438,1.0,35.2312351641641,5.0,446.75208802503477,330.99798387096774,458.3882425645923,0.0,0.0,5.699596774193548,0.0,0.0,88.0,0.0,841.3766732353652,0.08506503272253328,100.0,1.0,5.251888745899377
59,2045,11,8,8.617806463867117E18,39.900713450480204,0.003745096194012111,1.0,40.7878365203499,2.0,473.13850382340837,325.88004032258067,580.6077182530038,0.0,0.0,5.876008064516129,0.0,0.0,88.0,0.0,841.7754043373537,0.08916612024283782,100.0,1.0,5.3062587284817155
48,2045,11,8,5.859174576972996E18,39.046790870532554,0.001839534743922314,1.0,13.46698573174797,4.0,448.3739184903301,330.98790322580646,127.28980695189249,0.0,0.0,5.69758064516129,0.0,0.0,88.0,1.828147309644903,814.4824643669576,0.08634699636539139,100.0,1.0,5.192698499817674
50,2045,11,8,2.9539370702862316E18,39.61044183321808,0.0018208706332899784,1.0,25.633667098620393,3.0,502.6038346358951,331.71875,311.82216782447676,0.0,0.0,5.84375,0.0,0.0,88.0,0.0,902.2655288811843,0.09541317553005074,100.0,1.0,5.267656503871398
53,2045,11,8,2.861374886328272E18,39.90066713484061,0.00897325048085301,1.0,41.698029302934785,3.0,467.50489123737617,331.41129032258067,640.1181108630743,0.0,0.0,5.782258064516129,0.0,0.0,88.0,0.0,893.9809284057136,0.08810453048497725,100.0,1.0,5.3062525691240205
54,2045,11,8,4.281117921937587E18,38.66768070305712,0.00544493354420691,1.0,16.518999375206967,5.0,526.0433097881255,331.7943548387097,177.83023198907622,0.0,0.0,5.858870967741935,0.0,0.0,88.0,0.0,895.4756911945854,0.1022976405695731,100.0,1.0,5.142281941784972
40,2045,11,8,5.096996787781837E17,39.57286622840554,0.0022288252560489436,2.0,30.58816579411394,4.0,471.72390595477117,331.0584677419355,367.27033604366164,0.0,0.0,5.711693548387097,0.0,0.0,88.0,0.0,831.9396145594017,0.08963603100987873,100.0,1.0,5.262659453348428
42,2045,11,8,8.834479670273441E18,39.06775836892461,0.002606987356436093,1.0,20.53126458893713,5.0,460.36986168971833,331.55745967741933,224.7959029580049,0.0,0.0,5.811491935483871,0.0,0.0,88.0,2.976773249119135,867.4989089611033,0.08860957037563294,100.0,1.0,5.195486895355911
43,2045,11,8,6.605295447056412E18,40.26929499101825,0.0017137605960376348,1.0,40.67494687713589,2.0,466.00637185031053,331.9758064516129,594.2338409576716,0.0,0.0,5.895161290322581,0.0,0.0,88.0,0.0,865.7450600514928,0.08701819446343163,100.0,1.0,5.355275120608762
45,2045,11,8,3.0688222562761073E18,39.284711443567105,0.0023055628162520565,1.0,49.79508919909588,4.0,446.1279205437546,325.65826612903226,858.3483852102519,0.0,0.0,5.831653225806452,0.0,0.0,88.0,1.0491716006730716,864.5360831506403,0.08539414131263882,100.0,1.0,5.224338739005799
56,2046,2,21,4.898742477016446E18,45.62856389965361,0.34336279358391425,1.0,36.41378779451887,1.0,281.29999999999484,237.5735887096774,503.12208572214666,0.0,0.0,6.214717741935484,0.0,0.0,105.69999999999816,610.1387570308675,877.7595361617708,0.046472587868547986,100.0,1.0,6.053030676829916
55,2046,2,22,2.797545246119503E18,45.28795072291829,0.23665551725536535,1.0,27.73804103711267,2.0,284.2000000000052,239.65826612903226,332.40341503104884,0.0,0.0,6.331653225806452,0.0,0.0,105.69999999999816,576.509379376771,864.7028422057634,0.04730481293948679,100.0,1.0,6.007845340463755
58,2046,2,22,7.278710821350941E18,45.16664906866874,0.35246005007925235,1.0,39.533398732778366,1.0,284.2000000000052,239.24495967741936,583.0918593996944,0.0,0.0,6.248991935483871,0.0,0.0,105.69999999999816,552.742116915117,890.9015575512195,0.04743185694611229,100.0,1.0,5.991753608189685
48,2046,2,22,5.859174576972996E18,45.63012565436904,0.36220661959370515,1.0,24.295820582734528,1.0,284.2000000000052,239.35584677419354,266.0964964855361,0.0,0.0,6.27116935483871,0.0,0.0,105.69999999999816,549.9541861983129,828.0417756252137,0.0469500797255687,100.0,1.0,6.053237857341312
50,2046,2,22,2.9539370702862316E18,46.05750604702484,0.36220661959370515,0.0,29.78549949561475,0.0,284.2000000000052,239.56754032258064,396.631480545235,0.0,0.0,6.313508064516129,0.0,0.0,105.69999999999816,627.9735062340525,933.4733751017983,0.04651441689380686,100.0,1.0,6.10993362872501
51,2046,2,22,6.492828447697523E18,44.27823764288425,0.20463650824503132,1.0,38.447888762569406,1.0,284.2000000000052,239.55745967741936,547.2178490262166,0.0,0.0,6.311491935483871,0.0,0.0,105.69999999999816,593.2017954761786,875.1199129730251,0.04838354350592888,100.0,1.0,5.873898011731605
53,2046,2,22,2.861374886328272E18,46.47876862201467,0.36220661959370515,0.0,48.82549985951902,0.0,284.2000000000052,239.33568548387098,868.6785678215596,0.0,0.0,6.267137096774194,0.0,0.0,105.69999999999816,633.4231578182267,909.5500826581882,0.046092831218975776,100.0,1.0,6.165817817739173
44,2046,2,22,3.1730362057635645E18,45.405099601604235,0.20212422968398716,1.0,36.82229061694513,1.0,284.2000000000052,239.2701612903226,527.5332651322007,0.0,0.0,6.254032258064516,0.0,0.0,105.69999999999816,632.7550693278533,903.9905212774345,0.04718276264467558,100.0,1.0,6.0233861705017455
46,2046,2,22,4.898224502314156E18,45.35282044889195,0.18983575450403856,0.0,47.43333703523983,0.0,284.2000000000052,239.17439516129033,839.6015696900433,0.0,0.0,6.234879032258065,0.0,0.0,105.69999999999816,614.2961027912884,929.6372216739376,0.047237151210354024,100.0,1.0,6.0164508806727275
57,2046,2,23,4.974214387304059E17,47.04719613334613,0.3801531205554123,0.0,45.52410617613708,0.0,287.10000000000196,241.3548387096774,745.960628868848,0.0,0.0,6.370967741935484,0.0,0.0,105.69999999999816,647.7186033760551,891.9788289792818,0.046000586803181344,100.0,1.0,6.241224731075528
49,2046,2,23,1.481964993321812E18,46.71896937994179,0.3801531205554123,0.0,43.37367308123375,0.0,287.10000000000196,240.5735887096774,669.452563920749,0.0,0.0,6.214717741935484,0.0,0.0,105.69999999999816,512.9540509400505,873.1607523127456,0.04632376651929001,100.0,1.0,6.197682562803882
54,2046,2,23,4.281117921937587E18,45.5938350754032,0.15986254018310056,1.0,27.304529995468343,1.0,287.10000000000196,241.77822580645162,339.36499042352193,0.0,0.0,6.455645161290323,0.0,0.0,105.69999999999816,569.636383959029,901.8659705367089,0.0474669135859952,100.0,1.0,6.048423592569728
41,2046,2,23,6.307363977605812E18,46.70056001631649,0.3211764183178777,1.0,33.727615955736596,1.0,287.10000000000196,241.1985887096774,444.7351814074552,0.0,0.0,6.339717741935484,0.0,0.0,105.69999999999816,626.8024884621944,872.9951004059135,0.04634202735089563,100.0,1.0,6.195240398658418
43,2046,2,23,6.605295447056412E18,45.92709360424346,0.37461890206076826,1.0,45.215911463748185,2.0,287.10000000000196,241.50604838709677,733.4804016168284,0.0,0.0,6.401209677419355,0.0,0.0,105.69999999999816,545.5938052467527,887.9886537118751,0.047122481736538956,100.0,1.0,6.092633270148492
45,2046,2,23,3.0688222562761073E18,45.29693533945847,0.3801531205554123,1.0,55.743864457747264,2.0,287.10000000000196,241.28427419354838,1137.709682838385,0.0,0.0,6.356854838709677,0.0,0.0,105.69999999999816,578.7836490348108,902.5967397808656,0.04777803649098176,100.0,1.0,6.0090372289408105
59,2046,2,24,8.617806463867117E18,46.878119249079134,0.17948585280302864,1.0,46.78083311085344,1.0,290.00000000000006,243.29334677419354,774.0943326574251,0.0,0.0,6.45866935483871,0.0,0.0,105.69999999999816,573.1042883298765,879.4792435456978,0.04663282693106709,100.0,1.0,6.218795193966682
47,2046,2,24,8.507560024639921E18,46.430061090383646,0.1738426294834573,0.0,39.37312232385645,0.0,290.00000000000006,243.33366935483872,544.4873717140832,0.0,0.0,6.466733870967742,0.0,0.0,105.69999999999816,557.2758234876665,837.5719069230047,0.04708284181536431,100.0,1.0,6.159356334888134
52,2046,2,24,1.0005304447219302E18,46.680358601970944,0.16677777646069214,0.0,39.407783768691075,0.0,290.00000000000006,243.01612903225808,620.8346579414813,0.0,0.0,6.403225806451613,0.0,0.0,105.69999999999816,621.1248881810949,953.4993723981808,0.0468303862109562,100.0,1.0,6.192560503209199
40,2046,2,24,5.096996787781837E17,46.860888591758204,0.3980996215171175,0.0,40.44628031308668,0.0,290.00000000000006,243.5352822580645,577.6576739036841,0.0,0.0,6.507056451612903,0.0,0.0,105.69999999999816,598.0927197731146,849.6211725134448,0.046649973730560325,100.0,1.0,6.216509395588822
42,2046,2,24,8.834479670273441E18,46.67959596060087,0.3900450423704544,0.0,36.23123861926665,0.0,290.00000000000006,243.68649193548387,506.560418995511,0.0,0.0,6.537298387096774,0.0,0.0,105.69999999999816,603.5727243884497,890.5219512281953,0.04683115131590555,100.0,1.0,6.1924593321177985
57,2046,7,3,4.974214387304059E17,39.60059797777049,0.00897325048085301,1.0,45.344753970016434,2.0,294.75251560581404,221.0423387096774,624.1008655316253,0.0,0.014112903225806451,5.308467741935484,0.0,0.0,105.80000000000184,398.09774373056536,751.1899043553302,0.05624591891999908,98.58870967741935,1.0,5.240424927985492
52,2046,7,3,1.0005304447219302E18,37.72825316779125,2.5624680109809277E-4,2.0,34.46469977592997,4.0,300.7088576199604,222.3679435483871,438.0379968409998,0.0,0.0,5.573588709677419,0.0,0.0,105.80000000000184,439.8823976169084,831.243889211581,0.060230263502073146,100.0,1.0,4.992653860954965
54,2046,7,3,4.281117921937587E18,38.86858421108658,2.237495132867795E-4,1.0,29.619161152184372,3.0,292.67112729590485,219.3891129032258,313.1017541225158,0.0,0.03024193548387097,4.977822580645161,0.0,0.0,105.80000000000184,298.74998589965463,742.4362704836024,0.05690054140397053,96.9758064516129,1.0,5.143556108158264
56,2046,7,4,4.898742477016446E18,39.03255980267367,0.002394143671518954,1.0,34.17112139965163,3.0,284.83963266317403,225.3397177419355,403.0570463948066,0.0,0.0,5.867943548387097,0.0,0.0,105.80000000000184,387.81834154697805,775.2958358212629,0.05514531518741172,100.0,1.0,5.165255320332192
59,2046,7,4,8.617806463867117E18,39.146856251643484,0.0010010319590420575,1.0,44.87219335047964,2.0,303.87532551458145,223.8679435483871,618.5231878978748,0.0,0.0,5.573588709677419,0.0,0.0,105.80000000000184,370.88176557404614,758.9365719047489,0.05865888263119082,100.0,1.0,5.180380393966133
47,2046,7,4,8.507560024639921E18,38.822613275359934,2.658110812504599E-4,1.0,34.80618439312183,4.0,303.2198948405097,225.05241935483872,397.70639399176025,0.0,0.0,5.810483870967742,0.0,0.0,105.80000000000184,348.30855059968906,743.5311788089037,0.059021217920925746,100.0,1.0,5.137472683921087
48,2046,7,4,5.859174576972996E18,38.10358836468768,0.0015781305805228696,1.0,17.468492363413816,5.0,289.881446188154,225.77822580645162,159.59864521650178,0.0,0.0,5.955645161290323,0.0,0.0,105.80000000000184,413.1421166107032,751.8141196235315,0.057489665606862014,100.0,1.0,5.042322704927222
49,2046,7,4,1.481964993321812E18,40.27875905352475,0.0025874424685274062,1.0,37.519811587289695,2.0,297.14831821472166,225.40020161290323,493.20816506253476,0.0,0.0,5.880040322580645,0.0,0.0,105.80000000000184,408.7903866731832,820.2123151338145,0.05574840349847586,100.0,1.0,5.330167315425375
51,2046,7,4,6.492828447697523E18,39.329137351930164,0.0031265681117954836,1.0,39.78651768836732,1.0,288.6938514480423,225.7429435483871,501.8760083827598,0.0,0.0,5.948588709677419,0.0,0.0,105.80000000000184,348.2404173819449,758.3705479137041,0.05547002400797306,100.0,1.0,5.204502010068474
53,2046,7,4,2.861374886328272E18,38.53850378089306,0.0024082797855214844,2.0,45.531821458521335,4.0,291.04769407029505,225.6320564516129,663.4453590061596,0.0,0.0,5.926411290322581,0.0,0.0,105.80000000000184,340.16463438508373,792.6563746301806,0.0570695638174461,100.0,1.0,5.099875916369315
40,2046,7,4,5.096996787781837E17,37.96566875683431,0.0032417812430827423,1.0,35.06143384379885,4.0,303.8561895741254,225.41532258064515,400.8500163263712,0.0,0.0,5.883064516129032,0.0,0.0,105.80000000000184,344.78955640168317,741.1161674170305,0.060480068331527755,100.0,1.0,5.024071532269213
42,2046,7,4,8.834479670273441E18,37.76487266953486,0.0014985388244577501,1.0,32.19095551992007,5.0,303.61123309027994,225.11290322580646,363.4415443054829,0.0,0.03024193548387097,5.82258064516129,0.0,0.0,105.80000000000184,360.2206641438704,764.0456913030264,0.06075262546342191,96.9758064516129,1.0,4.997499791561748
43,2046,7,4,6.605295447056412E18,39.03744962330335,0.0013737370607552085,1.0,44.96686126689776,2.0,295.97314442826485,224.57862903225808,618.7928574843575,0.0,0.0,5.715725806451613,0.0,0.0,105.80000000000184,306.7125156513081,756.0397498434104,0.057293599746261914,100.0,1.0,5.165902399902451
45,2046,7,4,3.0688222562761073E18,39.846090769338126,0.00897325048085301,1.0,56.98537960304609,2.0,295.17866704178147,224.9516129032258,1020.6845550712655,0.0,0.0,5.790322580645161,0.0,0.0,105.80000000000184,322.93875102916513,769.6779823982096,0.05598020536548944,100.0,1.0,5.2729114713779275
46,2046,7,4,4.898224502314156E18,37.815121904081344,0.0017111461633968425,1.0,42.92513387461462,5.0,289.5937291709857,224.8608870967742,625.8027554473107,0.0,0.07963709677419355,5.772177419354839,0.0,0.0,105.80000000000184,394.4147503510506,831.0361696592588,0.05787072041075957,92.03629032258065,1.0,5.004149371486711
55,2046,7,5,2.797545246119503E18,38.54947464826015,8.684911421654128E-4,1.0,25.499352249693732,4.0,292.43273003308616,226.9858870967742,259.684775399748,0.0,0.0,5.897177419354839,0.0,0.0,105.80000000000184,343.3538502638059,756.7913452618556,0.05732482727962719,100.0,1.0,5.101327712800882
58,2046,7,5,7.278710821350941E18,39.15501051774726,0.002959515330096638,1.0,39.60732054609078,5.0,292.3425123152222,226.89012096774192,505.20365843566094,0.0,0.0,5.878024193548387,0.0,0.0,105.80000000000184,290.0963250574951,769.4544199144318,0.05642088186644947,100.0,1.0,5.181459464019172
50,2046,7,5,2.9539370702862316E18,40.85028242284544,0.0024995126687612883,0.0,30.44416485352576,0.0,293.38813673994594,227.31854838709677,358.73522228397223,0.0,0.06854838709677419,5.963709677419355,0.0,0.0,105.80000000000184,391.37023138405726,818.0825260802438,0.0542728621970496,93.14516129032258,1.0,5.405798125677167
41,2046,7,5,6.307363977605812E18,39.781604013105536,0.0013907703783095193,1.0,31.163529376187054,2.0,300.04497889140157,226.66834677419354,345.8838057210265,0.0,0.014112903225806451,5.83366935483871,0.0,0.0,105.80000000000184,327.9654153400682,762.6542518172129,0.05699533536401998,98.58870967741935,1.0,5.264377812237842
44,2046,7,5,3.1730362057635645E18,39.08073903617758,0.0016350675074440625,1.0,37.9631700212609,3.0,292.55438080091864,226.62802419354838,466.99845483653945,0.0,0.0,5.825604838709677,0.0,0.0,105.80000000000184,298.3641187536788,762.0963670380079,0.0565690750811431,100.0,1.0,5.1716309729525625
42,2046,11,6,8.834479670273441E18,38.893433330177395,0.0030172328449405046,1.0,27.54492581254581,3.0,434.14849239700686,315.9929435483871,319.5359986910428,0.0,0.0,5.698588709677419,0.0,0.0,88.0,0.0,838.7850392052216,0.08456062849887738,100.0,1.0,5.13416823058228
43,2046,11,6,6.605295447056412E18,37.43905106811494,0.001673489459316117,1.0,35.841277273702666,6.0,439.76114733409895,322.0534274193548,471.9248795457656,0.0,0.0,5.710685483870968,0.0,0.0,88.0,0.0,843.367404565689,0.08898119045538815,100.0,1.0,4.942180983233516
55,2046,11,7,2.797545246119503E18,36.87836670123539,2.3740013971249922E-4,1.0,13.221297541215781,8.0,462.29198855956326,323.991935483871,128.74222039690062,0.0,0.0,5.798387096774194,0.0,0.0,88.0,0.0,841.2750081288483,0.09496222376934459,100.0,1.0,4.868167258618884
56,2046,11,7,4.898742477016446E18,39.03461138506473,0.0018113141866881392,1.0,27.328750658995762,4.0,442.6467678445527,323.8407258064516,321.7566569033752,0.0,0.0,5.768145161290323,0.0,0.0,88.0,3.2197047478011873,853.7558318285294,0.08590404708240267,100.0,1.0,5.152804586959073
57,2046,11,7,4.974214387304059E17,39.44205365126683,0.0017296165151991173,1.0,39.09029535401785,3.0,425.2203939748326,323.991935483871,534.6163461327759,0.0,0.0,5.798387096774194,0.0,0.0,88.0,14.718237080094662,831.7946761917269,0.08166966107748912,100.0,1.0,5.2065894282502105
58,2046,11,7,7.278710821350941E18,37.90957029417579,0.0028705215869651306,2.0,28.582233929057708,7.0,465.2341018506538,324.133064516129,352.28780206165163,0.0,0.0,5.826612903225806,0.0,0.0,88.0,0.0,878.78651840716,0.09296701071275845,100.0,1.0,5.004292364396813
47,2046,11,7,8.507560024639921E18,38.647062576865466,0.003330827943894969,1.0,27.543572928560145,5.0,441.7312712771964,323.58870967741933,312.593681241021,0.0,0.0,5.717741935483871,0.0,0.0,88.0,0.0,820.6853123334735,0.08658603289837062,100.0,1.0,5.101645802339432
48,2046,11,7,5.859174576972996E18,38.8429696114087,0.0015853799436136046,2.0,13.248415689678506,4.0,438.6275887938432,324.08770161290323,123.1844949656251,0.0,0.0,5.817540322580645,0.0,0.0,88.0,0.0,803.625498187801,0.08554403010953142,100.0,1.0,5.127506714755198
51,2046,11,7,6.492828447697523E18,39.66860308997229,0.00897325048085301,1.0,33.7896720689252,2.0,443.9223645560472,324.31451612903226,428.9326148519253,0.0,0.0,5.862903225806452,0.0,0.0,88.0,0.0,839.0609771076302,0.08477470849452974,100.0,1.0,5.236495323185832
54,2046,11,7,4.281117921937587E18,38.38856477834856,0.00316182187486013,2.0,15.583388669943854,5.0,422.44248575683116,323.95665322580646,162.51034809118323,0.0,0.0,5.79133064516129,0.0,0.0,88.0,0.0,877.4243992663143,0.083362724721082,100.0,1.0,5.067522530846423
45,2046,11,7,3.0688222562761073E18,39.64550668240217,0.0021705976005933782,1.0,52.12980287726958,3.0,446.1594394220413,317.2358870967742,926.8030837018116,0.0,0.0,5.647177419354839,0.0,0.0,88.0,0.0,850.1595167110189,0.08525155325812098,100.0,1.0,5.233446457816188
46,2046,11,7,4.898224502314156E18,36.28483235848236,2.6972617773394965E-4,2.0,35.63495393753657,9.0,437.3052798538618,324.304435483871,497.4771866933075,0.0,0.0,5.860887096774194,0.0,0.0,88.0,0.0,896.9640127499534,0.0912989509187263,100.0,1.0,4.789817138678275
59,2046,11,8,8.617806463867117E18,40.002699251456214,0.001717697258968808,1.0,39.25178858777973,3.0,446.03259317779316,331.4616935483871,551.5656688066795,0.0,0.0,5.792338709677419,0.0,0.0,88.0,0.0,852.5418963378413,0.08446630290458873,100.0,1.0,5.280598035427473
49,2046,11,8,1.481964993321812E18,38.94638465134988,0.0029171815607454605,2.0,28.8746308091133,5.0,450.9534861459269,331.789314516129,366.274402593593,0.0,0.0,5.857862903225806,0.0,0.0,88.0,0.0,900.5718282381501,0.0877143778085042,100.0,1.0,5.141158124959137
50,2046,11,8,2.9539370702862316E18,39.88072736747491,0.00897325048085301,1.0,20.882700753129658,3.0,476.6698987979395,331.8195564516129,239.80935156726883,0.0,0.0,5.863911290322581,0.0,0.0,88.0,5.628478715055213,906.2477843374058,0.09054424343335744,100.0,1.0,5.264497009672172
52,2046,11,8,1.0005304447219302E18,39.34940303264346,0.0024370587943652973,1.0,30.84573922874425,4.0,420.84887230130994,331.90020161290323,407.81431491582435,0.0,0.0,5.880040322580645,0.0,0.0,88.0,0.0,912.7470448542995,0.08102036716718043,100.0,1.0,5.194358986709042
53,2046,11,8,2.861374886328272E18,38.659203793840085,0.0023150801034192638,1.0,38.7255507839128,5.0,443.41660480114876,331.7540322580645,564.7891810791327,0.0,0.0,5.850806451612903,0.0,0.0,88.0,0.0,892.2754874908179,0.08688908709435066,100.0,1.0,5.103248516348825
40,2046,11,8,5.096996787781837E17,38.03088658342934,0.0026611063110477504,2.0,26.812677034254698,8.0,440.8422975325186,331.6784274193548,306.4433598378911,0.0,0.0,5.835685483870968,0.0,0.0,88.0,0.0,834.6671150529409,0.08781182324257467,100.0,1.0,5.020306847686323
41,2046,11,8,6.307363977605812E18,40.46663908597082,0.0042975337551978045,1.0,22.604135495494965,2.0,471.18086781158337,331.34576612903226,254.67250499562968,0.0,0.0,5.769153225806452,0.0,0.0,88.0,0.0,870.1772195125202,0.08820570977004767,100.0,1.0,5.341840897147726
44,2046,11,8,3.1730362057635645E18,38.68751156722188,0.004067656609634182,2.0,26.988400499250886,6.0,467.7798382384585,331.61290322580646,328.0235579848225,0.0,0.0,5.82258064516129,0.0,0.0,88.0,0.0,885.7075139028715,0.09159608056873164,100.0,1.0,5.106985313497634
55,2047,2,21,2.797545246119503E18,44.664122678867614,0.33378637051132926,1.0,29.227940206409784,2.0,281.29999999999484,237.59375,353.6202157760466,0.0,0.0,6.21875,0.0,0.0,106.0,565.8148919753596,855.0936278696134,0.047828602865077806,100.0,1.0,5.8814178786181275
56,2047,2,21,4.898742477016446E18,45.19566412990701,0.3666932448341321,0.0,31.725087072545715,0.0,281.29999999999484,237.64415322580646,409.5642647370509,0.0,0.0,6.22883064516129,0.0,0.0,106.0,581.1918035845765,880.1667495790499,0.04726609569857158,100.0,1.0,5.9514118067614366
47,2047,2,21,8.507560024639921E18,45.32625973092508,0.3666932448341321,1.0,34.64543329678054,2.0,281.29999999999484,237.6139112903226,461.4930486309468,0.0,0.0,6.222782258064516,0.0,0.0,106.0,618.5606731320613,869.5940042430583,0.04712991097448045,100.0,1.0,5.96860877060241
43,2047,2,21,6.605295447056412E18,46.039336933479326,0.3666932448341321,1.0,46.349246491894185,1.0,281.29999999999484,237.5584677419355,766.0363055838611,0.0,0.0,6.211693548387097,0.0,0.0,106.0,544.9624376985436,886.0449423576576,0.046399942488555675,100.0,1.0,6.0625075143008225
44,2047,2,21,3.1730362057635645E18,45.11009159928024,0.25557898748632996,1.0,38.74585967720373,3.0,281.29999999999484,237.31149193548387,559.3965878494236,0.0,0.0,6.162298387096774,0.0,0.0,106.0,621.0879914374083,883.6067592790793,0.04735575810621408,100.0,1.0,5.94014352740522
58,2047,2,22,7.278710821350941E18,45.985124599032375,0.38463974579583793,0.0,43.426162424800026,0.0,284.2000000000052,239.2046370967742,679.3372515499917,0.0,0.0,6.240927419354839,0.0,0.0,106.0,530.1555387073859,884.2232102817395,0.04693355771024971,100.0,1.0,6.055368778019133
59,2047,2,22,8.617806463867117E18,45.63746032663519,0.38463974579583793,0.0,45.526571784416376,0.0,284.2000000000052,239.4516129032258,730.2553534672471,0.0,0.0,6.290322580645161,0.0,0.0,106.0,559.3643750974887,872.9501871279848,0.047291095598544906,100.0,1.0,6.009587986977188
48,2047,2,22,5.859174576972996E18,46.4678744301833,0.38463974579583793,1.0,27.481814300727244,1.0,284.2000000000052,239.0584677419355,306.4282172483748,0.0,0.0,6.211693548387097,0.0,0.0,106.0,551.2668195473823,807.5708403631702,0.046445969944771515,100.0,1.0,6.118937775181461
49,2047,2,22,1.481964993321812E18,45.95764387974538,0.38463974579583793,0.0,40.99232784487685,0.0,284.2000000000052,239.38104838709677,625.9807267862773,0.0,0.0,6.276209677419355,0.0,0.0,106.0,536.3334931018765,900.1686754577053,0.04696162198456167,100.0,1.0,6.051750088475099
51,2047,2,22,6.492828447697523E18,46.34721841513732,0.37306018671627983,0.0,42.43650373700941,0.0,284.2000000000052,239.32056451612902,630.2318198866525,0.0,0.0,6.264112903225806,0.0,0.0,106.0,521.6294401471351,854.1164909520319,0.0465668830403167,100.0,1.0,6.103049666303635
40,2047,2,22,5.096996787781837E17,45.11578816684152,0.24160788052502402,1.0,37.680582588456296,2.0,284.2000000000052,239.62802419354838,510.63876987479193,0.0,0.0,6.325604838709677,0.0,0.0,106.0,521.2821983787719,843.5044388725725,0.04783792075626291,100.0,1.0,5.940893657314693
41,2047,2,22,6.307363977605812E18,46.12029742902228,0.38118526546160036,0.0,31.378632432481794,0.0,284.2000000000052,239.6078629032258,408.30385380571687,0.0,0.0,6.321572580645161,0.0,0.0,106.0,575.7722253197043,891.9582445115251,0.04679600131597555,100.0,1.0,6.073168476106163
42,2047,2,22,8.834479670273441E18,46.4445038225091,0.38463974579583793,1.0,30.16367846722141,1.0,284.2000000000052,239.11895161290323,391.31648038441733,0.0,0.0,6.223790322580645,0.0,0.0,106.0,684.0315089142771,904.9274734240623,0.04646934129018998,100.0,1.0,6.115860309386438
45,2047,2,22,3.0688222562761073E18,45.91746942946675,0.3778012847260225,1.0,53.0186110887445,1.0,284.2000000000052,239.71875,1039.96988179798,0.0,0.0,6.34375,0.0,0.0,106.0,629.5063684257426,920.9429767492527,0.04700270999247813,100.0,1.0,6.046459875302635
57,2047,2,23,4.974214387304059E17,46.37145399751701,0.40258624675754473,1.0,48.516489933097915,1.0,287.10000000000196,241.41532258064515,824.1143797805926,0.0,0.0,6.383064516129032,0.0,0.0,106.0,566.4077584712579,873.6259875543245,0.047017469250702874,100.0,1.0,6.106241032862696
52,2047,2,23,1.0005304447219302E18,46.54874706962481,0.40258624675754473,0.0,43.11458930138009,0.0,287.10000000000196,241.45060483870967,703.5022744215188,0.0,0.0,6.390120967741935,0.0,0.0,106.0,558.730461639948,927.3133985032696,0.04683839092763401,100.0,1.0,6.12958716800446
53,2047,2,23,2.861374886328272E18,46.07288665746072,0.40258624675754473,1.0,49.52508730373608,1.0,287.10000000000196,241.6875,869.6437090170338,0.0,0.0,6.4375,0.0,0.0,106.0,462.61423457749873,885.724606785025,0.047322157794199786,100.0,1.0,6.06692537666132
46,2047,2,23,4.898224502314156E18,46.490995524860544,0.2478979351955317,0.0,45.473258921523254,0.0,287.10000000000196,241.25907258064515,778.5322533241838,0.0,0.0,6.351814516129032,0.0,0.0,106.0,544.0152233244892,932.7538673172594,0.04689657401018137,100.0,1.0,6.121982384846956
50,2047,2,24,2.9539370702862316E18,47.21222696876049,0.41963542267116627,0.0,32.77727599691245,0.0,290.00000000000006,243.56048387096774,433.81507633606515,0.0,0.0,6.512096774193548,0.0,0.0,106.0,512.7638883352637,888.7405460675508,0.046646630906709854,100.0,1.0,6.216954887481171
54,2047,2,24,4.281117921937587E18,47.75791767967934,0.41963542267116627,0.0,30.146574902344568,0.0,290.00000000000006,243.7016129032258,392.1631441548739,0.0,0.0,6.540322580645161,0.0,0.0,106.0,553.8828635731478,907.5488154157234,0.046113637961913104,100.0,1.0,6.2888120048026
47,2047,7,2,8.507560024639921E18,38.52281991082121,0.0015086164224702523,1.0,34.861164849391436,4.0,278.5810453303494,218.1764112903226,393.7987985855505,0.0,0.0,5.035282258064516,0.0,0.0,106.10000000000157,382.61152058404775,734.7086353094021,0.055052936096285705,100.0,1.0,5.060239563665063
52,2047,7,2,1.0005304447219302E18,38.890715980680206,0.0016501012285496542,1.0,40.358420917913676,2.0,290.8143897213535,219.64314516129033,549.0527628865219,0.0,0.07560483870967742,5.328629032258065,0.0,0.0,106.10000000000157,407.69268622314837,810.113534975833,0.05692682283521463,92.43951612903226,1.0,5.1085652639208465
55,2047,7,3,2.797545246119503E18,38.698811928176525,0.008069469856882215,1.0,23.89917282988066,4.0,281.02529044663873,223.20967741935485,250.17050508440977,0.0,0.07560483870967742,5.741935483870968,0.0,0.0,106.10000000000157,492.4950959699937,794.5307065408416,0.0552834026584429,92.43951612903226,1.0,5.083357335706985
57,2047,7,3,4.974214387304059E17,39.566956978824095,0.0026501035088165982,1.0,47.23980529615519,1.0,293.4620916428196,221.92943548387098,683.0671581563015,0.0,0.0,5.485887096774194,0.0,0.0,106.10000000000157,394.5133441099936,761.9832265320618,0.056463312160502016,100.0,1.0,5.1973942089799365
58,2047,7,3,7.278710821350941E18,39.2840548383272,0.0024134616677926454,2.0,40.34960217371579,3.0,287.19826704222663,222.7610887096774,538.0556373003875,0.0,0.0,5.652217741935484,0.0,0.0,106.10000000000157,397.68298818743295,794.3712829833664,0.055656065184368456,100.0,1.0,5.160233050806636
50,2047,7,3,2.9539370702862316E18,38.40647238681442,0.001402947229651822,2.0,25.219829785779194,3.0,301.212244695732,222.68548387096774,268.4538101226949,0.0,0.0,5.637096774193548,0.0,0.0,106.10000000000157,348.76316884792715,794.0459763451106,0.059705617705486186,100.0,1.0,5.0449565094785775
40,2047,7,3,5.096996787781837E17,39.96269010472404,0.0016440546868547153,1.0,33.5789429817894,1.0,286.3062336626756,223.38104838709677,402.2068050157263,0.0,0.07560483870967742,5.776209677419355,0.0,0.0,106.10000000000157,497.40166374451644,794.3147870425663,0.054540998094569214,92.43951612903226,1.0,5.249376499605786
41,2047,7,3,6.307363977605812E18,37.78743669412929,2.497564707429598E-4,2.0,26.576745429119143,7.0,287.37713897906514,220.05443548387098,282.82343759565134,0.0,0.036290322580645164,5.110887096774194,0.0,0.0,106.10000000000157,418.5953135440405,779.8896139216422,0.05789642888039667,96.37096774193549,1.0,4.96364187802901
44,2047,7,3,3.1730362057635645E18,38.05905197385017,0.00897325048085301,1.0,35.18410693250242,4.0,281.299216144076,222.71068548387098,423.46724739648016,0.0,0.07560483870967742,5.642137096774194,0.0,0.0,106.10000000000157,352.3718408942979,778.8430533563819,0.05626749078249685,92.43951612903226,1.0,4.999320428761324
56,2047,7,4,4.898742477016446E18,40.3948836312143,0.0022343751197343156,0.0,31.70809161916687,0.0,284.28779635476553,225.59677419354838,365.063469024594,0.0,0.0,5.919354838709677,0.0,0.0,106.10000000000157,382.98925379680765,784.832390123669,0.053577056294240706,100.0,1.0,5.306148116714005
59,2047,7,4,8.617806463867117E18,39.290873822723405,9.021969114068987E-4,1.0,44.03619613956616,3.0,289.7218591220582,225.11290322580646,606.7471899326888,0.0,0.0,5.82258064516129,0.0,0.0,106.10000000000157,366.08201050609125,770.1109674724169,0.05613536726902598,100.0,1.0,5.161128771698962
48,2047,7,4,5.859174576972996E18,39.2153137087597,0.001376265411173772,1.0,18.611987202730027,2.0,290.72254253676186,224.8054435483871,173.28701232278027,0.0,0.07560483870967742,5.761088709677419,0.0,0.0,106.10000000000157,425.995594347056,755.1505064109086,0.05643779102764935,92.43951612903226,1.0,5.151203426695678
49,2047,7,4,1.481964993321812E18,40.117272858996664,9.036506023014124E-4,1.0,39.327747179557534,1.0,290.0546303079521,225.1078629032258,523.0627494987182,0.0,0.0,5.821572580645161,0.0,0.0,106.10000000000157,378.1551910308962,805.8622625823949,0.05504215043751644,100.0,1.0,5.269682016461559
53,2047,7,4,2.861374886328272E18,38.26916802061454,0.0019222901629933715,1.0,45.36846154564176,6.0,295.8868823649456,224.60887096774192,660.2994010945672,0.0,0.0,5.721774193548387,0.0,0.0,106.10000000000157,343.06062691546003,794.1600903086096,0.05886046433158988,100.0,1.0,5.026920628727452
54,2047,7,4,4.281117921937587E18,39.62235394352209,0.0019695457596253328,1.0,27.485560534986202,4.0,304.9381170782592,223.2227822580645,296.09213568867773,0.0,0.0,5.444556451612903,0.0,0.0,106.10000000000157,352.9965053087975,779.5598505695691,0.05858931678621584,100.0,1.0,5.204670984489125
42,2047,7,4,8.834479670273441E18,39.753218212229754,0.0017369822843308256,1.0,30.927614057359758,3.0,290.69096375459713,225.64717741935485,342.73407080896817,0.0,0.0,5.929435483870968,0.0,0.0,106.10000000000157,345.8827278766562,764.0285585982443,0.05566807859397837,100.0,1.0,5.22186091377045
43,2047,7,4,6.605295447056412E18,39.27854333423866,0.0017953682434679902,1.0,43.992290516688264,3.0,285.08841648370134,225.2741935483871,618.9190316213084,0.0,0.0,5.854838709677419,0.0,0.0,106.10000000000157,359.59926246206004,787.0879999240628,0.05525495008450704,100.0,1.0,5.159509076520502
45,2047,7,4,3.0688222562761073E18,38.84216123242957,0.0012706386973736939,1.0,52.93515043014524,4.0,289.99723602828504,224.3165322580645,876.3781661513657,0.0,0.04233870967741935,5.663306451612903,0.0,0.0,106.10000000000157,344.99546896200513,778.2999121184064,0.056837826836588896,95.76612903225806,1.0,5.102187260995026
51,2047,7,5,6.492828447697523E18,39.13963249337751,0.0014510430919878765,2.0,37.4135667613331,5.0,293.47673044569973,227.1875,468.2364527285139,0.0,0.0,5.9375,0.0,0.0,106.10000000000157,397.33038068762124,782.1914875780483,0.05708262300248061,100.0,1.0,5.141262174181208
46,2047,7,5,4.898224502314156E18,40.365326801679906,0.001274247441189011,2.0,44.400383205987936,2.0,299.3910750720122,226.40120967741936,658.5960901305269,0.0,0.0,5.780241935483871,0.0,0.0,106.10000000000157,369.05236611055943,823.5534811635819,0.05646474477255183,100.0,1.0,5.302265622168361
55,2047,11,6,2.797545246119503E18,38.485281726736055,0.002202565164666919,1.0,20.607317283616432,5.0,418.2760044134787,316.008064516129,214.01724840600727,0.0,0.0,5.701612903225806,0.0,0.0,88.0,0.0,822.3633433652701,0.0829440310638648,100.0,1.0,5.0428704639567945
56,2047,11,6,4.898742477016446E18,38.19477098226181,0.0033938163694602953,2.0,22.185372811084083,5.0,444.9598950250681,315.8165322580645,241.09613500708826,0.0,0.0,5.663306451612903,0.0,0.0,88.0,0.0,843.4953588820017,0.08890656195249387,100.0,1.0,5.004803754112402
58,2047,11,6,7.278710821350941E18,38.46289794286483,0.00897325048085301,1.0,32.91212016332755,4.0,420.49704865754876,322.09879032258067,428.85396527071526,0.0,0.0,5.719758064516129,0.0,0.0,88.0,0.0,872.5113502414937,0.08343298984308398,100.0,1.0,5.0399374330033675
59,2047,11,6,8.617806463867117E18,39.61623907061942,0.0025492188866059733,1.0,38.596924963873725,3.0,440.13191127961005,321.96270161290323,535.0313672730495,0.0,0.0,5.692540322580645,0.0,0.0,88.0,37.64342061077801,849.8127589418441,0.08478645383559369,100.0,1.0,5.1910640363972975
47,2047,11,6,8.507560024639921E18,38.58819031131297,0.003662551216674701,2.0,26.93328563595269,4.0,400.49754247717914,322.491935483871,304.2022281580784,0.0,0.0,5.798387096774194,0.0,0.0,88.0,0.0,823.4388824915038,0.07920676961538348,100.0,1.0,5.056354960844089
50,2047,11,6,2.9539370702862316E18,39.26112118106731,0.0017437330899442382,1.0,19.111294322894327,3.0,417.14931861172454,315.9727822580645,207.54367853146616,0.0,0.0,5.694556451612903,0.0,0.0,88.0,12.457893206778442,875.927254758819,0.08108596665100655,100.0,1.0,5.144531610594622
52,2047,11,6,1.0005304447219302E18,37.91187661561994,0.00897325048085301,2.0,32.51669072697927,7.0,401.727007559152,321.0352822580645,430.25085930491156,0.0,0.0,5.507056451612903,0.0,0.0,88.0,27.67744428008856,891.4466630782505,0.08086723703626195,100.0,1.0,4.967735046753387
40,2047,11,6,5.096996787781837E17,38.915789276035184,0.00897325048085301,1.0,29.01553489465225,3.0,423.05390043317743,322.0483870967742,337.7384641066114,0.0,0.0,5.709677419354839,0.0,0.0,88.0,0.0,824.5710776106315,0.08296343360898362,100.0,1.0,5.099281478959514
41,2047,11,6,6.307363977605812E18,38.50529586018867,0.003963449859034012,2.0,19.72979779560358,5.0,414.71003342918004,322.491935483871,213.69123540795832,0.0,0.0,5.798387096774194,0.0,0.0,88.0,0.0,866.5460952387843,0.08219415509832718,100.0,1.0,5.0454929907494135
42,2047,11,6,8.834479670273441E18,37.766407494078464,0.004808815906137748,1.0,19.789221991694536,6.0,442.1162612336215,315.98790322580646,208.0372834508506,0.0,0.0,5.69758064516129,0.0,0.0,88.0,0.0,840.8238770486957,0.08934035450979652,100.0,1.0,4.948673683460051
46,2047,11,6,4.898224502314156E18,36.994641346626565,0.002599435249378044,1.0,35.71105940690647,7.0,467.4557214742291,316.12399193548384,484.385037469112,0.0,0.0,5.724798387096774,0.0,0.0,88.0,0.0,870.6562126206455,0.09643140977270169,100.0,1.0,4.84754627746362
57,2047,11,7,4.974214387304059E17,39.67938450818702,0.001892292383140669,1.0,42.2176009750122,3.0,424.4494106819602,323.72983870967744,610.7704854127867,0.0,0.0,5.745967741935484,0.0,0.0,88.0,0.0,834.8203995382092,0.08163527602459313,100.0,1.0,5.199338219351303
48,2047,11,7,5.859174576972996E18,39.216280402944236,0.0024503687823192377,1.0,12.688050983092824,4.0,442.71202950044557,324.11290322580646,117.93969029559456,0.0,0.0,5.82258064516129,0.0,0.0,88.0,0.0,808.2363097381021,0.08615327301938151,100.0,1.0,5.138655955657664
49,2047,11,7,1.481964993321812E18,37.80962532147818,0.0022343751197343156,2.0,28.783127005964808,6.0,446.595488379913,324.24899193548384,360.12797672213,0.0,0.0,5.849798387096774,0.0,0.0,88.0,23.01002442169563,889.2722542387297,0.09014233740814732,100.0,1.0,4.9543366770911845
51,2047,11,7,6.492828447697523E18,39.712664402829375,0.00897325048085301,1.0,33.37979535333039,3.0,464.3609820627823,323.61895161290323,422.8793365286175,0.0,0.0,5.723790322580645,0.0,0.0,88.0,0.0,842.7341281594014,0.08923671052208428,100.0,1.0,5.203699008468743
53,2047,11,7,2.861374886328272E18,40.651874811228325,0.002924788292324979,1.0,42.99416315783513,1.0,438.63885344575385,323.46774193548384,663.1382697171964,0.0,0.0,5.693548387096774,0.0,0.0,88.0,0.0611555970311457,878.0770737600222,0.0823461645365759,100.0,1.0,5.326767262498578
54,2047,11,7,4.281117921937587E18,39.13615316726235,0.00897325048085301,1.0,16.65621853272452,5.0,444.4353511859476,323.9969758064516,177.1135294744288,0.0,0.0,5.799395161290323,0.0,0.0,88.0,0.0,882.7251869459133,0.08666571386666336,100.0,1.0,5.128156584156438
44,2047,11,7,3.1730362057635645E18,38.15906225997674,0.00897325048085301,1.0,26.70499376216549,6.0,418.70321924377373,323.8306451612903,321.6902370531023,0.0,0.0,5.766129032258065,0.0,0.0,88.0,2.716557030979822,880.8134882999921,0.08373855529829786,100.0,1.0,5.000124706621068
45,2047,11,7,3.0688222562761073E18,37.63621206866576,0.00897325048085301,1.0,45.3254147720128,7.0,441.14834790846044,324.1280241935484,725.4995110612106,0.0,0.0,5.825604838709677,0.0,0.0,88.0,0.0,873.86026259062,0.0894531436693977,100.0,1.0,4.931613689719652
43,2047,11,8,6.605295447056412E18,39.375590861186474,0.002556481618476652,1.0,37.55949046272141,4.0,445.8897671916787,331.89012096774195,528.5212188848419,0.0,0.0,5.878024193548387,0.0,0.0,88.0,0.0,877.491787278743,0.08642060045721184,100.0,1.0,5.15953100108863
53,2048,2,20,2.861374886328272E18,45.17919365255997,0.37028254502647406,0.0,44.43704104193272,0.0,278.3999999999973,236.17439516129033,724.4189945548302,0.0,0.0,6.234879032258065,0.0,0.0,106.30000000000184,611.8397503608171,904.9703791180206,0.04714299002444748,100.0,1.0,5.905437899794312
47,2048,2,21,8.507560024639921E18,46.29095983747755,0.38912637103626496,0.0,35.37853009608984,0.0,281.29999999999484,237.50806451612902,467.0314832771063,0.0,0.0,6.201612903225806,0.0,0.0,106.30000000000184,551.5719669939829,852.2359073610738,0.04649003945772166,100.0,1.0,6.050758469581658
50,2048,2,21,2.9539370702862316E18,45.78106826157036,0.3782694328429493,2.0,25.288654411402096,2.0,281.29999999999484,237.84072580645162,322.9755455849411,0.0,0.0,6.268145161290323,0.0,0.0,106.30000000000184,631.388900654121,953.0485598253006,0.047007827276643925,100.0,1.0,5.984109802491556
52,2048,2,21,1.0005304447219302E18,45.6517807688264,0.38912637103626496,0.0,40.28933736060843,0.0,281.29999999999484,238.27923387096774,639.3702317471148,0.0,0.0,6.355846774193548,0.0,0.0,106.30000000000184,599.5646107011715,946.6161142113986,0.0471409551420982,100.0,1.0,5.9672104468835006
41,2048,2,21,6.307363977605812E18,44.40786255621658,0.3837507766385998,1.0,26.438907832545304,1.0,281.29999999999484,237.52822580645162,323.2945086481236,0.0,0.0,6.205645161290323,0.0,0.0,106.30000000000184,611.9572603257454,898.0177734045398,0.04846143060039893,100.0,1.0,5.804616093972248
42,2048,2,21,8.834479670273441E18,46.15965111925874,0.17371712992690397,0.0,30.877010280505843,0.0,281.29999999999484,237.75,392.95109003416064,0.0,0.0,6.25,0.0,0.0,106.30000000000184,606.8164669625592,878.6383531797406,0.04662228801989911,100.0,1.0,6.033594916661569
44,2048,2,21,3.1730362057635645E18,46.66173272718809,0.38912637103626496,1.0,39.7611662014184,1.0,281.29999999999484,237.53326612903226,594.3027949874854,0.0,0.0,6.206653225806452,0.0,0.0,106.30000000000184,581.4467060793382,899.640139603422,0.04612063083817312,100.0,1.0,6.099222731514948
45,2048,2,21,3.0688222562761073E18,45.349851745124816,0.29820050676080223,0.0,53.69074480187937,0.0,281.29999999999484,237.58366935483872,1049.8648423134323,0.0,0.0,6.216733870967742,0.0,0.0,106.30000000000184,607.4297683067447,904.7012760633089,0.04745480892584156,100.0,1.0,5.927744866481016
55,2048,2,22,2.797545246119503E18,45.24976126431734,0.4079701970460565,1.0,30.65135898956341,2.0,284.2000000000052,239.3608870967742,374.8233532553757,0.0,0.0,6.272177419354839,0.0,0.0,106.30000000000184,531.5593263986523,846.9304951973479,0.048050083853143494,100.0,1.0,5.914661894630856
56,2048,2,22,4.898742477016446E18,45.75031275856794,0.4079701970460565,0.0,34.67494484354492,0.0,284.2000000000052,239.80947580645162,470.9824566618321,0.0,0.0,6.361895161290323,0.0,0.0,106.30000000000184,570.9309492049912,886.3764778832584,0.047524370697946475,100.0,1.0,5.98008970610705
58,2048,2,22,7.278710821350941E18,46.64617618340552,0.4079701970460565,1.0,40.882302775890665,1.0,284.2000000000052,239.31048387096774,623.5583643287428,0.0,0.0,6.262096774193548,0.0,0.0,106.30000000000184,617.0106330512409,900.8532183696555,0.04661164110293502,100.0,1.0,6.097189313124397
59,2048,2,22,8.617806463867117E18,45.77520443418386,0.4079701970460565,0.0,44.33993627873156,0.0,284.2000000000052,239.53729838709677,709.1630411010905,0.0,0.0,6.307459677419355,0.0,0.0,106.30000000000184,633.7812316040607,889.3665246055604,0.04749852785936429,100.0,1.0,5.983343333112913
49,2048,2,22,1.481964993321812E18,44.631169975661216,0.4079701970460565,1.0,38.93949824608722,2.0,284.2000000000052,239.2701612903226,569.5232698128058,0.0,0.0,6.254032258064516,0.0,0.0,106.30000000000184,531.7867788326143,892.0780515698206,0.04871606153884979,100.0,1.0,5.833804930502503
51,2048,2,22,6.492828447697523E18,44.893454275656964,0.4024712283507407,1.0,37.25738266165902,3.0,284.2000000000052,239.56754032258064,527.2386568127413,0.0,0.0,6.313508064516129,0.0,0.0,106.30000000000184,603.9926580634199,886.7154781425439,0.04843144414182761,100.0,1.0,5.868088491595424
54,2048,2,22,4.281117921937587E18,46.65522512834748,0.4011846106752344,0.0,33.15269690938736,0.0,284.2000000000052,239.31048387096774,423.6425165972984,0.0,0.0,6.262096774193548,0.0,0.0,106.30000000000184,426.5684471648597,853.0981274837172,0.046602600611267926,100.0,1.0,6.098372113836266
40,2048,2,22,5.096996787781837E17,45.4756926776476,0.4079701970460565,0.0,36.52845181950853,0.0,284.2000000000052,239.35584677419354,502.4221849916849,0.0,0.0,6.27116935483871,0.0,0.0,106.30000000000184,591.4940813760552,871.665688552446,0.04781136240182803,100.0,1.0,5.944193717205997
46,2048,2,22,4.898224502314156E18,46.7751541692627,0.2045988952086543,0.0,48.39044847403761,0.0,284.2000000000052,239.34576612903226,871.6698764617292,0.0,0.0,6.269153225806452,0.0,0.0,106.30000000000184,550.2237825890164,929.0352081636771,0.04648311398862123,100.0,1.0,6.1140482126385844
57,2048,2,23,4.974214387304059E17,47.38132896261658,0.42501937295967696,0.0,50.176158522478005,0.0,287.10000000000196,241.0272177419355,892.5533975490857,0.0,0.0,6.305443548387097,0.0,0.0,106.30000000000184,602.3997133721809,885.6339389802827,0.04635667983316944,100.0,1.0,6.193282198665449
48,2048,2,23,5.859174576972996E18,46.28046363102951,0.42501937295967696,0.0,23.76863290664729,0.0,287.10000000000196,241.0272177419355,262.69506292920613,0.0,0.0,6.305443548387097,0.0,0.0,106.30000000000184,569.7159085454699,840.829564435823,0.0474593581062886,100.0,1.0,6.049386495220207
43,2048,2,23,6.605295447056412E18,46.19318902316688,0.42501937295967696,0.0,47.50135317698942,0.0,287.10000000000196,241.73790322580646,804.2748346280442,0.0,0.0,6.44758064516129,0.0,0.0,106.30000000000184,511.790062147265,888.09981610509,0.047549024937172835,100.0,1.0,6.0379787047021685
59,2048,7,1,8.617806463867117E18,39.125813398978586,0.001943103179050035,1.0,44.22908047650955,2.0,283.85865190020337,222.30443548387098,597.1510323641413,0.0,0.0,5.860887096774194,0.0,0.0,106.39999999999843,296.91330600000185,752.1839940379099,0.0556409178692117,100.0,1.0,5.10161698927101
50,2048,7,1,2.9539370702862316E18,39.71935143170451,0.00897325048085301,1.0,26.10494968223006,2.0,278.7997037880864,220.3790322580645,288.82487296119496,0.0,0.0,5.475806451612903,0.0,0.0,106.39999999999843,390.9757912493235,815.523114941388,0.053832641261705616,100.0,1.0,5.179008446431427
41,2048,7,1,6.307363977605812E18,38.22655992804156,0.002351480733976167,1.0,23.874941467914,3.0,277.8440451036509,221.8860887096774,250.91490038302396,0.0,0.0,5.777217741935484,0.0,0.0,106.39999999999843,430.6349861748176,797.8132140021357,0.05574313699593302,100.0,1.0,4.9843632790871135
42,2048,7,1,8.834479670273441E18,38.5222785896731,0.003638787705130984,2.0,28.307210046390097,3.0,279.2378222798789,222.11290322580646,300.1319347729485,0.0,0.036290322580645164,5.82258064516129,0.0,0.0,106.39999999999843,352.901888292146,758.4566419291098,0.055592704684066255,96.37096774193549,1.0,5.022922051855355
44,2048,7,1,3.1730362057635645E18,38.51086652383314,0.0015775756822878032,1.0,37.62700648950022,2.0,279.82031530320864,222.24899193548387,463.22592135063206,0.0,0.036290322580645164,5.849798387096774,0.0,0.0,106.39999999999843,294.9004717329765,766.723569555973,0.05572518000287059,96.37096774193549,1.0,5.021434031954571
55,2048,7,2,2.797545246119503E18,38.3846942799449,2.4374559898008986E-4,1.0,25.111843423008946,5.0,286.2551482522015,223.89012096774192,260.01317473463814,0.0,0.0,5.878024193548387,0.0,0.0,106.39999999999843,422.34825212999175,773.8340086534157,0.05719403663890496,100.0,1.0,5.004982426043397
58,2048,7,2,7.278710821350941E18,38.88218827562118,0.0031463010101167735,1.0,37.57272720171449,4.0,287.8595565619013,222.67540322580646,471.8294549805263,0.0,0.0,5.63508064516129,0.0,0.0,106.39999999999843,343.97495050599804,783.0526454685319,0.05677870490286863,100.0,1.0,5.069850695861112
48,2048,7,2,5.859174576972996E18,36.91869327564964,0.0016778703217750625,1.0,21.319999355380244,6.0,293.0770071666439,222.59979838709677,187.6581255031971,0.0,0.0,5.619959677419355,0.0,0.0,106.39999999999843,249.53048932250235,690.4772827004776,0.06088228673316208,100.0,1.0,4.8138304734044635
49,2048,7,2,1.481964993321812E18,39.24044232159792,0.0023067481955920417,2.0,36.688457639247495,3.0,285.77951507532913,222.4889112903226,470.73187175355895,0.0,0.0,5.597782258064516,0.0,0.0,106.39999999999843,433.04311221261656,811.1717922269077,0.055853800555861505,100.0,1.0,5.11656346087873
52,2048,7,2,1.0005304447219302E18,39.363781031369626,2.708660492892128E-4,1.0,38.93226551106636,2.0,281.6338592433029,223.61290322580646,531.6128545592784,0.0,0.06653225806451613,5.82258064516129,0.0,0.0,106.39999999999843,398.32072146864004,832.5598884777219,0.054871090091833684,93.34677419354838,1.0,5.132645602118587
54,2048,7,2,4.281117921937587E18,37.30290830832877,0.002145683998291009,1.0,23.218536813190116,5.0,287.85522500639433,223.9203629032258,236.8804543444589,0.0,0.0,5.884072580645161,0.0,0.0,106.39999999999843,331.2555531791932,781.4199749427523,0.05918163419989443,100.0,1.0,4.8639282929248315
40,2048,7,2,5.096996787781837E17,37.24397283395411,2.5228437024440574E-4,1.0,34.40771394533434,7.0,286.4783916519543,221.84879032258064,386.62824799787865,0.0,0.0,5.469758064516129,0.0,0.0,106.39999999999843,329.5546636981088,735.9639633561096,0.05899176601388642,100.0,1.0,4.856243693137082
45,2048,7,2,3.0688222562761073E18,40.05654582089473,0.003168520650018729,1.0,55.27898540130884,1.0,281.38818453127345,219.5,952.4563568887731,0.0,0.06653225806451613,5.0,0.0,0.0,106.39999999999843,384.0818923719927,769.7247886140833,0.053875075318873075,93.34677419354838,1.0,5.222975241627177
46,2048,7,2,4.898224502314156E18,38.929666117315705,0.00897325048085301,1.0,46.65087827299866,4.0,287.9952387063316,222.5897177419355,697.9486505657408,0.0,0.0,5.617943548387097,0.0,0.0,106.39999999999843,328.60253592050833,797.0433943974464,0.05673618864391791,100.0,1.0,5.07604133428523
56,2048,7,3,4.898742477016446E18,40.30897401732408,0.00897325048085301,1.0,34.223000247045405,1.0,289.58630915228196,224.7953629032258,408.7094961284831,0.0,0.06653225806451613,5.759072580645161,0.0,0.0,106.39999999999843,383.3851798715768,784.2706669710375,0.05509748947589712,93.34677419354838,1.0,5.2558893682254615
57,2048,7,3,4.974214387304059E17,40.06724244125236,0.0018555108521201452,1.0,50.46908680324203,2.0,297.5517761648573,224.92137096774192,757.4476582621083,0.0,0.0,5.784274193548387,0.0,0.0,106.39999999999843,306.42856065449126,742.5499572338938,0.05695457588460581,100.0,1.0,5.224369974551636
47,2048,7,3,8.507560024639921E18,39.85863539018744,0.0031933275732573103,1.0,31.884930628845773,2.0,285.1627892248679,224.75504032258064,361.74251991069156,0.0,0.06653225806451613,5.751008064516129,0.0,0.0,106.39999999999843,409.38676602486873,771.4140140165741,0.054868862527009434,93.34677419354838,1.0,5.197169689539224
51,2048,7,3,6.492828447697523E18,36.02269107970363,0.0023928667948941427,2.0,31.355830427788224,10.0,288.8688391346424,224.22076612903226,355.33124147190796,0.0,0.06653225806451613,5.644153225806452,0.0,0.0,106.39999999999843,399.402072490003,776.4416633048326,0.06150070177976636,93.34677419354838,1.0,4.697000697147814
53,2048,7,3,2.861374886328272E18,40.67881756008311,0.002290263011958411,0.0,44.76382517668112,0.0,279.7377686781673,224.88104838709677,648.9869701907216,0.0,0.06653225806451613,5.776209677419355,0.0,0.0,106.39999999999843,346.132963596092,799.8541345212069,0.05273978014219705,93.34677419354838,1.0,5.3041132883743165
43,2048,7,4,6.605295447056412E18,40.936527546329366,0.0013364984332518634,0.0,47.31626472814989,0.0,298.7071289705782,226.86491935483872,708.4721840531148,0.0,0.036290322580645164,5.872983870967742,0.0,0.0,106.39999999999843,346.67091112192196,787.6270696069395,0.055961599106362246,96.37096774193549,1.0,5.337716107841142
48,2048,11,4,5.859174576972996E18,35.593829484418876,0.00897325048085301,2.0,7.162476857126851,9.0,407.3083361282817,314.10987903225805,61.140535091834465,0.0,0.0,5.621975806451613,0.0,0.0,88.0,0.0,783.4011109012766,0.08797776513526379,100.0,1.0,4.629673594254804
44,2048,11,4,3.1730362057635645E18,35.73802359111184,0.0038946399656480213,2.0,23.87770017012944,9.0,396.99795435102686,314.664314516129,272.4922172839752,0.0,0.0,5.732862903225806,0.0,0.0,88.0,0.0,866.0934278988587,0.08540476072798871,100.0,1.0,4.648428857677524
55,2048,11,5,2.797545246119503E18,37.86577370616163,0.0022671173524135956,1.0,18.034181376255113,7.0,416.4624673209381,321.5796370967742,183.939830760691,0.0,0.0,5.615927419354839,0.0,0.0,88.0,0.0,833.423979017744,0.08455774160209287,100.0,1.0,4.9251843702342955
58,2048,11,5,7.278710821350941E18,39.31978305910737,0.0017491716336945537,1.0,31.33485963383801,3.0,418.37864386601325,316.1340725806452,397.2722183766708,0.0,0.0,5.726814516129032,0.0,0.0,88.0,0.0,868.6135730351308,0.08180554407166166,100.0,1.0,5.114306721064205
59,2048,11,5,8.617806463867117E18,39.0626272894415,0.003963449859034012,1.0,37.569337214251014,4.0,401.9721410161657,316.26512096774195,505.33054955327196,0.0,0.0,5.753024193548387,0.0,0.0,88.0,0.0,838.5140523473192,0.07911500277886002,100.0,1.0,5.080858584303494
47,2048,11,5,8.507560024639921E18,37.63872521119064,0.002547771289282527,2.0,23.533049742488544,7.0,441.8534082766836,316.3155241935484,251.6503800474973,0.0,0.0,5.763104838709677,0.0,0.0,88.0,0.0,815.76528900748,0.09025424674959187,100.0,1.0,4.895652273322879
50,2048,11,5,2.9539370702862316E18,39.97195319354486,0.002416060980305068,1.0,19.999730750565654,2.0,403.91364416596764,316.0131048387097,222.225422348621,0.0,0.0,5.702620967741935,0.0,0.0,88.0,0.0,886.4140890385761,0.07768863594663664,100.0,1.0,5.199134200829719
51,2048,11,5,6.492828447697523E18,38.496126319341165,0.00897325048085301,1.0,30.95040769060231,4.0,424.4049016518157,316.55745967741933,373.95820468520355,0.0,0.0,5.811491935483871,0.0,0.0,88.0,0.0,832.5529904377329,0.08475936666382872,100.0,1.0,5.007174054698683
52,2048,11,5,1.0005304447219302E18,37.56119073383426,0.002816462800016645,2.0,30.815982991652,6.0,420.17923965928503,322.46673387096774,400.7600570801884,0.0,0.0,5.793346774193548,0.0,0.0,88.0,0.0,897.7433650652935,0.08600418444882403,100.0,1.0,4.8855673982852394
54,2048,11,5,4.281117921937587E18,37.59395782548276,0.0027441132968969426,2.0,13.745548760267232,6.0,411.9283964776919,322.40625,141.1798640286703,0.0,0.0,5.78125,0.0,0.0,88.0,0.0,882.5431591369514,0.08424187488686471,100.0,1.0,4.889829399344497
40,2048,11,5,5.096996787781837E17,38.273748900682406,0.0016791262127344765,1.0,29.079067123338245,5.0,411.68694222032457,316.43145161290323,335.14311935971506,0.0,0.0,5.786290322580645,0.0,0.0,88.0,0.0,815.6525353466409,0.08269712885033982,100.0,1.0,4.978249522608823
41,2048,11,5,6.307363977605812E18,38.80331933923531,0.0038677803796780255,1.0,20.105439941012406,5.0,398.896334481985,315.45362903225805,213.99804730899578,0.0,0.0,5.590725806451613,0.0,0.0,88.0,0.0,847.9365210650986,0.07903428162711768,100.0,1.0,5.047130514375657
42,2048,11,5,8.834479670273441E18,39.137742585530155,0.003877809196565702,1.0,21.134854352698685,3.0,399.9237301760573,316.4516129032258,227.23203853130448,0.0,0.0,5.790322580645161,0.0,0.0,88.0,0.0,845.6258393411737,0.07856077236899171,100.0,1.0,5.090628797507966
56,2048,11,6,4.898742477016446E18,39.78195945440986,0.002342885243042555,1.0,26.180109054017027,4.0,446.7091143027885,323.91129032258067,308.02089701281926,0.0,0.0,5.782258064516129,0.0,0.0,88.0,0.0,866.4677822384893,0.08633024743774517,100.0,1.0,5.174421799554336
57,2048,11,6,4.974214387304059E17,39.16445680989138,0.002058084972672717,2.0,42.545843159594,4.0,445.6304246943557,324.3346774193548,622.7563416377305,0.0,0.0,5.866935483870968,0.0,0.0,88.0,0.0,839.8397508138635,0.08747965648397756,100.0,1.0,5.094103504807151
53,2048,11,6,2.861374886328272E18,38.531890412710545,0.0017587711644165048,1.0,35.51938623390276,5.0,448.3308336596772,323.8961693548387,486.7603101514065,0.0,0.0,5.779233870967742,0.0,0.0,88.0,0.0,882.241244258114,0.08945459097971903,100.0,1.0,5.011825874440831
43,2048,11,6,6.605295447056412E18,38.68855247395797,0.003401535436259685,1.0,39.27362796701073,6.0,472.44423751510834,323.15020161290323,554.4552607759796,0.0,0.0,5.630040322580645,0.0,0.0,88.0,0.0,856.0122050558952,0.0938841800726193,100.0,1.0,5.032202839175603
45,2048,11,6,3.0688222562761073E18,38.134266318577886,0.002290263011958411,1.0,46.87931683974043,7.0,425.6954667351682,324.09274193548384,767.2266004447005,0.0,0.0,5.818548387096774,0.0,0.0,88.0,2.7885445135429596,868.2785487177297,0.08582384602425253,100.0,1.0,4.9601070850969915
46,2048,11,6,4.898224502314156E18,38.712496196605755,0.00897325048085301,1.0,39.910323022555225,5.0,421.44685003980817,323.6844758064516,592.4024795867291,0.0,0.0,5.736895161290323,0.0,0.0,88.0,0.0,890.595519247443,0.08369817317534237,100.0,1.0,5.035317188547278
49,2048,11,7,1.481964993321812E18,39.12525727798962,2.6486954604324387E-4,1.0,29.793633920316225,5.0,425.49398770667455,331.86995967741933,380.3802719438216,0.0,0.0,5.873991935483871,0.0,0.0,88.0,0.0,894.6188557200977,0.08361045060076261,100.0,1.0,5.089004839100743
58,2049,2,18,7.278710821350941E18,44.98957855194803,0.3550280192090234,1.0,43.38284943619807,1.0,275.50000000000006,234.37701612903226,671.2105231097403,0.0,0.0,6.175403225806452,0.0,0.0,106.60000000000159,517.4022501197169,875.3086214556756,0.04719570638845584,100.0,1.0,5.837395413312171
49,2049,2,19,1.481964993321812E18,46.21105436651245,0.3747691702669003,0.0,40.34281878171847,0.0,278.3999999999973,235.70060483870967,626.3808081503831,0.0,0.0,6.140120967741935,0.0,0.0,106.60000000000159,631.4399778457599,925.3761044290695,0.04643186901640216,100.0,1.0,5.995881834988204
50,2049,2,19,2.9539370702862316E18,44.69560783003986,0.18922551327343398,0.0,27.83997676335646,0.0,278.3999999999973,236.1391129032258,349.4323711540013,0.0,0.0,6.227822580645161,0.0,0.0,106.60000000000159,492.1833892343565,904.2739952853185,0.04800618511811917,100.0,1.0,5.799252727851513
55,2049,2,20,2.797545246119503E18,45.66230187434901,0.17085199528863027,0.0,33.41481680840447,0.0,281.29999999999484,237.9264112903226,413.1971323522153,0.0,0.0,6.285282258064516,0.0,0.0,106.60000000000159,467.3073802542483,822.4331311441593,0.04747934769033812,100.0,1.0,5.924681228449951
56,2049,2,20,4.898742477016446E18,44.39374073381235,0.3945103213247773,1.0,28.549903261231062,2.0,281.29999999999484,237.2459677419355,366.91517125861026,0.0,0.0,6.149193548387097,0.0,0.0,106.60000000000159,666.9094183471751,916.9105479548547,0.04883608074464721,100.0,1.0,5.7600854882448225
57,2049,2,20,4.974214387304059E17,46.00695804579879,0.2283045840999857,0.0,46.36993730756786,0.0,281.29999999999484,237.4022177419355,751.5488699493059,0.0,0.0,6.180443548387097,0.0,0.0,106.60000000000159,581.4707324495431,868.3987454238853,0.04712366127043632,100.0,1.0,5.969400348280498
47,2049,2,20,8.507560024639921E18,45.30129594193711,0.3945103213247773,0.0,31.260969634331158,0.0,281.29999999999484,237.61895161290323,390.1010366687667,0.0,0.0,6.223790322580645,0.0,0.0,106.60000000000159,555.6905513932737,856.6272941626711,0.04785771051256807,100.0,1.0,5.877840728008117
48,2049,2,20,5.859174576972996E18,45.1486643212368,0.3945103213247773,1.0,22.053945379488535,2.0,281.29999999999484,238.10282258064515,240.3786922822761,0.0,0.0,6.320564516129032,0.0,0.0,106.60000000000159,596.752124299838,848.2020293394181,0.04801950045759428,100.0,1.0,5.8580367833773925
51,2049,2,20,6.492828447697523E18,45.68053334704565,0.3945103213247773,0.0,33.56895220768227,0.0,281.29999999999484,237.35181451612902,430.47358037287927,0.0,0.0,6.170362903225806,0.0,0.0,106.60000000000159,553.1381441872245,850.7846708607901,0.04746039829619482,100.0,1.0,5.927046761058225
53,2049,2,20,2.861374886328272E18,45.908714711889424,0.3910910907898697,0.0,43.479341463829044,0.0,281.29999999999484,237.69959677419354,712.8324781888305,0.0,0.0,6.23991935483871,0.0,0.0,106.60000000000159,571.9293289597218,925.8005420391318,0.04722450455516521,100.0,1.0,5.956653280954907
54,2049,2,20,4.281117921937587E18,45.814446683155374,0.3822962658572977,0.0,30.12872672458431,0.0,281.29999999999484,237.5735887096774,391.70904088348107,0.0,0.0,6.214717741935484,0.0,0.0,106.60000000000159,584.4188678411408,907.2853237205389,0.04732167392584726,100.0,1.0,5.944422009263451
42,2049,2,20,8.834479670273441E18,45.45720486983305,0.3945103213247773,1.0,27.344831367749457,1.0,281.29999999999484,237.42237903225808,337.44085632501384,0.0,0.0,6.184475806451613,0.0,0.0,106.60000000000159,627.3169416890786,895.3253566672879,0.04769356834062987,100.0,1.0,5.898069903072381
44,2049,2,20,3.1730362057635645E18,45.75165364950622,0.19550605684648523,0.0,38.45378539341059,0.0,281.29999999999484,237.65927419354838,557.1647629578931,0.0,0.0,6.231854838709677,0.0,0.0,106.60000000000159,548.9403971707853,890.7070096390403,0.04738662177420119,100.0,1.0,5.936274616502492
45,2049,2,20,3.0688222562761073E18,46.43891378721474,0.3945103213247773,0.0,56.87438091236579,0.0,281.29999999999484,237.58870967741936,1150.7452629550842,0.0,0.0,6.217741935483871,0.0,0.0,106.60000000000159,547.9908533176648,871.8101032279011,0.04668533628859959,100.0,1.0,6.0254465826497094
46,2049,2,20,4.898224502314156E18,45.088181669781434,0.2961789199134965,0.0,46.99723911803954,0.0,281.29999999999484,237.7046370967742,814.9551680237169,0.0,0.0,6.240927419354839,0.0,0.0,106.60000000000159,505.96688618081384,918.0680799767857,0.048083915268785915,100.0,1.0,5.850189162582671
59,2049,2,21,8.617806463867117E18,46.78954963928455,0.16171799940455542,0.0,46.97512079467546,0.0,284.2000000000052,239.27520161290323,759.8182960149014,0.0,0.0,6.255040322580645,0.0,0.0,106.60000000000159,465.84025882243975,857.0244464911941,0.04681316677543119,100.0,1.0,6.070941565721229
52,2049,2,21,1.0005304447219302E18,45.552406871323804,0.4124568222864824,0.0,39.75234426484942,0.0,284.2000000000052,239.15927419354838,615.6067729445759,0.0,0.0,6.231854838709677,0.0,0.0,106.60000000000159,573.3989593681214,931.9794392563183,0.048084550105079595,100.0,1.0,5.910422357679139
40,2049,2,21,5.096996787781837E17,45.9953589026066,0.4124568222864824,0.0,39.25399268789921,0.0,284.2000000000052,239.2298387096774,562.628210732964,0.0,0.0,6.245967741935484,0.0,0.0,106.60000000000159,560.6260125157312,869.6872973995403,0.04762147840283539,100.0,1.0,5.967895360071054
41,2049,2,21,6.307363977605812E18,45.21907010198518,0.39877990014685094,1.0,27.920423410848464,2.0,284.2000000000052,239.81451612903226,338.0359215619639,0.0,0.0,6.362903225806452,0.0,0.0,106.60000000000159,486.6903422326856,871.421606151399,0.048439010038708985,100.0,1.0,5.867171929667699
43,2049,2,21,6.605295447056412E18,47.101540001930786,0.4124568222864824,0.0,48.07351066243103,0.0,284.2000000000052,239.70362903225808,850.26482583456,0.0,0.0,6.340725806451613,0.0,0.0,106.60000000000159,658.8169780270669,917.7455328936757,0.04650308653435435,100.0,1.0,6.111422298604874
55,2049,7,2,2.797545246119503E18,38.69473643823463,0.0016555812695300757,1.0,29.22768367735653,3.0,274.1281211061437,222.05745967741936,305.71269941699654,0.0,0.0,5.811491935483871,0.0,0.0,106.69999999999816,330.84746929875223,738.8018629616001,0.054734686927212436,100.0,1.0,5.008307099128678
56,2049,7,2,4.898742477016446E18,39.68236335574127,0.00128963071009673,1.0,33.734952916787364,1.0,273.4283783673644,222.16834677419354,386.632414034001,0.0,0.0,5.83366935483871,0.0,0.0,106.69999999999816,297.6210336851085,758.12569964405,0.05323619401613281,100.0,1.0,5.136136859905953
58,2049,7,2,7.278710821350941E18,37.79900530610986,0.002373875788585462,1.0,39.93213508897265,5.0,266.3724410459604,219.9758064516129,518.0510390204569,0.0,0.0,5.395161290322581,0.0,0.0,106.69999999999816,358.6114916491367,778.1000156707692,0.05444648670486659,100.0,1.0,4.892371522332794
59,2049,7,2,8.617806463867117E18,39.52426773111038,2.57777951187964E-4,1.0,43.69736353316344,2.0,279.74412025067096,220.10181451612902,595.9039097986471,0.0,0.057459677419354836,5.420362903225806,0.0,0.0,106.69999999999816,358.3840396948306,766.5274125589541,0.054683723225449274,94.25403225806451,1.0,5.115674349702669
49,2049,7,2,1.481964993321812E18,39.483025786597686,0.0016728654886004927,1.0,40.132949454761466,1.0,270.57798695781395,220.9485887096774,531.2390472357915,0.0,0.06653225806451613,5.589717741935484,0.0,0.0,106.69999999999816,367.8886799725212,791.3353432710288,0.052947197248136686,93.34677419354838,1.0,5.110336354344725
50,2049,7,2,2.9539370702862316E18,38.933027481088246,0.0024370587943652973,1.0,25.975435010068303,2.0,269.7205093794717,221.7852822580645,283.43982607389484,0.0,0.06653225806451613,5.757056451612903,0.0,0.0,106.69999999999816,330.5095390007253,805.9442689609998,0.053525007485245774,93.34677419354838,1.0,5.039149400470808
52,2049,7,2,1.0005304447219302E18,39.80505901919517,0.00897325048085301,1.0,37.865875818935756,1.0,278.49384205397286,220.21270161290323,511.2919295287777,0.0,0.0,5.442540322580645,0.0,0.0,106.69999999999816,460.86863252707224,837.7134004934411,0.054055298050514296,100.0,1.0,5.15201750980491
53,2049,7,2,2.861374886328272E18,41.2803930399152,0.00897325048085301,0.0,44.31693993751798,0.0,274.34319309048794,217.72782258064515,651.7185229123709,0.0,0.0,4.945564516129032,0.0,0.0,106.69999999999816,450.83091327134406,818.0950789934482,0.05134655458940613,100.0,1.0,5.342971797899185
57,2049,7,3,4.974214387304059E17,39.54268738815202,0.00285772308307422,1.0,45.08340185180664,3.0,277.32742094585774,223.4516129032258,626.5320533446388,0.0,0.0,5.790322580645161,0.0,0.0,106.69999999999816,373.88260481799585,762.3824209393595,0.05418605997222994,100.0,1.0,5.118058428459027
47,2049,7,3,8.507560024639921E18,38.43672689741812,0.00205997485786342,2.0,27.735309107678045,4.0,276.8009743635979,223.84979838709677,293.06075322877376,0.0,0.0,5.869959677419355,0.0,0.0,106.69999999999816,379.5073139499923,762.1506380603735,0.05563936417554149,100.0,1.0,4.974912608459981
48,2049,7,3,5.859174576972996E18,37.908897267833815,0.0015540787116129276,1.0,20.2380167581593,6.0,276.70712113039775,223.32560483870967,184.94613372183719,0.0,0.0,5.765120967741935,0.0,0.0,106.69999999999816,339.2180073294226,726.8311210838068,0.05639493836926629,100.0,1.0,4.90659497344527
51,2049,7,3,6.492828447697523E18,40.51980114357126,0.004244678562371343,1.0,32.18481261861765,2.0,277.0547451388364,222.75604838709677,365.33157721054823,0.0,0.06653225806451613,5.651209677419355,0.0,0.0,106.69999999999816,417.5508210911076,768.3854913430085,0.052827399106628245,93.34677419354838,1.0,5.244527457799345
40,2049,7,3,5.096996787781837E17,40.195953088224094,0.003738854367022088,1.0,39.14346491182733,2.0,281.7518334381529,221.53629032258064,489.3185621003438,0.0,0.06653225806451613,5.407258064516129,0.0,0.0,106.69999999999816,380.017825794391,759.3261530471436,0.054155848162340745,93.34677419354838,1.0,5.202611407609334
41,2049,7,3,6.307363977605812E18,40.04622540919136,0.0014841631625625213,1.0,25.010925715934516,1.0,281.1380269133946,223.875,267.7057776695778,0.0,0.0,5.875,0.0,0.0,106.69999999999816,401.46993056999435,800.7645177595626,0.05423990832257646,100.0,1.0,5.18323197084711
42,2049,7,3,8.834479670273441E18,37.739799341268295,0.00897325048085301,1.0,24.716211576517438,5.0,276.88490631386765,224.25302419354838,252.76724341516086,0.0,0.06653225806451613,5.950604838709677,0.0,0.0,106.69999999999816,335.35279115223136,768.194461298014,0.05668401927044829,93.34677419354838,1.0,4.884708421835907
43,2049,7,3,6.605295447056412E18,37.98564788536739,0.0021054083718566475,1.0,43.64585020133978,5.0,283.0273998561304,223.00806451612902,614.9584571728293,0.0,0.0,5.701612903225806,0.0,0.0,106.69999999999816,379.71498021857593,793.1506315387766,0.057566507921229984,100.0,1.0,4.9165288998145495
44,2049,7,3,3.1730362057635645E18,40.149184205367774,0.001472473003093706,1.0,38.05945495654156,2.0,277.1080722936623,221.6875,482.9031470527777,0.0,0.057459677419354836,5.4375,0.0,0.0,106.69999999999816,368.4414049105452,784.5499623306883,0.0533253106040076,94.25403225806451,1.0,5.196558053856635
45,2049,7,3,3.0688222562761073E18,39.31361184862795,0.00380544973742707,1.0,54.39777564317898,3.0,277.75051017594933,221.60685483870967,920.2209474865858,0.0,0.0,5.421370967741935,0.0,0.0,106.69999999999816,331.4458406909658,770.719748941394,0.054584943069684054,100.0,1.0,5.088408900992503
46,2049,7,3,4.898224502314156E18,39.13306260312536,0.0019083901490542375,1.0,46.088015151934485,3.0,276.68984360802875,222.9375,692.0730417353354,0.0,0.0,5.6875,0.0,0.0,106.69999999999816,329.78201687008146,808.3626124609254,0.054627373755317454,100.0,1.0,5.0650401911568315
54,2049,7,4,4.281117921937587E18,38.314300642651716,0.0039599516685141474,1.0,26.164567898653694,5.0,280.0725354361816,225.64717741935485,283.95464432421727,0.0,0.0,5.929435483870968,0.0,0.0,106.69999999999816,351.91178642116034,799.7167124236875,0.05647686250748014,100.0,1.0,4.9590668284571775
59,2049,11,4,8.617806463867117E18,36.64583183990307,0.00897325048085301,1.0,35.208105448581186,7.0,396.9478203376718,306.26209677419354,444.09436924074464,0.0,0.0,5.55241935483871,0.0,0.0,88.0,0.0,816.0130795988267,0.08389528845609846,100.0,1.0,4.731467376089785
40,2049,11,4,5.096996787781837E17,38.045688278079794,0.004407293949338424,1.0,32.41955482259123,6.0,416.8833076049344,305.66229838709677,382.7430684294756,0.0,0.0,5.432459677419355,0.0,0.0,88.0,0.0,796.2037242857858,0.0848667937853085,100.0,1.0,4.91220757861483
55,2049,11,5,2.797545246119503E18,38.289983770406884,0.0018883102863747948,1.0,20.786883534623577,5.0,397.04947433967925,314.45262096774195,214.83191221694838,0.0,0.0,5.690524193548387,0.0,0.0,88.0,0.0,816.2187272763867,0.0803134306575736,100.0,1.0,4.943749396443412
57,2049,11,5,4.974214387304059E17,38.72915677687044,0.002193948772824697,1.0,40.60948078722502,4.0,417.3319542367246,308.6391129032258,551.6029534881438,0.0,0.0,5.727822580645161,0.0,0.0,88.0,0.0,805.3961831470205,0.08345883766092636,100.0,1.0,5.000452509682033
58,2049,11,5,7.278710821350941E18,37.74810488207954,0.002462472689586445,1.0,34.25719682556538,6.0,393.82459558593035,308.1905241935484,442.80522626875654,0.0,0.0,5.638104838709677,0.0,0.0,88.0,0.0,848.4217972658369,0.08080466183563786,100.0,1.0,4.8737855791909155
47,2049,11,5,8.507560024639921E18,37.226801241845536,0.0027191668123797,1.0,20.523157748460864,7.0,413.13552083716957,314.56854838709677,209.73603711923457,0.0,0.0,5.713709677419355,0.0,0.0,88.0,0.0,809.749339865715,0.08595389282785462,100.0,1.0,4.806478301856352
50,2049,11,5,2.9539370702862316E18,38.29452249526056,0.0015876239350412287,2.0,18.316875126882987,4.0,397.8853145727632,308.10987903225805,196.50510980375063,0.0,0.0,5.621975806451613,0.0,0.0,88.0,1.8808958153103958,872.3817050885729,0.08047296185530105,100.0,1.0,4.944335406570512
51,2049,11,5,6.492828447697523E18,38.116783045908484,0.002491185586022503,2.0,24.60385239362572,4.0,421.00589367146785,308.25100806451616,262.28546353980323,0.0,0.0,5.650201612903226,0.0,0.0,88.0,0.0,801.5778367042907,0.08554618956915114,100.0,1.0,4.921386864708315
53,2049,11,5,2.861374886328272E18,37.6443243983653,0.0024056971798533684,1.0,35.94486021367724,7.0,405.86655539588895,307.883064516129,481.0672833375375,0.0,0.0,5.576612903225806,0.0,0.0,88.0,8.30735487852415,855.9904280187415,0.08350500239398542,100.0,1.0,4.860386129695173
41,2049,11,5,6.307363977605812E18,37.684592753009106,0.0023676122640773193,1.0,16.068538923888063,6.0,419.2074993653322,308.3467741935484,161.72026970376567,0.0,0.0,5.669354838709677,0.0,0.0,88.0,0.0,841.270413778054,0.08615767114876653,100.0,1.0,4.8655853132508184
42,2049,11,5,8.834479670273441E18,38.55367208511488,0.002519160718936834,1.0,18.607102077855316,4.0,410.2244922934535,314.2913306451613,194.13357412894698,0.0,0.0,5.658266129032258,0.0,0.0,88.0,0.0,846.2843421639753,0.08241088375613494,100.0,1.0,4.977795087204305
45,2049,11,5,3.0688222562761073E18,39.13611927146255,0.0040420047211049675,1.0,49.92584122775657,3.0,416.4758893509525,308.508064516129,838.8397150216415,0.0,0.0,5.701612903225806,0.0,0.0,88.0,0.0,840.3331107430517,0.08242156182207701,100.0,1.0,5.052996814716964
56,2049,11,6,4.898742477016446E18,38.21398351228213,2.7464650100554144E-4,1.0,21.98101956493348,6.0,403.25696079168057,316.34576612903226,242.1711901886598,0.0,0.0,5.769153225806452,0.0,0.0,88.0,0.0,857.5199349308813,0.08173127900903215,100.0,1.0,4.933936745895246
48,2049,11,6,5.859174576972996E18,37.12100598674711,0.003921875210163049,2.0,11.091694145776218,9.0,413.875330261042,315.8266129032258,99.27752085851903,0.0,0.0,5.665322580645161,0.0,0.0,88.0,0.0,791.3570470041352,0.08635322021912314,100.0,1.0,4.792818718408236
54,2049,11,6,4.281117921937587E18,39.65021344160727,0.0025593983117093697,1.0,21.634852932236004,2.0,434.5072801703382,316.25504032258067,242.58934650702645,0.0,0.0,5.751008064516129,0.0,0.0,88.0,0.0,876.1126897122942,0.08487509284821762,100.0,1.0,5.119373252967969
43,2049,11,6,6.605295447056412E18,37.68411178329362,0.00897325048085301,1.0,39.08525094604752,7.0,414.1840942383354,316.42137096774195,545.1898957981427,0.0,0.0,5.784274193548387,0.0,0.0,88.0,0.0,848.3110065759663,0.08512632168286795,100.0,1.0,4.865523213623028
44,2049,11,6,3.1730362057635645E18,39.635418395950786,0.0020164607822141614,1.0,29.054129588989916,3.0,422.4794277122752,322.3155241935484,363.1513704772812,0.0,0.0,5.763104838709677,0.0,0.0,88.0,0.0,885.0102670381804,0.08255642034170214,100.0,1.0,5.117463014549652
46,2049,11,6,4.898224502314156E18,38.708842836438755,0.0018578158345451462,1.0,40.37694979293861,4.0,418.69425663518166,315.8266129032258,598.2560887104014,0.0,0.0,5.665322580645161,0.0,0.0,88.0,0.0,882.2695546394901,0.08377521466131982,100.0,1.0,4.997829708080697
49,2049,11,7,1.481964993321812E18,40.354777515867184,0.001984354374359358,1.0,34.57045306358537,2.0,405.508645380797,323.90120967741933,466.6735048945371,0.0,0.0,5.780241935483871,0.0,0.0,88.0,0.0,881.7827006777486,0.07782764600870433,100.0,1.0,5.210341905181669
52,2049,11,7,1.0005304447219302E18,39.14893204128374,0.00897325048085301,2.0,32.2575542634358,6.0,406.564808337094,323.6290322580645,427.3786531177833,0.0,0.0,5.725806451612903,0.0,0.0,88.0,0.0,896.1322399026486,0.08043380227514052,100.0,1.0,5.054651114793189
53,2050,2,19,2.861374886328272E18,44.31907979852407,0.41694344752690843,1.0,41.010214877011116,2.0,275.50000000000006,234.66431451612902,642.7620051832429,0.0,0.0,6.232862903225806,0.0,0.0,106.89999999999841,576.6341074368281,923.6823159079953,0.048264416739151585,100.0,1.0,5.708139010338798
55,2050,2,20,2.797545246119503E18,45.28312118342086,0.42331038940905613,1.0,27.270028048917244,1.0,278.3999999999973,236.18447580645162,318.02580062543734,0.0,0.0,6.236895161290323,0.0,0.0,106.89999999999841,543.2008885343236,847.0522781132719,0.04773413654849753,100.0,1.0,5.8323040936782204
56,2050,2,20,4.898742477016446E18,45.837543842398254,0.21919856274627805,0.0,35.34582607483818,0.0,278.3999999999973,235.94758064516128,480.9483130013834,0.0,0.0,6.189516129032258,0.0,0.0,106.89999999999841,539.362047344551,878.87810958028,0.04715677387391357,100.0,1.0,5.903711749755724
47,2050,2,20,8.507560024639921E18,45.28991078482174,0.43488994848861684,1.0,30.277126319133256,1.0,278.3999999999973,236.16935483870967,378.94744608287846,0.0,0.0,6.233870967741935,0.0,0.0,106.89999999999841,593.6128970197584,871.5024492798411,0.04772698052291116,100.0,1.0,5.833178570061695
52,2050,2,20,1.0005304447219302E18,45.89877040445487,0.43488994848861684,1.0,41.267313598601746,1.0,278.3999999999973,236.01310483870967,656.7702151731453,0.0,0.0,6.202620967741935,0.0,0.0,106.89999999999841,584.9489775713407,933.9542240826531,0.04709386920094437,100.0,1.0,5.911597512026354
40,2050,2,20,5.096996787781837E17,47.392905578494506,0.43488994848861684,0.0,42.60702299030312,0.0,278.3999999999973,236.09375,646.9087916448985,0.0,0.0,6.21875,0.0,0.0,106.89999999999841,575.0588374382226,870.7018182812823,0.04560916161452694,100.0,1.0,6.104036779999138
41,2050,2,20,6.307363977605812E18,45.394798023962245,0.43488994848861684,1.0,25.60064820016867,1.0,278.3999999999973,236.31048387096774,305.44839045487845,0.0,0.0,6.262096774193548,0.0,0.0,106.89999999999841,567.6824899230817,886.4251656733925,0.04761670464467236,100.0,1.0,5.846687671427223
43,2050,2,20,6.605295447056412E18,46.45063755487358,0.43488994848861684,1.0,47.78487162174786,1.0,278.3999999999973,235.75100806451613,827.9395718009329,0.0,0.0,6.150201612903226,0.0,0.0,106.89999999999841,584.0120447156924,904.1247009818815,0.04653435999361821,100.0,1.0,5.982676027739018
44,2050,2,20,3.1730362057635645E18,44.61711630336053,0.43488994848861684,1.0,33.41021138855205,2.0,278.3999999999973,235.9727822580645,447.4511671590156,0.0,0.0,6.194556451612903,0.0,0.0,106.89999999999841,533.0960588321351,890.72648913474,0.04844666955198899,100.0,1.0,5.746525046499662
46,2050,2,20,4.898224502314156E18,45.16523239344311,0.43488994848861684,0.0,46.82032315325031,0.0,278.3999999999973,236.21975806451613,809.2541269347646,0.0,0.0,6.243951612903226,0.0,0.0,106.89999999999841,505.92283638571394,918.3299524478659,0.047858730606805705,100.0,1.0,5.817120439053344
58,2050,2,21,7.278710821350941E18,44.40060998958399,0.298112878893295,1.0,41.1854867755434,3.0,281.29999999999484,237.91633064516128,630.4062828952177,0.0,0.0,6.283266129032258,0.0,0.0,106.89999999999841,561.9927019835476,899.2481771447395,0.04919001886334052,100.0,1.0,5.718639807427218
59,2050,2,21,8.617806463867117E18,46.554516810362244,0.45193912440223366,0.0,42.98710717089926,0.0,281.29999999999484,238.14818548387098,654.8868694980364,0.0,0.0,6.329637096774194,0.0,0.0,106.89999999999841,476.03788967279246,867.7573691086133,0.046914177024501444,100.0,1.0,5.996055304414331
48,2050,2,21,5.859174576972996E18,44.63695970428443,0.43745145687803927,1.0,22.93182480006825,2.0,281.29999999999484,237.85584677419354,243.9364455418144,0.0,0.0,6.27116935483871,0.0,0.0,106.89999999999841,507.7899450489823,818.1498439216765,0.04892956100506627,100.0,1.0,5.749080805586391
49,2050,2,21,1.481964993321812E18,45.506544383962286,0.45193912440223366,0.0,47.16357487501189,0.0,281.29999999999484,237.77520161290323,779.8827319874531,0.0,0.0,6.255040322580645,0.0,0.0,106.89999999999841,546.0937513518113,872.9353006148043,0.04799456589152015,100.0,1.0,5.8610802030339
50,2050,2,21,2.9539370702862316E18,45.21507232382389,0.3214360770997406,1.0,29.347049613642287,1.0,281.29999999999484,238.05745967741936,377.60694182133005,0.0,0.0,6.311491935483871,0.0,0.0,106.89999999999841,470.39165299817756,907.9322364992274,0.04830395553255983,100.0,1.0,5.823539643878261
51,2050,2,21,6.492828447697523E18,47.06872040850029,0.45193912440223366,0.0,35.17573163233332,0.0,281.29999999999484,237.7147177419355,472.92823876096975,0.0,0.0,6.242943548387097,0.0,0.0,106.89999999999841,592.0693364634133,870.7102396189244,0.04640166174003396,100.0,1.0,6.062282889263373
54,2050,2,21,4.281117921937587E18,45.17698383036462,0.45193912440223366,1.0,29.257037639297817,1.0,281.29999999999484,237.59879032258064,372.8637096931686,0.0,0.0,6.219758064516129,0.0,0.0,106.89999999999841,530.0016774945406,900.2989185333029,0.048344680360522425,100.0,1.0,5.818633982110271
42,2050,2,21,8.834479670273441E18,45.27913853863566,0.45193912440223366,1.0,33.252135767287555,1.0,281.29999999999484,237.8508064516129,430.7399269869148,0.0,0.0,6.270161290322581,0.0,0.0,106.89999999999841,514.0405154808682,863.529212315001,0.048235609453299216,100.0,1.0,5.831791143270285
45,2050,2,21,3.0688222562761073E18,45.41272087419568,0.24911007290003068,1.0,52.36757884214302,1.0,281.29999999999484,237.83064516129033,974.4549128093965,0.0,0.0,6.266129032258065,0.0,0.0,106.89999999999841,508.937842002444,885.7063005182337,0.048093723540191785,100.0,1.0,5.84899607045217
57,2050,2,22,4.974214387304059E17,45.20685680481004,0.468988300315856,2.0,47.574207066684295,3.0,284.2000000000052,239.31552419354838,775.5959049589168,0.0,0.0030241935483870967,6.263104838709677,0.0,0.0,106.89999999999841,507.43112196585867,853.9508636804031,0.04881080331417062,99.69758064516128,1.0,5.822481514404764
56,2050,7,1,4.898742477016446E18,39.60499564044308,0.0028522728801185825,1.0,33.29538349377446,2.0,271.1900164355366,216.3891129032258,390.74640191343497,0.0,0.0,4.977822580645161,0.0,0.0,107.0,422.2123699245319,781.3004645327253,0.0532950716188566,100.0,1.0,5.08846330810794
59,2050,7,1,8.617806463867117E18,39.22297529066191,8.99483809227449E-4,1.0,38.69787329535723,2.0,276.32997839562745,218.05745967741936,495.75525792072733,0.0,0.0,5.311491935483871,0.0,0.0,107.0,402.69184564296944,783.9502094790683,0.054834109036068064,100.0,1.0,5.039381203656773
48,2050,7,1,5.859174576972996E18,38.59849385169871,0.0022797892481842058,1.0,23.898896586589913,4.0,274.86913522039623,216.1875,219.35689087538233,0.0,0.0,4.9375,0.0,0.0,107.0,326.0079749699989,696.796989807134,0.05542668952477281,100.0,1.0,4.959147616015281
53,2050,7,1,2.861374886328272E18,38.189109363295195,0.0022867610807474677,1.0,39.304457079195195,5.0,266.587654937893,216.38407258064515,529.6308704492307,0.0,0.03024193548387097,4.976814516129032,0.0,0.0,107.0,446.3435087627009,816.8389667822112,0.05433301772146249,96.9758064516129,1.0,4.906549757728369
54,2050,7,1,4.281117921937587E18,38.63239491773183,0.0021832726230785965,1.0,27.266709614494356,3.0,275.1885896822384,219.33770161290323,296.5408382843729,0.0,0.0,5.567540322580645,0.0,0.0,107.0,352.4342711606132,789.5124940324682,0.05544241165355983,100.0,1.0,4.9635032365077345
58,2050,7,2,7.278710821350941E18,37.488642937206805,0.002346561318214702,1.0,38.80925235283606,4.0,277.6212827158918,220.06149193548387,500.500993657733,0.0,0.0,5.412298387096774,0.0,0.0,107.0,388.1272973758166,787.8582899851809,0.057638989653001585,100.0,1.0,4.816553593101272
47,2050,7,2,8.507560024639921E18,39.197518164174156,0.00451370748533856,1.0,32.54545953194062,1.0,273.79297224051925,222.46572580645162,351.7491146108265,0.0,0.0,5.893145161290323,0.0,0.0,107.0,273.5289439466499,727.8344651376593,0.054365958457610136,100.0,1.0,5.03611046338858
49,2050,7,2,1.481964993321812E18,39.39424232719778,0.00146382552705596,1.0,44.94130690936602,2.0,278.31398079243684,219.15423387096774,635.442754350254,0.0,0.0,5.230846774193548,0.0,0.0,107.0,363.93211468967047,777.5892622558529,0.05498770494816015,100.0,1.0,5.061385650752624
50,2050,7,2,2.9539370702862316E18,38.112383071629004,0.0015665590923276966,1.0,23.581671654348533,3.0,278.11999732282374,221.66431451612902,255.40269397809823,0.0,0.0,5.732862903225806,0.0,0.0,107.0,371.642920311498,825.5359988108214,0.05679752797649116,100.0,1.0,4.896691937683262
51,2050,7,2,6.492828447697523E18,39.09102580602885,0.0013716371875348633,1.0,34.07544168148819,3.0,279.8443362905494,217.97479838709677,379.6584764704502,0.0,0.036290322580645164,4.994959677419355,0.0,0.0,107.0,354.53617862263303,733.5076405307263,0.05571893119976717,96.37096774193549,1.0,5.022428288999893
40,2050,7,2,5.096996787781837E17,40.33577479444925,0.0017889255344603367,1.0,41.04141245229976,1.0,275.7395960480716,220.91834677419354,529.245361970381,0.0,0.0,5.58366935483871,0.0,0.0,107.0,367.6013919999983,759.2127179597082,0.05320740202847181,100.0,1.0,5.182354062326151
41,2050,7,2,6.307363977605812E18,39.288429256364616,0.00897325048085301,1.0,23.653528566369527,3.0,273.83789250490946,220.66129032258064,243.7978935077395,0.0,0.036290322580645164,5.532258064516129,0.0,0.0,107.0,397.0672799718265,785.2169353326309,0.05424905785316078,96.37096774193549,1.0,5.047790751428773
43,2050,7,2,6.605295447056412E18,37.50608794002705,0.0012624156557193337,1.0,44.42118624859647,5.0,274.57104751377244,220.1875,620.2496040935191,0.0,0.0,5.4375,0.0,0.0,107.0,350.04226794845243,774.8556134730813,0.056979193207348296,100.0,1.0,4.818794932996041
55,2050,7,3,2.797545246119503E18,37.8570879459201,0.002957564430076809,1.0,23.862352390200353,5.0,276.6751906038861,220.4828629032258,232.39847261211375,0.0,0.036290322580645164,5.196572580645161,0.0,0.0,107.0,352.6743680199942,739.2266881435061,0.056883503408774135,96.37096774193549,1.0,4.863891533115551
57,2050,7,3,4.974214387304059E17,39.14737622472465,0.0012070554857214217,1.0,44.821218076958964,2.0,285.9233388142244,224.10181451612902,631.4129692601493,0.0,0.0,5.920362903225806,0.0,0.0,107.0,390.4479434535025,776.2479324680365,0.05684735590475232,100.0,1.0,5.029668209956653
52,2050,7,3,1.0005304447219302E18,39.10840837241667,0.00897325048085301,1.0,40.359648270806304,2.0,277.03366322557656,223.9203629032258,546.1294967581284,0.0,0.0,5.884072580645161,0.0,0.0,107.0,315.84855627589167,805.9334610209438,0.05513479013937901,100.0,1.0,5.024661607040567
42,2050,7,3,8.834479670273441E18,38.33008773500247,0.002827111052568683,2.0,32.71717097775495,5.0,281.0743977079969,222.71068548387098,357.9506448800911,0.0,0.023185483870967742,5.642137096774194,0.0,0.0,107.0,243.26932577246905,734.9964114156578,0.057074852520573094,97.68145161290323,1.0,4.9246627068669415
45,2050,7,3,3.0688222562761073E18,37.575239150285,0.001182869823471269,3.0,49.36563144127269,6.0,281.15391415032286,223.8951612903226,758.3674913667238,0.0,0.0,5.879032258064516,0.0,0.0,107.0,308.6208001338183,776.9835424790055,0.05823789957826188,100.0,1.0,4.827679504005799
46,2050,7,3,4.898224502314156E18,39.15362179590084,0.0022014844163034965,1.0,43.67346619165174,3.0,276.62749017248046,223.72379032258064,653.0286712442622,0.0,0.0,5.844758064516129,0.0,0.0,107.0,395.76665539179896,840.9340351863966,0.054990379588801305,100.0,1.0,5.030470643065267
44,2050,7,5,3.1730362057635645E18,39.42217856845686,8.925055182865548E-4,2.0,31.36369399710656,5.0,282.1401631837015,227.36895161290323,370.3610461411193,0.0,0.0,5.973790322580645,0.0,0.0,107.0,355.5482723857265,809.1058834272866,0.05570415812101312,100.0,1.0,5.064974908529684
53,2050,11,4,2.861374886328272E18,36.96311164758478,0.00897325048085301,1.0,34.424165359022965,8.0,376.9210793582023,306.20665322580646,448.0629500704492,0.0,0.0,5.54133064516129,0.0,0.0,88.0,0.0,851.983353878431,0.07956316058950419,100.0,1.0,4.737381931103489
40,2050,11,4,5.096996787781837E17,37.96547815484044,0.00897325048085301,1.0,33.57941573424752,4.0,399.08395587581504,306.1461693548387,406.7645078075344,0.0,0.0,5.529233870967742,0.0,0.0,88.0,0.0,803.0031267721935,0.08201730964357573,100.0,1.0,4.865850362687123
44,2050,11,4,3.1730362057635645E18,39.23745841353248,0.0030920918266206265,1.0,26.911333518296967,2.0,454.6618096714298,306.51915322580646,315.6812414726599,0.0,0.0,5.60383064516129,0.0,0.0,88.0,0.0,855.3789386640578,0.09041026300410387,100.0,1.0,5.0288738752014455
55,2050,11,5,2.797545246119503E18,37.23839340620477,0.00897325048085301,1.0,15.128118763096051,7.0,410.0206825128586,308.5584677419355,144.74702569985874,0.0,0.0,5.711693548387097,0.0,0.0,88.0,0.0,808.654147637105,0.08591024415596449,100.0,1.0,4.772663452899663
57,2050,11,5,4.974214387304059E17,37.52182171230082,0.0025362494292970666,1.0,39.844701655290116,7.0,415.2384582335238,308.3921370967742,536.8129929006232,0.0,0.0,5.678427419354839,0.0,0.0,88.0,0.0,809.0861040876648,0.08634630927601497,100.0,1.0,4.808989077994878
58,2050,11,5,7.278710821350941E18,37.64346449334492,0.0045503298584447524,1.0,33.11355509596754,7.0,392.00165305441936,314.43245967741933,427.82572397383524,0.0,0.0,5.686491935483871,0.0,0.0,88.0,1.6196921183818587,862.6803592244327,0.08125094795973721,100.0,1.0,4.824579440582902
50,2050,11,5,2.9539370702862316E18,36.95439669958236,0.003388689758630293,2.0,16.50829773950123,9.0,394.36749886050643,307.63608870967744,173.09226832242678,0.0,0.0,5.527217741935484,0.0,0.0,88.0,0.0,872.4323715585774,0.08326550575946834,100.0,1.0,4.736264978678302
51,2050,11,5,6.492828447697523E18,38.68168073821526,0.0029478483839858933,1.0,25.386607442530696,4.0,397.8978310258562,314.5131048387097,279.48348541764324,0.0,0.0,5.702620967741935,0.0,0.0,88.0,0.0,819.3235853114924,0.08025948348250653,100.0,1.0,4.957642558372339
54,2050,11,5,4.281117921937587E18,36.72658087862961,0.00897325048085301,1.0,14.857802960886598,9.0,381.2394213262585,313.6209677419355,153.59436687070323,0.0,0.0,5.524193548387097,0.0,0.0,88.0,0.0,876.3486968176259,0.08099298918045952,100.0,1.0,4.707066934853133
41,2050,11,5,6.307363977605812E18,39.10519946949459,0.004644539586362842,2.0,16.551627840093346,5.0,398.5386848132875,314.4475806451613,169.58503110101708,0.0,0.0,5.689516129032258,0.0,0.0,88.0,0.0,852.1179731492163,0.0795181197920582,100.0,1.0,5.011922890725733
42,2050,11,5,8.834479670273441E18,38.87372078204075,0.00411994971572684,1.0,22.98864096955334,4.0,412.0603269517517,313.898185483871,254.70437263476276,0.0,0.0,5.579637096774194,0.0,0.0,88.0,5.433721414390398,851.0244238260932,0.08270558096100775,100.0,1.0,4.982255395147046
43,2050,11,5,6.605295447056412E18,39.31225149931769,0.0028360462960976603,1.0,43.050568090225724,3.0,392.09114926695867,307.8931451612903,628.4472595692755,0.0,0.0,5.578629032258065,0.0,0.0,88.0,0.7743699192250323,830.253841091122,0.07781964517986532,100.0,1.0,5.038459740605531
45,2050,11,5,3.0688222562761073E18,39.83923338395462,0.005012989095448597,1.0,46.346413783826186,2.0,408.829897518948,314.2006048387097,753.139750932349,0.0,0.0,5.640120967741935,0.0,0.0,88.0,39.435785045204724,870.7259281727429,0.08006851981777051,100.0,1.0,5.106000441239726
46,2050,11,5,4.898224502314156E18,36.68639585465067,0.0019861112175416137,2.0,36.78912013450893,9.0,415.2467762161533,314.49798387096774,514.2958620907912,0.0,0.0,5.699596774193548,0.0,0.0,88.0,0.0,882.0919854175976,0.088314364145224,100.0,1.0,4.701916616116061
56,2050,11,6,4.898742477016446E18,39.813928232347685,0.0023067481955920417,1.0,25.401485756164735,3.0,386.97338756105694,321.9274193548387,299.0612421099835,0.0,0.0,5.685483870967742,0.0,0.0,88.0,0.0,876.2779965109924,0.07583613567087558,100.0,1.0,5.102757203248053
59,2050,11,6,8.617806463867117E18,38.4115269358143,0.0032917279827047096,1.0,32.02015186014621,5.0,385.8705756475043,316.4616935483871,400.79607241079117,0.0,0.0,5.792338709677419,0.0,0.0,88.0,0.0,849.3600739603369,0.07838089463252668,100.0,1.0,4.923018261740724
47,2050,11,6,8.507560024639921E18,37.85516596316979,0.004803667280970593,2.0,20.671409254519272,7.0,401.12169517583163,316.1491935483871,215.5359576892029,0.0,0.0,5.729838709677419,0.0,0.0,88.0,12.981103219404297,824.5184351456437,0.08267631709256405,100.0,1.0,4.851712186535081
48,2050,11,6,5.859174576972996E18,37.61459201300074,0.00897325048085301,3.0,9.304926443174192,8.0,383.9866910104163,322.3608870967742,83.47333221152738,0.0,0.0,5.772177419354839,0.0,0.0,88.0,0.0,807.1367770170325,0.079650763143616,100.0,1.0,4.820878995447425
49,2050,11,6,1.481964993321812E18,37.823447514832026,0.0016273577223164777,1.0,36.2039328193362,7.0,401.7732008518356,316.3054435483871,490.52375806892246,0.0,0.0,5.761088709677419,0.0,0.0,88.0,0.0,862.8369362679192,0.08288004507833927,100.0,1.0,4.847646987547781
52,2050,11,6,1.0005304447219302E18,37.12587494841827,0.002346561318214702,1.0,30.671633120690206,9.0,417.99800802151736,316.39112903225805,393.16809198365564,0.0,0.0,5.778225806451613,0.0,0.0,88.0,0.0,887.2053829951802,0.08784714253438165,100.0,1.0,4.758242510368748
