id_sim,year,month,day,seed,Straw Value,Salinity Exposure,Max Flood Continuous,Profit Margin,Flood Stress,Methane Emissions,Labor Intensity,Net Income,AWD Adoption,Salinity Stress,Pesticide Usage,Resilient Varieties,Drought Stress,Fertilizer Usage,Water Usage,Production Cost,Emission Intensity,Water Reliability,Biodiversity,Avg Yield
106,2027,2,23,4.4904735328533463E18,45.796796048743055,0.7429851398146299,0.0,42.88398602954127,0.0,60.28608870967839,258.28225806451616,874.8182172106798,100.0,1.6481854838709677,6.782258064516129,100.0,0.5745967741935484,96.0,809.5782225549539,1152.2756616171885,0.009175893725099972,89.31451612903226,1.0,6.570050887225328
112,2027,2,24,7.785515223895154E18,48.394231701399214,0.7429851398146299,0.0,48.86520247606787,0.0,60.48195564516227,259.3296370967742,1080.2710221834602,100.0,1.4475806451612903,6.329637096774194,100.0,0.08064516129032258,96.0,811.3988987852536,1117.8203086888266,0.008923795223777339,89.31451612903226,1.0,6.777604609752684
102,2027,2,24,7.551686037947802E18,47.908683952190856,1.0922887098840943,0.0,35.68601134723535,0.0,78.12459677419501,258.94959677419354,715.6133231126126,100.0,1.3215725806451613,5.949596774193548,100.0,0.0907258064516129,96.0,806.8633470634229,1283.25757925649,0.011390615288336773,89.31451612903226,1.0,6.858681010339218
118,2027,2,24,6.784113119771871E18,47.25295826979858,0.7429851398146299,0.0,43.94218082536306,0.0,57.836290322580645,259.61895161290323,973.126876063783,100.0,1.217741935483871,6.618951612903226,100.0,0.0,96.0,813.8044519954458,1233.5602558266605,0.008552265718419686,89.31451612903226,1.0,6.762686313407461
114,2027,2,25,5.836111949060572E18,48.10948375253229,0.7429851398146299,0.0,47.753226157972286,0.0,69.68770161290256,260.4304435483871,1020.8843399330788,100.0,1.403225806451613,5.930443548387097,100.0,0.06048387096774194,96.0,616.6062705839879,1107.5307019556344,0.010114512720340012,89.31451612903226,1.0,6.889872358632015
113,2027,3,1,1.9062697412338442E18,50.811535063583186,0.00897325048085301,0.0,46.74376722901304,0.0,81.19999999999848,265.7530241935484,1068.0880269528832,100.0,0.0,5.253024193548387,100.0,0.0,96.0,807.3918703239184,1216.107712218431,0.010967094406092056,100.0,1.0,7.403966537836413
100,2027,3,1,8.160192525120971E18,51.04214294510408,0.00897325048085301,0.0,51.17960864911639,0.0,72.49999999999999,264.46875,1189.9816783562098,100.0,0.0,3.96875,100.0,0.0,96.0,820.2584097759104,1134.7124896442076,0.00974780820121439,100.0,1.0,7.437569400572312
101,2027,3,2,3.1672676456999844E18,51.56350173156124,0.00897325048085301,0.0,56.2482882194676,0.0,84.10000000000043,265.1602822580645,1405.327177537185,100.0,0.0,3.160282258064516,100.0,0.0,96.0,826.6847872630549,1092.6160968263207,0.011193127762147936,100.0,1.0,7.5135388237417775
103,2027,3,2,3.8076780415005327E18,50.40427365107207,0.0067366745351749345,0.0,49.53173298812652,0.0,84.10000000000043,265.42641129032256,1099.7180899955858,100.0,0.0,3.4264112903225805,100.0,0.0,96.0,617.0413966850604,1119.765699798992,0.01145055410857655,100.0,1.0,7.344622732013371
104,2027,3,2,1.8191142937400033E18,51.406752028820954,0.00897325048085301,0.0,49.82139349634879,0.0,101.50000000000001,265.523185483871,1184.00560659545,100.0,0.0,3.5231854838709675,100.0,0.0,96.0,810.8202351748567,1192.074907267128,0.013550138842859655,100.0,1.0,7.490698152771046
108,2027,3,2,1.4244601342993418E18,51.6022541587949,0.005759467574360101,0.0,58.22047207603756,0.0,72.49999999999999,265.08266129032256,1452.1968511214207,100.0,0.0,3.0826612903225805,100.0,0.0,96.0,823.399030298372,1041.8113083169947,0.009642001647384286,100.0,1.0,7.519185605995828
117,2027,3,2,5.392312879540745E18,51.23500386366963,0.3735617817583859,0.0,56.4230456646449,0.0,72.49999999999999,265.6784274193548,1459.3892675948211,100.0,0.0,3.6784274193548385,100.0,0.0,96.0,819.3021847474455,1126.7766216864554,0.00971111509880556,100.0,1.0,7.465671991563283
116,2027,3,3,4.5339596344121354E18,51.3786390555937,0.00897325048085301,0.0,58.563026179052805,0.0,55.099999999999056,267.86290322580646,1463.057787670804,100.0,0.0,4.362903225806452,100.0,0.0,96.0,611.8984202413245,1034.793740955414,0.00735981454263113,100.0,1.0,7.48660169095794
107,2027,3,3,3.8962303467200983E18,50.83525597788101,0.00897325048085301,0.0,58.11534922119127,0.0,89.89999999999921,266.3125,1411.260774136225,100.0,0.0,2.8125,100.0,0.0,96.0,616.0505395108371,1016.6296999381368,0.012136474429914654,100.0,1.0,7.407423013919818
109,2027,3,4,3.6912901621011497E18,50.99990513568686,0.0026898232856274037,0.0,52.76070903847489,0.0,101.50000000000001,266.9899193548387,1200.0716813903318,100.0,0.0,1.9899193548387097,100.0,0.0,96.0,612.2718110052723,1073.470757658858,0.01365823378686172,100.0,1.0,7.431414748342939
110,2027,3,4,4.565563823161268E18,51.95519772237985,0.0030583675803861708,0.0,57.665654010282594,0.0,104.39999999999851,267.84375,1341.1367794140488,100.0,0.0,2.84375,100.0,0.0,96.0,614.8970324054162,984.0491963733604,0.01379016190186996,100.0,1.0,7.5706145252610675
111,2027,3,4,3.1962213724053494E18,51.397529579053135,0.00897325048085301,0.0,53.32605000654802,0.0,46.400000000000844,268.5796370967742,1261.4874256694097,100.0,0.0,3.5796370967741935,100.0,0.0,96.0,610.7589388818777,1103.6223443063602,0.006195460660404981,100.0,1.0,7.489354310090607
119,2027,3,5,8.805755481983441E18,52.19894129121536,0.009410377703194988,0.0,51.48959225656208,0.0,75.40000000000018,268.7681451612903,1179.886736553302,100.0,0.0,2.2681451612903225,100.0,0.0,96.0,815.0180051054429,1110.8744845622691,0.009913055084878504,100.0,1.0,7.606131445291399
115,2027,3,6,7.810180881598322E18,51.64502183943317,0.045763577452350365,0.0,56.08066536353843,0.0,98.60000000000124,269.43548387096774,1337.8815728333454,100.0,0.0,1.435483870967742,100.0,0.0,96.0,614.1135846567817,1046.8064032478305,0.013102263152690013,100.0,1.0,7.52541746803168
105,2027,3,6,8.00272729626966E18,52.116784857385184,0.045763577452350365,0.0,58.31901778361065,0.0,72.49999999999999,270.6733870967742,1392.7465933822398,100.0,0.0,2.6733870967741935,100.0,0.0,96.0,616.845046492139,994.6922657642492,0.009546809554145752,100.0,1.0,7.594160079218977
112,2027,8,14,7.785515223895154E18,39.19450997253665,0.00897325048085301,0.0,36.49151843909769,0.0,145.00000000000003,318.7409274193548,652.8499697330819,100.0,0.03024193548387097,5.740927419354839,100.0,0.0,80.0,275.0,1134.3874159048019,0.02545115592718113,96.9758064516129,1.0,5.697187208897811
106,2027,8,14,4.4904735328533463E18,39.86605129303819,0.002031066202094384,0.0,35.16328173249273,0.0,110.19999999999813,318.19354838709677,608.9076257806236,100.0,0.02620967741935484,5.193548387096774,100.0,0.0,80.0,275.0,1121.33922150083,0.019017048838763505,97.68145161290323,1.0,5.794800283384211
102,2027,8,15,7.551686037947802E18,40.400330962703286,0.0031027837070722814,0.0,30.856892622151502,0.0,87.00000000000001,319.84576612903226,519.5418589414428,100.0,0.12600806451612903,5.345766129032258,100.0,0.0,80.0,275.0,1158.5756415730034,0.014943540078697465,95.76612903225806,1.0,5.82191365244314
104,2027,8,15,1.8191142937400033E18,39.23103435405906,0.002085832282857521,0.0,34.39941235451996,0.0,136.30000000000163,331.68245967741933,609.029638534095,100.0,0.0,5.182459677419355,100.0,0.0,80.0,275.0,1160.3825626799905,0.02390181307099418,100.0,1.0,5.702496274870763
118,2027,8,15,6.784113119771871E18,40.21544423186938,0.001754644208223124,0.0,37.090869661180086,0.0,132.34173387096777,319.8125,683.5293263500797,100.0,0.2872983870967742,5.3125,100.0,0.1814516129032258,80.0,275.0,1149.3041787247964,0.023057213994457888,86.39112903225806,1.0,5.739710526292462
109,2027,8,16,3.6912901621011497E18,38.81453129968533,0.00205714132986085,0.0,31.80440715953951,0.0,130.50000000000003,333.74899193548384,549.4594516547666,100.0,0.0,5.748991935483871,100.0,0.0,80.0,275.0,1176.6215127688372,0.023130281269884048,100.0,1.0,5.641954737918075
114,2027,8,16,5.836111949060572E18,40.50127987416861,0.00248842220766861,0.0,34.3462968975733,0.0,110.19999999999813,327.37600806451616,603.5641943495755,100.0,0.18346774193548387,5.376008064516129,100.0,0.0,80.0,275.0,1144.133711936397,0.01906942949341379,86.08870967741935,1.0,5.778882899357795
107,2027,8,16,3.8962303467200983E18,39.25993592595272,0.0022478082366866278,0.0,36.86521970938206,0.0,60.900000000000986,333.83870967741933,675.4777451573219,100.0,0.0,5.838709677419355,100.0,0.0,80.0,275.0,1155.52910937401,0.010671671660555394,100.0,1.0,5.706697313889388
100,2027,8,16,8.160192525120971E18,39.53891889179576,0.002056198551982822,0.0,35.486604593613094,0.0,237.79999999999603,333.835685483871,637.8928431069202,100.0,0.0,5.835685483870968,100.0,0.0,80.0,275.0,1158.4731987773516,0.04137631490506518,100.0,1.0,5.747249375533082
111,2027,8,17,3.1962213724053494E18,39.897751425578164,0.0025579391336525152,0.0,36.1694833915992,0.0,197.2000000000025,340.87399193548384,662.7603230938099,100.0,0.0,5.373991935483871,100.0,0.0,80.0,275.0,1168.670828132288,0.03400347004164587,100.0,1.0,5.799408112127413
113,2027,8,17,1.9062697412338442E18,38.92538613478581,0.0028927306514677812,0.0,31.63189774779547,0.0,307.39999999999975,341.66129032258067,552.6643083137398,100.0,0.0,6.161290322580645,100.0,0.0,80.0,275.0,1192.9048127316314,0.05432949675705676,100.0,1.0,5.658068238227738
115,2027,8,17,7.810180881598322E18,38.82961105123811,0.0015578559862592053,0.0,31.146106441338485,0.0,327.70000000000607,335.34879032258067,545.8864881003834,100.0,0.0,5.848790322580645,100.0,0.0,80.0,275.0,1204.9027292512067,0.058060149473922094,100.0,1.0,5.6441466818337
101,2027,8,17,3.1672676456999844E18,39.04545745156802,0.0020609211026304604,0.0,36.23756733286707,0.0,113.10000000000181,340.75604838709677,663.7920749763837,100.0,0.0,5.256048387096774,100.0,0.0,80.0,275.0,1166.1949746800087,0.019927684471606668,100.0,1.0,5.675521416507211
103,2027,8,17,3.8076780415005327E18,39.30044865593137,0.0029115024272722257,0.0,31.532877979478023,0.0,52.19999999999926,335.0715725806452,544.8908424031495,100.0,0.0,5.571572580645161,100.0,0.0,80.0,275.0,1181.4050803267357,0.009137717832999095,100.0,1.0,5.7125861132950595
108,2027,8,17,1.4244601342993418E18,38.91270160954448,0.0019958297332858146,0.0,35.732631532559395,0.0,211.70000000000312,341.5584677419355,656.2019360528427,100.0,0.0,6.058467741935484,100.0,0.0,80.0,273.839999999998,1179.0327283458162,0.03742779333140683,100.0,1.0,5.656224456662237
117,2027,8,17,5.392312879540745E18,39.02515258728162,0.00897325048085301,0.0,39.20718323652797,0.0,287.10000000000196,347.18245967741933,763.2912263818278,100.0,0.0,5.682459677419355,100.0,0.0,80.0,275.0,1182.0801883229608,0.05061198040129327,100.0,1.0,5.672569967103397
105,2027,8,18,8.00272729626966E18,39.44583546992514,0.00897325048085301,0.0,33.9619548625763,0.0,249.39999999999603,342.46774193548384,599.5352734778246,100.0,0.0,5.467741935483871,100.0,0.0,80.0,275.0,1164.3192939622622,0.04349707352921901,100.0,1.0,5.733719070375215
119,2027,8,18,8.805755481983441E18,39.6005205751786,0.004212793652982653,0.0,31.93104404479963,0.0,278.3999999999973,348.5131048387097,554.0225404994532,100.0,0.0,5.513104838709677,100.0,0.0,80.0,275.0,1179.5904105386833,0.04836521073456317,100.0,1.0,5.756203597000863
110,2027,8,19,4.565563823161268E18,39.92153322114865,0.0028253307559360863,0.0,33.66300301791453,0.0,301.6000000000007,355.1602822580645,586.1196472567144,100.0,0.0,4.660282258064516,100.0,0.0,80.0,275.0,1154.0194184834404,0.05197432685991718,100.0,1.0,5.802864957017768
116,2027,8,19,4.5339596344121354E18,39.84061729929299,0.002193948772824697,0.0,37.127420282737525,0.0,191.39999999999657,349.851814516129,695.5411370604168,100.0,0.0,5.351814516129032,100.0,0.0,80.0,274.309999999998,1176.9515332837439,0.03305069703224667,100.0,1.0,5.791103280310632
111,2028,2,23,3.1962213724053494E18,46.71585115327317,0.5536827889296702,0.0,43.776147289841184,0.0,77.86149193548532,258.4616935483871,976.0603393236667,100.0,1.4465725806451613,6.961693548387097,100.0,0.0,96.0,818.8052794475954,1243.3587896844172,0.011681996828239484,89.31451612903226,1.0,6.665084153016269
101,2028,2,23,3.1672676456999844E18,46.94517974570765,0.46951744036121634,0.0,44.99743551983541,0.0,89.54919354838633,258.37298387096774,1040.8895760794633,100.0,1.0524193548387097,6.872983870967742,100.0,0.0,96.0,801.9490122528958,1265.7068787884787,0.013328717086952248,96.37096774193549,1.0,6.718515590375
107,2028,2,23,3.8962303467200983E18,46.35805737449316,0.7474717650550579,0.0,51.51862680974909,0.0,81.11229838709527,258.39415322580646,1184.783978405564,100.0,1.1633064516129032,6.894153225806452,100.0,0.0,96.0,612.9019660017532,1107.5352072035698,0.012222811814014986,89.31451612903226,1.0,6.636140654156997
110,2028,2,29,4.565563823161268E18,50.46315579203407,0.00897325048085301,0.0,54.59911629093548,0.0,60.900000000000986,265.5040322580645,1290.2217622212756,100.0,0.0,5.004032258064516,100.0,0.0,96.0,816.2182799506705,1072.3936621782875,0.008282105427432853,100.0,1.0,7.353202701124964
102,2028,2,29,7.551686037947802E18,50.38399860256072,0.00897325048085301,0.0,41.426160121002276,0.0,72.49999999999999,266.4868951612903,916.1209507942854,100.0,0.0,5.986895161290323,100.0,0.0,96.0,812.480399473097,1294.5580325897893,0.009875139596057278,100.0,1.0,7.341668367801722
104,2028,2,29,1.8191142937400033E18,50.303884871532894,0.005241384626666504,0.0,47.87094757359957,0.0,78.30000000000146,265.195564516129,1111.5736008506994,100.0,0.0,4.695564516129032,100.0,0.0,96.0,818.5766046417111,1209.6016530671275,0.010682136032809056,100.0,1.0,7.329994652709089
106,2028,2,29,4.4904735328533463E18,50.616167692354175,0.006549817869235783,0.0,47.353810279534244,0.0,69.59999999999933,266.0030241935484,1106.2773409287106,100.0,0.0,5.503024193548387,100.0,0.0,96.0,816.6951453357095,1229.1592482546102,0.009436649999396845,100.0,1.0,7.375498720885896
108,2028,2,29,1.4244601342993418E18,50.92638214293476,0.004914156889842834,0.0,59.52811068610803,0.0,87.00000000000001,264.91834677419354,1483.1611293214874,100.0,0.0,4.418346774193548,100.0,0.0,96.0,619.1795925494524,1007.9032587609762,0.011723959142702332,100.0,1.0,7.420701397970483
118,2028,2,29,6.784113119771871E18,50.74864230450812,0.007604449560044939,0.0,55.35282906536729,0.0,127.60000000000228,265.85483870967744,1404.9487592144771,100.0,0.0,5.354838709677419,100.0,0.0,96.0,613.5408692325377,1132.6509700855916,0.017255363586978746,100.0,1.0,7.394802164371192
119,2028,2,29,8.805755481983441E18,50.58037774966959,0.0070103519381664306,0.0,51.2995241561676,0.0,66.6999999999988,264.46370967741933,1209.4667139240976,100.0,0.0,3.963709677419355,100.0,0.0,96.0,811.2400006388857,1147.7762605323262,0.009049855268077707,100.0,1.0,7.370283614951849
112,2028,3,1,7.785515223895154E18,51.152612221397106,0.00897325048085301,0.0,56.55310490348064,0.0,147.89999999999725,266.5524193548387,1362.5519909033912,100.0,0.0,4.55241935483871,100.0,0.0,96.0,612.6372786771979,1046.265077775788,0.019842583905722917,100.0,1.0,7.453666352260734
114,2028,3,1,5.836111949060572E18,51.35100195793244,0.00897325048085301,0.0,53.80710544632481,0.0,107.30000000000186,265.82358870967744,1296.1091084896868,100.0,0.0,3.8235887096774195,100.0,0.0,96.0,621.6493238791691,1112.3519642748304,0.01433998404983156,100.0,1.0,7.482574571013013
115,2028,3,1,7.810180881598322E18,51.43547127953245,0.005834363121490921,0.0,54.22272388971958,0.0,136.30000000000163,266.8850806451613,1332.9844551878418,100.0,0.0,4.88508064516129,100.0,0.0,96.0,610.7718277497255,1124.9889812475203,0.018185740960343366,100.0,1.0,7.494882957874714
100,2028,3,1,8.160192525120971E18,51.36212251874917,0.00897325048085301,0.0,53.37335308358676,0.0,124.699999999998,266.0977822580645,1306.2866412954752,100.0,0.0,4.097782258064516,100.0,0.0,96.0,617.0865281758697,1140.5810105648732,0.016661778597897345,100.0,1.0,7.484194995589167
109,2028,3,2,3.6912901621011497E18,51.038043716232,0.3770633471725112,0.0,48.29496711335563,0.0,98.60000000000124,266.1733870967742,1086.0583694164425,100.0,0.0,2.6733870967741935,100.0,0.0,96.0,813.8350315748534,1161.7503688913998,0.013258083919299378,100.0,1.0,7.436972084365245
116,2028,3,2,4.5339596344121354E18,51.97816991590558,0.00897325048085301,0.0,49.97371824961862,0.0,87.00000000000001,267.0493951612903,1245.611157478162,100.0,0.0,3.5493951612903225,100.0,0.0,96.0,823.4029501354375,1246.4213615285166,0.011486722685607837,100.0,1.0,7.573961902031961
103,2028,3,2,3.8076780415005327E18,51.317711071140614,0.00897325048085301,0.0,55.69699048465546,0.0,78.30000000000146,266.633064516129,1314.7398652480256,100.0,0.0,3.1330645161290325,100.0,0.0,96.0,619.8872487947112,1045.2217191326636,0.01047110110643007,100.0,1.0,7.477723613223366
105,2028,3,2,8.00272729626966E18,51.69277221113525,0.00897325048085301,0.0,56.50892949336093,0.0,121.80000000000199,266.6653225806452,1351.0478168249458,100.0,0.0,3.1653225806451615,100.0,0.0,96.0,611.2112938825737,1039.5316600966912,0.01617019782818168,100.0,1.0,7.532375379336856
113,2028,3,3,1.9062697412338442E18,52.055755938447994,0.0042975337551978045,0.0,57.549179240809266,0.0,89.89999999999921,267.53629032258067,1382.3043066081516,100.0,0.0,2.536290322580645,100.0,0.0,96.0,614.1418272578134,1019.239377741054,0.011851922485636907,100.0,1.0,7.585267293888154
117,2028,3,3,5.392312879540745E18,51.974314420458,0.00897325048085301,0.0,63.43441081210345,0.0,89.89999999999921,268.9022177419355,1729.8907503476273,100.0,0.0,3.902217741935484,100.0,0.0,96.0,614.4042099634358,996.7647094026881,0.011870493939038365,100.0,1.0,7.573400101266726
107,2028,8,11,3.8962303467200983E18,39.66818991926282,0.002352713812494243,0.0,43.41724950708304,0.0,95.69999999999828,303.2368951612903,839.1831345149171,100.0,0.037298387096774195,5.236895161290323,100.0,0.0,80.0,275.0,1092.5954708163415,0.016597179939601945,97.68145161290323,1.0,5.766039794004516
111,2028,8,13,3.1962213724053494E18,39.65917906267969,0.0029634248615763074,0.0,38.542432670519204,0.0,110.19999999999813,318.30645161290323,717.5845832212239,100.0,0.07661290322580645,5.306451612903226,100.0,0.0,80.0,275.0,1143.1999849742544,0.019116246537785268,96.9758064516129,1.0,5.7647300050340045
101,2028,8,14,3.1672676456999844E18,40.278312830754714,0.0029990810430658463,0.0,39.74732511451839,0.0,92.8701612903216,319.7953629032258,771.664187432102,100.0,0.21370967741935484,5.295362903225806,100.0,0.10483870967741936,80.0,275.0,1161.0725113744236,0.016158999280064496,86.08870967741935,1.0,5.747271825483424
106,2028,8,14,4.4904735328533463E18,38.24536335132348,0.004318214860853229,0.0,28.822501644889666,0.0,223.29999999999652,332.56451612903226,492.60430216619477,100.0,0.0,6.064516129032258,100.0,0.0,80.0,275.0,1213.9064824109837,0.04016748870917878,100.0,1.0,5.559222325715614
108,2028,8,14,1.4244601342993418E18,38.213547673558004,0.004060294335227614,0.0,36.532047383092674,0.0,220.39999999999625,332.60584677419354,667.2338760799903,100.0,0.0,6.105846774193548,100.0,0.0,80.0,275.0,1157.2541706102775,0.0396788411756364,100.0,1.0,5.554597701692111
119,2028,8,14,8.805755481983441E18,38.46608627584254,0.003396385496159361,0.0,31.930320998342005,0.0,214.60000000000372,332.616935483871,558.6719743622162,100.0,0.0,6.116935483870968,100.0,0.0,80.0,275.0,1188.916813713398,0.03838101581007299,100.0,1.0,5.591305896173872
109,2028,8,15,3.6912901621011497E18,39.508880487903966,0.001747128208888831,0.0,31.7696352391019,0.0,130.50000000000003,333.741935483871,546.4615837168475,100.0,0.0,5.741935483870968,100.0,0.0,80.0,275.0,1171.9546777037158,0.022723777926213478,100.0,1.0,5.742883090291913
110,2028,8,15,4.565563823161268E18,39.19367817326155,0.008054982478324087,0.0,37.204334870870085,0.0,324.79999999999393,333.15524193548384,659.2746969363968,100.0,0.0,5.155241935483871,100.0,0.0,80.0,275.0,1111.0535846165317,0.05701179920075618,100.0,1.0,5.697066301245338
114,2028,8,15,5.836111949060572E18,38.49582170159489,0.005360364683902646,0.0,31.969776960138162,0.0,275.50000000000006,334.0493951612903,564.8854218415197,100.0,0.0,6.049395161290323,100.0,0.0,80.0,275.0,1200.021431075022,0.049234865690434296,100.0,1.0,5.595628141492548
115,2028,8,15,7.810180881598322E18,38.55122803802478,0.002095574610194541,0.0,33.61580643291009,0.0,156.60000000000295,328.06149193548384,605.7236174129041,100.0,0.0,6.061491935483871,100.0,0.0,80.0,275.0,1194.4238526128702,0.027945912138568126,100.0,1.0,5.603681827363919
116,2028,8,15,4.5339596344121354E18,38.89689227762902,0.0015638289440315467,0.0,35.6440942898349,0.0,98.60000000000124,334.05141129032256,663.7249368116907,100.0,0.0,6.051411290322581,100.0,0.0,80.0,275.0,1196.5654619091856,0.017439208068930248,100.0,1.0,5.65392646330468
102,2028,8,15,7.551686037947802E18,39.376700005861466,0.0022855961489691955,0.0,27.713472631829926,0.0,203.00000000000003,333.976814516129,466.5608956468534,100.0,0.0,5.976814516129032,100.0,0.0,80.0,275.0,1215.2367200467556,0.035466756191168756,100.0,1.0,5.723669762913
103,2028,8,15,3.8076780415005327E18,39.82435279942441,0.001970410733608484,0.0,33.767214730109615,0.0,237.79999999999603,333.65020161290323,597.756285646068,100.0,0.0,5.650201612903226,100.0,0.0,80.0,275.0,1171.4132714233526,0.04107975758733272,100.0,1.0,5.78873912521148
105,2028,8,15,8.00272729626966E18,38.99205208474273,0.0019165421787383625,0.0,31.493518470495086,0.0,205.8999999999964,334.09475806451616,549.3380643754583,100.0,0.0,6.094758064516129,100.0,0.0,80.0,275.0,1192.98628159983,0.03632829396457791,100.0,1.0,5.667758585106151
100,2028,8,15,8.160192525120971E18,40.20494410994576,0.00897325048085301,0.0,39.622306452052925,0.0,121.80000000000199,327.23790322580646,757.5768815480225,100.0,0.0,5.237903225806452,100.0,0.0,80.0,275.0,1153.068546801196,0.020841672828619474,100.0,1.0,5.844060647221563
112,2028,8,16,7.785515223895154E18,39.4728185116706,0.002544881021228875,0.0,35.42729135762124,0.0,327.70000000000607,341.18548387096774,642.7268269681725,100.0,0.0,5.685483870967742,100.0,0.0,80.0,275.0,1170.4058430767338,0.057114062452433834,100.0,1.0,5.737641238056279
104,2028,8,16,1.8191142937400033E18,39.77671837719185,0.0018819736746755488,0.0,35.15016127998752,0.0,179.79999999999842,334.59879032258067,629.8152179585788,100.0,0.0,5.098790322580645,100.0,0.0,80.0,275.0,1160.9354584051227,0.031097500639013755,100.0,1.0,5.781815139652353
117,2028,8,16,5.392312879540745E18,39.43021650684449,0.0016285391072328544,0.0,42.917426967013654,0.0,327.70000000000607,340.68548387096774,860.0709900388812,100.0,0.0,5.185483870967742,100.0,0.0,80.0,275.0,1142.7836189902177,0.05717577080150711,100.0,1.0,5.731448748415792
118,2028,8,16,6.784113119771871E18,39.28694719571852,0.001965232255990587,0.0,37.667146321104006,0.0,127.60000000000228,340.1875,716.6012745896414,100.0,0.0,4.6875,100.0,0.0,80.0,275.0,1184.246646612722,0.022344319864082297,100.0,1.0,5.710623584704172
113,2028,8,17,1.9062697412338442E18,40.06182018090156,0.0026930523652019967,0.0,34.27402550785317,0.0,133.3999999999976,348.4092741935484,618.6492178271276,100.0,0.0,5.409274193548387,100.0,0.0,80.0,275.0,1185.2674581645756,0.02290814381054859,100.0,1.0,5.823256615779165
110,2029,2,22,4.565563823161268E18,47.698354801270895,0.7519583902954831,0.0,48.972875585404815,0.0,86.73689516129033,258.03326612903226,1093.330183506105,100.0,1.5776209677419355,6.533266129032258,100.0,0.0,96.0,812.7381582216201,1125.5910118518802,0.013056806659436865,89.31451612903226,1.0,6.643040478707009
108,2029,2,22,1.4244601342993418E18,46.962818717828576,1.1039034340554956,0.0,45.83046446526542,0.0,83.92459677419399,258.8578629032258,996.4074945780549,100.0,1.497983870967742,7.357862903225806,100.0,0.06048387096774194,96.0,815.120153861731,1163.9658849727184,0.012834267833091603,89.31451612903226,1.0,6.539102803963978
117,2029,2,22,5.392312879540745E18,46.388660856034576,0.582011137999602,0.0,50.709835406192624,0.0,84.00645161290366,258.38004032258067,1197.2479764048915,100.0,1.4949596774193548,6.880040322580645,100.0,0.02217741935483871,96.0,813.5489677295466,1157.8684861385677,0.01269636567697257,89.31451612903226,1.0,6.616574675796112
116,2029,2,23,4.5339596344121354E18,47.42025147793764,1.1028073948642647,0.0,34.54045845634063,0.0,80.93689516128882,259.9405241935484,775.4363208144414,100.0,1.465725806451613,6.940524193548387,100.0,0.0,96.0,807.0325170664004,1460.433434740177,0.01196843226907915,89.31451612903226,1.0,6.762531076888994
104,2029,2,24,1.8191142937400033E18,48.179146334460206,0.7519583902954831,0.0,48.98992353073502,0.0,87.00000000000001,261.0766129032258,1080.165504119937,100.0,1.407258064516129,6.576612903225806,100.0,0.0,96.0,618.2641764325415,1116.1558799372428,0.012661822211170116,89.31451612903226,1.0,6.87104893348207
107,2029,2,27,3.8962303467200983E18,49.85074297000111,0.00897325048085301,0.0,56.217026625907394,0.0,98.60000000000124,264.4375,1403.3396549724632,100.0,0.0,5.4375,100.0,0.0,96.0,618.5782876358919,1092.4375961246262,0.013573853193599876,100.0,1.0,7.263965404200151
109,2029,2,28,3.6912901621011497E18,50.8711148808072,0.005265992066228311,0.0,47.13195175424078,0.0,124.699999999998,265.7096774193548,1039.3753211292153,100.0,0.0,5.209677419354839,100.0,0.0,96.0,617.3433258474113,1165.2533652497812,0.016822597966067963,100.0,1.0,7.4126481683461884
111,2029,2,28,3.1962213724053494E18,50.57076560712646,0.00897325048085301,0.0,55.81061339846399,0.0,92.80000000000169,265.71875,1434.37392379157,100.0,0.0,5.21875,100.0,0.0,96.0,614.5573780920034,1135.1649078607543,0.012593496211738242,100.0,1.0,7.368882988467012
118,2029,2,28,6.784113119771871E18,50.760288150063325,0.00897325048085301,0.0,57.6321504696918,0.0,92.80000000000169,265.5806451612903,1501.533348666962,100.0,0.0,5.080645161290323,100.0,0.0,96.0,616.8520254901347,1103.4530449026854,0.012546476158986429,100.0,1.0,7.396499130437799
102,2029,3,1,7.551686037947802E18,51.71575308250243,0.00897325048085301,0.0,47.310834743745794,0.0,92.80000000000169,264.71774193548384,1134.992945961691,100.0,0.0,2.717741935483871,100.0,0.0,96.0,821.6510437313724,1263.6531839687088,0.012314676034632249,100.0,1.0,7.535724020593203
106,2029,3,1,4.4904735328533463E18,51.60529146517341,0.00897325048085301,0.0,51.569052781487365,0.0,98.60000000000124,265.4657258064516,1302.365229508867,100.0,0.0,3.465725806451613,100.0,0.0,96.0,620.2938658562978,1222.7256072230084,0.013112350448080165,100.0,1.0,7.519628184925282
119,2029,3,1,8.805755481983441E18,51.21213621414072,0.00897325048085301,0.0,55.626338907287156,0.0,75.40000000000018,266.90725806451616,1403.7743413544656,100.0,0.0,4.907258064516129,100.0,0.0,96.0,617.8343011781209,1119.2546180211189,0.010104069438315646,100.0,1.0,7.462339848346232
113,2029,3,2,1.9062697412338442E18,51.60271575799017,0.00443780933771168,0.0,48.58942920121016,0.0,69.59999999999933,267.0836693548387,1110.3604455121906,100.0,0.0,3.5836693548387095,100.0,0.0,96.0,812.640675992481,1174.260205910869,0.009256238781377827,100.0,1.0,7.519252867592845
101,2029,3,2,3.1672676456999844E18,51.8929523445108,0.00897325048085301,0.0,56.2713916180627,0.0,75.40000000000018,267.0665322580645,1443.6590200093292,100.0,0.0,3.566532258064516,100.0,0.0,96.0,617.1834356668897,1121.5311525428422,0.009971507825510985,100.0,1.0,7.56154448448586
100,2029,3,2,8.160192525120971E18,51.46595923861984,0.00897325048085301,0.0,55.05735422815777,0.0,78.30000000000146,267.1774193548387,1330.5704979279933,100.0,0.0,3.6774193548387095,100.0,0.0,96.0,606.7617805222297,1085.5986982767663,0.01044093900368329,100.0,1.0,7.499325489056039
115,2029,3,3,7.810180881598322E18,51.81951529354239,0.00897325048085301,0.0,59.62961713925294,0.0,133.3999999999976,267.96975806451616,1580.9151047755277,100.0,0.0,2.969758064516129,100.0,0.0,96.0,616.5084528759287,1069.8266060609394,0.017666900025838338,100.0,1.0,7.550843657059038
112,2029,3,4,7.785515223895154E18,52.29348862390895,0.004727739979374625,0.0,56.56395725691686,0.0,153.69999999999987,267.81854838709677,1336.093311218485,100.0,0.0,1.3185483870967742,100.0,0.0,96.0,617.3709625087212,1025.529601487945,0.020170846300859788,100.0,1.0,7.619908342341014
105,2029,3,4,8.00272729626966E18,52.01438599966795,0.00897325048085301,0.0,56.52160094805466,0.0,136.30000000000163,268.31451612903226,1391.0790858744297,100.0,0.0,1.814516129032258,100.0,0.0,96.0,615.7881995248491,1069.5641687678728,0.017983335550067373,100.0,1.0,7.579239102808766
114,2029,3,5,5.836111949060572E18,52.721407465781084,0.027817076490644375,0.0,54.66912369124257,0.0,139.19999999999865,268.47983870967744,1377.9430023473064,100.0,0.0,0.4798387096774194,100.0,0.0,96.0,603.3821574401711,1141.5452137762902,0.018119662648746343,100.0,1.0,7.682262230728096
103,2029,3,6,3.8076780415005327E18,53.30537814485568,0.04666090250043583,0.0,54.954638882277266,0.0,49.300000000000615,269.73891129032256,1276.0422806098393,100.0,0.0,0.23891129032258066,100.0,0.0,96.0,611.4566581328808,1044.7323379040831,0.006347076882447518,100.0,1.0,7.7673551011075626
104,2029,8,13,1.8191142937400033E18,39.65219244406971,0.0018418001807990632,0.0,36.85337238926354,0.0,90.86471774193464,311.24495967741933,655.7086103966479,100.0,0.2439516129032258,5.744959677419355,100.0,0.12096774193548387,80.0,275.0,1114.5087603331833,0.01605844735168217,86.08870967741935,1.0,5.658375044111365
116,2029,8,14,4.5339596344121354E18,39.665230490450476,0.002412164107756193,0.0,36.76867756877644,0.0,130.50000000000003,318.8931451612903,700.8155416575676,100.0,0.07459677419354839,5.893145161290323,100.0,0.0,80.0,275.0,1203.8005319106912,0.02263420671503681,96.9758064516129,1.0,5.765609621003578
110,2029,8,15,4.565563823161268E18,40.071195547953664,0.001798967618454898,0.0,40.130234515269834,0.0,195.3524193548364,325.84173387096774,749.474677413354,100.0,0.15826612903225806,5.341733870967742,100.0,0.06048387096774194,80.0,275.0,1114.093982486849,0.033830308035657994,96.9758064516129,1.0,5.774479474113273
111,2029,8,15,3.1962213724053494E18,38.409306340242374,0.00897325048085301,0.0,38.74773811426961,0.0,203.00000000000003,332.1421370967742,740.328814334875,100.0,0.0,5.642137096774194,100.0,0.0,80.0,275.0,1168.738253188008,0.03636003749584692,100.0,1.0,5.583052548369536
113,2029,8,15,1.9062697412338442E18,38.22473104110559,0.002788455711887199,0.0,27.984233818973767,0.0,261.00000000000006,332.5282258064516,462.55653135578495,100.0,0.0,6.028225806451613,100.0,0.0,80.0,275.0,1188.5413342338804,0.04697435413502237,100.0,1.0,5.556223279830215
117,2029,8,15,5.392312879540745E18,39.77443249068683,0.0022399526911764953,0.0,42.83498933281397,0.0,240.70000000000417,320.0,872.5643335001157,100.0,0.0030241935483870967,5.5,100.0,0.0,80.0,479.622808069569,1163.0702112606368,0.04163291760747483,99.69758064516128,1.0,5.781482870582881
109,2029,8,16,3.6912901621011497E18,39.24370464326301,0.002519160718936834,0.0,31.252076444053653,0.0,290.00000000000006,327.87298387096774,530.7239642608563,100.0,0.0,5.872983870967742,100.0,0.0,80.0,275.0,1165.8285872192978,0.05083850232124979,100.0,1.0,5.7043379871319315
112,2029,8,16,7.785515223895154E18,38.93283323189804,0.006248781671903228,0.0,33.67569575059242,0.0,324.79999999999393,333.8084677419355,591.2970923689979,100.0,0.0,5.808467741935484,100.0,0.0,80.0,275.0,1162.6321435533,0.05739377087312255,100.0,1.0,5.659150724178979
102,2029,8,16,7.551686037947802E18,39.39062126618446,0.001456696506631991,0.0,29.972809307257695,0.0,182.70000000000175,333.77620967741933,528.7322209893936,100.0,0.0,5.776209677419355,100.0,0.0,80.0,275.0,1233.7961921291617,0.03190879951740283,100.0,1.0,5.725693312290187
105,2029,8,16,8.00272729626966E18,38.42851478511623,0.0022014844163034965,0.0,31.522077522054566,0.0,318.99999999999994,334.0756048387097,560.0979013026739,100.0,0.0,6.075604838709677,100.0,0.0,80.0,275.0,1214.5831065630741,0.05710864182060605,100.0,1.0,5.58584462579353
108,2029,8,16,1.4244601342993418E18,40.701589386560755,0.0021415872269339047,0.0,41.369417848507055,0.0,110.19999999999813,332.4445564516129,788.45432709658,100.0,0.2590725806451613,4.444556451612903,100.0,0.0,80.0,275.0,1109.5454878381488,0.018973190127478428,86.08870967741935,1.0,5.808195630759956
118,2029,8,16,6.784113119771871E18,38.89127758231205,0.0019592249958194376,0.0,37.70197964817297,0.0,272.60000000000326,334.13104838709677,729.1411123950522,100.0,0.0,6.131048387096774,100.0,0.0,80.0,275.0,1203.192774131346,0.04822124177987592,100.0,1.0,5.653110329352134
115,2029,8,17,7.810180881598322E18,39.55262542378919,0.001476835168013993,0.0,38.24597805450281,0.0,281.29999999999484,341.0725806451613,750.0074201463352,100.0,0.0,5.57258064516129,100.0,0.0,80.0,275.0,1209.398958793434,0.04892819158722502,100.0,1.0,5.749241712694758
101,2029,8,17,3.1672676456999844E18,39.74899917708505,0.001984354374359358,0.0,35.785870785749296,0.0,174.00000000000003,335.47479838709677,680.8562326964029,100.0,0.0,5.974798387096774,100.0,0.0,80.0,275.0,1220.3440272920238,0.030115341934210883,100.0,1.0,5.777785966372737
107,2029,8,17,3.8962303467200983E18,39.43769099028787,0.005180860554765022,0.0,39.19440405128891,0.0,147.89999999999725,340.4858870967742,749.4710444288554,100.0,0.0,4.985887096774194,100.0,0.0,80.0,275.0,1161.4390763570273,0.025800103174069,100.0,1.0,5.7325352151555595
119,2029,8,17,8.805755481983441E18,39.72664683986429,0.0029190795318324793,0.0,37.03120302819226,0.0,327.70000000000607,341.41733870967744,707.6004662065524,100.0,0.0,5.917338709677419,100.0,0.0,80.0,275.0,1202.176113779293,0.05674913945636296,100.0,1.0,5.774536902925017
114,2029,8,18,5.836111949060572E18,39.26994561932418,0.002597930075522017,0.0,33.701887671221755,0.0,237.79999999999603,348.40423387096774,631.4069460348766,100.0,0.0,5.404233870967742,100.0,0.0,80.0,275.0,1240.64870631484,0.041659715420327204,100.0,1.0,5.708152290545059
103,2029,8,18,3.8076780415005327E18,39.21817294517236,0.0025348165200149713,0.0,30.987360596436893,0.0,330.5999999999986,347.78024193548384,528.2022596244449,100.0,0.0,4.780241935483871,100.0,0.0,80.0,271.36999999999676,1175.0634947072924,0.05799362291876148,100.0,1.0,5.700626782070661
106,2029,8,18,4.4904735328533463E18,40.480292038190626,0.0017946500961706082,0.0,38.82650025242511,0.0,275.50000000000006,341.64012096774195,767.7552008467443,100.0,0.0,4.640120967741935,100.0,0.0,80.0,275.0,1208.1200768639485,0.04682121881267051,100.0,1.0,5.884084331556223
100,2029,8,18,8.160192525120971E18,39.166729431799844,0.0020790663764719765,0.0,32.29022405516152,0.0,307.39999999999975,348.68649193548384,580.7931343147043,100.0,0.0,5.686491935483871,100.0,0.0,80.0,275.0,1216.2420532481037,0.05399472129679555,100.0,1.0,5.693149119342583
111,2030,2,23,3.1962213724053494E18,46.6238483648253,0.7564450155359072,0.0,48.1926088581137,0.0,78.37893145161436,258.34173387096774,1091.997765397935,100.0,1.2721774193548387,6.841733870967742,100.0,0.0,96.0,622.3976340052194,1165.110004167419,0.011789467531321748,89.31451612903226,1.0,6.648216405310978
114,2030,2,27,5.836111949060572E18,49.38630935596294,0.00897325048085301,0.0,49.31754260518047,0.0,72.49999999999999,263.07762096774195,1182.88081210288,100.0,0.0,5.577620967741935,100.0,0.0,96.0,609.130642384863,1215.0911646024874,0.010074634571732142,100.0,1.0,7.196290791868891
112,2030,2,28,7.785515223895154E18,49.98418353784404,0.00897325048085301,0.0,54.26008542477804,0.0,121.80000000000199,265.0272177419355,1278.830215872258,100.0,0.0,6.027217741935484,100.0,0.0,96.0,612.713870887683,1077.402285259842,0.016722937012831784,100.0,1.0,7.28340960122871
106,2030,2,28,4.4904735328533463E18,50.46637210820328,0.00897325048085301,0.0,52.1024787427636,0.0,75.40000000000018,264.15120967741933,1329.3932344275277,100.0,0.0,5.151209677419355,100.0,0.0,96.0,617.1558759314931,1221.6024184264381,0.01025338178228284,100.0,1.0,7.353671364338189
102,2030,3,1,7.551686037947802E18,50.97759177938549,0.005162974960214623,0.0,46.07350673999106,0.0,87.00000000000001,265.601814516129,1098.8812747734555,100.0,0.0,5.101814516129032,100.0,0.0,96.0,825.7149292964025,1285.6220080591877,0.011712181817322604,100.0,1.0,7.428163373567586
108,2030,3,1,1.4244601342993418E18,50.465029992206475,0.005700921525319596,0.0,55.462851584291066,0.0,98.60000000000124,265.84979838709677,1353.0250939600724,100.0,0.0,5.349798387096774,100.0,0.0,96.0,606.2187012647144,1085.9707193492434,0.013408625077032056,100.0,1.0,7.353475798864378
109,2030,3,2,3.6912901621011497E18,51.304496907460575,0.00897325048085301,0.0,55.35237419589742,0.0,95.69999999999828,266.116935483871,1318.1464211698903,100.0,0.0,4.116935483870968,100.0,0.0,96.0,612.9542041870302,1062.8662239514913,0.012801308763771058,100.0,1.0,7.475798120801408
103,2030,3,2,3.8076780415005327E18,51.28427317294557,0.005693686853333158,0.0,50.31330152295445,0.0,92.80000000000169,266.53326612903226,1161.9160155984252,100.0,0.0,4.533266129032258,100.0,0.0,96.0,820.1195321635165,1146.8719044652692,0.0124182854839409,100.0,1.0,7.472851233772082
104,2030,3,2,1.8191142937400033E18,51.230134395809586,0.004850405665325956,0.0,55.0049661082537,0.0,63.800000000001134,267.43548387096774,1349.7665178298669,100.0,0.0,5.435483870967742,100.0,0.0,96.0,613.908489551407,1103.6832902888316,0.008546593570730955,100.0,1.0,7.464962440532267
105,2030,3,2,8.00272729626966E18,51.27374243071251,0.00897325048085301,0.0,53.8871500737494,0.0,110.19999999999813,266.2288306451613,1268.444092461267,100.0,0.0,4.22883064516129,100.0,0.0,96.0,603.6197937619395,1085.0477251519494,0.014749742732859446,100.0,1.0,7.471316754189536
117,2030,3,2,5.392312879540745E18,51.31086800522236,0.00897325048085301,0.0,62.00286775442346,0.0,89.89999999999921,265.4516129032258,1646.7393872943292,100.0,0.0,3.4516129032258065,100.0,0.0,96.0,612.7079343229234,1008.4660848678618,0.012023978706634375,100.0,1.0,7.476726480760965
119,2030,3,2,8.805755481983441E18,51.43484480133944,0.00897325048085301,0.0,58.16527705107375,0.0,92.80000000000169,266.5070564516129,1507.5327128299,100.0,0.0,4.507056451612903,100.0,0.0,96.0,606.7506165875315,1083.8527794965569,0.01238193188990561,100.0,1.0,7.4947916710523215
110,2030,3,3,4.565563823161268E18,51.646327907940496,0.00897325048085301,0.0,60.021357193252115,0.0,98.60000000000124,268.085685483871,1522.0250454744155,100.0,0.0,4.585685483870968,100.0,0.0,96.0,608.4053687975857,1013.3463475494574,0.013101931813484059,100.0,1.0,7.525607780871329
113,2030,3,3,1.9062697412338442E18,51.888395667485206,0.37187727175612606,0.0,48.44291546799515,0.0,95.69999999999828,265.9758064516129,1141.9150983978493,100.0,0.0,2.475806451612903,100.0,0.0,96.0,808.8810390954314,1214.67110652128,0.012657255970893132,100.0,1.0,7.560880511547828
115,2030,3,3,7.810180881598322E18,51.281910779953,0.00897325048085301,0.0,56.03945985871986,0.0,69.59999999999933,268.62701612903226,1457.9255275753828,100.0,0.0,5.127016129032258,100.0,0.0,96.0,606.4067113734393,1142.8816036670175,0.009314143165863587,100.0,1.0,7.47250699936457
116,2030,3,3,4.5339596344121354E18,52.2236634574911,0.00897325048085301,0.0,56.71723548739175,0.0,87.00000000000001,267.3719758064516,1530.0758517799272,100.0,0.0,3.871975806451613,100.0,0.0,96.0,622.8399110974246,1167.3605271154388,0.011432725779864213,100.0,1.0,7.60973381809157
101,2030,3,3,3.1672676456999844E18,51.510023543558916,0.00897325048085301,0.0,55.900668808819276,0.0,104.39999999999851,266.53729838709677,1401.0675102606383,100.0,0.0,3.037298387096774,100.0,0.0,96.0,616.1532296436698,1104.964721522015,0.013909343054937795,100.0,1.0,7.5057462877757315
118,2030,3,3,6.784113119771871E18,51.3264846829007,0.00552540054239718,0.0,59.43449283650354,0.0,107.30000000000186,266.77520161290323,1570.2385711012078,100.0,0.0,3.275201612903226,100.0,0.0,96.0,607.692807105709,1071.4531995513312,0.014346833872785,100.0,1.0,7.479002053794106
107,2030,3,4,3.8962303467200983E18,51.92520218624815,0.0035664747539161422,0.0,57.1380997533,0.0,87.00000000000001,267.7641129032258,1437.3301246477536,100.0,0.0,2.7641129032258065,100.0,0.0,96.0,609.7969031612912,1077.8693910488644,0.01149844003279657,100.0,1.0,7.566243747139018
100,2030,3,5,8.160192525120971E18,51.936235469986315,0.012748431022293468,0.0,55.00842189023022,0.0,55.099999999999056,267.9032258064516,1270.1977686097455,100.0,0.0,1.403225806451613,100.0,0.0,96.0,611.7491857415266,1038.1316326951028,0.007280798299685734,100.0,1.0,7.567851454198006
111,2030,8,14,3.1962213724053494E18,39.80881763680713,0.00897325048085301,0.0,40.69312082969171,0.0,115.95907258064517,318.78629032258067,782.4137025889494,100.0,0.11895161290322581,5.786290322580645,100.0,0.028225806451612902,80.0,275.0,1138.4620519689608,0.020076987999421234,96.9758064516129,1.0,5.775720570435563
114,2030,8,15,5.836111949060572E18,39.69054330387487,0.0016046585266189177,0.0,35.71208836380948,0.0,321.90000000000083,326.06048387096774,667.6420666294663,100.0,0.0,5.560483870967742,100.0,0.0,80.0,275.0,1200.4197969764439,0.05579543674427068,100.0,1.0,5.769289009697642
116,2030,8,15,4.5339596344121354E18,39.020426506624226,0.0022123398621432546,0.0,38.98132304731359,0.0,292.89999999999856,326.43145161290323,768.0855092954191,100.0,0.0,5.931451612903226,100.0,0.0,80.0,273.309999999998,1200.88089968633,0.05164069851863079,100.0,1.0,5.671882999303871
105,2030,8,15,8.00272729626966E18,38.8456503419332,0.001905958046060537,0.0,32.50624493730454,0.0,272.60000000000326,326.50604838709677,566.2933538177925,100.0,0.0,6.006048387096774,100.0,0.0,80.0,275.0,1174.1104811788346,0.04827788138226872,100.0,1.0,5.646478101255755
108,2030,8,15,1.4244601342993418E18,39.1584954388325,0.00276270027119859,0.0,39.35332258444664,0.0,159.50000000000003,326.4858870967742,743.6094209227413,100.0,0.0,5.985887096774194,100.0,0.0,80.0,275.0,1144.2934013275733,0.028022020023587755,100.0,1.0,5.691952252754786
109,2030,8,16,3.6912901621011497E18,39.41640331483972,0.0028852895436826524,0.0,34.699224097133275,0.0,168.20000000000087,333.72076612903226,620.6085245957912,100.0,0.0,5.720766129032258,100.0,0.0,80.0,275.0,1166.6552983846948,0.02935714020190471,100.0,1.0,5.729440907499837
110,2030,8,16,4.565563823161268E18,39.004729484211246,0.0015842603250093646,0.0,38.57711672819449,0.0,287.10000000000196,333.9233870967742,713.2567020135239,100.0,0.0,5.923387096774194,100.0,0.0,80.0,275.0,1134.3044590897475,0.0506384811284101,100.0,1.0,5.669601330892368
112,2030,8,16,7.785515223895154E18,38.424735084691456,0.0025362494292970666,0.0,32.70269492493164,0.0,243.60000000000397,334.22076612903226,572.5749571508445,100.0,0.0,6.220766129032258,100.0,0.0,80.0,275.0,1176.7997367055996,0.043614525351211124,100.0,1.0,5.585295220763867
101,2030,8,16,3.1672676456999844E18,39.216278895779666,0.003234769459572113,0.0,35.118656840115506,0.0,324.79999999999393,333.88709677419354,655.1198994939994,100.0,0.0,5.887096774193548,100.0,0.0,80.0,275.0,1209.086092913928,0.05697894274700075,100.0,1.0,5.700351469176579
104,2030,8,16,1.8191142937400033E18,39.28930395893144,0.0023477892414581537,0.0,36.75159812583743,0.0,324.79999999999393,333.63608870967744,676.5630694153792,100.0,0.0,5.636088709677419,100.0,0.0,80.0,275.0,1163.017223918764,0.05687303883745925,100.0,1.0,5.710966156182698
107,2030,8,16,3.8962303467200983E18,37.974914360406046,0.0023343523623446964,0.0,34.930388379470415,0.0,324.79999999999393,340.6602822580645,641.4314664619249,100.0,0.0,6.660282258064516,100.0,0.0,80.0,275.0,1193.5182485507632,0.058841531247343905,100.0,1.0,5.519910735067
117,2030,8,16,5.392312879540745E18,39.896903420589446,0.0029115024272722257,0.0,43.03559340090448,0.0,261.00000000000006,327.4909274193548,859.8128425464428,100.0,0.0,5.490927419354839,100.0,0.0,80.0,275.0,1136.4751763982813,0.04500554927062937,100.0,1.0,5.799284848864819
113,2030,8,17,1.9062697412338442E18,39.42256784363322,0.0017968062636870338,0.0,32.40913517765176,0.0,185.60000000000338,341.41229838709677,579.2305920153995,100.0,0.0,5.912298387096774,100.0,0.0,80.0,275.0,1206.8091446293736,0.0323890202588835,100.0,1.0,5.7303369634682895
102,2030,8,17,7.551686037947802E18,39.70395523887842,0.004016674342369307,0.0,32.966147813066854,0.0,327.70000000000607,335.00504032258067,597.1129716487544,100.0,0.0,5.505040322580645,100.0,0.0,80.0,275.0,1212.7440450080862,0.0567815727195251,100.0,1.0,5.771238525193615
103,2030,8,17,3.8076780415005327E18,39.3860700596994,0.0025608591554945785,0.0,31.210708972415166,0.0,249.39999999999603,341.15725806451616,534.6789875477175,100.0,0.0,5.657258064516129,100.0,0.0,80.0,275.0,1177.0275432306453,0.043563077079183575,100.0,1.0,5.725031763634776
118,2030,8,17,6.784113119771871E18,38.56246571533211,0.00897325048085301,0.0,37.72012371233162,0.0,327.70000000000607,341.20262096774195,732.5593237927868,100.0,0.0,5.702620967741935,100.0,0.0,80.0,275.0,1208.2484384218567,0.05846236696303352,100.0,1.0,5.605315299793025
119,2030,8,17,8.805755481983441E18,39.862966673027756,0.0016561924106410159,0.0,39.412470133718756,0.0,321.90000000000083,340.7631048387097,765.6496793573966,100.0,0.0,5.263104838709677,100.0,0.0,80.0,275.0,1175.2926685492341,0.05555409903185912,100.0,1.0,5.794351912995616
106,2030,8,18,4.4904735328533463E18,40.09410495402715,0.004381469961354024,0.0,37.079233723304995,0.0,234.8999999999961,342.3346774193548,729.3235904771507,100.0,0.0,5.334677419354839,100.0,0.0,80.0,275.0,1236.2987898905967,0.04030577186421132,100.0,1.0,5.82794942598707
100,2030,8,18,8.160192525120971E18,38.853656553386436,0.0023126934229002593,0.0,27.905543849750373,0.0,330.5999999999986,354.35584677419354,470.68389311712684,100.0,0.0,5.355846774193548,100.0,0.0,80.0,275.0,1214.482821033937,0.058537706231586675,100.0,1.0,5.647641858259359
115,2030,8,20,7.810180881598322E18,40.161932421398404,0.0022266130225441776,0.0,40.304742455763495,0.0,324.79999999999393,355.75201612903226,802.8796058758678,100.0,0.0,3.752016129032258,100.0,0.0,80.0,275.0,1187.3169197086495,0.05563731561787353,100.0,1.0,5.837808607280321
117,2031,2,22,5.392312879540745E18,45.31936071207308,0.7618289658244213,0.0,46.74754863558119,0.0,81.02459677419205,257.0030241935484,1041.8909866532697,100.0,1.3346774193548387,7.003024193548387,100.0,0.15120967741935484,96.0,811.1218893276174,1179.3052912036098,0.012479693088887725,89.31451612903226,1.0,6.492515176221654
114,2031,2,23,5.836111949060572E18,46.38292839909446,0.6814212574458162,0.0,43.900874916557086,0.0,78.18891129032404,258.6340725806452,1014.8492688586017,100.0,1.09375,7.134072580645161,100.0,0.02217741935483871,96.0,625.6309296158305,1286.4219223489144,0.011776338967798066,89.31451612903226,1.0,6.6394922483234
104,2031,2,24,1.8191142937400033E18,46.421854509514354,0.6741849255083393,0.0,47.05150330320837,0.0,66.48366935483752,260.19959677419354,1061.012092143729,100.0,1.438508064516129,7.199596774193548,100.0,0.0,96.0,816.9392531123565,1182.7323035948418,0.010040797376071458,89.31451612903226,1.0,6.621353550394001
105,2031,2,24,8.00272729626966E18,46.111838760569256,0.7618289658244213,0.0,38.19067945603656,0.0,78.30000000000146,260.26209677419354,785.3932726421433,100.0,1.1098790322580645,7.262096774193548,100.0,0.0,96.0,611.3125210046742,1258.6046077743492,0.011910533640876369,89.31451612903226,1.0,6.574012748788995
101,2031,2,25,3.1672676456999844E18,48.29861955536288,0.7618289658244213,0.0,42.46873996878298,0.0,63.449193548388216,261.52923387096774,974.3262275873724,100.0,1.7137096774193548,7.029233870967742,100.0,0.1532258064516129,96.0,817.3843720567908,1301.8792945110115,0.009388975764091211,89.31451612903226,1.0,6.757839741269123
107,2031,2,28,3.8962303467200983E18,50.02713401439854,0.00897325048085301,0.0,50.3024014922701,0.0,95.69999999999828,264.73084677419354,1228.7379605789858,100.0,0.0,5.730846774193548,100.0,0.0,96.0,614.3073533933294,1213.3682985024102,0.01312816971872335,100.0,1.0,7.289668099240922
111,2031,3,1,3.1962213724053494E18,50.21616230122474,0.00897325048085301,0.0,48.720850578681755,0.0,81.19999999999848,265.20262096774195,1195.0885041486958,100.0,0.0,4.702620967741935,100.0,0.0,96.0,610.38494498558,1257.118415219264,0.011097122448705782,100.0,1.0,7.317212221035603
112,2031,3,1,7.785515223895154E18,50.984547221418744,0.00897325048085301,0.0,55.901340672851596,0.0,107.30000000000186,265.1743951612903,1354.2715420058666,100.0,0.0,4.674395161290323,100.0,0.0,96.0,611.630964908796,1067.9086045084837,0.014443053614297246,100.0,1.0,7.4291768808353025
106,2031,3,1,4.4904735328533463E18,50.48396932304824,0.00897325048085301,0.0,46.437883705584646,0.0,72.49999999999999,266.3296370967742,1205.232524494034,100.0,0.0,5.829637096774194,100.0,0.0,96.0,818.5395995092907,1389.403577009621,0.009855584382123628,100.0,1.0,7.356235529929893
100,2031,3,1,8.160192525120971E18,50.944862865334386,0.00897325048085301,0.0,42.95399841480613,0.0,89.89999999999921,264.80040322580646,928.8550237399176,100.0,0.0,4.300403225806452,100.0,0.0,96.0,614.6668580026482,1232.938248772617,0.012110363039833285,100.0,1.0,7.4233943032344305
109,2031,3,2,3.6912901621011497E18,51.477479085667156,0.00897325048085301,0.0,59.21252782737657,0.0,133.3999999999976,265.69254032258067,1451.351887935519,100.0,0.0,3.692540322580645,100.0,0.0,96.0,611.2983822990333,999.4541916380364,0.017784285717544267,100.0,1.0,7.501004095340076
108,2031,3,2,1.4244601342993418E18,51.61630530874422,0.005379646571254804,0.0,60.714684371785935,0.0,63.800000000001134,265.4899193548387,1529.1970033254408,100.0,0.0,3.4899193548387095,100.0,0.0,96.0,616.1998685543557,988.9922647142937,0.008482651647302912,100.0,1.0,7.521233059274168
118,2031,3,2,6.784113119771871E18,51.490495403137665,0.00897325048085301,0.0,57.97720441302435,0.0,95.69999999999828,266.83770161290323,1540.7541456439224,100.0,0.0,4.837701612903226,100.0,0.0,96.0,615.3613532254644,1116.4299747471966,0.01275506675048073,100.0,1.0,7.502900758742905
119,2031,3,2,8.805755481983441E18,51.48944168073312,0.004402968832606993,0.0,54.174941458537816,0.0,81.19999999999848,265.82862903225805,1401.2441842491671,100.0,0.0,3.8286290322580645,100.0,0.0,96.0,819.6689122064291,1184.5902896667446,0.010822702359371153,100.0,1.0,7.5027472163354
113,2031,3,4,1.9062697412338442E18,52.094293892979266,0.004688218642033969,0.0,60.005675619620035,0.0,89.89999999999921,266.87399193548384,1517.852719618829,100.0,0.0,1.873991935483871,100.0,0.0,96.0,609.7000855606747,1011.3894190096436,0.011843154752825385,100.0,1.0,7.590882824405553
116,2031,3,4,4.5339596344121354E18,52.085024827439774,0.004154282630024548,0.0,58.152193220160875,0.0,101.50000000000001,267.2883064516129,1636.3677871161422,100.0,0.0,2.288306451612903,100.0,0.0,96.0,618.4050159699607,1177.1231442795838,0.013373683314133883,100.0,1.0,7.589532189141226
115,2031,3,5,7.810180881598322E18,51.88340201323496,0.027817076490644375,0.0,57.166073571742864,0.0,116.00000000000001,267.8508064516129,1440.3131531723873,100.0,0.0,1.3508064516129032,100.0,0.0,96.0,607.003283064038,1078.100959892232,0.01534360509300211,100.0,1.0,7.560152864785677
103,2031,3,5,3.8076780415005327E18,51.83364184764325,0.027817076490644375,0.0,54.49158002444715,0.0,89.89999999999921,267.7368951612903,1215.5653552358126,100.0,0.0,1.2368951612903225,100.0,0.0,96.0,609.0767575359608,1013.6791845728345,0.011902709559308607,100.0,1.0,7.552902097799422
110,2031,3,6,4.565563823161268E18,51.87179871442933,0.01997470141285781,0.0,59.925161397566605,0.0,101.50000000000001,270.36895161290323,1563.3823100544241,100.0,0.0,2.368951612903226,100.0,0.0,96.0,607.5777202427979,1044.8495165426737,0.013428657665908433,100.0,1.0,7.558462098388273
102,2031,3,7,7.551686037947802E18,51.93064943099751,0.06550472851022719,0.0,53.07895686511122,0.0,118.89999999999799,271.4586693548387,1294.5311069458926,100.0,0.0,1.9586693548387097,100.0,0.0,96.0,613.2523526510159,1143.5379389114858,0.015712886341640607,100.0,1.0,7.567037488516795
114,2031,8,12,5.836111949060572E18,39.239254503154406,0.003137500168130436,0.0,37.989989182835565,0.0,75.40000000000018,304.12600806451616,727.5671108344529,100.0,0.22983870967741934,6.126008064516129,100.0,0.0,80.0,275.0,1178.0701716234776,0.013465688456726365,86.08870967741935,1.0,5.59941663898636
101,2031,8,14,3.1672676456999844E18,39.62287221217804,0.00897325048085301,0.0,38.225188157772976,0.0,150.80000000000035,318.84879032258067,726.7907040789073,100.0,0.028225806451612902,5.848790322580645,100.0,0.0,80.0,275.0,1172.976882427702,0.02618304404176059,97.68145161290323,1.0,5.759452558666678
104,2031,8,14,1.8191142937400033E18,39.79156169032788,0.0031774966291972504,0.0,41.786052715459846,0.0,107.30000000000186,318.44858870967744,803.3586402807604,100.0,0.056451612903225805,5.448588709677419,100.0,0.0,80.0,275.0,1118.2824355729308,0.018551263167230832,96.9758064516129,1.0,5.783972715644389
105,2031,8,14,8.00272729626966E18,39.926639105585835,0.006839367744552624,0.0,33.54545686146625,0.0,92.80000000000169,318.89012096774195,597.6208735262968,100.0,0.18346774193548387,5.890120967741935,100.0,0.0,80.0,275.0,1173.829660039809,0.016288040700711333,86.08870967741935,1.0,5.697431735662898
117,2031,8,14,5.392312879540745E18,39.58099233493078,0.0036655434970804834,0.0,44.09618266371265,0.0,113.10000000000181,318.45362903225805,867.7436681399854,100.0,0.03024193548387097,5.453629032258065,100.0,0.0,80.0,275.0,1098.953115453888,0.019658060858108423,96.9758064516129,1.0,5.753365035155597
113,2031,8,15,1.9062697412338442E18,38.53587711655556,0.0019473199828240106,0.0,36.47824833683133,0.0,203.00000000000003,326.4102822580645,668.3076265434818,100.0,0.0,5.910282258064516,100.0,0.0,80.0,275.0,1162.275511319904,0.03624061324714732,100.0,1.0,5.601450467066232
106,2031,8,15,4.4904735328533463E18,38.42449762248378,0.00897325048085301,0.0,36.78446125477548,0.0,150.80000000000035,326.6350806451613,712.3069400596092,100.0,0.0,6.13508064516129,100.0,0.0,80.0,274.6799999999948,1222.320878671372,0.026999634930437093,100.0,1.0,5.585260704025344
118,2031,8,15,6.784113119771871E18,39.018456276646106,0.0016635614536249577,0.0,40.27471508630278,0.0,214.60000000000372,326.15423387096774,793.5012986099533,100.0,0.0,5.654233870967742,100.0,0.0,80.0,275.0,1175.457234778976,0.03783766982058691,100.0,1.0,5.671596613046268
119,2031,8,15,8.805755481983441E18,39.253402674492264,0.0018748956290959107,0.0,37.49937108918254,0.0,171.10000000000318,332.26915322580646,714.4392317917814,100.0,0.0,5.769153225806452,100.0,0.0,80.0,275.0,1189.5302564799315,0.02998730580952936,100.0,1.0,5.705747661586559
109,2031,8,16,3.6912901621011497E18,39.206602628974494,0.0017144154529715391,0.0,36.2261922695425,0.0,147.89999999999725,334.03125,654.8822730745928,100.0,0.0,6.03125,100.0,0.0,80.0,275.0,1151.1397941334071,0.025952172039117878,100.0,1.0,5.698944958328213
110,2031,8,16,4.565563823161268E18,39.247236611548395,0.002973244029441029,0.0,42.053679397791335,0.0,321.90000000000083,333.6945564516129,828.2765683708188,100.0,0.0,5.694556451612903,100.0,0.0,80.0,275.0,1140.321639633186,0.05642565921712465,100.0,1.0,5.704851382618978
111,2031,8,16,3.1962213724053494E18,39.2294299072076,0.0018448294574122154,0.0,37.30828306251103,0.0,272.60000000000326,333.4969758064516,713.3676260399345,100.0,0.0,5.496975806451613,100.0,0.0,80.0,275.0,1197.623678252805,0.047805581265415543,100.0,1.0,5.702263057665464
112,2031,8,16,7.785515223895154E18,39.14394043915933,0.0032796968131772676,0.0,36.59222034707505,0.0,249.39999999999603,327.62600806451616,664.2412555171348,100.0,0.0,5.626008064516129,100.0,0.0,80.0,275.0,1149.3287558312743,0.0438325418087025,100.0,1.0,5.689836585075251
102,2031,8,16,7.551686037947802E18,38.865250227622006,0.003815157517369478,0.0,30.329615570827205,0.0,324.79999999999393,334.0493951612903,540.1150286801179,100.0,0.0,6.049395161290323,100.0,0.0,80.0,274.8399999999981,1238.4692664146505,0.0574935732271437,100.0,1.0,5.649327077250614
103,2031,8,16,3.8076780415005327E18,38.867118291748376,0.0036358389306535783,0.0,27.598494536656634,0.0,324.79999999999393,334.0,449.94713894454566,100.0,0.0,6.0,100.0,0.0,80.0,275.0,1178.4197170562234,0.05749080992267552,100.0,1.0,5.64959861301043
108,2031,8,16,1.4244601342993418E18,39.82325975627604,0.004477669900625258,0.0,39.28984673267885,0.0,147.89999999999725,333.5342741935484,744.7808046584722,100.0,0.0,5.534274193548387,100.0,0.0,80.0,275.0,1149.949241632238,0.025550306597794836,100.0,1.0,5.78858024399449
100,2031,8,16,8.160192525120971E18,37.88579970768352,0.002507895606722478,0.0,21.924567633682454,0.0,156.60000000000295,340.3840725806452,352.24218972675607,100.0,0.0,6.384072580645161,100.0,0.0,80.0,275.0,1251.4585965144815,0.02843675572106375,100.0,1.0,5.506957317356909
116,2031,8,17,4.5339596344121354E18,38.75275930295335,0.002505095053281134,0.0,40.83856871880144,0.0,327.70000000000607,346.9445564516129,853.1840048536783,100.0,0.0,5.444556451612903,100.0,0.0,80.0,275.0,1234.9982207804724,0.05817529028126082,100.0,1.0,5.63297576025269
107,2031,8,17,3.8962303467200983E18,40.33047549440928,0.004049300758507684,0.0,40.416469601758756,0.0,295.7999999999945,334.88104838709677,794.1660241267357,100.0,0.0,5.381048387096774,100.0,0.0,80.0,275.0,1169.761222309881,0.050457946950688795,100.0,1.0,5.862307483280522
115,2031,8,18,7.810180881598322E18,39.34261411018078,0.0018208706332899784,0.0,32.183460778893654,0.0,327.70000000000607,348.64112903225805,594.1657234678994,100.0,0.0,5.641129032258065,100.0,0.0,80.0,275.0,1250.6051203998131,0.057303081471288195,100.0,1.0,5.718715147355569
102,2032,2,28,7.551686037947802E18,49.71553337585038,0.00897325048085301,0.0,38.95256173892965,0.0,92.80000000000169,264.11391129032256,819.8429942587093,100.0,0.0,5.113911290322581,100.0,0.0,96.0,616.1903967442805,1284.182671799699,0.012810136024959362,100.0,1.0,7.244263434766774
110,2032,2,29,4.565563823161268E18,50.53815183545219,0.008562261909210903,0.0,58.97950133585671,0.0,89.89999999999921,265.7429435483871,1554.6721659714674,100.0,0.0,5.242943548387097,100.0,0.0,96.0,615.5448281044381,1080.8000196944854,0.012207822445159654,100.0,1.0,7.364130696023037
114,2032,2,29,5.836111949060572E18,50.619657160517505,0.00897325048085301,0.0,50.27663171595538,0.0,95.69999999999828,265.93145161290323,1243.4367810469498,100.0,0.0,5.431451612903226,100.0,0.0,96.0,617.9567720816826,1229.2693374196608,0.01297449928986494,100.0,1.0,7.376007186246836
116,2032,2,29,4.5339596344121354E18,51.32206746059729,0.00897325048085301,0.0,57.68166299245623,0.0,87.00000000000001,265.1522177419355,1636.5019268321216,100.0,0.0,4.652217741935484,100.0,0.0,96.0,614.458797084234,1200.3168012078402,0.011633569204666336,100.0,1.0,7.478358401401307
112,2032,3,1,7.785515223895154E18,51.72938864244977,0.0051748849370548125,0.0,58.05112770993618,0.0,98.60000000000124,266.07358870967744,1467.5055085270117,100.0,0.0,4.073588709677419,100.0,0.0,96.0,613.0962098151314,1060.0514222069703,0.013080894331532731,100.0,1.0,7.537710916471257
115,2032,3,1,7.810180881598322E18,50.91927156777396,0.00897325048085301,0.0,51.49435503845779,0.0,69.59999999999933,266.52016129032256,1241.2723761683287,100.0,0.0,4.520161290322581,100.0,0.0,96.0,614.8150855605394,1168.6370286209772,0.009380477059413018,100.0,1.0,7.419665285589914
103,2032,3,1,3.8076780415005327E18,51.37603032671644,0.38162030781438694,0.0,44.3571190287326,0.0,87.00000000000001,265.9274193548387,973.2431476719032,100.0,0.0,3.9274193548387095,100.0,0.0,96.0,832.2765498616499,1220.3083373682748,0.01162134987332662,100.0,1.0,7.4862215618929815
104,2032,3,1,1.8191142937400033E18,50.98402580887931,0.00897325048085301,0.0,54.93051200876018,0.0,133.3999999999976,266.7903225806452,1345.1415345681166,100.0,0.0,4.790322580645161,100.0,0.0,96.0,615.1424056857829,1103.1611445688081,0.01795641245574164,100.0,1.0,7.429100903579565
106,2032,3,1,4.4904735328533463E18,51.36448180424809,0.005708174606140603,0.0,49.45373909720234,0.0,101.50000000000001,266.45362903225805,1295.962483124352,100.0,0.0,4.453629032258065,100.0,0.0,96.0,608.9200530073022,1324.0604121054184,0.013561289883262702,100.0,1.0,7.4845387771904335
108,2032,3,1,1.4244601342993418E18,51.46399287307967,0.006240090737728125,0.0,55.34381397663119,0.0,89.89999999999921,266.47479838709677,1289.6220431692,100.0,0.0,4.474798387096774,100.0,0.0,96.0,614.9588172413545,1040.1585899023285,0.011988202816584142,100.0,1.0,7.499038961505897
100,2032,3,1,8.160192525120971E18,51.127602732331255,0.00897325048085301,0.0,40.33551483272304,0.0,78.30000000000146,266.1804435483871,866.0919358251223,100.0,0.0,4.180443548387097,100.0,0.0,96.0,609.7850590409937,1280.5306554444476,0.010510035919143094,100.0,1.0,7.450022112425419
117,2032,3,1,5.392312879540745E18,51.19102217879025,0.006240090737728125,0.0,60.600366203150955,0.0,95.69999999999828,266.5796370967742,1590.1089385281944,100.0,0.0,4.579637096774194,100.0,0.0,96.0,608.4005856425098,1033.4731885094484,0.012829685322330904,100.0,1.0,7.45926323176658
113,2032,3,2,1.9062697412338442E18,51.701730160051916,0.00897325048085301,0.0,51.65224480665536,0.0,78.30000000000146,267.58870967741933,1204.6243812535301,100.0,0.0,4.088709677419355,100.0,0.0,96.0,606.215091468232,1127.098960800034,0.010393326093981957,100.0,1.0,7.533680680464695
101,2032,3,2,3.1672676456999844E18,51.64624932894109,0.00897325048085301,0.0,55.30572198905066,0.0,81.19999999999848,267.48487903225805,1387.6300769825355,100.0,0.0,3.9848790322580645,100.0,0.0,96.0,605.414793538005,1120.9143490451786,0.010789842615899402,100.0,1.0,7.525596330788551
105,2032,3,2,8.00272729626966E18,51.68664684122334,0.00897325048085301,0.0,53.622829541832814,0.0,87.00000000000001,267.4334677419355,1322.8564266584349,100.0,0.0,3.933467741935484,100.0,0.0,96.0,615.90717289039,1143.5965557597258,0.011551510109826277,100.0,1.0,7.531482825435401
107,2032,3,2,3.8962303467200983E18,51.99604636079783,0.00897325048085301,0.0,55.870320293093265,0.0,87.00000000000001,266.0282258064516,1408.51294135629,100.0,0.0,2.528225806451613,100.0,0.0,96.0,611.0570684182356,1112.2445328274312,0.011482773505247913,100.0,1.0,7.576566755430545
118,2032,3,2,6.784113119771871E18,51.90903798467735,0.00897325048085301,0.0,53.43070214196401,0.0,87.00000000000001,266.6118951612903,1401.6287451711053,100.0,0.0,3.1118951612903225,100.0,0.0,96.0,811.4266869600758,1221.095394591662,0.011502020586581712,100.0,1.0,7.563888392052998
111,2032,3,3,3.1962213724053494E18,51.95435389279389,0.00897325048085301,0.0,53.283174656042654,0.0,110.19999999999813,268.01209677419354,1391.6836363153673,100.0,0.0,3.0120967741935485,100.0,0.0,96.0,609.3637069456863,1219.660112824439,0.01455651842701109,100.0,1.0,7.570491567235672
119,2032,3,3,8.805755481983441E18,51.438049019849366,0.0052908316514463545,0.0,58.44012725633296,0.0,66.6999999999988,267.76512096774195,1505.4856550497066,100.0,0.0,2.7651209677419355,100.0,0.0,96.0,624.5546749177836,1070.093733266388,0.008898959170527045,100.0,1.0,7.495258571463751
109,2032,3,4,3.6912901621011497E18,52.16869564202312,0.027817076490644375,0.0,62.46943540678123,0.0,101.50000000000001,268.460685483871,1612.4339487742454,100.0,0.0,1.9606854838709677,100.0,0.0,96.0,615.8636248826132,968.1755514543244,0.013352233918800104,100.0,1.0,7.601724222123371
114,2032,8,13,5.836111949060572E18,39.66907380409773,0.006231423945036821,0.0,37.98053937783789,0.0,266.79999999999524,318.6491935483871,721.160763535375,100.0,0.0,5.649193548387097,100.0,0.0,80.0,275.0,1176.3801971497717,0.04626989490849323,100.0,1.0,5.7661682726455
110,2032,8,14,4.565563823161268E18,39.12281385700964,0.0026516697638454497,0.0,43.42810657393988,0.0,243.60000000000397,326.0453629032258,866.363408055567,100.0,0.0,5.545362903225806,100.0,0.0,80.0,275.0,1127.5521363183493,0.04283629977613629,100.0,1.0,5.686765693420403
115,2032,8,14,7.810180881598322E18,39.63174047991482,0.00897325048085301,0.0,33.73385536427938,0.0,145.00000000000003,320.3054435483871,610.874637358271,100.0,0.0,5.805443548387097,100.0,0.0,80.0,275.0,1198.3291239657672,0.025170370332487348,100.0,1.0,5.760741621383648
101,2032,8,14,3.1672676456999844E18,39.147281509963825,0.0033382628276983047,0.0,36.689115962758386,0.0,226.20000000000366,325.6149193548387,675.5586664827946,100.0,0.0,5.11491935483871,100.0,0.0,80.0,275.0,1164.1212803265912,0.03975170311360454,100.0,1.0,5.6903222323219005
104,2032,8,14,1.8191142937400033E18,39.39551653505005,0.0025121081973272733,0.0,36.365568029120794,0.0,139.19999999999865,326.2056451612903,665.9272776765423,100.0,0.0,5.705645161290323,100.0,0.0,80.0,275.0,1164.1568134579177,0.024308445367290633,100.0,1.0,5.726404872740472
106,2032,8,14,4.4904735328533463E18,40.35833030163584,0.0018201319433778953,0.0,41.36726611996622,0.0,249.39999999999603,319.616935483871,849.8832824993116,100.0,0.0,5.116935483870968,100.0,0.0,80.0,275.0,1203.6818673674761,0.0425136122588121,100.0,1.0,5.8663563679724975
112,2032,8,15,7.785515223895154E18,39.40848521705129,0.0024082797855214844,0.0,38.38017133976542,0.0,240.70000000000417,333.4284274193548,721.3053896475959,100.0,0.0,5.428427419354839,100.0,0.0,80.0,274.5700000000052,1157.0868612981224,0.04201952096479838,100.0,1.0,5.728289958413597
116,2032,8,15,4.5339596344121354E18,38.45865852060165,0.0032893146923948123,0.0,41.180030608987565,0.0,162.399999999997,328.01108870967744,857.129481050774,100.0,0.0,6.011088709677419,100.0,0.0,80.0,275.0,1222.7329893001024,0.02905070270139641,100.0,1.0,5.5902262216944845
105,2032,8,15,8.00272729626966E18,39.13887553449591,0.003435394517937616,0.0,32.93420934376321,0.0,307.39999999999975,333.804435483871,595.0444151870169,100.0,0.0,5.804435483870968,100.0,0.0,80.0,275.0,1210.209540481318,0.05403314762870762,100.0,1.0,5.689100366914016
107,2032,8,15,3.8962303467200983E18,39.069650526306575,0.0023477892414581537,0.0,34.886336099816845,0.0,220.39999999999625,334.1743951612903,646.1922282738527,100.0,0.0,6.174395161290323,100.0,0.0,80.0,275.0,1204.3792831172061,0.03880938960218671,100.0,1.0,5.679038043607309
100,2032,8,15,8.160192525120971E18,39.64572198034622,0.002725774751170403,0.0,25.562708243456715,0.0,156.60000000000295,333.5715725806452,424.9634326073915,100.0,0.0,5.571572580645161,100.0,0.0,80.0,274.32999999999515,1235.501531596114,0.027174413222153602,100.0,1.0,5.762773927068157
109,2032,8,16,3.6912901621011497E18,39.00053602243074,0.0030604537792813954,0.0,38.67321768013287,0.0,327.70000000000607,335.40524193548384,722.8419364915717,100.0,0.0,5.905241935483871,100.0,0.0,80.0,273.38000000000324,1144.7626507494572,0.05780569324361373,100.0,1.0,5.668991782850209
111,2032,8,16,3.1962213724053494E18,39.59278658408108,0.0017104938011538345,0.0,37.17779421635473,0.0,179.79999999999842,334.90625,723.5088676762352,100.0,0.0,5.40625,100.0,0.0,80.0,275.0,1221.386581942428,0.031241966829632803,100.0,1.0,5.755079409067783
113,2032,8,16,1.9062697412338442E18,39.26002184709376,0.002216712075309549,0.0,33.58869390096411,0.0,150.80000000000035,335.10483870967744,593.7166328016181,100.0,0.0,5.604838709677419,100.0,0.0,80.0,271.6499999999966,1172.5472982856963,0.02642503389919294,100.0,1.0,5.70670980310856
103,2032,8,16,3.8076780415005327E18,39.63402395957544,0.002433093948170558,0.0,30.407369766425287,0.0,290.00000000000006,335.133064516129,513.9105525207428,100.0,0.0,5.633064516129032,100.0,0.0,80.0,275.0,1174.152152534653,0.05033784032718599,100.0,1.0,5.761073540602011
108,2032,8,16,1.4244601342993418E18,38.72634701607725,0.00897325048085301,0.0,33.77049190786602,0.0,182.70000000000175,341.45362903225805,591.2614057624355,100.0,0.0,5.953629032258065,100.0,0.0,80.0,275.0,1157.5831322639433,0.03245613216053706,100.0,1.0,5.629136555653542
117,2032,8,16,5.392312879540745E18,39.46890200782565,0.0018186563601242404,0.0,42.75345707736142,0.0,121.80000000000199,334.7631048387097,845.1276770363112,100.0,0.0,5.263104838709677,100.0,0.0,80.0,275.0,1129.9404100099239,0.02123034208213544,100.0,1.0,5.737071947723926
118,2032,8,16,6.784113119771871E18,38.66568525946613,0.002451707781653837,0.0,34.31034846245525,0.0,139.19999999999865,341.5655241935484,655.2175214917411,100.0,0.0,6.065524193548387,100.0,0.0,80.0,270.6785057540458,1252.9142065556366,0.02476727762568255,100.0,1.0,5.620318958901422
102,2032,8,17,7.551686037947802E18,39.57781845855147,0.0029439798165528277,0.0,24.102842481505327,0.0,330.5999999999986,348.6008064516129,403.1095206449707,100.0,0.0,5.600806451612903,100.0,0.0,80.0,275.0,1267.7652520212127,0.057466632116851254,100.0,1.0,5.7529036907498705
119,2032,8,17,8.805755481983441E18,39.48386963768787,0.003641741266579957,0.0,38.89805148332996,0.0,330.5999999999986,341.9727822580645,750.3826382857484,100.0,0.0,4.972782258064516,100.0,0.0,80.0,274.5700000000052,1177.2270436579513,0.057603369533318266,100.0,1.0,5.739247593993209
112,2033,2,21,7.785515223895154E18,45.057996875814624,0.5651042641534271,0.0,43.84688949547866,0.0,78.09828629032403,257.0967741935484,895.5511377033555,100.0,1.1381048387096775,7.096774193548387,100.0,0.11189516129032258,96.0,627.643051371695,1135.7825429895215,0.012103134459020306,93.34677419354838,1.0,6.452732269872323
116,2033,2,22,4.5339596344121354E18,45.704045661042386,0.7708022163052768,0.0,46.605417588440034,0.0,78.30000000000146,258.96975806451616,1121.870925542432,100.0,1.2772177419354838,7.469758064516129,100.0,0.0,96.0,620.1677966270747,1275.8994431576937,0.011968846396657672,89.31451612903226,1.0,6.541983864198216
104,2033,2,23,1.8191142937400033E18,47.45116342923235,0.7708022163052768,0.0,46.30964138789684,0.0,81.19999999999848,259.7983870967742,1034.267833812607,100.0,1.4455645161290323,6.798387096774194,100.0,0.06048387096774194,96.0,625.7678346166186,1188.6541674381328,0.011949215286857013,88.60887096774194,1.0,6.795425310422741
108,2033,2,23,1.4244601342993418E18,47.10136389022711,0.7708022163052768,0.0,52.472156642455104,0.0,78.30000000000146,259.8961693548387,1144.784251474041,100.0,1.4193548387096775,6.89616935483871,100.0,0.0,96.0,616.3911094881544,1030.9666166540082,0.011615504712689628,88.60887096774194,1.0,6.740989904163253
109,2033,2,27,3.6912901621011497E18,50.349480624375474,0.006492945355175839,0.0,52.96794337997442,0.0,89.89999999999921,264.43548387096774,1279.3188016353624,100.0,0.0,5.435483870967742,100.0,0.0,96.0,814.8729181489834,1135.411681242261,0.01225356799440414,100.0,1.0,7.336638605266157
111,2033,2,28,3.1962213724053494E18,50.77997125047786,0.00897325048085301,0.0,48.782434161320026,0.0,81.19999999999848,264.039314516129,1227.4684942926494,100.0,0.0,3.5393145161290325,100.0,0.0,96.0,605.9429685167269,1288.154193235578,0.010973911332325352,100.0,1.0,7.399367239355337
113,2033,2,28,1.9062697412338442E18,50.9081774259573,0.00897325048085301,0.0,52.711138722632526,0.0,75.40000000000018,265.68548387096774,1185.263887341454,100.0,0.0,5.185483870967742,100.0,0.0,96.0,602.9820296915594,1062.8934383480828,0.010164398070324914,100.0,1.0,7.418048710639483
115,2033,2,28,7.810180881598322E18,50.16168351768701,0.00897325048085301,0.0,46.62205596462648,0.0,95.69999999999828,265.8528225806452,1124.0976016670618,100.0,0.0,5.352822580645161,100.0,0.0,96.0,603.532842178143,1286.1458966503044,0.013092955814586343,100.0,1.0,7.309273884005834
119,2033,2,28,8.805755481983441E18,51.01018032418496,0.00897325048085301,0.0,56.53019184304919,0.0,104.39999999999851,265.1633064516129,1433.2169765260433,100.0,0.0,4.663306451612903,100.0,0.0,96.0,611.7907550546145,1101.5454276792657,0.014045639197546428,100.0,1.0,7.432911990095524
114,2033,3,1,5.836111949060572E18,51.29645662334553,0.00897325048085301,0.0,50.78427782869489,0.0,139.19999999999865,266.6875,1268.847390046367,100.0,0.0,4.6875,100.0,0.0,96.0,612.0756086874754,1229.0577057809176,0.018623004014906665,100.0,1.0,7.474626536544635
102,2033,3,1,7.551686037947802E18,51.375014777738826,0.0063191904794739585,0.0,48.21824535324563,0.0,118.89999999999799,264.89012096774195,1081.5529667651858,100.0,0.0,2.8901209677419355,100.0,0.0,96.0,623.2276370473644,1161.0634735920628,0.015882825449043365,100.0,1.0,7.486073581899085
106,2033,3,1,4.4904735328533463E18,51.28937051960168,0.00897325048085301,0.0,47.13794219128172,0.0,57.99999999999999,265.9304435483871,1195.4193867938052,100.0,0.0,3.930443548387097,100.0,0.0,96.0,620.891017362671,1340.0506631503645,0.007760657065076516,100.0,1.0,7.473593989999111
117,2033,3,1,5.392312879540745E18,50.67889429693258,0.00897325048085301,0.0,57.54486919751415,0.0,98.60000000000124,266.9334677419355,1506.0689454345609,100.0,0.0,4.933467741935484,100.0,0.0,96.0,616.507795527124,1110.5245112331677,0.013352040845682596,100.0,1.0,7.384638883267325
118,2033,3,1,6.784113119771871E18,51.25924836736936,0.004663851601274977,0.0,56.44842097251101,0.0,69.59999999999933,266.58870967741933,1498.8277035323194,100.0,0.0,4.588709677419355,100.0,0.0,96.0,615.7350501259688,1155.9148583437504,0.009318261075548359,100.0,1.0,7.46920476210241
110,2033,3,3,4.565563823161268E18,52.32576449404445,0.00897325048085301,0.0,60.36383250040384,0.0,116.00000000000001,268.55040322580646,1539.6994616084555,100.0,0.0,3.5504032258064515,100.0,0.0,96.0,606.2652597638082,1010.6372632265062,0.015213890118378596,100.0,1.0,7.624611397703626
101,2033,3,3,3.1672676456999844E18,51.53140031450568,0.00897325048085301,0.0,51.56610634906536,0.0,130.50000000000003,268.0211693548387,1267.3501776381513,100.0,0.0,3.0211693548387095,100.0,0.0,96.0,611.3823527831121,1189.772967118711,0.017379466302646113,100.0,1.0,7.508861188685105
103,2033,3,3,3.8076780415005327E18,51.70521728372339,0.006999415351679423,0.0,54.51714185891667,0.0,75.40000000000018,268.195564516129,1273.9506481128572,100.0,0.0,3.1955645161290325,100.0,0.0,96.0,618.5561293134606,1062.1897322560617,0.01000771310084117,100.0,1.0,7.5341888041996965
105,2033,3,3,8.00272729626966E18,51.92003695170868,0.00897325048085301,0.0,55.07198058656477,0.0,101.50000000000001,267.0030241935484,1392.6471341739702,100.0,0.0,2.003024193548387,100.0,0.0,96.0,612.9630873212466,1135.6327831020483,0.013416181273115514,100.0,1.0,7.565491098677561
100,2033,3,4,8.160192525120971E18,51.48339832498585,0.00897325048085301,0.0,44.48606911921001,0.0,145.00000000000003,269.6290322580645,1038.1838553093878,100.0,0.0,3.129032258064516,100.0,0.0,96.0,613.5349814518247,1294.4476279795333,0.019328522816893137,100.0,1.0,7.501866613069363
107,2033,3,5,3.8962303467200983E18,52.41678578732558,0.010536771397971358,0.0,55.534984786767346,0.0,136.30000000000163,268.9375,1478.2365664962294,100.0,0.0,0.9375,100.0,0.0,96.0,610.3031993851098,1182.9063412567623,0.017845278813126596,100.0,1.0,7.637874500438868
116,2033,8,13,4.5339596344121354E18,38.762536526701815,0.0023814359025618433,0.0,41.017245257693766,0.0,104.39999999999851,311.5221774193548,831.0073933800404,100.0,0.0030241935483870967,6.022177419354839,100.0,0.0,80.0,275.0,1193.7177431238008,0.01852904596585375,99.69758064516128,1.0,5.63439694587579
108,2033,8,13,1.4244601342993418E18,39.996522467927356,0.0022123398621432546,0.0,38.315748987344506,0.0,130.50000000000003,311.3850806451613,689.8853477406749,100.0,0.12096774193548387,5.88508064516129,100.0,0.0,80.0,275.0,1106.2614545917402,0.02264367269383955,96.9758064516129,1.0,5.763199361007542
112,2033,8,14,7.785515223895154E18,40.354592119171976,0.0026516697638454497,0.0,35.4270881655075,0.0,107.32631048387283,318.56854838709677,630.1103039381529,100.0,0.2661290322580645,5.568548387096774,100.0,0.006048387096774193,80.0,275.0,1139.5309163531826,0.01863878597571626,86.08870967741935,1.0,5.758224308369872
115,2033,8,14,7.810180881598322E18,38.70119746393331,0.00897325048085301,0.0,34.616142219054424,0.0,110.19999999999813,318.99495967741933,642.9026217726563,100.0,0.0,5.994959677419355,100.0,0.0,80.0,275.0,1212.1077355765608,0.01958943635154658,100.0,1.0,5.6254808980911735
104,2033,8,14,1.8191142937400033E18,40.33878908467238,0.0019756165743841994,0.0,38.99918028068898,0.0,197.11229838709926,312.6905241935484,732.6375696660235,100.0,0.04435483870967742,5.690524193548387,100.0,0.06048387096774194,80.0,275.0,1145.0404142302073,0.033616741402373626,96.9758064516129,1.0,5.863515919873825
109,2033,8,15,3.6912901621011497E18,38.618358698451615,0.00897325048085301,0.0,37.17614818421975,0.0,292.89999999999856,326.4415322580645,673.7693161707394,100.0,0.0,5.941532258064516,100.0,0.0,80.0,275.0,1137.1602211041752,0.0521783459786904,100.0,1.0,5.61343972305329
110,2033,8,15,4.565563823161268E18,38.86355320958435,0.0044956164733732555,0.0,38.37171322904194,0.0,182.70000000000175,326.81149193548384,709.5658009395963,100.0,0.0,6.311491935483871,100.0,0.0,80.0,275.0,1138.4023268939438,0.03234154710636836,100.0,1.0,5.649080404197065
106,2033,8,15,4.4904735328533463E18,39.920188136302535,0.0016549705792794263,0.0,37.21285254940343,0.0,153.69999999999987,320.2903225806452,733.0265954647882,100.0,0.0,5.790322580645161,100.0,0.0,80.0,275.0,1235.5703866719348,0.026487809032316154,100.0,1.0,5.8026694398347525
111,2033,8,16,3.1962213724053494E18,39.067843643893575,0.00897325048085301,0.0,34.74634964411203,0.0,223.29999999999652,327.3790322580645,658.0890315652974,100.0,0.0,5.379032258064516,100.0,0.0,80.0,275.0,1233.8602817427018,0.039321858011808666,100.0,1.0,5.678775401023466
113,2033,8,16,1.9062697412338442E18,39.18112730532797,0.0017818209850780442,0.0,31.858188711584862,0.0,191.39999999999657,333.5967741935484,538.6249893612851,100.0,0.0,5.596774193548387,100.0,0.0,80.0,275.0,1150.9080627659087,0.03360700067855274,100.0,1.0,5.695241947673834
114,2033,8,16,5.836111949060572E18,39.034544470627374,0.004277049800215928,0.0,33.299390458274985,0.0,324.79999999999393,340.05141129032256,620.2215394455258,100.0,0.0,6.051411290322581,100.0,0.0,80.0,275.0,1240.213547823019,0.05724422150319861,100.0,1.0,5.673935140891823
101,2033,8,16,3.1672676456999844E18,38.435228440878454,0.001984354374359358,0.0,31.036740785470382,0.0,321.90000000000083,333.9506048387097,555.8814913363681,100.0,0.0,5.950604838709677,100.0,0.0,80.0,275.0,1233.3042707560571,0.05761774518040237,100.0,1.0,5.586820501082178
105,2033,8,16,8.00272729626966E18,39.72303687919936,0.00897325048085301,0.0,36.02049628236204,0.0,191.39999999999657,333.3125,681.1995142121061,100.0,0.0,5.3125,100.0,0.0,80.0,275.0,1208.1653726695786,0.033148527287603445,100.0,1.0,5.774012170717896
107,2033,8,16,3.8962303467200983E18,38.933373649167024,0.001882763424434122,0.0,37.38366437984592,0.0,281.29999999999484,339.64415322580646,737.5964827619163,100.0,0.0,5.644153225806452,100.0,0.0,80.0,275.0,1234.158598349082,0.049706415168424924,100.0,1.0,5.6592292774854025
117,2033,8,16,5.392312879540745E18,39.58133378721957,0.0017719688943232707,0.0,41.60733538392892,0.0,316.0999999999996,333.460685483871,830.6441721771799,100.0,0.0,5.460685483870968,100.0,0.0,80.0,274.190000000002,1164.7701021456367,0.05494128587367683,100.0,1.0,5.753414667556001
118,2033,8,16,6.784113119771871E18,39.687824617515055,0.002493955108630646,0.0,40.10801313490424,0.0,174.00000000000003,333.09979838709677,805.8172187835748,100.0,0.0,5.099798387096774,100.0,0.0,80.0,275.0,1202.0870945141764,0.03016176153006629,100.0,1.0,5.768893830241009
119,2033,8,16,8.805755481983441E18,39.645445816854505,0.0015412659706034017,0.0,39.246261616851434,0.0,269.70000000000493,327.69959677419354,753.5430066631995,100.0,0.0,5.699596774193548,100.0,0.0,80.0,275.0,1165.2058287720924,0.04680070433058771,100.0,1.0,5.762733784836143
103,2033,8,17,3.8076780415005327E18,38.782588599869015,0.001830528453866386,0.0,28.942829456484713,0.0,316.0999999999996,341.5030241935484,490.2210277841893,100.0,0.0,6.003024193548387,100.0,0.0,80.0,273.3999999999968,1201.8380760239017,0.05607282683736095,100.0,1.0,5.637311650380078
100,2033,8,17,8.160192525120971E18,38.51888944595391,0.0016930661284628387,0.0,22.047955883131618,0.0,327.70000000000607,341.6209677419355,372.0836492338828,100.0,0.0,6.120967741935484,100.0,0.0,80.0,275.0,1312.1331075429803,0.05852850521073249,100.0,1.0,5.59898119420817
102,2033,8,18,7.551686037947802E18,39.71146596539304,0.003555170555013086,0.0,25.379203050590583,0.0,318.99999999999994,342.4405241935484,424.27255734312934,100.0,0.0,5.440524193548387,100.0,0.0,80.0,272.11999999999676,1245.6293955818287,0.05526364321260708,100.0,1.0,5.772330260109014
115,2034,2,22,7.810180881598322E18,46.224789191537454,0.7288461527410904,0.0,31.123162034602394,0.0,75.22459677419374,257.0483870967742,683.2398360950821,100.0,1.371975806451613,7.048387096774194,100.0,0.0,96.0,807.9234631005194,1500.1869115796694,0.01140985413918766,88.60887096774194,1.0,6.592949905979206
102,2034,2,23,7.551686037947802E18,46.69539973863556,0.7752888415457025,0.0,32.749584281064145,0.0,83.74919354838752,258.67137096774195,692.3737806749543,100.0,1.6602822580645162,7.171370967741935,100.0,0.24193548387096775,96.0,822.6839398361435,1401.4975340693088,0.012561286587371094,88.60887096774194,1.0,6.667246461249244
106,2034,2,23,4.4904735328533463E18,46.57086341733357,0.7752888415457025,0.0,41.887959489428816,0.0,75.04919354838731,258.4657258064516,968.2654691587171,100.0,1.685483870967742,6.965725806451613,100.0,0.3629032258064516,96.0,610.0719126047119,1327.2463698159459,0.011324179085917315,88.60887096774194,1.0,6.627340752824905
118,2034,2,23,6.784113119771871E18,46.686858092221264,0.533945483158197,0.0,47.627594272976026,0.0,89.81229838709598,258.7096774193548,1097.3728985475116,100.0,1.2671370967741935,7.209677419354839,100.0,0.0,96.0,613.4365453763322,1196.2885881996292,0.013486473492809091,88.60887096774194,1.0,6.659435354615376
100,2034,2,27,8.160192525120971E18,49.444469797388805,0.00897325048085301,0.0,37.286835905830635,0.0,101.50000000000001,263.50604838709677,843.2208192032739,100.0,0.0,6.006048387096774,100.0,0.0,96.0,612.0772517430979,1417.027645409103,0.014087897601194771,100.0,1.0,7.204765599048077
116,2034,2,28,4.5339596344121354E18,49.73391997600982,0.00897325048085301,0.0,55.31969066242719,0.0,72.49999999999999,264.1592741935484,1527.1525794605304,100.0,0.0,5.159274193548387,100.0,0.0,96.0,620.0809484487003,1232.8596115135633,0.010004218847978348,100.0,1.0,7.2469426250756985
101,2034,2,28,3.1672676456999844E18,50.39691183547455,0.00897325048085301,0.0,41.00844518995117,0.0,87.00000000000001,263.7953629032258,968.3316354074411,100.0,0.0,4.795362903225806,100.0,0.0,96.0,806.6715696631071,1392.3008850537153,0.011847131139276287,100.0,1.0,7.343550010312002
105,2034,2,28,8.00272729626966E18,49.87579929005808,0.00897325048085301,0.0,48.27600692361253,0.0,84.10000000000043,264.0977822580645,1170.5430842526832,100.0,0.0,5.097782258064516,100.0,0.0,96.0,613.3258336986945,1253.606920685479,0.011571881974032812,100.0,1.0,7.267616467979884
108,2034,2,28,1.4244601342993418E18,50.17687258733585,0.00897325048085301,0.0,57.88976831411655,0.0,84.10000000000043,263.1663306451613,1334.670709578868,100.0,0.0,4.16633064516129,100.0,0.0,96.0,612.4761889895411,970.4930638528576,0.011502447900484946,100.0,1.0,7.311487148440356
112,2034,3,1,7.785515223895154E18,51.05917540050651,0.004200959962946176,0.0,51.4260435598925,0.0,118.89999999999799,264.2459677419355,1219.168932904937,100.0,0.0,3.745967741935484,100.0,0.0,96.0,621.121816218056,1151.1983095600822,0.01598107266238291,100.0,1.0,7.440051272645237
114,2034,3,1,5.836111949060572E18,50.869153953140284,0.004845167646248938,0.0,48.63459320298511,0.0,89.89999999999921,265.3850806451613,1207.7846270286527,100.0,0.0,4.88508064516129,100.0,0.0,96.0,607.9082598247429,1275.0787152703506,0.012128386976556622,100.0,1.0,7.412362433171865
103,2034,3,1,3.8076780415005327E18,50.49559158510258,0.005110051526681703,0.0,43.87138547932674,0.0,81.19999999999848,265.8961693548387,986.4414220004784,100.0,0.0,5.39616935483871,100.0,0.0,96.0,816.3006163750842,1261.3649731915273,0.011035713900323485,100.0,1.0,7.357929059543515
104,2034,3,1,1.8191142937400033E18,50.915456262354944,0.00897325048085301,0.0,53.77427616797878,0.0,92.80000000000169,265.2227822580645,1322.0670240622408,100.0,0.0,4.722782258064516,100.0,0.0,96.0,619.8087013619858,1135.986292425088,0.012508239969734356,100.0,1.0,7.419109341086021
107,2034,3,1,3.8962303467200983E18,49.99412613081877,0.00897325048085301,0.0,50.93547481500948,0.0,75.40000000000018,265.4405241935484,1339.3374789728641,100.0,0.0,4.940524193548387,100.0,0.0,96.0,609.2946445555829,1289.5869568165933,0.010350235526432713,100.0,1.0,7.284858379062158
119,2034,3,1,8.805755481983441E18,50.71246912592914,0.00897325048085301,0.0,55.70156652075473,0.0,116.00000000000001,265.42641129032256,1383.9992613227412,100.0,0.0,4.926411290322581,100.0,0.0,96.0,620.2808202450422,1100.187668085503,0.015697883480998123,100.0,1.0,7.389531215492521
109,2034,3,2,3.6912901621011497E18,51.04149608692961,0.00897325048085301,0.0,55.455408328570435,0.0,104.39999999999851,266.92540322580646,1352.7254849115975,100.0,0.0,4.925403225806452,100.0,0.0,96.0,608.9019245257242,1086.1590902160476,0.014037021701226216,100.0,1.0,7.437475144095457
110,2034,3,2,4.565563823161268E18,51.11439604230321,0.00897325048085301,0.0,57.61664906910139,0.0,49.300000000000615,266.6653225806452,1459.4824688092026,100.0,0.0,4.665322580645161,100.0,0.0,96.0,812.0750657510642,1073.1741808448226,0.006619139802675679,100.0,1.0,7.448097709021329
117,2034,3,2,5.392312879540745E18,50.703067036679165,0.00897325048085301,0.0,57.67143121928544,0.0,130.50000000000003,266.46270161290323,1579.82617291363,100.0,0.0,4.462701612903226,100.0,0.0,96.0,612.5853671641186,1158.9734827769907,0.017663393708436576,100.0,1.0,7.388161196773259
113,2034,3,4,1.9062697412338442E18,51.413343684512256,0.003529996255252955,0.0,51.35692690654727,0.0,139.19999999999865,268.2641129032258,1117.6673640552929,100.0,0.0,3.2641129032258065,100.0,0.0,96.0,623.0628111051258,1058.163893230783,0.018580665041142266,100.0,1.0,7.491658651171787
111,2034,3,5,3.1962213724053494E18,51.575110596675614,0.011979791770303385,0.0,50.82366885474475,0.0,81.19999999999848,268.2721774193548,1309.3644437925448,100.0,0.0,1.7721774193548387,100.0,0.0,96.0,614.7394887652957,1266.1067889179262,0.010804725293147383,100.0,1.0,7.515230401229865
115,2034,8,12,7.810180881598322E18,39.23522688802032,0.00897325048085301,0.0,34.95529973820815,0.0,116.35080645161291,304.12298387096774,651.0305778707417,100.0,0.23286290322580644,6.122983870967742,100.0,0.06048387096774194,80.0,275.0,1201.4728970297465,0.02078256266711066,86.08870967741935,1.0,5.598482165808324
106,2034,8,12,4.4904735328533463E18,38.27869610152544,0.00897325048085301,0.0,34.36952462934026,0.0,174.00000000000003,310.2540322580645,644.4356852022051,100.0,0.06048387096774194,6.254032258064516,100.0,0.0,80.0,275.0,1228.4243173302118,0.03127208666109404,96.9758064516129,1.0,5.564067466482031
118,2034,8,12,6.784113119771871E18,39.396716459024375,0.004023879139395971,0.0,36.76606258391972,0.0,75.5754032258066,309.6784274193548,692.2151664004944,100.0,0.2439516129032258,5.678427419354839,100.0,0.06048387096774194,80.0,275.0,1181.309278524406,0.013444546825628659,86.08870967741935,1.0,5.6212681770530954
102,2034,8,14,7.551686037947802E18,39.81101318085007,0.004154282630024548,0.0,31.262196610622567,0.0,220.57540322580272,318.6038306451613,555.344537227278,100.0,0.03024193548387097,5.60383064516129,100.0,0.06048387096774194,80.0,275.0,1219.429172254926,0.038116990149734804,96.9758064516129,1.0,5.786800121397763
112,2034,8,15,7.785515223895154E18,39.28756139553985,0.003467252890592362,0.0,32.68932010570149,0.0,133.3999999999976,326.3397177419355,581.3173062576446,100.0,0.0,5.839717741935484,100.0,0.0,80.0,275.0,1195.4563955006006,0.023359605570240843,100.0,1.0,5.710712862803796
114,2034,8,15,5.836111949060572E18,37.924222211880895,0.004644539586362842,0.0,31.356691814875337,0.0,249.39999999999603,332.6350806451613,569.0131028623126,100.0,0.0,6.13508064516129,100.0,0.0,80.0,275.0,1243.1975530643585,0.04524228331620983,100.0,1.0,5.51254228830309
100,2034,8,15,8.160192525120971E18,38.295870865629055,0.0019397428622682726,0.0,21.249286835939785,0.0,179.79999999999842,332.62600806451616,359.8882727008203,100.0,0.0,6.126008064516129,100.0,0.0,80.0,275.0,1330.179528742425,0.032299997289336316,100.0,1.0,5.566563934646474
117,2034,8,15,5.392312879540745E18,38.31540826415224,0.001472473003093706,0.0,42.85932688184555,0.0,321.90000000000083,326.8225806451613,885.4979211900909,100.0,0.0,6.32258064516129,100.0,0.0,80.0,275.0,1179.0863345504931,0.057797927742009945,100.0,1.0,5.569403827709041
119,2034,8,15,8.805755481983441E18,39.04470315465504,0.00897325048085301,0.0,38.005620478241255,0.0,316.0999999999996,326.0625,708.3426121160995,100.0,0.0,5.5625,100.0,0.0,80.0,275.0,1154.0291699871868,0.05569639923375335,100.0,1.0,5.675411774347442
109,2034,8,16,3.6912901621011497E18,39.483048090590216,0.002410867942195875,0.0,35.68846774062849,0.0,324.79999999999393,333.9727822580645,652.4289114862535,100.0,0.0,5.972782258064516,100.0,0.0,80.0,275.0,1174.24396382657,0.05659396166238712,100.0,1.0,5.739128176564091
110,2034,8,16,4.565563823161268E18,39.44808220749618,0.0018335207357689017,0.0,41.61315355181495,0.0,232.00000000000003,333.148185483871,794.0287123537141,100.0,0.0,5.148185483870968,100.0,0.0,80.0,269.44000000000193,1113.3155317633702,0.040460089473690175,100.0,1.0,5.734045648882259
111,2034,8,16,3.1962213724053494E18,38.91611658704581,0.0022534531594307016,0.0,33.09042776871184,0.0,194.29999999999774,334.15524193548384,623.4892321376702,100.0,0.0,6.155241935483871,100.0,0.0,80.0,269.48999999999637,1258.8834528044251,0.034348521920031384,100.0,1.0,5.656720846747289
101,2034,8,16,3.1672676456999844E18,39.86200879123609,0.002438383282840497,0.0,31.208909116745716,0.0,324.79999999999393,327.83165322580646,563.145949586404,100.0,0.0,5.831653225806452,100.0,0.0,80.0,275.0,1239.740717344882,0.056055933399029305,100.0,1.0,5.794212678396295
103,2034,8,16,3.8076780415005327E18,40.199882020627655,0.00897325048085301,0.0,35.02284843709384,0.0,318.99999999999994,327.61290322580646,625.7154983518689,100.0,0.0,5.612903225806452,100.0,0.0,80.0,268.17999999999483,1159.3877330602425,0.054592207147149366,100.0,1.0,5.843324838289802
105,2034,8,16,8.00272729626966E18,38.917116962319774,0.00897325048085301,0.0,32.398009515606276,0.0,324.79999999999393,328.10584677419354,598.7451364308037,100.0,0.0,6.105846774193548,100.0,0.0,80.0,274.1799999999948,1247.562264505328,0.05741694874562617,100.0,1.0,5.656866258061756
107,2034,8,16,3.8962303467200983E18,39.222629436004006,0.00897325048085301,0.0,37.261424920728714,0.0,284.2000000000052,334.11290322580646,752.6411937540685,100.0,0.0,6.112903225806452,100.0,0.0,80.0,275.0,1266.0865217109429,0.04984850262012888,100.0,1.0,5.701274563165012
108,2034,8,16,1.4244601342993418E18,39.3166320285968,0.0015611082952075499,0.0,34.0887016774253,0.0,324.79999999999393,333.898185483871,593.1468479440681,100.0,0.0,5.898185483870968,100.0,0.0,80.0,275.0,1145.6166807718566,0.05683350772079856,100.0,1.0,5.714938476006321
113,2034,8,17,1.9062697412338442E18,39.0760652750537,0.0013388914474564398,0.0,29.28017707001749,0.0,327.70000000000607,341.366935483871,483.4431177730973,100.0,0.0,5.866935483870968,100.0,0.0,80.0,275.0,1166.2125681226755,0.0576939619119838,100.0,1.0,5.679970470738957
116,2034,8,17,4.5339596344121354E18,39.270514569149796,0.0019397428622682726,0.0,41.82408701256797,0.0,316.0999999999996,335.273185483871,892.5958198410196,100.0,0.0,5.773185483870968,100.0,0.0,80.0,275.0,1240.2136781988881,0.05537613649130597,100.0,1.0,5.708234991251641
104,2034,8,17,1.8191142937400033E18,39.66620416985496,0.00897325048085301,0.0,36.84616672065168,0.0,316.0999999999996,340.7681451612903,689.8401091765327,100.0,0.0,5.268145161290323,100.0,0.0,80.0,274.9599999999983,1180.7154981418614,0.05482373270588164,100.0,1.0,5.765751151892792
109,2035,2,22,3.6912901621011497E18,45.89970119895566,0.5898452850122001,0.0,42.64415182796417,0.0,66.787701612902,257.085685483871,911.6736505800723,100.0,1.248991935483871,7.085685483870968,100.0,0.0,96.0,619.352260679478,1211.5653855146852,0.010237558745617922,88.60887096774194,1.0,6.523791782048602
101,2035,2,22,3.1672676456999844E18,46.382594832014966,0.7797754667861272,0.0,29.949674828406767,0.0,72.06149193548386,256.73084677419354,633.8133340171005,100.0,1.534274193548387,6.730846774193548,100.0,0.39314516129032256,96.0,810.5502022542813,1471.121373610513,0.010877537288648044,88.60887096774194,1.0,6.62479842847225
107,2035,2,22,3.8962303467200983E18,45.71720579396985,0.7797754667861272,0.0,42.205846670221256,0.0,69.59999999999933,257.054435483871,1015.3710940341632,100.0,1.3276209677419355,7.054435483870968,100.0,0.0,96.0,614.4536605943119,1379.817463542945,0.01063682201915071,87.90322580645162,1.0,6.543307754392274
119,2035,2,22,8.805755481983441E18,45.526074684843834,0.7797754667861272,0.0,46.98959253245383,0.0,69.59999999999933,257.2116935483871,1048.2079037903193,100.0,1.4163306451612903,7.211693548387097,100.0,0.0,96.0,616.5076386319721,1171.6238005027246,0.010757737536646586,88.60887096774194,1.0,6.469761858653331
114,2035,2,23,5.836111949060572E18,46.57199128174518,0.7797754667861272,0.0,41.02749591603369,0.0,75.31229838709696,258.24899193548384,981.5443761090138,100.0,1.2288306451612903,6.748991935483871,100.0,0.11290322580645161,96.0,617.7285668191925,1396.9703548023529,0.011294257433884384,88.60887096774194,1.0,6.66819388773177
104,2035,2,23,1.8191142937400033E18,47.46906972427921,1.1334954123017615,0.0,39.092584291221804,0.0,78.12459677419501,258.491935483871,865.6322050339112,100.0,1.5252016129032258,6.991935483870968,100.0,0.09375,96.0,812.6378101858456,1327.8320228956711,0.011845421028164634,88.60887096774194,1.0,6.595341490052538
106,2035,2,28,4.4904735328533463E18,50.34722433270561,0.00897325048085301,0.0,48.29457599783455,0.0,98.60000000000124,263.7913306451613,1219.941603572622,100.0,0.0,4.79133064516129,100.0,0.0,96.0,612.7050619442135,1305.5376769866486,0.01343999943661463,100.0,1.0,7.336309831337119
118,2035,2,28,6.784113119771871E18,50.03225900967466,0.00897325048085301,0.0,48.92768602379675,0.0,89.89999999999921,263.398185483871,1171.3306956784747,100.0,0.0,4.398185483870968,100.0,0.0,96.0,604.7500933065214,1222.0669725644666,0.012331259801689545,100.0,1.0,7.290414884266872
112,2035,3,1,7.785515223895154E18,50.69032151084758,0.00897325048085301,0.0,52.16605012476581,0.0,121.80000000000199,265.11995967741933,1265.5998048701051,100.0,0.0,4.619959677419355,100.0,0.0,96.0,621.7810107648837,1159.9916897691428,0.016489979310198587,100.0,1.0,7.386303991580639
113,2035,3,1,1.9062697412338442E18,50.456790912699525,0.00897325048085301,0.0,50.66457766070226,0.0,78.30000000000146,265.60987903225805,1075.4181625730039,100.0,0.0,5.109879032258065,100.0,0.0,96.0,614.1117851182759,1046.6651422762088,0.010649764510513757,100.0,1.0,7.352275247279075
102,2035,3,1,7.551686037947802E18,50.65171764537989,0.00897325048085301,0.0,47.3463179095111,0.0,75.40000000000018,265.7721774193548,1095.1918056495676,100.0,0.0,5.272177419354839,100.0,0.0,96.0,613.0654458115355,1217.245630606391,0.010215862451396187,100.0,1.0,7.3806788568982125
103,2035,3,1,3.8076780415005327E18,50.56744647413758,0.00897325048085301,0.0,50.54662896488729,0.0,92.80000000000169,266.08870967741933,1179.1027153241243,100.0,0.0,5.588709677419355,100.0,0.0,96.0,608.6251677364337,1153.0677018980884,0.0125943228203894,100.0,1.0,7.368399343374337
100,2035,3,1,8.160192525120971E18,50.71744468325242,0.00897325048085301,0.0,21.916430893502103,0.0,98.60000000000124,265.77520161290323,482.549975221296,100.0,0.0,5.275201612903226,100.0,0.0,96.0,810.7895774358275,1717.5214396721767,0.013341891944530827,100.0,1.0,7.390256225273946
110,2035,3,2,4.565563823161268E18,51.05133275432857,0.00897325048085301,0.0,61.198586361548145,0.0,87.00000000000001,266.5766129032258,1589.775155363456,100.0,0.0,4.576612903225806,100.0,0.0,96.0,613.823724358305,1007.5579906579495,0.011695264184435757,100.0,1.0,7.438908487059316
115,2035,3,2,7.810180881598322E18,51.447793881283545,0.0060876868933873885,0.0,46.463314446919156,0.0,95.69999999999828,264.99899193548384,1119.133247329531,100.0,0.0,2.998991935483871,100.0,0.0,96.0,611.4937905751088,1289.0823201986425,0.012765653419422292,100.0,1.0,7.496678536987037
116,2035,3,2,4.5339596344121354E18,51.87228755918853,0.005532213613349553,0.0,59.419386450293324,0.0,116.00000000000001,266.36391129032256,1802.1153826854643,100.0,0.0,4.363911290322581,100.0,0.0,96.0,611.4012050514451,1230.3272939040282,0.015346892701891952,100.0,1.0,7.558533330053167
111,2035,3,3,3.1962213724053494E18,51.38226175625805,0.00897325048085301,0.0,37.120466174726424,0.0,89.89999999999921,266.6774193548387,952.2832218639919,100.0,0.0,3.1774193548387095,100.0,0.0,96.0,812.9357589033023,1612.2049024765442,0.01200727183323294,100.0,1.0,7.487129570197611
105,2035,3,3,8.00272729626966E18,51.713661314559985,0.00897325048085301,0.0,54.33238539482566,0.0,127.60000000000228,265.6965725806452,1404.13133052483,100.0,0.0,2.1965725806451615,100.0,0.0,96.0,605.2335888316125,1179.7008956432674,0.0169333644582475,100.0,1.0,7.535419220121606
108,2035,3,3,1.4244601342993418E18,51.87736723894685,0.00897325048085301,0.0,60.89947815573784,0.0,124.699999999998,264.0141129032258,1432.7195677267325,100.0,0.0,0.5141129032258065,100.0,0.0,96.0,615.0469712855893,919.446286779731,0.016496294227572088,100.0,1.0,7.5592735119608285
117,2035,3,5,5.392312879540745E18,52.435050650239546,0.012126014163314902,0.0,64.8414486493361,0.0,130.50000000000003,267.1774193548387,1810.1305655337467,100.0,0.0,0.6774193548387096,100.0,0.0,96.0,612.1289134629887,980.5571744886374,0.017079953660539198,100.0,1.0,7.640535951892053
119,2035,8,12,8.805755481983441E18,39.04803955348579,0.004377195356513665,0.0,39.6552372068019,0.0,81.19999999999848,309.9586693548387,754.1549451263162,100.0,0.08366935483870967,5.95866935483871,100.0,0.0,80.0,275.0,1146.2627592689844,0.014306109445599421,96.9758064516129,1.0,5.67589674249107
109,2035,8,13,3.6912901621011497E18,39.19651640581122,0.005121718310989157,0.0,38.25583787881556,0.0,113.10000000000181,311.5403225806452,708.8476367733275,100.0,0.07762096774193548,6.040322580645161,100.0,0.0,80.0,275.0,1142.010233636942,0.019887872804247368,96.9758064516129,1.0,5.68688271054547
101,2035,8,13,3.1672676456999844E18,38.45238839478212,0.0014571696136494075,0.0,30.465289599879384,0.0,200.10000000000358,317.64415322580646,535.8874586646998,100.0,0.04435483870967742,6.144153225806452,100.0,0.0,80.0,275.0,1220.8436864873142,0.035800452572446705,96.9758064516129,1.0,5.589314816483846
104,2035,8,13,1.8191142937400033E18,40.0257099573708,0.0025800030134712675,0.0,39.861761906225944,0.0,191.39999999999657,311.40120967741933,759.6563662228093,100.0,0.13911290322580644,5.901209677419355,100.0,0.0,80.0,275.0,1138.1467340739646,0.033514052635998,86.08870967741935,1.0,5.711037160406278
107,2035,8,14,3.8962303467200983E18,40.69352362010553,0.0015524654811164456,0.0,41.51301712601693,0.0,107.91391129032445,312.0967741935484,869.318062751278,100.0,0.2903225806451613,5.096774193548387,100.0,0.12096774193548387,80.0,275.0,1216.2644008239367,0.018582619716315703,86.08870967741935,1.0,5.8072496202230885
112,2035,8,15,7.785515223895154E18,38.47638881677723,0.0019355587749898663,0.0,32.22247039056211,0.0,321.90000000000083,327.0836693548387,578.4734235893105,100.0,0.0,6.58366935483871,100.0,0.0,80.0,273.72,1214.9740935375492,0.057556108209704374,100.0,1.0,5.592803440204217
114,2035,8,15,5.836111949060572E18,39.27251728300241,0.002325881410278123,0.0,36.516621375362305,0.0,156.60000000000295,326.5100806451613,730.822478918879,100.0,0.07459677419354839,6.01008064516129,100.0,0.0,80.0,275.0,1269.213602241919,0.027432650263313645,96.9758064516129,1.0,5.708526099260193
116,2035,8,15,4.5339596344121354E18,38.46156913475047,0.002014649860990807,0.0,43.26741712601649,0.0,281.29999999999484,326.8719758064516,953.3306620982034,100.0,0.0,6.371975806451613,100.0,0.0,80.0,274.76000000000374,1248.3752750925541,0.050316159170021954,100.0,1.0,5.590649299153811
102,2035,8,15,7.551686037947802E18,39.4165887135967,0.0015307489731922626,0.0,29.93082960566193,0.0,278.3999999999973,326.33870967741933,525.509558676517,100.0,0.0,5.838709677419355,100.0,0.0,80.0,275.0,1228.6051461688712,0.04859090005818392,100.0,1.0,5.729467856463543
106,2035,8,15,4.4904735328533463E18,38.86338432919942,0.0021726998742985504,0.0,32.476462421777754,0.0,223.29999999999652,332.39415322580646,614.2134189230633,100.0,0.0,5.894153225806452,100.0,0.0,80.0,275.0,1275.406799593101,0.039528729345336716,100.0,1.0,5.6490558562904996
108,2035,8,15,1.4244601342993418E18,38.40186347670748,0.0021993260982482946,0.0,30.837838712454182,0.0,321.90000000000083,332.7681451612903,517.3925586449177,100.0,0.0,6.268145161290323,100.0,0.0,80.0,275.0,1158.8747718592342,0.05766780561574342,100.0,1.0,5.581970677797414
118,2035,8,15,6.784113119771871E18,39.29967581086102,0.0028705215869651306,0.0,31.400884393566994,0.0,211.70000000000312,332.0211693548387,575.8565357243158,100.0,0.0,5.52116935483871,100.0,0.0,80.0,275.0,1256.7444992201904,0.037059251094540294,100.0,1.0,5.712473775035123
110,2035,8,16,4.565563823161268E18,38.75669021211881,0.002438383282840497,0.0,39.51781580682278,0.0,292.89999999999856,339.93850806451616,753.5028203107236,100.0,0.0,5.938508064516129,100.0,0.0,80.0,275.0,1151.8363256685502,0.051992109498217344,100.0,1.0,5.6335471444958625
111,2035,8,16,3.1962213724053494E18,38.544038862542486,0.0020477522776935243,0.0,32.758782688635776,0.0,324.79999999999393,333.8467741935484,629.2172404773622,100.0,0.0,5.846774193548387,100.0,0.0,80.0,275.0,1289.7953111444053,0.0579727028068292,100.0,1.0,5.602636832066632
113,2035,8,16,1.9062697412338442E18,39.14730696320783,0.004659008557036898,0.0,28.626956147757596,0.0,324.79999999999393,328.26512096774195,460.1410058422353,100.0,0.0,6.265120967741935,100.0,0.0,80.0,275.0,1145.43285294866,0.05707933146086193,100.0,1.0,5.690325932123125
115,2035,8,16,7.810180881598322E18,40.116005925608654,0.00897325048085301,0.0,34.90905563517114,0.0,203.00000000000003,326.8336693548387,654.4918286875026,100.0,0.0,4.83366935483871,100.0,0.0,80.0,275.0,1218.6877280436288,0.03481313222733279,100.0,1.0,5.831132880385262
103,2035,8,16,3.8076780415005327E18,38.30636452030144,0.0026737933494794435,0.0,30.239415198896292,0.0,275.50000000000006,334.09576612903226,521.6690714834389,100.0,0.0,6.095766129032258,100.0,0.0,80.0,275.0,1201.5817528428545,0.04947837349891138,100.0,1.0,5.568089258351664
105,2035,8,16,8.00272729626966E18,39.19327903152559,0.00897325048085301,0.0,33.890091196555325,0.0,313.20000000000584,333.6209677419355,641.7021461101606,100.0,0.0,5.620967741935484,100.0,0.0,80.0,275.0,1250.0992608644258,0.05497622338350248,100.0,1.0,5.697008283293472
100,2035,8,16,8.160192525120971E18,39.084665742266495,0.0029890907664400506,0.0,16.10520776363597,0.0,324.79999999999393,333.8991935483871,263.78017801346886,100.0,0.0,5.899193548387097,100.0,0.0,80.0,275.0,1370.9204915964585,0.05717081283713381,100.0,1.0,5.681220606837841
117,2035,8,17,5.392312879540745E18,39.06603909278575,0.0018410444154396822,0.0,42.25987489632706,0.0,316.0999999999996,341.2227822580645,859.2924377150462,100.0,0.0,5.722782258064516,100.0,0.0,80.0,275.0,1172.6616705025563,0.055665980615542975,100.0,1.0,5.678513097310615
113,2036,2,21,1.9062697412338442E18,45.57300881435457,0.7851594170746404,0.0,41.06691123946402,0.0,89.89999999999921,255.3014112903226,744.6510580610812,100.0,1.4294354838709677,6.801411290322581,100.0,0.09879032258064516,96.0,611.077255865427,1056.8403172874132,0.013878573910148021,87.90322580645162,1.0,6.477610782060561
110,2036,2,22,4.565563823161268E18,46.77721114916474,0.7851594170746404,0.0,54.09689691131813,0.0,78.30000000000146,256.86391129032256,1245.0379087639644,100.0,1.219758064516129,6.863911290322581,100.0,0.0907258064516129,96.0,613.9785446484927,1048.9485772103726,0.011689543530582406,87.90322580645162,1.0,6.698294060426869
106,2036,2,22,4.4904735328533463E18,45.61858470404031,1.1308793878372465,0.0,20.99175782984778,0.0,80.93689516128882,257.16129032258067,443.6394156036216,100.0,1.408266129032258,7.161290322580645,100.0,0.0,96.0,803.1221217464989,1651.5221037927665,0.012439062002363986,88.60887096774194,1.0,6.506671897439465
118,2036,2,27,6.784113119771871E18,48.604116631599446,0.00897325048085301,0.0,47.58767421776442,0.0,127.60000000000228,264.226814516129,1073.4004275725913,100.0,0.0,6.726814516129032,100.0,0.0,96.0,614.688199337575,1181.3802171545478,0.01801671000724456,100.0,1.0,7.082314137747348
116,2036,2,28,4.5339596344121354E18,49.648952950676026,0.00897325048085301,0.0,54.32594841870293,0.0,92.80000000000169,264.9163306451613,1557.4586907414805,100.0,0.0,5.91633064516129,100.0,0.0,96.0,612.8237540738314,1308.7322585089041,0.012827314721636604,100.0,1.0,7.2345617156699475
103,2036,2,28,3.8076780415005327E18,50.13840855279187,0.00897325048085301,0.0,46.081835998840205,0.0,92.80000000000169,265.1381048387097,1058.452437164815,100.0,0.0,6.138104838709677,100.0,0.0,96.0,613.3479728277315,1237.5916590262855,0.01270209333484297,100.0,1.0,7.305882389121094
104,2036,2,28,1.8191142937400033E18,50.56406162521526,0.00897325048085301,0.0,51.41706550969151,0.0,72.49999999999999,264.18245967741933,1264.7785397087541,100.0,0.0,5.182459677419355,100.0,0.0,96.0,624.7576924499559,1194.616921395492,0.009839973364792445,100.0,1.0,7.367906122531384
111,2036,2,29,3.1962213724053494E18,50.47771817380572,0.00897325048085301,0.0,46.729912765023215,0.0,145.00000000000003,264.96975806451616,1160.7551067289055,100.0,0.0,4.469758064516129,100.0,0.0,96.0,613.1502628888798,1322.6556162020916,0.019713609790944765,100.0,1.0,7.355324648183116
112,2036,2,29,7.785515223895154E18,50.81129223757392,0.00897325048085301,0.0,50.4075392959939,0.0,89.89999999999921,265.4717741935484,1226.9800918592184,100.0,0.0,4.971774193548387,100.0,0.0,96.0,614.7215006983207,1206.5744862593126,0.01214219826232821,100.0,1.0,7.403931154617904
114,2036,2,29,5.836111949060572E18,50.91334660947232,0.00897325048085301,0.0,47.35518348169783,0.0,118.89999999999799,264.4465725806452,1277.7255871112434,100.0,0.0,3.9465725806451615,100.0,0.0,96.0,607.6720706469669,1419.8148808406906,0.016026846524463904,100.0,1.0,7.418801934523122
101,2036,2,29,3.1672676456999844E18,50.368685963277265,0.00897325048085301,0.0,44.095468540236105,0.0,66.6999999999988,265.93649193548384,1064.7818970573944,100.0,0.0,5.436491935483871,100.0,0.0,96.0,618.0873456438601,1349.1965703345577,0.009087890408198062,100.0,1.0,7.339437097506109
105,2036,2,29,8.00272729626966E18,50.67812641980968,0.00897325048085301,0.0,41.459104529192985,0.0,66.6999999999988,265.84274193548384,1039.1363091323212,100.0,0.0,5.342741935483871,100.0,0.0,96.0,820.9045685957743,1466.519985875705,0.009032399782251585,100.0,1.0,7.384526992600842
107,2036,2,29,3.8962303467200983E18,50.76979447889512,0.00897325048085301,0.0,46.472024045039774,0.0,55.099999999999056,264.5040322580645,1232.4607423634964,100.0,0.0,4.004032258064516,100.0,0.0,96.0,609.6601283144352,1418.5480993446454,0.007448075352346472,100.0,1.0,7.397884338353281
108,2036,2,29,1.4244601342993418E18,50.77674834612143,0.00493035740706212,0.0,51.361541711595834,0.0,84.10000000000043,265.2983870967742,1125.3088637693772,100.0,0.0,4.798387096774194,100.0,0.0,96.0,618.3871568341157,1065.1564008217686,0.011366558150019627,100.0,1.0,7.3988976161491085
119,2036,2,29,8.805755481983441E18,50.755996215886924,0.00897325048085301,0.0,55.994100977500615,0.0,89.89999999999921,266.4102822580645,1430.876722727882,100.0,0.0,5.910282258064516,100.0,0.0,96.0,618.1814179725953,1124.1223857207867,0.012155426556687469,100.0,1.0,7.395873734314946
109,2036,3,1,3.6912901621011497E18,51.66014167532168,0.00897325048085301,0.0,54.839892662762296,0.0,75.40000000000018,266.0897177419355,1391.6483098554368,100.0,0.0,4.089717741935484,100.0,0.0,96.0,612.4079113731458,1145.650265834926,0.010016445244077722,100.0,1.0,7.527620644118315
100,2036,3,1,8.160192525120971E18,50.62105130212523,0.006095958207101262,0.0,18.27730861428534,0.0,127.60000000000228,267.2469758064516,384.40228312725776,100.0,0.0,5.246975806451613,100.0,0.0,96.0,612.7657215218068,1716.7070711674626,0.017298855949936694,100.0,1.0,7.37621033259539
115,2036,3,2,7.810180881598322E18,51.44661245378143,0.005253659532115358,0.0,47.88672204265796,0.0,98.60000000000124,267.15725806451616,1198.878942914914,100.0,0.0,3.657258064516129,100.0,0.0,96.0,609.5669482240517,1303.860571304095,0.013152793437557802,100.0,1.0,7.49650638612243
117,2036,3,2,5.392312879540745E18,51.39824601483517,0.00897325048085301,0.0,64.50930351175452,0.0,92.80000000000169,266.53326612903226,1860.9304259343146,100.0,0.0,3.033266129032258,100.0,0.0,96.0,611.9023528316278,1023.3785309050113,0.012390748604810995,100.0,1.0,7.489458705018835
102,2036,3,4,7.551686037947802E18,51.744248967071925,0.02871440153872973,0.0,56.22117650918786,0.0,104.39999999999851,268.0715725806452,1396.631338601811,100.0,0.0,1.5715725806451613,100.0,0.0,96.0,610.8097314020853,1086.5882720670731,0.013846381047896152,100.0,1.0,7.539876278059043
106,2036,8,11,4.4904735328533463E18,40.39829353829069,0.00897325048085301,0.0,32.667527310955805,0.0,67.1385080645149,303.13104838709677,603.3963259073151,100.0,0.2469758064516129,5.131048387096774,100.0,0.0907258064516129,80.0,275.0,1232.8722901609415,0.011646284222671638,86.08870967741935,1.0,5.764800753687379
110,2036,8,12,4.565563823161268E18,39.78954729185405,0.0017726690005636192,0.0,43.032890170690415,0.0,129.1786290322604,311.23387096774195,821.9660377532472,100.0,0.19959677419354838,5.733870967741935,100.0,0.06048387096774194,80.0,275.0,1080.5235927862082,0.022750144615684507,86.08870967741935,1.0,5.678145401467098
113,2036,8,12,1.9062697412338442E18,39.531886442830604,0.0022288252560489436,0.0,30.30735997032046,0.0,116.00000000000001,305.2116935483871,473.3333588356387,100.0,0.06350806451612903,5.711693548387097,100.0,0.0,80.0,275.0,1086.6623129056952,0.020187158763457398,96.9758064516129,1.0,5.74622716149546
104,2036,8,13,1.8191142937400033E18,38.901089008318905,0.0017111461633968425,0.0,36.57067463497905,0.0,295.7999999999945,318.8719758064516,676.9551797158487,100.0,0.0,5.871975806451613,100.0,0.0,80.0,274.61999999999676,1172.4607667798946,0.052311980072274576,100.0,1.0,5.654536486504913
100,2036,8,13,8.160192525120971E18,39.24176086310894,0.003401535436259685,0.0,14.054106876748248,0.0,295.7999999999945,318.8306451612903,229.20429178794535,100.0,0.0,5.830645161290323,100.0,0.0,80.0,275.0,1395.592685742483,0.051857840938683314,100.0,1.0,5.704055445535195
111,2036,8,14,3.1962213724053494E18,39.15095380711339,0.0023234724186569256,0.0,37.222237831145755,0.0,165.2999999999993,326.07459677419354,715.730632095434,100.0,0.0,5.574596774193548,100.0,0.0,80.0,275.0,1205.6982038187425,0.029046596725976294,100.0,1.0,5.69085602555882
112,2036,8,14,7.785515223895154E18,39.0565102756551,0.0023638699896873124,0.0,32.79634842167066,0.0,136.30000000000163,326.49899193548384,598.8799962450388,100.0,0.0,5.998991935483871,100.0,0.0,80.0,275.0,1225.5230708623847,0.024008618360789855,100.0,1.0,5.6771280192700555
114,2036,8,14,5.836111949060572E18,38.419011857821154,0.001377110264096534,0.0,36.28597547378101,0.0,321.90000000000083,326.81754032258067,737.4292634153256,100.0,0.0,6.317540322580645,100.0,0.0,80.0,275.0,1293.1298357778526,0.057642065507894004,100.0,1.0,5.584463311015755
105,2036,8,14,8.00272729626966E18,38.82426741938996,0.004224694200024963,0.0,34.0557217557855,0.0,281.29999999999484,326.7046370967742,652.7577474409887,100.0,0.0,6.204637096774194,100.0,0.0,80.0,275.0,1262.103617601605,0.04984610304704407,100.0,1.0,5.643369948790333
107,2036,8,14,3.8962303467200983E18,39.30143863971637,0.00897325048085301,0.0,36.45996180573453,0.0,220.39999999999625,326.4506048387097,746.9331922212585,100.0,0.0,5.950604838709677,100.0,0.0,80.0,275.0,1300.2058390355728,0.03858050344662032,100.0,1.0,5.712730014136285
117,2036,8,14,5.392312879540745E18,39.01354069787519,0.0014086735448748855,0.0,45.45455978898543,0.0,139.19999999999865,332.4858870967742,964.3254592876469,100.0,0.0,5.985887096774194,100.0,0.0,80.0,274.79999999999495,1156.0466174036908,0.0245464457795448,100.0,1.0,5.670882100413808
118,2036,8,14,6.784113119771871E18,39.31020919113808,0.0036745497464590604,0.0,31.06510571051981,0.0,316.0999999999996,326.4657258064516,546.5321117922382,100.0,0.0,5.965725806451613,100.0,0.0,80.0,275.0,1211.117686345714,0.05532021883402497,100.0,1.0,5.714004873125714
119,2036,8,14,8.805755481983441E18,38.98907762174689,0.0016476772825657357,0.0,37.6065117927553,0.0,321.90000000000083,326.88608870967744,711.9341645742383,100.0,0.0,6.386088709677419,100.0,0.0,80.0,275.0,1179.8141696976425,0.05679927131751068,100.0,1.0,5.667326226784921
109,2036,8,15,3.6912901621011497E18,39.32025857152612,0.002519160718936834,0.0,35.7376494961083,0.0,194.29999999999774,333.98387096774195,675.7215412108476,100.0,0.0,5.983870967741935,100.0,0.0,80.0,275.0,1213.583335020506,0.033995480502781325,100.0,1.0,5.715465618557772
116,2036,8,15,4.5339596344121354E18,39.30896738239579,0.0020965538506665924,0.0,41.40579525193456,0.0,307.39999999999975,334.1663306451613,911.4742480466127,100.0,0.0,6.16633064516129,100.0,0.0,80.0,275.0,1288.3625576584361,0.0537993435239442,100.0,1.0,5.713824367823128
101,2036,8,15,3.1672676456999844E18,40.099478614119725,0.0022855961489691955,0.0,32.491171911432694,0.0,116.00000000000001,327.33165322580646,603.6568311365279,100.0,0.0,5.331653225806452,100.0,0.0,80.0,275.0,1252.9656615013796,0.01990141756006234,100.0,1.0,5.828730523838959
103,2036,8,15,3.8076780415005327E18,39.74182375148533,0.0012248499154863513,0.0,33.90313918243519,0.0,205.8999999999964,333.75604838709677,615.9859195683888,100.0,0.0,5.756048387096774,100.0,0.0,80.0,275.0,1199.4904164010557,0.035642922158642114,100.0,1.0,5.776742969713922
108,2036,8,15,1.4244601342993418E18,38.89255711662158,0.00897325048085301,0.0,28.997776455825765,0.0,284.2000000000052,333.4405241935484,473.13492279170663,100.0,0.0,5.440524193548387,100.0,0.0,80.0,271.75,1156.4965377141762,0.05027155556643511,100.0,1.0,5.653296318321161
102,2036,8,16,7.551686037947802E18,39.353764689591394,0.003284498711878858,0.0,32.06886080801096,0.0,324.79999999999393,341.19254032258067,586.1090592291285,100.0,0.0,5.692540322580645,100.0,0.0,80.0,275.0,1239.8958777429216,0.05677988186334945,100.0,1.0,5.7203359595161
115,2036,8,18,7.810180881598322E18,39.53919483349005,0.0020848630299379668,0.0,30.574585002168956,0.0,333.49999999999994,349.89112903225805,574.6332455641327,100.0,0.0,5.391129032258065,100.0,0.0,80.0,275.0,1303.2807653203959,0.058027353736039816,100.0,1.0,5.747289485525319
111,2037,2,20,3.1962213724053494E18,44.54088767703329,0.7896460423150647,0.0,40.38119353953037,0.0,84.07661290322625,255.41935483870967,896.1376047270373,100.0,1.591733870967742,6.919354838709677,100.0,0.02217741935483871,96.0,617.9382765970493,1311.1167795284607,0.013183939760654953,87.90322580645162,1.0,6.377199413041727
114,2037,2,22,5.836111949060572E18,46.8043766272809,0.7896460423150647,0.0,40.876845943368686,0.0,78.30000000000146,258.72379032258067,1014.2290504534466,100.0,1.2429435483870968,7.223790322580645,100.0,0.0,96.0,615.1047648697707,1454.923953431135,0.0116879298909035,87.90322580645162,1.0,6.699218829242029
107,2037,2,22,3.8962303467200983E18,47.077048887326015,0.7896460423150647,0.0,37.820720445697695,0.0,75.31229838709696,258.32459677419354,911.5394623169807,100.0,1.5050403225806452,6.824596774193548,100.0,0.0,96.0,613.6372228401714,1481.2694155227896,0.011258290024944637,87.90322580645162,1.0,6.689497092385244
112,2037,2,26,7.785515223895154E18,49.44148211480926,0.00897325048085301,0.0,50.14488922283123,0.0,81.19999999999848,263.351814516129,1193.7782471817998,100.0,0.0,5.851814516129032,100.0,0.0,96.0,613.8714240663717,1186.2591397938663,0.011270999131190243,100.0,1.0,7.204330251015074
113,2037,2,26,1.9062697412338442E18,49.45875204150372,0.00897325048085301,0.0,45.14365028936269,0.0,87.00000000000001,263.58165322580646,935.0163717137114,100.0,0.0,6.081653225806452,100.0,0.0,96.0,611.8762262125463,1135.5556923418328,0.0120718537950247,100.0,1.0,7.206846726047679
116,2037,2,27,4.5339596344121354E18,50.36865339223371,0.3819192789188851,0.0,50.60973637902245,0.0,81.19999999999848,263.4032258064516,1482.7490277274617,100.0,0.0,4.403225806451613,100.0,0.0,96.0,822.1134910302052,1446.094779134875,0.011063525912064534,100.0,1.0,7.339432351439757
102,2037,2,27,7.551686037947802E18,50.71305663665818,0.00897325048085301,0.0,45.08489782846035,0.0,107.30000000000186,263.51512096774195,1028.750597145334,100.0,0.0,4.515120967741935,100.0,0.0,96.0,609.2643518311767,1252.4952490933347,0.014520373999451056,100.0,1.0,7.389616824198766
105,2037,2,27,8.00272729626966E18,50.242854311980196,0.00897325048085301,0.0,50.803579303430155,0.0,116.00000000000001,264.6975806451613,1344.7501177190506,100.0,0.0,5.69758064516129,100.0,0.0,96.0,620.9404919422229,1301.6727348479887,0.015844609990295237,100.0,1.0,7.321101628317111
109,2037,2,28,3.6912901621011497E18,50.493114022512756,0.00897325048085301,0.0,55.74274194887495,0.0,66.6999999999988,265.83870967741933,1420.7268009012728,100.0,0.0,5.338709677419355,100.0,0.0,96.0,615.8242224178305,1127.5119919443262,0.009065495501725595,100.0,1.0,7.3575680432804385
110,2037,2,28,4.565563823161268E18,50.57457716436577,0.0050468225426619825,0.0,57.63115567253223,0.0,92.80000000000169,265.2006048387097,1405.5412064108752,100.0,0.0,4.700604838709677,100.0,0.0,96.0,611.8658959997018,1032.8865808942528,0.012592547101842648,100.0,1.0,7.369438386807576
115,2037,2,28,7.810180881598322E18,50.45472013930488,0.00897325048085301,0.0,47.32763033908251,0.0,107.30000000000186,265.81350806451616,1155.1896127134735,100.0,0.0,5.313508064516129,100.0,0.0,96.0,607.5545851978239,1284.9726960554408,0.0145947207116897,100.0,1.0,7.351973506012999
101,2037,2,28,3.1672676456999844E18,50.55808663620108,0.005024216394654547,0.0,39.12862553444551,0.0,110.19999999999813,266.09375,882.1124078191201,100.0,0.0,5.59375,100.0,0.0,96.0,618.3458763519426,1371.390333373272,0.014958527114481274,100.0,1.0,7.367035481275029
100,2037,2,28,8.160192525120971E18,50.42728590334425,0.00897325048085301,0.0,-2.762758603105097,0.0,75.40000000000018,265.63004032258067,-59.066965681548886,100.0,0.0,5.130040322580645,100.0,0.0,96.0,812.7693027166027,2214.9831570655883,0.010261329181665151,100.0,1.0,7.347975945915876
118,2037,2,28,6.784113119771871E18,50.63690463134414,0.00897325048085301,0.0,48.32753546306602,0.0,110.19999999999813,265.8195564516129,1135.1436595608104,100.0,0.0,5.319556451612903,100.0,0.0,96.0,619.0586163767528,1212.9044669894092,0.014935243678693895,100.0,1.0,7.378520389138723
119,2037,2,28,8.805755481983441E18,50.91757319379621,0.00897325048085301,0.0,55.9231649319273,0.0,60.900000000000986,265.5483870967742,1379.4883581085721,100.0,0.0,5.048387096774194,100.0,0.0,96.0,622.3892673001014,1086.8894904624083,0.008208191205026203,100.0,1.0,7.419417808238859
106,2037,3,1,4.4904735328533463E18,51.16103049695448,0.00897325048085301,0.0,38.60000048048612,0.0,127.60000000000228,266.4344758064516,955.7073036140665,100.0,0.0,4.434475806451613,100.0,0.0,96.0,608.4514138361664,1519.2831289245585,0.0171162751415249,100.0,1.0,7.454893015270512
117,2037,3,1,5.392312879540745E18,51.39128675260443,0.00897325048085301,0.0,61.40898592617698,0.0,107.30000000000186,266.2278225806452,1786.2478005785179,100.0,0.0,4.227822580645161,100.0,0.0,96.0,611.3605802952053,1122.1105110637823,0.014328743169333136,100.0,1.0,7.488444641093782
103,2037,3,3,3.8076780415005327E18,51.446637314924295,0.00897325048085301,0.0,50.787301328309866,0.0,113.10000000000181,268.0070564516129,1224.352742526098,100.0,0.0,3.007056451612903,100.0,0.0,96.0,603.3451765556916,1185.7586864709206,0.015087020475934711,100.0,1.0,7.496510008746093
104,2037,3,3,1.8191142937400033E18,51.490812260970344,0.00897325048085301,0.0,53.46763881065828,0.0,113.10000000000181,268.3719758064516,1389.4033074028878,100.0,0.0,3.371975806451613,100.0,0.0,96.0,609.417089397556,1208.6345268657824,0.0150740770344496,100.0,1.0,7.502946929455668
108,2037,3,4,1.4244601342993418E18,52.47238253203561,0.00897325048085301,0.0,53.656096176848344,0.0,116.00000000000001,268.83165322580646,1191.1654429382822,100.0,0.0,2.3316532258064515,100.0,0.0,96.0,622.5410801736971,1028.5746538592841,0.015171379551643655,100.0,1.0,7.645975740382335
111,2037,8,11,3.1962213724053494E18,38.84248776899057,0.0025121081973272733,0.0,38.0318066764812,0.0,113.15262096774376,302.4304435483871,721.8851946110973,100.0,0.07762096774193548,5.930443548387097,100.0,0.006048387096774193,80.0,275.0,1174.819065207096,0.020041135709038437,96.9758064516129,1.0,5.64601839988103
107,2037,8,13,3.8962303467200983E18,39.82381636096368,0.0016109964956648158,0.0,35.3072727644184,0.0,136.30000000000163,311.30141129032256,706.9945108524844,100.0,0.19657258064516128,5.801411290322581,100.0,0.0,80.0,275.0,1285.2971782228121,0.023985574663006867,85.08064516129032,1.0,5.682582215143594
109,2037,8,14,3.6912901621011497E18,38.9532311943971,0.00897325048085301,0.0,38.684484383723294,0.0,249.39999999999603,319.116935483871,737.0885984427159,100.0,0.0,6.116935483870968,100.0,0.0,80.0,275.0,1167.1501032219765,0.0440471394348308,100.0,1.0,5.662115706037882
114,2037,8,14,5.836111949060572E18,39.07737536027817,0.001845588334194368,0.0,37.030824118783904,0.0,145.00000000000003,318.9133064516129,755.0948967631598,100.0,0.047379032258064516,5.913306451612903,100.0,0.028225806451612902,80.0,275.0,1282.5326717794637,0.02552744588405712,96.9758064516129,1.0,5.680160900490172
116,2037,8,14,4.5339596344121354E18,38.2894860690998,0.0014449678713128833,0.0,43.87220728065403,0.0,249.39999999999603,325.1078629032258,975.0251585009912,100.0,0.0,6.107862903225806,100.0,0.0,80.0,275.0,1245.9746876711308,0.04481069301270846,100.0,1.0,5.565635861272339
102,2037,8,14,7.551686037947802E18,38.41396669503565,0.00897325048085301,0.0,28.09715716441039,0.0,292.89999999999856,325.25504032258067,484.96399770131717,100.0,0.0,6.255040322580645,100.0,0.0,80.0,275.0,1238.7871908163913,0.05245597512212624,100.0,1.0,5.583729962470025
110,2037,8,15,4.565563823161268E18,39.020145164169826,0.00443780933771168,0.0,38.04942208158913,0.0,284.2000000000052,326.6905241935484,698.2353263325458,100.0,0.0,6.190524193548387,100.0,0.0,80.0,275.0,1135.6265756364514,0.05010717766381703,100.0,1.0,5.6718421042745994
112,2037,8,15,7.785515223895154E18,39.24632079021797,0.002602450835514231,0.0,33.82744641294294,0.0,191.39999999999657,326.01612903225805,617.3626975618456,100.0,0.0,5.516129032258065,100.0,0.0,80.0,275.0,1205.9273627030325,0.03355117487254541,100.0,1.0,5.704718261792294
105,2037,8,15,8.00272729626966E18,38.63011562784653,0.004803667280970593,0.0,34.9361144774284,0.0,287.10000000000196,326.96673387096774,687.8185511189392,100.0,0.0,6.466733870967742,100.0,0.0,80.0,275.0,1279.1004905706566,0.051129545583891454,100.0,1.0,5.6151486722865345
119,2037,8,15,8.805755481983441E18,38.985118038360454,0.002872359308851796,0.0,36.78841726571436,0.0,304.49999999999994,326.5897177419355,675.9396976123336,100.0,0.0,6.089717741935484,100.0,0.0,80.0,275.0,1160.2407113889994,0.053734497507991086,100.0,1.0,5.666750674549743
113,2037,8,16,1.9062697412338442E18,38.915824212103544,0.0015000418724261137,0.0,27.695390186380294,0.0,324.79999999999393,334.0766129032258,450.6647892370744,100.0,0.0,6.076612903225806,100.0,0.0,80.0,275.0,1174.5342205506354,0.05741885608729007,100.0,1.0,5.656678348071269
115,2037,8,16,7.810180881598322E18,38.72785059076076,0.00897325048085301,0.0,29.49184729429653,0.0,278.3999999999973,339.6975806451613,534.4477322667318,100.0,0.0,5.69758064516129,100.0,0.0,80.0,275.0,1275.5402781078842,0.04945504316921327,100.0,1.0,5.6293551104067525
103,2037,8,16,3.8076780415005327E18,38.958860524378984,0.0019721429628248425,0.0,33.5146289223538,0.0,252.2999999999956,333.9284274193548,610.6346117828875,100.0,0.0,5.928427419354839,100.0,0.0,80.0,266.8800000000032,1209.9861651082604,0.04455287691144522,100.0,1.0,5.662933967237973
106,2037,8,16,4.4904735328533463E18,39.381885732373505,0.0020533753960762123,0.0,26.377764476920373,0.0,324.79999999999393,333.86290322580646,491.9786596276094,100.0,0.0,5.862903225806452,100.0,0.0,80.0,275.0,1371.4284917793227,0.05673933760150547,100.0,1.0,5.724423543347394
108,2037,8,16,1.4244601342993418E18,39.06234942742343,0.003258260886293756,0.0,27.002580536468123,0.0,298.7000000000056,333.8477822580645,433.81841463334104,100.0,0.0,5.847782258064516,100.0,0.0,80.0,275.0,1170.7687105862465,0.052606766741131544,100.0,1.0,5.677976779486462
100,2037,8,16,8.160192525120971E18,39.61272530447026,0.001852446424618706,0.0,10.982063518553769,0.0,145.00000000000003,333.46774193548384,185.95439147480775,100.0,0.0,5.467741935483871,100.0,0.0,80.0,275.0,1503.4519577783726,0.025182452788420365,100.0,1.0,5.757977636978845
117,2037,8,16,5.392312879540745E18,39.68636192824739,0.002670610262158637,0.0,48.65716842894065,0.0,318.99999999999994,333.3034274193548,1090.5840468896843,100.0,0.0,5.303427419354839,100.0,0.0,80.0,275.0,1149.8534235101927,0.05529860082737959,100.0,1.0,5.768681218459615
118,2037,8,16,6.784113119771871E18,39.719477024445126,0.0016879703688587348,0.0,31.066890614211875,0.0,324.79999999999393,333.71370967741933,557.6201072001824,100.0,0.0,5.713709677419355,100.0,0.0,80.0,275.0,1235.5763323238582,0.05625708789110794,100.0,1.0,5.7734947217438926
101,2037,8,17,3.1672676456999844E18,39.30116827327111,0.0019940556624117806,0.0,24.193892463281912,0.0,205.8999999999964,341.101814516129,413.2369730331316,100.0,0.0,5.601814516129032,100.0,0.0,80.0,275.0,1292.4127093307775,0.03604256037803452,100.0,1.0,5.712690714544198
104,2037,8,17,1.8191142937400033E18,38.96393852124056,0.0013741578071750445,0.0,37.549065174481456,0.0,310.2999999999942,340.99899193548384,736.9059807119921,100.0,0.0,5.498991935483871,100.0,0.0,80.0,275.0,1224.2480171776199,0.05478777640276997,100.0,1.0,5.6636720884388
100,2038,2,22,8.160192525120971E18,46.207743830896575,0.7941326675554918,0.0,1.3726900138437566,0.0,78.1362903225821,256.83165322580646,39.46642579404949,100.0,1.5403225806451613,6.831653225806452,100.0,0.1592741935483871,96.0,617.1875296623979,1996.9194517295368,0.01200019188763303,87.90322580645162,1.0,6.511253407798135
105,2038,2,24,8.00272729626966E18,47.665586490843495,0.7941326675554918,0.0,44.73744753584129,0.0,84.10000000000043,259.726814516129,1123.8592479986476,100.0,1.4747983870967742,6.726814516129032,100.0,0.0,96.0,624.5637379057447,1376.402332736384,0.012322587768946965,87.90322580645162,1.0,6.824865164436744
112,2038,2,27,7.785515223895154E18,49.445708016421456,0.00897325048085301,0.0,45.450401261637545,0.0,55.099999999999056,263.6602822580645,1034.315011516542,100.0,0.0,6.160282258064516,100.0,0.0,96.0,619.6398297104722,1240.700160615355,0.00764752432660831,100.0,1.0,7.204946025249978
116,2038,2,27,4.5339596344121354E18,49.61759023079546,0.00897325048085301,0.0,54.861216656375106,0.0,113.10000000000181,263.23387096774195,1581.1155926769466,100.0,0.0,5.733870967741935,100.0,0.0,96.0,614.2367547240951,1300.3765569080585,0.015643171443390877,100.0,1.0,7.229991719344464
104,2038,2,27,1.8191142937400033E18,48.99284395221562,0.00897325048085301,0.0,44.99376211428862,0.0,92.80000000000169,263.25504032258067,1070.9778015807751,100.0,0.0,5.755040322580645,100.0,0.0,96.0,615.465407925786,1308.425667255273,0.012999097291008552,100.0,1.0,7.138957261608563
119,2038,2,27,8.805755481983441E18,48.86019504026427,0.00897325048085301,0.0,53.22301521399479,0.0,89.89999999999921,263.8165322580645,1280.899777038831,100.0,0.0,6.316532258064516,100.0,0.0,96.0,620.9105674254638,1125.1494427296627,0.012627063477853494,100.0,1.0,7.119628420152802
111,2038,2,28,3.1962213724053494E18,50.03882491007419,0.00897325048085301,0.0,44.142926219208,0.0,121.80000000000199,264.7459677419355,1086.9899378183748,100.0,0.0,5.745967741935484,100.0,0.0,96.0,622.9945134404794,1374.4234866440106,0.01670467590802486,100.0,1.0,7.291371629753663
101,2038,2,28,3.1672676456999844E18,50.0978484748235,0.006354993258394501,0.0,39.04557332247056,0.0,113.10000000000181,265.0534274193548,865.4300837676279,100.0,0.0,6.053427419354839,100.0,0.0,96.0,610.0596597951246,1350.3472728446557,0.015493209673032395,100.0,1.0,7.299972206331435
106,2038,2,28,4.4904735328533463E18,50.367540187244536,0.00897325048085301,0.0,38.49515071129029,0.0,87.00000000000001,263.8215725806452,971.2991164159721,100.0,0.0,4.821572580645161,100.0,0.0,96.0,614.5727458869906,1551.0036414313383,0.011854039750796,100.0,1.0,7.33927014156992
107,2038,2,28,3.8962303467200983E18,49.30004635508546,0.004903415563307674,0.0,36.64732134447571,0.0,72.49999999999999,265.8215725806452,965.3455616917099,100.0,0.0,6.821572580645161,100.0,0.0,96.0,614.1292118487058,1667.6296362189246,0.010092262713593146,100.0,1.0,7.1837210403124585
113,2038,3,1,1.9062697412338442E18,51.00390908589658,0.00897325048085301,0.0,50.69262192556864,0.0,95.69999999999828,265.2227822580645,1141.6137820962322,100.0,0.0,4.722782258064516,100.0,0.0,96.0,605.9366292044385,1109.8546401164278,0.012876752344144296,100.0,1.0,7.431998181087784
114,2038,3,1,5.836111949060572E18,50.797656972347404,0.006549817869235783,0.0,49.644947002298494,0.0,92.80000000000169,265.11995967741933,1366.5461325702981,100.0,0.0,4.619959677419355,100.0,0.0,96.0,610.0445687151893,1385.5110984828252,0.012537246460889656,100.0,1.0,7.401944301684925
115,2038,3,1,7.810180881598322E18,50.188570192645045,0.00897325048085301,0.0,42.797988173645386,0.0,81.19999999999848,266.89012096774195,1064.1057445087597,100.0,0.0,6.390120967741935,100.0,0.0,96.0,609.321404225312,1421.5179741046654,0.011103223300081927,100.0,1.0,7.313191656642567
102,2038,3,1,7.551686037947802E18,50.62595854256205,0.005259818570253837,0.0,45.275982247235895,0.0,101.50000000000001,265.976814516129,1022.9736975390607,100.0,0.0,5.476814516129032,100.0,0.0,96.0,617.7016606691664,1235.6993732667581,0.01375911977775916,100.0,1.0,7.376925387630467
103,2038,3,1,3.8076780415005327E18,51.1559697622095,0.00897325048085301,0.0,53.39428306798137,0.0,116.00000000000001,264.414314516129,1303.6766100538198,100.0,0.0,3.9143145161290325,100.0,0.0,96.0,622.9229873419571,1137.442541895975,0.015561789466077886,100.0,1.0,7.454155593921941
108,2038,3,1,1.4244601342993418E18,51.12231440353767,0.0064278298573445716,0.0,52.861486748990146,0.0,116.00000000000001,264.3346774193548,1173.3387658875752,100.0,0.0,3.8346774193548385,100.0,0.0,96.0,613.5066223757353,1045.8990300417236,0.01557203426059013,100.0,1.0,7.449251527372634
110,2038,3,2,4.565563823161268E18,51.07390136272867,0.00897325048085301,0.0,55.44072904585965,0.0,101.50000000000001,266.89112903225805,1288.304716226965,100.0,0.0,4.891129032258065,100.0,0.0,96.0,614.7613271683347,1034.990204551271,0.013638445641814712,100.0,1.0,7.442197055711883
118,2038,3,2,6.784113119771871E18,51.380961560822996,0.00897325048085301,0.0,49.32091364095341,0.0,124.699999999998,265.93548387096774,1213.473374024888,100.0,0.0,3.935483870967742,100.0,0.0,96.0,614.4537792297014,1246.3247325006155,0.016655669487859404,100.0,1.0,7.486940113148494
117,2038,3,3,5.392312879540745E18,51.59874450051151,0.00897325048085301,0.0,65.20022133319813,0.0,37.70000000000009,267.29637096774195,1976.220068850953,100.0,0.0,3.7963709677419355,100.0,0.0,96.0,614.4028002819285,1054.4217209959263,0.005014181889513095,100.0,1.0,7.5186741986459875
109,2038,3,4,3.6912901621011497E18,51.75625879877981,0.0046980369009701735,0.0,57.243573600858674,0.0,107.30000000000186,269.2368951612903,1540.8411526459386,100.0,0.0,4.236895161290323,100.0,0.0,96.0,615.5542612915832,1150.3866497989695,0.014227700496717142,100.0,1.0,7.5416262821079165
100,2038,8,12,8.160192525120971E18,38.619269771958805,0.002404407953068874,0.0,11.143073710647558,0.0,142.1000000000026,309.97983870967744,191.81040954284077,100.0,0.06048387096774194,5.979838709677419,100.0,0.0,80.0,275.0,1522.587887003459,0.025313649866428097,96.9758064516129,1.0,5.613572153751757
112,2038,8,14,7.785515223895154E18,38.81040336069387,0.004116169945345434,0.0,30.50213147446615,0.0,292.89999999999856,319.0766129032258,531.2375499091737,100.0,0.0,6.076612903225806,100.0,0.0,80.0,275.0,1208.6604065759068,0.0519201530210778,100.0,1.0,5.641354714056625
114,2038,8,14,5.836111949060572E18,37.9121146823258,0.00223660281177793,0.0,35.909326069497745,0.0,318.99999999999994,325.4203629032258,724.0928296031964,100.0,0.0,6.420362903225806,100.0,0.0,80.0,275.0,1290.4740644213064,0.05788651740875238,100.0,1.0,5.510782376964476
116,2038,8,14,4.5339596344121354E18,38.82241832502793,0.002977189940561728,0.0,44.47480304948844,0.0,232.00000000000003,318.9022177419355,982.7954539273787,100.0,0.0,5.902217741935484,100.0,0.0,80.0,275.0,1225.684839334239,0.04111214613984588,100.0,1.0,5.643101170414106
104,2038,8,14,1.8191142937400033E18,39.27735235730921,0.0028129311852203897,0.0,36.53265627023255,0.0,118.89999999999799,318.84173387096774,695.6766827127201,100.0,0.0,5.841733870967742,100.0,0.0,80.0,275.0,1207.200526812622,0.020825929713772146,100.0,1.0,5.709228910024106
118,2038,8,14,6.784113119771871E18,38.95086307980476,0.002771232390627864,0.0,33.971211954535136,0.0,310.2999999999942,319.2358870967742,632.521788553329,100.0,0.0,6.235887096774194,100.0,0.0,80.0,275.0,1227.6259576322514,0.054806168148295184,100.0,1.0,5.661771484559562
109,2038,8,15,3.6912901621011497E18,39.51301346341636,0.001642249355939429,0.0,41.3828766028089,0.0,321.90000000000083,325.93649193548384,832.5842828444402,100.0,0.0,5.436491935483871,100.0,0.0,80.0,275.0,1178.1047786824863,0.05604612263520364,100.0,1.0,5.743483846245757
111,2038,8,15,3.1962213724053494E18,39.7594229194965,0.002959515330096638,0.0,35.13842849075696,0.0,217.50000000000003,326.2368951612903,672.5337667539609,100.0,0.0,5.736895161290323,100.0,0.0,80.0,275.0,1240.0467431962043,0.03763430823003705,100.0,1.0,5.779301127857769
113,2038,8,15,1.9062697412338442E18,38.97622756858522,0.002502300747588688,0.0,29.76742726130608,0.0,301.6000000000007,326.46370967741933,500.413318953578,100.0,0.0,5.963709677419355,100.0,0.0,80.0,275.0,1178.7941689903842,0.053234880485390615,100.0,1.0,5.66545838461626
103,2038,8,15,3.8076780415005327E18,38.65991281961776,0.0019305616352954006,0.0,33.321081244146114,0.0,321.90000000000083,326.7368951612903,600.8751654126764,100.0,0.0,6.236895161290323,100.0,0.0,80.0,275.0,1200.4523933948633,0.05728288132955453,100.0,1.0,5.61947989571397
105,2038,8,15,8.00272729626966E18,39.14557593068743,0.0034645754752328094,0.0,37.341363645615985,0.0,133.3999999999976,326.23790322580646,762.3260101935737,100.0,0.03024193548387097,5.737903225806452,100.0,0.0,80.0,275.0,1277.4995835725244,0.023444333521658183,96.9758064516129,1.0,5.6900743148343675
106,2038,8,15,4.4904735328533463E18,39.08163375200589,0.0036715427499398588,0.0,28.835364114603898,0.0,185.60000000000338,326.25100806451616,552.5082091861111,100.0,0.0,5.751008064516129,100.0,0.0,80.0,275.0,1361.7349303486467,0.03267157040176471,100.0,1.0,5.680779886539476
107,2038,8,15,3.8962303467200983E18,39.389371326854345,0.004049300758507684,0.0,32.03828454823602,0.0,272.60000000000326,320.508064516129,660.032021538314,100.0,0.0,6.008064516129032,100.0,0.0,80.0,275.0,1397.714914007837,0.047611465637847315,100.0,1.0,5.725511625151652
108,2038,8,15,1.4244601342993418E18,39.01687817838628,0.004268910790129884,0.0,29.896860687971326,0.0,255.20000000000456,326.2288306451613,492.70728465426487,100.0,0.0,5.72883064516129,100.0,0.0,80.0,275.0,1153.4783198902592,0.044997967833865865,100.0,1.0,5.671367225787002
110,2038,8,16,4.565563823161268E18,39.58924669430921,0.003340748503668292,0.0,35.99736103425521,0.0,261.00000000000006,327.6844758064516,631.0725357965363,100.0,0.0,5.684475806451613,100.0,0.0,80.0,275.0,1120.470900102541,0.0453552972731603,100.0,1.0,5.754564862139064
115,2038,8,16,7.810180881598322E18,38.90865082388924,0.00897325048085301,0.0,30.898793462991126,0.0,281.29999999999484,328.0141129032258,581.9317454609902,100.0,0.0,6.014112903225806,100.0,0.0,80.0,275.0,1299.7086521873557,0.04973799896769246,100.0,1.0,5.655635647560218
101,2038,8,16,3.1672676456999844E18,38.40922501692559,0.00897325048085301,0.0,21.228628994286968,0.0,301.6000000000007,334.37298387096774,348.0986512182178,100.0,0.0,6.372983870967742,100.0,0.0,80.0,273.11999999999676,1288.6565582823969,0.05402074151380793,100.0,1.0,5.583040727475214
102,2038,8,16,7.551686037947802E18,38.98338605518886,0.0021426099524481886,0.0,30.01676832245109,0.0,324.79999999999393,333.3608870967742,521.2897467755658,100.0,0.0,5.360887096774194,100.0,0.0,80.0,275.0,1213.6835438220523,0.05731934385560202,100.0,1.0,5.666498919077387
117,2038,8,16,5.392312879540745E18,38.79665178899216,0.00323710334807108,0.0,47.805577750501634,0.0,318.99999999999994,334.023185483871,1067.0459236971108,100.0,0.0,6.023185483870968,100.0,0.0,80.0,275.0,1163.973534501328,0.05656674443189325,100.0,1.0,5.639355830068639
119,2038,8,16,8.805755481983441E18,38.21650806565586,0.0015643742121431358,0.0,34.0015780036262,0.0,304.49999999999994,334.27923387096774,617.1997033838959,100.0,0.0,6.279233870967742,100.0,0.0,80.0,275.0,1195.9754681856257,0.05481520510670629,100.0,1.0,5.555028014713136
103,2039,2,21,3.8076780415005327E18,44.53426327871271,1.1444735745968222,0.0,33.490610461791704,0.0,80.93689516128882,255.56754032258064,673.8613372019885,100.0,1.4727822580645162,7.067540322580645,100.0,0.0,96.0,809.7982788702108,1326.646440069265,0.012789758029041342,87.90322580645162,1.0,6.328258515720759
114,2039,2,22,5.836111949060572E18,46.16700426596052,0.7986192927959201,0.0,38.645608585435895,0.0,72.1491935483871,257.0483870967742,1004.1973829552453,100.0,1.5383064516129032,7.048387096774194,100.0,0.0,96.0,807.2746518754217,1580.75967250113,0.010996947274651619,87.90322580645162,1.0,6.5608383623602275
101,2039,2,22,3.1672676456999844E18,46.2064273590395,0.8075615392985829,0.0,16.08051143699921,0.0,80.93689516128882,256.929435483871,319.1184942993332,100.0,1.6814516129032258,6.929435483870968,100.0,0.0,96.0,816.3209533063774,1629.8739270233852,0.012376181972506365,87.6008064516129,1.0,6.539730535724974
119,2039,2,22,8.805755481983441E18,45.467483559695154,0.7986192927959201,0.0,34.18133201806905,0.0,63.71229838709791,257.1431451612903,703.510417469961,100.0,1.470766129032258,7.143145161290323,100.0,0.06048387096774194,96.0,820.3262403713221,1346.2891764013552,0.009786977153560843,87.6008064516129,1.0,6.50990570300015
111,2039,2,23,3.1962213724053494E18,46.664377381946125,0.7986192927959201,0.0,28.36062488022666,0.0,69.42459677419285,258.4828629032258,635.6004081272038,100.0,1.471774193548387,6.982862903225806,100.0,0.06048387096774194,96.0,806.4637532898888,1586.3581076899475,0.010465306234523556,87.90322580645162,1.0,6.633785502154825
112,2039,2,23,7.785515223895154E18,46.5416329576103,0.7986192927959201,0.0,40.18116877760964,0.0,84.10000000000043,258.49395161290323,882.2168610970399,100.0,1.310483870967742,6.993951612903226,100.0,0.05241935483870968,96.0,614.3506556601873,1297.3230007138045,0.012769643873311037,87.6008064516129,1.0,6.58593151338951
102,2039,2,26,7.551686037947802E18,48.66374029240041,0.007110341110026172,0.0,48.39548222948199,0.0,118.89999999999799,262.34375,1103.9679486108048,100.0,0.0,6.34375,100.0,0.0,96.0,607.6717761708547,1176.4859793238265,0.016767728646708155,100.0,1.0,7.091002156892638
104,2039,2,26,1.8191142937400033E18,48.39291221723419,0.00897325048085301,0.0,49.59323528531386,0.0,104.39999999999851,262.4727822580645,1233.8966842535015,100.0,0.0,6.472782258064516,100.0,0.0,96.0,617.544643374509,1253.3781683333973,0.014805279438837481,100.0,1.0,7.051538637368404
113,2039,2,28,1.9062697412338442E18,50.25706789542345,0.00897325048085301,0.0,53.279164512695544,0.0,81.19999999999848,264.7540322580645,1237.7601600992195,100.0,0.0,5.754032258064516,100.0,0.0,96.0,611.0220956970768,1085.010157355501,0.011088090198981134,100.0,1.0,7.323172750475985
105,2039,2,28,8.00272729626966E18,49.94290113584894,0.00897325048085301,0.0,51.27620483093187,0.0,72.49999999999999,263.5897177419355,1393.091905681229,100.0,0.0,4.589717741935484,100.0,0.0,96.0,615.4896057426205,1323.135946814215,0.00996235717773917,100.0,1.0,7.277394165509426
100,2039,2,28,8.160192525120971E18,49.41035667367963,0.0057966734372435665,0.0,3.4010595596664013,0.0,63.800000000001134,265.1834677419355,78.91240146476787,100.0,0.0,6.183467741935484,100.0,0.0,96.0,612.6880461028086,2226.1516216592286,0.008861363623552684,100.0,1.0,7.199794829593342
118,2039,2,28,6.784113119771871E18,50.39844545778405,0.00897325048085301,0.0,55.504889506049075,0.0,121.80000000000199,263.84576612903226,1448.4162177240098,100.0,0.0,4.845766129032258,100.0,0.0,96.0,617.9174008433466,1160.6445953286468,0.01658547888429142,100.0,1.0,7.34377348099139
109,2039,3,1,3.6912901621011497E18,50.167295906260975,0.005278382635795918,0.0,51.51421576683884,0.0,87.00000000000001,266.01209677419354,1311.4522760931761,100.0,0.0,5.512096774193548,100.0,0.0,96.0,612.8910484470339,1233.7043248808968,0.011901355509474408,100.0,1.0,7.310091689198027
115,2039,3,1,7.810180881598322E18,50.74839287037362,0.00897325048085301,0.0,44.494159336264694,0.0,116.00000000000001,265.3709677419355,1153.1062315377699,100.0,0.0,4.870967741935484,100.0,0.0,96.0,616.3000081669182,1437.9156891443938,0.015686771271870004,100.0,1.0,7.394765818254439
107,2039,3,1,3.8962303467200983E18,51.03359903361892,0.00897325048085301,0.0,39.9753137340811,0.0,139.19999999999865,265.8024193548387,1135.2036115611354,100.0,0.0,5.30241935483871,100.0,0.0,96.0,616.1247474823144,1703.889594424849,0.018718925095166036,100.0,1.0,7.436324430613036
108,2039,3,1,1.4244601342993418E18,50.6231770047176,0.00897325048085301,0.0,44.009687756719416,0.0,92.80000000000169,266.21270161290323,925.361539711472,100.0,0.0,5.712701612903226,100.0,0.0,96.0,610.8771984867027,1176.6746301087114,0.012580457861005076,100.0,1.0,7.3765200778302775
117,2039,3,1,5.392312879540745E18,50.8101959987761,0.00652125761689902,0.0,65.50498563588756,0.0,118.89999999999799,264.7056451612903,1991.2824692520924,100.0,0.0,4.205645161290323,100.0,0.0,96.0,611.286096318197,1048.3407274306164,0.016059382887964144,100.0,1.0,7.403771416964516
110,2039,3,2,4.565563823161268E18,51.45968352606075,0.004368671120181615,0.0,56.77130505739569,0.0,78.30000000000146,265.68548387096774,1343.4009168437692,100.0,0.0,3.685483870967742,100.0,0.0,96.0,612.5895871163912,1022.5708857255835,0.01044221231761652,100.0,1.0,7.4984110280831535
106,2039,3,3,4.4904735328533463E18,50.92100046080159,0.17635582017052553,0.0,34.27958449195995,0.0,124.699999999998,268.81754032258067,855.2044750171176,100.0,0.0,5.317540322580645,100.0,0.0,96.0,615.2503291480939,1638.7734547903628,0.016806117436444497,100.0,1.0,7.419917210002522
116,2039,3,4,4.5339596344121354E18,51.91811384283487,0.00897325048085301,0.0,60.06053251597152,0.0,84.10000000000043,267.6693548387097,1862.724267676033,100.0,0.0,2.6693548387096775,100.0,0.0,96.0,618.1730616654936,1238.3071273289158,0.01111667624313656,100.0,1.0,7.565210874241642
112,2039,8,12,7.785515223895154E18,38.80217892745218,0.00897325048085301,0.0,33.69697145691761,0.0,182.70000000000175,309.6108870967742,614.805636614502,100.0,0.03024193548387097,5.610887096774194,100.0,0.0,80.0,275.0,1208.571568108501,0.032392702461339726,96.9758064516129,1.0,5.640159237039634
101,2039,8,12,3.1672676456999844E18,38.19085028608166,0.002433093948170558,0.0,23.830679084490257,0.0,133.3999999999976,310.2147177419355,392.7211954628156,100.0,0.09576612903225806,6.214717741935484,100.0,0.0,80.0,275.0,1245.8488779740676,0.024238816160217624,96.9758064516129,1.0,5.503569114853994
111,2039,8,13,3.1962213724053494E18,39.18253291256648,0.001828290644020589,0.0,34.79162168036543,0.0,127.60000000000228,311.6774193548387,657.1118603826369,100.0,0.07459677419354839,6.17741935483871,100.0,0.0,80.0,275.0,1229.9790290932356,0.022403863389416225,96.9758064516129,1.0,5.695446262196081
114,2039,8,13,5.836111949060572E18,39.34482836356133,0.0031265681117954836,0.0,41.967173458138376,0.0,101.50000000000001,311.3719758064516,915.2219224448168,100.0,0.14415322580645162,5.871975806451613,100.0,0.0,80.0,275.0,1260.7604078745328,0.01790178747900818,96.9758064516129,1.0,5.6698248774889075
103,2039,8,13,3.8076780415005327E18,38.46705910482381,0.002044952251789657,0.0,31.409534887017916,0.0,148.33850806451338,317.9193548387097,547.8845202155813,100.0,0.20161290322580644,6.419354838709677,100.0,0.06048387096774194,80.0,275.0,1185.6329869093124,0.027027449539446545,86.08870967741935,1.0,5.4884389978423025
104,2039,8,13,1.8191142937400033E18,38.26763867501858,0.0036866271490768425,0.0,36.63555535581274,0.0,191.39999999999657,317.51612903225805,698.602439846761,100.0,0.0,6.016129032258065,100.0,0.0,80.0,268.17999999999483,1206.3701121830768,0.034409234996676474,100.0,1.0,5.562460194726316
119,2039,8,13,8.805755481983441E18,39.02047276065523,0.0017587711644165048,0.0,33.60286360203314,0.0,171.5385080645193,311.0524193548387,594.0836703578474,100.0,0.03326612903225806,5.55241935483871,100.0,0.06048387096774194,80.0,275.0,1172.210763418451,0.030243625396981395,96.9758064516129,1.0,5.671889722640213
118,2039,8,14,6.784113119771871E18,37.90138797780443,0.005505061644695088,0.0,35.73852193972531,0.0,298.7000000000056,325.16733870967744,677.9370015963791,100.0,0.0,6.167338709677419,100.0,0.0,80.0,275.0,1217.1450201667467,0.05421817021298654,100.0,1.0,5.509223177886955
109,2039,8,15,3.6912901621011497E18,38.67492500741029,0.0031640516505123616,0.0,38.94011387589461,0.0,266.79999999999524,326.4092741935484,762.7710884442964,100.0,0.0,5.909274193548387,100.0,0.0,80.0,275.0,1194.5244974217062,0.0474592743407045,100.0,1.0,5.621662018779926
113,2039,8,15,1.9062697412338442E18,39.16717354982224,0.00897325048085301,0.0,34.22796414920249,0.0,292.89999999999856,326.6209677419355,605.9670607752606,100.0,0.0,6.120967741935484,100.0,0.0,80.0,275.0,1162.8174063007582,0.05144721711240553,100.0,1.0,5.693213674901985
102,2039,8,15,7.551686037947802E18,38.37097344156638,0.002496730796008068,0.0,28.895432346220804,0.0,255.20000000000456,326.99495967741933,502.8788001544924,100.0,0.0,6.494959677419355,100.0,0.0,80.0,275.0,1235.1121569905781,0.04575542582787345,100.0,1.0,5.5774806021921215
105,2039,8,15,8.00272729626966E18,38.795369907084975,0.0013894782410735537,0.0,37.011276115031706,0.0,316.0999999999996,326.25100806451616,755.9999199094261,100.0,0.0,5.751008064516129,100.0,0.0,80.0,275.0,1284.727702713257,0.056054353395091995,100.0,1.0,5.63916949986041
108,2039,8,15,1.4244601342993418E18,38.482563298707696,0.002924788292324979,0.0,25.367468297821965,0.0,313.20000000000584,326.8568548387097,404.91928268522366,100.0,0.0,6.356854838709677,100.0,0.0,80.0,272.049999999995,1189.0791855805094,0.05599155249726966,100.0,1.0,5.5937009429284625
100,2039,8,15,8.160192525120971E18,38.51558203690847,0.0016860673582963215,0.0,4.609299653124529,0.0,321.90000000000083,326.7641129032258,81.50031432933196,100.0,0.0,6.264112903225806,100.0,0.0,80.0,275.0,1669.5460573510218,0.0574975394668823,100.0,1.0,5.598500439925961
117,2039,8,15,5.392312879540745E18,38.20598661388831,0.0016709963651495396,0.0,47.879549925794905,0.0,321.90000000000083,332.8024193548387,1072.2985182603381,100.0,0.0,6.30241935483871,100.0,0.0,80.0,275.0,1165.8866084343715,0.05796346056018545,100.0,1.0,5.553498650512093
110,2039,8,16,4.565563823161268E18,39.0053079702852,0.0019678180879063607,0.0,34.437803923779946,0.0,324.79999999999393,333.82358870967744,600.6785842356983,100.0,0.0,5.823588709677419,100.0,0.0,80.0,275.0,1142.4300137731254,0.05728712901473121,100.0,1.0,5.669685417757147
115,2039,8,16,7.810180881598322E18,39.25248245198712,0.001830528453866386,0.0,31.16528889127948,0.0,159.50000000000003,333.5554435483871,604.4365120814572,100.0,0.0,5.555443548387097,100.0,0.0,80.0,275.0,1333.0346714632217,0.027954923478348964,100.0,1.0,5.7056139010193485
116,2039,8,16,4.5339596344121354E18,38.04381737594086,0.0015720480870450313,0.0,42.791044824585484,0.0,324.79999999999393,339.9858870967742,953.552479331632,100.0,0.0,5.985887096774194,100.0,0.0,80.0,275.0,1273.1660381582703,0.0587349604765519,100.0,1.0,5.52992625456282
106,2039,8,16,4.4904735328533463E18,38.704895272541435,0.0018471079622999213,0.0,27.04888475165376,0.0,275.50000000000006,333.8024193548387,512.0689316010715,100.0,0.0,5.80241935483871,100.0,0.0,80.0,271.35999999999314,1378.9448525360988,0.048968912014226304,100.0,1.0,5.6260183995912065
107,2039,8,17,3.8962303467200983E18,39.08459196292852,0.002351480733976167,0.0,31.516400734358434,0.0,327.70000000000607,340.87399193548384,671.5368425027468,100.0,0.0,5.373991935483871,100.0,0.0,80.0,273.049999999995,1457.4566157229428,0.05768137540715473,100.0,1.0,5.681209882511896
113,2040,2,22,1.9062697412338442E18,47.51456544686153,0.8094003393248542,0.0,48.844344771916916,0.0,72.24274193548386,256.75,1083.871547782013,100.0,1.435483870967742,6.75,100.0,0.0,96.0,812.3509926427182,1123.2069876788253,0.010744602114619995,87.90322580645162,1.0,6.723631193116439
116,2040,2,27,4.5339596344121354E18,48.8574548765676,0.005559634746501256,0.0,59.577755962719365,0.0,124.699999999998,264.1975806451613,1834.7585882842893,100.0,0.0,6.69758064516129,100.0,0.0,96.0,609.7422671623724,1244.1604269239783,0.017515941341756564,100.0,1.0,7.119229139156995
111,2040,2,28,3.1962213724053494E18,50.89563750161909,0.004285219904896377,0.0,42.806885209457036,0.0,98.60000000000124,263.2943548387097,1089.9211631303824,100.0,0.0,4.294354838709677,100.0,0.0,96.0,611.1008642662091,1455.6759348960957,0.01329518009564472,100.0,1.0,7.41622146452164
112,2040,2,28,7.785515223895154E18,50.16424033638679,0.00897325048085301,0.0,49.240536909602106,0.0,130.50000000000003,264.9788306451613,1188.8184624204684,100.0,0.0,5.97883064516129,100.0,0.0,96.0,608.9529289080024,1224.9133141130797,0.01785312065504361,100.0,1.0,7.309646449016352
114,2040,2,28,5.836111949060572E18,49.957697346348596,0.00897325048085301,0.0,45.66180929520363,0.0,81.19999999999848,264.81754032258067,1266.4115516617303,100.0,0.0,5.817540322580645,100.0,0.0,96.0,620.0311115700781,1506.353081918378,0.011154535368141916,100.0,1.0,7.279550184753639
115,2040,2,28,7.810180881598322E18,49.80051767037021,0.00897325048085301,0.0,36.17013632283425,0.0,98.60000000000124,265.63709677419354,929.9347920561793,100.0,0.0,6.637096774193548,100.0,0.0,96.0,611.1073849067986,1639.6643886095626,0.013587542827276077,100.0,1.0,7.256646860539669
102,2040,2,28,7.551686037947802E18,49.59438458972968,0.0067366745351749345,0.0,48.55607663610309,0.0,127.60000000000228,265.5584677419355,1146.4261567345184,100.0,0.0,6.558467741935484,100.0,0.0,96.0,617.3333627856235,1213.8636375915792,0.017656964225969317,100.0,1.0,7.226610325932028
106,2040,2,28,4.4904735328533463E18,50.154595958590924,0.00897325048085301,0.0,29.023804886762896,0.0,101.50000000000001,264.2852822580645,702.6480650811452,100.0,0.0,5.285282258064516,100.0,0.0,96.0,815.4443633342087,1717.029463866563,0.013888430644044826,100.0,1.0,7.308241125394671
107,2040,2,28,3.8962303467200983E18,50.79941317505526,0.00897325048085301,0.0,34.960708698967494,0.0,87.00000000000001,263.914314516129,931.7896323366468,100.0,0.0,4.914314516129032,100.0,0.0,96.0,610.3634983075984,1732.5811571371066,0.011753262217261088,100.0,1.0,7.4022002055080485
100,2040,2,28,8.160192525120971E18,49.98132341140209,0.00897325048085301,0.0,-10.881994223067018,0.0,89.89999999999921,264.15020161290323,-252.86920301847036,100.0,0.0,5.150201612903226,100.0,0.0,96.0,613.6965523856823,2581.2291159358833,0.012343826497658802,100.0,1.0,7.282992839947171
117,2040,2,28,5.392312879540745E18,49.94998052487359,0.00897325048085301,0.0,59.50993182510018,0.0,92.80000000000169,265.04233870967744,1724.6985484584006,100.0,0.0,6.042338709677419,100.0,0.0,96.0,611.9959749445428,1172.925615301901,0.01275000987800008,100.0,1.0,7.278425733624448
119,2040,2,28,8.805755481983441E18,50.836781316294896,0.00897325048085301,0.0,51.26380517600197,0.0,95.69999999999828,263.22379032258067,1221.7549221549273,100.0,0.0,4.223790322580645,100.0,0.0,96.0,608.6675978173255,1161.1905614098957,0.012919085136332692,100.0,1.0,7.4076452775172585
110,2040,2,29,4.565563823161268E18,50.43714835997554,0.00897325048085301,0.0,52.484968120235855,0.0,136.30000000000163,265.35887096774195,1195.248131746992,100.0,0.0,4.858870967741935,100.0,0.0,96.0,612.1638515781348,1081.6119237244177,0.018545698701813156,100.0,1.0,7.349413046739296
101,2040,2,29,3.1672676456999844E18,50.745950804449926,0.00897325048085301,0.0,41.37543633598889,0.0,92.80000000000169,265.5,934.1920159548779,100.0,0.0,5.0,100.0,0.0,96.0,610.7997878993637,1322.9792629597111,0.012550020937674567,100.0,1.0,7.394409974362712
103,2040,2,29,3.8076780415005327E18,50.934464258849005,0.00897325048085301,0.0,48.805972545002554,0.0,118.89999999999799,265.05645161290323,1130.6969297175526,100.0,0.0,4.556451612903226,100.0,0.0,96.0,609.4023120239624,1185.5139257715225,0.016020201724514776,100.0,1.0,7.421879077717997
104,2040,2,29,1.8191142937400033E18,50.21427407040302,0.006418634106475671,0.0,52.22398860822124,0.0,130.50000000000003,266.83165322580646,1314.2497842304767,100.0,0.0,6.331653225806452,100.0,0.0,96.0,617.1948972404817,1201.7220497861585,0.017835331723375265,100.0,1.0,7.3169370788301435
108,2040,3,2,1.4244601342993418E18,51.507129107216464,0.00897325048085301,0.0,53.20247289482205,0.0,110.19999999999813,265.72076612903226,1197.178149706648,100.0,0.0,2.220766129032258,100.0,0.0,96.0,616.2769451794946,1052.4631515788537,0.01468290939356489,100.0,1.0,7.505324527051548
109,2040,3,4,3.6912901621011497E18,51.66265655637896,0.02871440153872973,0.0,52.231916615110514,0.0,121.80000000000199,269.1834677419355,1342.7876771908816,100.0,0.0,2.683467741935484,100.0,0.0,96.0,614.2196199737962,1227.05394921121,0.016179623903563724,100.0,1.0,7.5279870982152
105,2040,3,4,8.00272729626966E18,51.75069122791471,0.02871440153872973,0.0,50.248653731507126,0.0,124.699999999998,269.06754032258067,1381.4503496284128,100.0,0.0,2.567540322580645,100.0,0.0,96.0,616.1507566783016,1366.6712583979113,0.01653667406985011,100.0,1.0,7.540815007496142
118,2040,3,4,6.784113119771871E18,53.07045428711848,0.01136753821802444,0.0,60.13178713421589,0.0,139.19999999999865,267.4818548387097,1656.2225758027757,100.0,0.0,0.9818548387096774,100.0,0.0,96.0,621.3325091301348,1097.5915723352743,0.018000488793232797,100.0,1.0,7.73312333898012
113,2040,8,10,1.9062697412338442E18,38.45032761991771,0.001960080926354965,0.0,37.77801626211353,0.0,130.50000000000003,302.476814516129,672.7097481767736,100.0,0.057459677419354836,5.976814516129032,100.0,0.0,80.0,275.0,1106.612608739012,0.023349372603404608,96.9758064516129,1.0,5.5890152689144035
103,2040,8,12,3.8076780415005327E18,37.66270255973088,0.002155994829613887,0.0,27.692980337867393,0.0,304.49999999999994,317.9243951612903,463.1646100822898,100.0,0.0,6.424395161290323,100.0,0.0,80.0,275.0,1207.0589681765018,0.05562122698865594,100.0,1.0,5.474528637458921
110,2040,8,13,4.565563823161268E18,39.36075912918029,0.002754220528193068,0.0,34.21505529449403,0.0,229.10000000000386,318.9344758064516,591.2025114165157,100.0,0.0,5.934475806451613,100.0,0.0,80.0,275.0,1135.3835304246768,0.04004297830771072,100.0,1.0,5.721352648633734
101,2040,8,13,3.1672676456999844E18,38.8575584309875,0.005265992066228311,0.0,25.253148809730558,0.0,263.8999999999959,318.91733870967744,421.22154602437183,100.0,0.0,5.917338709677419,100.0,0.0,80.0,274.9299999999948,1244.555911126905,0.04672277512137861,100.0,1.0,5.648209022568205
104,2040,8,13,1.8191142937400033E18,38.877498013794266,0.0017444110577085963,0.0,38.16930502188689,0.0,284.2000000000052,318.99899193548384,727.1517141076714,100.0,0.0,5.998991935483871,100.0,0.0,80.0,275.0,1176.571097530237,0.05029102812931174,100.0,1.0,5.651107375837509
106,2040,8,13,4.4904735328533463E18,38.415723730782936,0.002426514462101963,0.0,28.51194412858059,0.0,318.99999999999994,325.25100806451616,527.8734366394423,100.0,0.0,6.251008064516129,100.0,0.0,80.0,272.61999999999676,1320.9221442034764,0.05712765694434948,100.0,1.0,5.583985359503745
107,2040,8,13,3.8962303467200983E18,38.44671723364867,0.002742435966030876,0.0,24.19292238962398,0.0,191.39999999999657,325.1149193548387,472.84610306251,100.0,0.0,6.11491935483871,100.0,0.0,80.0,274.609999999993,1478.7021796153929,0.03424896237393675,100.0,1.0,5.588490474842846
100,2040,8,13,8.160192525120971E18,38.86746506736477,0.0015076025673476186,0.0,-3.986380636861707,0.0,287.10000000000196,324.9334677419355,-69.49351015004649,100.0,0.0,5.933467741935484,100.0,0.0,80.0,275.0,1835.1341761252072,0.050817316088962367,100.0,1.0,5.649649019192509
117,2040,8,13,5.392312879540745E18,38.32745673209518,0.002722466772103455,0.0,47.8972932070118,0.0,304.49999999999994,319.07862903225805,1063.0214262828076,100.0,0.0,6.078629032258065,100.0,0.0,80.0,275.0,1154.918879109741,0.054656528418354826,100.0,1.0,5.571155154042721
118,2040,8,13,6.784113119771871E18,39.427575778348825,0.00897325048085301,0.0,40.36708395765193,0.0,301.6000000000007,318.8508064516129,805.931272767889,100.0,0.0,5.850806451612903,100.0,0.0,80.0,272.7699999999962,1189.3985970552878,0.052625472792177545,100.0,1.0,5.73106490066217
111,2040,8,14,3.1962213724053494E18,39.062703801043654,0.0061629467588276195,0.0,30.337471789672094,0.0,252.2999999999956,326.5141129032258,574.0270410896686,100.0,0.0,6.014112903225806,100.0,0.0,80.0,275.0,1316.0150282338022,0.044434438701256664,100.0,1.0,5.678028290089782
112,2040,8,14,7.785515223895154E18,39.48669543359766,0.0030071214748166974,0.0,34.15427960630601,0.0,168.20000000000087,326.1522177419355,632.8137961089832,100.0,0.0,5.652217741935484,100.0,0.0,80.0,275.0,1218.7155183106995,0.029304880179565392,100.0,1.0,5.739658342547619
115,2040,8,14,7.810180881598322E18,39.2097296193757,0.00897325048085301,0.0,33.185183946190435,0.0,197.2000000000025,319.8971774193548,670.5175889316744,100.0,0.0,5.397177419354839,100.0,0.0,80.0,275.0,1347.6558918679336,0.0346001364584335,100.0,1.0,5.699399487539783
116,2040,8,14,4.5339596344121354E18,39.5135291683428,0.002442365400341049,0.0,50.04123399981355,0.0,232.00000000000003,326.22479838709677,1211.1810009560381,100.0,0.0,5.724798387096774,100.0,0.0,80.0,275.0,1208.2873291283797,0.04039307470818145,100.0,1.0,5.743558807446004
102,2040,8,14,7.551686037947802E18,38.826443345584764,0.0017932155237516002,0.0,32.467453483547956,0.0,318.99999999999994,326.5221774193548,586.561218461126,100.0,0.0,6.022177419354839,100.0,0.0,80.0,275.0,1217.991657887094,0.0565233407301169,100.0,1.0,5.643686234384755
105,2040,8,14,8.00272729626966E18,38.861219270586595,0.003729530540670412,0.0,33.99734732550257,0.0,217.50000000000003,326.35483870967744,678.6537986081372,100.0,0.0,5.854838709677419,100.0,0.0,80.0,275.0,1315.7564237550678,0.03850415414869051,100.0,1.0,5.648741150372654
119,2040,8,14,8.805755481983441E18,38.425931141578175,0.0018493921024016952,0.0,30.401407768210415,0.0,287.10000000000196,332.2842741935484,533.223776142121,100.0,0.0,5.784274193548387,100.0,0.0,80.0,275.0,1218.9545528545452,0.05140123346985883,100.0,1.0,5.5854690757247
114,2040,8,15,5.836111949060572E18,38.90884262188674,0.0060385265685417334,0.0,36.091370730240534,0.0,318.99999999999994,334.1179435483871,765.5546683712537,100.0,0.0,6.117943548387097,100.0,0.0,80.0,275.0,1353.951409222417,0.05640363831656555,100.0,1.0,5.655663526696836
108,2040,8,15,1.4244601342993418E18,39.25880740362052,0.006248781671903228,0.0,27.790196788746474,0.0,324.79999999999393,334.02620967741933,463.6965217982999,100.0,0.0,6.026209677419355,100.0,0.0,80.0,272.8399999999979,1202.9583373795158,0.05691721826850458,100.0,1.0,5.706533275532961
109,2040,8,16,3.6912901621011497E18,38.97994606843029,0.0014643032769016055,0.0,34.46523839485463,0.0,327.70000000000607,341.9546370967742,667.1529679403212,100.0,0.0,6.454637096774194,100.0,0.0,80.0,275.0,1267.0586111020536,0.057836227317795426,100.0,1.0,5.665998893727586
115,2041,2,20,7.810180881598322E18,45.108050225612104,0.8084898683248564,0.0,28.30211157191029,0.0,69.77540322580579,255.59979838709677,655.2011704418118,100.0,1.2953629032258065,7.099798387096774,100.0,0.0,96.0,610.4589515903731,1626.223716093566,0.01098423531563054,87.6008064516129,1.0,6.352322325662084
107,2041,2,20,3.8962303467200983E18,45.310846995145226,0.8084898683248564,0.0,15.779969114309772,0.0,69.59999999999933,255.5201612903226,374.1683705480492,100.0,1.4324596774193548,7.020161290322581,100.0,0.03024193548387097,96.0,611.0123335565701,1925.0480059153442,0.010907651093746105,87.6008064516129,1.0,6.380842163158706
101,2041,2,21,3.1672676456999844E18,46.19195820474851,0.8084898683248564,0.0,35.423723955790855,0.0,104.3122983870953,256.34879032258067,734.0970004051338,100.0,1.6018145161290323,6.348790322580645,100.0,0.24193548387096775,96.0,620.4907649574607,1312.9776503581556,0.016118657113941007,87.6008064516129,1.0,6.4715253665192565
114,2041,2,26,5.836111949060572E18,49.491954169983835,0.00897325048085301,0.0,47.625791010950415,0.0,101.50000000000001,262.929435483871,1318.7848133130374,100.0,0.0,5.429435483870968,100.0,0.0,96.0,607.6970756324666,1449.6868231433887,0.014074381162209966,100.0,1.0,7.211684750483369
103,2041,2,26,3.8076780415005327E18,49.33086707332579,0.004788287343037908,0.0,40.37831781610335,0.0,87.00000000000001,263.22076612903226,845.8481991641471,100.0,0.0,5.720766129032258,100.0,0.0,96.0,609.5507803113314,1248.1994949397138,0.01210314877786235,100.0,1.0,7.188212059256029
117,2041,2,26,5.392312879540745E18,49.62441609534501,0.00897325048085301,0.0,61.44443058683315,0.0,124.699999999998,262.6290322580645,1852.251824491216,100.0,0.0,5.129032258064516,100.0,0.0,96.0,608.9901811818133,1161.840556505956,0.017245226867379785,100.0,1.0,7.230986345321691
112,2041,2,27,7.785515223895154E18,49.984609156333256,0.00897325048085301,0.0,45.49753995727111,0.0,78.30000000000146,264.5413306451613,1047.0419181381897,100.0,0.0,5.54133064516129,100.0,0.0,96.0,617.7435648617005,1253.5175964401658,0.010750367968184788,100.0,1.0,7.28347161992284
113,2041,2,27,1.9062697412338442E18,50.24806350277112,0.00897325048085301,0.0,55.69782071849789,0.0,72.49999999999999,264.59375,1361.6133523385813,100.0,0.0,5.59375,100.0,0.0,96.0,610.9730440389075,1082.6277254718016,0.00990185461735065,100.0,1.0,7.321860681832366
109,2041,2,28,3.6912901621011497E18,50.295789857431835,0.00897325048085301,0.0,50.112041150893326,0.0,95.69999999999828,265.68850806451616,1212.405246582504,100.0,0.0,5.188508064516129,100.0,0.0,96.0,606.280041485628,1206.341445197773,0.013058045370079733,100.0,1.0,7.328815093511498
102,2041,2,28,7.551686037947802E18,50.70004146616954,0.00897325048085301,0.0,51.80134254166857,0.0,107.30000000000186,265.3225806451613,1293.314126613585,100.0,0.0,4.82258064516129,100.0,0.0,96.0,613.5241974675931,1202.8107507781676,0.014524101514019026,100.0,1.0,7.387720327927562
105,2041,2,28,8.00272729626966E18,50.58334758311088,0.00897325048085301,0.0,39.78045838288833,0.0,139.19999999999865,264.96774193548384,1011.1566721355526,100.0,0.0,4.467741935483871,100.0,0.0,96.0,611.2568611870396,1529.925861944025,0.01888554560524995,100.0,1.0,7.370716362110436
118,2041,2,28,6.784113119771871E18,50.2982312946586,0.00897325048085301,0.0,52.29744464684957,0.0,46.400000000000844,265.9284274193548,1346.8792518923706,100.0,0.0,5.428427419354839,100.0,0.0,96.0,615.304591645653,1227.9334293626387,0.006330866202502858,100.0,1.0,7.329170845793103
111,2041,3,1,3.1962213724053494E18,51.46150053191242,0.00897325048085301,0.0,43.87076718831081,0.0,69.59999999999933,265.8467741935484,1131.148292266553,100.0,0.0,3.846774193548387,100.0,0.0,96.0,619.9936265514301,1446.5258788256572,0.009281638776298893,100.0,1.0,7.498675791792958
108,2041,3,1,1.4244601342993418E18,51.04979934923396,0.0038249149534752996,0.0,52.102353457851386,0.0,133.3999999999976,266.28225806451616,1179.4195534948126,100.0,0.0,4.282258064516129,100.0,0.0,96.0,611.8293435883118,1083.7148461499096,0.017933277069621882,100.0,1.0,7.438685048031229
116,2041,3,2,4.5339596344121354E18,51.2963559158789,0.0042975337551978045,0.0,61.56747941170548,0.0,89.89999999999921,266.7318548387097,2099.008934230421,100.0,0.0,3.2318548387096775,100.0,0.0,96.0,608.687789246984,1309.669564027709,0.01202738037231098,100.0,1.0,7.474611862028068
100,2041,3,2,8.160192525120971E18,51.449901235776125,0.00897325048085301,0.0,-22.412465379524658,0.0,147.89999999999725,266.20766129032256,-552.627188459392,100.0,0.0,2.7076612903225805,100.0,0.0,96.0,618.7439870865904,3023.159177381831,0.019727929026503027,100.0,1.0,7.49698560864166
119,2041,3,2,8.805755481983441E18,51.512171016363816,0.006205567414144567,0.0,48.753744615294046,0.0,127.60000000000228,267.38709677419354,1151.6534498161047,100.0,0.0,3.8870967741935485,100.0,0.0,96.0,623.1384039317608,1209.8648043591872,0.016999599458381216,100.0,1.0,7.50605920524159
110,2041,3,3,4.565563823161268E18,52.24583101096386,0.00897325048085301,0.0,53.494995259646736,0.0,127.60000000000228,268.3921370967742,1273.8699486120156,100.0,0.0,3.3921370967741935,100.0,0.0,96.0,612.699785775386,1106.9608222950162,0.01676088326216989,100.0,1.0,7.612963947311867
104,2041,3,3,1.8191142937400033E18,51.32389709741091,0.00897325048085301,0.0,52.337291998386384,0.0,101.50000000000001,268.7147177419355,1318.5209426339557,100.0,0.0,3.714717741935484,100.0,0.0,96.0,608.1383570823721,1200.0309759129866,0.013572013561809567,100.0,1.0,7.478625005622742
106,2041,3,3,4.4904735328533463E18,51.61508056270615,0.00897325048085301,0.0,39.63493852514657,0.0,89.89999999999921,269.7006048387097,1057.2857194373307,100.0,0.0,4.700604838709677,100.0,0.0,96.0,615.7932407130603,1609.4415736049805,0.011953110943306314,100.0,1.0,7.521054596280041
115,2041,8,12,7.810180881598322E18,39.71217702643909,0.0016867012182054557,0.0,32.47009063063109,0.0,115.91229838709678,303.1804435483871,647.742271399143,100.0,0.14818548387096775,5.180443548387097,100.0,0.06048387096774194,80.0,275.0,1339.999613387597,0.02025492047411127,96.37096774193549,1.0,5.722673586166361
101,2041,8,12,3.1672676456999844E18,38.782468158193986,0.0035355596851272732,0.0,29.519215909093198,0.0,118.89999999999799,309.8649193548387,508.340088648673,100.0,0.10887096774193548,5.86491935483871,100.0,0.0,80.0,275.0,1210.8918919404439,0.02113106672976357,96.9758064516129,1.0,5.626786452409652
108,2041,8,12,1.4244601342993418E18,38.325793292376346,0.0017039974327483895,0.0,30.799258048597398,0.0,313.20000000000584,310.0836693548387,509.5302894347084,100.0,0.0,6.08366935483871,100.0,0.0,80.0,275.0,1142.9374385881445,0.05622058353056186,100.0,1.0,5.570913361825004
102,2041,8,13,7.551686037947802E18,38.05250159484588,0.00897325048085301,0.0,33.00870322770151,0.0,220.39999999999625,317.49798387096774,598.9139437678565,100.0,0.0,5.997983870967742,100.0,0.0,80.0,275.0,1213.447497390485,0.039846770260751736,100.0,1.0,5.53118856453683
107,2041,8,13,3.8962303467200983E18,39.870383239889925,0.0032139149286722858,0.0,24.85734461057602,0.0,151.67701612903255,311.31350806451616,502.87363844351745,100.0,0.2399193548387097,5.813508064516129,100.0,0.0907258064516129,80.0,275.0,1503.5796509073505,0.026661275192892842,85.08064516129032,1.0,5.6890383161217075
112,2041,8,14,7.785515223895154E18,38.823997401774164,0.002622223986222394,0.0,29.184664065205542,0.0,301.6000000000007,319.0715725806452,508.3340019299503,100.0,0.0,6.071572580645161,100.0,0.0,80.0,275.0,1231.5029983489596,0.053443616197290454,100.0,1.0,5.643330699902968
113,2041,8,14,1.9062697412338442E18,38.57486827948243,0.001629130443146878,0.0,36.84002682675952,0.0,203.00000000000003,319.36391129032256,676.4825224994742,100.0,0.0,6.363911290322581,100.0,0.0,80.0,275.0,1158.1308489930889,0.03620398153021042,100.0,1.0,5.607118096406237
114,2041,8,14,5.836111949060572E18,38.72946423434637,0.0036240914704576137,0.0,38.509853130280845,0.0,243.60000000000397,319.226814516129,819.9571217363471,100.0,0.0,6.226814516129032,100.0,0.0,80.0,275.0,1306.808403163808,0.04327135981857013,100.0,1.0,5.6295896644195995
103,2041,8,14,3.8076780415005327E18,38.46879074357595,0.0019330569756253778,0.0,23.309069832226733,0.0,258.10000000000406,319.23487903225805,371.7705277988211,100.0,0.0,6.234879032258065,100.0,0.0,80.0,275.0,1220.1419020398037,0.04615770619827487,100.0,1.0,5.591699008856954
109,2041,8,15,3.6912901621011497E18,39.00857332605781,0.002546325335088826,0.0,32.8574053748668,0.0,321.90000000000083,326.625,596.6030388442555,100.0,0.0,6.125,100.0,0.0,80.0,275.0,1217.5220557615316,0.05677088417837019,100.0,1.0,5.670160059311623
111,2041,8,15,3.1962213724053494E18,38.56620489784439,0.0016244117452666616,0.0,29.939736646758565,0.0,318.99999999999994,332.59375,565.9173433602222,100.0,0.0,6.09375,100.0,0.0,80.0,275.0,1321.7372021481303,0.05690475099570227,100.0,1.0,5.605858815269966
104,2041,8,15,1.8191142937400033E18,39.228696956601546,0.0020273950476396426,0.0,34.682507673757755,0.0,321.90000000000083,326.6219758064516,652.2554914610723,100.0,0.0,6.121975806451613,100.0,0.0,80.0,275.0,1226.8674432595142,0.056452326232171994,100.0,1.0,5.702156518335839
100,2041,8,15,8.160192525120971E18,37.88618773021517,0.0018260582989118948,0.0,-16.05829387875381,0.0,321.90000000000083,333.0907258064516,-284.0713298457837,100.0,0.0,6.590725806451613,100.0,0.0,80.0,265.4500000000048,2058.2479506025425,0.05845273253742876,100.0,1.0,5.50701371905719
117,2041,8,15,5.392312879540745E18,39.04333476696383,0.0016058071726651887,0.0,48.79021837616432,0.0,121.80000000000199,326.33266129032256,1133.955944402672,100.0,0.0,5.832661290322581,100.0,0.0,80.0,275.0,1188.8879035351615,0.021461750033233223,100.0,1.0,5.67521286993821
118,2041,8,15,6.784113119771871E18,39.18935410698535,0.00897325048085301,0.0,37.195512824917415,0.0,179.79999999999842,326.45262096774195,728.1655900702752,100.0,0.0,5.952620967741935,100.0,0.0,80.0,273.1000000000032,1228.221291848484,0.03156358540066144,100.0,1.0,5.696437768956077
110,2041,8,16,4.565563823161268E18,39.14822600023776,0.0016930661284628387,0.0,34.00253156032244,0.0,324.79999999999393,333.95262096774195,605.6232912974015,100.0,0.0,5.952620967741935,100.0,0.0,80.0,269.73000000000405,1173.9754590014013,0.057077991476279705,100.0,1.0,5.69045952037351
116,2041,8,16,4.5339596344121354E18,37.84861597153943,0.0020137456195810214,0.0,49.25014542685592,0.0,324.79999999999393,334.3467741935484,1236.3905140368151,100.0,0.0,6.346774193548387,100.0,0.0,80.0,273.890000000007,1272.505432968747,0.059037881639669484,100.0,1.0,5.501552409728573
105,2041,8,16,8.00272729626966E18,38.55472285466698,0.00146382552705596,0.0,28.654278370871094,0.0,324.79999999999393,334.3719758064516,554.4394347235527,100.0,0.0,6.371975806451613,100.0,0.0,80.0,271.58999999999776,1377.6263477968173,0.05795663785150431,100.0,1.0,5.604189822608275
106,2041,8,16,4.4904735328533463E18,39.01558197405251,0.00897325048085301,0.0,29.101703419218225,0.0,324.79999999999393,333.90120967741933,574.830351629081,100.0,0.0,5.901209677419355,100.0,0.0,80.0,275.0,1398.4338001730712,0.057272043550167066,100.0,1.0,5.671178813717159
119,2041,8,16,8.805755481983441E18,38.5703238253739,0.00897325048085301,0.0,29.812398037155045,0.0,324.79999999999393,334.2399193548387,526.5189412778011,100.0,0.0,6.23991935483871,100.0,0.0,80.0,273.0100000000037,1237.3562740079115,0.05793319548131597,100.0,1.0,5.606457529254452
108,2042,2,20,1.4244601342993418E18,45.32335184070481,0.8253910473607838,0.0,44.15219484137226,0.0,86.91229838709677,253.83870967741936,900.15295255657,100.0,1.5131048387096775,6.838709677419355,100.0,0.24193548387096775,96.0,616.3706048344296,1116.6099787825192,0.013604122824738678,87.6008064516129,1.0,6.388673456332622
103,2042,2,22,3.8076780415005327E18,46.90306444757088,0.8129764935652843,0.0,22.788567901881642,0.0,75.22459677419374,256.7086693548387,452.48330594914995,100.0,1.596774193548387,6.70866935483871,100.0,0.03024193548387097,96.0,812.0768870400726,1492.326273835186,0.011579787412040337,87.6008064516129,1.0,6.4961984272679585
112,2042,2,23,7.785515223895154E18,47.089846184155085,0.8129764935652843,0.0,37.129901206836436,0.0,87.08770161290325,258.5403225806452,779.1380090835654,100.0,1.4818548387096775,7.040322580645161,100.0,0.0907258064516129,96.0,615.4505525122235,1302.6957237455558,0.012908956774554987,87.6008064516129,1.0,6.7463005054415355
105,2042,2,23,8.00272729626966E18,46.874495633749184,0.8129764935652843,0.0,28.02243088443747,0.0,92.80000000000169,258.63004032258067,652.3155734484742,100.0,1.6481854838709677,7.130040322580645,100.0,0.0,96.0,614.0156529805022,1637.12238628576,0.014135438758339763,87.6008064516129,1.0,6.565059747101989
104,2042,2,26,1.8191142937400033E18,48.44583208027751,0.00897325048085301,0.0,47.08640374965026,0.0,142.1000000000026,262.40423387096774,1164.5268275770186,100.0,0.0,6.404233870967742,100.0,0.0,96.0,613.3978670791288,1307.82354235901,0.02012961768961746,100.0,1.0,7.059249817411861
106,2042,2,26,4.4904735328533463E18,49.13032411581611,0.00897325048085301,0.0,31.292725667315462,0.0,104.39999999999851,262.383064516129,766.4281733611044,100.0,0.0,6.383064516129032,100.0,0.0,96.0,615.3717213551313,1681.4145625398178,0.01458306252053885,100.0,1.0,7.15899008544749
107,2042,2,26,3.8962303467200983E18,48.97919004723953,0.00897325048085301,0.0,18.353534619561977,0.0,107.30000000000186,261.86391129032256,478.1366472954421,100.0,0.0,5.863911290322581,100.0,0.0,96.0,613.794299925259,2124.6665129228145,0.015034396206009168,100.0,1.0,7.136967692597766
101,2042,2,27,3.1672676456999844E18,49.51209198154036,0.00897325048085301,0.0,44.50812254887968,0.0,84.10000000000043,263.5221774193548,1007.8670060537647,100.0,0.0,6.022177419354839,100.0,0.0,96.0,623.7957232201776,1255.856120079052,0.011656887027926109,100.0,1.0,7.2146191173101535
109,2042,2,28,3.6912901621011497E18,49.78134142768099,0.00897325048085301,0.0,51.63845203625714,0.0,110.19999999999813,264.6219758064516,1284.4690487067985,100.0,0.0,5.621975806451613,100.0,0.0,96.0,619.607896963327,1202.4455060931086,0.015191927097878092,100.0,1.0,7.2538526080335215
111,2042,2,28,3.1962213724053494E18,49.423864370945935,0.005478174896735677,0.0,44.14679059369775,0.0,92.80000000000169,265.18145161290323,1093.6447462493766,100.0,0.0,6.181451612903226,100.0,0.0,96.0,611.161019882703,1382.764735571818,0.012885733505541787,100.0,1.0,7.2017630940521205
113,2042,2,28,1.9062697412338442E18,50.13465870199261,0.0058879596331056555,0.0,53.901118846233636,0.0,92.80000000000169,264.5836693548387,1282.9260969357556,100.0,0.0,5.58366935483871,100.0,0.0,96.0,612.1583630720853,1096.6476110311564,0.012703043395261801,100.0,1.0,7.30533598229034
114,2042,2,28,5.836111949060572E18,49.79762588070049,0.006104252027791178,0.0,40.22207630353131,0.0,75.40000000000018,265.4969758064516,1137.9601183985817,100.0,0.0,6.496975806451613,100.0,0.0,96.0,609.4203123290666,1690.175740752729,0.010391077310227769,100.0,1.0,7.256225485473501
115,2042,2,28,7.810180881598322E18,50.30706294289989,0.00897325048085301,0.0,33.68282313597756,0.0,98.60000000000124,263.6844758064516,869.1895556056447,100.0,0.0,4.684475806451613,100.0,0.0,96.0,613.0677962461463,1710.4128476807596,0.013450728925175244,100.0,1.0,7.33045774310827
110,2042,3,1,4.565563823161268E18,50.600740664179256,0.00897325048085301,0.0,55.92331905693336,0.0,124.699999999998,265.2368951612903,1381.9074339331898,100.0,0.0,4.736895161290323,100.0,0.0,96.0,617.0385093937975,1088.7918248340143,0.016912485914090458,100.0,1.0,7.373250782494697
116,2042,3,1,4.5339596344121354E18,50.63078747352326,0.00897325048085301,0.0,58.78465670567521,0.0,84.10000000000043,265.11290322580646,1917.2155984511342,100.0,0.0,4.612903225806452,100.0,0.0,96.0,603.78343944821,1343.6836364945989,0.011399326211288318,100.0,1.0,7.377629031856235
100,2042,3,1,8.160192525120971E18,50.79331251737754,0.00897325048085301,0.0,-25.035720856196544,0.0,92.80000000000169,265.804435483871,-619.8416118443937,100.0,0.0,5.304435483870968,100.0,0.0,96.0,621.4176094628242,3097.338157075314,0.012538318796990562,100.0,1.0,7.401311252532157
117,2042,3,1,5.392312879540745E18,50.0815690966815,0.00897325048085301,0.0,62.340918226659916,0.0,63.800000000001134,265.9092741935484,1988.091959735958,100.0,0.0,5.409274193548387,100.0,0.0,96.0,609.0046366038329,1200.4824992795996,0.008742600225038113,100.0,1.0,7.297600068373595
119,2042,3,1,8.805755481983441E18,50.80355415935741,0.00897325048085301,0.0,51.26228903413314,0.0,121.80000000000199,265.68649193548384,1245.9283568304115,100.0,0.0,5.186491935483871,100.0,0.0,96.0,613.9994081787424,1184.1265470064811,0.01645322589674034,100.0,1.0,7.402803606077797
102,2042,3,5,7.551686037947802E18,51.95461297092673,0.015700809430973003,0.0,58.81710692987223,0.0,145.00000000000003,268.2147177419355,1505.2480923373328,100.0,0.0,1.7147177419354838,100.0,0.0,96.0,407.16171870665414,1053.2404406416106,0.01915321820937305,100.0,1.0,7.570529318620778
118,2042,3,5,6.784113119771871E18,52.59372941940427,0.029611726586815032,0.0,55.6054190683415,0.0,153.69999999999987,268.22076612903226,1518.7245726132203,100.0,0.0,1.720766129032258,100.0,0.0,96.0,605.7449918800953,1211.9006290237164,0.02005569738470498,100.0,1.0,7.663657715398901
105,2042,8,12,8.00272729626966E18,38.65762238711051,0.0028360462960976603,0.0,27.862184339874588,0.0,174.00000000000003,309.83165322580646,528.63188689679,100.0,0.017137096774193547,5.831653225806452,100.0,0.0,80.0,275.0,1366.6043028441522,0.03096555421265932,98.58870967741935,1.0,5.619146965852316
106,2042,8,12,4.4904735328533463E18,38.22306052633776,0.0019297312862049465,0.0,24.806591319230172,0.0,159.50000000000003,309.96270161290323,458.44481313688766,100.0,0.0,5.962701612903226,100.0,0.0,80.0,275.0,1386.0948752146987,0.028707804350843052,100.0,1.0,5.555980459206245
119,2042,8,12,8.805755481983441E18,37.76820023094366,0.0024733325470928922,0.0,32.34733168690231,0.0,313.20000000000584,310.5030241935484,569.9281598574569,100.0,0.0,6.503024193548387,100.0,0.0,80.0,271.51999999999606,1190.1332111728073,0.05705059944592587,100.0,1.0,5.4898634377516995
114,2042,8,13,5.836111949060572E18,38.40500790845049,0.001625588855226996,0.0,37.013590116325865,0.0,316.0999999999996,317.56451612903226,805.9339677051894,100.0,0.0,6.064516129032258,100.0,0.0,80.0,275.0,1369.8341517553492,0.05662410954448893,100.0,1.0,5.58242774222601
103,2042,8,13,3.8076780415005327E18,39.19156987109992,0.0012822592856320425,0.0,25.033132155757997,0.0,116.00000000000001,311.4405241935484,415.2467128505111,100.0,0.17237903225806453,5.940524193548387,100.0,0.0,80.0,275.0,1235.3309203142842,0.020540146584311213,96.9758064516129,1.0,5.64747673653907
108,2042,8,13,1.4244601342993418E18,39.58183831845198,0.005018596465801464,0.0,34.14075535786561,0.0,176.89999999999677,311.4899193548387,597.4077257150611,100.0,0.18951612903225806,5.98991935483871,100.0,0.0,80.0,275.0,1142.459618752796,0.03131975449778027,90.12096774193549,1.0,5.648192421576428
109,2042,8,14,3.6912901621011497E18,38.58886740512041,0.004808815906137748,0.0,35.54752451488572,0.0,232.00000000000003,324.99395161290323,663.3805066882858,100.0,0.0,5.993951612903226,100.0,0.0,80.0,275.0,1201.2454568462183,0.04136096866810337,100.0,1.0,5.609152964033773
115,2042,8,14,7.810180881598322E18,38.81075529619785,0.0015412659706034017,0.0,25.16254618490831,0.0,278.3999999999973,324.95262096774195,489.0545408256039,100.0,0.0,5.952620967741935,100.0,0.0,80.0,275.0,1451.7322631524387,0.049349400912188625,100.0,1.0,5.641405870263287
116,2042,8,14,4.5339596344121354E18,37.9100266873629,0.0027798173732506274,0.0,46.907834962413,0.0,313.20000000000584,325.3971774193548,1124.7583432494848,100.0,0.0,6.397177419354839,100.0,0.0,80.0,275.0,1271.4965195544548,0.05683716555882427,100.0,1.0,5.510478872769543
101,2042,8,14,3.1672676456999844E18,38.77464279667668,0.002362625192431026,0.0,30.636974628858834,0.0,168.20000000000087,319.17137096774195,529.6312184628256,100.0,0.0,6.171370967741935,100.0,0.0,80.0,274.0199999999963,1197.2035464913333,0.029843031293321113,100.0,1.0,5.6361566741259335
110,2042,8,15,4.565563823161268E18,39.12685428421665,0.002720815791647378,0.0,37.09979498809538,0.0,142.1000000000026,332.4203629032258,690.4515811739249,100.0,0.0,5.920362903225806,100.0,0.0,80.0,275.0,1169.2882945701201,0.024985261171349707,100.0,1.0,5.687352996851878
111,2042,8,15,3.1962213724053494E18,38.76308629565615,0.004979606260184796,0.0,32.54698882967056,0.0,321.90000000000083,326.51209677419354,612.3157702501562,100.0,0.0,6.012096774193548,100.0,0.0,80.0,275.0,1266.6556126936698,0.05713041478085942,100.0,1.0,5.634476858512988
112,2042,8,15,7.785515223895154E18,39.688572564600065,0.00897325048085301,0.0,28.71702469053377,0.0,147.89999999999725,320.08165322580646,499.0218757873029,100.0,0.014112903225806451,5.581653225806452,100.0,0.0,80.0,275.0,1236.7092705008185,0.025637014151625746,98.58870967741935,1.0,5.769002549410315
100,2042,8,15,8.160192525120971E18,38.42202465077407,0.0019940556624117806,0.0,-13.026180174220483,0.0,321.90000000000083,332.63709677419354,-237.33874300613638,100.0,0.0,6.137096774193548,100.0,0.0,80.0,271.35000000000343,2065.476596674033,0.0576375456105089,100.0,1.0,5.584901240855573
117,2042,8,15,5.392312879540745E18,39.11996557419323,0.00897325048085301,0.0,50.53282331273385,0.0,287.10000000000196,326.6592741935484,1234.7393791503844,100.0,0.0,6.159274193548387,100.0,0.0,80.0,275.0,1207.4247515022378,0.05048931482720793,100.0,1.0,5.686351676241962
113,2042,8,16,1.9062697412338442E18,39.11088441285916,0.0019878711743139153,0.0,37.52385085668529,0.0,194.29999999999774,333.65423387096774,695.3150960458886,100.0,0.0,5.654233870967742,100.0,0.0,80.0,275.0,1156.475419671281,0.03417747012627375,100.0,1.0,5.68503166800022
104,2042,8,16,1.8191142937400033E18,38.992216495907485,0.002116332660578541,0.0,34.558195005471156,0.0,321.90000000000083,334.2318548387097,672.5413925418528,100.0,0.0,6.231854838709677,100.0,0.0,80.0,275.0,1271.6049745951368,0.05679469897510237,100.0,1.0,5.66778248338133
107,2042,8,16,3.8962303467200983E18,39.179060962716655,0.003197879715200644,0.0,17.540425581671585,0.0,324.79999999999393,334.02620967741933,354.1203894823552,100.0,0.0,6.026209677419355,100.0,0.0,80.0,275.0,1660.8525281954928,0.057033069579677666,100.0,1.0,5.694941590794692
102,2042,8,17,7.551686037947802E18,39.13141884202245,0.0020733018671102253,0.0,32.83816197904785,0.0,327.70000000000607,341.33770161290323,618.317748321829,100.0,0.0,5.837701612903226,100.0,0.0,80.0,273.5799999999951,1263.3052451543567,0.05761235059609266,100.0,1.0,5.688016486212091
118,2042,8,17,6.784113119771871E18,39.073325151386896,0.0024082797855214844,0.0,34.37834488751301,0.0,327.70000000000607,341.508064516129,680.4758326378474,100.0,0.0,6.008064516129032,100.0,0.0,80.0,275.0,1297.0813599449043,0.05769800785867141,100.0,1.0,5.679572175224698
116,2043,2,21,4.5339596344121354E18,44.844421064003186,0.8174631188057113,0.0,46.50592630124423,0.0,87.00000000000001,255.5554435483871,1345.3085844422599,100.0,1.595766129032258,7.055443548387097,100.0,0.0,96.0,617.8008793401402,1527.070595056679,0.013855822030975429,87.6008064516129,1.0,6.278949008258541
109,2043,2,22,3.6912901621011497E18,45.6292364719,0.8174631188057113,0.0,38.324131192643186,0.0,87.08770161290325,257.21875,797.3836237592682,100.0,1.3961693548387097,7.21875,100.0,0.0,96.0,609.0101314703778,1271.7215270540814,0.013332865409919164,87.6008064516129,1.0,6.531806849869885
106,2043,2,26,4.4904735328533463E18,48.31117877335278,0.00897325048085301,0.0,9.609506155260293,0.0,49.300000000000615,262.63004032258067,225.95947084406717,100.0,0.0,6.630040322580645,100.0,0.0,96.0,816.6009122711928,2120.063814088885,0.007003210062842716,100.0,1.0,7.039628906974261
110,2043,2,27,4.565563823161268E18,49.176435138366905,0.00897325048085301,0.0,52.780007493517466,0.0,116.00000000000001,262.4717741935484,1231.1016163113754,100.0,0.0,4.971774193548387,100.0,0.0,96.0,620.0130159146294,1100.8587030340577,0.016188209436748254,100.0,1.0,7.165709120162031
105,2043,2,27,8.00272729626966E18,49.09870200270582,0.00897325048085301,0.0,26.85161055263802,0.0,89.89999999999921,263.62399193548384,608.0682107130931,100.0,0.0,6.123991935483871,100.0,0.0,96.0,612.4700526823415,1655.0149301519427,0.012565724940747298,100.0,1.0,7.154382291822851
111,2043,2,28,3.1962213724053494E18,49.44347906682968,0.00897325048085301,0.0,38.293639709605785,0.0,95.69999999999828,264.75,914.8687352304681,100.0,0.0,5.75,100.0,0.0,96.0,614.9013268956248,1472.9686152082297,0.013283141038571202,100.0,1.0,7.204621235452321
114,2043,2,28,5.836111949060572E18,50.14712398889459,0.004309918578699817,0.0,43.442747828598094,0.0,136.30000000000163,264.1421370967742,1250.0285401899873,100.0,0.0,5.142137096774194,100.0,0.0,96.0,616.4428826051292,1626.7121672258827,0.0186529571879317,100.0,1.0,7.307152352667519
115,2043,2,28,7.810180881598322E18,49.75952226179348,0.00897325048085301,0.0,23.18425749462888,0.0,75.40000000000018,265.30141129032256,586.1722822847386,100.0,0.0,6.301411290322581,100.0,0.0,96.0,605.9184610020096,1940.3475857640644,0.010399034332961611,100.0,1.0,7.250673243861336
103,2043,2,28,3.8076780415005327E18,50.73385891670224,0.005001811862236914,0.0,33.05921489999396,0.0,127.60000000000228,262.8266129032258,724.9600366735613,100.0,0.0,3.8266129032258065,100.0,0.0,96.0,620.4161459881578,1467.1381831603562,0.017260391643923068,100.0,1.0,7.392648013576616
118,2043,2,28,6.784113119771871E18,49.849036133561356,0.00897325048085301,0.0,45.52214663436368,0.0,101.50000000000001,265.44254032258067,1131.919477594274,100.0,0.0,6.442540322580645,100.0,0.0,96.0,615.5596493950978,1353.8371283876083,0.0139735626098096,100.0,1.0,7.26371669374751
112,2043,3,1,7.785515223895154E18,50.94865914955459,0.006275000336260872,0.0,41.87592218949178,0.0,133.3999999999976,265.26108870967744,954.559438118418,100.0,0.0,4.761088709677419,100.0,0.0,96.0,609.9349652021878,1324.139115891392,0.01796887712768034,100.0,1.0,7.423947476077967
101,2043,3,1,3.1672676456999844E18,50.64493100435927,0.00897325048085301,0.0,47.085889562465944,0.0,92.80000000000169,265.6280241935484,1111.0964287414802,100.0,0.0,5.128024193548387,100.0,0.0,96.0,616.643617874014,1248.0558680146141,0.012575054057102627,100.0,1.0,7.379689946349496
107,2043,3,1,3.8962303467200983E18,50.49452071093346,0.00897325048085301,0.0,13.496464727279136,0.0,98.60000000000124,265.3649193548387,340.6648968157126,100.0,0.0,4.86491935483871,100.0,0.0,96.0,612.087621673473,2180.511004808675,0.013400793930501835,100.0,1.0,7.357773017878864
108,2043,3,1,1.4244601342993418E18,50.218394434671595,0.00897325048085301,0.0,49.916581224983375,0.0,139.19999999999865,265.7903225806452,1142.8995798563471,100.0,0.0,5.290322580645161,100.0,0.0,96.0,614.3530032903681,1146.168705401615,0.01902279291086811,100.0,1.0,7.317537474766434
102,2043,3,2,7.551686037947802E18,51.579153989737804,0.00897325048085301,0.0,51.90880785292479,0.0,81.19999999999848,265.77520161290323,1335.9462546201696,100.0,0.0,3.775201612903226,100.0,0.0,96.0,611.1539554701413,1237.2483908457345,0.010803878289117464,100.0,1.0,7.515819581361785
117,2043,3,3,5.392312879540745E18,51.920758617738734,0.00897325048085301,0.0,63.148806705131,0.0,139.19999999999865,267.1290322580645,1971.2853857949874,100.0,0.0,3.629032258064516,100.0,0.0,96.0,614.3918772226399,1150.0847101628142,0.018399078578190786,100.0,1.0,7.565596255727629
113,2043,3,4,1.9062697412338442E18,51.674960972808584,0.00897325048085301,0.0,60.431198106203084,0.0,118.89999999999799,268.7842741935484,1525.897833360616,100.0,0.0,3.784274193548387,100.0,0.0,96.0,610.0259692710921,998.7215959070251,0.01579063393170666,100.0,1.0,7.529780027466396
104,2043,3,4,1.8191142937400033E18,51.81182995799191,0.00897325048085301,0.0,50.242707081855265,0.0,142.1000000000026,267.0897177419355,1315.2469400776736,100.0,0.0,2.089717741935484,100.0,0.0,96.0,619.029994811164,1301.8414849380506,0.018821880624985875,100.0,1.0,7.549723793878821
100,2043,3,4,8.160192525120971E18,51.92548403288236,0.00897325048085301,0.0,-19.08773031161815,0.0,145.00000000000003,267.0131048387097,-499.37892581454906,100.0,0.0,2.0131048387096775,100.0,0.0,96.0,608.9952691955377,3123.2407470121566,0.019163962700579337,100.0,1.0,7.5662848162200085
119,2043,3,4,8.805755481983441E18,51.316664601026915,0.0060794379951578685,0.0,53.518611389324285,0.0,147.89999999999725,269.1391129032258,1355.8017825469663,100.0,0.0,4.139112903225806,100.0,0.0,96.0,610.8149864765613,1177.127291244152,0.019779149870540715,100.0,1.0,7.477571127578195
109,2043,8,12,3.6912901621011497E18,39.2010748531775,0.0025874424685274062,0.0,31.83800301059001,0.0,57.99999999999999,309.9818548387097,556.6807783855255,100.0,0.18649193548387097,5.981854838709677,100.0,0.0,80.0,275.0,1182.609682132165,0.010323783299384794,96.9758064516129,1.0,5.618095451834626
116,2043,8,12,4.5339596344121354E18,38.717293624852935,0.0024410365834747097,0.0,49.21170651094632,0.0,226.20000000000366,304.06048387096774,1246.5134249738942,100.0,0.03326612903225806,6.060483870967742,100.0,0.0,80.0,275.0,1284.8708282445612,0.04019317898009955,96.9758064516129,1.0,5.6278205839851525
110,2043,8,14,4.565563823161268E18,38.47821153442539,0.005373203880750298,0.0,34.88375457989656,0.0,211.70000000000312,325.04637096774195,620.0438930812812,100.0,0.0,6.046370967741935,100.0,0.0,80.0,275.0,1155.8696251180422,0.0378504222449559,100.0,1.0,5.5930683845466245
112,2043,8,14,7.785515223895154E18,38.44340862757499,0.002168499391216296,0.0,25.875137363374247,0.0,295.7999999999945,319.49798387096774,444.40455886176477,100.0,0.0,6.497983870967742,100.0,0.0,80.0,272.049999999995,1270.7731568454353,0.05293476998117373,100.0,1.0,5.588009546564496
115,2043,8,14,7.810180881598322E18,38.25872047126915,0.00897325048085301,0.0,16.84203665377724,0.0,162.399999999997,325.24495967741933,316.5089936992617,100.0,0.0,6.244959677419355,100.0,0.0,80.0,275.0,1558.3808620360285,0.02920252013695899,100.0,1.0,5.561163873472071
102,2043,8,14,7.551686037947802E18,39.0231410818708,0.0027324148845472053,0.0,33.78819966261167,0.0,292.89999999999856,319.01915322580646,636.1373360002219,100.0,0.0,6.019153225806452,100.0,0.0,80.0,273.7399999999963,1244.844773366842,0.05163710622549334,100.0,1.0,5.672277581182373
103,2043,8,14,3.8076780415005327E18,38.50964983447994,0.006818579392745485,0.0,20.54176614326966,0.0,318.99999999999994,319.101814516129,341.6172422572902,100.0,0.0,6.101814516129032,100.0,0.0,80.0,275.0,1318.2173137080083,0.05698832100509295,100.0,1.0,5.597638154166561
105,2043,8,14,8.00272729626966E18,38.939312554149936,0.007032327963050951,0.0,19.69912710705962,0.0,252.2999999999956,319.116935483871,344.62032964997337,100.0,0.0,6.116935483870968,100.0,0.0,80.0,275.0,1400.9358792947016,0.04457524295373907,100.0,1.0,5.660092537506453
100,2043,8,14,8.160192525120971E18,38.243086000077334,0.0032749089346178913,0.0,-14.597389034594745,0.0,318.99999999999994,325.31451612903226,-271.5177719924374,100.0,0.0,6.314516129032258,100.0,0.0,80.0,275.0,2138.9178704832966,0.05738554379624686,100.0,1.0,5.558891297303751
111,2043,8,15,3.1962213724053494E18,38.51339750948582,0.0026642667698494682,0.0,30.84080684046926,0.0,232.00000000000003,326.5524193548387,573.0053114312911,100.0,0.0,6.05241935483871,100.0,0.0,80.0,275.0,1282.4080123368908,0.04144201859333932,100.0,1.0,5.598182904084884
114,2043,8,15,5.836111949060572E18,39.508739978150146,0.0015086164224702523,0.0,37.82181895990741,0.0,229.10000000000386,326.2217741935484,841.8638548604051,100.0,0.0,5.721774193548387,100.0,0.0,80.0,275.0,1382.387603770946,0.03989299645740298,100.0,1.0,5.742862666248516
106,2043,8,15,4.4904735328533463E18,39.261719041367144,0.001485145726721781,0.0,23.017272876634756,0.0,266.79999999999524,326.43850806451616,438.35706632123294,100.0,0.0,5.938508064516129,100.0,0.0,80.0,275.0,1463.5404649547313,0.04674996207117031,100.0,1.0,5.7069565017791755
107,2043,8,15,3.8962303467200983E18,38.877232925045746,0.002331925800637488,0.0,14.517951539187992,0.0,321.90000000000083,326.71975806451616,281.8720261146953,100.0,0.0,6.219758064516129,100.0,0.0,80.0,275.0,1654.4935768695573,0.05696267536649753,100.0,1.0,5.651068843394346
108,2043,8,15,1.4244601342993418E18,39.02464620768942,0.004034734928441108,0.0,30.87118363865287,0.0,275.50000000000006,326.28024193548384,535.452133770874,100.0,0.0,5.780241935483871,100.0,0.0,80.0,272.559999999998,1197.209504272573,0.04856768210104797,100.0,1.0,5.672496361403573
117,2043,8,15,5.392312879540745E18,38.67653568981046,0.0026085030467596034,0.0,46.116683378993415,0.0,310.2999999999942,326.81048387096774,1039.8307250825665,100.0,0.0,6.310483870967742,100.0,0.0,80.0,275.0,1213.795951858396,0.055194900820328886,100.0,1.0,5.621896142364428
118,2043,8,15,6.784113119771871E18,38.8174299804408,0.0015137062214664345,0.0,35.04647950106683,0.0,313.20000000000584,326.56350806451616,677.2974678376928,100.0,0.0,6.063508064516129,100.0,0.0,80.0,275.0,1253.611212604238,0.05550852965419898,100.0,1.0,5.642376080777949
113,2043,8,16,1.9062697412338442E18,38.56989139151035,0.0016104182485378728,0.0,35.8139714714026,0.0,324.79999999999393,334.1421370967742,653.592296594049,100.0,0.0,6.142137096774194,100.0,0.0,80.0,275.0,1170.049257138959,0.057933845010641735,100.0,1.0,5.606394672066598
101,2043,8,16,3.1672676456999844E18,38.814176103620945,0.001964371821552768,0.0,29.859723394118944,0.0,324.79999999999393,334.18245967741933,526.8530434888489,100.0,0.0,6.182459677419355,100.0,0.0,80.0,275.0,1235.9100589654604,0.05756922687184375,100.0,1.0,5.641903107766916
119,2043,8,16,8.805755481983441E18,38.60058306555226,0.0016956255632753238,0.0,33.29081434154408,0.0,324.79999999999393,334.12399193548384,619.1725155963403,100.0,0.0,6.123991935483871,100.0,0.0,80.0,272.29000000000195,1238.75384477896,0.05788778128450489,100.0,1.0,5.610855914544003
104,2043,8,17,1.8191142937400033E18,38.535867381217514,0.0023601395267893346,0.0,30.186374465049543,0.0,327.70000000000607,347.2217741935484,574.0888346067636,100.0,0.0,5.721774193548387,100.0,0.0,80.0,273.3500000000032,1326.2473031848567,0.058502719021395914,100.0,1.0,5.601449051968985
114,2044,2,22,5.836111949060572E18,45.79145837449399,0.8219497440461372,0.0,36.09909057773513,0.0,80.77903225806303,256.9153225806452,917.7626881191214,100.0,1.5050403225806452,6.915322580645161,100.0,0.32661290322580644,96.0,605.2784832236296,1613.6500427040546,0.012313765531000746,87.6008064516129,1.0,6.560059313675926
113,2044,2,27,1.9062697412338442E18,48.97440626917234,0.00897325048085301,0.0,51.05899859304215,0.0,75.40000000000018,263.335685483871,1169.0712449294854,100.0,0.0,5.835685483870968,100.0,0.0,96.0,619.5413419968777,1119.796637663317,0.010565742799374656,100.0,1.0,7.136270627793703
100,2044,2,27,8.160192525120971E18,49.51523358567564,0.00897325048085301,0.0,-37.481847215831664,0.0,78.30000000000146,263.1290322580645,-924.7649506867987,100.0,0.0,5.629032258064516,100.0,0.0,96.0,610.1306461394619,3393.662719220552,0.010852275194192598,100.0,1.0,7.2150768939127445
117,2044,2,27,5.392312879540745E18,48.669082031638716,0.00897325048085301,0.0,55.55209431216441,0.0,124.699999999998,264.476814516129,1632.9162048835246,100.0,0.0,6.976814516129032,100.0,0.0,96.0,616.4140438026399,1305.859940211806,0.017583736491457724,100.0,1.0,7.091780524610224
119,2044,2,27,8.805755481983441E18,49.145115130939,0.00897325048085301,0.0,54.14483216602063,0.0,104.39999999999851,263.20362903225805,1347.8970328996897,100.0,0.0,5.703629032258065,100.0,0.0,96.0,609.6771603783125,1140.9164315236646,0.014578673512644476,100.0,1.0,7.1611453476511135
109,2044,2,28,3.6912901621011497E18,50.01696983405294,0.00556653255636044,0.0,45.41977263557312,0.0,118.89999999999799,264.00604838709677,1080.4465013035822,100.0,0.0,5.006048387096774,100.0,0.0,96.0,606.360199069655,1297.841451542272,0.016314070901618447,100.0,1.0,7.288187032961984
110,2044,2,28,4.565563823161268E18,50.09528402790514,0.00897325048085301,0.0,55.83515271267797,0.0,92.80000000000169,264.26512096774195,1348.4569749554141,100.0,0.0,5.265120967741935,100.0,0.0,96.0,611.5361386031618,1066.1292865872379,0.012713027931796753,100.0,1.0,7.299598529780475
112,2044,2,28,7.785515223895154E18,49.95545543734553,0.00897325048085301,0.0,44.848621599159614,0.0,81.19999999999848,264.7681451612903,1058.810043427174,100.0,0.0,5.768145161290323,100.0,0.0,96.0,610.6340783629973,1301.2664470320783,0.011155035963182973,100.0,1.0,7.279223506584636
115,2044,2,28,7.810180881598322E18,49.93545885952,0.00897325048085301,0.0,14.493308378170477,0.0,147.89999999999725,264.2782258064516,349.5141178807715,100.0,0.0,5.278225806451613,100.0,0.0,96.0,606.0123303849251,2058.5947325272705,0.020326237571089742,100.0,1.0,7.276309719530055
101,2044,2,28,3.1672676456999844E18,50.106727634231085,0.0050696330400299425,0.0,46.10204012594165,0.0,78.30000000000146,265.0907258064516,1126.504597764603,100.0,0.0,6.090725806451613,100.0,0.0,96.0,615.1929977273073,1316.3473784511184,0.01072416752295316,100.0,1.0,7.301266026702244
104,2044,2,28,1.8191142937400033E18,49.95462518149865,0.00897325048085301,0.0,40.42126382434294,0.0,95.69999999999828,265.06854838709677,995.4252624782554,100.0,0.0,6.068548387096774,100.0,0.0,96.0,610.7367310480795,1466.2394457546084,0.013147225176770673,100.0,1.0,7.279102526446944
116,2044,2,29,4.5339596344121354E18,50.73502898015094,0.00897325048085301,0.0,54.92850494566407,0.0,95.69999999999828,266.0977822580645,1872.969583461352,100.0,0.0,5.597782258064516,100.0,0.0,96.0,609.2721828764738,1536.2623762433611,0.012944995185462271,100.0,1.0,7.392818508536262
106,2044,2,29,4.4904735328533463E18,50.8140937781825,0.00897325048085301,0.0,26.84193000327801,0.0,98.60000000000124,264.5967741935484,679.5593791579024,100.0,0.0,4.096774193548387,100.0,0.0,96.0,617.8762625723585,1850.6901778344409,0.013316515485261077,100.0,1.0,7.404339379106586
108,2044,2,29,1.4244601342993418E18,50.33146559773358,0.0051158782673050305,0.0,50.637157837645034,0.0,145.00000000000003,264.81048387096774,1168.3933474730302,100.0,0.0,4.310483870967742,100.0,0.0,96.0,620.630888523581,1138.3179116273648,0.01977089336457736,100.0,1.0,7.334013558526908
111,2044,3,1,3.1962213724053494E18,51.52938939584129,0.00897325048085301,0.0,44.585049126759095,0.0,98.60000000000124,265.71370967741933,1181.1533928438398,100.0,0.0,3.713709677419355,100.0,0.0,96.0,616.8746264032555,1467.3726039794335,0.013131664756758914,100.0,1.0,7.5085681691082975
102,2044,3,1,7.551686037947802E18,51.48157218955402,0.00897325048085301,0.0,46.98574558083587,0.0,139.19999999999865,265.68548387096774,1185.332413796315,100.0,0.0,3.685483870967742,100.0,0.0,96.0,619.6282021487134,1336.8431461045845,0.01855604009391314,100.0,1.0,7.501600519049311
118,2044,3,2,6.784113119771871E18,51.87789722934876,0.00897325048085301,0.0,50.55169352280745,0.0,89.89999999999921,267.304435483871,1333.6080617456257,100.0,0.0,3.8044354838709675,100.0,0.0,96.0,609.5874951568727,1303.9909195371151,0.011892555736910003,100.0,1.0,7.559350739133688
103,2044,3,3,3.8076780415005327E18,51.475513095278146,0.005478174896735677,0.0,29.973768355431737,0.0,130.50000000000003,269.06048387096774,652.8695845656116,100.0,0.0,4.060483870967742,100.0,0.0,96.0,618.1833231914114,1523.9690907351799,0.017398335275190677,100.0,1.0,7.500717622454818
105,2044,3,3,8.00272729626966E18,51.857565409827416,0.00897325048085301,0.0,30.0934030350354,0.0,153.69999999999987,267.8256048387097,744.6891070478524,100.0,0.0,2.8256048387096775,100.0,0.0,96.0,609.6708906405336,1728.8945107835373,0.020340405748564754,100.0,1.0,7.5563881025748545
107,2044,3,3,3.8962303467200983E18,52.23292411944302,0.005253659532115358,0.0,17.253610882684832,0.0,107.30000000000186,266.6038306451613,453.55159231770017,100.0,0.0,1.6038306451612903,100.0,0.0,96.0,614.2502163338556,2173.3663305070686,0.014097861864591952,100.0,1.0,7.611083228833122
114,2044,8,11,5.836111949060572E18,39.6926353393001,0.0014315970773537046,0.0,39.69267620417186,0.0,168.51572580645254,303.31350806451616,867.7533969938387,100.0,0.11088709677419355,5.313508064516129,100.0,0.07258064516129033,80.0,275.0,1316.4587479300926,0.029262449949813665,96.37096774193549,1.0,5.758770236103405
110,2044,8,12,4.565563823161268E18,37.80918898957667,0.001747128208888831,0.0,36.20991656348333,0.0,185.60000000000338,317.90020161290323,642.473516277109,100.0,0.0,6.400201612903226,100.0,0.0,80.0,275.0,1130.0090163522573,0.03377111180291788,100.0,1.0,5.49582143114303
115,2044,8,12,7.810180881598322E18,39.208771411024024,0.0017157266693791655,0.0,17.180274716923833,0.0,316.0999999999996,311.5352822580645,324.8153325875931,100.0,0.0,6.035282258064516,100.0,0.0,80.0,275.0,1561.3659145822505,0.0554633388551835,100.0,1.0,5.699260205472781
112,2044,8,13,7.785515223895154E18,39.306702867240226,0.0013250517544082991,0.0,29.692828624934958,0.0,272.60000000000326,318.8034274193548,531.6952977185235,100.0,0.0,5.803427419354839,100.0,0.0,80.0,275.0,1257.3487002548545,0.04771160037918009,100.0,1.0,5.713495205223878
101,2044,8,13,3.1672676456999844E18,38.872312444033085,0.00897325048085301,0.0,33.452516803649964,0.0,318.99999999999994,319.179435483871,619.601698530936,100.0,0.0,6.179435483870968,100.0,0.0,80.0,275.0,1230.303883534882,0.056456643522835845,100.0,1.0,5.650353618187899
105,2044,8,13,8.00272729626966E18,38.51396822458241,0.0031933275732573103,0.0,16.84748832459245,0.0,313.20000000000584,325.20262096774195,301.83144548641445,100.0,0.0,6.202620967741935,100.0,0.0,80.0,275.0,1486.009864868469,0.055945896060479346,100.0,1.0,5.59826586138555
106,2044,8,13,4.4904735328533463E18,37.86678928151641,0.004309918578699817,0.0,20.499860802985427,0.0,295.7999999999945,325.28729838709677,386.5552641814589,100.0,0.0,6.287298387096774,100.0,0.0,80.0,270.89000000000686,1494.3666892790272,0.05374083812239872,100.0,1.0,5.5041940232917135
107,2044,8,13,3.8962303467200983E18,39.056397918537,0.001743055648961348,0.0,15.070373977737802,0.0,313.20000000000584,318.86895161290323,295.99302139705367,100.0,0.0,5.868951612903226,100.0,0.0,80.0,275.0,1663.4266818351991,0.05516889877206074,100.0,1.0,5.6771116874027605
108,2044,8,13,1.4244601342993418E18,39.12870267565796,0.0017322877376164047,0.0,32.328206871140786,0.0,318.99999999999994,318.6471774193548,565.2210899720375,100.0,0.0,5.647177419354839,100.0,0.0,80.0,275.0,1181.2908922125068,0.056086712221265135,100.0,1.0,5.687621673053817
100,2044,8,13,8.160192525120971E18,38.013982460508096,0.0029190795318324793,0.0,-19.380376005964866,0.0,316.0999999999996,319.46673387096774,-357.5246642620924,100.0,0.0,6.466733870967742,100.0,0.0,80.0,275.0,2208.7364106690475,0.0572065654295562,100.0,1.0,5.525589547745934
117,2044,8,13,5.392312879540745E18,39.35436857111844,0.0022890945104216847,0.0,47.04901928638158,0.0,237.79999999999603,318.43951612903226,1083.9840237029925,100.0,0.0,5.439516129032258,100.0,0.0,80.0,275.0,1218.877835170582,0.04157034704079552,100.0,1.0,5.720423737781847
119,2044,8,13,8.805755481983441E18,38.698780474384414,0.0015643742121431358,0.0,38.102066229235554,0.0,304.49999999999994,319.085685483871,728.8606262605384,100.0,0.0,6.085685483870968,100.0,0.0,80.0,275.0,1182.5278264103265,0.05413208639656357,100.0,1.0,5.625129572307236
109,2044,8,14,3.6912901621011497E18,37.53940312866295,0.0018539773720770713,0.0,27.05196314246704,0.0,298.7000000000056,332.76209677419354,472.03395367511,100.0,0.0,6.262096774193548,100.0,0.0,80.0,275.0,1270.069276640856,0.05474098502967416,100.0,1.0,5.456606230927072
111,2044,8,14,3.1962213724053494E18,38.44740504856225,0.002377649835944102,0.0,31.65435718291614,0.0,321.90000000000083,326.9475806451613,612.0452591190251,100.0,0.0,6.44758064516129,100.0,0.0,80.0,275.0,1319.8720552488403,0.05759949716918276,100.0,1.0,5.588590453394197
113,2044,8,14,1.9062697412338442E18,38.80029556229031,0.0017444110577085963,0.0,35.71864894701037,0.0,240.70000000000417,326.429435483871,646.6814721823383,100.0,0.0,5.929435483870968,100.0,0.0,80.0,275.0,1162.2399383820498,0.04267817156470883,100.0,1.0,5.639885477170777
116,2044,8,14,4.5339596344121354E18,38.86836499657912,0.003417079391033141,0.0,47.08839853816089,0.0,321.90000000000083,332.3608870967742,1207.6479665027748,100.0,0.0,5.860887096774194,100.0,0.0,80.0,275.0,1355.7168232135623,0.056975671563545015,100.0,1.0,5.649779829992621
102,2044,8,14,7.551686037947802E18,37.91003931480481,0.002920979974236011,0.0,27.292416549669223,0.0,318.99999999999994,332.664314516129,495.13151679372226,100.0,0.0,6.164314516129032,100.0,0.0,80.0,275.0,1316.1991080325422,0.0578896863793023,100.0,1.0,5.510480708253659
103,2044,8,14,3.8076780415005327E18,38.951982478648084,0.0021273709058447225,0.0,18.039907020473688,0.0,287.10000000000196,332.2409274193548,296.8944420500165,100.0,0.0,5.740927419354839,100.0,0.0,80.0,275.0,1346.297310644038,0.050707053459671005,100.0,1.0,5.6619341967551335
104,2044,8,14,1.8191142937400033E18,38.91975016485653,0.0022937756852896276,0.0,31.525992679417335,0.0,313.20000000000584,326.64112903225805,603.8952412804803,100.0,0.0,6.141129032258065,100.0,0.0,80.0,275.0,1309.287075852561,0.05536259749978364,100.0,1.0,5.657249011866357
118,2044,8,15,6.784113119771871E18,38.88129074683924,0.0015682017617708924,0.0,32.784715015391534,0.0,304.49999999999994,334.06451612903226,631.9698846348712,100.0,0.0,6.064516129032258,100.0,0.0,80.0,269.64999999999645,1293.0223744140978,0.0538779883034444,100.0,1.0,5.651658675246665
115,2045,2,20,7.810180881598322E18,46.24615064855595,0.8264363692865622,0.0,4.6321136489860235,0.0,81.19999999999848,255.48185483870967,111.22846246614468,100.0,1.6663306451612903,6.981854838709677,100.0,0.0,96.0,619.3816592200463,2007.4424648463678,0.012536180136394152,87.6008064516129,1.0,6.477252170640432
109,2045,2,21,3.6912901621011497E18,46.32202009015294,0.8264363692865622,0.0,32.09462099064109,0.0,80.77903225806303,256.664314516129,667.0839638066352,100.0,1.4727822580645162,6.664314516129032,100.0,0.14516129032258066,96.0,604.4507608448729,1382.0446132270033,0.0124386209930839,87.6008064516129,1.0,6.494211239572107
110,2045,2,24,4.565563823161268E18,47.16387183599687,0.00897325048085301,0.0,51.18577861661513,0.0,121.80000000000199,261.26915322580646,1172.1397915003913,100.0,0.0,6.769153225806452,100.0,0.0,96.0,614.4561153611367,1117.195629175917,0.0177229375028371,100.0,1.0,6.87244989610239
113,2045,2,26,1.9062697412338442E18,49.55225560075563,0.008449388400049926,0.0,53.84247855274092,0.0,101.50000000000001,263.06754032258067,1277.9018045677772,100.0,0.0,5.567540322580645,100.0,0.0,96.0,615.4355605313721,1094.987234180844,0.014057253681109098,100.0,1.0,7.220471530395816
114,2045,2,26,5.836111949060572E18,48.946589527072156,0.008069469856882215,0.0,36.86902289290832,0.0,95.69999999999828,264.2459677419355,1018.2633348945137,100.0,0.0,6.745967741935484,100.0,0.0,96.0,620.0187287040854,1742.3622587256752,0.01341798707995963,100.0,1.0,7.132217331087652
105,2045,2,26,8.00272729626966E18,49.01936885008254,0.00897325048085301,0.0,22.64149710876214,0.0,142.1000000000026,263.17237903225805,528.915826399828,100.0,0.0,5.672379032258065,100.0,0.0,96.0,612.7585237452391,1805.1141542440173,0.01989409699284101,100.0,1.0,7.142822318154878
107,2045,2,26,3.8962303467200983E18,49.247461487380626,0.00897325048085301,0.0,14.297890653745641,0.0,118.89999999999799,263.51915322580646,372.61064288346455,100.0,0.0,6.019153225806452,100.0,0.0,96.0,614.2795042497631,2230.65796874822,0.016568983811803998,100.0,1.0,7.17605867387545
117,2045,2,26,5.392312879540745E18,49.76275344851423,0.00897325048085301,0.0,54.15006339737423,0.0,89.89999999999921,262.80745967741933,1595.5413843255253,100.0,0.0,5.307459677419355,100.0,0.0,96.0,606.224037354938,1350.2452819756725,0.01239804354781215,100.0,1.0,7.251144073926375
111,2045,2,27,3.1962213724053494E18,50.49205665569604,0.00897325048085301,0.0,41.09091470097486,0.0,69.59999999999933,264.40020161290323,1102.713453985014,100.0,0.0,5.400201612903226,100.0,0.0,96.0,614.2126190096728,1580.1418987303532,0.009459845576910975,100.0,1.0,7.357413969829998
112,2045,2,27,7.785515223895154E18,49.92344406443203,0.00897325048085301,0.0,38.493522544724584,0.0,133.3999999999976,264.3649193548387,873.358894613936,100.0,0.0,5.36491935483871,100.0,0.0,96.0,608.6020774171142,1394.5709465885634,0.018337881394898725,100.0,1.0,7.274558992245806
102,2045,2,27,7.551686037947802E18,49.32183153800184,0.00897325048085301,0.0,43.17617147739598,0.0,139.19999999999865,264.1774193548387,1030.2484806104405,100.0,0.0,5.17741935483871,100.0,0.0,96.0,613.3927021517388,1355.280634094124,0.019368585631517117,100.0,1.0,7.186895452680263
103,2045,2,27,3.8076780415005327E18,49.20990304222938,0.00897325048085301,0.0,25.254135455318856,0.0,136.30000000000163,264.78729838709677,549.2466146622158,100.0,0.0,5.787298387096774,100.0,0.0,96.0,612.5088615003513,1624.1200636266365,0.01900820971055465,100.0,1.0,7.170585871867701
104,2045,2,27,1.8191142937400033E18,50.06408815110603,0.006588289633519106,0.0,45.35462088190449,0.0,130.50000000000003,264.12399193548384,1198.3969121909224,100.0,0.0,5.123991935483871,100.0,0.0,96.0,611.9349652663831,1443.2292474323444,0.01788883545808341,100.0,1.0,7.29505284487544
100,2045,2,27,8.160192525120971E18,49.662453352444196,0.00897325048085301,0.0,-55.260375856089176,0.0,69.59999999999933,264.9868951612903,-1351.024933903599,100.0,0.0,5.986895161290323,100.0,0.0,96.0,608.9904161000038,3797.2847166364045,0.009617870777219997,100.0,1.0,7.236528917070446
119,2045,2,27,8.805755481983441E18,50.16083610866246,0.00897325048085301,0.0,56.228583525867634,0.0,116.00000000000001,265.0766129032258,1529.561353605461,100.0,0.0,6.076612903225806,100.0,0.0,96.0,608.3254014546984,1190.2180096335005,0.01587051758164517,100.0,1.0,7.309150404405098
118,2045,2,28,6.784113119771871E18,50.35501289961305,0.00897325048085301,0.0,48.90624929555848,0.0,113.10000000000181,266.2288306451613,1280.2011898990725,100.0,0.0,5.72883064516129,100.0,0.0,96.0,611.7084724141777,1336.8569820564521,0.015414085428507777,100.0,1.0,7.3374447368007685
108,2045,3,1,1.4244601342993418E18,51.02043656536896,0.00897325048085301,0.0,47.310268272350825,0.0,95.69999999999828,266.87399193548384,1113.4304539726681,100.0,0.0,4.873991935483871,100.0,0.0,96.0,612.3815633564852,1239.2297226713008,0.012872581069369596,100.0,1.0,7.434406470953767
116,2045,3,2,4.5339596344121354E18,51.53198119652003,0.00897325048085301,0.0,59.35443438731965,0.0,145.00000000000003,266.44254032258067,2078.334303155029,100.0,0.0,2.942540322580645,100.0,0.0,96.0,605.1878418713354,1422.7812339748607,0.01931030044082383,100.0,1.0,7.508945831492921
106,2045,3,2,4.4904735328533463E18,51.93114657963653,0.00897325048085301,0.0,22.244378293539246,0.0,133.3999999999976,267.116935483871,575.9645105744986,100.0,0.0,3.6169354838709675,100.0,0.0,96.0,620.342712238382,2011.9051164217915,0.01762892322576602,100.0,1.0,7.567109930175613
101,2045,3,3,3.1672676456999844E18,51.87302361095944,0.00897325048085301,0.0,56.248369405530944,0.0,133.3999999999976,267.59576612903226,1381.5484741325322,100.0,0.0,2.595766129032258,100.0,0.0,96.0,408.9783353573479,1074.0181269506816,0.01764867617790057,100.0,1.0,7.558640583311242
115,2045,8,11,7.810180881598322E18,38.96487499002155,0.0023031957086378355,0.0,15.318236761764101,0.0,150.80000000000035,302.40826612903226,276.7367008224896,100.0,0.1028225806451613,5.908266129032258,100.0,0.0,80.0,275.0,1513.712481108018,0.02685658766802881,96.37096774193549,1.0,5.615009690137176
109,2045,8,13,3.6912901621011497E18,39.46133748222154,0.00205714132986085,0.0,31.691264246352254,0.0,145.00000000000003,311.4304435483871,570.5263120524479,100.0,0.1381048387096774,5.930443548387097,100.0,0.0,80.0,275.0,1223.60579155038,0.025500951418021393,89.31451612903226,1.0,5.686062359913728
108,2045,8,13,1.4244601342993418E18,38.38057817475949,0.0021415872269339047,0.0,28.429035294222178,0.0,316.0999999999996,317.56350806451616,490.62946094185156,100.0,0.0,6.063508064516129,100.0,0.0,80.0,275.0,1233.2573885683075,0.056660151521510625,100.0,1.0,5.578876715145996
100,2045,8,13,8.160192525120971E18,37.66677698710686,0.0028890053061342647,0.0,-31.35946220668483,0.0,292.89999999999856,317.9868951612903,-567.4130856889029,100.0,0.0,6.486895161290323,100.0,0.0,80.0,273.940000000002,2380.3046334916676,0.0534965357398832,100.0,1.0,5.475120883045015
118,2045,8,13,6.784113119771871E18,38.26326908147355,0.001754644208223124,0.0,34.204232094142746,0.0,162.399999999997,317.50604838709677,656.6608802341659,100.0,0.0,6.006048387096774,100.0,0.0,80.0,271.02999999999963,1261.1923708475413,0.02919904863846247,100.0,1.0,5.561825044740515
110,2045,8,14,4.565563823161268E18,38.73103028723007,0.0019247641529071245,0.0,37.15790986251855,0.0,284.2000000000052,319.21270161290323,680.2184639634751,100.0,0.0,6.212701612903226,100.0,0.0,80.0,274.7900000000017,1148.6498202094185,0.05048121187867371,100.0,1.0,5.629817300801933
111,2045,8,14,3.1962213724053494E18,39.61557164330489,0.001781113632563129,0.0,34.380524109525716,0.0,304.49999999999994,318.851814516129,701.0491206926285,100.0,0.0,5.851814516129032,100.0,0.0,80.0,275.0,1336.533448797634,0.05287935125467403,100.0,1.0,5.758391371586373
113,2045,8,14,1.9062697412338442E18,39.23700128559938,0.002255719075126456,0.0,37.023543766465615,0.0,232.00000000000003,318.81350806451616,680.0730289690027,100.0,0.0,5.813508064516129,100.0,0.0,80.0,275.0,1155.5126011024302,0.040677750169113035,100.0,1.0,5.703363608741559
114,2045,8,14,5.836111949060572E18,38.45963143227432,0.0015370418775013826,0.0,32.55748907940298,0.0,316.0999999999996,325.31854838709677,693.0813812433162,100.0,0.0,6.318548387096774,100.0,0.0,80.0,273.2900000000019,1433.8511428615955,0.05654368733861952,100.0,1.0,5.590367640988675
107,2045,8,14,3.8962303467200983E18,38.84050473317989,0.002491185586022503,0.0,16.751638821775988,0.0,316.0999999999996,318.72983870967744,333.640379466962,100.0,0.0,5.729838709677419,100.0,0.0,80.0,271.8500000000034,1653.9422400364538,0.055989215119734155,100.0,1.0,5.6457301522090075
117,2045,8,14,5.392312879540745E18,38.353770388699175,0.0018835538372907299,0.0,41.529254210854596,0.0,313.20000000000584,319.4102822580645,914.5667893392712,100.0,0.0,6.410282258064516,100.0,0.0,80.0,273.2099999999981,1285.615865989573,0.05617957351603609,100.0,1.0,5.574980022064514
119,2045,8,14,8.805755481983441E18,39.03916203034172,0.00897325048085301,0.0,41.68944612919275,0.0,281.29999999999484,318.76915322580646,862.5180072136417,100.0,0.0,5.769153225806452,100.0,0.0,80.0,275.0,1205.0353346468767,0.04957172064832803,100.0,1.0,5.674606334438033
112,2045,8,15,7.785515223895154E18,38.722904685406164,0.002556481618476652,0.0,25.54351041099246,0.0,295.7999999999945,326.54233870967744,448.85273886450034,100.0,0.0,6.042338709677419,100.0,0.0,80.0,275.0,1305.9411934238497,0.052552694833347645,100.0,1.0,5.628636189600172
101,2045,8,15,3.1672676456999844E18,38.49516757195787,0.0022145238106744914,0.0,30.491334125702746,0.0,321.90000000000083,332.5846774193548,542.3872402231206,100.0,0.0,6.084677419354839,100.0,0.0,80.0,275.0,1234.4973178775176,0.05752803112540002,100.0,1.0,5.595533059324086
102,2045,8,15,7.551686037947802E18,38.749985231610566,0.008127944276134984,0.0,27.648752692212913,0.0,321.90000000000083,332.1290322580645,500.37463486725125,100.0,0.0,5.629032258064516,100.0,0.0,80.0,275.0,1307.866599175226,0.057149730123007995,100.0,1.0,5.632572530214042
104,2045,8,15,1.8191142937400033E18,39.35282708473777,0.001891494620753165,0.0,34.3652638398282,0.0,272.60000000000326,326.3256048387097,698.0023960890773,100.0,0.0,5.825604838709677,100.0,0.0,80.0,275.0,1330.9453967560885,0.04765567910500308,100.0,1.0,5.720199672306938
105,2045,8,15,8.00272729626966E18,39.31037526852573,0.0039390915192506655,0.0,17.945764424434664,0.0,301.6000000000007,326.383064516129,327.4269230873355,100.0,0.0,5.883064516129032,100.0,0.0,80.0,275.0,1493.5826558380772,0.05278237112242227,100.0,1.0,5.7140290135976715
103,2045,8,16,3.8076780415005327E18,39.59571267811841,0.0017677798425636368,0.0,20.804232590132976,0.0,321.90000000000083,333.82358870967744,363.4434016333178,100.0,0.0,5.823588709677419,100.0,0.0,80.0,275.0,1381.019663847688,0.05592906525662574,100.0,1.0,5.75550473663363
106,2045,8,16,4.4904735328533463E18,38.528525989495535,0.00897325048085301,0.0,14.587863516891302,0.0,324.79999999999393,334.2116935483871,275.12366831631266,100.0,0.0,6.211693548387097,100.0,0.0,80.0,275.0,1604.9029215318706,0.05799604455572119,100.0,1.0,5.600381931011416
116,2045,8,17,4.5339596344121354E18,38.804457792547495,0.0021334404376730904,0.0,47.405493725729144,0.0,327.70000000000607,341.25100806451616,1214.8934368607574,100.0,0.0,5.751008064516129,100.0,0.0,80.0,275.0,1346.4137993301304,0.0580977843757455,100.0,1.0,5.640490485499708
104,2046,2,21,1.8191142937400033E18,45.97384965168857,0.8318203195750749,0.0,39.06711798955464,0.0,60.900000000000986,255.2147177419355,956.3317518059654,100.0,1.7389112903225807,6.714717741935484,100.0,0.07258064516129033,96.0,608.5433859666341,1465.6249810312368,0.009455794116243872,87.6008064516129,1.0,6.440495557679539
105,2046,2,21,8.00272729626966E18,46.44125236054162,0.8318203195750749,0.0,20.211211618680306,0.0,75.40000000000018,254.88104838709677,433.1645129384193,100.0,1.5766129032258065,6.381048387096774,100.0,0.0907258064516129,96.0,611.257589291192,1656.0581182125097,0.01159090819315449,87.6008064516129,1.0,6.505098543057299
107,2046,2,21,3.8962303467200983E18,45.18434805188307,0.8318203195750749,0.0,-0.1123626407458444,0.0,75.40000000000018,255.54435483870967,15.596827159863686,100.0,1.690524193548387,7.044354838709677,100.0,0.14516129032258066,96.0,620.5898642073001,2328.980301611425,0.011908799470193661,87.6008064516129,1.0,6.331452653033381
108,2046,2,21,1.4244601342993418E18,44.81841542345763,0.8318203195750749,0.0,33.266919084592615,0.0,78.30000000000146,255.7258064516129,640.5838983071225,100.0,1.4254032258064515,7.225806451612903,100.0,0.0,96.0,607.8668153123473,1271.7860421775536,0.012206374015056363,91.53225806451613,1.0,6.414681370849335
102,2046,2,22,7.551686037947802E18,45.49639689245971,0.8318203195750749,0.0,23.14622566759222,0.0,90.00524193548307,257.07459677419354,477.57745664550737,100.0,1.7540322580645162,7.074596774193548,100.0,0.11794354838709678,96.0,622.6581466290401,1537.8730525101287,0.014117925985771515,87.6008064516129,1.0,6.3752453459660545
112,2046,2,25,7.785515223895154E18,47.77499932835078,0.37581035577580896,0.0,31.445479514708886,0.0,75.40000000000018,261.52520161290323,665.352275536526,100.0,0.0,7.025201612903226,100.0,0.0,96.0,812.4529934305767,1448.626122612944,0.010830999218561796,100.0,1.0,6.96149990213112
100,2046,2,26,8.160192525120971E18,48.577295041914034,0.00897325048085301,0.0,-67.364143170368,0.0,127.60000000000228,263.1118951612903,-1618.0578980773312,100.0,0.0,7.111895161290323,100.0,0.0,96.0,621.4070415014859,4021.52038203874,0.01802665779875661,100.0,1.0,7.07840584896461
106,2046,2,27,4.4904735328533463E18,49.699112284765945,0.00897325048085301,0.0,20.13361712822655,0.0,89.89999999999921,262.5806451612903,515.4886117446599,100.0,0.0,5.080645161290323,100.0,0.0,96.0,612.6232564392275,2042.9407693782473,0.012413919604411811,100.0,1.0,7.241870647208755
109,2046,2,28,3.6912901621011497E18,49.079969024194924,0.00897325048085301,0.0,38.769639394735115,0.0,84.10000000000043,264.40423387096774,860.9428315087001,100.0,0.0,5.404233870967742,100.0,0.0,96.0,615.1465189418619,1358.554204776525,0.01175951970264243,100.0,1.0,7.15165262923984
110,2046,2,28,4.565563823161268E18,49.742902132240516,0.00897325048085301,0.0,55.22903433048477,0.0,124.699999999998,264.8780241935484,1376.1062099436538,100.0,0.0,5.878024193548387,100.0,0.0,96.0,607.2056940235102,1114.994954050623,0.017204149276421214,100.0,1.0,7.248251453555042
114,2046,2,28,5.836111949060572E18,50.102998771519275,0.00897325048085301,0.0,46.8914900635007,0.0,84.10000000000043,264.98084677419354,1389.71673971103,100.0,0.0,5.980846774193548,100.0,0.0,96.0,613.51587698889,1573.3236007753462,0.011519407558359188,100.0,1.0,7.300722678135676
115,2046,2,28,7.810180881598322E18,50.36778067955011,0.00897325048085301,0.0,9.1257323756398,0.0,69.59999999999933,264.6592741935484,217.9908182645511,100.0,0.0,5.659274193548387,100.0,0.0,96.0,615.3933236643104,2167.176000614362,0.009483186520812004,100.0,1.0,7.339305184734443
116,2046,2,28,4.5339596344121354E18,49.85358668336696,0.00897325048085301,0.0,55.618917234489594,0.0,89.89999999999921,265.1068548387097,1865.7947804103383,100.0,0.0,6.106854838709677,100.0,0.0,96.0,624.607295503761,1488.1337966592273,0.012375454312489056,100.0,1.0,7.264379773862036
101,2046,2,28,3.1672676456999844E18,50.53419140459874,0.00897325048085301,0.0,38.776142766002806,0.0,89.89999999999921,264.5413306451613,890.0513995608047,100.0,0.0,5.54133064516129,100.0,0.0,96.0,610.6339903308923,1404.5974886706624,0.012208779188214617,100.0,1.0,7.3635536046701136
117,2046,2,28,5.392312879540745E18,49.84578317235053,0.00897325048085301,0.0,49.38601238337424,0.0,104.39999999999851,264.47379032258067,1436.2216110889085,100.0,0.0,5.473790322580645,100.0,0.0,96.0,614.6868241901949,1471.0651280773243,0.014373745232529699,100.0,1.0,7.263242690828234
118,2046,2,28,6.784113119771871E18,50.297688462063554,0.00897325048085301,0.0,46.9088895154554,0.0,133.3999999999976,264.539314516129,1256.635365669055,100.0,0.0,5.539314516129032,100.0,0.0,96.0,620.6931474090874,1421.4716178087554,0.018201436767196797,100.0,1.0,7.32909174732927
113,2046,3,1,1.9062697412338442E18,51.20981131017737,0.00897325048085301,0.0,54.6166793870684,0.0,101.50000000000001,265.33266129032256,1380.2917919669621,100.0,0.0,4.832661290322581,100.0,0.0,96.0,619.6487793827065,1146.6392237357888,0.01360224944458143,100.0,1.0,7.462001076625851
103,2046,3,1,3.8076780415005327E18,50.138301682207036,0.00897325048085301,0.0,18.134147488907637,0.0,95.69999999999828,266.6804435483871,393.6572668557662,100.0,0.0,6.180443548387097,100.0,0.0,96.0,614.2219042923542,1774.5853841763396,0.013099061672354391,100.0,1.0,7.305866816550181
119,2046,3,2,8.805755481983441E18,51.1096904401415,0.00897325048085301,0.0,59.993944381803615,0.0,95.69999999999828,265.79334677419354,1671.6657285418921,100.0,0.0,3.7933467741935485,100.0,0.0,96.0,610.8985217339261,1114.3059927930465,0.012850101423555443,100.0,1.0,7.4474120355634845
111,2046,3,3,3.1962213724053494E18,51.51458588867068,0.00897325048085301,0.0,34.79179075746341,0.0,127.60000000000228,267.61290322580646,971.601849895432,100.0,0.0,4.112903225806452,100.0,0.0,96.0,615.7204288770045,1820.0381715221147,0.016998802560546342,100.0,1.0,7.50641108663487
104,2046,8,11,1.8191142937400033E18,38.58100450783819,0.0017363100775644412,0.0,38.063146632142434,0.0,246.6052419354839,296.55141129032256,786.1073253340021,100.0,0.07560483870967742,6.051411290322581,100.0,0.07258064516129033,80.0,275.0,1276.2350184816507,0.044055751737713054,96.37096774193549,1.0,5.597571990228516
107,2046,8,11,3.8962303467200983E18,38.945112607502736,0.0018216099230314764,0.0,18.31018379207352,0.0,127.60000000000228,296.44254032258067,372.79484531524855,100.0,0.10786290322580645,5.942540322580645,100.0,0.0,80.0,274.28000000000003,1656.4430508377231,0.02258194909451593,96.9758064516129,1.0,5.65053084948235
102,2046,8,12,7.551686037947802E18,39.64368335376706,0.0018725480970060555,0.0,24.60030461792689,0.0,136.34385080645322,303.866935483871,432.6167871882724,100.0,0.24899193548387097,5.866935483870968,100.0,0.006048387096774193,80.0,275.0,1310.2304604201875,0.024102476935002275,85.08064516129032,1.0,5.6568398000809195
105,2046,8,12,8.00272729626966E18,37.89929801118541,0.0013145693643206915,0.0,16.941577243102753,0.0,197.2000000000025,310.3881048387097,289.6909871561143,100.0,0.03024193548387097,6.388104838709677,100.0,0.06048387096774194,80.0,275.0,1415.8765419674253,0.03579649403870977,96.9758064516129,1.0,5.508919387098454
110,2046,8,13,4.565563823161268E18,38.86343313666912,0.0024801687343430144,0.0,38.435709547411186,0.0,174.00000000000003,311.5272177419355,721.4622764985922,100.0,0.0,6.027217741935484,100.0,0.0,80.0,275.0,1154.213854974115,0.03080156859922696,100.0,1.0,5.6490629507864405
113,2046,8,13,1.9062697412338442E18,38.98865835644277,0.003701836006952578,0.0,39.3290560982623,0.0,275.50000000000006,317.18145161290323,755.2854982292833,100.0,0.0,5.681451612903226,100.0,0.0,80.0,275.0,1163.8764360335344,0.04861251171541598,100.0,1.0,5.667265283736277
114,2046,8,13,5.836111949060572E18,38.85321750300865,0.0020514975950738563,0.0,42.11698948882844,0.0,275.50000000000006,311.71673387096774,966.0516834386001,100.0,0.0,6.216733870967742,100.0,0.0,80.0,275.0,1326.0503856695314,0.048781973101047704,100.0,1.0,5.647578039316394
115,2046,8,13,7.810180881598322E18,38.967156472548474,0.0017698718897146029,0.0,9.27546064686187,0.0,301.6000000000007,317.36391129032256,167.26144479651387,100.0,0.0,5.863911290322581,100.0,0.0,80.0,275.0,1629.1012361444657,0.05324727293988546,100.0,1.0,5.664139839433615
108,2046,8,13,1.4244601342993418E18,40.12189294001483,0.002054315586275875,0.0,29.620728716355238,0.0,174.63145161290325,311.28629032258067,509.04586326174166,100.0,0.22782258064516128,5.786290322580645,100.0,0.07258064516129033,80.0,275.0,1197.7120650905435,0.03050333713268435,85.08064516129032,1.0,5.724994968690999
109,2046,8,14,3.6912901621011497E18,38.2203388835399,0.0025305274903702894,0.0,26.971584107337314,0.0,316.0999999999996,325.164314516129,465.86933176120283,100.0,0.0,6.164314516129032,100.0,0.0,80.0,275.0,1258.2921661025487,0.056897699978311705,100.0,1.0,5.555584850011349
112,2046,8,14,7.785515223895154E18,39.05290978571187,0.002648539102967256,0.0,26.482694804823506,0.0,226.20000000000366,318.65725806451616,452.6717389077096,100.0,0.0,5.657258064516129,100.0,0.0,80.0,273.4700000000001,1253.8882847321663,0.03984776347851377,100.0,1.0,5.676604663696432
116,2046,8,14,4.5339596344121354E18,38.08176520737089,0.002995076929523702,0.0,47.965393500290475,0.0,318.99999999999994,319.50100806451616,1206.6327420893863,100.0,0.0,6.501008064516129,100.0,0.0,80.0,275.0,1307.54794956346,0.05762863865712541,100.0,1.0,5.535442228610716
101,2046,8,14,3.1672676456999844E18,39.17435771563206,0.0013134148830288394,0.0,29.78921431121106,0.0,287.10000000000196,318.6068548387097,529.1908020277596,100.0,0.0,5.606854838709677,100.0,0.0,80.0,275.0,1245.2680200888415,0.05041921228785898,100.0,1.0,5.69425794200946
103,2046,8,14,3.8076780415005327E18,38.49065735556074,0.0014515125332987774,0.0,14.506334471863008,0.0,318.99999999999994,319.414314516129,241.62953836035763,100.0,0.0,6.414314516129032,100.0,0.0,80.0,275.0,1418.8239382606278,0.05701644080245923,100.0,1.0,5.594877468855279
100,2046,8,14,8.160192525120971E18,38.87211795714224,0.002311501927061576,0.0,-30.765747877068623,0.0,316.0999999999996,324.92237903225805,-577.0116420603407,100.0,0.0,5.922379032258065,100.0,0.0,80.0,275.0,2455.2589647869054,0.055943681207766355,100.0,1.0,5.650325348202455
117,2046,8,14,5.392312879540745E18,39.18297576882656,0.0025637858516722976,0.0,42.81595260506741,0.0,223.29999999999652,319.10887096774195,976.8093574581479,100.0,0.0,6.108870967741935,100.0,0.0,80.0,275.0,1302.9551010439154,0.03920631780639094,100.0,1.0,5.695510634349774
106,2046,8,15,4.4904735328533463E18,38.04940357089664,0.0027011590851453945,0.0,15.780259040242315,0.0,313.20000000000584,327.101814516129,303.49819701257155,100.0,0.0,6.601814516129032,100.0,0.0,80.0,275.0,1614.9272621390267,0.05662896815594722,100.0,1.0,5.530738245795025
118,2046,8,15,6.784113119771871E18,39.20409421193309,0.0014671763376149494,0.0,34.170453860879476,0.0,301.6000000000007,326.40020161290323,689.2939780942629,100.0,0.0,5.900201612903226,100.0,0.0,80.0,275.0,1326.2695565396764,0.052925462457272004,100.0,1.0,5.6985803429396515
119,2046,8,15,8.805755481983441E18,38.49531418703874,0.004582865414123112,0.0,39.39904776986262,0.0,321.90000000000083,326.78326612903226,800.4690290942143,100.0,0.0,6.283266129032258,100.0,0.0,80.0,275.0,1229.945598111938,0.057527812021410024,100.0,1.0,5.595554370818063
111,2046,8,16,3.1962213724053494E18,38.41795895604301,0.002827111052568683,0.0,28.898118240455698,0.0,324.79999999999393,334.38709677419354,600.6507511150018,100.0,0.0,6.387096774193548,100.0,0.0,80.0,275.0,1476.1585052390337,0.05816295739473609,100.0,1.0,5.584310264618512
118,2047,2,20,6.784113119771871E18,43.995261721551415,0.8363069448155019,0.0,31.57613732372427,0.0,90.00524193548307,254.1108870967742,705.1716801736444,100.0,1.627016129032258,7.110887096774194,100.0,0.0,96.0,609.4347674131596,1505.4958880328834,0.014338376128378934,87.6008064516129,1.0,6.277227011595969
113,2047,2,21,1.9062697412338442E18,45.40074702856951,1.1947006514850347,0.0,39.9440108463194,0.0,80.77903225806303,255.51008064516128,863.6482286539147,100.0,1.873991935483871,7.01008064516129,100.0,0.03024193548387097,96.0,810.5725939993158,1281.1630684051354,0.012700153293276685,87.6008064516129,1.0,6.360476948008691
101,2047,2,21,3.1672676456999844E18,45.158882810890475,0.6140285938439826,0.0,34.77277441093887,0.0,72.49999999999999,255.64616935483872,743.3363904789908,100.0,1.6754032258064515,7.14616935483871,100.0,0.0,96.0,619.6283507301516,1369.228519500771,0.011462966375233497,87.6008064516129,1.0,6.324715403217188
117,2047,2,21,5.392312879540745E18,44.320275394522554,0.5155714211684337,0.0,41.047740298664635,0.0,72.4883064516129,255.6834677419355,1058.6401684708571,100.0,1.5625,7.183467741935484,100.0,0.07862903225806452,96.0,623.8242626100387,1500.6976662369377,0.011460945012772946,87.6008064516129,1.0,6.324810595533477
105,2047,2,25,8.00272729626966E18,47.734838044646736,0.00897325048085301,0.0,23.68103284032363,0.0,116.00000000000001,260.99495967741933,537.6322555772526,100.0,0.0,6.494959677419355,100.0,0.0,96.0,607.5945673192587,1730.5412766796712,0.01667709505221262,100.0,1.0,6.955647829362814
112,2047,2,26,7.785515223895154E18,48.26128236259802,0.00897325048085301,0.0,40.91047591226256,0.0,130.50000000000003,262.5594758064516,905.4553697753412,100.0,0.0,6.559475806451613,100.0,0.0,96.0,620.0921161983829,1306.7964785995437,0.018557074977108144,100.0,1.0,7.032358287121421
111,2047,2,27,3.1962213724053494E18,48.84417904493552,0.00897325048085301,0.0,31.012091130301357,0.0,101.50000000000001,263.929435483871,817.3457123640486,100.0,0.0,6.429435483870968,100.0,0.0,96.0,610.0126069960643,1816.8972646842738,0.014261036649017119,100.0,1.0,7.117294660833473
107,2047,2,27,3.8962303467200983E18,49.477978428898,0.00897325048085301,0.0,14.394017795553609,0.0,124.699999999998,263.133064516129,396.1231590340978,100.0,0.0,5.633064516129032,100.0,0.0,96.0,624.1245611767633,2352.287534988656,0.017296266761490157,100.0,1.0,7.209648285353718
108,2047,2,27,1.4244601342993418E18,49.701790690751466,0.00897325048085301,0.0,44.139491417455005,0.0,89.89999999999921,262.89415322580646,961.1324562426328,100.0,0.0,5.394153225806452,100.0,0.0,96.0,608.7224501813374,1215.7585438618578,0.012413250624157568,100.0,1.0,7.242260929223792
109,2047,2,28,3.6912901621011497E18,50.02290459778383,0.00897325048085301,0.0,36.989609997223546,0.0,150.80000000000035,263.9828629032258,846.8699865587959,100.0,0.0,4.982862903225806,100.0,0.0,96.0,611.5727243351763,1441.5773259697887,0.020688561951881682,100.0,1.0,7.289051812819918
114,2047,2,28,5.836111949060572E18,49.26457516201396,0.00897325048085301,0.0,49.59353680588771,0.0,66.6999999999988,265.50100806451616,1501.8650982939876,100.0,0.0,6.501008064516129,100.0,0.0,96.0,609.3109886595834,1525.62145224654,0.009291566943058846,100.0,1.0,7.178552380750615
102,2047,2,28,7.551686037947802E18,49.94429943501167,0.00897325048085301,0.0,32.456463175389736,0.0,130.50000000000003,263.72076612903226,717.153436296888,100.0,0.0,4.720766129032258,100.0,0.0,96.0,609.6872300229254,1491.4888005590174,0.017931740867833623,100.0,1.0,7.2775979176731225
103,2047,2,28,3.8076780415005327E18,49.54667499124964,0.00897325048085301,0.0,22.039169042107243,0.0,130.50000000000003,265.2368951612903,476.1561663767786,100.0,0.0,6.236895161290323,100.0,0.0,96.0,416.5257808885504,1682.248545197996,0.01807564756771845,100.0,1.0,7.219658355867803
104,2047,2,28,1.8191142937400033E18,50.72342885887173,0.00897325048085301,0.0,44.8742712021103,0.0,92.80000000000169,264.04334677419354,1240.466139513149,100.0,0.0,5.043346774193548,100.0,0.0,96.0,608.0532040207839,1523.413880721998,0.012555593330845233,100.0,1.0,7.391128205149861
100,2047,2,28,8.160192525120971E18,49.82671267050247,0.00897325048085301,0.0,-44.35544475448951,0.0,107.30000000000186,264.91129032258067,-1113.6258055387575,100.0,0.0,5.911290322580645,100.0,0.0,96.0,605.0366580593883,3626.1959799387905,0.014778670105915988,100.0,1.0,7.260463846273219
119,2047,2,28,8.805755481983441E18,49.905799649300704,0.004957596950747536,0.0,54.40663041348892,0.0,124.699999999998,264.2903225806452,1437.5876097284868,100.0,0.0,5.290322580645161,100.0,0.0,96.0,613.49021836044,1203.7922318093892,0.017147993214000498,100.0,1.0,7.271987948898099
115,2047,3,2,7.810180881598322E18,50.86801287483832,0.00897325048085301,0.0,4.758567277896385,0.0,87.00000000000001,267.36290322580646,118.07345236976127,100.0,0.0,5.362903225806452,100.0,0.0,96.0,609.7704475942294,2353.1405349533306,0.01173741197633344,100.0,1.0,7.412196161762166
116,2047,3,2,4.5339596344121354E18,51.325602856402895,0.00897325048085301,0.0,53.20638212874403,0.0,87.00000000000001,265.95665322580646,1725.684667883343,100.0,0.0,3.9566532258064515,100.0,0.0,96.0,607.9822038801698,1516.8400224045552,0.011632767864409583,100.0,1.0,7.478873559075845
106,2047,3,2,4.4904735328533463E18,51.154616186598375,0.0037893794260359056,0.0,29.593812001265114,0.0,124.699999999998,266.53326612903226,758.2231591060347,100.0,0.0,4.533266129032258,100.0,0.0,96.0,616.7228960498345,1802.6383115895,0.0167293663313552,100.0,1.0,7.453958358618619
110,2047,3,3,4.565563823161268E18,51.30401472427709,0.003480702281168753,0.0,51.33960276913821,0.0,127.60000000000228,268.09879032258067,1247.5244210301285,100.0,0.0,4.598790322580645,100.0,0.0,96.0,606.2808755518633,1181.9323231351252,0.017068572103294745,100.0,1.0,7.475727859823241
113,2047,8,10,1.9062697412338442E18,37.997364709656615,0.0013130305064168876,0.0,38.123626108494676,0.0,133.3999999999976,301.00201612903226,709.9919089521436,100.0,0.04233870967741935,6.002016129032258,100.0,0.006048387096774193,80.0,275.0,1150.6980436108322,0.024152778621070986,96.37096774193549,1.0,5.5231740452263685
117,2047,8,10,5.392312879540745E18,38.423240211628304,0.002404407953068874,0.0,44.6331485612047,0.0,133.3999999999976,294.99899193548384,1009.3983253967441,100.0,0.03024193548387097,5.998991935483871,100.0,0.0,80.0,275.0,1250.6063090994242,0.023885074058347815,96.9758064516129,1.0,5.585077930850057
101,2047,8,12,3.1672676456999844E18,38.645163927955544,0.003928743643105536,0.0,31.89713789187991,0.0,203.00000000000003,304.2681451612903,579.6789807040245,100.0,0.06048387096774194,6.268145161290323,100.0,0.0,80.0,275.0,1235.5413370973938,0.036138126398538056,96.9758064516129,1.0,5.6173360445220055
105,2047,8,12,8.00272729626966E18,38.5021302707421,0.0019108284669618867,0.0,19.760986587531075,0.0,217.50000000000003,310.1028225806452,352.0151456012429,100.0,0.0,6.102822580645161,100.0,0.0,80.0,275.0,1426.312850949231,0.03886326202417399,100.0,1.0,5.596545134700972
118,2047,8,12,6.784113119771871E18,38.70027799257013,0.002304378654559077,0.0,31.329833812739114,0.0,186.4419354838744,310.17641129032256,605.4754228649676,100.0,0.09778225806451613,6.176411290322581,100.0,0.07258064516129033,80.0,275.0,1324.0755068930011,0.03320495226019108,95.76612903225806,1.0,5.614883407237928
112,2047,8,13,7.785515223895154E18,38.81445369290269,0.007578758852071812,0.0,27.75222377777702,0.0,316.0999999999996,317.4233870967742,480.63221512546227,100.0,0.0,5.923387096774194,100.0,0.0,80.0,275.0,1248.5732393891867,0.05602679331959015,100.0,1.0,5.641943457247144
103,2047,8,13,3.8076780415005327E18,38.38212461122768,0.0033734024364109115,0.0,8.76083472559626,0.0,156.60000000000295,317.5796370967742,147.02504502763466,100.0,0.0,6.079637096774194,100.0,0.0,80.0,275.0,1520.915232851249,0.028069035846686668,100.0,1.0,5.5791015001496165
104,2047,8,13,1.8191142937400033E18,37.89192289171588,0.0037110217042402903,0.0,31.57414526291843,0.0,316.0999999999996,317.5403225806452,631.9644897807578,100.0,0.0,6.040322580645161,100.0,0.0,80.0,274.14999999999685,1367.182601670043,0.05739084239877654,100.0,1.0,5.507847363584582
100,2047,8,13,8.160192525120971E18,38.570684622627,0.0029653835032561224,0.0,-23.143285339632907,0.0,316.0999999999996,317.6875,-435.145631366029,100.0,0.0,6.1875,100.0,0.0,80.0,275.0,2318.8205847531776,0.056380886057421115,100.0,1.0,5.606509973576285
109,2047,8,14,3.6912901621011497E18,38.03341846405162,0.0017939325231613409,0.0,24.67021614803012,0.0,318.99999999999994,325.34576612903226,428.9458069472041,100.0,0.0,6.345766129032258,100.0,0.0,80.0,273.200000000005,1306.7375292465163,0.05770189415488279,100.0,1.0,5.528414702362173
107,2047,8,14,3.8962303467200983E18,39.68511696394127,0.0021549592893499083,0.0,21.130036699817232,0.0,313.20000000000584,318.77620967741933,456.5428472087134,100.0,0.0,5.776209677419355,100.0,0.0,80.0,275.0,1701.4685180246147,0.05429487495594128,100.0,1.0,5.768500254474453
108,2047,8,14,1.4244601342993418E18,39.29996849153781,0.00897325048085301,0.0,26.553869103003013,0.0,310.2999999999942,319.06350806451616,444.98134330820665,100.0,0.0,6.063508064516129,100.0,0.0,80.0,273.1499999999968,1228.811040341148,0.05431931966898807,100.0,1.0,5.712516318151724
119,2047,8,14,8.805755481983441E18,39.27292765398507,0.0016214764150439172,0.0,41.56223368064966,0.0,185.60000000000338,318.93245967741933,862.2810198701599,100.0,0.0,5.932459677419355,100.0,0.0,80.0,275.0,1211.2294738588898,0.032512430949748275,100.0,1.0,5.7085857494590195
110,2047,8,15,4.565563823161268E18,38.3773285960394,0.0018025814545707187,0.0,32.827629409093426,0.0,321.90000000000083,332.7469758064516,595.7112475586495,100.0,0.0,6.246975806451613,100.0,0.0,80.0,275.0,1217.1546519163473,0.05770467302629373,100.0,1.0,5.578404366892847
111,2047,8,15,3.1962213724053494E18,38.92658358467196,0.0028432352600928543,0.0,29.380333955655384,0.0,307.39999999999975,326.20262096774195,603.5365570630262,100.0,0.0,5.702620967741935,100.0,0.0,80.0,274.109999999993,1448.4402492960337,0.05432782548658535,100.0,1.0,5.658242295670441
114,2047,8,15,5.836111949060572E18,37.973633778372545,0.00897325048085301,0.0,39.56186667608649,0.0,298.7000000000056,327.0907258064516,898.6162670200373,100.0,0.0,6.590725806451613,100.0,0.0,80.0,275.0,1370.8826174381807,0.054115018770192494,100.0,1.0,5.519724593804167
115,2047,8,15,7.810180881598322E18,38.76169195473865,0.001923938782344132,0.0,4.175561704348622,0.0,321.90000000000083,326.9344758064516,77.40387202911478,100.0,0.0,6.434475806451613,100.0,0.0,80.0,275.0,1756.177263005722,0.05713246988400224,100.0,1.0,5.6342741816267345
116,2047,8,15,4.5339596344121354E18,37.73263001354489,0.0019264170203634667,0.0,42.991183416574216,0.0,321.90000000000083,333.0100806451613,1022.9922470534478,100.0,0.0,6.51008064516129,100.0,0.0,80.0,271.07999999999487,1354.9397429239807,0.058690613335517144,100.0,1.0,5.484693065989824
102,2047,8,15,7.551686037947802E18,38.2436460093409,0.0012720797392760184,0.0,14.72421806515855,0.0,321.90000000000083,326.9727822580645,240.20449678934335,100.0,0.0,6.472782258064516,100.0,0.0,80.0,272.79000000000195,1386.775782396431,0.0579063826110144,100.0,1.0,5.558972698439154
106,2047,8,15,4.4904735328533463E18,38.24913027950446,0.00897325048085301,0.0,22.50779403726333,0.0,321.90000000000083,326.9274193548387,430.54670842916454,100.0,0.0,6.42741935483871,100.0,0.0,80.0,267.4599999999976,1479.552566588105,0.05789807982754943,100.0,1.0,5.559769874213209
107,2048,2,19,3.8962303467200983E18,44.86170965068401,0.505284597389379,0.0,6.467242087372829,0.0,78.40524193548532,252.24798387096774,172.78719811420865,100.0,1.5514112903225807,6.747983870967742,100.0,0.0,96.0,621.8324750926872,2260.442614583072,0.012476759528136734,87.6008064516129,1.0,6.284102996348626
102,2048,2,21,7.551686037947802E18,46.05360787598972,0.6467642846584059,0.0,16.160970241619104,0.0,75.50524193548405,255.45262096774192,313.13950736048514,100.0,1.8266129032258065,6.952620967741935,100.0,0.0,96.0,608.0256649789733,1567.253612441776,0.011707124122253661,87.6008064516129,1.0,6.449512377848525
104,2048,2,21,1.8191142937400033E18,45.77393090581605,1.1919503924863053,0.0,25.11743662235004,0.0,75.14274193548407,255.61189516129033,606.8711149255508,100.0,1.8346774193548387,7.111895161290323,100.0,0.4717741935483871,96.0,803.1197220747606,1764.7924717114333,0.011698497479983068,87.6008064516129,1.0,6.423281456790366
108,2048,2,21,1.4244601342993418E18,45.41266395495168,0.6408487576645799,0.0,36.119881777462474,0.0,112.88951612903408,255.23689516129033,714.3640771756026,100.0,1.497983870967742,6.736895161290323,100.0,0.0,96.0,618.4937717135549,1250.373996612553,0.017428238166648007,92.03629032258065,1.0,6.4773911768699595
105,2048,2,25,8.00272729626966E18,47.666107396217306,0.00897325048085301,0.0,25.354565886538776,0.0,121.80000000000199,260.86895161290323,610.0195637702527,100.0,0.0,6.368951612903226,100.0,0.0,96.0,625.7613641094657,1793.8520120632602,0.017536199169633147,100.0,1.0,6.945632792020234
116,2048,2,26,4.5339596344121354E18,48.78291705792224,0.00897325048085301,0.0,52.73469075011253,0.0,69.59999999999933,262.32762096774195,1612.2467735854823,100.0,0.0,6.327620967741935,100.0,0.0,96.0,617.0023998262387,1444.4121017803266,0.009791277103343207,100.0,1.0,7.108367914154384
118,2048,2,26,6.784113119771871E18,48.54255228685816,0.00897325048085301,0.0,33.359141962336125,0.0,104.39999999999851,262.0493951612903,775.2877905579583,100.0,0.0,6.049395161290323,100.0,0.0,96.0,606.7093068196004,1547.4295706936628,0.01475963983107769,100.0,1.0,7.0733433332279105
111,2048,2,27,3.1962213724053494E18,49.14160753045934,0.00897325048085301,0.0,29.58535322521716,0.0,78.30000000000146,261.95362903225805,773.3288888236892,100.0,0.0,4.453629032258065,100.0,0.0,96.0,613.9002655060501,1838.754766048523,0.010934785575409056,100.0,1.0,7.160634240152657
113,2048,2,27,1.9062697412338442E18,49.37777578431078,0.00530961566914381,0.0,49.626719191845844,0.0,92.80000000000169,262.9445564516129,1157.4460122070527,100.0,0.0,5.444556451612903,100.0,0.0,96.0,605.1797854201743,1174.3540438128741,0.012897760884977065,100.0,1.0,7.195047328570994
115,2048,2,27,7.810180881598322E18,48.38856630482192,0.006767157225379329,0.0,-4.274796599007659,0.0,89.89999999999921,264.1653225806452,-104.45695712395,100.0,0.0,6.665322580645161,100.0,0.0,96.0,611.5742462994916,2563.683450084582,0.012750135650376578,100.0,1.0,7.050905375845471
106,2048,2,27,4.4904735328533463E18,49.44249064239293,0.00897325048085301,0.0,24.829977115207495,0.0,89.89999999999921,262.7540322580645,589.2096291930458,100.0,0.0,5.254032258064516,100.0,0.0,96.0,605.8559348840506,1782.2987609889487,0.012478351642437786,100.0,1.0,7.204477207891558
117,2048,2,27,5.392312879540745E18,49.300897283249036,0.005849576584649958,0.0,48.99700544132628,0.0,89.89999999999921,264.20766129032256,1521.1271755049756,100.0,0.0,6.707661290322581,100.0,0.0,96.0,606.6122896762225,1582.4798648493284,0.012514189767563211,100.0,1.0,7.183845032702004
119,2048,2,27,8.805755481983441E18,48.710149950744544,0.004654175560608426,0.0,51.771489704414584,0.0,78.30000000000146,263.3991935483871,1362.4594030213786,100.0,0.0,5.899193548387097,100.0,0.0,96.0,610.094382779786,1268.583308722202,0.011031642105800325,100.0,1.0,7.097764707108484
101,2048,2,28,3.1672676456999844E18,49.92935429531746,0.00451370748533856,0.0,42.40124135612872,0.0,69.59999999999933,264.98387096774195,1029.1976510000045,100.0,0.0,5.983870967741935,100.0,0.0,96.0,613.6324662483529,1397.3757421180574,0.009566457759465134,100.0,1.0,7.275420197317707
110,2048,2,29,4.565563823161268E18,50.22466276107135,0.00897325048085301,0.0,51.85068249126357,0.0,98.60000000000124,266.1663306451613,1306.868160465699,100.0,0.0,5.66633064516129,100.0,0.0,96.0,617.7293774789464,1213.0616092687571,0.01347279661957535,100.0,1.0,7.318450859470409
100,2048,2,29,8.160192525120971E18,50.986560993696195,0.00897325048085301,0.0,-39.24552401085824,0.0,142.1000000000026,264.789314516129,-988.414494481967,100.0,0.0,4.289314516129032,100.0,0.0,96.0,620.200507533804,3508.4932286782214,0.019126531764948055,100.0,1.0,7.429470316224294
109,2048,3,2,3.6912901621011497E18,51.68045593908706,0.00897325048085301,0.0,42.18043590690123,0.0,142.1000000000026,266.82862903225805,991.7774148796991,100.0,0.0,3.3286290322580645,100.0,0.0,96.0,614.5617439062343,1358.9763060818798,0.01886972668315464,100.0,1.0,7.5305807225527
103,2048,3,2,3.8076780415005327E18,51.2530750366225,0.00897325048085301,0.0,14.94199551569837,0.0,156.60000000000295,267.65826612903226,348.3157492572307,100.0,0.0,4.158266129032258,100.0,0.0,96.0,612.0009495252366,1980.5363825003885,0.020968612743431248,100.0,1.0,7.468305219622143
112,2048,3,3,7.785515223895154E18,51.84518602710476,0.00897325048085301,0.0,42.75352974662392,0.0,130.50000000000003,268.73387096774195,970.8392778618955,100.0,0.0,3.7338709677419355,100.0,0.0,96.0,620.4031040531115,1298.9991576670964,0.01727427952184224,100.0,1.0,7.554584249663842
114,2048,3,4,5.836111949060572E18,52.34198752968399,0.013496684861811792,0.0,52.957946572873105,0.0,89.89999999999921,269.32358870967744,1670.271259277356,100.0,0.0,2.8235887096774195,100.0,0.0,96.0,615.7387809594054,1483.0213349552778,0.011787110376040483,100.0,1.0,7.626975325753958
107,2048,8,9,3.8962303467200983E18,38.655391173550164,0.0022288252560489436,0.0,23.845790687786867,0.0,156.80463709677713,294.9868951612903,509.2494425369639,100.0,0.09475806451612903,5.986895161290323,100.0,0.028225806451612902,80.0,275.0,1620.8217110282924,0.027959662964639788,96.37096774193549,1.0,5.608244895336752
102,2048,8,10,7.551686037947802E18,39.03515014163776,0.0029305194254908686,0.0,14.579428773831532,0.0,159.50000000000003,302.4203629032258,233.5490471168262,100.0,0.25806451612903225,5.920362903225806,100.0,0.0,80.0,275.0,1338.5736605900909,0.028744552558673243,85.08064516129032,1.0,5.548877467284606
104,2048,8,10,1.8191142937400033E18,39.202758850639015,0.0034915371520828796,0.0,35.95013687098675,0.0,95.69999999999828,302.33870967741933,745.6574756393854,100.0,0.2651209677419355,5.838709677419355,100.0,0.0,80.0,275.0,1318.0669279608771,0.017107668287070298,87.6008064516129,1.0,5.593982674560437
108,2048,8,10,1.4244601342993418E18,39.4217557524836,0.0014082314000083225,0.0,27.617841520333208,0.0,113.83669354838896,302.28326612903226,462.50220126469816,100.0,0.25806451612903225,5.783266129032258,100.0,0.07258064516129033,80.0,275.0,1199.6887231592934,0.020237057396883206,85.08064516129032,1.0,5.625160383540813
119,2048,8,11,8.805755481983441E18,38.48747197516611,0.0013501731087651229,0.0,40.90517755073024,0.0,292.89999999999856,310.11391129032256,848.8173218789145,100.0,0.0,6.113911290322581,100.0,0.0,80.0,275.0,1224.9543482862548,0.052355792102873645,100.0,1.0,5.594414452263099
105,2048,8,12,8.00272729626966E18,39.05409610381745,0.005029848924244978,0.0,24.407495983050907,0.0,292.89999999999856,311.40524193548384,468.68984345176466,100.0,0.0,5.905241935483871,100.0,0.0,80.0,274.88000000000324,1448.1200652929501,0.051596177669568546,100.0,1.0,5.676777103059539
117,2048,8,12,5.392312879540745E18,39.00045357750068,0.00897325048085301,0.0,44.184399687252466,0.0,200.10000000000358,311.4596774193548,1063.6365487174126,100.0,0.0,5.959677419354839,100.0,0.0,80.0,275.0,1342.3638288347577,0.03529735633174441,100.0,1.0,5.6689797989218
118,2048,8,12,6.784113119771871E18,37.632810760371704,0.001823090304927472,0.0,24.93634048535315,0.0,316.0999999999996,317.8921370967742,448.708676639653,100.0,0.0,6.392137096774194,100.0,0.0,80.0,275.0,1347.5692590983629,0.05778599394853125,100.0,1.0,5.470183662178471
110,2048,8,13,4.565563823161268E18,38.794597375014256,0.003079358435433434,0.0,35.248814576979655,0.0,318.99999999999994,319.0403225806452,662.4275054653913,100.0,0.0,6.040322580645161,100.0,0.0,80.0,275.0,1214.8601507439755,0.05656973999102532,100.0,1.0,5.639057207097093
111,2048,8,13,3.1962213724053494E18,38.82002845297533,0.003908210139744346,0.0,27.139961817155033,0.0,272.60000000000326,318.9304435483871,548.4275519102559,100.0,0.0,5.930443548387097,100.0,0.0,80.0,275.0,1468.827146263722,0.04830974561743778,100.0,1.0,5.642753786341737
113,2048,8,13,1.9062697412338442E18,38.51799274909262,0.002665849816058543,0.0,34.47403303311934,0.0,318.99999999999994,319.08165322580646,626.0890676549877,100.0,0.0,6.081653225806452,100.0,0.0,80.0,275.0,1188.409174965234,0.05697597745699696,100.0,1.0,5.598850853252453
114,2048,8,13,5.836111949060572E18,38.77902700777955,0.0016617130520098253,0.0,42.73993089947153,0.0,316.0999999999996,318.9758064516129,996.8061954354275,100.0,0.0,5.975806451612903,100.0,0.0,80.0,275.0,1333.6668761341823,0.056077976748328304,100.0,1.0,5.636793948872676
115,2048,8,13,7.810180881598322E18,39.150667198135004,0.0032394406068061493,0.0,6.658921256863767,0.0,318.99999999999994,318.9163306451613,129.94044298133633,100.0,0.0,5.91633064516129,100.0,0.0,80.0,275.0,1810.3242035213548,0.05605524614573121,100.0,1.0,5.690814365004672
116,2048,8,13,4.5339596344121354E18,38.496226330097095,0.002026479331719294,0.0,44.365294510880375,0.0,298.7000000000056,325.070564516129,1038.5739605487724,100.0,0.0,6.070564516129032,100.0,0.0,80.0,273.86999999999676,1301.0614420778777,0.05338039856344167,100.0,1.0,5.595686956983019
101,2048,8,13,3.1672676456999844E18,38.20196938702239,0.0018954901733952273,0.0,31.586824695591524,0.0,266.79999999999524,324.9758064516129,585.6945003534844,100.0,0.0,5.975806451612903,100.0,0.0,80.0,275.0,1266.3710500782352,0.04804683908930606,100.0,1.0,5.552914719407166
106,2048,8,13,4.4904735328533463E18,38.441395388679084,0.00210837652275682,0.0,19.856593898853504,0.0,287.10000000000196,325.1078629032258,366.1506142046194,100.0,0.0,6.107862903225806,100.0,0.0,80.0,275.0,1473.1664033240104,0.051380555724744925,100.0,1.0,5.58771690866968
100,2048,8,13,8.160192525120971E18,39.187162286979905,0.0018493921024016952,0.0,-16.713533144772896,0.0,318.99999999999994,318.81350806451616,-315.420668904999,100.0,0.0,5.813508064516129,100.0,0.0,80.0,268.25,2209.4170463475607,0.056003041773969926,100.0,1.0,5.696119173088744
109,2048,8,14,3.6912901621011497E18,39.239198467692084,0.0028396362281180453,0.0,28.70023895561641,0.0,310.2999999999942,326.25604838709677,511.5541389005618,100.0,0.0,5.756048387096774,100.0,0.0,80.0,269.98999999999637,1268.9133299264622,0.054403444383061605,100.0,1.0,5.703682984024545
112,2048,8,14,7.785515223895154E18,38.9212737287206,0.0024397092117599273,0.0,25.770490921793353,0.0,321.90000000000083,326.66229838709677,438.7278845920771,100.0,0.0,6.162298387096774,100.0,0.0,80.0,242.74840542405528,1261.10674577835,0.056898220076054065,100.0,1.0,5.657470472182208
103,2048,8,14,3.8076780415005327E18,38.65340481861339,0.0021273709058447225,0.0,8.997332014282174,0.0,321.90000000000083,326.62298387096774,154.77887426084092,100.0,0.0,6.122983870967742,100.0,0.0,80.0,275.0,1557.7453029722894,0.057292525940448966,100.0,1.0,5.618533913735805
115,2049,2,20,7.810180881598322E18,45.34363035846979,0.845280195296355,0.0,-18.649024018678137,0.0,75.39415322580663,255.4415322580645,-419.5461297017808,100.0,1.6481854838709677,6.941532258064516,100.0,0.07258064516129033,96.0,619.0205946119318,2756.2227678258337,0.01164845453956261,87.6008064516129,1.0,6.47245975590489
117,2049,2,20,5.392312879540745E18,46.055962430786465,0.845280195296355,0.0,36.68216995324572,0.0,81.19999999999848,255.48387096774192,1018.8882620300848,100.0,1.5483870967741935,6.983870967741935,100.0,0.0,96.0,619.5732918827541,1725.4878663415027,0.012605547180048766,87.09677419354838,1.0,6.44160851093529
111,2049,2,21,3.1962213724053494E18,46.23291333214291,0.845280195296355,0.0,16.505998418647142,0.0,92.37318548387263,257.06149193548384,392.916813178381,100.0,1.7358870967741935,7.061491935483871,100.0,0.1814516129032258,96.0,604.4920111078391,1931.6384246381751,0.014254146017915215,87.6008064516129,1.0,6.480443329805525
101,2049,2,21,3.1672676456999844E18,46.037630248079225,0.845280195296355,0.0,41.54509873512898,0.0,89.89999999999921,256.7540322580645,983.9267516235172,100.0,1.6804435483870968,6.754032258064516,100.0,0.01310483870967742,96.0,616.7276879337425,1369.01539426756,0.013684532564422262,87.09677419354838,1.0,6.569460781855696
103,2049,2,24,3.8076780415005327E18,47.89784461731087,0.00897325048085301,0.0,3.453341055870125,0.0,92.80000000000169,260.96774193548384,71.46644036895107,100.0,0.0,6.467741935483871,100.0,0.0,96.0,620.4722187226873,1982.9311962649356,0.013296271474977427,100.0,1.0,6.97940021566529
104,2049,2,24,1.8191142937400033E18,47.54589197996431,0.00897325048085301,0.0,41.11629681936576,0.0,104.39999999999851,260.99798387096774,1077.252314361436,100.0,0.0,6.497983870967742,100.0,0.0,96.0,613.9867609516256,1541.7351407374028,0.015069032431596838,100.0,1.0,6.928115688509101
109,2049,2,25,3.6912901621011497E18,48.80884833926562,0.00897325048085301,0.0,35.60351140734826,0.0,136.30000000000163,262.085685483871,781.9177258883981,100.0,0.0,6.085685483870968,100.0,0.0,96.0,609.6130376001158,1413.4466589947112,0.019164397208492518,100.0,1.0,7.112146472292986
113,2049,2,25,1.9062697412338442E18,48.76182285912195,0.00897325048085301,0.0,53.13636461230148,0.0,57.99999999999999,262.6461693548387,1260.7891647809465,100.0,0.0,6.64616935483871,100.0,0.0,96.0,610.4323734610905,1111.2326030493489,0.00816292731377684,100.0,1.0,7.105294188043484
105,2049,2,25,8.00272729626966E18,48.049120521003665,0.00897325048085301,0.0,24.637134052749175,0.0,130.50000000000003,262.2711693548387,595.6795251192242,100.0,0.0,6.27116935483871,100.0,0.0,96.0,614.2022897552258,1820.339811365683,0.018639014108544,100.0,1.0,7.001443275917672
106,2049,2,25,4.4904735328533463E18,48.42936563331018,0.004339095977201656,0.0,22.342136986715335,0.0,92.80000000000169,262.76612903225805,529.6266222533079,100.0,0.0,6.766129032258065,100.0,0.0,96.0,606.5646095126186,1838.7486767471082,0.013150342499221389,100.0,1.0,7.056850420853772
107,2049,2,25,3.8962303467200983E18,48.10836475424201,0.00897325048085301,0.0,33.47394442618199,0.0,124.699999999998,262.2459677419355,923.874649958597,100.0,0.0,6.245967741935484,100.0,0.0,96.0,411.4552983517794,1834.5097731998853,0.017788680161905043,100.0,1.0,7.010076007046691
100,2049,2,25,8.160192525120971E18,48.35330120246618,0.00897325048085301,0.0,-13.275475212215177,0.0,136.30000000000163,263.2086693548387,-319.2362977952151,100.0,0.0,7.20866935483871,100.0,0.0,96.0,412.15421341924224,2730.417905679574,0.019344949229961696,100.0,1.0,7.045766746645088
114,2049,2,26,5.836111949060572E18,49.493596756929385,0.00897325048085301,0.0,52.87918033420764,0.0,72.49999999999999,262.1320564516129,1622.8225777932112,100.0,0.0,4.632056451612903,100.0,0.0,96.0,608.3769230271753,1445.4727171353588,0.010052795759649104,100.0,1.0,7.211924098866863
102,2049,2,26,7.551686037947802E18,48.22956488658736,0.006777379517260586,0.0,16.08433370432395,0.0,116.00000000000001,263.75,309.26883977116984,100.0,0.0,6.25,100.0,0.0,96.0,615.5644507146707,1611.0127601894824,0.016506025572582714,100.0,1.0,7.02773659775988
112,2049,2,27,7.785515223895154E18,48.87098527701587,0.00897325048085301,0.0,40.917383470590764,0.0,98.60000000000124,264.5836693548387,906.6675918523066,100.0,0.0,5.58366935483871,100.0,0.0,96.0,607.9920252009641,1308.1113288327253,0.01384597963047234,100.0,1.0,7.1212007117937395
108,2049,2,27,1.4244601342993418E18,49.98626428530424,0.00897325048085301,0.0,45.027302831295366,0.0,101.50000000000001,263.7217741935484,1002.1508842358452,100.0,0.0,4.721774193548387,100.0,0.0,96.0,613.2976093552314,1222.9468742298116,0.013935200747853605,100.0,1.0,7.283712795858627
119,2049,2,27,8.805755481983441E18,50.01603730293874,0.004783182559090098,0.0,55.754794851908485,0.0,84.10000000000043,265.0342741935484,1624.0583838408359,100.0,0.0,6.034274193548387,100.0,0.0,96.0,610.2685003763007,1288.1957940821546,0.01153943602627611,100.0,1.0,7.288051149856787
110,2049,3,1,4.565563823161268E18,51.032767974385656,0.00897325048085301,0.0,48.358022199141296,0.0,89.89999999999921,267.07459677419354,1139.9045449361552,100.0,0.0,5.074596774193548,100.0,0.0,96.0,411.49816245014887,1216.6454480548325,0.012089502662747685,100.0,1.0,7.4362033334104805
116,2049,3,1,4.5339596344121354E18,51.11539748369041,0.00897325048085301,0.0,54.796784181585885,0.0,130.50000000000003,266.273185483871,1823.3647847861841,100.0,0.0,4.273185483870968,100.0,0.0,96.0,609.6795954047205,1503.5738953493278,0.017520909146405004,100.0,1.0,7.448243633337738
118,2049,3,2,6.784113119771871E18,52.039818306768844,0.00897325048085301,0.0,45.00479625228143,0.0,139.19999999999865,266.9375,1132.5614326296068,100.0,0.0,3.4375,100.0,0.0,96.0,612.845678673057,1383.3112440999842,0.01835698410812464,100.0,1.0,7.582944953272032
111,2049,8,11,3.1962213724053494E18,38.0112783180189,0.001601794087978049,0.0,24.263216382567286,0.0,182.70000000000175,302.56854838709677,471.47636750993587,100.0,0.016129032258064516,6.068548387096774,100.0,0.0,80.0,275.0,1468.2231948251006,0.03306669737157458,98.58870967741935,1.0,5.5251964823392905
115,2049,8,11,7.810180881598322E18,39.000338879576965,0.0020011709368539347,0.0,7.434881081935523,0.0,171.1087701612935,296.40120967741933,149.48929372409222,100.0,0.017137096774193547,5.901209677419355,100.0,0.006048387096774193,80.0,275.0,1850.517397760682,0.030183433254716417,98.58870967741935,1.0,5.668963126802559
101,2049,8,11,3.1672676456999844E18,38.6911358691993,0.003096359724241896,0.0,35.80922608748332,0.0,121.80000000000199,302.79334677419354,694.0478404665022,100.0,0.25806451612903225,6.293346774193548,100.0,0.0,80.0,275.0,1232.3808771083982,0.02214467957286759,85.08064516129032,1.0,5.500192477349523
113,2049,8,12,1.9062697412338442E18,38.62777026031213,0.007604449560044939,0.0,36.93206872505012,0.0,304.49999999999994,304.0282258064516,671.8457983243501,100.0,0.0,6.028225806451613,100.0,0.0,80.0,273.440000000002,1145.582546346058,0.05423159850966997,100.0,1.0,5.614807757247003
117,2049,8,12,5.392312879540745E18,38.66175945214624,0.002429141981822693,0.0,41.56905187253919,0.0,232.00000000000003,304.33266129032256,996.0276562488152,100.0,0.06854838709677419,6.332661290322581,100.0,0.0,80.0,275.0,1398.204017467521,0.04128298759026538,96.37096774193549,1.0,5.6197483162460395
103,2049,8,13,3.8076780415005327E18,38.12714625572914,0.0018875158773355167,0.0,4.619138532593994,0.0,313.20000000000584,317.7328629032258,74.40404002961102,100.0,0.0,6.232862903225806,100.0,0.0,80.0,274.38000000000324,1518.8914621569647,0.056513499560574026,100.0,1.0,5.5420386710311975
105,2049,8,13,8.00272729626966E18,38.72297746404468,0.0023331384505598145,0.0,22.301670158078633,0.0,310.2999999999942,311.7842741935484,423.1672615823062,100.0,0.0,6.284274193548387,100.0,0.0,80.0,275.0,1471.2885838113118,0.05512870371228997,100.0,1.0,5.628646768467699
108,2049,8,13,1.4244601342993418E18,38.87069137041963,0.006559393626354533,0.0,26.35333969493984,0.0,316.0999999999996,317.5534274193548,444.1991917791376,100.0,0.0,6.053427419354839,100.0,0.0,80.0,275.0,1239.166104566805,0.055945734387424964,100.0,1.0,5.650117984170211
100,2049,8,13,8.160192525120971E18,38.925140611262634,0.004013081610399384,0.0,-20.63342617799471,0.0,313.20000000000584,311.58770161290323,-386.2919217041424,100.0,0.0,6.087701612903226,100.0,0.0,80.0,275.0,2264.607955740013,0.05535493075510281,100.0,1.0,5.658032549722483
109,2049,8,14,3.6912901621011497E18,38.31782512812348,0.002961468805562062,0.0,22.354306388377488,0.0,185.60000000000338,325.3155241935484,376.1755791792631,100.0,0.0,6.315524193548387,100.0,0.0,80.0,275.0,1303.5444870306367,0.03332282936923507,100.0,1.0,5.569755135239402
112,2049,8,14,7.785515223895154E18,38.56634415219757,0.002951727131859563,0.0,27.82525692822542,0.0,318.99999999999994,324.9788306451613,485.6896839427001,100.0,0.0,5.97883064516129,100.0,0.0,80.0,275.0,1257.8060086333585,0.05690454552550637,100.0,1.0,5.605879056832363
114,2049,8,14,5.836111949060572E18,39.27376654639246,0.0015519284816418266,0.0,44.95935258646814,0.0,284.2000000000052,318.8961693548387,1076.082949731433,100.0,0.0,5.89616935483871,100.0,0.0,80.0,275.0,1315.7259841004202,0.049783596485440396,100.0,1.0,5.70870768814627
106,2049,8,14,4.4904735328533463E18,38.63307842354509,0.0015720480870450313,0.0,19.230903283813216,0.0,318.99999999999994,319.28024193548384,356.08008669871,100.0,0.0,6.280241935483871,100.0,0.0,80.0,275.0,1491.684196019163,0.056806249362296696,100.0,1.0,5.615579334687177
119,2049,8,14,8.805755481983441E18,38.22455961712409,0.0030772463926107673,0.0,42.68162837697865,0.0,318.99999999999994,325.38104838709677,948.3227803832618,100.0,0.0,6.381048387096774,100.0,0.0,80.0,274.28000000000003,1271.8951573007048,0.057413356976332874,100.0,1.0,5.556198362194692
116,2049,8,15,4.5339596344121354E18,37.99048143362347,0.003025371031980115,0.0,44.730983891143346,0.0,318.99999999999994,326.6602822580645,1085.3474584211185,100.0,0.0,6.160282258064516,100.0,0.0,80.0,271.8599999999931,1339.5868146000594,0.057767109121674404,100.0,1.0,5.522173514483696
102,2049,8,15,7.551686037947802E18,39.40270511878615,0.00897325048085301,0.0,11.255216347651647,0.0,321.90000000000083,326.28125,176.79836110555092,100.0,0.0,5.78125,100.0,0.0,80.0,275.0,1388.1886411995881,0.056203024426392516,100.0,1.0,5.727449782023456
104,2049,8,15,1.8191142937400033E18,39.61115625959496,0.0017342965753484743,0.0,36.22758574613776,0.0,295.7999999999945,319.45665322580646,766.2414359284263,100.0,0.0,4.956653225806452,100.0,0.0,80.0,275.0,1346.9285140539807,0.051374238602288194,100.0,1.0,5.757749565690297
107,2049,8,15,3.8962303467200983E18,39.195956752655476,0.00897325048085301,0.0,23.201846405316676,0.0,321.90000000000083,326.366935483871,511.80127057614226,100.0,0.0,5.866935483870968,100.0,0.0,80.0,275.0,1690.729035405851,0.056499480602857,100.0,1.0,5.697397508176799
118,2049,8,15,6.784113119771871E18,38.35707370419247,0.00122954925744766,0.0,24.67599566822637,0.0,310.2999999999942,332.9102822580645,440.958850585996,100.0,0.0,6.410282258064516,100.0,0.0,80.0,262.1300000000032,1343.593230511159,0.05565459888666293,100.0,1.0,5.575460181321233
110,2049,8,16,4.565563823161268E18,38.158776157204365,0.0019869908062119168,0.0,26.788025282887915,0.0,324.79999999999393,334.320564516129,471.44768463525736,100.0,0.0,6.320564516129032,100.0,0.0,80.0,275.0,1286.29415311908,0.05855801299149297,100.0,1.0,5.546636291213968
107,2050,2,20,3.8962303467200983E18,45.4034629932259,1.1958832853786696,0.0,-11.554809039435751,0.0,86.85967741935484,254.03024193548387,-274.0672612003642,100.0,2.0423387096774195,7.030241935483871,100.0,0.014112903225806451,96.0,804.1332841420758,2788.4161644752785,0.01380638597067559,87.6008064516129,1.0,6.291268229342753
100,2050,2,20,8.160192525120971E18,44.81503427099747,0.8506641455848679,0.0,-95.37932854431973,0.0,98.60000000000124,253.9203629032258,-1925.574880811707,100.0,1.778225806451613,6.920362903225806,100.0,0.0,96.0,606.1372873407105,3974.8538278193655,0.015705203542979627,87.6008064516129,1.0,6.27817396509174
119,2050,2,20,8.805755481983441E18,44.34120159953227,0.8506641455848679,0.0,52.41568612961564,0.0,63.677217741936616,253.99193548387098,1397.9904307868655,100.0,1.7903225806451613,6.991935483870968,100.0,0.0,96.0,613.5139230399486,1258.6875468703286,0.010065216504274822,87.09677419354838,1.0,6.326462795399594
109,2050,2,21,3.6912901621011497E18,45.89603770260548,0.8506641455848679,0.0,27.1392824260829,0.0,84.10877016129078,255.67540322580646,554.0439518779409,100.0,1.4828629032258065,7.175403225806452,100.0,0.0,96.0,615.7311443852233,1454.643337465458,0.013198543014819604,86.39112903225806,1.0,6.372579917863029
105,2050,2,23,8.00272729626966E18,47.48705560608027,0.6102187354311197,0.0,13.722125633979195,0.0,89.69536290322503,258.32862903225805,333.32525483971045,100.0,1.9455645161290323,6.828629032258065,100.0,0.18346774193548387,96.0,612.0149289837678,1945.9999412118475,0.01358393273350673,86.39112903225806,1.0,6.60304822343374
111,2050,2,26,3.1962213724053494E18,49.25371871569826,0.0045595784963684115,0.0,25.7537721495084,0.0,92.80000000000169,261.60483870967744,679.4187635548548,100.0,0.0,5.604838709677419,100.0,0.0,96.0,609.1901785255203,1956.9144812438167,0.012930246927630833,100.0,1.0,7.17697044143032
115,2050,2,26,7.810180881598322E18,48.69172247151416,0.00897325048085301,0.0,-6.30401863048668,0.0,101.50000000000001,261.4546370967742,-162.6055581834772,100.0,0.0,5.454637096774194,100.0,0.0,96.0,611.6942750718348,2752.5708738837116,0.014305688772018476,100.0,1.0,7.095079560134927
104,2050,2,26,1.8191142937400033E18,48.26328003850284,0.00897325048085301,0.0,41.13128461973637,0.0,124.699999999998,262.66129032258067,1012.8096740111417,100.0,0.0,6.661290322580645,100.0,0.0,96.0,618.1817934327494,1448.6225143289173,0.017731582127090403,100.0,1.0,7.0326493770389895
117,2050,2,26,5.392312879540745E18,48.63190060590327,0.00897325048085301,0.0,45.23796424764766,0.0,107.30000000000186,261.31451612903226,1384.3546082835571,100.0,0.0,5.314516129032258,100.0,0.0,96.0,615.2150286640307,1674.9671858088166,0.015141759623728034,100.0,1.0,7.086362659717329
113,2050,2,27,1.9062697412338442E18,49.23233065621065,0.00897325048085301,0.0,49.88139235787365,0.0,116.00000000000001,263.2671370967742,1185.0003607115555,100.0,0.0,5.767137096774194,100.0,0.0,96.0,613.1720927449634,1189.9321679971765,0.01616983028757188,100.0,1.0,7.173853895619271
114,2050,2,27,5.836111949060572E18,48.38314423225862,0.3706428899473223,0.0,45.628628938648035,0.0,153.69999999999987,264.5090725806452,1303.9045684872121,100.0,0.0,7.009072580645161,100.0,0.0,96.0,614.7077761715543,1552.7844554794356,0.021801061884385648,100.0,1.0,7.050115302414827
116,2050,2,27,4.5339596344121354E18,49.170738941637154,0.00897325048085301,0.0,52.94095425043502,0.0,78.30000000000146,264.0131048387097,1729.152989287324,100.0,0.0,6.513104838709677,100.0,0.0,96.0,612.7053461712783,1536.1594500829078,0.01092830721568549,100.0,1.0,7.164879102924267
101,2050,2,27,3.1672676456999844E18,48.96595621409116,0.00897325048085301,0.0,47.86181175365575,0.0,98.60000000000124,263.34475806451616,1224.4996559523213,100.0,0.0,5.844758064516129,100.0,0.0,96.0,621.9480823172368,1333.2878454906531,0.013819124938725245,100.0,1.0,7.13503933405328
108,2050,2,27,1.4244601342993418E18,49.22515880210528,0.00897325048085301,0.0,44.54402929057711,0.0,116.00000000000001,262.8155241935484,989.8351895594849,100.0,0.0,5.315524193548387,100.0,0.0,96.0,611.7650623166708,1231.7466923017591,0.016172186149219753,100.0,1.0,7.172808854021049
118,2050,2,27,6.784113119771871E18,48.846141336424125,0.00640946462918072,0.0,37.72220969428988,0.0,107.30000000000186,263.34979838709677,916.939097847151,100.0,0.0,5.849798387096774,100.0,0.0,96.0,617.0374418143972,1512.8807634889265,0.015075347384103687,100.0,1.0,7.117580594736089
106,2050,2,28,4.4904735328533463E18,49.84931396170558,0.00897325048085301,0.0,25.506124431787793,0.0,124.699999999998,263.7399193548387,642.2004353309519,100.0,0.0,4.73991935483871,100.0,0.0,96.0,609.5551086816603,1874.2184172803416,0.017167424097007507,100.0,1.0,7.2637571772770935
110,2050,3,1,4.565563823161268E18,50.51131440662326,0.00897325048085301,0.0,40.921093520115626,0.0,136.30000000000163,266.34879032258067,955.3888844565816,100.0,0.0,5.848790322580645,100.0,0.0,96.0,611.0083597275632,1378.6221725685114,0.018518467948244535,100.0,1.0,7.360220099250825
112,2050,3,2,7.785515223895154E18,51.71522491895737,0.00897325048085301,0.0,48.34262525245444,0.0,63.800000000001134,265.7288306451613,1211.5363774470595,100.0,0.0,3.7288306451612905,100.0,0.0,96.0,608.2470139772662,1294.1614608118598,0.008466426239875235,100.0,1.0,7.535647059619493
103,2050,3,2,3.8076780415005327E18,51.42774539506912,0.00897325048085301,0.0,17.739973714209412,0.0,133.3999999999976,265.7157258064516,425.5394103752138,100.0,0.0,3.715725806451613,100.0,0.0,96.0,616.775849484023,1970.6886596374961,0.01780148418029218,100.0,1.0,7.493757186138625
102,2050,3,3,7.551686037947802E18,52.005543099350284,0.00897325048085301,0.0,31.276135029929083,0.0,139.19999999999865,266.7913306451613,655.763498836207,100.0,0.0,3.2913306451612905,100.0,0.0,96.0,612.3750717979165,1440.0036599068972,0.018369082615329553,100.0,1.0,7.577950565905347
109,2050,8,9,3.6912901621011497E18,38.42084141315652,0.004326543144095011,0.0,28.694105471229708,0.0,211.70000000000312,287.39516129032256,493.37793383197396,100.0,0.0846774193548387,5.895161290322581,100.0,0.0,80.0,275.0,1223.9402144399905,0.037906940614528234,91.53225806451613,1.0,5.584729249262254
105,2050,8,10,8.00272729626966E18,39.49970721501865,0.0019967179530158106,0.0,22.67307583676072,0.0,142.5034274193575,288.90423387096774,435.77523870925074,100.0,0.18044354838709678,5.904233870967742,100.0,0.046370967741935484,80.0,274.9842338709677,1470.8569735378899,0.025174551205158355,95.76612903225806,1.0,5.660614414057878
100,2050,8,11,8.160192525120971E18,39.097086024445545,0.0018342703354155782,0.0,-33.91382749210653,0.0,162.399999999997,296.4758064516129,-613.9835792543172,100.0,0.03326612903225806,5.975806451612903,100.0,0.0,80.0,275.0,2427.344245020925,0.028576325465226763,96.9758064516129,1.0,5.683025978886411
101,2050,8,12,3.1672676456999844E18,38.41528299360239,0.003469934447352282,0.0,35.87894533729844,0.0,255.20000000000456,309.9415322580645,695.75990407056,100.0,0.0,5.941532258064516,100.0,0.0,80.0,275.0,1241.4747747324918,0.04570264989434749,100.0,1.0,5.583921295372585
107,2050,8,12,3.8962303467200983E18,38.999118548064544,0.008187272336544748,0.0,22.56228621729237,0.0,127.60000000000228,304.241935483871,501.3031827779356,100.0,0.23487903225806453,6.241935483870968,100.0,0.0,80.0,275.0,1698.2407644110685,0.022930999270006806,95.76612903225806,1.0,5.564519823037107
119,2050,8,12,8.805755481983441E18,39.64557279235388,0.00897325048085301,0.0,47.17570899520106,0.0,232.29233870968136,303.9284274193548,1100.693368852453,100.0,0.24798387096774194,5.928427419354839,100.0,0.12701612903225806,80.0,275.0,1223.7796450013861,0.04121678270567781,85.08064516129032,1.0,5.635867805802368
114,2050,8,13,5.836111949060572E18,38.52150114261081,0.0023688623233508567,0.0,42.775236744483706,0.0,229.10000000000386,311.5524193548387,971.2236946174759,100.0,0.0,6.05241935483871,100.0,0.0,80.0,262.6199999999968,1297.6232554348421,0.040915384323934274,100.0,1.0,5.599360821987617
104,2050,8,13,1.8191142937400033E18,38.851404793989424,0.002271708982494437,0.0,35.18877311594745,0.0,252.2999999999956,311.5625,696.2065408655179,100.0,0.0,6.0625,100.0,0.0,80.0,275.0,1280.3574914510418,0.04467610184899537,100.0,1.0,5.6473145497959125
108,2050,8,13,1.4244601342993418E18,38.29115390163026,0.0017968062636870338,0.0,26.03760534744074,0.0,316.0999999999996,317.68245967741933,438.84824430316075,100.0,0.0,6.182459677419355,100.0,0.0,80.0,275.0,1243.3935872781528,0.05679247432583817,100.0,1.0,5.565878292014959
117,2050,8,13,5.392312879540745E18,38.03625608322623,0.002362625192431026,0.0,40.60793866485087,0.0,316.0999999999996,312.15725806451616,970.0618718783016,100.0,0.0,6.657258064516129,100.0,0.0,80.0,275.0,1416.8412923637686,0.05717306587974264,100.0,1.0,5.528827169508134
118,2050,8,13,6.784113119771871E18,38.722426524292146,0.001724961645684937,0.0,28.47513955063334,0.0,316.0999999999996,317.46370967741933,534.2915954288231,100.0,0.0,5.963709677419355,100.0,0.0,80.0,275.0,1340.1195470824453,0.056159945800421655,100.0,1.0,5.628566685647091
110,2050,8,14,4.565563823161268E18,37.92888923894456,0.001580910937430065,0.0,23.305418333692664,0.0,318.99999999999994,319.3397177419355,397.4985014919999,100.0,0.0,6.339717741935484,100.0,0.0,80.0,275.0,1304.4369807379283,0.05786091632516633,100.0,1.0,5.513220672263229
113,2050,8,14,1.9062697412338442E18,39.24419248640302,0.0012298863049414789,0.0,36.74911415448585,0.0,298.7000000000056,318.95665322580646,694.4564764955489,100.0,0.0,5.956653225806452,100.0,0.0,80.0,275.0,1194.0105102961322,0.05236300646015377,100.0,1.0,5.7044088984329955
115,2050,8,14,7.810180881598322E18,39.030017048939285,0.0016133136427279788,0.0,7.694488550173482,0.0,258.10000000000406,319.116935483871,160.41095143577024,100.0,0.0,6.116935483870968,100.0,0.0,80.0,275.0,1910.544090022435,0.04549398835051631,100.0,1.0,5.673277049517575
116,2050,8,14,4.5339596344121354E18,38.99829536623352,0.0032869049380414043,0.0,47.914179758863774,0.0,318.99999999999994,319.42540322580646,1218.1614116568987,100.0,0.0,6.425403225806452,100.0,0.0,80.0,267.4100000000027,1322.8514332884615,0.056274261886360644,100.0,1.0,5.668666088311981
106,2050,8,14,4.4904735328533463E18,38.75801599619714,0.001692427476584882,0.0,21.22543959273635,0.0,318.99999999999994,319.0907258064516,407.2169073161628,100.0,0.0,6.090725806451613,100.0,0.0,80.0,267.6099999999932,1507.5028430789257,0.056623132793391553,100.0,1.0,5.633739856181716
111,2050,8,15,3.1962213724053494E18,39.05212208049091,0.002033828304817091,0.0,24.08538180644199,0.0,321.90000000000083,320.664314516129,487.9826530172935,100.0,0.0,6.164314516129032,100.0,0.0,80.0,275.0,1534.9246587256355,0.0567075764459775,100.0,1.0,5.676490165413065
102,2050,8,15,7.551686037947802E18,38.72733991361472,0.00897325048085301,0.0,8.06719457703077,0.0,321.90000000000083,326.8296370967742,121.38621503773193,100.0,0.0,6.329637096774194,100.0,0.0,80.0,275.0,1375.820123758885,0.05718314769867677,100.0,1.0,5.629280880028395
112,2050,8,16,7.785515223895154E18,38.82866537023032,0.0014086735448748855,0.0,27.540461516178034,0.0,324.79999999999393,333.7530241935484,499.4286439545743,100.0,0.0,5.753024193548387,100.0,0.0,80.0,275.0,1312.2221893018238,0.057547744395722474,100.0,1.0,5.644009220700862
103,2050,8,16,3.8076780415005327E18,38.4670801237997,0.0020228247251697566,0.0,12.49560051384835,0.0,324.79999999999393,334.04737903225805,224.1329985746753,100.0,0.0,6.047379032258065,100.0,0.0,80.0,275.0,1563.807278751052,0.058088685254032574,100.0,1.0,5.591450358698659
