id_sim,year,month,day,seed,Straw Value,Salinity Exposure,Max Flood Continuous,Profit Margin,Flood Stress,Methane Emissions,Labor Intensity,Net Income,AWD Adoption,Salinity Stress,Pesticide Usage,Resilient Varieties,Drought Stress,Fertilizer Usage,Water Usage,Production Cost,Emission Intensity,Water Reliability,Biodiversity,Avg Yield
197,2027,3,4,4.974214387304059E17,49.90077080936322,0.00897325048085301,0.0,47.469513140761876,0.0,60.900000000000986,258.84879032258067,823.7641283580532,100.0,0.0,5.969758064516129,0.0,0.0,143.0,805.4607695011368,910.7919067958611,0.007979682502571653,100.0,1.0,7.6318825943732005
198,2027,3,5,7.278710821350941E18,50.295562796087694,0.02602242639447387,0.0,41.868886469372725,0.0,55.099999999999056,261.0897177419355,695.8237555104611,100.0,0.0,6.117943548387097,0.0,0.0,143.0,817.9109216860674,965.4897639195037,0.007163042040703619,100.0,1.0,7.692262545283992
184,2027,3,5,3.1730362057635645E18,50.453357980615266,0.01005503338271783,0.0,43.088989233396084,0.0,46.400000000000844,258.9727822580645,714.2466626631996,100.0,0.0,5.694556451612903,0.0,0.0,143.0,811.8172954298813,942.7775123738046,0.006013169936105822,100.0,1.0,7.716395926447054
185,2027,3,5,3.0688222562761073E18,51.70328339351138,0.02602242639447387,0.0,51.66984647484001,0.0,49.300000000000615,245.40927419354838,934.1042418355049,100.0,0.0,2.9818548387096775,0.0,0.0,143.0,815.929877585382,873.3989278495656,0.006234539330757702,100.0,1.0,7.907560989595848
187,2027,3,5,8.507560024639921E18,50.956825279944525,0.02602242639447387,0.0,41.63634608528719,0.0,57.99999999999999,258.48387096774195,781.1774276721943,100.0,0.0,5.596774193548387,0.0,0.0,143.0,817.5953833902028,1094.3333755297401,0.007442197726160662,100.0,1.0,7.793396807520926
180,2027,3,5,5.096996787781837E17,50.543467583549486,0.02602242639447387,0.0,42.415962731758434,0.0,40.59999999999924,258.12600806451616,682.4106960443729,100.0,0.0,5.525201612903226,0.0,0.0,143.0,612.9887877086376,925.5703480406207,0.005252143375852073,100.0,1.0,7.730177395131101
191,2027,3,6,6.492828447697523E18,51.286990328803306,0.043071602308094536,0.0,53.204762611059635,0.0,40.59999999999924,251.0171370967742,918.1577714303455,100.0,0.0,3.8034274193548385,0.0,0.0,143.0,613.9671821028555,807.1486324198077,0.00517600149198943,100.0,1.0,7.843892638522863
192,2027,3,6,1.0005304447219302E18,51.17363861221551,0.043071602308094536,0.0,43.07956107913336,0.0,49.300000000000615,256.3094758064516,705.2123806064649,100.0,0.0,4.861895161290323,0.0,0.0,143.0,813.8158812487969,931.2431556730762,0.006299066523075245,100.0,1.0,7.82655649363297
194,2027,3,6,4.281117921937587E18,51.64281229335064,0.043071602308094536,0.0,44.79403713018745,0.0,55.099999999999056,252.40322580645162,750.8595601531139,100.0,0.0,4.080645161290323,0.0,0.0,143.0,805.8006265134222,924.7752783856813,0.0069761737359065506,100.0,1.0,7.898312468394803
195,2027,3,6,2.797545246119503E18,51.95103689678654,0.4143375422389438,0.0,42.572646432529694,0.0,60.900000000000986,252.79637096774192,683.8932946162344,100.0,0.0,4.159274193548387,0.0,0.0,143.0,822.1667527902102,922.0479854377674,0.007664761503864127,100.0,1.0,7.945452701861466
186,2027,3,6,4.898224502314156E18,51.481067172850395,0.043071602308094536,0.0,50.392232588005704,0.0,52.19999999999926,256.0070564516129,852.0073075518757,100.0,0.0,4.801411290322581,0.0,0.0,143.0,617.7326656433287,838.3231499570985,0.006629771118802345,100.0,1.0,7.873574979377128
189,2027,3,6,1.481964993321812E18,51.36465696245512,0.03771593897381296,0.0,45.586159723881806,0.0,55.099999999999056,257.05040322580646,791.4052987474737,100.0,0.0,5.01008064516129,0.0,0.0,143.0,814.0424518609575,944.1280755995984,0.007013951850833225,100.0,1.0,7.855771064846051
190,2027,3,6,2.9539370702862316E18,52.56587597724714,0.043071602308094536,0.0,43.835540268890576,0.0,49.300000000000615,249.6915322580645,786.074340806799,100.0,0.0,3.538306451612903,0.0,0.0,143.0,812.5795566835152,1006.8261022757245,0.006132232134506495,100.0,1.0,8.039486914167208
181,2027,3,6,6.307363977605812E18,51.084351981604286,0.043071602308094536,0.0,42.27248621578224,0.0,49.300000000000615,259.68649193548384,702.6814354698807,100.0,0.0,5.537298387096774,0.0,0.0,143.0,815.5685583944505,958.9743252044568,0.0063100762042011685,100.0,1.0,7.812900891304181
182,2027,3,6,8.834479670273441E18,51.0299758954183,0.043071602308094536,0.0,49.197476152070536,0.0,81.19999999999848,255.75504032258064,855.5086454627428,100.0,0.0,4.751008064516129,0.0,0.0,143.0,613.5759463228081,882.9171165639484,0.010404141244572595,100.0,1.0,7.804584548711036
193,2027,3,7,2.861374886328272E18,52.316855878531435,0.06012077822171529,0.0,43.3128275054232,0.0,49.300000000000615,255.52116935483872,742.2133750774041,100.0,0.0,4.404233870967742,0.0,0.0,143.0,818.250408203726,970.9270785390311,0.006161420605905227,100.0,1.0,8.001401487304815
196,2027,3,7,4.898742477016446E18,51.94178581010433,0.43103708525895085,0.0,43.359669440385446,0.0,57.99999999999999,247.38104838709677,729.8810100406323,100.0,0.0,2.776209677419355,0.0,0.0,143.0,822.464577299696,952.9544202488245,0.007301072986154365,100.0,1.0,7.94403782978067
183,2027,3,7,6.605295447056412E18,52.65833620921366,0.06012077822171529,0.0,49.879468754371025,0.0,34.79999999999966,249.78024193548387,878.2884135353626,100.0,0.0,3.256048387096774,0.0,0.0,143.0,614.1965029266526,882.1884200481013,0.0043210340075014895,100.0,1.0,8.053627890820914
188,2027,3,7,5.859174576972996E18,52.1631968279298,0.019294216374106343,0.0,49.67072209078837,0.0,52.19999999999926,245.4858870967742,882.0653315291227,100.0,0.0,2.3971774193548385,0.0,0.0,143.0,820.9897202405034,893.1107271702265,0.006543074678370569,100.0,1.0,7.977900691330438
199,2027,3,7,8.617806463867117E18,52.10576196640424,0.06012077822171529,0.0,38.927965745441504,0.0,49.300000000000615,259.59879032258067,661.0963728755775,100.0,0.0,5.219758064516129,0.0,0.0,143.0,823.0991971346897,1036.4452671394351,0.006186382113632537,100.0,1.0,7.969116536038299
192,2027,7,13,1.0005304447219302E18,40.77891760391787,0.00897325048085301,0.0,38.66512529333438,0.0,239.0312627850174,240.1602822580645,498.33646768103733,100.0,0.09879032258064516,6.132056451612903,0.0,0.0,100.1000000000013,455.7008357827573,789.4106341028411,0.03842313569823055,90.12096774193549,1.0,6.221024350077322
181,2027,7,13,6.307363977605812E18,41.53968323305759,0.001393361875908859,0.0,40.21731232829831,0.0,180.21913562350684,239.4798387096774,537.0413291280565,100.0,0.0,5.995967741935484,0.0,0.0,100.1000000000013,473.3759927921888,797.2581745774457,0.028438816225799753,100.0,1.0,6.337082886734634
193,2027,7,14,2.861374886328272E18,42.126558464265386,0.0014744085574848872,0.0,42.55581158598244,0.0,129.17583106131286,248.6633064516129,585.9434255031323,100.0,0.0,6.332661290322581,0.0,0.0,143.0,236.24435557404703,790.0269886068434,0.02010013972143483,100.0,1.0,6.426613588340358
196,2027,7,14,4.898742477016446E18,41.63263650403594,0.00897325048085301,0.0,34.09714212638132,0.0,272.95957220754644,247.75604838709677,454.646870173202,100.0,0.09879032258064516,6.151209677419355,0.0,0.0,143.0,462.22928204579597,877.3268608908452,0.042977208865867644,90.12096774193549,1.0,6.351263365181679
184,2027,7,14,3.1730362057635645E18,42.53005963069039,0.0014990395056553726,0.0,42.23670259808759,0.0,262.1840828929278,241.39314516129033,582.9434537759702,100.0,0.10685483870967742,6.078629032258065,0.0,0.0,100.1000000000013,481.00721951667117,796.3978299614815,0.04040956017340713,89.31451612903226,1.0,6.488169674894577
191,2027,7,15,6.492828447697523E18,41.83235536745867,0.0019481655407844137,0.0,44.959560385276085,0.0,263.22224427491943,250.7076612903226,625.1665750881396,100.0,0.0,6.441532258064516,0.0,0.0,143.0,275.0,764.4926458764587,0.04124621130496793,100.0,1.0,6.381731459616884
194,2027,7,15,4.281117921937587E18,42.24106116704498,0.0022123398621432546,0.0,41.44012243366421,0.0,170.23241354530742,252.50201612903226,566.9242563877177,100.0,0.0,6.800403225806452,0.0,0.0,143.0,275.0,800.1940453482807,0.026416862127992255,100.0,1.0,6.444081538545906
195,2027,7,15,2.797545246119503E18,41.63643235956752,0.0014985388244577501,0.0,40.4273278696779,0.0,102.90824599055186,249.35685483870967,519.4724169393561,100.0,0.09879032258064516,6.171370967741935,0.0,0.0,143.0,246.90985557404932,764.3670776913307,0.016201322204801655,90.12096774193549,1.0,6.351842441603472
198,2027,7,15,7.278710821350941E18,42.79727479202575,0.00897325048085301,0.0,43.94201318051795,0.0,199.6620589249934,249.94657258064515,613.7861470726737,100.0,0.0,6.289314516129032,0.0,0.0,143.0,224.62435557405104,782.1804210236464,0.030581108447257647,100.0,1.0,6.528934661388901
183,2027,7,15,6.605295447056412E18,42.15683987504274,0.0018788212899608552,0.0,36.09173945541341,0.0,291.68473890580407,250.45060483870967,502.7576321417293,100.0,0.10685483870967742,6.390120967741935,0.0,0.0,143.0,477.82879116404035,889.0147197469839,0.04535440270287309,89.31451612903226,1.0,6.4312331664181865
185,2027,7,15,3.0688222562761073E18,41.26372869556015,0.0016046585266189177,0.0,44.982219922603704,0.0,125.45612174232062,250.3397177419355,641.1946402230009,100.0,0.10685483870967742,6.367943548387097,0.0,0.0,143.0,275.0,783.3182662687093,0.019929535719285792,89.31451612903226,1.0,6.294984665443905
186,2027,7,15,4.898224502314156E18,42.257274229272525,0.0015060843371690153,0.0,43.4761761926186,0.0,126.53100480564838,250.31451612903226,596.0576352854323,100.0,0.0030241935483870967,6.362903225806452,0.0,0.0,143.0,275.0,774.07474749581,0.019627693606639466,99.69758064516128,1.0,6.446554920892319
187,2027,7,15,8.507560024639921E18,41.96441629986325,0.0015152398650545504,0.0,38.694088440215715,0.0,260.27981488661305,248.46975806451613,590.6234994277404,100.0,0.0,5.993951612903226,0.0,0.0,143.0,475.37320240873447,934.6066072140106,0.04065679082313247,100.0,1.0,6.401878004068187
188,2027,7,15,5.859174576972996E18,42.30369841376096,0.0013361004289536996,0.0,43.102613700996415,0.0,328.9777381111931,249.22076612903226,619.3551933301526,100.0,0.0,6.144153225806452,0.0,0.0,143.0,412.4799149562163,816.6544310659544,0.0509755553393719,100.0,1.0,6.453637158457814
189,2027,7,15,1.481964993321812E18,41.73007233016151,0.0043223749907769955,0.0,43.70077288651722,0.0,131.54202654612436,250.52620967741936,608.9151276256412,100.0,0.0,6.405241935483871,0.0,0.0,143.0,240.2614555740457,783.4549773869228,0.02066280055467459,100.0,1.0,6.366127679452693
180,2027,7,15,5.096996787781837E17,43.034265848325134,0.0035439377886465413,0.0,39.20229852135047,0.0,102.25569443176933,250.3951612903226,530.4181231296332,100.0,0.03024193548387097,6.379032258064516,0.0,0.0,143.0,275.0,821.5525296412594,0.015575675723327128,96.9758064516129,1.0,6.565088812077967
182,2027,7,15,8.834479670273441E18,42.63019399977556,0.002500905931118457,0.0,43.623176987572016,0.0,165.69084651458763,250.66229838709677,625.9404129308599,100.0,0.0030241935483870967,6.432459677419355,0.0,0.0,143.0,275.0,808.1781928110772,0.025477393837887496,99.69758064516128,1.0,6.503445665160161
199,2027,7,15,8.617806463867117E18,43.0083384838133,0.00142886154153711,0.0,34.86793618727978,0.0,221.51312416888464,248.45967741935485,482.83454641293423,100.0,0.0,5.991935483870968,0.0,0.0,143.0,475.8653943215041,900.8093293312573,0.03376141109536144,100.0,1.0,6.561133465162505
197,2027,7,16,4.974214387304059E17,42.85567318108496,0.00897325048085301,0.0,47.2473262836381,0.0,169.4678055900003,252.2328629032258,695.4143218391633,100.0,0.10685483870967742,6.446572580645161,0.0,0.0,143.0,275.0,775.6320959665755,0.02592105522391084,89.31451612903226,1.0,6.537843622727016
190,2027,7,16,2.9539370702862316E18,43.211627790402154,0.001754644208223124,0.0,42.213934510042975,0.0,149.80639190394936,252.9233870967742,614.7549443258083,100.0,0.0,6.584677419354839,0.0,0.0,143.0,273.940000000002,840.6701885204488,0.0227249800387246,100.0,1.0,6.5921462482550535
191,2027,11,17,6.492828447697523E18,43.09567519227049,0.0039014132525447883,0.0,39.62626507383654,0.0,1040.5078038785816,372.43850806451616,566.1556840349762,100.0,0.0,4.087701612903226,0.0,0.0,88.0,0.0,861.8569269222578,0.15866571282961767,100.0,1.0,6.557861716449888
183,2027,11,17,6.605295447056412E18,43.27684476390893,0.0036066119296033145,0.0,37.494330343173864,0.0,1046.347779581715,373.12399193548384,534.594895696259,100.0,0.0,4.224798387096774,0.0,0.0,88.0,0.0,890.5469898456275,0.15888829404791502,100.0,1.0,6.585430259992432
192,2027,11,18,1.0005304447219302E18,43.63399866480001,0.0026145834734420245,0.0,34.62302411110019,0.0,873.319586904501,379.09173387096774,476.3549410034481,100.0,0.0,3.9183467741935485,0.0,0.0,88.0,0.0,898.0738979671032,0.13152842552602556,100.0,1.0,6.639778309607279
193,2027,11,18,2.861374886328272E18,44.12315613340617,0.0036153305724629403,0.0,38.03796845411783,0.0,965.936285030889,376.47076612903226,547.3429809162882,100.0,0.0,3.3941532258064515,0.0,0.0,88.0,0.0,890.2039877223215,0.14386440212347854,100.0,1.0,6.714213320136191
195,2027,11,18,2.797545246119503E18,43.89724283806203,0.00897325048085301,0.0,35.79864717751593,0.0,1034.1378122703643,375.9818548387097,483.61461148945887,100.0,0.0,3.2963709677419355,0.0,0.0,88.0,0.0,866.5192311340652,0.15481484753447183,100.0,1.0,6.6798361316093935
196,2027,11,18,4.898742477016446E18,44.09950883787632,0.00897325048085301,0.0,36.344221884433715,0.0,958.0638828143327,376.24395161290323,512.0899089474909,100.0,0.0,3.348790322580645,0.0,0.0,88.0,0.0,895.2462810803769,0.142768419129006,100.0,1.0,6.710614915113846
197,2027,11,18,4.974214387304059E17,43.72066039439012,0.0037513588966776776,0.0,41.68238201026398,0.0,1147.8466909091023,377.59979838709677,624.2557680346304,100.0,0.0,3.619959677419355,0.0,0.0,88.0,0.0,872.6936535125758,0.1725315833718149,100.0,1.0,6.652965610565521
185,2027,11,18,3.0688222562761073E18,44.02753580982712,0.00897325048085301,0.0,42.50235309380331,0.0,1024.5825833539147,375.8256048387097,644.7137557311997,100.0,0.0,3.2651209677419355,0.0,0.0,88.0,0.0,871.3751027395776,0.15293047057019732,100.0,1.0,6.699662791422696
186,2027,11,18,4.898224502314156E18,44.095754538720364,0.003956459647642425,0.0,36.43409145286821,0.0,1036.5603526490006,385.83770161290323,520.0637100604131,100.0,0.0,4.067540322580645,0.0,0.0,88.0,0.0,906.0698096234281,0.15447892900962026,100.0,1.0,6.7100436240365715
189,2027,11,18,1.481964993321812E18,43.33239713028558,0.0025319555532880983,0.0,38.749578627247345,0.0,1003.90453972084,377.3780241935484,559.3081760872459,100.0,0.0,3.5756048387096775,0.0,0.0,88.0,0.0,882.8756660395024,0.1522478394142335,100.0,1.0,6.593883654331754
181,2027,11,18,6.307363977605812E18,43.70392647024703,0.0037357412493143325,0.0,37.45551649350794,0.0,883.9692883354894,376.7429435483871,524.7948781781314,100.0,0.0,3.4485887096774195,0.0,0.0,88.0,0.0,875.478909108845,0.1329193333745157,100.0,1.0,6.650419212115689
199,2027,11,18,8.617806463867117E18,43.61252720667147,0.00897325048085301,0.0,37.9923195416287,0.0,1061.8259350127182,370.6219758064516,532.2267259516456,100.0,0.0,3.4243951612903225,0.0,0.0,88.0,0.0,867.3131328475175,0.1599976154320755,100.0,1.0,6.636511001399892
194,2027,11,19,4.281117921937587E18,44.114851547966246,0.0038980236667476233,0.0,37.84188550674799,0.0,1053.7231031665158,381.66733870967744,539.6226493241037,100.0,0.0,2.933467741935484,0.0,0.0,88.0,0.0,884.5362815228555,0.15696871925937098,100.0,1.0,6.712949612752916
198,2027,11,19,7.278710821350941E18,44.874758535922574,0.00897325048085301,0.0,39.97419317767068,0.0,1040.617261225673,377.1290322580645,583.9286147114326,100.0,0.0,3.225806451612903,0.0,0.0,88.0,0.0,876.1067829822309,0.1523913566956094,100.0,1.0,6.828584532548194
184,2027,11,19,3.1730362057635645E18,44.45121766717893,0.0031956020230958057,0.0,38.36042864300045,0.0,975.3616368059572,381.84879032258067,551.9827759636888,100.0,0.0,2.969758064516129,0.0,0.0,88.0,0.0,886.0267520122169,0.14419607605355353,100.0,1.0,6.764134389091934
187,2027,11,19,8.507560024639921E18,44.13621830677186,0.00897325048085301,0.0,45.06731397551645,0.0,1042.854148020094,380.1149193548387,721.5882604185688,100.0,0.0,2.622983870967742,0.0,0.0,88.0,0.0,878.5284465836568,0.15527441030226358,100.0,1.0,6.716200988881756
188,2027,11,19,5.859174576972996E18,44.34270435656362,0.00897325048085301,0.0,41.497020963002306,0.0,1019.9899937447917,383.0836693548387,623.4450502874201,100.0,0.0,3.216733870967742,0.0,0.0,88.0,0.0,877.9796200121895,0.15116288424502028,100.0,1.0,6.747621936688424
190,2027,11,19,2.9539370702862316E18,44.306354255957714,0.00897325048085301,0.0,40.19430161631905,0.0,1120.3150581587927,377.9959677419355,598.739018159616,100.0,0.0,3.399193548387097,0.0,0.0,88.0,0.0,889.7910692887305,0.1661673111913642,100.0,1.0,6.742090547933331
180,2027,11,19,5.096996787781837E17,44.1926925882215,0.0024842886159615277,0.0,35.688763478965946,0.0,1062.2985378265917,380.3266129032258,494.7885955201047,100.0,0.0,2.6653225806451615,0.0,0.0,88.0,0.0,890.0708178391227,0.15796743095011356,100.0,1.0,6.7247946708842
182,2027,11,19,8.834479670273441E18,44.86413296793179,0.0038184044599374575,0.0,41.33084524827832,0.0,1017.2603833881975,378.8397177419355,622.584824427925,100.0,0.0,2.367943548387097,0.0,0.0,88.0,0.0,882.8757913375655,0.14900618206889815,100.0,1.0,6.82696764163672
191,2028,3,6,6.492828447697523E18,51.494903614410724,0.01972466477090397,0.0,47.65998405732143,0.0,81.19999999999848,263.3054435483871,795.7144640516741,100.0,0.0,6.261088709677419,0.0,0.0,143.0,615.7380388736588,873.0916798161769,0.010388677932777944,100.0,1.0,7.816201496034396
193,2028,3,6,2.861374886328272E18,51.12904120624773,0.06012077822171529,0.0,42.61766452082394,0.0,55.099999999999056,255.6209677419355,723.1958639499286,100.0,0.0,5.024193548387097,0.0,0.0,143.0,822.2531276314699,973.0802949468102,0.007099903616392377,100.0,1.0,7.760668732570291
195,2028,3,6,2.797545246119503E18,50.94158396441181,0.06012077822171529,0.0,35.967515568794035,0.0,46.400000000000844,261.92137096774195,559.4628269030321,100.0,0.0,6.284274193548387,0.0,0.0,143.0,815.3062720458232,995.2042717896112,0.00600086751695045,100.0,1.0,7.732215362018293
183,2028,3,6,6.605295447056412E18,51.92522530180275,0.41999693829565693,0.0,46.12769637306625,0.0,63.800000000001134,254.10181451612902,806.1799139381422,100.0,0.0,4.420362903225806,0.0,0.0,143.0,816.9753057817351,941.0779947030967,0.008094887026657083,100.0,1.0,7.8815182707186455
185,2028,3,6,3.0688222562761073E18,51.050239428319884,0.41736210481046687,0.0,46.80195552964051,0.0,43.49999999999999,259.320564516129,846.2305602327325,100.0,0.0,5.764112903225806,0.0,0.0,143.0,812.4843914102173,961.4165492930474,0.005613839301318277,100.0,1.0,7.748707731941143
188,2028,3,6,5.859174576972996E18,50.97849514430342,0.06012077822171529,0.0,49.34450260087379,0.0,57.99999999999999,259.25201612903226,898.2811829892953,100.0,0.0,6.050403225806452,0.0,0.0,143.0,813.4099443279783,921.5843457562437,0.007495653206531462,100.0,1.0,7.737817959542302
189,2028,3,6,1.481964993321812E18,51.1599040764494,0.06012077822171529,0.0,42.86451494002025,0.0,55.099999999999056,257.0625,756.9242344134908,100.0,0.0,5.3125,0.0,0.0,143.0,823.8421561889398,1008.1489119322231,0.00709562050821005,100.0,1.0,7.7653532818229385
190,2028,3,6,2.9539370702862316E18,50.59607677196786,0.06012077822171529,0.0,33.09999116165014,0.0,55.099999999999056,259.7459677419355,553.8477240431426,100.0,0.0,6.149193548387097,0.0,0.0,143.0,812.1019308675219,1118.1317107921338,0.0071746919469462735,100.0,1.0,7.679772233768307
180,2028,3,6,5.096996787781837E17,50.50230399311645,0.4215311947129194,0.0,34.043376862352225,0.0,57.99999999999999,259.7258064516129,546.0749555473589,100.0,0.0,6.145161290322581,0.0,0.0,143.0,811.6188480997321,1056.8598338826278,0.0075663304518667086,100.0,1.0,7.665538845939602
192,2028,3,7,1.0005304447219302E18,51.26243276944883,0.07716995413533623,0.0,36.50791895092987,0.0,60.900000000000986,262.1209677419355,570.0814107031473,100.0,0.0,6.024193548387097,0.0,0.0,143.0,822.5562309824161,990.7127884467269,0.007826842288712053,100.0,1.0,7.780915694165903
186,2028,3,7,4.898224502314156E18,52.05914461875215,0.07716995413533623,0.0,44.560777512178184,0.0,46.400000000000844,255.42237903225808,753.73352485317,100.0,0.0,4.684475806451613,0.0,0.0,143.0,824.9907427794182,937.2596967388135,0.005872046087440524,100.0,1.0,7.901845337904258
194,2028,3,8,4.281117921937587E18,51.21824508541777,0.09332180500087166,0.0,48.75547209729751,0.0,52.19999999999926,258.10887096774195,826.5052469941123,100.0,0.0,5.221774193548387,0.0,0.0,143.0,613.289106643747,868.0996474543027,0.006714509799383982,100.0,1.0,7.774208625741868
196,2028,3,8,4.898742477016446E18,52.34729594761778,0.05891528093489341,0.0,43.80976308007185,0.0,66.6999999999988,255.96975806451613,795.6966073630557,100.0,0.0,4.493951612903226,0.0,0.0,143.0,815.6831396522555,1019.9313660456813,0.008394601492332092,100.0,1.0,7.945582653438022
197,2028,3,8,4.974214387304059E17,52.4820851096822,0.09332180500087166,0.0,52.111992563327426,0.0,55.099999999999056,260.84879032258067,943.6922421554954,100.0,0.0,5.469758064516129,0.0,0.0,143.0,821.904544927071,866.6493358990963,0.006916860559260506,100.0,1.0,7.9660417508676655
198,2028,3,8,7.278710821350941E18,51.33927698918148,0.09332180500087166,0.0,40.77818386570844,0.0,52.19999999999926,259.31854838709677,692.7207964646595,100.0,0.0,5.463709677419355,0.0,0.0,143.0,804.064606451277,1005.3289220894752,0.006698680400305539,100.0,1.0,7.792579565016763
181,2028,3,8,6.307363977605812E18,52.519199253918465,0.09332180500087166,0.0,48.705753131625656,0.0,46.400000000000844,257.9506048387097,850.8442304046882,100.0,0.0,4.890120967741935,0.0,0.0,143.0,609.0397503121064,895.4791485203832,0.005820608478740937,100.0,1.0,7.971675155522174
182,2028,3,8,8.834479670273441E18,51.284148058824464,0.09332180500087166,0.0,38.32296676788206,0.0,55.099999999999056,266.23387096774195,662.6845691447072,100.0,0.0,6.846774193548387,0.0,0.0,143.0,811.5190678127109,1065.535683028677,0.0070784302421584115,100.0,1.0,7.784211769415916
199,2028,3,8,8.617806463867117E18,52.06176322013599,0.09332180500087166,0.0,40.44161618022606,0.0,52.19999999999926,265.00201612903226,656.8721627299408,100.0,0.0,6.300403225806452,0.0,0.0,143.0,610.8659023832305,966.5975897502577,0.006605719577324552,100.0,1.0,7.902242804733363
187,2028,3,9,8.507560024639921E18,52.56310981855931,0.110370980914492,0.0,39.76366928802102,0.0,49.300000000000615,257.72379032258067,736.2568642287819,100.0,0.0,4.844758064516129,0.0,0.0,143.0,829.4756760660907,1114.5232795720726,0.0061792301411547615,100.0,1.0,7.97834016112362
184,2028,3,10,3.1730362057635645E18,53.03088741658336,0.1265228317800277,0.0,47.961318147814296,0.0,81.19999999999848,260.98790322580646,824.186785974153,100.0,0.0,5.19758064516129,0.0,0.0,143.0,615.2194160193807,893.6725199451869,0.010087780817755387,100.0,1.0,8.049342215790345
195,2028,7,13,2.797545246119503E18,42.77473624980657,0.0014482328084010703,0.0,44.666535723538786,0.0,211.14856507039988,243.3790322580645,581.9529035486788,100.0,0.0,6.475806451612903,0.0,0.0,100.39999999999868,201.66434130939825,720.1814740861245,0.03260361795588358,100.0,1.0,6.476231115089989
197,2028,7,13,4.974214387304059E17,41.690356535825046,0.0022178078301663498,0.0,47.29764912175127,0.0,159.0683552941764,246.92943548387098,672.1026229953544,100.0,0.10685483870967742,5.985887096774194,0.0,0.0,143.0,267.6443555740464,748.0131465966078,0.0252007335714794,89.31451612903226,1.0,6.312052577477345
198,2028,7,13,7.278710821350941E18,41.99154282713998,0.0032277879427528864,0.0,44.267593196576556,0.0,242.84814647109266,241.94254032258064,607.5991679386493,100.0,0.0,6.188508064516129,0.0,0.0,100.39999999999868,275.0,763.9177892489408,0.03819776592502428,100.0,1.0,6.357653139918242
183,2028,7,13,6.605295447056412E18,42.14565388946022,0.001467656277535665,0.0,47.26191097396417,0.0,243.66647651511994,242.31048387096774,662.2403028801673,100.0,0.03024193548387097,6.262096774193548,0.0,0.0,100.39999999999868,245.87391173336232,738.2177902752039,0.038186335904852195,96.9758064516129,1.0,6.380986044910325
189,2028,7,13,1.481964993321812E18,41.86972184799145,0.00897325048085301,0.0,46.02020889345637,0.0,237.73168395632786,243.79737903225808,656.889000218318,100.0,0.0,6.559475806451613,0.0,0.0,100.39999999999868,275.0,769.6109406652753,0.03750178955261434,100.0,1.0,6.339209056218358
182,2028,7,13,8.834479670273441E18,42.477961776523884,0.002143633655244392,0.0,42.776855757253045,0.0,249.15365529723667,247.0,611.2115336352304,100.0,0.0,6.0,0.0,0.0,143.0,275.0,816.6402093857436,0.038740800894259776,100.0,1.0,6.4312985159311395
192,2028,7,14,1.0005304447219302E18,42.288238597223454,0.0020609211026304604,0.0,36.50622687323111,0.0,93.35176246662023,251.58467741935485,464.6113211216714,100.0,0.0,6.616935483870968,0.0,0.0,143.0,207.80342020009982,806.8545925124301,0.014580349254061552,100.0,1.0,6.402573823162421
193,2028,7,14,2.861374886328272E18,42.70525267785307,0.0016232363387939598,0.0,43.2383906019631,0.0,176.380549850672,251.28729838709677,611.4094631316783,100.0,0.09879032258064516,6.557459677419355,0.0,0.0,143.0,242.66435557405296,801.8233310340507,0.027279373858936477,90.12096774193549,1.0,6.465711081300765
194,2028,7,14,4.281117921937587E18,42.446591955078105,0.0015239895517753152,0.0,42.67539710164549,0.0,201.3118029065216,250.75806451612902,592.2297283975154,100.0,0.10685483870967742,6.451612903225806,0.0,0.0,143.0,275.0,794.6068407263042,0.03132502407083597,89.31451612903226,1.0,6.4265490251911945
196,2028,7,14,4.898742477016446E18,42.3466743423914,0.0015859403465629215,0.0,36.8634874055775,0.0,335.80565938494226,249.19052419354838,535.1082821199468,100.0,0.0,6.138104838709677,0.0,0.0,143.0,477.6966643828751,915.3011581237284,0.05237616589416452,100.0,1.0,6.41142118083821
184,2028,7,14,3.1730362057635645E18,42.394469021823845,0.003928743643105536,0.0,40.74184229354325,0.0,297.4082400163698,252.2298387096774,552.962183457743,100.0,0.0030241935483870967,6.745967741935484,0.0,0.0,143.0,275.0,803.1842730433336,0.04633496061402584,99.69758064516128,1.0,6.418657447317281
186,2028,7,14,4.898224502314156E18,42.582722319990225,0.002720815791647378,0.0,38.510237978550194,0.0,399.45916160457296,251.23185483870967,531.7727980362835,100.0,0.057459677419354836,6.546370967741935,0.0,0.0,143.0,463.6739274238976,847.917984072475,0.06195893799327229,94.25403225806451,1.0,6.447159595407326
188,2028,7,14,5.859174576972996E18,42.88680316281988,0.0020533753960762123,0.0,44.35222736060728,0.0,299.9740858627802,251.14112903225808,670.9705630251449,100.0,0.0,6.528225806451613,0.0,0.0,143.0,484.4238514472925,840.9001639831876,0.04619820114587589,100.0,1.0,6.493198402153778
190,2028,7,14,2.9539370702862316E18,42.902880096749655,0.0015317942097734787,0.0,38.65730426918381,0.0,151.85345774932082,251.7258064516129,547.0731907331195,100.0,0.10685483870967742,6.645161290322581,0.0,0.0,143.0,275.0,867.1046816660102,0.023377778487926493,89.31451612903226,1.0,6.495632501084134
180,2028,7,14,5.096996787781837E17,42.7748371443403,0.0019255902319427049,0.0,39.1720333796387,0.0,209.30287038212757,250.09274193548387,525.5607564471516,100.0,0.0,6.318548387096774,0.0,0.0,143.0,219.53385261650666,815.1395967705369,0.03231854653925136,100.0,1.0,6.476246390843292
181,2028,7,14,6.307363977605812E18,42.826003518407,0.0028306783851271403,0.0,38.99794231746863,0.0,257.77059076708485,250.33467741935485,554.3160611129728,100.0,0.10685483870967742,6.366935483870968,0.0,0.0,143.0,481.3945832921179,866.1066973197496,0.03975491415513321,89.31451612903226,1.0,6.483993142613821
191,2028,7,15,6.492828447697523E18,43.3077704074244,0.00135958340618985,0.0,40.77622322120023,0.0,254.45862656961717,253.09979838709677,571.2069330102445,100.0,0.10685483870967742,6.619959677419355,0.0,0.0,143.0,482.8833849007036,828.7380470710197,0.038807561508300246,89.31451612903226,1.0,6.556934181891149
185,2028,7,15,3.0688222562761073E18,44.40148817204054,0.0021467106413523983,0.0,44.589223573610106,0.0,344.38225128551284,250.91229838709677,692.6643656014716,100.0,0.0,6.182459677419355,0.0,0.0,143.0,473.33151728136403,859.9088518257872,0.0512280985050914,100.0,1.0,6.722526530069934
187,2028,7,15,8.507560024639921E18,44.12893805505825,0.0028522728801185825,0.0,44.82098340139463,0.0,221.56952812128557,252.96875,695.0872849076475,100.0,0.0030241935483870967,6.59375,0.0,0.0,143.0,275.0,854.8022923420073,0.033162827950595816,99.69758064516128,1.0,6.681261575501577
199,2028,7,16,8.617806463867117E18,43.01014760540314,0.0022579895523032294,0.0,36.474009174236116,0.0,290.1918178027513,255.23991935483872,483.55912568202757,100.0,0.0,6.747983870967742,0.0,0.0,143.0,275.0,840.8890148742864,0.044563493702557924,100.0,1.0,6.511873143063162
182,2028,11,16,8.834479670273441E18,43.83566207912207,0.004596952090600928,0.0,38.529153687443994,0.0,965.5923204301099,378.0756048387097,566.5008248330824,100.0,0.0,4.015120967741935,0.0,0.0,88.0,0.0,903.2749462083989,0.14585696313165578,100.0,1.0,6.620131803776356
192,2028,11,17,1.0005304447219302E18,43.61067241911927,0.00897325048085301,0.0,30.85848296029839,0.0,1042.3419484885296,376.8538306451613,404.04386337685474,100.0,0.0,3.470766129032258,0.0,0.0,88.0,0.0,903.8785308702169,0.1582626259207124,100.0,1.0,6.5861535054443605
193,2028,11,17,2.861374886328272E18,43.403457571398185,0.005180860554765022,0.0,36.667200358141464,0.0,1046.932356098219,379.273185483871,525.6147736747126,100.0,0.0,3.9546370967741935,0.0,0.0,88.0,0.0,907.1035173222714,0.15971850229463808,100.0,1.0,6.55485958769453
195,2028,11,17,2.797545246119503E18,44.104385499078596,0.003704892849237412,0.0,33.51235682589885,0.0,967.4859126476747,379.726814516129,449.12016630367316,100.0,0.0,4.045362903225806,0.0,0.0,88.0,0.0,890.1071751085594,0.14525256451235002,100.0,1.0,6.660714844490163
196,2028,11,17,4.898742477016446E18,43.976274824549556,0.0054983152456207435,0.0,39.23118815476048,0.0,1043.3546117815733,379.00100806451616,589.6644908750276,100.0,0.0,3.900201612903226,0.0,0.0,88.0,0.0,912.764011536365,0.1570993673984415,100.0,1.0,6.641367365505534
198,2028,11,17,7.278710821350941E18,43.75319775694505,0.003253535344761796,0.0,37.47617752381482,0.0,923.0279160635868,377.33770161290323,534.5015176184287,100.0,0.0,3.567540322580645,0.0,0.0,88.0,0.0,890.9525141862483,0.1396902101834469,100.0,1.0,6.607677909936772
185,2028,11,17,3.0688222562761073E18,43.97465975524574,0.003701836006952578,0.0,43.02681691494886,0.0,1175.0382058473563,372.179435483871,660.3251439556984,100.0,0.0,3.7358870967741935,0.0,0.0,88.0,0.0,873.4479641135033,0.1769336489197627,100.0,1.0,6.641123455155904
187,2028,11,17,8.507560024639921E18,44.298276209838534,0.003704892849237412,0.0,43.28873336928947,0.0,1178.3031344322944,375.60887096774195,672.2655039888142,100.0,0.0,3.221774193548387,0.0,0.0,88.0,0.0,879.6503694050309,0.17612910996142406,100.0,1.0,6.6899965297636905
190,2028,11,17,2.9539370702862316E18,44.57696701756558,0.0031070811914311104,0.0,37.72320708000288,0.0,1059.2464581759323,378.1592741935484,553.1793939253952,100.0,0.0,3.7318548387096775,0.0,0.0,88.0,0.0,912.4770212744226,0.1573430044326506,100.0,1.0,6.732084861321776
181,2028,11,17,6.307363977605812E18,43.836578769991824,0.00897325048085301,0.0,38.872920855111786,0.0,1057.8401626820516,371.9828629032258,564.2059892050046,100.0,0.0,3.6965725806451615,0.0,0.0,88.0,0.0,886.070455352811,0.1597880635850346,100.0,1.0,6.620270243897784
194,2028,11,18,4.281117921937587E18,44.60228301181878,0.0046735679587776285,0.0,38.78798326399789,0.0,1039.343186654582,381.6774193548387,564.2136945410635,100.0,0.0,2.935483870967742,0.0,0.0,88.0,0.0,889.3819560931889,0.15429889595204052,100.0,1.0,6.7359081232676665
197,2028,11,18,4.974214387304059E17,44.032726806440174,0.0028595444489652715,0.0,41.14623153284668,0.0,950.1730682041429,384.1844758064516,616.0684037901524,100.0,0.0,2.2368951612903225,0.0,0.0,88.0,0.0,880.0562821019088,0.14288547077490957,100.0,1.0,6.649892834107467
183,2028,11,18,6.605295447056412E18,44.35662309121108,0.0040023418737078695,0.0,39.1881836660697,0.0,925.4567280216564,380.8709677419355,576.5323571412733,100.0,0.0,2.774193548387097,0.0,0.0,88.0,0.0,893.6793074677099,0.13815244513021122,100.0,1.0,6.698808169116344
184,2028,11,18,3.1730362057635645E18,44.657060021214114,0.0026009421683632,0.0,38.16053589189733,0.0,1050.07301470768,378.20766129032256,544.209825508352,100.0,0.0,3.441532258064516,0.0,0.0,88.0,0.0,880.7138045522945,0.1557006064283656,100.0,1.0,6.744180634844188
186,2028,11,18,4.898224502314156E18,44.32948276360612,0.00897325048085301,0.0,38.1782210705484,0.0,1047.6492541362309,377.2953629032258,547.3007366750512,100.0,0.0,3.2590725806451615,0.0,0.0,88.0,0.0,885.3656495567146,0.1564891308298501,100.0,1.0,6.694709393429599
188,2028,11,18,5.859174576972996E18,44.533723100265746,0.004659008557036898,0.0,44.848131178807044,0.0,1056.037638563033,379.94858870967744,702.700678950695,100.0,0.0,2.589717741935484,0.0,0.0,88.0,0.0,863.2715477595576,0.15701868181071074,100.0,1.0,6.7255540957610895
189,2028,11,18,1.481964993321812E18,44.53421907470083,0.0031440961740900625,0.0,40.25749502962773,0.0,909.4910418350049,384.87298387096774,609.7383694953717,100.0,0.0,3.5745967741935485,0.0,0.0,88.0,0.0,903.7169028963848,0.13522765558767544,100.0,1.0,6.72562899861362
199,2028,11,18,8.617806463867117E18,44.27318599199038,0.00897325048085301,0.0,34.392737520652005,0.0,1264.755349280984,379.6391129032258,467.981435966601,100.0,0.0,3.7278225806451615,0.0,0.0,88.0,0.0,891.9244954459671,0.18915885796699525,100.0,1.0,6.6862073649316525
191,2028,11,19,6.492828447697523E18,45.0553108772983,0.0037513588966776776,0.0,41.30548016833406,0.0,1167.5530124939094,378.94858870967744,600.573089369023,100.0,0.0,2.089717741935484,0.0,0.0,88.0,0.0,852.1913467140176,0.1715898333140378,100.0,1.0,6.804325116145396
180,2028,11,19,5.096996787781837E17,44.92367727300112,0.00897325048085301,0.0,35.663692842447674,0.0,1062.7002855194642,382.53225806451616,501.5032744434429,100.0,0.0,2.806451612903226,0.0,0.0,88.0,0.0,902.9998993991263,0.1566377488128812,100.0,1.0,6.78444559867214
196,2029,3,5,4.898742477016446E18,50.23728553907769,0.02602242639447387,0.0,39.41025703267223,0.0,37.70000000000009,263.7782258064516,710.9589924627669,100.0,0.0,6.955645161290323,0.0,0.0,143.0,814.3282835606645,1091.7795054468245,0.0049816302533755245,100.0,1.0,7.56780372739522
190,2029,3,5,2.9539370702862316E18,49.8233225900853,0.02602242639447387,0.0,33.17974775620596,0.0,63.800000000001134,260.9102822580645,554.710986120303,100.0,0.0,6.382056451612903,0.0,0.0,143.0,807.2166959701644,1116.2088791482179,0.00850049659559401,100.0,1.0,7.505443862311532
182,2029,3,5,8.834479670273441E18,51.80092864290913,0.02602242639447387,0.0,44.471858466895476,0.0,55.099999999999056,258.5594758064516,772.4920543975923,100.0,0.0,5.611895161290323,0.0,0.0,143.0,614.9845314382233,963.8597934877897,0.00706106742583473,100.0,1.0,7.803352761991982
193,2029,3,6,2.861374886328272E18,50.83467357997639,0.01537173529910588,0.0,46.6431796689184,0.0,37.70000000000009,261.8659274193548,791.5375864195271,100.0,0.0,6.273185483870968,0.0,0.0,143.0,610.36129123856,904.8942509902156,0.004923088196783699,100.0,1.0,7.657794963866352
198,2029,3,6,7.278710821350941E18,51.079242518505396,0.043071602308094536,0.0,42.262683268435545,0.0,37.70000000000009,261.4022177419355,708.6287666747812,100.0,0.0,6.180443548387097,0.0,0.0,143.0,609.0847593604524,967.3534827280472,0.004899516303482117,100.0,1.0,7.694637116159093
192,2029,3,7,1.0005304447219302E18,51.709941569414,0.06012077822171529,0.0,37.64501767537428,0.0,40.59999999999924,257.56451612903226,578.39322088069,100.0,0.0,5.112903225806452,0.0,0.0,143.0,617.1846781363615,957.1519021811868,0.005212046620804204,100.0,1.0,7.789646362321828
194,2029,3,7,4.281117921937587E18,51.537182765293046,0.06012077822171529,0.0,42.14562018553027,0.0,46.400000000000844,258.2016129032258,720.9846167134149,100.0,0.0,5.540322580645161,0.0,0.0,143.0,821.6580121285797,988.8089960364415,0.005976592028350498,100.0,1.0,7.76362177306035
197,2029,3,7,4.974214387304059E17,51.15657393605247,0.06012077822171529,0.0,48.34618061782113,0.0,46.400000000000844,261.78024193548384,836.2841834405966,100.0,0.0,6.256048387096774,0.0,0.0,143.0,807.2726773280888,892.943896849769,0.006021058330914117,100.0,1.0,7.706286411770469
183,2029,3,7,6.605295447056412E18,51.03983772172117,0.06012077822171529,0.0,42.770701128123264,0.0,46.400000000000844,255.5,737.8009912402583,100.0,0.0,5.0,0.0,0.0,143.0,815.9610303054009,986.4564785545525,0.00603482944750056,100.0,1.0,7.688701131266981
185,2029,3,7,3.0688222562761073E18,52.330407709513004,0.0268396331346943,0.0,45.705549623538474,0.0,57.99999999999999,259.3790322580645,856.7415220903641,100.0,0.0,5.475806451612903,0.0,0.0,143.0,813.3758917894446,1016.9243160991394,0.007357498468875266,100.0,1.0,7.883114110775533
187,2029,3,7,8.507560024639921E18,51.188059171564866,0.05455606009230049,0.0,45.41975488764619,0.0,49.300000000000615,266.4758064516129,822.7515376110961,100.0,0.0,6.895161290322581,0.0,0.0,143.0,607.868886143423,987.9794942010476,0.006393439519004241,100.0,1.0,7.711029384646301
181,2029,3,7,6.307363977605812E18,51.3578460910415,0.06012077822171529,0.0,47.55102592090934,0.0,55.099999999999056,262.0907258064516,833.808210761593,100.0,0.0,6.018145161290323,0.0,0.0,143.0,612.7610272489919,919.0291354211399,0.007121985786164761,100.0,1.0,7.736606285712737
191,2029,3,8,6.492828447697523E18,51.29057894544452,0.07716995413533623,0.0,47.68676827747053,0.0,52.19999999999926,261.5181451612903,814.8405146139378,100.0,0.0,6.203629032258065,0.0,0.0,143.0,811.3467378061321,893.2257287042778,0.006755993249892834,100.0,1.0,7.726473083854438
195,2029,3,8,2.797545246119503E18,52.25722039834911,0.023613817054876505,0.0,37.40807284835182,0.0,46.400000000000844,261.2217741935484,568.4119160329666,100.0,0.0,5.544354838709677,0.0,0.0,143.0,607.6721031078665,950.1499158466619,0.005894242237354526,100.0,1.0,7.872089088219465
184,2029,3,8,3.1730362057635645E18,52.0071815004991,0.03877887142479198,0.0,43.378193871078565,0.0,55.099999999999056,252.87701612903226,716.7409155219333,100.0,0.0,4.175403225806452,0.0,0.0,143.0,825.0775190730044,934.9109118806722,0.007033064267574757,100.0,1.0,7.8344229348268755
188,2029,3,8,5.859174576972996E18,52.196088905448335,0.034543399344376,0.0,52.02969842191267,0.0,63.800000000001134,258.1391129032258,967.9989612599196,100.0,0.0,5.227822580645161,0.0,0.0,143.0,808.7413823925866,891.9892227344629,0.008114075076111593,100.0,1.0,7.8628801682933425
180,2029,3,8,5.096996787781837E17,51.35255897130982,0.07716995413533623,0.0,30.84653243773328,0.0,89.89999999999921,260.1522177419355,484.6104784456725,100.0,0.0,5.930443548387097,0.0,0.0,143.0,825.600165430603,1085.2643872563342,0.011621278444193354,100.0,1.0,7.735809827783475
199,2029,3,8,8.617806463867117E18,52.41214500254315,0.07716995413533623,0.0,42.0884904844741,0.0,84.10000000000043,257.18145161290323,711.7618444268145,100.0,0.0,5.036290322580645,0.0,0.0,143.0,612.778098475121,978.6441079165013,0.010651735339977701,100.0,1.0,7.895427112647027
189,2029,3,9,1.481964993321812E18,52.47303939996657,0.09421913004895693,0.0,42.65559435964059,0.0,52.19999999999926,257.5221774193548,757.4541557874378,100.0,0.0,4.804435483870968,0.0,0.0,143.0,824.4631285145954,1017.6898184507992,0.006603749451165561,100.0,1.0,7.904600316231859
186,2029,3,10,4.898224502314156E18,52.75689246593252,0.4830190196488529,0.0,46.5205605931076,0.0,43.49999999999999,258.56854838709677,819.7021722424175,100.0,0.01310483870967742,4.713709677419355,0.0,0.0,143.0,825.2081316550398,941.7508739010424,0.005473515543684434,98.68951612903226,1.0,7.94736027564443
192,2029,7,13,1.0005304447219302E18,41.338192789085916,0.008277906347650401,0.0,30.46132877899285,0.0,322.9321337973991,240.83568548387098,373.4752579378126,100.0,0.0,6.267137096774194,0.0,0.0,100.69999999999821,481.12059709097855,850.9864531669729,0.05198893178747639,100.0,1.0,6.211555473336157
187,2029,7,13,8.507560024639921E18,41.20130195550175,0.003949494049671231,0.0,46.52329751193653,0.0,237.00139806349503,239.99899193548387,670.0248817904757,100.0,0.0,6.099798387096774,0.0,0.0,100.69999999999821,275.0,769.226326165293,0.038281688604124835,100.0,1.0,6.190985996316742
181,2029,7,13,6.307363977605812E18,42.8780217229564,0.006492945355175839,0.0,45.37925522946067,0.0,216.9664408972375,238.69354838709677,662.75632842441,100.0,0.10685483870967742,5.838709677419355,0.0,0.0,100.69999999999821,478.49191571578433,796.9810984917082,0.03367510380875776,89.31451612903226,1.0,6.442933097679475
196,2029,7,14,4.898742477016446E18,41.92092102687404,0.0037171708702787992,0.0,47.25270297800754,0.0,153.47606166132312,242.62298387096774,702.3536778109567,100.0,0.0,6.324596774193548,0.0,0.0,100.69999999999821,242.09435557405195,783.1637985342757,0.024364693289809843,100.0,1.0,6.299117326689769
186,2029,7,14,4.898224502314156E18,41.58676016058835,0.0037171708702787992,0.0,47.75619287750254,0.0,315.23564975341856,243.17741935483872,661.8048179198034,100.0,0.0,6.435483870967742,0.0,0.0,100.69999999999821,235.3784340183127,723.2027269990281,0.05044653671043472,100.0,1.0,6.248905679350888
180,2029,7,14,5.096996787781837E17,42.10759263186797,0.0037576425799217103,0.0,29.93524094623404,0.0,358.7768554404053,243.1673387096774,380.93746486912113,100.0,0.0,6.433467741935484,0.0,0.0,100.69999999999821,478.60797702684096,890.2328446658141,0.05670418654554281,100.0,1.0,6.3271669571037465
199,2029,7,14,8.617806463867117E18,42.76555214579084,0.0023162752919083734,0.0,38.34268545831533,0.0,181.8370331745787,246.77318548387098,522.620563262033,100.0,0.0,5.954637096774194,0.0,0.0,143.0,275.0,839.4309861506582,0.028296933328994633,100.0,1.0,6.426033205098526
191,2029,7,15,6.492828447697523E18,43.560071969028186,0.002044952251789657,0.0,47.24554459022002,0.0,191.88428386604525,249.59375,677.1382538842342,100.0,0.09879032258064516,6.21875,0.0,0.0,143.0,255.6474545740564,755.3665225750308,0.029315812494215117,90.12096774193549,1.0,6.545419264907283
193,2029,7,15,2.861374886328272E18,42.691878860587096,0.002458424789274802,0.0,38.1565111042296,0.0,271.4371151339109,249.68951612903226,537.2910018380456,100.0,0.03024193548387097,6.237903225806452,0.0,0.0,143.0,477.629250315787,869.6050963191251,0.042313123028155236,96.9758064516129,1.0,6.414962917137931
194,2029,7,15,4.281117921937587E18,42.84594708829542,0.004504643815689261,0.0,38.92386682718674,0.0,213.43961748117582,250.21370967741936,552.2778478294579,100.0,0.09879032258064516,6.342741935483871,0.0,0.0,143.0,449.7422392709253,865.5971679517602,0.03315250925796203,90.12096774193549,1.0,6.438113502069693
195,2029,7,15,2.797545246119503E18,43.56038198415961,0.002418665897804054,0.0,35.07592319711901,0.0,160.72014658602677,249.5483870967742,443.2484124309674,100.0,0.036290322580645164,6.209677419354839,0.0,0.0,143.0,275.0,819.4017554999067,0.02455442443810721,96.37096774193549,1.0,6.545465848370582
197,2029,7,15,4.974214387304059E17,43.11913506936771,0.0019140892663935692,0.0,47.21634964115205,0.0,204.0618985755399,249.6945564516129,679.9484906777654,100.0,0.0,6.238911290322581,0.0,0.0,143.0,239.00898201830722,759.3844022096097,0.031495100644018,100.0,1.0,6.479163247706538
198,2029,7,15,7.278710821350941E18,42.908946891137006,0.004659008557036898,0.0,41.10086484133346,0.0,173.20884432486332,249.16532258064515,577.5870857625674,100.0,0.10685483870967742,6.133064516129032,0.0,0.0,143.0,275.0,826.7714852785493,0.02686416377459693,89.31451612903226,1.0,6.447579972269661
185,2029,7,15,3.0688222562761073E18,43.114656634492405,0.0022763192493285293,0.0,50.970964232372836,0.0,166.74375187587944,243.27620967741936,785.2547401218857,100.0,0.0,6.155241935483871,0.0,0.0,100.69999999999821,253.45829823184627,754.5588164876707,0.025738056847860808,100.0,1.0,6.478490309564227
188,2029,7,15,5.859174576972996E18,43.09919370786765,0.0021928764615965304,0.0,50.46912840670444,0.0,150.5828905260573,250.3548387096774,765.7817092870763,100.0,0.07963709677419355,6.370967741935484,0.0,0.0,143.0,202.89821079856304,750.8556514993627,0.02325185479200999,92.03629032258065,1.0,6.476166820799256
189,2029,7,15,1.481964993321812E18,43.044251940670314,0.0018357713749699294,0.0,42.78464452569533,0.0,237.77584152509033,250.14314516129033,615.6220244210031,100.0,0.0,6.328629032258065,0.0,0.0,143.0,275.0,822.358182396653,0.036762385167211906,100.0,1.0,6.467911166361448
190,2029,7,15,2.9539370702862316E18,42.79271464746579,0.0014038251690946506,0.0,38.339119810104826,0.0,172.14263825093244,250.8639112903226,543.7843719574142,100.0,0.0,6.472782258064516,0.0,0.0,143.0,266.344355574052,873.4221930300921,0.026771316910492886,100.0,1.0,6.430114694263022
182,2029,7,15,8.834479670273441E18,42.21194888890442,0.008339452119751867,0.0,40.66582115775633,0.0,189.10904272447408,251.3578629032258,574.3858281914852,100.0,0.0,6.571572580645161,0.0,0.0,143.0,275.0,836.9838365092116,0.029814532978037617,100.0,1.0,6.3428477267706365
183,2029,7,16,6.605295447056412E18,42.9269479286684,0.00897325048085301,0.0,42.70243769072791,0.0,227.77467973531594,254.10282258064515,618.087188089243,100.0,0.0,6.820564516129032,0.0,0.0,143.0,275.0,828.4447594975632,0.03531234438482893,100.0,1.0,6.450284842406942
184,2029,7,16,3.1730362057635645E18,44.910550097356314,0.0016784980323331486,0.0,40.36699392864721,0.0,309.876389711403,249.60181451612902,574.581382457548,100.0,0.0,5.920362903225806,0.0,0.0,143.0,484.0443280691556,848.1035951777211,0.04591887411508326,100.0,1.0,6.748344677066374
194,2029,11,17,4.281117921937587E18,44.08094919393126,0.004020273512926991,0.0,38.268226551722655,0.0,1040.176089320547,377.9344758064516,557.0362625195452,100.0,0.0,3.9868951612903225,0.0,0.0,88.0,0.0,898.0370699863709,0.1574350063560571,100.0,1.0,6.60701907025729
197,2029,11,17,4.974214387304059E17,43.4802197463224,0.0025550257633408513,0.0,38.74407534921588,0.0,1042.1968887111457,373.35584677419354,561.2597000935277,100.0,0.0,4.27116935483871,0.0,0.0,88.0,0.0,886.4739900463886,0.15992023498685348,100.0,1.0,6.5169794729029835
189,2029,11,17,1.481964993321812E18,43.68858867813527,0.00897325048085301,0.0,39.354088702606816,0.0,1049.5376288121877,371.81854838709677,573.2117339325475,100.0,0.0,3.963709677419355,0.0,0.0,88.0,0.0,882.6210664074277,0.16027853924164207,100.0,1.0,6.548210594993411
182,2029,11,17,8.834479670273441E18,43.06603750099193,0.0061884486074848515,0.0,36.10770190426638,0.0,1028.837476042765,380.2328629032258,518.9555426373447,100.0,0.0,4.446572580645161,0.0,0.0,88.0,0.0,917.3473339966948,0.15938859351813484,100.0,1.0,6.454900274439693
191,2029,11,18,6.492828447697523E18,44.573040772089314,0.0036240914704576137,0.0,40.76110214113154,0.0,1067.5752546043518,376.2540322580645,596.3120188568786,100.0,0.0,3.350806451612903,0.0,0.0,88.0,0.0,865.8163169534663,0.1597981007513625,100.0,1.0,6.680775613631623
195,2029,11,18,2.797545246119503E18,44.009077788991796,0.002092642369601917,0.0,28.91535252829594,0.0,1064.7060690831618,380.2711693548387,368.1941919029049,100.0,0.0,4.154233870967742,0.0,0.0,88.0,0.0,904.2518360092889,0.16141089250372376,100.0,1.0,6.5962467127712525
196,2029,11,18,4.898742477016446E18,44.706189305604845,0.0061884486074848515,0.0,41.76155984799,0.0,956.5723137505388,378.2399193548387,660.1713962137737,100.0,0.0,3.747983870967742,0.0,0.0,88.0,0.0,920.058752822023,0.14275638154330125,100.0,1.0,6.700732418469074
184,2029,11,18,3.1730362057635645E18,43.7288558606913,0.00791291929528485,0.0,35.88888139496966,0.0,1189.8156796848618,378.66834677419354,496.2642503553718,100.0,0.0,3.8336693548387095,0.0,0.0,88.0,0.0,885.5008726818304,0.18153357092158065,100.0,1.0,6.554245992323048
187,2029,11,18,8.507560024639921E18,43.99000234403798,0.004390044266562156,0.0,41.327437619653516,0.0,873.9833030934763,380.25100806451616,634.0191292148392,100.0,0.0,4.150201612903226,0.0,0.0,88.0,0.0,898.7805075926547,0.13255451588508557,100.0,1.0,6.593387613071981
190,2029,11,18,2.9539370702862316E18,44.31906021255177,0.0030835912305336817,0.0,37.263870063529666,0.0,1042.1301692058075,377.49395161290323,546.0514660713528,100.0,0.0,3.598790322580645,0.0,0.0,88.0,0.0,918.0109812381419,0.15688333155426143,100.0,1.0,6.642708048594472
180,2029,11,18,5.096996787781837E17,44.440662919561575,0.003168520650018729,0.0,31.762673229870302,0.0,939.2178535417622,378.164314516129,425.50779219829815,100.0,0.0,3.7328629032258065,0.0,0.0,88.0,0.0,912.7186210594148,0.14100392050534424,100.0,1.0,6.660934321369913
192,2029,11,19,1.0005304447219302E18,44.780350444961044,0.0051928532875306944,0.0,30.38329345279955,0.0,878.7821638529211,382.61995967741933,402.4991466915838,100.0,0.0,3.123991935483871,0.0,0.0,88.0,0.0,920.5834346830063,0.1309299864629989,100.0,1.0,6.711847969993238
193,2029,11,19,2.861374886328272E18,44.510174974653275,0.0034753100235681714,0.0,37.06672816809707,0.0,1037.4468038854066,383.85987903225805,543.003554887091,100.0,0.0,3.371975806451613,0.0,0.0,88.0,0.0,920.1226856770037,0.15550770526122887,100.0,1.0,6.671353050594224
198,2029,11,19,7.278710821350941E18,44.343586655834024,0.0025740821803938666,0.0,37.823029991558215,0.0,1058.7383854574114,381.773185483871,548.247851194956,100.0,0.0,2.9546370967741935,0.0,0.0,88.0,0.0,899.4126055954032,0.1592953941952822,100.0,1.0,6.646384164500644
183,2029,11,19,6.605295447056412E18,44.61055946397194,0.002786723751817718,0.0,39.192395645144224,0.0,1132.619806126591,383.476814516129,588.0863206453671,100.0,0.0,3.2953629032258065,0.0,0.0,88.0,0.0,911.3962737343744,0.16939159576096732,100.0,1.0,6.686399056803614
185,2029,11,19,3.0688222562761073E18,44.36345491969246,0.006014242949633395,0.0,44.21173884872989,0.0,1056.6332564676622,376.28729838709677,699.1226017720264,100.0,0.0,3.057459677419355,0.0,0.0,88.0,0.0,881.303918493373,0.1589074623082483,100.0,1.0,6.649362094890219
186,2029,11,19,4.898224502314156E18,44.506612498163115,0.003609513467760664,0.0,40.45935145542671,0.0,933.9662027300848,376.36290322580646,598.5275077991377,100.0,0.0,3.0725806451612905,0.0,0.0,88.0,0.0,879.9929322450519,0.14000772464155023,100.0,1.0,6.670819093169597
188,2029,11,19,5.859174576972996E18,44.661779531148674,0.00897325048085301,0.0,44.480021174688545,0.0,1062.1673760376166,381.08266129032256,697.9385843237171,100.0,0.0,2.816532258064516,0.0,0.0,88.0,0.0,869.7304104853945,0.1586727366071644,100.0,1.0,6.694076113827217
181,2029,11,19,6.307363977605812E18,44.18104108492547,0.0028834352444900477,0.0,40.14024126836212,0.0,900.3892492213201,377.3155241935484,602.6709352392695,100.0,0.0,3.2631048387096775,0.0,0.0,88.0,0.0,897.6414335492332,0.13596894652094013,100.0,1.0,6.622021220725235
199,2029,11,19,8.617806463867117E18,44.637615628826865,0.004224694200024963,0.0,36.24070811269745,0.0,961.2671597319066,383.11895161290323,514.4434552764266,100.0,0.0,3.223790322580645,0.0,0.0,88.0,0.0,903.6543672898222,0.14367741132707207,100.0,1.0,6.6904543369287595
194,2030,3,7,4.281117921937587E18,52.06726244175037,0.06101810326980058,0.0,43.630636230410495,0.0,43.49999999999999,261.148185483871,773.5247793631102,100.0,0.0,5.829637096774194,0.0,0.0,143.0,810.7702305749966,998.7542335171646,0.005588092660576206,100.0,1.0,7.784409214773932
184,2030,3,7,3.1730362057635645E18,51.259614611462354,0.06101810326980058,0.0,35.08077706746361,0.0,63.800000000001134,257.65725806451616,556.3054455731121,100.0,0.0,5.431451612903226,0.0,0.0,143.0,812.701540162941,1028.6046100573362,0.008325003565833336,100.0,1.0,7.663660381100957
188,2030,3,7,5.859174576972996E18,51.01063040517976,0.4253088556364628,0.0,46.78508988852036,0.0,75.40000000000018,259.02016129032256,835.3967724057017,100.0,0.0,6.004032258064516,0.0,0.0,143.0,819.2551833932239,949.5632930246794,0.009886663236917382,100.0,1.0,7.626435551931428
189,2030,3,7,1.481964993321812E18,52.36039455269023,0.02233459124077628,0.0,44.985332509472094,0.0,49.300000000000615,255.80040322580646,826.9771290612256,100.0,0.0,4.76008064516129,0.0,0.0,143.0,822.3688785140407,1010.7208906744428,0.006297716334486779,100.0,1.0,7.828234455405688
190,2030,3,7,2.9539370702862316E18,51.568778574689034,0.021485247630211507,0.0,39.57367161406127,0.0,49.300000000000615,254.66834677419354,683.1819875364456,100.0,0.0,4.83366935483871,0.0,0.0,143.0,817.4456246938431,1042.2931615894684,0.006394390582221349,100.0,1.0,7.709882492488326
180,2030,3,7,5.096996787781837E17,51.12488176153036,0.06101810326980058,0.0,31.884785165379487,0.0,34.79999999999966,261.18548387096774,497.4588439435629,100.0,0.0,6.137096774193548,0.0,0.0,143.0,609.5996981440779,1061.618217967363,0.004552878005104303,100.0,1.0,7.643516905347526
182,2030,3,7,8.834479670273441E18,51.118201597251826,0.06101810326980058,0.0,41.11334844551267,0.0,63.800000000001134,261.53125,733.9604675478636,100.0,0.0,5.90625,0.0,0.0,143.0,813.9575246249215,1050.3204844144996,0.008348033794025522,100.0,1.0,7.642518175436855
199,2030,3,7,8.617806463867117E18,51.613240842882384,0.06101810326980058,0.0,34.31613913158362,0.0,52.19999999999926,254.45866935483872,593.4202168379517,100.0,0.0,5.091733870967742,0.0,0.0,143.0,825.6052059685164,1134.9525992862623,0.00676469872510615,100.0,1.0,7.716529903433377
192,2030,3,8,1.0005304447219302E18,51.754472392622546,0.07806727918342136,0.0,33.13857370746298,0.0,55.099999999999056,259.8397177419355,530.9889905741477,100.0,0.0,5.867943548387097,0.0,0.0,143.0,812.7308818398722,1070.3878197000881,0.007121029738384128,100.0,1.0,7.737644978927177
195,2030,3,8,2.797545246119503E18,52.50000293339778,0.05600235235539553,0.0,37.52071781869993,0.0,84.10000000000043,260.78024193548384,577.8063951685714,100.0,0.0,5.756048387096774,0.0,0.0,143.0,617.5257151643847,961.4343518321919,0.010714594863049738,100.0,1.0,7.849106856109604
196,2030,3,8,4.898742477016446E18,52.121760006563065,0.02688267189511752,0.0,40.59798288135456,0.0,55.099999999999056,257.9475806451613,782.2244854564769,100.0,0.0,5.189516129032258,0.0,0.0,143.0,815.9783008110268,1143.703124110825,0.007070849813126755,100.0,1.0,7.792556970692275
198,2030,3,8,7.278710821350941E18,51.9510181619055,0.07806727918342136,0.0,37.50543847104459,0.0,63.800000000001134,259.34576612903226,594.0869826268399,100.0,0.0,5.769153225806452,0.0,0.0,143.0,613.8965933297287,989.0317876559485,0.00821420810452149,100.0,1.0,7.7670299057656695
187,2030,3,8,8.507560024639921E18,51.744893446586474,0.07806727918342136,0.0,47.9586857069801,0.0,43.49999999999999,258.0282258064516,873.4023156013742,100.0,0.0,5.205645161290323,0.0,0.0,143.0,614.9559125695754,947.1080320938823,0.005622906295234326,100.0,1.0,7.7362128614642325
181,2030,3,8,6.307363977605812E18,51.20433457403536,0.02412462273900541,0.0,40.502164363452806,0.0,60.900000000000986,262.6320564516129,671.0124958785308,100.0,0.0,6.426411290322581,0.0,0.0,143.0,817.0569862372065,984.9084184909406,0.007955173430891834,100.0,1.0,7.655395640214677
191,2030,3,9,6.492828447697523E18,52.81767337635492,0.09511645509704213,0.0,50.44518490892535,0.0,52.19999999999926,254.95665322580646,886.7942727614108,100.0,0.0,4.29133064516129,0.0,0.0,143.0,612.4374461960854,870.535593585855,0.00661043931338232,100.0,1.0,7.896600743966353
193,2030,3,9,2.861374886328272E18,51.96409280447049,0.09511645509704213,0.0,49.23770601337134,0.0,46.400000000000844,259.06149193548384,868.850044153962,100.0,0.0,5.412298387096774,0.0,0.0,143.0,614.2021282106106,895.060430855908,0.005972466425010873,100.0,1.0,7.768984653591649
197,2030,3,9,4.974214387304059E17,53.427267082060226,0.09511645509704213,0.0,52.007590965640226,0.0,40.59999999999924,257.52520161290323,927.8007530913603,100.0,0.0,4.505040322580645,0.0,0.0,143.0,609.0987731402242,855.6154442889907,0.005082789921036724,100.0,1.0,7.987739141443437
183,2030,3,9,6.605295447056412E18,52.08721672577101,0.09511645509704213,0.0,47.23974205017761,0.0,46.400000000000844,259.5806451612903,864.2547418355211,100.0,0.0,5.516129032258065,0.0,0.0,143.0,611.1275161063429,964.669828955419,0.005958348690712372,100.0,1.0,7.787392515702756
186,2030,3,9,4.898224502314156E18,52.00657821399558,0.030272582780726347,0.0,46.34383281072312,0.0,52.19999999999926,261.97479838709677,824.8685383798953,100.0,0.0,5.994959677419355,0.0,0.0,143.0,822.0830901549109,954.2905199203577,0.006713535797178883,100.0,1.0,7.775336510745111
185,2030,3,10,3.0688222562761073E18,53.05422517168896,0.039096382980526166,0.0,48.64991885703903,0.0,43.49999999999999,255.78326612903226,937.9475553922406,100.0,0.0,4.456653225806452,0.0,0.0,143.0,618.1975439825795,989.4124151959094,0.005484137901655796,100.0,1.0,7.931966843296605
186,2030,7,13,4.898224502314156E18,42.26589559390969,0.0025234112713309912,0.0,44.65965211532516,0.0,235.77463908236322,240.03427419354838,638.0885925055829,100.0,0.09879032258064516,6.106854838709677,0.0,0.0,101.0,449.8142673382536,789.7811928677648,0.03740582705957785,90.12096774193549,1.0,6.303152680111442
187,2030,7,13,8.507560024639921E18,42.09644118319096,0.001964371821552768,0.0,48.50946864071555,0.0,160.59620335877182,241.19354838709677,716.9849948128663,100.0,0.0030241935483870967,6.338709677419355,0.0,0.0,101.0,274.25,760.3462207944483,0.025581272292794145,99.69758064516128,1.0,6.277881784793375
194,2030,7,14,4.281117921937587E18,42.241029980730964,0.002164315118391952,0.0,42.238190786952515,0.0,204.4439648604769,248.80443548387098,600.2112575054861,100.0,0.0,6.360887096774194,0.0,0.0,143.0,267.93340657404656,819.6433712732091,0.03245428490591623,100.0,1.0,6.2994444478796074
196,2030,7,14,4.898742477016446E18,42.30638757731867,0.0022321518609087136,0.0,43.51610658108008,0.0,197.06651996295045,250.33165322580646,678.954323035106,100.0,0.0,6.66633064516129,0.0,0.0,143.0,265.2468379932034,880.3599996621786,0.031234830421164414,100.0,1.0,6.30919128760245
184,2030,7,14,3.1730362057635645E18,42.084573804138465,0.0030051073278141395,0.0,37.814565459686214,0.0,175.38163042370627,246.88407258064515,491.22687990761233,100.0,0.0,5.976814516129032,0.0,0.0,143.0,260.750627346955,806.7263840430427,0.027944311806984964,100.0,1.0,6.276111991416723
188,2030,7,14,5.859174576972996E18,42.40809994716073,0.005781733557250655,0.0,43.96959697032004,0.0,365.7752920949631,247.69556451612902,644.8337907600051,100.0,0.0,6.139112903225806,0.0,0.0,143.0,418.679826977608,820.5745535421172,0.057835940178032806,100.0,1.0,6.324359748782844
189,2030,7,14,1.481964993321812E18,42.4754471501294,0.002552119021858088,0.0,49.047594833835234,0.0,317.3512693991408,243.40927419354838,729.734108261301,100.0,0.0,6.481854838709677,0.0,0.0,101.0,246.42848769808774,757.2832348720132,0.050099631228164535,100.0,1.0,6.334403300372704
190,2030,7,14,2.9539370702862316E18,43.277246384904814,0.0030315035408287256,0.0,36.845385627407495,0.0,294.1748314892072,246.79334677419354,532.6245864130518,100.0,0.09879032258064516,5.95866935483871,0.0,0.0,143.0,455.55019013752883,911.7782115782121,0.04558040105762106,90.12096774193549,1.0,6.453976372812566
180,2030,7,14,5.096996787781837E17,43.34926391092451,0.002378910519844392,0.0,38.045546051143845,0.0,186.0022572817701,240.86895161290323,502.03970581467536,100.0,0.0,5.973790322580645,0.0,0.0,101.0,275.0,816.5929599772616,0.02877191285253654,100.0,1.0,6.464716414062546
182,2030,7,14,8.834479670273441E18,42.73882745013125,0.002261403851021418,0.0,44.20514786723645,0.0,255.5270705100691,240.92943548387098,658.165594832246,100.0,0.0,5.985887096774194,0.0,0.0,101.0,429.00357316865114,829.8829968905642,0.04009096978657874,100.0,1.0,6.373681451717139
199,2030,7,14,8.617806463867117E18,42.26875514349824,0.0017236362813778422,0.0,35.42655911294664,0.0,309.13577684742415,242.79939516129033,495.6564782902843,100.0,0.0,6.359879032258065,0.0,0.0,101.0,432.7880817789118,902.1201901121766,0.04904130980167135,100.0,1.0,6.30357912742552
191,2030,7,15,6.492828447697523E18,41.75153265245564,0.002404407953068874,0.0,38.561666577616805,0.0,342.601768630149,251.4485887096774,534.8331973847881,100.0,0.10685483870967742,6.589717741935484,0.0,0.0,143.0,475.7312946574406,850.8159644602689,0.05502365391019765,89.31451612903226,1.0,6.226445251878372
192,2030,7,15,1.0005304447219302E18,43.23514847847338,0.005157040506237368,0.0,30.247275960027203,0.0,290.3867025504481,248.41431451612902,404.1163410515897,100.0,0.10685483870967742,5.982862903225806,0.0,0.0,143.0,476.81826630035283,930.2941315623249,0.045037266056376375,89.31451612903226,1.0,6.447698272513928
193,2030,7,15,2.861374886328272E18,42.92588148526982,0.00897325048085301,0.0,43.52329485824556,0.0,250.05331167925317,251.86189516129033,633.0115750813966,100.0,0.0,6.672379032258065,0.0,0.0,143.0,275.0,820.435589832417,0.03906120505202401,100.0,1.0,6.401576995543723
195,2030,7,15,2.797545246119503E18,42.84564878177144,0.0013920649210135041,0.0,34.234811439138106,0.0,142.04469921609794,249.66431451612902,429.32545903227845,100.0,0.10685483870967742,6.232862903225806,0.0,0.0,143.0,275.0,823.7025665504759,0.022230567878082197,89.31451612903226,1.0,6.3896118171656875
197,2030,7,15,4.974214387304059E17,44.15401737936404,0.0017046448481863713,0.0,46.63783788821843,0.0,174.83979302668874,250.02217741935485,685.9673680532542,100.0,0.014112903225806451,6.304435483870968,0.0,0.0,143.0,272.1499999999967,784.2001006118815,0.02655230990323157,98.58870967741935,1.0,6.584730054141533
183,2030,7,15,6.605295447056412E18,42.55000739423325,0.0011515978543189178,0.0,37.47443117788724,0.0,275.58187306783344,249.8860887096774,553.421324376513,100.0,0.0,6.277217741935484,0.0,0.0,143.0,475.59095917205536,921.9669064164261,0.043429342713683844,100.0,1.0,6.345522539557162
185,2030,7,15,3.0688222562761073E18,42.51190810809911,0.0023477892414581537,0.0,44.919355845837394,0.0,180.12079195332927,249.38709677419354,692.3994575757483,100.0,0.0,6.17741935483871,0.0,0.0,143.0,275.0,848.0955466067215,0.028410933152724013,100.0,1.0,6.339840757256488
181,2030,7,15,6.307363977605812E18,43.09493977925509,0.0015137062214664345,0.0,42.713381716049945,0.0,269.40619415547565,248.94354838709677,594.1550618058988,100.0,0.0846774193548387,6.088709677419355,0.0,0.0,143.0,214.3791814177803,796.0087540780637,0.04191925420322381,91.53225806451613,1.0,6.426788817601553
198,2030,7,16,7.278710821350941E18,44.64337759129485,0.002507895606722478,0.0,35.57699642639981,0.0,258.6911198178002,253.20060483870967,478.30354152669526,100.0,0.03024193548387097,6.640120967741935,0.0,0.0,143.0,275.0,865.1371893802823,0.03885587782778635,96.9758064516129,1.0,6.657708801853572
192,2030,11,17,1.0005304447219302E18,43.79312102267134,0.0032417812430827423,0.0,29.784187180695103,0.0,1055.2782525466266,381.30141129032256,401.85548573641734,100.0,0.0,4.660282258064516,0.0,0.0,88.0,0.0,946.3800321173566,0.1619891624464905,100.0,1.0,6.514499097402361
198,2030,11,17,7.278710821350941E18,44.20981273666097,0.0039014132525447883,0.0,31.99982438128851,0.0,1160.2205006590164,373.82459677419354,425.0005420732053,100.0,0.0,4.36491935483871,0.0,0.0,88.0,0.0,902.0501769578157,0.1764195576419885,100.0,1.0,6.576484581224682
186,2030,11,17,4.898224502314156E18,43.87961784674315,0.002325881410278123,0.0,39.02791112641509,0.0,857.1072394291942,374.2530241935484,577.4054027551579,100.0,0.0,4.450604838709677,0.0,0.0,88.0,0.0,901.2560253577965,0.13130981692350857,100.0,1.0,6.527366037898612
188,2030,11,17,5.859174576972996E18,43.627542905948296,0.0026898232856274037,0.0,42.369843427905415,0.0,958.3502227877851,372.75604838709677,637.5370147744765,100.0,0.0,4.151209677419355,0.0,0.0,88.0,0.0,866.22108429954,0.1476686698584048,100.0,1.0,6.489868322825142
199,2030,11,17,8.617806463867117E18,43.92542971047516,0.00897325048085301,0.0,37.76880186321121,0.0,944.5494322144341,376.34173387096774,547.6702208079859,100.0,0.0,3.6683467741935485,0.0,0.0,88.0,0.0,901.2408402243597,0.14455514098867772,100.0,1.0,6.5341808375284
193,2030,11,18,2.861374886328272E18,44.018841735471774,0.004177490912873862,0.0,38.361046822494956,0.0,1052.6273370176423,375.85584677419354,571.0193705744736,100.0,0.0,3.2711693548387095,0.0,0.0,88.0,0.0,915.6897901423098,0.16075367230409918,100.0,1.0,6.548076457167196
194,2030,11,18,4.281117921937587E18,43.81499774061605,0.005958333652624859,0.0,37.357334333579345,0.0,955.7437178069571,381.445564516129,549.1147004864681,100.0,0.0,4.389112903225806,0.0,0.0,88.0,0.0,919.9453736273618,0.14663698668073077,100.0,1.0,6.517753395245875
197,2030,11,18,4.974214387304059E17,44.082840742845256,0.002304378654559077,0.0,38.40410957110683,0.0,1074.648858145714,375.9596774193548,562.6132387137463,100.0,0.0,4.491935483870968,0.0,0.0,88.0,0.0,901.4961891214014,0.16387846128349354,100.0,1.0,6.557596707517759
185,2030,11,18,3.0688222562761073E18,44.166726416497916,0.00897325048085301,0.0,43.25343809688975,0.0,1045.2596056666737,378.97076612903226,690.7771991530631,100.0,0.0,3.8941532258064515,0.0,0.0,88.0,0.0,905.6616462204541,0.15909400884536878,100.0,1.0,6.5700752231506865
187,2030,11,18,8.507560024639921E18,44.280889116870014,0.0038281785327871384,0.0,42.466184702514255,0.0,883.7392095280636,378.320564516129,658.9306475963109,100.0,0.0,3.7641129032258065,0.0,0.0,88.0,0.0,891.1568176476575,0.13416296904090397,100.0,1.0,6.58705763479807
189,2030,11,18,1.481964993321812E18,44.520675317444315,0.0025919267708992048,0.0,42.41840919768967,0.0,962.2540128767467,377.4284274193548,659.9109046174282,100.0,0.0,3.5856854838709675,0.0,0.0,88.0,0.0,894.7912388459839,0.1452957317879249,100.0,1.0,6.622727323341214
190,2030,11,18,2.9539370702862316E18,44.45379306266717,0.00897325048085301,0.0,38.075745602036754,0.0,966.3749973780147,375.56854838709677,564.042787961699,100.0,0.0,3.213709677419355,0.0,0.0,88.0,0.0,915.89992369442,0.14613751924548063,100.0,1.0,6.612778172008694
181,2030,11,18,6.307363977605812E18,44.5189687506318,0.002006540805199692,0.0,35.70343001328445,0.0,1006.3663947747708,378.648185483871,511.7419115720534,100.0,0.0,3.8296370967741935,0.0,0.0,88.0,0.0,920.749996642133,0.15196231449083725,100.0,1.0,6.6224734609148825
191,2030,11,19,6.492828447697523E18,44.64472102890255,0.0033357808479007487,0.0,39.91897684290282,0.0,1015.3421428355969,382.13104838709677,590.4568961704598,100.0,0.0,3.026209677419355,0.0,0.0,88.0,0.0,887.4883811113203,0.15288580628564602,100.0,1.0,6.641179894349187
195,2030,11,19,2.797545246119503E18,45.091049138983585,0.002588935510921237,0.0,31.38262635587669,0.0,1030.8547016573855,381.1784274193548,413.21749552196206,100.0,0.0,2.8356854838709675,0.0,0.0,88.0,0.0,902.1641609214354,0.15368517817096927,100.0,1.0,6.707573976396061
196,2030,11,19,4.898742477016446E18,44.35475663510935,0.004189192568091978,0.0,44.40119678512685,0.0,953.8175251629411,377.6905241935484,724.6531588176479,100.0,0.0,2.1381048387096775,0.0,0.0,88.0,0.0,906.051472761207,0.14456060800794332,100.0,1.0,6.598045887511284
183,2030,11,19,6.605295447056412E18,44.59364138709818,0.002373875788585462,0.0,40.90346017087818,0.0,1037.2643839207994,384.16733870967744,631.2129549764943,100.0,0.0,3.433467741935484,0.0,0.0,88.0,0.0,911.1514417369234,0.15636566567435697,100.0,1.0,6.633581479971307
180,2030,11,19,5.096996787781837E17,44.488308980334295,0.008354981825747725,0.0,31.67255932893552,0.0,973.2984750297799,378.36895161290323,428.0567615764238,100.0,0.0,3.473790322580645,0.0,0.0,88.0,0.0,921.8239158679845,0.1470703119748085,100.0,1.0,6.6179126294128965
182,2030,11,19,8.834479670273441E18,44.884884031378355,0.003358252425468954,0.0,41.97277055157765,0.0,957.7662775601032,381.09274193548384,654.7658047555063,100.0,0.0,2.818548387096774,0.0,0.0,88.0,0.0,904.0758320248101,0.14344463288631978,100.0,1.0,6.676905634518479
184,2030,11,20,3.1730362057635645E18,45.49307786566671,0.00897325048085301,0.0,36.86730461674693,0.0,947.4501466814679,380.96975806451616,516.6119445816363,100.0,0.0,2.493951612903226,0.0,0.0,88.0,0.0,882.9393539864869,0.14000254038228652,100.0,1.0,6.767378249668831
188,2031,3,5,5.859174576972996E18,51.13502462206299,0.02602242639447387,0.0,45.227390856255006,0.0,46.400000000000844,258.773185483871,792.7427505166027,100.0,0.0,5.954637096774194,0.0,0.0,143.0,820.6156377311863,959.4548882046265,0.006115281621773225,100.0,1.0,7.587549171046421
194,2031,3,6,4.281117921937587E18,51.02850785835717,0.04396892735617978,0.0,44.99646595589242,0.0,46.400000000000844,257.56854838709677,808.4527129233171,100.0,0.0,5.713709677419355,0.0,0.0,143.0,819.3652272210451,987.5981761334922,0.006128046643421698,100.0,1.0,7.571743934065853
185,2031,3,6,3.0688222562761073E18,50.75067159364713,0.024897467359105245,0.0,43.003531112348526,0.0,63.800000000001134,259.5796370967742,847.796257027903,100.0,0.0,6.115927419354839,0.0,0.0,143.0,814.970082375135,1122.9127889934077,0.008472192907229031,100.0,1.0,7.530517859852175
181,2031,3,6,6.307363977605812E18,50.44638265622358,0.04396892735617978,0.0,34.93532365408947,0.0,43.49999999999999,262.09475806451616,561.8349177065808,100.0,0.0,6.618951612903226,0.0,0.0,143.0,815.0779779528964,1045.3045282476958,0.00581133856572543,100.0,1.0,7.485366668629103
199,2031,3,6,8.617806463867117E18,51.2962071543435,0.04396892735617978,0.0,24.012686899656348,0.0,52.19999999999926,264.789314516129,392.5181328973935,100.0,0.0,6.857862903225806,0.0,0.0,143.0,818.9666435933548,1240.6082868861076,0.006858074511810225,100.0,1.0,7.61146585825309
192,2031,3,7,1.0005304447219302E18,52.288056993615335,0.05051167489221918,0.0,37.397774386147105,0.0,75.40000000000018,263.54233870967744,609.96161276206,100.0,0.0,6.308467741935484,0.0,0.0,143.0,611.0763261789714,1020.1932525325283,0.009718199110934678,100.0,1.0,7.758639140780924
193,2031,3,7,2.861374886328272E18,51.077978093857666,0.06101810326980058,0.0,45.34672182027481,0.0,52.19999999999926,259.9304435483871,763.2817144611868,100.0,0.0,5.886088709677419,0.0,0.0,143.0,615.5325323104594,919.1041655806243,0.006887375420211572,100.0,1.0,7.579084457457342
197,2031,3,7,4.974214387304059E17,51.81126056688095,0.06101810326980058,0.0,46.33262040408678,0.0,69.59999999999933,263.48891129032256,835.4896472381929,100.0,0.0,6.597782258064516,0.0,0.0,143.0,825.6425726960512,967.0738299512475,0.009053198268450456,100.0,1.0,7.687890835501612
198,2031,3,7,7.278710821350941E18,52.36763884827957,0.06101810326980058,0.0,34.238455345640894,0.0,34.79999999999966,260.5483870967742,535.5180816559656,100.0,0.0,5.709677419354839,0.0,0.0,143.0,609.3429357844769,1027.7490358207644,0.004478506428457512,100.0,1.0,7.770447705259961
186,2031,3,7,4.898224502314156E18,51.88031616083204,0.06101810326980058,0.0,50.64250909134476,0.0,46.400000000000844,258.3709677419355,930.2182221870112,100.0,0.0,5.274193548387097,0.0,0.0,143.0,610.867357943597,906.09120304525,0.006027431971131786,100.0,1.0,7.698137485787037
187,2031,3,7,8.507560024639921E18,51.96282313800656,0.06101810326980058,0.0,43.870114005914274,0.0,87.00000000000001,260.3790322580645,823.660800495519,100.0,0.0,5.975806451612903,0.0,0.0,143.0,815.584281899189,1053.0957449487782,0.011283490439033945,100.0,1.0,7.710380087621953
184,2031,3,8,3.1730362057635645E18,50.99372745507274,0.02729625146273472,0.0,34.37005164473319,0.0,52.19999999999926,261.1975806451613,556.0132457159604,100.0,0.0,6.439516129032258,0.0,0.0,143.0,825.6170363029139,1060.7666573349304,0.00689875458011346,100.0,1.0,7.566583126535971
189,2031,3,8,1.481964993321812E18,52.36183802439724,0.07806727918342136,0.0,44.369960297543514,0.0,46.400000000000844,257.2721774193548,756.040385769694,100.0,0.0,5.054435483870968,0.0,0.0,143.0,616.2576502789244,947.2027229047,0.0059720034303326576,100.0,1.0,7.769586963786495
180,2031,3,8,5.096996787781837E17,52.06993268737654,0.07806727918342136,0.0,27.593682964501756,0.0,46.400000000000844,258.17137096774195,437.64281665009,100.0,0.0,5.534274193548387,0.0,0.0,143.0,803.8432414774228,1147.3353051660022,0.006005482630017565,100.0,1.0,7.72627328369529
195,2031,3,9,2.797545246119503E18,52.46153823619079,0.09511645509704213,0.0,29.973512411238293,0.0,55.099999999999056,258.6532258064516,439.13225005218607,100.0,0.0,5.330645161290323,0.0,0.0,143.0,830.219737817103,1024.639016237228,0.007078276592552047,100.0,1.0,7.784380742902412
190,2031,3,9,2.9539370702862316E18,53.38550549694672,0.09511645509704213,0.0,37.79218264050036,0.0,57.99999999999999,255.5110887096774,672.9317155341607,100.0,0.0,4.402217741935484,0.0,0.0,143.0,823.1752212736668,1106.798305351469,0.0073218627741125,100.0,1.0,7.921481430253971
182,2031,3,9,8.834479670273441E18,52.510874046104405,0.09511645509704213,0.0,41.243396122843976,0.0,49.300000000000615,257.95262096774195,712.9993050216751,100.0,0.0,5.190524193548387,0.0,0.0,143.0,815.671574189996,1014.9224697656267,0.006327244587040627,100.0,1.0,7.791701319872505
191,2031,3,10,6.492828447697523E18,52.84084720217131,0.03977504645768181,0.0,47.44121488355395,0.0,78.30000000000146,257.9959677419355,829.3247270764381,100.0,0.0,4.899193548387097,0.0,0.0,143.0,615.6777906910183,918.2462888198326,0.009986399616903624,100.0,1.0,7.840663602873034
196,2031,3,10,4.898742477016446E18,52.92981011093992,0.07264613407426337,0.0,45.93365271201939,0.0,52.19999999999926,256.93245967741933,892.9494564593261,100.0,0.0,4.686491935483871,0.0,0.0,143.0,610.8018830675867,1050.3512074007847,0.006646409841644775,100.0,1.0,7.853864152783183
183,2031,3,10,6.605295447056412E18,53.048563304951024,0.11216563101066289,0.0,46.59958273349163,0.0,49.300000000000615,261.9274193548387,886.7228803734644,100.0,0.0,5.685483870967742,0.0,0.0,143.0,609.8006409774415,1015.3908937416276,0.006263112945378817,100.0,1.0,7.871485063410231
191,2031,7,13,6.492828447697523E18,42.30033659516097,0.0012631264753453033,0.0,41.83289910974293,0.0,328.77761471076354,239.8679435483871,584.1385503993658,100.0,0.10685483870967742,6.073588709677419,0.0,0.0,101.3000000000018,479.9371763297361,811.321272693736,0.05251301032964741,89.31451612903226,1.0,6.260879211587394
192,2031,7,13,1.0005304447219302E18,42.85694652237028,0.0019116426248089085,0.0,34.58306645991726,0.0,208.24713446284173,239.12197580645162,461.30384620536114,100.0,0.10685483870967742,5.924395161290323,0.0,0.0,101.3000000000018,476.86049952881854,871.4687015642828,0.032829654100948624,89.31451612903226,1.0,6.343263131024714
190,2031,7,13,2.9539370702862316E18,42.562897569298,0.0023150801034192638,0.0,43.051074463542236,0.0,203.50710630385785,239.72177419354838,609.7032682469013,100.0,0.0030241935483870967,6.044354838709677,0.0,0.0,101.3000000000018,257.30017977536784,805.668099357626,0.03230404384886267,99.69758064516128,1.0,6.299740901045822
193,2031,7,14,2.861374886328272E18,42.87848697836586,0.007708978076334214,0.0,46.15900847921838,0.0,174.1591489237147,240.95967741935485,650.6180780722856,100.0,0.0,5.991935483870968,0.0,0.0,101.3000000000018,275.0,758.1510388260568,0.027441973422793132,100.0,1.0,6.346451337171663
197,2031,7,14,4.974214387304059E17,42.60906909737995,0.0023928667948941427,0.0,49.62849022261182,0.0,234.6569146310948,242.8195564516129,734.237936757072,100.0,0.023185483870967742,6.363911290322581,0.0,0.0,101.3000000000018,275.0,744.4512856033966,0.03720829827820178,97.68145161290323,1.0,6.306574755894356
198,2031,7,14,7.278710821350941E18,42.6122729122967,0.004390044266562156,0.0,36.65653303755208,0.0,191.923804406171,241.96774193548387,465.50035748087635,100.0,0.0,6.193548387096774,0.0,0.0,101.3000000000018,275.0,803.3586079948037,0.03043004832143249,100.0,1.0,6.307048953024345
183,2031,7,14,6.605295447056412E18,42.77988927993934,0.0025800030134712675,0.0,42.23478141986463,0.0,441.27994350216176,241.40322580645162,646.7062524424806,100.0,0.0,6.080645161290323,0.0,0.0,101.3000000000018,479.4944196094285,883.3625956112502,0.06969201647909447,100.0,1.0,6.331857876928164
184,2031,7,14,3.1730362057635645E18,41.730943124305995,0.0013699619054737431,0.0,42.06911405421672,0.0,172.3816534244113,240.99495967741936,555.6198377040766,100.0,0.0,5.998991935483871,0.0,0.0,101.3000000000018,275.0,764.1578945329125,0.02790881134834265,100.0,1.0,6.1766031979233
187,2031,7,14,8.507560024639921E18,43.49088797845724,0.001554617200424987,0.0,44.86256542518822,0.0,281.10474311351993,241.39818548387098,696.3297034297425,100.0,0.0,6.079637096774194,0.0,0.0,101.3000000000018,467.6766973492502,854.8321768773819,0.04366951780945461,100.0,1.0,6.43709290173705
189,2031,7,14,1.481964993321812E18,42.286004060850175,0.003124390835951614,0.0,44.945151516092146,0.0,293.33173829119374,240.90423387096774,617.048111611261,100.0,0.0,5.980846774193548,0.0,0.0,101.3000000000018,275.0,754.9921562041097,0.04686740488665384,100.0,1.0,6.258757851018205
181,2031,7,14,6.307363977605812E18,42.620778919823906,0.0016297222086547449,0.0,44.20785256387423,0.0,160.15749277389662,240.77318548387098,599.1271344541896,100.0,0.0846774193548387,5.954637096774194,0.0,0.0,101.3000000000018,220.7243555740548,755.2928903632597,0.02538834416289986,91.53225806451613,1.0,6.308307928483801
182,2031,7,14,8.834479670273441E18,42.91950826928418,0.00316182187486013,0.0,40.35609215071926,0.0,360.719660704753,243.40423387096774,568.9382023329271,100.0,0.0,6.480846774193548,0.0,0.0,101.3000000000018,454.8716284928369,839.8250704282616,0.056783685178264064,100.0,1.0,6.352522904639359
199,2031,7,14,8.617806463867117E18,42.69631544858144,0.0020347506759303925,0.0,30.17706360107725,0.0,298.36688723616874,240.92439516129033,409.65387319248754,100.0,0.10685483870967742,5.984879032258065,0.0,0.0,101.3000000000018,473.54585384745917,946.2640498852301,0.04721377466703597,89.31451612903226,1.0,6.319488101519757
194,2031,7,15,4.281117921937587E18,43.42609129683613,0.0017007677181298424,0.0,50.1806738777668,0.0,151.9514134312025,243.125,757.7783237448954,100.0,0.0,6.125,0.0,0.0,101.3000000000018,228.51947910812873,751.6071190348775,0.023640818082856372,100.0,1.0,6.4275023350986835
186,2031,7,15,4.898224502314156E18,44.03846888843621,0.0024597726098829578,0.0,49.97761973190124,0.0,166.0938239401207,245.3679435483871,769.5659432970239,100.0,0.0,6.573588709677419,0.0,0.0,101.3000000000018,275.0,769.7193072512893,0.025481780516576444,100.0,1.0,6.518140434969728
188,2031,7,15,5.859174576972996E18,43.632091413925394,0.0019958297332858146,0.0,49.76089543351567,0.0,203.53780614769656,244.69758064516128,735.0651955901468,100.0,0.014112903225806451,6.439516129032258,0.0,0.0,101.3000000000018,263.38778609765,741.369693573504,0.03151719484446256,98.58870967741935,1.0,6.457992443558386
180,2031,7,15,5.096996787781837E17,43.13177107158784,0.0037233404484867507,0.0,31.022875118097694,0.0,254.3950920036713,250.53629032258064,402.76761561138306,100.0,0.10685483870967742,6.407258064516129,0.0,0.0,143.0,260.99581201831313,893.7463360460187,0.03984923007318176,89.31451612903226,1.0,6.383939954084014
195,2031,7,16,2.797545246119503E18,43.680945016677825,0.0027729451424144146,0.0,29.712931344207945,0.0,327.2626264071238,252.97883064516128,358.0293592360826,100.0,0.0,6.595766129032258,0.0,0.0,143.0,275.0,845.5309862256829,0.05061892104945859,100.0,1.0,6.4652232726842
196,2031,7,16,4.898742477016446E18,44.00602288056097,0.001555695298344841,0.0,43.29368033026486,0.0,359.5465359488429,252.19254032258064,691.1933529085868,100.0,0.10685483870967742,6.438508064516129,0.0,0.0,143.0,275.0,904.3015857008678,0.055201577228932805,89.31451612903226,1.0,6.513338096441088
185,2031,7,16,3.0688222562761073E18,43.17795991370648,0.0030751372449804807,0.0,48.27942265676021,0.0,125.52707956658152,253.78024193548387,807.9120590840281,100.0,0.09879032258064516,6.756048387096774,0.0,0.0,143.0,234.6925428986662,864.5307982296888,0.01964191395034437,90.12096774193549,1.0,6.390776371585761
195,2031,11,17,2.797545246119503E18,44.238094695631304,0.0024953421804374378,0.0,25.632690927299517,0.0,1154.4408164364206,373.22479838709677,311.94053785419925,100.0,0.0,4.244959677419355,0.0,0.0,88.0,0.0,903.9129428337012,0.17675624774440427,100.0,1.0,6.531258901273931
186,2031,11,17,4.898224502314156E18,44.21059876595051,0.00897325048085301,0.0,40.998276079103384,0.0,1063.2918592835897,377.375,632.2454040678667,100.0,0.0,3.875,0.0,0.0,88.0,0.0,909.1791661062625,0.1629016961724632,100.0,1.0,6.52719943540605
188,2031,11,17,5.859174576972996E18,44.052891537231574,0.0025800030134712675,0.0,40.77293242873329,0.0,1038.6081066049455,373.6784274193548,606.5411715835301,100.0,0.0,4.335685483870968,0.0,0.0,88.0,0.0,880.3927610051629,0.15968966229533368,100.0,1.0,6.503915730525625
190,2031,11,17,2.9539370702862316E18,44.01434980641875,0.0022068987901753684,0.0,35.668840081330245,0.0,884.65600392801,373.7741935483871,521.0549814061957,100.0,0.0,4.354838709677419,0.0,0.0,88.0,0.0,938.9101859417405,0.13613808988427853,100.0,1.0,6.498225475911954
181,2031,11,17,6.307363977605812E18,44.007374935383496,0.004281130954605451,0.0,33.59497178217533,0.0,958.6609930931622,373.7540322580645,468.8845474933052,100.0,0.0,4.350806451612903,0.0,0.0,88.0,0.0,926.0904728238124,0.1475499638979055,100.0,1.0,6.4971957143716415
191,2031,11,18,6.492828447697523E18,44.43383555812416,0.00897325048085301,0.0,38.38268452447115,0.0,849.1162540851973,377.96270161290323,561.7471198514064,100.0,0.0,3.692540322580645,0.0,0.0,88.0,0.0,900.4176013922014,0.12943533890901923,100.0,1.0,6.560157845934529
192,2031,11,18,1.0005304447219302E18,44.65808148782326,0.003401535436259685,0.0,32.11870347429533,0.0,882.9909180296603,383.3225806451613,445.4062340580028,100.0,0.0,3.564516129032258,0.0,0.0,88.0,0.0,939.893845139473,0.13392316027203668,100.0,1.0,6.593265244309126
196,2031,11,18,4.898742477016446E18,44.53324201633264,0.007955009291536388,0.0,43.0879423911645,0.0,1120.3477706677595,376.21875,694.3438139956783,100.0,0.0,3.34375,0.0,0.0,88.0,0.0,916.2150678147568,0.1703993978260608,100.0,1.0,6.574834095431376
197,2031,11,18,4.974214387304059E17,44.863994331130336,0.003124390835951614,0.0,41.81068242447362,0.0,949.8036174292995,376.23387096774195,649.9499739131131,100.0,0.0,3.346774193548387,0.0,0.0,88.0,0.0,903.0869531688156,0.14339545834991665,100.0,1.0,6.623665967938596
183,2031,11,18,6.605295447056412E18,44.17816124816719,0.00897325048085301,0.0,41.49597805558496,0.0,946.6701876300652,380.15524193548384,654.623219756579,100.0,0.0,4.131048387096774,0.0,0.0,88.0,0.0,921.4919048045724,0.14514115636022676,100.0,1.0,6.522410399435696
184,2031,11,18,3.1730362057635645E18,44.73973966773134,0.00493035740706212,0.0,35.96991194631712,0.0,947.7686046658309,379.67137096774195,508.01818023599577,100.0,0.0,4.034274193548387,0.0,0.0,88.0,0.0,903.3653101927567,0.14348562042497703,100.0,1.0,6.605321159421558
185,2031,11,18,3.0688222562761073E18,44.65748357837468,0.0033136080062234246,0.0,47.837467859380304,0.0,1135.6631891280824,371.44858870967744,825.6843257451341,100.0,0.0,3.589717741935484,0.0,0.0,88.0,0.0,899.7260295557769,0.17224824911429965,100.0,1.0,6.593176969679876
187,2031,11,18,8.507560024639921E18,44.163528592367896,0.00205714132986085,0.0,43.362716024859715,0.0,966.6467694700449,376.97479838709677,681.7765279426721,100.0,0.0,3.494959677419355,0.0,0.0,88.0,0.0,889.4239323905958,0.14825302124781387,100.0,1.0,6.520250051796492
189,2031,11,18,1.481964993321812E18,44.97306144070809,0.0037576425799217103,0.0,39.05305066890588,0.0,947.6317884021553,376.8891129032258,568.92128080493,100.0,0.0,3.4778225806451615,0.0,0.0,88.0,0.0,886.6438606788374,0.1427206065666933,100.0,1.0,6.639768504342274
180,2031,11,18,5.096996787781837E17,44.36682373571353,0.00897325048085301,0.0,30.74548579496709,0.0,1052.848912483594,376.1784274193548,409.4516438299365,100.0,0.0,3.3356854838709675,0.0,0.0,88.0,0.0,920.8411087402465,0.16073380615564453,100.0,1.0,6.550264301363468
182,2031,11,18,8.834479670273441E18,45.04312977832643,0.00897325048085301,0.0,39.29027083974994,0.0,960.4572769508796,374.7721774193548,579.9960625764613,100.0,0.0,3.0544354838709675,0.0,0.0,88.0,0.0,894.7621602958304,0.1444272048165537,100.0,1.0,6.65011330912911
199,2031,11,18,8.617806463867117E18,44.95659267215165,0.00594254998731989,0.0,35.74524933557496,0.0,933.7510046883785,377.91733870967744,509.3721280502282,100.0,0.0,3.683467741935484,0.0,0.0,88.0,0.0,914.7439011659555,0.1406815706516975,100.0,1.0,6.637337075231977
193,2031,11,19,2.861374886328272E18,45.316446233549094,0.0036153305724629403,0.0,36.562428159666624,0.0,962.6909539925379,382.8971774193548,543.4874224359044,100.0,0.0,3.1794354838709675,0.0,0.0,88.0,0.0,941.645065242045,0.14388998275364925,100.0,1.0,6.690465420659193
194,2031,11,19,4.281117921937587E18,45.21138384628143,0.00897325048085301,0.0,41.470110765395525,0.0,1043.6300909817505,383.11391129032256,650.5975892866014,100.0,0.0,3.222782258064516,0.0,0.0,88.0,0.0,916.8975402017091,0.1563501515696853,100.0,1.0,6.674954136623298
198,2031,11,19,7.278710821350941E18,45.235997646045455,0.0030730309865934983,0.0,32.997632839436136,0.0,935.3245969161925,380.01915322580646,443.6933756532521,100.0,0.0,2.6038306451612905,0.0,0.0,88.0,0.0,899.9122370012775,0.14004825339557286,100.0,1.0,6.678588088309279
186,2032,3,4,4.898224502314156E18,51.64926293969648,0.026919751442559193,0.0,46.65648847745793,0.0,52.19999999999926,255.88508064516128,877.3034435365518,100.0,0.0,5.377016129032258,0.0,0.0,143.0,813.3898318827544,1002.4997329781829,0.006862721552694548,100.0,1.0,7.606311810728163
188,2032,3,4,5.859174576972996E18,50.894348680159595,0.020900428138632878,0.0,40.80565629481813,0.0,46.400000000000844,263.23387096774195,697.9211198646947,100.0,0.0,6.846774193548387,0.0,0.0,143.0,811.6291598835172,1011.6936380395538,0.006190680963370054,100.0,1.0,7.495136686020051
199,2032,3,5,8.617806463867117E18,51.40975257968327,0.02115925281818092,0.0,17.692123491358725,0.0,46.400000000000844,260.5725806451613,294.62320090145454,100.0,0.0,6.314516129032258,0.0,0.0,143.0,824.6947186176055,1368.2736223325437,0.006128616842281704,100.0,1.0,7.571039468462833
191,2032,3,6,6.492828447697523E18,51.8654317385631,0.02244939387885635,0.0,41.321234130219565,0.0,57.99999999999999,255.60584677419354,706.6137901964133,100.0,0.0,5.02116935483871,0.0,0.0,143.0,819.3506248057538,1002.5572272935435,0.007593465072881913,100.0,1.0,7.6381466752420994
192,2032,3,6,1.0005304447219302E18,51.76039903420727,0.06191542831788593,0.0,40.240854681357206,0.0,49.300000000000615,256.46774193548384,692.7267049344025,100.0,0.0,5.193548387096774,0.0,0.0,143.0,606.3512592711896,1028.0755431151615,0.006467542735054632,100.0,1.0,7.622678661679407
193,2032,3,6,2.861374886328272E18,50.5146912025381,0.06191542831788593,0.0,44.626410985092875,0.0,34.79999999999966,263.63709677419354,737.5655165131013,100.0,0.0,6.92741935483871,0.0,0.0,143.0,613.0625292583259,914.3652882113277,0.004677906585444132,100.0,1.0,7.4392250816388765
194,2032,3,6,4.281117921937587E18,51.256921879841364,0.06191542831788593,0.0,44.184868961714706,0.0,52.19999999999926,259.3578629032258,792.2814248888396,100.0,0.0,6.071572580645161,0.0,0.0,143.0,608.3501931882455,1000.0021596149746,0.006915251578859335,100.0,1.0,7.54853231364427
183,2032,3,6,6.605295447056412E18,51.53736015987217,0.06191542831788593,0.0,44.18412259737257,0.0,55.099999999999056,259.3155241935484,830.6878965514954,100.0,0.0,5.763104838709677,0.0,0.0,143.0,607.5248467379026,1048.6568374030287,0.007259712682532656,100.0,1.0,7.589832051146221
184,2032,3,6,3.1730362057635645E18,51.940287619738776,0.06191542831788593,0.0,39.417398407998625,0.0,75.40000000000018,260.2782258064516,656.5607760410386,100.0,0.0,5.955645161290323,0.0,0.0,143.0,815.9793685697591,1008.3101628857198,0.009857277870004828,100.0,1.0,7.649170591958087
185,2032,3,6,3.0688222562761073E18,51.97605028216764,0.06191542831788593,0.0,43.6821636890511,0.0,55.099999999999056,261.3165322580645,909.4737496634359,100.0,0.0,6.163306451612903,0.0,0.0,143.0,814.6562021627038,1171.6634360054763,0.007198438995377872,100.0,1.0,7.654437307224365
189,2032,3,6,1.481964993321812E18,51.50101260933537,0.02761615892858424,0.0,41.606950481865745,0.0,52.19999999999926,260.86290322580646,726.7794432748703,100.0,0.0,6.07258064516129,0.0,0.0,143.0,817.9599845545604,1019.2833099446643,0.006882476518389705,100.0,1.0,7.584479200259227
190,2032,3,6,2.9539370702862316E18,52.398146539555874,0.06191542831788593,0.0,30.160152472175,0.0,49.300000000000615,261.5967741935484,496.68943253765906,100.0,0.0,5.919354838709677,0.0,0.0,143.0,814.4797379265002,1149.136807996376,0.00638882507961423,100.0,1.0,7.716598808959322
181,2032,3,6,6.307363977605812E18,52.94768433210143,0.06191542831788593,0.0,48.078234241465225,0.0,69.59999999999933,251.8891129032258,852.1861938248516,100.0,0.0,3.9778225806451615,0.0,0.0,143.0,612.9191384397382,919.837558860512,0.008925905244727089,100.0,1.0,7.797528440167455
182,2032,3,6,8.834479670273441E18,51.96065627295379,0.06191542831788593,0.0,39.36313259523544,0.0,52.19999999999926,259.9556451612903,684.3672633471548,100.0,0.0,5.891129032258065,0.0,0.0,143.0,810.6310028618543,1053.3948027023353,0.006821594171079428,100.0,1.0,7.6521702538835275
195,2032,3,7,2.797545246119503E18,53.32474097284716,0.43940679418920886,0.0,27.471733709932476,0.0,84.10000000000043,259.7399193548387,406.5952903359498,100.0,0.0,5.247983870967742,0.0,0.0,143.0,816.5339144352197,1072.0455919121946,0.010709205313646684,100.0,1.0,7.853057023085761
196,2032,3,7,4.898742477016446E18,52.51571860848468,0.07896460423150702,0.0,27.634070009106757,0.0,52.19999999999926,258.40625,519.476597577733,100.0,0.0,5.28125,0.0,0.0,143.0,826.1835096254151,1359.0583278394658,0.00674949366302255,100.0,1.0,7.7339134764996755
197,2032,3,7,4.974214387304059E17,52.76532914902424,0.030918012620010454,0.0,51.349554668414534,0.0,55.099999999999056,256.133064516129,953.6694417046076,100.0,0.0,4.826612903225806,0.0,0.0,143.0,810.063829955958,902.9788346493474,0.007090762688510531,100.0,1.0,7.770673257656749
198,2032,3,7,7.278710821350941E18,51.7421081371299,0.07896460423150702,0.0,29.85830116387423,0.0,52.19999999999926,260.7217741935484,470.29848420648955,100.0,0.0,6.044354838709677,0.0,0.0,143.0,610.6816017947378,1103.7242638528198,0.006850407196739023,100.0,1.0,7.619984987877486
180,2032,3,7,5.096996787781837E17,52.794523541732175,0.07896460423150702,0.0,23.57480826261469,0.0,52.19999999999926,263.0181451612903,371.6950018796618,100.0,0.0,6.203629032258065,0.0,0.0,143.0,809.7171779493799,1203.45916538778,0.006713849963564115,100.0,1.0,7.774972673397121
187,2032,3,8,8.507560024639921E18,53.00731252884739,0.09601378014512763,0.0,42.134598252318426,0.0,52.19999999999926,257.4616935483871,815.4634666752316,100.0,0.0,4.792338709677419,0.0,0.0,143.0,815.3498496371233,1119.1215657069895,0.006686898336227529,100.0,1.0,7.806309797951607
192,2032,7,12,1.0005304447219302E18,42.39255205057299,0.00139163313909011,0.0,41.33816663261592,0.0,169.06971544667087,237.8366935483871,575.7434970974127,100.0,0.10685483870967742,5.667338709677419,0.0,0.0,101.60000000000136,275.0,816.0286456707585,0.02714914951590688,89.31451612903226,1.0,6.227440581430064
193,2032,7,12,2.861374886328272E18,41.956470222239346,0.0015497841935842912,0.0,42.36334919681311,0.0,236.39862179755076,240.11995967741936,580.1824087370079,100.0,0.0,6.123991935483871,0.0,0.0,101.60000000000136,477.03744386171144,788.4383639071689,0.03835535138838871,100.0,1.0,6.163380421255
184,2032,7,12,3.1730362057635645E18,41.37043986124474,0.0015391510258753053,0.0,43.090219170285344,0.0,189.83287717090795,240.8709677419355,564.6741823854395,100.0,0.0,6.274193548387097,0.0,0.0,101.60000000000136,225.4543555740464,744.8441701191778,0.03123642054867354,100.0,1.0,6.0772929111741405
180,2032,7,12,5.096996787781837E17,41.82454967574192,0.00204402061067267,0.0,24.028091011849167,0.0,256.2260424157946,241.13810483870967,299.560039117059,100.0,0.0,6.327620967741935,0.0,0.0,101.60000000000136,475.405461484744,945.170942063639,0.04170344811345072,100.0,1.0,6.144001371751162
182,2032,7,12,8.834479670273441E18,42.72548038216352,0.0015567748925838047,0.0,40.87703727173648,0.0,303.7280009960657,240.89616935483872,583.0636967182755,100.0,0.0,6.279233870967742,0.0,0.0,101.60000000000136,437.69563852510845,842.257268673547,0.04839247641357226,100.0,1.0,6.276347554531876
191,2032,7,13,6.492828447697523E18,42.966573542369034,0.004390044266562156,0.0,45.42075115653629,0.0,236.0539462734463,244.0040322580645,641.8315475276186,100.0,0.10685483870967742,6.600806451612903,0.0,0.0,101.60000000000136,275.0,770.5377809928401,0.03739904508955695,89.31451612903226,1.0,6.311763995796789
194,2032,7,13,4.281117921937587E18,42.92536524895656,0.001681013578278955,0.0,46.65007857612422,0.0,135.93281675145653,241.99798387096774,698.8412814778671,100.0,0.036290322580645164,6.199596774193548,0.0,0.0,101.60000000000136,275.0,798.353270762215,0.021557097534845446,96.37096774193549,1.0,6.305710522102116
195,2032,7,13,2.797545246119503E18,42.62041997617865,0.0016173847297860566,0.0,35.882029250430726,0.0,241.94440759004937,241.38306451612902,423.4272349979814,100.0,0.0,6.076612903225806,0.0,0.0,101.60000000000136,218.61145557404964,755.4313590076229,0.03864362266840172,100.0,1.0,6.260914243629738
196,2032,7,13,4.898742477016446E18,43.417009693009604,0.0018851366556413896,0.0,45.32665969735702,0.0,191.57831334206116,241.31754032258064,702.5418044902698,100.0,0.0,6.063508064516129,0.0,0.0,101.60000000000136,217.96919832536457,846.6311398653145,0.030037681397607433,100.0,1.0,6.377932797347028
183,2032,7,13,6.605295447056412E18,43.06646827330314,0.002099497070859391,0.0,47.724210927298834,0.0,174.83364404299655,242.7741935483871,748.0459703795799,100.0,0.10685483870967742,6.354838709677419,0.0,0.0,101.60000000000136,275.0,818.46548167132,0.02763539783300007,89.31451612903226,1.0,6.326438472118669
189,2032,7,13,1.481964993321812E18,42.07344855894174,0.0018875158773355167,0.0,45.87082244678153,0.0,240.86778533406667,241.59475806451613,646.54991397883,100.0,0.0,6.118951612903226,0.0,0.0,101.60000000000136,275.0,762.0816607249814,0.03897181018655301,100.0,1.0,6.180564469062734
199,2032,7,13,8.617806463867117E18,42.30771177354402,0.0030071214748166974,0.0,33.64739770078776,0.0,152.31963909861477,240.98991935483872,455.17993332432314,100.0,0.10685483870967742,5.997983870967742,0.0,0.0,101.60000000000136,275.0,896.2220607449133,0.024508477586697296,89.31451612903226,1.0,6.214977595397063
197,2032,7,14,4.974214387304059E17,43.623739481793066,0.002694669814069976,0.0,48.26542820806918,0.0,180.7372744904916,250.4959677419355,739.367960663614,100.0,0.10685483870967742,6.399193548387097,0.0,0.0,143.0,275.0,791.7685485062075,0.028203616933277647,89.31451612903226,1.0,6.4083012798701855
198,2032,7,14,7.278710821350941E18,43.03052534785037,0.00897325048085301,0.0,28.68860445453467,0.0,337.1276305568811,250.71270161290323,371.35078424320085,100.0,0.0,6.442540322580645,0.0,0.0,143.0,275.0,921.3224666208889,0.05333320335807366,100.0,1.0,6.321158477833045
185,2032,7,14,3.0688222562761073E18,42.928695435712505,0.0019456310669672616,0.0,50.1708159104961,0.0,192.84561285034144,245.4889112903226,852.029219675347,100.0,0.0,6.597782258064516,0.0,0.0,101.60000000000136,275.0,845.3948440476654,0.030580321155966143,100.0,1.0,6.306199724547947
186,2032,7,14,4.898224502314156E18,44.22126602773071,0.002052436066068858,0.0,48.76697070253824,0.0,85.56346561440006,248.57560483870967,775.4040048365185,100.0,0.09879032258064516,6.015120967741935,0.0,0.0,143.0,243.53425126405583,813.9646779396751,0.01317155847623902,90.12096774193549,1.0,6.496077572654232
187,2032,7,14,8.507560024639921E18,43.2705879775749,0.0013550665177972006,0.0,45.79238861689762,0.0,266.05378207499933,251.9022177419355,721.7412709481521,100.0,0.029233870967741934,6.680443548387097,0.0,0.0,143.0,263.6864935740537,853.5282415563763,0.04185589280182688,97.07661290322581,1.0,6.356423534785689
188,2032,7,14,5.859174576972996E18,43.20174335688598,0.0018938899284198006,0.0,46.252619005679996,0.0,196.42968903746592,245.73084677419354,663.2131969633135,100.0,0.0,6.64616935483871,0.0,0.0,101.60000000000136,275.0,769.882521167328,0.030951793990105808,100.0,1.0,6.346310301117199
190,2032,7,14,2.9539370702862316E18,43.730790741182766,0.00897325048085301,0.0,33.01184627808199,0.0,350.0054774027375,242.97379032258064,452.719858934973,100.0,0.10685483870967742,6.094758064516129,0.0,0.0,101.60000000000136,473.3218563285648,917.42164302403,0.05448381130703205,89.31451612903226,1.0,6.424027045948662
181,2032,7,14,6.307363977605812E18,43.39659156700822,0.007656357065574277,0.0,44.4875711234104,0.0,156.95576553142138,244.9647177419355,638.4829610503765,100.0,0.0,6.492943548387097,0.0,0.0,101.60000000000136,275.0,795.7622789935733,0.024620769505713302,100.0,1.0,6.3749333868301505
186,2032,11,15,4.898224502314156E18,43.49961785827201,0.00897325048085301,0.0,41.059998118075775,0.0,963.4664415628953,371.0272177419355,640.7957806718053,100.0,0.0,5.305443548387097,0.0,0.0,88.0,0.0,918.7189249315223,0.15115432109625007,100.0,1.0,6.374058211338807
194,2032,11,16,4.281117921937587E18,44.05153123834773,0.006337041300037458,0.0,39.531162960368775,0.0,960.4179967391876,373.2147177419355,606.3996801687688,100.0,0.0,4.242943548387097,0.0,0.0,88.0,0.0,926.2249527047819,0.14878827086071114,100.0,1.0,6.4549308301209285
196,2032,11,16,4.898742477016446E18,43.99375092129021,0.00276270027119859,0.0,40.5782627224129,0.0,959.4559715740726,374.62600806451616,635.7018556794292,100.0,0.0,4.525201612903226,0.0,0.0,88.0,0.0,930.1170773859388,0.14883445274281581,100.0,1.0,6.446464201618703
197,2032,11,16,4.974214387304059E17,44.10192332635631,0.005386104730403994,0.0,41.37872359929019,0.0,715.3462886468739,373.06350806451616,639.1772938056712,100.0,0.0,4.212701612903226,0.0,0.0,88.0,0.0,904.8646871411394,0.11069505356827634,100.0,1.0,6.462314851364616
198,2032,11,16,7.278710821350941E18,44.06413777430569,0.0034118823121114064,0.0,31.36086565777344,0.0,1044.7284023045293,370.2006048387097,414.39027767117085,100.0,0.0,3.6401209677419355,0.0,0.0,88.0,0.0,906.0171039694823,0.16180336212208685,100.0,1.0,6.456778082993366
183,2032,11,16,6.605295447056412E18,44.2135214894329,0.00897325048085301,0.0,43.0516415784083,0.0,956.8436978369895,373.4163306451613,690.9111793219965,100.0,0.0,4.283266129032258,0.0,0.0,88.0,0.0,913.2942277895017,0.1476914350800492,100.0,1.0,6.478667482094526
190,2032,11,16,2.9539370702862316E18,44.055182423796595,0.00897325048085301,0.0,31.58723004598671,0.0,1057.1622453174593,373.24495967741933,435.3806260029415,100.0,0.0,4.248991935483871,0.0,0.0,88.0,0.0,941.4662650689713,0.16376234821466829,100.0,1.0,6.455465843294307
180,2032,11,16,5.096996787781837E17,44.153370289465954,0.002665849816058543,0.0,28.84421290003753,0.0,871.939802454142,372.01512096774195,378.49939493754164,100.0,0.0,4.003024193548387,0.0,0.0,88.0,0.0,932.2468987699567,0.13476963734664843,100.0,1.0,6.4698534448926175
191,2032,11,17,6.492828447697523E18,44.34157412635776,0.003066729487646275,0.0,37.31587488409737,0.0,955.2496216520598,379.75201612903226,542.9151423581701,100.0,0.0,4.050403225806452,0.0,0.0,88.0,0.0,911.0005237314222,0.14701958218329436,100.0,1.0,6.497431209273314
192,2032,11,17,1.0005304447219302E18,44.30947562495378,0.00897325048085301,0.0,35.87520265323112,0.0,876.7808355167244,372.5977822580645,520.8385073366934,100.0,0.0,3.819556451612903,0.0,0.0,88.0,0.0,930.2227313421657,0.13504044313614605,100.0,1.0,6.4927277721738905
193,2032,11,17,2.861374886328272E18,44.6430022873323,0.00897325048085301,0.0,34.627100812244755,0.0,876.6315472381259,380.5534274193548,503.34711581476984,100.0,0.0,4.210685483870968,0.0,0.0,88.0,0.0,949.2598759793341,0.13400873826757884,100.0,1.0,6.541599887969486
195,2032,11,17,2.797545246119503E18,44.46104124091334,0.0077222465411816025,0.0,26.357458270572764,0.0,941.1833648170931,377.91733870967744,323.7196652658874,100.0,0.0,3.683467741935484,0.0,0.0,88.0,0.0,902.9684893980958,0.14446546159573395,100.0,1.0,6.514936888173734
184,2032,11,17,3.1730362057635645E18,44.80048510397223,0.00897325048085301,0.0,36.00098032542505,0.0,862.8668531439454,378.4818548387097,509.5681810990712,100.0,0.0,3.7963709677419355,0.0,0.0,88.0,0.0,904.9701509725479,0.1314408883745749,100.0,1.0,6.5646760594388445
187,2032,11,17,8.507560024639921E18,44.94700765301458,0.0032677532705218536,0.0,45.03251972581516,0.0,1046.0628363771073,376.79334677419354,735.3473114023101,100.0,0.0,3.4586693548387095,0.0,0.0,88.0,0.0,896.8528196225932,0.15882775804609012,100.0,1.0,6.586146207979282
188,2032,11,17,5.859174576972996E18,44.712922683107685,0.002676984033667376,0.0,40.01984677159098,0.0,1050.642442963932,377.95766129032256,592.5370316059787,100.0,0.0,3.691532258064516,0.0,0.0,88.0,0.0,886.9717175616786,0.16035824654233177,100.0,1.0,6.551845418729872
189,2032,11,17,1.481964993321812E18,44.90405529898506,0.00897325048085301,0.0,40.82215132945411,0.0,950.1512779997986,375.10483870967744,612.592766673912,100.0,0.0,3.120967741935484,0.0,0.0,88.0,0.0,887.0417425899532,0.14440313076138211,100.0,1.0,6.579852341081642
181,2032,11,17,6.307363977605812E18,44.98039946033856,0.004158132752943953,0.0,36.804672495155074,0.0,1025.121414633765,378.74899193548384,546.1359412982973,100.0,0.0,3.849798387096774,0.0,0.0,88.0,0.0,936.7292058838289,0.15553259365225122,100.0,1.0,6.591039154955461
182,2032,11,17,8.834479670273441E18,44.70267214457019,0.00897325048085301,0.0,38.50733967659993,0.0,887.1577614097597,374.5836693548387,573.1582536638941,100.0,0.0,4.216733870967742,0.0,0.0,88.0,0.0,914.3855268489051,0.13543683256487357,100.0,1.0,6.55034339336617
199,2032,11,17,8.617806463867117E18,44.2693508894042,0.003218525997436539,0.0,34.047103326844464,0.0,942.1284968780616,377.87701612903226,480.6583444240746,100.0,0.0,3.6754032258064515,0.0,0.0,88.0,0.0,929.8599579001525,0.14523671003427732,100.0,1.0,6.486848240060725
185,2032,11,18,3.0688222562761073E18,45.68377767255075,0.002821776880771401,0.0,49.28298516142964,0.0,1048.7288086596463,376.554435483871,888.2771033175515,100.0,0.0,3.1108870967741935,0.0,0.0,88.0,0.0,913.558758610014,0.1566645030100008,100.0,1.0,6.694106121746672
195,2033,3,4,2.797545246119503E18,49.58935030541512,0.00897325048085301,0.0,23.094011403611194,0.0,37.70000000000009,262.5403225806452,305.90892903630476,100.0,0.0,7.008064516129032,0.0,0.0,143.0,613.7810813251888,1016.7824079949634,0.005201292521795993,100.0,1.0,7.2481983741576546
183,2033,3,4,6.605295447056412E18,50.81492423452007,0.00897325048085301,0.0,36.67928966986343,0.0,40.59999999999924,264.5796370967742,668.4299844238658,100.0,0.0,7.115927419354839,0.0,0.0,143.0,613.7900763411685,1152.779799016655,0.005466295416547597,100.0,1.0,7.42733367045892
186,2033,3,4,4.898224502314156E18,51.89662484633583,0.00897325048085301,0.0,48.843565328663544,0.0,78.30000000000146,260.20262096774195,945.7229749662285,100.0,0.0,5.940524193548387,0.0,0.0,143.0,611.7904784818323,989.7548679746136,0.010322407399823132,100.0,1.0,7.5854398075145815
194,2033,3,5,4.281117921937587E18,52.06462649065595,0.008237378042398762,0.0,45.28420146480034,0.0,49.300000000000615,261.3971774193548,855.7347343157171,100.0,0.0,6.179435483870968,0.0,0.0,143.0,810.1168617409402,1033.3170773845245,0.006478321689087851,100.0,1.0,7.6099956695639275
190,2033,3,5,2.9539370702862316E18,51.74683124314943,0.026919751442559193,0.0,38.273048870536975,0.0,57.99999999999999,258.95262096774195,644.3730078693876,100.0,0.0,5.690524193548387,0.0,0.0,143.0,609.2430499444141,1038.487197365774,0.0076683615419349295,100.0,1.0,7.5635453131445685
180,2033,3,5,5.096996787781837E17,52.88476316029336,0.026919751442559193,0.0,37.17200329991068,0.0,87.00000000000001,257.03225806451616,611.1077701027004,100.0,0.0,5.306451612903226,0.0,0.0,143.0,608.7640589621626,1032.0871943950922,0.011255039833095955,100.0,1.0,7.729870466044249
196,2033,3,6,4.898742477016446E18,52.66108138530698,0.04396892735617978,0.0,27.537861630432555,0.0,40.59999999999924,256.56149193548384,520.7870852198681,100.0,0.0,4.912298387096774,0.0,0.0,143.0,814.1256994146482,1369.084584935434,0.005274661669079786,100.0,1.0,7.697176150272836
197,2033,3,6,4.974214387304059E17,52.404639841004226,0.04396892735617978,0.0,50.324057704375086,0.0,43.49999999999999,259.37399193548384,905.0605124717088,100.0,0.0,5.474798387096774,0.0,0.0,143.0,615.0219680226871,892.7491932831648,0.005679078395909656,100.0,1.0,7.659693521986027
187,2033,3,6,8.507560024639921E18,51.99561782110248,0.04396892735617978,0.0,43.18853652241786,0.0,60.900000000000986,261.4828629032258,842.3265754092981,100.0,0.0,6.196572580645161,0.0,0.0,143.0,807.2867921214855,1107.1485518344646,0.008013253782013337,100.0,1.0,7.599909057753542
188,2033,3,6,5.859174576972996E18,52.3155263014405,0.04396892735617978,0.0,40.41294729074158,0.0,52.19999999999926,256.78024193548384,698.3574407742043,100.0,0.0,5.256048387096774,0.0,0.0,143.0,814.7014396219822,1028.9879178606704,0.00682650247083397,100.0,1.0,7.646668293613342
181,2033,3,6,6.307363977605812E18,52.593243197580506,0.04396892735617978,0.0,39.20982292623216,0.0,49.300000000000615,255.70665322580646,674.300492763701,100.0,0.0,5.04133064516129,0.0,0.0,143.0,819.0327923582236,1044.7652579668852,0.006413207829027566,100.0,1.0,7.687260621253868
182,2033,3,6,8.834479670273441E18,52.405772856205296,0.04396892735617978,0.0,39.56778504487643,0.0,81.19999999999848,258.2772177419355,652.7216299451659,100.0,0.0,5.555443548387097,0.0,0.0,143.0,621.8829917892117,996.2150847390956,0.010600717146087464,100.0,1.0,7.659859128489996
199,2033,3,6,8.617806463867117E18,51.69090837745595,0.04396892735617978,0.0,20.802127929319195,0.0,46.400000000000844,261.59375,364.5605590756592,100.0,0.0,6.21875,0.0,0.0,143.0,812.5735195568636,1386.144765620335,0.0061413261724769415,100.0,1.0,7.555371380199243
191,2033,3,7,6.492828447697523E18,52.451761678241475,0.06191542831788593,0.0,43.71493881306066,0.0,40.59999999999924,261.5413306451613,742.6364933385504,100.0,0.0,5.908266129032258,0.0,0.0,143.0,607.709006497869,955.4773355204711,0.005295711307835763,100.0,1.0,7.666581057756251
193,2033,3,7,2.861374886328272E18,52.37198839876308,0.06191542831788593,0.0,48.14650051758217,0.0,81.19999999999848,260.4929435483871,847.1894447372448,100.0,0.0,5.698588709677419,0.0,0.0,143.0,611.6524494386853,911.8202265584449,0.010607555524545629,100.0,1.0,7.6549210430342445
198,2033,3,7,7.278710821350941E18,53.363210264275814,0.02675688345630334,0.0,26.40266421205304,0.0,63.800000000001134,257.81451612903226,429.41356652301954,100.0,0.0,4.862903225806452,0.0,0.0,143.0,819.1318900086036,1195.7155954960758,0.008179694390994738,100.0,1.0,7.79980240707286
185,2033,3,7,3.0688222562761073E18,52.24320948134208,0.06191542831788593,0.0,40.83552913266456,0.0,72.49999999999999,261.02923387096774,858.4474367202006,100.0,0.0,6.105846774193548,0.0,0.0,143.0,821.0521606362029,1243.0117888573066,0.009494377703854527,100.0,1.0,7.636098147914049
192,2033,3,8,1.0005304447219302E18,53.62084652625155,0.07896460423150702,0.0,35.24324814021755,0.0,43.49999999999999,259.2459677419355,613.0825523241521,100.0,0.0,5.149193548387097,0.0,0.0,143.0,618.5723261610435,1125.5613852808854,0.005550267801549351,100.0,1.0,7.837459660569354
184,2033,3,8,3.1730362057635645E18,53.65740773171631,0.023698860813777475,0.0,42.164404868941666,0.0,34.79999999999966,255.01209677419354,691.0599629432339,100.0,0.0,4.30241935483871,0.0,0.0,143.0,613.6027609977643,947.3605950660133,0.004437188758048129,100.0,1.0,7.842803607775253
189,2033,3,8,1.481964993321812E18,53.37189597707467,0.07896460423150702,0.0,48.40698187491105,0.0,66.6999999999988,254.29637096774192,897.7062004865357,100.0,0.0,4.159274193548387,0.0,0.0,143.0,604.0159377703287,956.2694310481339,0.008550107015333782,100.0,1.0,7.801071949202373
195,2033,7,12,2.797545246119503E18,42.12106273040216,0.0024503687823192377,0.0,29.00496973388509,0.0,74.51988898336332,237.55645161290323,322.2131234991219,100.0,0.10685483870967742,5.911290322580645,0.0,0.0,101.89999999999863,275.0,787.2584670447281,0.012134437412850509,89.31451612903226,1.0,6.1411902709594015
191,2033,7,14,6.492828447697523E18,43.52335764661299,0.0018670933168649637,0.0,45.43868436793577,0.0,161.60681531158417,241.79637096774192,639.0513620641643,100.0,0.0,6.159274193548387,0.0,0.0,101.89999999999863,275.0,766.4804903972131,0.025467367000974704,100.0,1.0,6.345642849745678
193,2033,7,14,2.861374886328272E18,42.77040596037321,0.002168499391216296,0.0,46.44433389637153,0.0,161.39190340568433,243.04637096774192,665.8510425609393,100.0,0.0,6.409274193548387,0.0,0.0,101.89999999999863,275.0,767.0761270103936,0.025881243451470446,100.0,1.0,6.235863578514224
194,2033,7,14,4.281117921937587E18,42.180882844046806,0.002290263011958411,0.0,47.26366196586063,0.0,213.52277648331145,242.9959677419355,714.7713857972769,100.0,0.0,6.399193548387097,0.0,0.0,101.89999999999863,275.0,796.5734034771165,0.03471964768988836,100.0,1.0,6.149911957358286
197,2033,7,14,4.974214387304059E17,43.247276432264094,0.0015837011085162447,0.0,46.393886365443606,0.0,340.6685226038842,241.86189516129033,687.0102162897573,100.0,0.0,6.172379032258065,0.0,0.0,101.89999999999863,479.86976545404536,792.9305147851895,0.05402813939215921,100.0,1.0,6.305390606386927
198,2033,7,14,7.278710821350941E18,43.30900433940579,0.0025740821803938666,0.0,28.236777278090226,0.0,306.16228854817115,241.77116935483872,371.9596064569504,100.0,0.0,6.154233870967742,0.0,0.0,101.89999999999863,458.7661659078568,943.6762929088588,0.04848643604643432,100.0,1.0,6.314390446329499
183,2033,7,14,6.605295447056412E18,42.38157199462598,0.0017705703395526926,0.0,42.28464838738746,0.0,173.6734242547214,242.10383064516128,634.7585725422412,100.0,0.0,6.220766129032258,0.0,0.0,101.89999999999863,275.0,865.2458130518959,0.028106260861385245,100.0,1.0,6.179172146421248
184,2033,7,14,3.1730362057635645E18,42.877553176296,0.0026595288917762414,0.0,40.58164858298496,0.0,215.30282770402286,242.47177419354838,530.3882468364903,100.0,0.0,6.294354838709677,0.0,0.0,101.89999999999863,275.0,775.5940082708992,0.03444026673478907,100.0,1.0,6.251485488250864
185,2033,7,14,3.0688222562761073E18,43.06710669128615,0.002665849816058543,0.0,50.88153501271963,0.0,178.4449686580652,240.96975806451613,879.6383519813756,100.0,0.0,5.993951612903226,0.0,0.0,101.89999999999863,274.17718005302055,848.3801788363319,0.028418776592265646,100.0,1.0,6.279122117685747
187,2033,7,14,8.507560024639921E18,42.3119605538357,0.0041504396303668045,0.0,50.12155707555186,0.0,130.61718164925034,243.45967741935485,785.6585394111327,100.0,0.0,6.491935483870968,0.0,0.0,101.89999999999863,232.68697452883586,780.951408522991,0.021173074536371246,100.0,1.0,6.169022898628883
188,2033,7,14,5.859174576972996E18,42.23019387978568,0.0012738856446412635,0.0,43.85341952139993,0.0,130.54035154812482,241.7258064516129,604.309749997571,100.0,0.0,6.145161290322581,0.0,0.0,101.89999999999863,275.0,772.6410705182705,0.02120159183977852,100.0,1.0,6.157101435336777
189,2033,7,14,1.481964993321812E18,42.619827403614224,0.0019490118333738116,0.0,46.963799384700046,0.0,185.92594167713764,241.96774193548387,694.0315074631087,100.0,0.0,6.193548387096774,0.0,0.0,101.89999999999863,275.0,782.744601866837,0.029920928751400604,100.0,1.0,6.213909441846266
180,2033,7,14,5.096996787781837E17,42.13140927647128,0.002175860931341664,0.0,34.46947070752256,0.0,221.2988178183806,244.4727822580645,446.06494218967134,100.0,0.0,6.694556451612903,0.0,0.0,101.89999999999863,275.0,846.6753740424263,0.036026317691149744,100.0,1.0,6.142698782472157
199,2033,7,14,8.617806463867117E18,42.63592547611321,0.0027746600126323474,0.0,35.1247557245597,0.0,129.18951946252798,242.32056451612902,501.3547118510026,100.0,0.10685483870967742,6.264112903225806,0.0,0.0,101.89999999999863,275.0,924.6513054669232,0.020782527087835793,89.31451612903226,1.0,6.2162565176274365
192,2033,7,15,1.0005304447219302E18,43.907577323216664,0.001360407895823689,0.0,38.71455635973978,0.0,229.29045535834598,244.51612903225808,550.2531610128884,100.0,0.0,6.403225806451613,0.0,0.0,101.89999999999863,275.0,869.8766365617851,0.03581733499315971,100.0,1.0,6.401661525128412
196,2033,7,15,4.898742477016446E18,44.266119562727084,0.002694669814069976,0.0,42.527845314167315,0.0,114.48060903604575,244.28931451612902,674.2619877114932,100.0,0.0020161290322580645,6.357862903225806,0.0,0.0,101.89999999999863,265.27664057404616,910.3596257430187,0.017738105978942886,99.79838709677419,1.0,6.453936467171131
186,2033,7,15,4.898224502314156E18,44.257116798730095,0.0016320935760009171,0.0,51.52854992263506,0.0,175.58464798387516,244.64717741935485,848.7662772270315,100.0,0.0,6.429435483870968,0.0,0.0,101.89999999999863,275.0,797.6656845268768,0.027211356391883875,100.0,1.0,6.4526238771487865
181,2033,7,15,6.307363977605812E18,42.83062343746888,0.007527894698702195,0.0,42.71416512015998,0.0,175.89530028509662,245.38810483870967,596.9236771030047,100.0,0.0,6.577620967741935,0.0,0.0,101.89999999999863,264.94760562315827,799.5363597604892,0.028167389977863864,100.0,1.0,6.2446431999318674
182,2033,7,15,8.834479670273441E18,43.50626660205683,0.0013357026616333788,0.0,35.41044288670642,0.0,199.94573695474637,243.83064516129033,484.00267420082,100.0,0.10685483870967742,6.266129032258065,0.0,0.0,101.89999999999863,478.59101465115896,881.4864810627796,0.03152151619164881,89.31451612903226,1.0,6.3431510000689375
190,2033,7,16,2.9539370702862316E18,43.72910972137925,0.0017329568329187018,0.0,34.93136345874683,0.0,177.93279783450936,252.57560483870967,491.0031099600285,100.0,0.0,6.515120967741935,0.0,0.0,143.0,275.0,913.367367078143,0.027908220065914514,100.0,1.0,6.375641205862003
196,2033,11,16,4.898742477016446E18,43.833521693956754,0.002433093948170558,0.0,40.01249995157226,0.0,1023.1882715025171,368.5070564516129,626.5332993055856,100.0,0.0,4.801411290322581,0.0,0.0,88.0,0.0,938.6765622689333,0.16050326343477458,100.0,1.0,6.374875186997808
186,2033,11,16,4.898224502314156E18,43.82161354821199,0.00897325048085301,0.0,43.29811318138546,0.0,1060.1018438134724,369.96370967741933,704.5726667731369,100.0,0.0,5.092741935483871,0.0,0.0,88.0,0.0,921.5792819487884,0.16633892997848007,100.0,1.0,6.373143340230829
193,2033,11,17,2.861374886328272E18,43.589059780959076,0.003844580325986743,0.0,34.52845370440521,0.0,955.0311614397408,376.7429435483871,503.34317074635186,100.0,0.0,4.948588709677419,0.0,0.0,88.0,0.0,953.3575494976296,0.15065193669904134,100.0,1.0,6.339322164491087
195,2033,11,17,2.797545246119503E18,43.875994871171926,0.0032464726775879196,0.0,20.090634589059935,0.0,780.6144061613808,375.77520161290323,231.9616287054703,100.0,0.0,4.755040322580645,0.0,0.0,88.0,0.0,920.8435842692584,0.12233317938598727,100.0,1.0,6.381052222131625
198,2033,11,17,7.278710821350941E18,44.02301139563164,0.0025092982329007318,0.0,29.785211762456353,0.0,957.601033144428,373.56754032258067,397.6686153610762,100.0,0.0,4.313508064516129,0.0,0.0,88.0,0.0,936.3114870774638,0.1495682929354203,100.0,1.0,6.402433392469723
180,2033,11,17,5.096996787781837E17,44.57779504690358,0.005895696767971787,0.0,31.69491469146447,0.0,936.5454039557375,369.5100806451613,432.78098020467667,100.0,0.0,3.502016129032258,0.0,0.0,88.0,0.0,931.6010118994386,0.1444591090226977,100.0,1.0,6.483117681478886
182,2033,11,17,8.834479670273441E18,44.66136301680297,0.00248842220766861,0.0,33.66563643710722,0.0,1049.7167864495905,372.3578629032258,471.2700396637269,100.0,0.0,4.071572580645161,0.0,0.0,88.0,0.0,926.9660269606676,0.16161246234306142,100.0,1.0,6.495271288060159
191,2033,11,18,6.492828447697523E18,44.676279965112734,0.002145683998291009,0.0,37.31273466033611,0.0,955.2037296472581,377.16129032258067,537.3706611266367,100.0,0.0,3.532258064516129,0.0,0.0,88.0,0.0,901.7837480642318,0.14701230397348716,100.0,1.0,6.49744071638741
192,2033,11,18,1.0005304447219302E18,44.990588153058226,0.005982166987235337,0.0,34.12404601014359,0.0,1059.709486794971,379.24798387096774,495.5570486482248,100.0,0.0,3.9495967741935485,0.0,0.0,88.0,0.0,955.9606128251457,0.16195703962089392,100.0,1.0,6.543151747373994
194,2033,11,18,4.281117921937587E18,45.154503849542074,0.003234769459572113,0.0,41.87545376312763,0.0,948.9008026458102,377.63004032258067,676.2717701398568,100.0,0.0,3.626008064516129,0.0,0.0,88.0,0.0,937.570368769205,0.1444955317203967,100.0,1.0,6.566990628346643
197,2033,11,18,4.974214387304059E17,44.431329126694884,0.0031774966291972504,0.0,39.844299395937014,0.0,956.6561957893966,375.53629032258067,604.6275412295374,100.0,0.0,4.407258064516129,0.0,0.0,88.0,0.0,912.0279939634363,0.14804756260408644,100.0,1.0,6.461816587603791
183,2033,11,18,6.605295447056412E18,44.66929590532885,0.0030397189975789342,0.0,40.45576735492726,0.0,951.9780345228213,377.4465725806452,638.3046447055524,100.0,0.0,4.789314516129032,0.0,0.0,88.0,0.0,938.7134018757495,0.14653875551564033,100.0,1.0,6.496424998103762
184,2033,11,18,3.1730362057635645E18,44.958837766092095,0.00897325048085301,0.0,32.830866091074405,0.0,948.0024404412407,379.5806451612903,448.8873774446523,100.0,0.0,4.016129032258065,0.0,0.0,88.0,0.0,917.0615021002394,0.1449869980097994,100.0,1.0,6.5385341682649845
185,2033,11,18,3.0688222562761073E18,45.13174404521266,0.00897325048085301,0.0,49.15095671578791,0.0,953.8305487510263,375.2913306451613,888.138307056092,100.0,0.0,3.158266129032258,0.0,0.0,88.0,0.0,918.190900514575,0.14531946467859516,100.0,1.0,6.563680583744407
187,2033,11,18,8.507560024639921E18,45.10118894007668,0.0035439377886465413,0.0,45.49162650241861,0.0,950.9095819855835,378.875,758.1965899736075,100.0,0.0,3.875,0.0,0.0,88.0,0.0,907.5073394315659,0.14497259442308288,100.0,1.0,6.559236839002016
188,2033,11,18,5.859174576972996E18,45.260506947552756,0.0072016456507648825,0.0,39.85481473652105,0.0,903.2700785362747,376.35483870967744,587.0971450351552,100.0,0.0,3.370967741935484,0.0,0.0,88.0,0.0,884.9674129881713,0.137224889043679,100.0,1.0,6.582407060637242
190,2033,11,18,2.9539370702862316E18,45.27848942437627,0.005811690725941067,0.0,34.327274461912644,0.0,1141.7859267585975,377.7913306451613,498.26680901800364,100.0,0.0,3.658266129032258,0.0,0.0,88.0,0.0,952.2243084709302,0.17339135255811933,100.0,1.0,6.585022320394441
181,2033,11,18,6.307363977605812E18,44.80406276587288,0.002552119021858088,0.0,37.06096034930209,0.0,1040.772057883072,372.06350806451616,540.4765176404994,100.0,0.0,3.712701612903226,0.0,0.0,88.0,0.0,916.6712706878783,0.15972500308775495,100.0,1.0,6.516024653392924
199,2033,11,18,8.617806463867117E18,44.54993608722022,0.004232665321157082,0.0,35.0413103691017,0.0,955.870723984484,380.41733870967744,521.2230488658394,100.0,0.0,4.183467741935484,0.0,0.0,88.0,0.0,965.071338113835,0.14753217778507494,100.0,1.0,6.479066047387964
189,2033,11,19,1.481964993321812E18,45.31826599984201,0.003864448958162356,0.0,41.99496279067542,0.0,935.3436657814522,378.3336693548387,658.4643170603878,100.0,0.0,3.466733870967742,0.0,0.0,88.0,0.0,907.8839977197999,0.14191640575230435,100.0,1.0,6.590807178515826
196,2034,3,4,4.898742477016446E18,51.302343164149036,0.00897325048085301,0.0,29.115630101614077,0.0,95.69999999999828,261.98387096774195,563.9901908735329,100.0,0.0,6.596774193548387,0.0,0.0,143.0,612.0856370042973,1371.76104028119,0.01285869282084246,100.0,1.0,7.442436127323892
193,2034,3,5,2.861374886328272E18,51.524787258473964,0.026919751442559193,0.0,47.30192328717478,0.0,81.19999999999848,259.8366935483871,816.806370057003,100.0,0.0,6.167338709677419,0.0,0.0,143.0,605.4005676526092,909.3030541557287,0.010863303353265935,100.0,1.0,7.474706114654027
180,2034,3,5,5.096996787781837E17,50.92042055251232,0.026919751442559193,0.0,32.49407475324182,0.0,43.49999999999999,260.77923387096774,527.9839508237429,100.0,0.0,6.355846774193548,0.0,0.0,143.0,607.9884148019025,1095.3938283929133,0.005888699059321642,100.0,1.0,7.387030575308605
195,2034,3,6,2.797545246119503E18,52.97401938914783,0.044866252404265256,0.0,30.080540180211283,0.0,34.79999999999966,257.3649193548387,424.2561843276679,100.0,0.0,5.372983870967742,0.0,0.0,143.0,605.9291200826284,985.2211894138857,0.004528333489744854,100.0,1.0,7.684946366872031
198,2034,3,6,7.278710821350941E18,52.54757623325197,0.044866252404265256,0.0,19.95552471096154,0.0,46.400000000000844,261.976814516129,321.51457711726306,100.0,0.0,6.295362903225806,0.0,0.0,143.0,821.7694069398195,1287.8641286064606,0.006086776803848834,100.0,1.0,7.623082214984599
186,2034,3,6,4.898224502314156E18,52.939427083142796,0.016629448630194665,0.0,48.65227929367703,0.0,63.800000000001134,257.30745967741933,938.228286534456,100.0,0.0,5.061491935483871,0.0,0.0,143.0,607.6752061722397,989.5664350575772,0.00830736948602556,100.0,1.0,7.679928057530585
182,2034,3,6,8.834479670273441E18,52.143406561273004,0.044866252404265256,0.0,33.531696211456804,0.0,57.99999999999999,261.64415322580646,527.4122391909742,100.0,0.0,6.22883064516129,0.0,0.0,143.0,609.5905029396533,1044.4524905100836,0.007667445157691818,100.0,1.0,7.564449279668552
192,2034,3,7,1.0005304447219302E18,51.7879200213071,0.06191542831788593,0.0,37.24742046107629,0.0,55.099999999999056,262.7278225806452,673.6807699898852,100.0,0.0,6.445564516129032,0.0,0.0,143.0,612.7774232143972,1133.7256535251315,0.007334072781457998,100.0,1.0,7.512878811252443
194,2034,3,7,4.281117921937587E18,52.45630340028767,0.06191542831788593,0.0,45.77330855863992,0.0,57.99999999999999,258.7056451612903,859.0634716742499,100.0,0.0,5.641129032258065,0.0,0.0,143.0,618.5874525177534,1017.1070400734013,0.007621709579741307,100.0,1.0,7.609841255847039
183,2034,3,7,6.605295447056412E18,52.94207638288868,0.020181039217042302,0.0,37.644073896085835,0.0,78.30000000000146,257.0272177419355,693.3611815012458,100.0,0.0,5.305443548387097,0.0,0.0,143.0,609.8969291032992,1147.5519701081066,0.010194897812292325,100.0,1.0,7.680312391713487
188,2034,3,7,5.859174576972996E18,51.93403410636636,0.06191542831788593,0.0,35.92083477724425,0.0,49.300000000000615,265.36895161290323,610.3587869740948,100.0,0.0,6.973790322580645,0.0,0.0,143.0,826.4513854978508,1087.6154267503541,0.006543603043164444,100.0,1.0,7.534075596394896
190,2034,3,7,2.9539370702862316E18,53.17384798903847,0.019593489974014517,0.0,26.092304320721762,0.0,55.099999999999056,253.96270161290323,436.08981165750913,100.0,0.0,4.692540322580645,0.0,0.0,143.0,819.1678466488354,1234.066877693434,0.007142916847298504,100.0,1.0,7.713935522130321
181,2034,3,7,6.307363977605812E18,53.11428693042294,0.06191542831788593,0.0,42.344469709966056,0.0,84.10000000000043,254.02318548387098,709.4184275509198,100.0,0.0,4.704637096774194,0.0,0.0,143.0,601.8429293594745,965.2841938562188,0.010914572391189222,100.0,1.0,7.705294993314633
199,2034,3,7,8.617806463867117E18,51.925725062084744,0.06191542831788593,0.0,29.5499856713904,0.0,40.59999999999924,261.96673387096774,535.6281261729332,100.0,0.0,6.293346774193548,0.0,0.0,143.0,617.6217843504974,1275.6608948406958,0.005389711877225173,100.0,1.0,7.532870202498033
191,2034,3,8,6.492828447697523E18,53.14945217618035,0.4421662842423654,0.0,41.00108072345547,0.0,46.400000000000844,257.0756048387097,707.5251862937004,100.0,0.0,5.015120967741935,0.0,0.0,143.0,811.6911171672311,1017.4783661119882,0.00601784882099649,100.0,1.0,7.710396419084107
197,2034,3,8,4.974214387304059E17,52.417792687284276,0.026184239108063,0.0,45.692257450529446,0.0,49.300000000000615,264.66129032258067,823.5908378215555,100.0,0.0,6.532258064516129,0.0,0.0,143.0,812.5700869659174,978.107344208623,0.006483212783293403,100.0,1.0,7.604254502804818
184,2034,3,8,3.1730362057635645E18,53.145173781076046,0.03151615204403788,0.0,34.41409844348304,0.0,55.099999999999056,259.34375,526.3632995013337,100.0,0.0,5.46875,0.0,0.0,143.0,815.1002877184583,1002.3539504968276,0.007146770771720359,100.0,1.0,7.7097757518722645
187,2034,3,8,8.507560024639921E18,52.552287445451796,0.4487385463089957,0.0,39.555743917764474,0.0,63.800000000001134,262.5090725806452,747.4785388476428,100.0,0.0,6.101814516129032,0.0,0.0,143.0,814.4588649057479,1141.2841713906428,0.008368567811908582,100.0,1.0,7.623765671016359
189,2034,3,8,1.481964993321812E18,52.688812920904056,0.07986192927959196,0.0,39.60752058958431,0.0,55.099999999999056,259.34576612903226,720.0607393614221,100.0,0.0,5.769153225806452,0.0,0.0,143.0,814.6685460675152,1096.9039385895437,0.007208672080101148,100.0,1.0,7.643571435590385
185,2034,3,9,3.0688222562761073E18,53.1902494629669,0.09691110519321282,0.0,45.27112145898513,0.0,52.19999999999926,262.54233870967744,965.2993267849484,100.0,0.0,5.808467741935484,0.0,0.0,143.0,614.0523176026363,1166.0424602650546,0.00676488722580497,100.0,1.0,7.7163148856170105
195,2034,7,12,2.797545246119503E18,42.067098395184736,0.003704892849237412,0.0,27.87196354266366,0.0,114.62764214788686,238.7358870967742,308.47762093300383,100.0,0.0,6.147177419354839,0.0,0.0,102.1999999999982,275.0,796.8372872925926,0.018830237329020005,100.0,1.0,6.087424186164121
185,2034,7,12,3.0688222562761073E18,42.163132726751094,0.002195022133281078,0.0,40.865353065198484,0.0,232.5110148407782,238.53931451612902,689.1571252783044,100.0,0.10685483870967742,6.107862903225806,0.0,0.0,102.1999999999982,482.7984742803934,996.1033588001146,0.03810830671796193,89.31451612903226,1.0,6.101321073160847
191,2034,7,13,6.492828447697523E18,42.657818631901605,0.0016244117452666616,0.0,44.233871602384355,0.0,180.46841336462992,239.38407258064515,605.1573700061565,100.0,0.0,5.976814516129032,0.0,0.0,102.1999999999982,247.53051136990584,762.0617799445339,0.029235568852098298,100.0,1.0,6.172905828431566
196,2034,7,13,4.898742477016446E18,43.17487505649084,0.0026360900355032364,0.0,39.63685125837348,0.0,139.0952588932526,238.82459677419354,638.1045082049009,100.0,0.10685483870967742,5.86491935483871,0.0,0.0,102.1999999999982,275.0,970.6571985568019,0.022263335426283826,89.31451612903226,1.0,6.247727765402054
189,2034,7,13,1.481964993321812E18,41.98336056845948,0.001993169809163264,0.0,45.370718309955315,0.0,298.4911020400344,240.05443548387098,655.6205314174615,100.0,0.0,6.110887096774194,0.0,0.0,102.1999999999982,264.5843555740448,788.5496142371882,0.04913185736955481,100.0,1.0,6.075306695508692
190,2034,7,13,2.9539370702862316E18,42.865861109620454,0.0028094084160466552,0.0,27.299303760515794,0.0,311.3352711719142,241.3548387096774,367.1103459498782,100.0,0.014112903225806451,6.370967741935484,0.0,0.0,102.1999999999982,459.43719745990313,975.9136536961233,0.05019099022961249,98.58870967741935,1.0,6.203011133026573
193,2034,7,14,2.861374886328272E18,44.2844147072941,0.0020101367564634956,0.0,44.27317715778196,0.0,342.1000462275778,241.16633064516128,648.9712618038092,100.0,0.0,6.033266129032258,0.0,0.0,102.1999999999982,476.5978658780382,816.0749154388054,0.05338401275185764,100.0,1.0,6.408286462423595
197,2034,7,14,4.974214387304059E17,42.90481410432033,0.002568188460461662,0.0,49.52654519694682,0.0,210.1101258895286,243.2429435483871,728.9051886781252,100.0,0.0,6.448588709677419,0.0,0.0,102.1999999999982,231.69216253500122,742.127858909007,0.03384152693024611,100.0,1.0,6.208647923085915
187,2034,7,14,8.507560024639921E18,43.142723560657586,0.0013270113103893847,0.0,43.61164948220996,0.0,331.685460831015,243.7772177419355,674.9702300438192,100.0,0.0,6.555443548387097,0.0,0.0,102.1999999999982,405.3459762991368,871.7309868866945,0.053128538426509525,100.0,1.0,6.243075203166403
188,2034,7,14,5.859174576972996E18,43.380206253216606,0.0024651787035310595,0.0,45.05137998874427,0.0,194.3900667203976,242.9858870967742,631.3627693522465,100.0,0.0,6.397177419354839,0.0,0.0,102.1999999999982,222.63435557405347,769.2527439047198,0.030966451960911422,100.0,1.0,6.277440727332077
180,2034,7,14,5.096996787781837E17,42.45680510812181,0.0034780040623461376,0.0,35.7532315086007,0.0,86.77141580505784,242.77923387096774,478.46771979241873,100.0,0.10685483870967742,6.355846774193548,0.0,0.0,102.1999999999982,275.0,858.1992409404925,0.014123370926787254,89.31451612903226,1.0,6.143817666112686
199,2034,7,14,8.617806463867117E18,43.02396684322867,0.002046818084136187,0.0,37.79359673852028,0.0,177.5179733506614,241.4485887096774,566.2845236256218,100.0,0.10685483870967742,6.089717741935484,0.0,0.0,102.1999999999982,275.0,930.7393587080524,0.02851286597902036,89.31451612903226,1.0,6.22589021676314
192,2034,7,15,1.0005304447219302E18,44.09955042041134,0.0024304578767207524,0.0,34.3540894722036,0.0,237.49818033978235,245.36290322580646,522.5910289482046,100.0,0.10685483870967742,6.57258064516129,0.0,0.0,102.1999999999982,477.03278781230676,997.2907301060374,0.03721646474004388,89.31451612903226,1.0,6.381535215628391
194,2034,7,15,4.281117921937587E18,44.01781061202932,0.0020273950476396426,0.0,47.53875302910465,0.0,164.59942646173056,245.09072580645162,746.9619579958432,100.0,0.0,6.518145161290323,0.0,0.0,102.1999999999982,275.0,823.4592590369183,0.025840973573105327,100.0,1.0,6.3697068531907695
198,2034,7,15,7.278710821350941E18,43.82816328174651,0.0017417023448860695,0.0,33.92470771955473,0.0,129.01731029863654,243.7147177419355,454.67086537726857,100.0,0.10685483870967742,6.242943548387097,0.0,0.0,102.1999999999982,267.6443555740464,884.3024629308488,0.020342470953313388,89.31451612903226,1.0,6.342263464194459
183,2034,7,15,6.605295447056412E18,43.61076584293344,0.0014265899015664574,0.0,41.3714309226124,0.0,200.2070326155519,246.14415322580646,626.2557265877576,100.0,0.0,6.72883064516129,0.0,0.0,102.1999999999982,273.5,886.3966596384194,0.03172448694013096,100.0,1.0,6.310804426668072
184,2034,7,15,3.1730362057635645E18,43.89616768043421,0.00897325048085301,0.0,34.03523594040348,0.0,232.96356203738014,251.11592741935485,429.02740331520505,100.0,0.0,6.523185483870968,0.0,0.0,143.0,247.6165137113437,830.4866982755598,0.03667502206139517,100.0,1.0,6.352104209982251
186,2034,7,15,4.898224502314156E18,44.057741204272865,0.0017996892260034156,0.0,49.18242006122369,0.0,164.06806377776678,245.96774193548387,787.4994812955878,100.0,0.0,6.693548387096774,0.0,0.0,102.1999999999982,275.0,812.8575075363526,0.02573420860913049,100.0,1.0,6.375485108936107
181,2034,7,15,6.307363977605812E18,43.63877049056247,0.0021497964736111757,0.0,41.31197787770602,0.0,147.60086029439498,243.87600806451613,567.4760796390107,100.0,0.0,6.275201612903226,0.0,0.0,102.1999999999982,275.0,805.0226278525826,0.02337358746578864,100.0,1.0,6.314856908912027
182,2034,7,15,8.834479670273441E18,44.384678010179826,0.0017846560224449185,0.0,37.78045753918573,0.0,252.19287152306777,244.35987903225808,504.7294475316775,100.0,0.0,6.371975806451613,0.0,0.0,102.1999999999982,275.0,829.9037882425644,0.039265282361267834,100.0,1.0,6.42279531324182
181,2034,11,16,6.307363977605812E18,44.08323417557356,0.00594254998731989,0.0,33.65674782787438,0.0,1034.1375740089964,364.90826612903226,465.81810071911116,100.0,0.0,4.081653225806452,0.0,0.0,88.0,0.0,917.195584109848,0.16251755145802205,100.0,1.0,6.363236245754736
192,2034,11,17,1.0005304447219302E18,44.690399134342464,0.0024410365834747097,0.0,38.77456844210051,0.0,1056.7496745834617,372.03024193548384,596.0136964388486,100.0,0.0,4.006048387096774,0.0,0.0,88.0,0.0,940.3833527174149,0.1638148585032201,100.0,1.0,6.450878047565442
193,2034,11,17,2.861374886328272E18,44.41314994338523,0.007708978076334214,0.0,36.360196114414826,0.0,975.7316521940834,371.81350806451616,533.246447990544,100.0,0.0,3.962701612903226,0.0,0.0,88.0,0.0,932.3876848316693,0.15219984815150764,100.0,1.0,6.4108582501527165
194,2034,11,17,4.281117921937587E18,44.47370362735986,0.0036595638176399074,0.0,40.328866909876766,0.0,1049.4979927350578,373.4415322580645,638.735696187707,100.0,0.0,4.288306451612903,0.0,0.0,88.0,0.0,943.9861771182715,0.16348342074431724,100.0,1.0,6.419598929095315
186,2034,11,17,4.898224502314156E18,44.70025525301217,0.00897325048085301,0.0,42.15931836921488,0.0,1056.0091882255408,376.0725806451613,683.1477620788073,100.0,0.0,4.814516129032258,0.0,0.0,88.0,0.0,936.4912778133219,0.16366397523088133,100.0,1.0,6.452300738362397
188,2034,11,17,5.859174576972996E18,44.65981315928026,0.00897325048085301,0.0,36.812676297670045,0.0,961.4994647750209,378.8719758064516,529.8298968458446,100.0,0.0,4.174395161290323,0.0,0.0,88.0,0.0,908.4976949320646,0.14915147297826642,100.0,1.0,6.4464630859872605
189,2034,11,17,1.481964993321812E18,44.62683385941319,0.004236662172262999,0.0,39.501466293058705,0.0,866.1233478067722,374.9233870967742,605.144428801296,100.0,0.0,4.584677419354839,0.0,0.0,88.0,0.0,926.1222432613743,0.1344556546358844,100.0,1.0,6.441702657670269
190,2034,11,17,2.9539370702862316E18,44.78014444073237,0.002385234045947105,0.0,31.169480973800486,0.0,880.9556090456737,377.4405241935484,436.5724579157473,100.0,0.0,3.8881048387096775,0.0,0.0,88.0,0.0,962.9223813073612,0.1362899827764041,100.0,1.0,6.463832418931037
182,2034,11,17,8.834479670273441E18,44.81043332072456,0.003104930962232891,0.0,29.38172759441612,0.0,1061.764864173771,373.22983870967744,395.271921347802,100.0,0.0,4.245967741935484,0.0,0.0,88.0,0.0,948.7971755453854,0.16415140628653302,100.0,1.0,6.46820449603957
191,2034,11,18,6.492828447697523E18,45.12287306373857,0.00897325048085301,0.0,36.55729049857847,0.0,876.1673947129717,374.30141129032256,527.6285381258099,100.0,0.0,4.160282258064516,0.0,0.0,88.0,0.0,914.9844027958961,0.13451965503448296,100.0,1.0,6.513303907063795
196,2034,11,18,4.898742477016446E18,44.66324339925032,0.00897325048085301,0.0,42.14604020379029,0.0,888.0953880355523,375.47076612903226,700.025103731591,100.0,0.0,4.394153225806452,0.0,0.0,88.0,0.0,960.0375479244294,0.1377541713058799,100.0,1.0,6.4469582272289765
197,2034,11,18,4.974214387304059E17,45.66471403375493,0.00897325048085301,0.0,42.190344017494475,0.0,954.2055170444646,375.195564516129,659.1371676200836,100.0,0.0,3.1391129032258065,0.0,0.0,88.0,0.0,902.6100372890261,0.14476266932626333,100.0,1.0,6.591516455764533
198,2034,11,18,7.278710821350941E18,45.064368354427906,0.005982166987235337,0.0,30.585398613561434,0.0,1051.9175548134635,375.8407258064516,420.38147715184385,100.0,0.0,3.2681451612903225,0.0,0.0,88.0,0.0,952.9188816658125,0.161712583861049,100.0,1.0,6.504858989312298
183,2034,11,18,6.605295447056412E18,45.36276011830957,0.004531944687299503,0.0,40.50019945123107,0.0,1039.4306257994228,380.8024193548387,636.1352347537759,100.0,0.0,3.060483870967742,0.0,0.0,88.0,0.0,933.3545204150502,0.15874185056337203,100.0,1.0,6.547930631465501
187,2034,11,18,8.507560024639921E18,45.12396328037736,0.0030030958771261823,0.0,43.64098723625024,0.0,960.7695900473119,377.94254032258067,704.6945966142414,100.0,0.0,3.688508064516129,0.0,0.0,88.0,0.0,908.9938747355518,0.1475052279305341,100.0,1.0,6.51346127541849
199,2034,11,18,8.617806463867117E18,45.16639464232503,0.003435394517937616,0.0,37.92474984517244,0.0,958.9242654302182,378.89012096774195,594.9172050517512,100.0,0.0,3.878024193548387,0.0,0.0,88.0,0.0,972.7262500706579,0.14708361160447755,100.0,1.0,6.519586070600856
195,2034,11,19,2.797545246119503E18,45.580574787047226,0.005157040506237368,0.0,22.46545545819983,0.0,803.8332624618649,377.85483870967744,269.0821207765665,100.0,0.0,3.370967741935484,0.0,0.0,88.0,0.0,925.5573454843661,0.12217478331122981,100.0,1.0,6.579371296400572
184,2034,11,19,3.1730362057635645E18,45.385562918152594,0.0032070230453370356,0.0,28.05565154793912,0.0,1058.9468779913684,380.7328629032258,364.9211493370238,100.0,0.0,3.9465725806451615,0.0,0.0,88.0,0.0,934.0746438839313,0.161641119484504,100.0,1.0,6.551222123235085
185,2034,11,19,3.0688222562761073E18,45.426963189495055,0.00897325048085301,0.0,47.65963474932689,0.0,813.6763945795886,382.13608870967744,863.5710515310867,100.0,0.0,3.027217741935484,0.0,0.0,88.0,0.0,947.6083120617043,0.12408903682235074,100.0,1.0,6.557198084666174
180,2034,11,19,5.096996787781837E17,45.165855557958615,0.0035950522759827888,0.0,34.66168529058453,0.0,953.155848669126,374.44254032258067,492.18168898758705,100.0,0.0,2.688508064516129,0.0,0.0,88.0,0.0,926.2216165057577,0.14620057391571653,100.0,1.0,6.519508255956731
192,2035,3,4,1.0005304447219302E18,51.084059802939066,0.00897325048085301,0.0,34.51379990356367,0.0,55.099999999999056,261.85483870967744,647.7109551041964,100.0,0.0,6.870967741935484,0.0,0.0,143.0,609.9362815207562,1227.7934827049137,0.0074911330857110135,100.0,1.0,7.355362582611132
189,2035,3,5,1.481964993321812E18,51.44994451796484,0.026919751442559193,0.0,43.605744121984316,0.0,40.59999999999924,260.6532258064516,782.5846166950339,100.0,0.0,6.330645161290323,0.0,0.0,143.0,616.1379770312892,1011.357881706606,0.005480528509987171,100.0,1.0,7.408044666862664
182,2035,3,5,8.834479670273441E18,51.969107499986684,0.026919751442559193,0.0,23.43219642280379,0.0,57.99999999999999,260.88004032258067,375.0107372244698,100.0,0.0,6.376008064516129,0.0,0.0,143.0,815.6884003671491,1223.5604237284228,0.007751112737450856,100.0,1.0,7.482796595095676
193,2035,3,6,2.861374886328272E18,52.8952717072869,0.044866252404265256,0.0,48.363778891510634,0.0,57.99999999999999,255.63104838709677,853.4602018636587,100.0,0.0,5.026209677419355,0.0,0.0,143.0,809.1860704722347,910.6814706728817,0.007615395442644189,100.0,1.0,7.616150787812727
194,2035,3,6,4.281117921937587E18,52.41718955304048,0.044866252404265256,0.0,45.50767724241864,0.0,60.900000000000986,257.8034274193548,898.0097824235205,100.0,0.0,5.460685483870968,0.0,0.0,143.0,614.952889290482,1074.5563802392471,0.008069095944641834,100.0,1.0,7.547313902053768
183,2035,3,6,6.605295447056412E18,51.4299613389021,0.044866252404265256,0.0,20.60185838307268,0.0,46.400000000000844,261.39415322580646,359.0115781619687,100.0,0.0,6.47883064516129,0.0,0.0,143.0,813.846994213679,1381.7059583395007,0.006265894830333643,100.0,1.0,7.405167379346226
181,2035,3,6,6.307363977605812E18,53.5695367818096,0.016326874965161976,0.0,40.394239462133136,0.0,43.49999999999999,258.8296370967742,685.669672014207,100.0,0.0,5.365927419354839,0.0,0.0,143.0,616.5086099564102,1010.9183657897494,0.005639656910854828,100.0,1.0,7.713235164407633
196,2035,3,7,4.898742477016446E18,52.72654528617569,0.030911788073804732,0.0,17.384850805586588,0.0,52.19999999999926,258.65020161290323,337.06065170779874,100.0,0.0,5.630040322580645,0.0,0.0,143.0,818.4586620100009,1598.4185466401655,0.006875788429143251,100.0,1.0,7.591856634033104
197,2035,3,7,4.974214387304059E17,52.401039943939686,0.06281275336597107,0.0,50.88378305206739,0.0,43.49999999999999,258.14112903225805,953.196679235775,100.0,0.0,5.528225806451613,0.0,0.0,143.0,615.5793097840619,919.3921424508386,0.005765416271242633,100.0,1.0,7.544988592926758
198,2035,3,7,7.278710821350941E18,52.484003286987715,0.023810748053817707,0.0,22.12087116112696,0.0,46.400000000000844,260.7368951612903,347.1411643997887,100.0,0.0,6.047379032258065,0.0,0.0,143.0,619.1893716121436,1220.781675322823,0.006140056182748951,100.0,1.0,7.556934109229471
185,2035,3,7,3.0688222562761073E18,51.89346914876188,0.06281275336597107,0.0,45.21413488962659,0.0,66.6999999999988,258.79334677419354,937.7762943642681,100.0,0.0,5.95866935483871,0.0,0.0,143.0,614.9908625926961,1135.6298897897138,0.008926772103705237,100.0,1.0,7.471905771215288
186,2035,3,7,4.898224502314156E18,53.20383309415421,0.06281275336597107,0.0,44.41646013782676,0.0,63.800000000001134,255.25100806451613,869.230353242797,100.0,0.0,4.650201612903226,0.0,0.0,143.0,814.052554586981,1087.034403600384,0.008328352046039003,100.0,1.0,7.66057914546788
188,2035,3,7,5.859174576972996E18,53.69828545539953,0.06281275336597107,0.0,44.34425508555741,0.0,69.59999999999933,257.5897177419355,783.4395141934586,100.0,0.0,5.117943548387097,0.0,0.0,143.0,608.0056167410322,982.7106561067809,0.00900181615143002,100.0,1.0,7.731773103246808
190,2035,3,7,2.9539370702862316E18,53.24938682080088,0.06281275336597107,0.0,29.21083052445371,0.0,69.59999999999933,256.71270161290323,510.35564899938487,100.0,0.0,4.942540322580645,0.0,0.0,143.0,824.4132453292835,1235.5933187042594,0.009077702527227794,100.0,1.0,7.667138220407648
199,2035,3,7,8.617806463867117E18,52.06032975013768,0.042904886178942,0.0,17.21399069442088,0.0,69.59999999999933,264.6078629032258,329.00481011360404,100.0,0.0,6.821572580645161,0.0,0.0,143.0,832.5306521839154,1579.1804678079216,0.009285037102847707,100.0,1.0,7.495931274055233
191,2035,3,8,6.492828447697523E18,53.85296752050962,0.030777154850486797,0.0,41.860311874774595,0.0,66.6999999999988,260.9465725806452,738.9433547654921,100.0,0.0,5.789314516129032,0.0,0.0,143.0,618.7316470535773,1025.5294138170743,0.008601961861901717,100.0,1.0,7.754045073765626
195,2035,3,8,2.797545246119503E18,53.26522438643824,0.08075925432767775,0.0,25.93640791809357,0.0,60.900000000000986,258.95262096774195,370.23502912545206,100.0,0.0,5.690524193548387,0.0,0.0,143.0,817.1745722392719,1056.14427091355,0.007940627989913258,100.0,1.0,7.669418599808534
184,2035,3,8,3.1730362057635645E18,52.3674533544947,0.02686601940375163,0.0,37.18014008536939,0.0,84.10000000000043,261.42237903225805,565.3005976995443,100.0,0.0,6.184475806451613,0.0,0.0,143.0,623.5937739391906,954.102558382628,0.011153620401146836,100.0,1.0,7.540152611913628
187,2035,3,8,8.507560024639921E18,52.90383757804633,0.04761748486301729,0.0,43.93062546382683,0.0,49.300000000000615,262.0352822580645,858.4458576298822,100.0,0.0,6.007056451612903,0.0,0.0,143.0,613.8892687658079,1094.6940018891207,0.006472038043127214,100.0,1.0,7.617384148777257
180,2035,3,9,5.096996787781837E17,53.08882240833434,0.04644274940232578,0.0,31.55511730792465,0.0,57.99999999999999,254.7016129032258,515.7311453850019,100.0,0.0,4.540322580645161,0.0,0.0,143.0,616.9444230310593,1117.1616792552636,0.007587631309634426,100.0,1.0,7.644019277314418
192,2035,7,13,1.0005304447219302E18,43.09947908488478,0.0015904378732458338,0.0,41.88279322764871,0.0,203.46059747133486,239.0514112903226,654.8993784715498,100.0,0.0,5.910282258064516,0.0,0.0,102.49999999999999,275.0,907.7245834586148,0.03286813335704322,100.0,1.0,6.1902084691321795
194,2035,7,13,4.281117921937587E18,43.1128900023868,0.00897325048085301,0.0,48.395933644232606,0.0,167.33541374757797,239.26310483870967,783.6202307648376,100.0,0.10685483870967742,5.952620967741935,0.0,0.0,102.49999999999999,275.0,834.7562402834376,0.027023865571980485,89.31451612903226,1.0,6.192134626405135
183,2035,7,13,6.605295447056412E18,42.900701194628425,0.0018593556736123168,0.0,35.90380840554538,0.0,177.32159105430569,241.2540322580645,515.3082182704912,100.0,0.0846774193548387,6.350806451612903,0.0,0.0,102.49999999999999,275.0,918.6162130624944,0.028778223086579447,91.53225806451613,1.0,6.161658783477795
186,2035,7,13,4.898224502314156E18,43.53561400188413,0.001716383030002495,0.0,44.52127058638694,0.0,286.3098158585766,238.5272177419355,711.3427663212725,100.0,0.0,5.805443548387097,0.0,0.0,102.49999999999999,479.0200687571788,885.4330810920002,0.045788699609234276,100.0,1.0,6.252848809902347
187,2035,7,13,8.507560024639921E18,42.775265276976214,0.002712590834598862,0.0,47.56322991545074,0.0,193.52264723181239,241.22379032258064,749.6456921449357,100.0,0.0,6.344758064516129,0.0,0.0,102.49999999999999,275.0,825.6186805852437,0.031499657428078094,100.0,1.0,6.143642916551549
188,2035,7,13,5.859174576972996E18,42.15568264247495,0.002599435249378044,0.0,41.239923228598904,0.0,259.8271459927331,241.51612903225808,565.0590974383218,100.0,0.0,6.403225806451613,0.0,0.0,102.49999999999999,275.0,804.1604849495562,0.04291361915098905,100.0,1.0,6.0546547024744415
190,2035,7,13,2.9539370702862316E18,42.1724630805733,0.001405584348504543,0.0,37.583068316410014,0.0,140.8366074940626,242.3477822580645,513.6936423601809,100.0,0.0,6.569556451612903,0.0,0.0,102.49999999999999,203.21894984812417,851.8188203201436,0.023251626306646983,100.0,1.0,6.0570648107225695
191,2035,7,14,6.492828447697523E18,42.99874653389948,0.0013333210224150142,0.0,36.742039519963,0.0,349.6661703774658,241.37298387096774,516.8841592422565,100.0,0.10685483870967742,6.074596774193548,0.0,0.0,102.49999999999999,473.84598112292593,888.4373340148509,0.05661930936276373,89.31451612903226,1.0,6.175740649486397
193,2035,7,14,2.861374886328272E18,42.790238381997376,0.002438383282840497,0.0,45.849893896856734,0.0,145.28157264429387,242.9758064516129,646.5554978848326,100.0,0.0030241935483870967,6.395161290322581,0.0,0.0,102.49999999999999,275.0,762.7692545148316,0.023639188975733284,99.69758064516128,1.0,6.145793444666485
195,2035,7,14,2.797545246119503E18,42.94198337348645,0.0013620598786965676,0.0,29.707588310144832,0.0,180.10688371688767,242.21975806451613,337.75182783349925,100.0,0.014112903225806451,6.243951612903226,0.0,0.0,102.49999999999999,259.18435557404894,797.8422872384605,0.029202158816867947,98.58870967741935,1.0,6.167587980271278
197,2035,7,14,4.974214387304059E17,43.65280904452025,0.0013899086866253137,0.0,50.700287176167016,0.0,233.44261501062533,243.7116935483871,789.2680054574453,100.0,0.0,6.542338709677419,0.0,0.0,102.49999999999999,275.0,766.8025633864424,0.03723357094482428,100.0,1.0,6.269681072399945
189,2035,7,14,1.481964993321812E18,43.9274949391229,0.0015365154932967492,0.0,46.48993212809333,0.0,155.7627245881927,242.9758064516129,703.5318928767941,100.0,0.01310483870967742,6.395161290322581,0.0,0.0,102.49999999999999,275.0,809.0183583621877,0.02468845108859756,98.68951612903226,1.0,6.309133125817366
181,2035,7,14,6.307363977605812E18,43.32958642583388,0.0015649198606301018,0.0,41.052386349868705,0.0,254.9062208693994,240.76814516129033,562.32733128347,100.0,0.10685483870967742,5.953629032258065,0.0,0.0,102.49999999999999,275.0,806.5282333462658,0.04096025357895336,89.31451612903226,1.0,6.223257880424306
199,2035,7,14,8.617806463867117E18,43.24264794323289,0.0016238238293255574,0.0,38.48220724323123,0.0,185.4108321338001,242.89012096774192,608.9025650078811,100.0,0.0,6.378024193548387,0.0,0.0,102.49999999999999,256.6768834564426,972.128774213825,0.029853109173592615,100.0,1.0,6.210771248504003
196,2035,7,15,4.898742477016446E18,44.13144698898707,0.0018402892700683025,0.0,38.8235242179319,0.0,214.29303240009438,245.2016129032258,621.6115127989676,100.0,0.09879032258064516,6.540322580645161,0.0,0.0,102.49999999999999,233.21564990736036,978.1569308113876,0.033808556556434145,90.12096774193549,1.0,6.338425955642049
198,2035,7,15,7.278710821350941E18,44.264428915524526,0.0023020139766169825,0.0,30.677831689652887,0.0,210.63474094344454,243.44758064516128,405.25076912547405,100.0,0.036290322580645164,6.189516129032258,0.0,0.0,102.49999999999999,275.0,913.8171874320157,0.033131559875803636,96.37096774193549,1.0,6.357525626110756
184,2035,7,15,3.1730362057635645E18,43.41112738295796,0.0022832698424562433,0.0,37.64055447542373,0.0,267.2067276823275,244.58165322580646,473.32151222179357,100.0,0.0,6.41633064516129,0.0,0.0,102.49999999999999,273.3200000000052,783.0764017668921,0.04285614176782784,100.0,1.0,6.234969287014071
185,2035,7,15,3.0688222562761073E18,43.7126696380854,0.0019231141193426986,0.0,48.314203774970366,0.0,283.21331094786524,244.7883064516129,833.7403688955062,100.0,0.0,6.457661290322581,0.0,0.0,102.49999999999999,275.0,891.0200712301445,0.04511002591187386,100.0,1.0,6.278278613742002
182,2035,7,15,8.834479670273441E18,44.029970487270404,0.0024678906713017147,0.0,37.8702227588949,0.0,238.09810139531768,244.9798387096774,512.0791333611452,100.0,0.0,6.495967741935484,0.0,0.0,102.49999999999999,218.4138560183072,838.9032383142645,0.03765080655034625,100.0,1.0,6.323851285282175
180,2035,7,16,5.096996787781837E17,44.913896734129814,0.002025564442630483,0.0,36.1039277087428,0.0,232.27703412995632,245.5272177419355,497.964134709219,100.0,0.014112903225806451,6.305443548387097,0.0,0.0,102.49999999999999,275.0,880.038021373326,0.0360074430071045,98.58870967741935,1.0,6.450806131502494
193,2035,11,16,2.861374886328272E18,44.408139253187485,0.0021726998742985504,0.0,35.2595688422921,0.0,946.6454578366222,374.27520161290323,514.7409327586576,100.0,0.0,4.755040322580645,0.0,0.0,88.0,0.0,944.2211594883036,0.1487909330847345,100.0,1.0,6.362252310747457
196,2035,11,16,4.898742477016446E18,44.39155348020948,0.00897325048085301,0.0,39.28089854103907,0.0,1050.960634730131,372.84879032258067,630.8411143485185,100.0,0.0,4.469758064516129,0.0,0.0,88.0,0.0,974.3411768655635,0.16524860191721494,100.0,1.0,6.359876105073699
187,2035,11,16,8.507560024639921E18,43.869881629311216,0.0039739816124238336,0.0,42.816084254804025,0.0,874.2628752704798,377.06754032258067,690.3080877455222,100.0,0.0,5.313508064516129,0.0,0.0,88.0,0.0,921.2362547262943,0.13910004239002322,100.0,1.0,6.285137374862406
180,2035,11,16,5.096996787781837E17,43.788096783770165,0.0032965652023706775,0.0,29.120122945567427,0.0,1142.8953736651458,369.19254032258067,390.5833540043387,100.0,0.0,4.938508064516129,0.0,0.0,88.0,0.0,949.5261533767647,0.18218058548147992,100.0,1.0,6.273420247523193
197,2035,11,17,4.974214387304059E17,44.90659858849629,0.0037893794260359056,0.0,42.874635953703425,0.0,962.790237243817,373.1290322580645,684.892985968626,100.0,0.0,4.225806451612903,0.0,0.0,88.0,0.0,911.8768211067836,0.1496487883403964,100.0,1.0,6.433665437062012
184,2035,11,17,3.1730362057635645E18,44.948341475571645,0.0031287484242862717,0.0,27.277336665138815,0.0,1041.2949164380977,377.914314516129,354.299229903779,100.0,0.0,3.9828629032258065,0.0,0.0,88.0,0.0,943.3427044498291,0.16170064962166456,100.0,1.0,6.439645844803
188,2035,11,17,5.859174576972996E18,44.52357382679398,0.00897325048085301,0.0,36.65690204475068,0.0,865.9445425426742,372.75604838709677,529.0796713984864,100.0,0.0,4.151209677419355,0.0,0.0,88.0,0.0,913.4410169986921,0.1357537235137433,100.0,1.0,6.3787903574888585
189,2035,11,17,1.481964993321812E18,44.93517827822469,0.00380544973742707,0.0,40.185140053338074,0.0,967.0316196521011,372.59475806451616,620.4935308968651,100.0,0.0,4.118951612903226,0.0,0.0,88.0,0.0,922.8936962495089,0.15021243757167949,100.0,1.0,6.437759983694065
181,2035,11,17,6.307363977605812E18,44.54318128082595,0.00279540513422213,0.0,32.430514358723556,0.0,957.7508507410531,373.1038306451613,455.7011223251315,100.0,0.0,4.220766129032258,0.0,0.0,88.0,0.0,947.9829474964031,0.15008006297969598,100.0,1.0,6.3815994724804
194,2035,11,18,4.281117921937587E18,45.47899296263012,0.003480702281168753,0.0,43.94839829196218,0.0,855.6084611432686,378.7741935483871,748.7237175736417,100.0,0.0,3.8548387096774195,0.0,0.0,88.0,0.0,954.2122461888958,0.13131547807707997,100.0,1.0,6.515671066902266
195,2035,11,18,2.797545246119503E18,45.39745867395949,0.00897325048085301,0.0,21.865439878020943,0.0,954.719092203689,377.30745967741933,262.19190159162406,100.0,0.0,3.561491935483871,0.0,0.0,88.0,0.0,935.3414949620301,0.14678975770832353,100.0,1.0,6.503989836271477
183,2035,11,18,6.605295447056412E18,45.55785291808073,0.005086876689825979,0.0,37.532394639605926,0.0,867.2497666367102,380.741935483871,570.5177250144069,100.0,0.0,3.0483870967741935,0.0,0.0,88.0,0.0,948.4207391901033,0.13287174283312134,100.0,1.0,6.526969151943179
185,2035,11,18,3.0688222562761073E18,45.230443661100786,0.0034249047636843587,0.0,46.700002148146964,0.0,1037.8233415759466,373.02620967741933,831.6066408317757,100.0,0.0,3.905241935483871,0.0,0.0,88.0,0.0,948.5874596924408,0.16015639125998116,100.0,1.0,6.480061978240086
190,2035,11,18,2.9539370702862316E18,44.93911267710238,0.00897325048085301,0.0,33.77669876288905,0.0,866.1729017846025,375.46270161290323,490.7574613692524,100.0,0.0,3.192540322580645,0.0,0.0,88.0,0.0,960.7064845797972,0.1345339172219326,100.0,1.0,6.438323656002143
182,2035,11,18,8.834479670273441E18,44.85077230174738,0.004688218642033969,0.0,29.756115999979315,0.0,1043.3944275493145,378.76915322580646,408.86147244197207,100.0,0.0,3.8538306451612905,0.0,0.0,88.0,0.0,963.8721516469175,0.16237915433335368,100.0,1.0,6.425667332934217
199,2035,11,18,8.617806463867117E18,45.405623397720916,0.002714231845388089,0.0,40.291251942921456,0.0,959.3381811716002,379.4445564516129,667.484838051038,100.0,0.0,3.9889112903225805,0.0,0.0,88.0,0.0,988.4868194444296,0.1474734277827089,100.0,1.0,6.505159577528188
191,2035,11,19,6.492828447697523E18,45.88146377529122,0.008323980037897031,0.0,37.43894899203669,0.0,958.5428435124063,379.1350806451613,560.456305841805,100.0,0.0,3.627016129032258,0.0,0.0,88.0,0.0,935.3391719170181,0.14582297432176605,100.0,1.0,6.573332137618666
192,2035,11,19,1.0005304447219302E18,46.17385075171384,0.0027109518069042275,0.0,42.63569219810986,0.0,887.3458088527732,381.3397177419355,712.5064972257031,100.0,0.0,2.867943548387097,0.0,0.0,88.0,0.0,957.4056019791716,0.13413697113385523,100.0,1.0,6.615221749470481
198,2035,11,19,7.278710821350941E18,46.27437832176055,0.004415969724829254,0.0,29.265095548583602,0.0,1027.201905789591,382.5241935483871,402.950328906262,100.0,0.0,3.1048387096774195,0.0,0.0,88.0,0.0,972.5729853326512,0.15494119872833506,100.0,1.0,6.629624103984296
186,2035,11,19,4.898224502314156E18,46.237179330996,0.0030417798240179785,0.0,44.54296372082508,0.0,893.3158776975057,382.16129032258067,754.3091829967523,100.0,0.0,3.032258064516129,0.0,0.0,88.0,0.0,937.3219580203935,0.1348544893490445,100.0,1.0,6.624294689851459
193,2036,3,4,2.861374886328272E18,51.70656552265732,0.013183032048265944,0.0,46.51966407538546,0.0,87.00000000000001,264.4868951612903,821.7530970767533,100.0,0.0,6.797379032258065,0.0,0.0,143.0,606.8675645527725,943.907088478433,0.011773611714142113,100.0,1.0,7.3894062512269025
197,2036,3,4,4.974214387304059E17,51.58602378951009,0.3925284546396923,0.0,43.244364586249006,0.0,49.300000000000615,256.5,788.8629362207616,100.0,0.0,5.5,0.0,0.0,143.0,826.7780494667452,1034.6131170747024,0.006687303183987651,100.0,1.0,7.372179583250618
187,2036,3,4,8.507560024639921E18,52.7630081648442,0.026919751442559193,0.0,40.966552543802756,0.0,66.6999999999988,254.875,777.1563349936492,100.0,0.0,4.875,0.0,0.0,143.0,612.8597415476584,1119.268150753052,0.008845704641892315,100.0,1.0,7.540382897719046
189,2036,3,4,1.481964993321812E18,51.403958847916556,0.026919751442559193,0.0,41.07474427652851,0.0,60.900000000000986,263.67237903225805,728.055282164474,100.0,0.0,6.934475806451613,0.0,0.0,143.0,622.7649384361664,1043.526518479444,0.008290044724681932,100.0,1.0,7.346160608601248
180,2036,3,4,5.096996787781837E17,52.411209949634724,0.3995960054871665,0.0,17.03232123340821,0.0,55.099999999999056,256.11995967741933,267.52064263773525,100.0,0.0,5.123991935483871,0.0,0.0,143.0,822.2907590705787,1301.0889066359944,0.007356369942162895,100.0,1.0,7.490107272092781
195,2036,3,5,2.797545246119503E18,52.23793865112726,0.044866252404265256,0.0,24.63699652862082,0.0,57.99999999999999,262.4929435483871,351.26633959929933,100.0,0.0,6.698588709677419,0.0,0.0,143.0,622.2608690789972,1072.6192786844035,0.007769232365788474,100.0,1.0,7.4653450005435324
196,2036,3,5,4.898742477016446E18,53.102543075617966,0.044866252404265256,0.0,19.145793690587176,0.0,52.19999999999926,262.5342741935484,374.88221340058976,100.0,0.0,6.106854838709677,0.0,0.0,143.0,616.5933706824443,1580.5705339932629,0.0068784618243467035,100.0,1.0,7.5889059695344105
182,2036,3,5,8.834479670273441E18,51.78767918587625,0.044866252404265256,0.0,20.75288443848963,0.0,52.19999999999926,260.53729838709677,325.27738416993554,100.0,0.0,6.307459677419355,0.0,0.0,143.0,814.6729634658827,1240.3265182820599,0.00705310261173048,100.0,1.0,7.4009982377375305
191,2036,3,6,6.492828447697523E18,51.88916279455767,0.023212399617875513,0.0,31.154392276003573,0.0,57.99999999999999,259.29737903225805,523.0397873035719,100.0,0.0,6.059475806451613,0.0,0.0,143.0,804.9106229412159,1154.3826176672028,0.007821453687685578,100.0,1.0,7.4155013014163345
194,2036,3,6,4.281117921937587E18,53.01888360087085,0.017438299102157422,0.0,36.12911627457842,0.0,60.900000000000986,260.414314516129,736.8247460525291,100.0,0.0,5.982862903225806,0.0,0.0,143.0,823.6105716704321,1301.6096205051808,0.008037534722212419,100.0,1.0,7.576950160065697
198,2036,3,6,7.278710821350941E18,51.65312488069928,0.06281275336597107,0.0,8.776463590071357,0.0,55.099999999999056,264.0907258064516,139.7120299456203,100.0,0.0,7.018145161290323,0.0,0.0,143.0,819.8193089736166,1445.9888891786873,0.007464335418164604,100.0,1.0,7.381769027408943
183,2036,3,6,6.605295447056412E18,52.75036330448251,0.06281275336597107,0.0,28.717003378224724,0.0,43.49999999999999,260.898185483871,529.2649280438222,100.0,0.0,6.079637096774194,0.0,0.0,143.0,610.4743215409611,1312.684340904612,0.005770320689752336,100.0,1.0,7.538575815595967
184,2036,3,6,3.1730362057635645E18,53.267403630998515,0.03257922892425902,0.0,36.16301377053699,0.0,66.6999999999988,259.1118951612903,563.4425498424239,100.0,0.0,5.422379032258065,0.0,0.0,143.0,612.9913451187415,993.8183340154116,0.008761943598323918,100.0,1.0,7.612466258371933
188,2036,3,6,5.859174576972996E18,53.31975282398376,0.06281275336597107,0.0,40.4892976337193,0.0,46.400000000000844,263.8195564516129,704.0993305959128,100.0,0.0,6.363911290322581,0.0,0.0,143.0,606.00606278842,1034.0873223489666,0.006089280796633585,100.0,1.0,7.619947502774506
190,2036,3,6,2.9539370702862316E18,52.872505795086724,0.06281275336597107,0.0,24.097796532795936,0.0,43.49999999999999,260.1320564516129,416.7029396561489,100.0,0.0,5.926411290322581,0.0,0.0,143.0,822.8385265762843,1310.8804055491105,0.005756990484761423,100.0,1.0,7.556031248469692
181,2036,3,6,6.307363977605812E18,53.583583763038824,0.06281275336597107,0.0,35.569949196018975,0.0,66.6999999999988,262.75604838709677,603.1126945760301,100.0,0.0,6.151209677419355,0.0,0.0,143.0,614.6425694307537,1091.529534507357,0.008710242082872854,100.0,1.0,7.657651689285709
199,2036,3,6,8.617806463867117E18,52.307981603303276,0.06281275336597107,0.0,28.099478127015104,0.0,66.6999999999988,254.4264112903226,537.0157292923464,100.0,0.0,4.785282258064516,0.0,0.0,143.0,621.2325936572278,1372.8759571657035,0.008922653330108395,100.0,1.0,7.475354867248719
192,2036,3,7,1.0005304447219302E18,52.83954023903682,0.08075925432767775,0.0,19.318905214662138,0.0,52.19999999999926,256.2358870967742,344.464191849414,100.0,0.0,5.147177419354839,0.0,0.0,143.0,813.7848608305518,1436.709991494572,0.0069126985902786845,100.0,1.0,7.551320127483646
185,2036,3,7,3.0688222562761073E18,53.348891209977666,0.08075925432767775,0.0,43.932775822381366,0.0,46.400000000000844,261.375,925.9050547997671,100.0,0.0,5.875,0.0,0.0,143.0,614.3067588536544,1180.7904171209066,0.0060859549203079,100.0,1.0,7.62411168133552
186,2036,3,7,4.898224502314156E18,52.64874221501431,0.2446430207600147,0.0,39.0606172932123,0.0,60.900000000000986,260.99395161290323,726.8503779040974,100.0,0.0,6.098790322580645,0.0,0.0,143.0,808.6828880177421,1133.0445363335673,0.008094041755729016,100.0,1.0,7.5240531044821415
195,2036,7,12,2.797545246119503E18,42.63337438468377,0.0014826917516280612,0.0,28.202660350907113,0.0,190.37425054735536,241.55645161290323,327.41034875463436,100.0,0.0,6.411290322580645,0.0,0.0,102.80000000000182,275.0,831.7801117426801,0.0313241019551107,100.0,1.0,6.077564516300355
198,2036,7,12,7.278710821350941E18,43.378029139304495,0.0012325893517655298,0.0,27.72953182471731,0.0,173.15523441968884,239.33366935483872,365.2577156392055,100.0,0.10685483870967742,5.966733870967742,0.0,0.0,102.80000000000182,275.0,949.8027030275288,0.02800179930790392,89.31451612903226,1.0,6.183718143098512
185,2036,7,12,3.0688222562761073E18,43.44360895558241,0.001970410733608484,0.0,47.20401547687536,0.0,213.8551046348106,240.1804435483871,800.1565370405434,100.0,0.0,6.136088709677419,0.0,0.0,102.80000000000182,275.0,893.9997535255739,0.034531373697974134,100.0,1.0,6.193066818171701
186,2036,7,12,4.898224502314156E18,42.494613187193686,0.002157031365589673,0.0,46.50183694319241,0.0,250.13191551028837,239.99395161290323,696.771307438551,100.0,0.0,6.098790322580645,0.0,0.0,102.80000000000182,245.71802358818044,800.6717096905144,0.04129099599037403,100.0,1.0,6.057783531513757
188,2036,7,12,5.859174576972996E18,43.02947796716764,0.004486625240426505,0.0,42.493286290200835,0.0,170.7463888887558,240.54334677419354,594.9632905704309,100.0,0.0846774193548387,6.20866935483871,0.0,0.0,102.80000000000182,274.6799999999948,804.2708030501294,0.02783592005046643,91.53225806451613,1.0,6.134030726456793
190,2036,7,12,2.9539370702862316E18,43.211707541561466,0.0015423256240723676,0.0,37.087439096415466,0.0,158.67909835526245,239.4798387096774,522.7476227770452,100.0,0.0,5.995967741935484,0.0,0.0,102.80000000000182,262.74435557404695,885.6541440665288,0.025759559143396983,100.0,1.0,6.160008308835405
180,2036,7,12,5.096996787781837E17,43.260073747312944,0.0013633015011931084,0.0,33.49548350244764,0.0,102.73175227334563,239.4647177419355,433.0131255184495,100.0,0.0846774193548387,5.992943548387097,0.0,0.0,102.80000000000182,219.99649004830496,858.4854819026469,0.016658564339863107,91.53225806451613,1.0,6.166903112263625
182,2036,7,12,8.834479670273441E18,43.73967860147779,0.003358252425468954,0.0,34.917216999431396,0.0,120.22268760137699,238.88508064516128,456.32933207429556,100.0,0.10685483870967742,5.877016129032258,0.0,0.0,102.80000000000182,249.09435557405195,849.4874517731699,0.019281063063733717,89.31451612903226,1.0,6.23527277536409
191,2036,7,13,6.492828447697523E18,43.153364369680276,0.0015881859258146955,0.0,39.946341384481556,0.0,246.51055159811892,243.7016129032258,556.2596110904767,100.0,0.0,6.540322580645161,0.0,0.0,102.80000000000182,269.52014810900585,835.282822458717,0.04007199673743526,100.0,1.0,6.151691247464811
192,2036,7,13,1.0005304447219302E18,43.84319767112229,0.0015465788488198936,0.0,37.359671555972696,0.0,168.47578364061764,240.8235887096774,551.1838458035193,100.0,0.10685483870967742,5.964717741935484,0.0,0.0,102.80000000000182,248.98855557405471,923.04736454944,0.0269559966470669,89.31451612903226,1.0,6.25002984851423
193,2036,7,13,2.861374886328272E18,44.0956668699436,0.001393361875908859,0.0,45.51529578386713,0.0,269.30723197911834,242.2298387096774,683.999029611593,100.0,0.03024193548387097,6.245967741935484,0.0,0.0,102.80000000000182,476.410560675418,818.0128418311166,0.04284224607267941,96.9758064516129,1.0,6.2860203809635475
194,2036,7,13,4.281117921937587E18,43.29680483010195,0.0016350675074440625,0.0,47.55816343002798,0.0,184.44655161184986,242.0483870967742,790.1989745036848,100.0,0.0,6.209677419354839,0.0,0.0,102.80000000000182,237.33419084726447,870.2977370999499,0.029883731268237877,100.0,1.0,6.172139280608848
196,2036,7,13,4.898742477016446E18,43.23544800488569,0.0017924990972539038,0.0,30.366518759367157,0.0,210.13964594063123,243.3991935483871,477.98533469803033,100.0,0.0,6.479838709677419,0.0,0.0,102.80000000000182,275.0,1094.270380569129,0.034094801227582544,100.0,1.0,6.163392610443764
197,2036,7,13,4.974214387304059E17,43.56671404282938,0.0024870428162009485,0.0,48.94942484127803,0.0,100.51395403255931,243.34375,752.4498986761389,100.0,0.0,6.46875,0.0,0.0,102.80000000000182,275.0,783.718523481147,0.016184216620205232,100.0,1.0,6.210615959444856
183,2036,7,13,6.605295447056412E18,44.43355551384981,0.0013034936782180466,0.0,37.992188162471955,0.0,175.66708714722958,242.39112903225808,588.3899174038062,100.0,0.0,6.278225806451613,0.0,0.0,102.80000000000182,275.0,959.2833953407722,0.027733166811313346,100.0,1.0,6.334187809939134
184,2036,7,13,3.1730362057635645E18,42.82021764204326,0.0014590651188378873,0.0,35.83101899553477,0.0,220.66151538588502,241.28729838709677,447.83484614514305,100.0,0.0,6.057459677419355,0.0,0.0,102.80000000000182,275.0,800.8841958280843,0.03614913054547991,100.0,1.0,6.104199798340006
181,2036,7,13,6.307363977605812E18,44.05980319272503,0.0024370587943652973,0.0,39.57925422188033,0.0,135.99467617015446,240.84879032258064,550.5278892573951,100.0,0.10685483870967742,5.969758064516129,0.0,0.0,102.80000000000182,272.2699999999961,839.4402284758745,0.021652073091296183,89.31451612903226,1.0,6.280907864883493
189,2036,7,14,1.481964993321812E18,44.52561780198006,0.001642249355939429,0.0,45.9184800097582,0.0,204.028941349537,244.00201612903226,696.2092831427922,100.0,0.0,6.300403225806452,0.0,0.0,102.80000000000182,273.76999999999623,819.1855761109015,0.03214415045529049,100.0,1.0,6.347311671320174
199,2036,7,14,8.617806463867117E18,43.3304908427658,0.00897325048085301,0.0,35.04069581765793,0.0,258.5953060705578,243.44758064516128,547.9814324752934,100.0,0.10685483870967742,6.189516129032258,0.0,0.0,102.80000000000182,275.0,1014.3947051206802,0.04186462051907961,89.31451612903226,1.0,6.17694136156577
187,2036,7,15,8.507560024639921E18,44.206485150496896,0.002380172541340328,0.0,45.544336442720876,0.0,102.47644450032855,245.56754032258064,722.4207043037886,100.0,0.0,6.313508064516129,0.0,0.0,102.80000000000182,273.440000000002,862.5017190326321,0.016261409757125304,100.0,1.0,6.301817986932295
187,2036,11,15,8.507560024639921E18,44.41030535873868,0.004876766565680994,0.0,42.19425662357087,0.0,1142.6046954202918,373.49899193548384,670.4274069584206,100.0,0.0,4.599798387096774,0.0,0.0,88.0,0.0,917.8350710930182,0.18093220784743488,100.0,1.0,6.315098395216377
199,2036,11,15,8.617806463867117E18,43.762166187649854,0.002915286056157593,0.0,35.563768136662645,0.0,1033.715302429786,376.5282258064516,560.3533084244697,100.0,0.0,5.205645161290323,0.0,0.0,88.0,0.0,1013.6559845568521,0.16611382246548095,100.0,1.0,6.222933691412681
193,2036,11,16,2.861374886328272E18,44.91469605409232,0.004005915393237951,0.0,37.37702589122985,0.0,966.6063368618953,374.05645161290323,570.7095273460284,100.0,0.0,4.411290322580645,0.0,0.0,88.0,0.0,955.3884187032368,0.15134386144951717,100.0,1.0,6.386822217988143
196,2036,11,16,4.898742477016446E18,45.210709353932714,0.00897325048085301,0.0,40.54233835996131,0.0,953.3927215579708,371.18850806451616,665.1682599035871,100.0,0.0,3.837701612903226,0.0,0.0,88.0,0.0,974.8211069821044,0.14829760887878496,100.0,1.0,6.42891499577213
197,2036,11,16,4.974214387304059E17,45.38736134863457,0.003066729487646275,0.0,42.37100440360577,0.0,958.48195112525,377.56149193548384,676.712296873343,100.0,0.0,3.912298387096774,0.0,0.0,88.0,0.0,919.6646809878027,0.14850895484102794,100.0,1.0,6.454034722359073
184,2036,11,16,3.1730362057635645E18,44.48967947197683,0.0022671173524135956,0.0,25.84294208944781,0.0,947.1213394020285,376.66229838709677,334.7030354404019,100.0,0.0,4.932459677419355,0.0,0.0,88.0,0.0,959.4678738555738,0.1497097146287794,100.0,1.0,6.326385310068309
185,2036,11,16,3.0688222562761073E18,45.054289671025266,0.0038711175499797326,0.0,46.07757477918755,0.0,883.624348146416,372.17137096774195,808.1284225436259,100.0,0.0,4.034274193548387,0.0,0.0,88.0,0.0,944.4611211606325,0.13792251408899595,100.0,1.0,6.406672282498042
186,2036,11,16,4.898224502314156E18,44.93240015240646,0.00897325048085301,0.0,40.57633213487243,0.0,865.0845970398877,373.5977822580645,641.212280223275,100.0,0.0,4.319556451612903,0.0,0.0,88.0,0.0,938.1891792434208,0.13539499145088818,100.0,1.0,6.389339722021253
188,2036,11,16,5.859174576972996E18,44.344669278053914,0.0028595444489652715,0.0,34.99024265638227,0.0,878.036851499063,376.38004032258067,503.70524086079,100.0,0.0,4.876008064516129,0.0,0.0,88.0,0.0,934.7031707497678,0.13924350963653617,100.0,1.0,6.3057650140461154
189,2036,11,16,1.481964993321812E18,44.16283770685508,0.0028396362281180453,0.0,38.102247423719135,0.0,1057.336999119149,372.92237903225805,571.806018372493,100.0,0.0,4.184475806451613,0.0,0.0,88.0,0.0,927.4966691245579,0.16836821043181752,100.0,1.0,6.27990875716606
190,2036,11,16,2.9539370702862316E18,45.19025065243342,0.004067656609634182,0.0,33.21965083524559,0.0,880.4727213714557,377.8084677419355,488.3579562384615,100.0,0.0,3.961693548387097,0.0,0.0,88.0,0.0,980.8605017170028,0.13701710675864262,100.0,1.0,6.426005790082984
180,2036,11,16,5.096996787781837E17,45.21845704328792,0.004639736546459689,0.0,27.385834995700172,0.0,881.1418314349768,377.78326612903226,369.0816260313354,100.0,0.0,3.9566532258064515,0.0,0.0,88.0,0.0,977.5193297784543,0.1370356985546302,100.0,1.0,6.43001670899429
191,2036,11,17,6.492828447697523E18,45.265317291301,0.0018764639232231339,0.0,35.02952677386856,0.0,952.1518752893155,379.51512096774195,510.3554933863265,100.0,0.0,4.003024193548387,0.0,0.0,88.0,0.0,945.6528221459183,0.1479259257381635,100.0,1.0,6.4366801866406655
192,2036,11,17,1.0005304447219302E18,45.2204671639203,0.002786723751817718,0.0,36.33347313044972,0.0,965.6151087325298,374.15020161290323,551.4012892398697,100.0,0.0,4.130040322580645,0.0,0.0,88.0,0.0,965.3518999641523,0.1501663571537924,100.0,1.0,6.430302546019667
195,2036,11,17,2.797545246119503E18,45.60019647080217,0.003085711994791273,0.0,22.749226889011457,0.0,864.026567777277,379.1471774193548,281.643191982156,100.0,0.0,3.9294354838709675,0.0,0.0,88.0,0.0,955.1249704452404,0.13324901905119335,100.0,1.0,6.484299651356713
198,2036,11,17,7.278710821350941E18,45.72892878778485,0.00897325048085301,0.0,28.686894255265077,0.0,885.6971521629771,373.23790322580646,397.1185774519817,100.0,0.0,3.9475806451612905,0.0,0.0,88.0,0.0,985.7579679013229,0.13620650770594517,100.0,1.0,6.502605250514899
183,2036,11,17,6.605295447056412E18,45.4157126471881,0.002521992827670898,0.0,37.93843939418039,0.0,974.8133755401053,378.30040322580646,599.0712087887368,100.0,0.0,3.7600806451612905,0.0,0.0,88.0,0.0,978.87012833457,0.1509450876249816,100.0,1.0,6.458066246991747
181,2036,11,17,6.307363977605812E18,44.997001531764894,0.0025121081973272733,0.0,32.2509090666189,0.0,968.9911912783595,375.3346774193548,457.05210779169886,100.0,0.0,4.366935483870968,0.0,0.0,88.0,0.0,958.9449566100434,0.1514397528209021,100.0,1.0,6.398525969758561
182,2036,11,17,8.834479670273441E18,45.838044402179044,0.0034645754752328094,0.0,29.51520739439811,0.0,890.540264347237,378.0534274193548,403.2216519865625,100.0,0.0,3.7106854838709675,0.0,0.0,88.0,0.0,961.8304632472574,0.13662529631877746,100.0,1.0,6.518121375337454
194,2036,11,18,4.281117921937587E18,46.1089360988207,0.007021322754971077,0.0,45.52921216835956,0.0,960.1564521951327,380.84576612903226,803.5102975506447,100.0,0.0,2.7691532258064515,0.0,0.0,88.0,0.0,960.4295292730285,0.146440276689395,100.0,1.0,6.556641887748263
187,2037,3,3,8.507560024639921E18,52.57881358677165,0.005559634746501256,0.0,36.596225609333885,0.0,34.79999999999966,258.55645161290323,682.2258686171825,100.0,0.0,5.911290322580645,0.0,0.0,143.0,617.2005610537046,1181.069348974304,0.004666111755029526,100.0,1.0,7.458029688742305
199,2037,3,3,8.617806463867117E18,52.60006054522203,0.005841959948472022,0.0,21.20819476578823,0.0,60.900000000000986,259.96270161290323,418.574566367898,100.0,0.0,6.192540322580645,0.0,0.0,143.0,610.1858979294396,1553.079412723417,0.008162397168358556,100.0,1.0,7.461043458664222
192,2037,3,4,1.0005304447219302E18,51.21228271255022,0.00897325048085301,0.0,22.4618334224644,0.0,87.00000000000001,262.19254032258067,367.34290789357124,100.0,0.0,6.938508064516129,0.0,0.0,143.0,612.8480415399739,1265.8597425697956,0.011976551676079663,100.0,1.0,7.264194432005165
197,2037,3,4,4.974214387304059E17,52.130786648029755,0.00897325048085301,0.0,47.05295890162888,0.0,60.900000000000986,258.9546370967742,875.0965766013946,100.0,0.0,5.990927419354839,0.0,0.0,143.0,616.2106450684252,984.0731280611425,0.008235873902087677,100.0,1.0,7.394479410929751
185,2037,3,4,3.0688222562761073E18,51.62177416797654,0.004415969724829254,0.0,34.584631996547216,0.0,66.6999999999988,257.88104838709677,651.3022255456863,100.0,0.0,5.776209677419355,0.0,0.0,143.0,622.0722425902519,1230.704051275154,0.009109186246552747,100.0,1.0,7.322278653072939
186,2037,3,4,4.898224502314156E18,52.42947518868512,0.00897325048085301,0.0,46.204270827709244,0.0,52.19999999999926,260.71370967741933,869.8916482873378,100.0,0.0,6.342741935483871,0.0,0.0,143.0,612.8137917479008,1012.2141874262304,0.007019103832142312,100.0,1.0,7.43684681810259
188,2037,3,4,5.859174576972996E18,52.25380181155704,0.00897325048085301,0.0,36.96611031701789,0.0,66.6999999999988,260.164314516129,619.6789492147617,100.0,0.0,6.232862903225806,0.0,0.0,143.0,617.198534836992,1055.8273124763653,0.008999007516608705,100.0,1.0,7.411928468433464
189,2037,3,4,1.481964993321812E18,51.77133755928517,0.00897325048085301,0.0,42.06008481817221,0.0,72.49999999999999,259.625,769.8021306484466,100.0,0.0,6.125,0.0,0.0,143.0,615.8847199536893,1059.6236580678465,0.009872685338911304,100.0,1.0,7.343493437824366
193,2037,3,5,2.861374886328272E18,52.59970276835374,0.026919751442559193,0.0,49.78631481108316,0.0,52.19999999999926,261.8054435483871,914.7524315482509,100.0,0.0,6.261088709677419,0.0,0.0,143.0,619.8038883297012,921.8719948485284,0.006996388018289712,100.0,1.0,7.460992709886851
196,2037,3,5,4.898742477016446E18,52.61198747359735,0.026919751442559193,0.0,11.514013247270686,0.0,60.900000000000986,260.0866935483871,226.98314848392616,100.0,0.0,5.917338709677419,0.0,0.0,143.0,611.4185738524335,1740.6732537102978,0.00816054678537414,100.0,1.0,7.462735231069309
183,2037,3,5,6.605295447056412E18,52.580063340121974,0.010135448585300886,0.0,30.787407340264075,0.0,60.900000000000986,257.43245967741933,591.7215614184554,100.0,0.0,5.686491935483871,0.0,0.0,143.0,614.4700265173539,1328.953710211134,0.008165501484327677,100.0,1.0,7.458206959718079
184,2037,3,5,3.1730362057635645E18,52.8774645913671,0.0156147050130853,0.0,31.158379652981353,0.0,69.59999999999933,258.5342741935484,469.05509670307663,100.0,0.0,5.606854838709677,0.0,0.0,143.0,612.4151747310653,1035.496078426662,0.009279515273234052,100.0,1.0,7.5003917716213495
190,2037,3,5,2.9539370702862316E18,52.70313466551582,0.026919751442559193,0.0,24.844863480400242,0.0,63.800000000001134,264.34576612903226,422.82833609220575,100.0,0.0,6.769153225806452,0.0,0.0,143.0,620.0482295204886,1277.4575482801908,0.00853435897345219,100.0,1.0,7.475663983488819
180,2037,3,5,5.096996787781837E17,52.01782932077116,0.026919751442559193,0.0,24.40924186930491,0.0,55.099999999999056,261.72479838709677,391.05462530530747,100.0,0.0,6.244959677419355,0.0,0.0,143.0,612.1030442337097,1209.249594764381,0.007467685989559217,100.0,1.0,7.37845700489227
195,2037,3,6,2.797545246119503E18,52.96212981101628,0.045763577452350365,0.0,18.517035436784585,0.0,55.099999999999056,260.1774193548387,265.36131216355665,100.0,0.0,5.935483870967742,0.0,0.0,143.0,816.558348454544,1165.7572639144805,0.00733453916245651,100.0,1.0,7.5124010901790275
198,2037,3,6,7.278710821350941E18,53.31100639146903,0.045763577452350365,0.0,20.92225235605893,0.0,66.6999999999988,261.2258064516129,349.51066762136,100.0,0.0,6.145161290322581,0.0,0.0,143.0,617.3029147676393,1318.5570353304693,0.008820549209306066,100.0,1.0,7.561887408283757
181,2037,3,6,6.307363977605812E18,52.619682876743546,0.045763577452350365,0.0,33.85173356348985,0.0,63.800000000001134,263.0403225806452,568.7905365657243,100.0,0.0,6.508064516129032,0.0,0.0,143.0,609.2273530234785,1110.4264778555075,0.008547893975630542,100.0,1.0,7.463826783754051
182,2037,3,6,8.834479670273441E18,53.013844583983605,0.045763577452350365,0.0,25.4800792321877,0.0,92.80000000000169,258.56451612903226,405.1426354329835,100.0,0.0,5.612903225806452,0.0,0.0,143.0,612.6288339859639,1183.5085564191602,0.012340857855427413,100.0,1.0,7.519736560225347
191,2037,3,7,6.492828447697523E18,53.629985032554615,0.06371007841405614,0.0,36.29544142147775,0.0,46.400000000000844,259.9133064516129,627.1785416927635,100.0,0.0,5.582661290322581,0.0,0.0,143.0,610.7397123390889,1099.8428146370643,0.006099538532255099,100.0,1.0,7.6071328600732695
194,2037,3,7,4.281117921937587E18,52.6143141541481,0.024693828842657608,0.0,40.731173621531624,0.0,40.59999999999924,261.88608870967744,847.3568547416745,100.0,0.0,6.277217741935484,0.0,0.0,143.0,605.7166315737445,1232.0274538789276,0.0054401239428484155,100.0,1.0,7.463065258535512
193,2037,7,12,2.861374886328272E18,43.12086201378105,0.0015167766194815794,0.0,45.419985089781015,0.0,272.6751759301401,237.5665322580645,675.7110448276345,100.0,0.10685483870967742,5.913306451612903,0.0,0.0,103.10000000000143,479.1527336710564,811.1730813526699,0.04469175527182239,89.31451612903226,1.0,6.101241141049084
185,2037,7,12,3.0688222562761073E18,43.13207739071649,0.006746804872821823,0.0,42.333714470565674,0.0,104.27829546607846,237.4858870967742,664.4559776862836,100.0,0.014112903225806451,5.897177419354839,0.0,0.0,103.10000000000143,275.0,904.1213996429516,0.01708688088087566,98.58870967741935,1.0,6.102828023035557
189,2037,7,12,1.481964993321812E18,42.240681381365654,0.0029190795318324793,0.0,43.900530105979975,0.0,104.5300073204354,237.69758064516128,647.5603860618536,100.0,0.0,5.939516129032258,0.0,0.0,103.10000000000143,275.0,826.47853684996,0.01748957715473157,100.0,1.0,5.97670294688378
192,2037,7,13,1.0005304447219302E18,43.35309520362536,0.0017491716336945537,0.0,32.74354820428948,0.0,127.45614267623543,240.93145161290323,452.04330351983623,100.0,0.0,6.286290322580645,0.0,0.0,103.10000000000143,275.0,927.0812214324375,0.020778294883246232,100.0,1.0,6.13410019409267
196,2037,7,13,4.898742477016446E18,42.50884882088756,0.0033734024364109115,0.0,25.22486769909028,0.0,232.88844995539537,241.2741935483871,396.7659088543892,100.0,0.07963709677419355,6.354838709677419,0.0,0.0,103.10000000000143,275.0,1173.2227815534432,0.038720223042090586,92.03629032258065,1.0,6.014646395560155
197,2037,7,13,4.974214387304059E17,42.86087144164331,0.0020029576966189757,0.0,46.920851523299135,0.0,242.26996382340084,240.35685483870967,708.7311790698682,100.0,0.0,6.171370967741935,0.0,0.0,103.10000000000143,275.0,800.7871031413159,0.03994917561071756,100.0,1.0,6.064454650683822
186,2037,7,13,4.898224502314156E18,43.77771706659556,0.0016778703217750625,0.0,47.56639239337759,0.0,241.25596707399893,240.47782258064515,738.6045961223904,100.0,0.0,6.195564516129032,0.0,0.0,103.10000000000143,275.0,813.3330417931269,0.03894881039325502,100.0,1.0,6.194180634481677
180,2037,7,13,5.096996787781837E17,43.44385982916426,0.001662944863019471,0.0,31.683409631388503,0.0,173.18104327384748,241.44052419354838,422.9692756820567,100.0,0.0,6.388104838709677,0.0,0.0,103.10000000000143,275.0,910.233346944653,0.02817352523419493,100.0,1.0,6.14694262909113
181,2037,7,13,6.307363977605812E18,42.68578237991743,0.0015030570319686794,0.0,35.599456525695885,0.0,164.00122911656996,240.5584677419355,479.3877656274867,100.0,0.0,6.211693548387097,0.0,0.0,103.10000000000143,273.4599999999981,865.835811955084,0.027153955440291887,100.0,1.0,6.0396810135889005
182,2037,7,13,8.834479670273441E18,43.70198810280252,0.0015831422866713232,0.0,19.294680097961244,0.0,279.10185430313925,241.24395161290323,250.04505001551675,100.0,0.0,6.348790322580645,0.0,0.0,103.10000000000143,480.91419344169964,1043.2364696920722,0.04513680053614661,100.0,1.0,6.183465619802359
191,2037,7,14,6.492828447697523E18,43.32894825591444,0.0014744085574848872,0.0,38.071952098047944,0.0,334.87559988318594,243.4445564516129,530.3215063935716,100.0,0.0,6.488911290322581,0.0,0.0,103.10000000000143,275.0,861.506624667952,0.05462288083443984,100.0,1.0,6.1306836030524074
194,2037,7,14,4.281117921937587E18,43.129334435936386,0.00897325048085301,0.0,45.81731126190184,0.0,162.46846741313007,242.72883064516128,779.5103527621975,100.0,0.0030241935483870967,6.345766129032258,0.0,0.0,103.10000000000143,274.92000000000485,920.7719534981815,0.026623525933768166,99.69758064516128,1.0,6.102439917887129
198,2037,7,14,7.278710821350941E18,44.06205173486792,0.0025305274903702894,0.0,28.803523338989137,0.0,262.2654596927322,243.70665322580646,396.5231794768824,100.0,0.0,6.54133064516129,0.0,0.0,103.10000000000143,275.0,978.7182243279628,0.042067395620936,100.0,1.0,6.234411610739425
183,2037,7,14,6.605295447056412E18,43.977523217012454,0.001608685995133203,0.0,38.63896159805456,0.0,172.05118881727648,244.3366935483871,619.615817107375,100.0,0.0,6.667338709677419,0.0,0.0,103.10000000000143,275.0,982.8214513274557,0.02765006491581376,100.0,1.0,6.222451532794634
184,2037,7,14,3.1730362057635645E18,42.83669903827039,0.00897325048085301,0.0,31.710199488453185,0.0,209.29765651728061,242.88508064516128,386.00454501707594,100.0,0.0,6.377016129032258,0.0,0.0,103.10000000000143,275.0,829.8168138896906,0.034531672435083594,100.0,1.0,6.061034457880405
188,2037,7,14,5.859174576972996E18,44.41232647584674,0.0028927306514677812,0.0,41.25353853175198,0.0,152.13716455122565,239.89616935483872,580.604868845296,100.0,0.10685483870967742,5.779233870967742,0.0,0.0,103.10000000000143,275.0,825.7156394784556,0.0242103483437476,89.31451612903226,1.0,6.283972555500862
190,2037,7,14,2.9539370702862316E18,43.73725270566507,0.0030583675803861708,0.0,32.52306407696067,0.0,136.79110165629206,240.9546370967742,453.76109223036036,100.0,0.10685483870967742,5.990927419354839,0.0,0.0,103.10000000000143,275.0,939.6832528516037,0.0221042401982798,89.31451612903226,1.0,6.188455266014411
199,2037,7,14,8.617806463867117E18,43.62237431141206,0.0029020861839757534,0.0,32.25788978985198,0.0,128.08700937656823,241.47883064516128,521.4301205615917,100.0,0.03024193548387097,6.095766129032258,0.0,0.0,103.10000000000143,275.0,1093.3239220510338,0.02075224230955843,96.9758064516129,1.0,6.1722009345260815
195,2037,7,15,2.797545246119503E18,43.9249249126841,0.008308565260049095,0.0,30.20448433433748,0.0,162.45843093223448,244.3296370967742,358.0917981624017,100.0,0.0,6.365927419354839,0.0,0.0,103.10000000000143,212.3357239208411,825.8725790562639,0.026139692276202834,100.0,1.0,6.215009312872978
187,2037,7,15,8.507560024639921E18,44.588169111731524,0.0024678906713017147,0.0,43.71582280210615,0.0,101.95518461634376,245.0201612903226,689.4678311515001,100.0,0.036290322580645164,6.504032258064516,0.0,0.0,103.10000000000143,275.0,886.7199520925213,0.01616065354085822,96.37096774193549,1.0,6.308852817033374
195,2037,11,16,2.797545246119503E18,44.36097843541962,0.00897325048085301,0.0,18.1876915944792,0.0,1040.6272612480495,379.75604838709677,217.22310085763107,100.0,0.0,4.651209677419355,0.0,0.0,88.0,0.0,975.5191898943343,0.16620551585972715,100.0,1.0,6.261087400530739
183,2037,11,16,6.605295447056412E18,44.56716768782392,0.0034275211920752643,0.0,38.92633778662343,0.0,935.698173520253,373.866935483871,630.8055960091763,100.0,0.0,4.673387096774194,0.0,0.0,88.0,0.0,989.0757307183108,0.1487551797416078,100.0,1.0,6.2901888535618635
185,2037,11,16,3.0688222562761073E18,44.52867275001635,0.0027340799758845294,0.0,39.9026441985061,0.0,809.7996954468642,377.9163306451613,644.9584310024692,100.0,0.0,4.283266129032258,0.0,0.0,88.0,0.0,970.3788470789679,0.12885141993947244,100.0,1.0,6.284755696345956
186,2037,11,16,4.898224502314156E18,44.631318737884115,0.0026690215588498077,0.0,40.10615666176877,0.0,882.6652185958114,372.66733870967744,633.4037525926677,100.0,0.0,4.433467741935484,0.0,0.0,88.0,0.0,944.857043735503,0.14012242491150798,100.0,1.0,6.299243102260356
181,2037,11,16,6.307363977605812E18,44.62605898655834,0.005210946852992467,0.0,29.611436323157488,0.0,868.0222381678722,380.0383064516129,415.73407735609226,100.0,0.0,4.707661290322581,0.0,0.0,88.0,0.0,987.1366511575062,0.1378141042642955,100.0,1.0,6.298500743459514
192,2037,11,17,1.0005304447219302E18,45.00007385146215,0.002304378654559077,0.0,30.777664955046482,0.0,879.8343113546033,380.84274193548384,439.8544864272234,100.0,0.0,4.568548387096774,0.0,0.0,88.0,0.0,988.1004181866548,0.13852846376243524,100.0,1.0,6.3512890236294375
193,2037,11,17,2.861374886328272E18,44.465160142995984,0.0027109518069042275,0.0,36.191125019979694,0.0,812.5583863016805,380.8780241935484,553.83276102498,100.0,0.0,4.575604838709677,0.0,0.0,88.0,0.0,975.5896351539844,0.1294750437289735,100.0,1.0,6.275791557194499
196,2037,11,17,4.898742477016446E18,45.37280823813147,0.0047527809750280816,0.0,38.961693639824716,0.0,865.69134800425,379.88004032258067,651.6170078891244,100.0,0.0,4.376008064516129,0.0,0.0,88.0,0.0,1019.9767218716379,0.13518196889959513,100.0,1.0,6.4038965777102455
197,2037,11,17,4.974214387304059E17,45.21807858625106,0.0042286760041720176,0.0,39.250873086664676,0.0,873.2628941746212,385.42137096774195,623.9173406099104,100.0,0.0,4.284274193548387,0.0,0.0,88.0,0.0,964.6563972469868,0.13683092183838336,100.0,1.0,6.382058108225477
187,2037,11,17,8.507560024639921E18,45.78068773088856,0.004268910790129884,0.0,41.11223237086272,0.0,1055.0491315894653,385.53729838709677,664.0273103292636,100.0,0.0,4.307459677419355,0.0,0.0,88.0,0.0,950.2885874739021,0.1632832823500858,100.0,1.0,6.461464495351081
188,2037,11,17,5.859174576972996E18,45.26639424270395,0.0032070230453370356,0.0,33.30408775920992,0.0,939.5459011468292,380.32358870967744,476.42437492664754,100.0,0.0,4.464717741935484,0.0,0.0,88.0,0.0,953.3732845889546,0.1470596238816982,100.0,1.0,6.388877357000756
180,2037,11,17,5.096996787781837E17,45.15885520791178,0.00897325048085301,0.0,27.733874707040084,0.0,881.0799622396622,380.5655241935484,383.80492107250905,100.0,0.0,4.513104838709677,0.0,0.0,88.0,0.0,998.5786800692327,0.1382368251194103,100.0,1.0,6.373699348770321
182,2037,11,17,8.834479670273441E18,45.715467490206095,0.00897325048085301,0.0,27.93489627899307,0.0,875.825158342366,375.63608870967744,377.3295782551489,100.0,0.0,3.527217741935484,0.0,0.0,88.0,0.0,972.1705693844447,0.135739298743941,100.0,1.0,6.452259341596607
199,2037,11,17,8.617806463867117E18,45.12674636749356,0.0022354884107755415,0.0,37.80643696816454,0.0,918.6930881739195,380.76209677419354,630.2358205930976,100.0,0.0,4.55241935483871,0.0,0.0,88.0,0.0,1036.048072918117,0.14424068529472875,100.0,1.0,6.3691675223030355
191,2037,11,18,6.492828447697523E18,45.901496965108684,0.0024436956647203275,0.0,33.90045247231693,0.0,914.2668928585139,384.73387096774195,498.9958698244821,100.0,0.0,3.846774193548387,0.0,0.0,88.0,0.0,971.7993365724811,0.14112290068002573,100.0,1.0,6.478515453218129
194,2037,11,18,4.281117921937587E18,45.914632094012354,0.003085711994791273,0.0,45.41932512472788,0.0,925.752588168665,379.39415322580646,820.4956410384237,100.0,0.0,3.9788306451612905,0.0,0.0,88.0,0.0,985.0866299066977,0.14285491146129736,100.0,1.0,6.480369339065199
198,2037,11,18,7.278710821350941E18,45.41291850476093,0.0043729290842363724,0.0,27.6761872264131,0.0,945.6863973731238,380.5534274193548,391.6586401039552,100.0,0.0,4.210685483870968,0.0,0.0,88.0,0.0,1022.2180349186578,0.14754315951881836,100.0,1.0,6.409557721667919
184,2037,11,18,3.1730362057635645E18,46.09902697827492,0.004063972138067492,0.0,24.613023675172776,0.0,947.4497499505717,387.19858870967744,321.70822094086594,100.0,0.0,4.339717741935484,0.0,0.0,88.0,0.0,983.4507838193391,0.14561823975235963,100.0,1.0,6.5063947453410895
189,2037,11,18,1.481964993321812E18,45.348678441874924,0.00897325048085301,0.0,38.41118673691712,0.0,796.3869333008176,384.9959677419355,606.8024663325415,100.0,0.0,3.899193548387097,0.0,0.0,88.0,0.0,971.7556133560676,0.12442591428240585,100.0,1.0,6.4004909097415315
190,2037,11,18,2.9539370702862316E18,45.92836938477298,0.00897325048085301,0.0,31.1779730866039,0.0,943.6951828808643,385.51512096774195,455.787624328183,100.0,0.0,4.003024193548387,0.0,0.0,88.0,0.0,1003.8231081165893,0.14558011618131383,100.0,1.0,6.482308213750374
185,2038,3,4,3.0688222562761073E18,52.38706413094818,0.00897325048085301,0.0,34.67805862171828,0.0,87.00000000000001,261.8225806451613,651.9810020491649,100.0,0.0,6.564516129032258,0.0,0.0,143.0,609.7627806878221,1227.2497764244229,0.011795821412009692,100.0,1.0,7.375493148058568
186,2038,3,4,4.898224502314156E18,52.151518179102894,0.00897325048085301,0.0,46.51539191358403,0.0,87.00000000000001,256.3840725806452,854.6417929774778,100.0,0.0,5.476814516129032,0.0,0.0,143.0,607.2796169941602,982.0226141725568,0.01184909805819948,100.0,1.0,7.34233100044241
196,2038,3,5,4.898742477016446E18,53.362499601760476,0.026919751442559193,0.0,14.924890527084408,0.0,40.59999999999924,255.30040322580646,297.55054962419257,100.0,0.0,5.26008064516129,0.0,0.0,143.0,613.0643085319191,1693.37971968178,0.005404093638540077,100.0,1.0,7.512823188416733
198,2038,3,5,7.278710821350941E18,52.24849610014118,0.026919751442559193,0.0,20.567564471536723,0.0,43.49999999999999,258.125,334.43696979921276,100.0,0.0,6.125,0.0,0.0,143.0,609.8418725816268,1289.7487096188377,0.005913552531768423,100.0,1.0,7.355984370868775
183,2038,3,5,6.605295447056412E18,53.64781426188442,0.026919751442559193,0.0,16.709670787836547,0.0,46.400000000000844,260.9032258064516,322.7751801694097,100.0,0.0,6.080645161290323,0.0,0.0,143.0,813.7072698985348,1606.859109954195,0.00614326068430055,100.0,1.0,7.552992194939517
184,2038,3,5,3.1730362057635645E18,51.60349609318545,0.026919751442559193,0.0,26.171099486132682,0.0,81.19999999999848,262.8225806451613,377.81057000323125,100.0,0.0,7.064516129032258,0.0,0.0,143.0,617.0869846948189,1063.8589964014031,0.011176604938305811,100.0,1.0,7.265175824699685
188,2038,3,5,5.859174576972996E18,51.705819505586774,0.38588796213985144,0.0,26.633199831516418,0.0,46.400000000000844,263.09274193548384,455.4156255931286,100.0,0.0,6.818548387096774,0.0,0.0,143.0,816.3014068905836,1253.0477114497867,0.006373992546778679,100.0,1.0,7.279581778527606
181,2038,3,5,6.307363977605812E18,53.15934426157365,0.026919751442559193,0.0,30.332501643441592,0.0,75.40000000000018,262.7983870967742,520.487569644657,100.0,0.0,6.459677419354839,0.0,0.0,143.0,610.9640306376489,1194.3333066028176,0.01007452844253517,100.0,1.0,7.484221264556419
182,2038,3,5,8.834479670273441E18,52.75819059358791,0.012314616396413125,0.0,30.09996173609054,0.0,43.49999999999999,259.3881048387097,491.0844758389049,100.0,0.0,6.077620967741935,0.0,0.0,143.0,606.435864250981,1139.2684734289135,0.0058564219681869365,100.0,1.0,7.427743464576027
199,2038,3,5,8.617806463867117E18,52.1340672321564,0.026919751442559193,0.0,1.4611549220330988,0.0,49.300000000000615,262.71975806451616,28.933698427299472,100.0,0.0,6.743951612903226,0.0,0.0,143.0,815.7452555147164,1914.9251424362278,0.006716736454763112,100.0,1.0,7.339874108807703
194,2038,3,6,4.281117921937587E18,51.92418097087206,0.045763577452350365,0.0,45.50738969652976,0.0,55.099999999999056,260.0383064516129,1008.2953750517883,100.0,0.0,6.207661290322581,0.0,0.0,143.0,616.6830303257533,1206.438490403814,0.007537285058998671,100.0,1.0,7.310324549051764
195,2038,3,6,2.797545246119503E18,54.16202784722529,0.045763577452350365,0.0,23.87545470847771,0.0,95.69999999999828,256.84375,336.82795519980766,100.0,0.0,4.96875,0.0,0.0,143.0,611.6526275446035,1072.6466694194244,0.012550181835589988,100.0,1.0,7.625387524554491
189,2038,3,6,1.481964993321812E18,52.58058700146255,0.045763577452350365,0.0,36.49470372791115,0.0,43.49999999999999,257.48790322580646,675.7883146639073,100.0,0.0,5.69758064516129,0.0,0.0,143.0,822.3338859583885,1175.0050487154397,0.005876203443401768,100.0,1.0,7.402738931519632
180,2038,3,6,5.096996787781837E17,52.68969771860176,0.045763577452350365,0.0,28.647241053164116,0.0,81.19999999999848,263.0352822580645,465.3646315248029,100.0,0.0,6.507056451612903,0.0,0.0,143.0,609.7003381314113,1157.5047576626096,0.010946198483604567,100.0,1.0,7.418100459408026
191,2038,3,7,6.492828447697523E18,52.21582505326427,0.031108436725613538,0.0,28.50667678456112,0.0,52.19999999999926,264.93548387096774,484.66328467479036,100.0,0.0,6.887096774193548,0.0,0.0,143.0,810.8397584767076,1213.8533067559752,0.007100703116242614,100.0,1.0,7.351384665075426
192,2038,3,7,1.0005304447219302E18,54.375801130376686,0.06371007841405614,0.0,32.44010838622898,0.0,60.900000000000986,254.90826612903226,589.4623948322644,100.0,0.0,4.581653225806452,0.0,0.0,143.0,609.1623116759197,1226.440684722041,0.00795508126702473,100.0,1.0,7.655484332063664
193,2038,3,7,2.861374886328272E18,54.200573535976524,0.06371007841405614,0.0,52.16646669750225,0.0,60.900000000000986,259.98387096774195,1016.8830433690249,100.0,0.0,5.596774193548387,0.0,0.0,143.0,617.9860687774375,931.9386897083542,0.007980799625018735,100.0,1.0,7.630814312025535
187,2038,3,7,8.507560024639921E18,53.9613361016084,0.021999336468942254,0.0,35.525274079927435,0.0,63.800000000001134,260.76512096774195,692.5719414767489,100.0,0.0,5.753024193548387,0.0,0.0,143.0,613.162712322714,1255.8850554059622,0.00839790545323099,100.0,1.0,7.597132446335756
190,2038,3,7,2.9539370702862316E18,53.11745482039445,0.02359632533853947,0.0,18.87599838289091,0.0,46.400000000000844,258.5846774193548,321.9404975014488,100.0,0.0,5.616935483870968,0.0,0.0,143.0,812.4730807993255,1381.420602341656,0.006204599020568168,100.0,1.0,7.478323715390056
197,2038,3,8,4.974214387304059E17,54.90676002251393,0.02947890952193592,0.0,46.15454785413619,0.0,57.99999999999999,254.89112903225808,876.8850093755581,100.0,0.0,4.278225806451613,0.0,0.0,143.0,611.5545880358087,1022.434095794399,0.007503003911051876,100.0,1.0,7.730237207335901
196,2038,7,12,4.898742477016446E18,42.682540881372134,0.001625000087079502,0.0,26.648416392600716,0.0,179.10340212823212,238.55443548387098,419.73983334754456,100.0,0.0,6.110887096774194,0.0,0.0,103.39999999999856,275.0,1152.8814691035195,0.029879116893571558,100.0,1.0,5.994266924494208
193,2038,7,13,2.861374886328272E18,43.571060197584146,0.0015966637866286551,0.0,50.34584999240364,0.0,206.980409469122,240.63407258064515,787.1520640953942,100.0,0.0,6.226814516129032,0.0,0.0,103.39999999999856,275.0,775.5823256027113,0.033825583809766545,100.0,1.0,6.119049138461879
194,2038,7,13,4.281117921937587E18,43.546733910556284,0.0033160570882679345,0.0,49.859115459007946,0.0,178.80361035471972,239.99899193548387,914.9822108812799,100.0,0.09879032258064516,6.099798387096774,0.0,0.0,103.39999999999856,275.0,919.280273258925,0.02923713969993529,90.12096774193549,1.0,6.1156327941038455
195,2038,7,13,2.797545246119503E18,44.24300747989003,0.0010041685855923267,0.0,26.217449213311916,0.0,138.28455194462546,238.93548387096774,301.5283280970245,100.0,0.0,5.887096774193548,0.0,0.0,103.39999999999856,275.0,846.9579116463713,0.02225580013859014,100.0,1.0,6.2134163266882
198,2038,7,13,7.278710821350941E18,42.429245107946244,0.00293819596622563,0.0,24.442479072660255,0.0,183.88007526680735,242.1108870967742,318.9678943191235,100.0,0.0,6.522177419354839,0.0,0.0,103.39999999999856,275.0,983.542482391384,0.030859121238712317,100.0,1.0,5.958694476242327
186,2038,7,13,4.898224502314156E18,43.10216658654462,0.0032208364970757455,0.0,46.496172007121295,0.0,208.0358304282481,242.50907258064515,704.5585449610721,100.0,0.0,6.601814516129032,0.0,0.0,103.39999999999856,275.0,809.6328194922733,0.03436791824179254,100.0,1.0,6.053198479018422
187,2038,7,13,8.507560024639921E18,43.84570123391332,0.0016685106881467128,0.0,42.6448531708845,0.0,112.39977317626939,239.1421370967742,673.9159864529622,100.0,0.0,5.928427419354839,0.0,0.0,103.39999999999856,275.0,905.3451961975691,0.01825377114909429,100.0,1.0,6.1576192808709775
181,2038,7,13,6.307363977605812E18,43.08994994099559,0.0033062824174108496,0.0,34.44618445161076,0.0,230.7507836982774,239.37399193548387,473.31029734529926,100.0,0.0,5.974798387096774,0.0,0.0,103.39999999999856,267.19000000000193,899.3691802450485,0.0381312798181257,100.0,1.0,6.051482793100221
182,2038,7,13,8.834479670273441E18,43.72683300851813,0.003483404689772139,0.0,34.71204686091997,0.0,168.92925744625921,240.60887096774192,468.2885916625154,100.0,0.0,6.221774193548387,0.0,0.0,103.39999999999856,275.0,879.6142058957552,0.027508761366863168,100.0,1.0,6.140925619782723
191,2038,7,14,6.492828447697523E18,43.204298317953025,0.001132414245438295,0.0,41.4260294115515,0.0,192.69908266759714,241.0,581.2479134298268,100.0,0.0,6.0,0.0,0.0,103.39999999999856,223.19995689812046,820.6403982246624,0.031759004286426744,100.0,1.0,6.067541693993014
192,2038,7,14,1.0005304447219302E18,43.04465057128634,0.002215617402679762,0.0,34.10507104896974,0.0,192.59104916418025,243.88306451612902,489.50861638571365,100.0,0.0,6.576612903225806,0.0,0.0,103.39999999999856,275.0,944.4116172326402,0.03185892365633326,100.0,1.0,6.045121022972631
197,2038,7,14,4.974214387304059E17,44.914658484325244,0.00897325048085301,0.0,47.26640777490531,0.0,278.5732937433506,240.08770161290323,732.9181826714644,100.0,0.10685483870967742,5.817540322580645,0.0,0.0,103.39999999999856,275.0,816.8938595029944,0.04416371149755213,89.31451612903226,1.0,6.307741906130129
183,2038,7,14,6.605295447056412E18,42.912591055288495,0.002605473426496233,0.0,37.230389201730965,0.0,135.80417573637257,241.6602822580645,568.0470080363935,100.0,0.0,6.132056451612903,0.0,0.0,103.39999999999856,204.69435557405106,956.2223453541527,0.022534222220652118,100.0,1.0,6.026574798393132
185,2038,7,14,3.0688222562761073E18,43.69772998862602,0.00897325048085301,0.0,40.25299876373694,0.0,255.04798741431583,240.98487903225808,623.5975367721646,100.0,0.0,5.996975806451613,0.0,0.0,103.39999999999856,275.0,924.395267335332,0.041560160000617845,100.0,1.0,6.136838438796294
180,2038,7,14,5.096996787781837E17,42.9361082928181,0.00897325048085301,0.0,31.009045047858752,0.0,123.15732024658526,242.65826612903226,405.5423428567798,100.0,0.014112903225806451,6.331653225806452,0.0,0.0,103.39999999999856,269.8399999999976,900.4316953945224,0.020424514397616216,98.58870967741935,1.0,6.02987752114974
199,2038,7,14,8.617806463867117E18,44.39077254867019,0.0025579391336525152,0.0,18.49681868608366,0.0,267.1481658713675,240.91935483870967,302.9679104551702,100.0,0.014112903225806451,5.983870967741935,0.0,0.0,103.39999999999856,435.21795674646285,1331.5505281100548,0.04285225497856466,98.58870967741935,1.0,6.234168213668079
184,2038,7,15,3.1730362057635645E18,44.347107375441105,0.0015096316421354334,0.0,30.592440604341338,0.0,225.71870401285136,244.25907258064515,374.6781476846011,100.0,0.0,6.351814516129032,0.0,0.0,103.39999999999856,275.0,848.8272979579306,0.036242357288471666,100.0,1.0,6.228035947447884
188,2038,7,15,5.859174576972996E18,44.97530808525839,0.0016362601168586845,0.0,41.656321804909524,0.0,247.12767788233361,242.3790322580645,611.7164253304925,100.0,0.0,5.975806451612903,0.0,0.0,103.39999999999856,256.8327555740529,855.8385833379845,0.03912563762034496,100.0,1.0,6.316259437873788
189,2038,7,15,1.481964993321812E18,44.23857969688556,0.0015881859258146955,0.0,45.24609748636086,0.0,221.07740716159807,243.37701612903226,703.2262821074098,100.0,0.0,6.175403225806452,0.0,0.0,103.39999999999856,275.0,850.0635107153108,0.03558421372274096,100.0,1.0,6.212794496013078
190,2038,7,15,2.9539370702862316E18,44.16779187618279,0.003404116267394921,0.0,34.86924789354029,0.0,209.51410702908464,242.43447580645162,493.14220701440104,100.0,0.0,5.986895161290323,0.0,0.0,103.39999999999856,237.08878753092523,919.700991327402,0.033777054093868775,100.0,1.0,6.20285316910203
195,2038,11,16,2.797545246119503E18,44.08326218081808,0.006568997423757716,0.0,14.141430456263562,0.0,886.3789807670614,374.4868951612903,161.78423108415984,100.0,0.0,4.797379032258065,0.0,0.0,88.0,0.0,979.7111076726042,0.14352932695497156,100.0,1.0,6.1755949085244355
197,2038,11,16,4.974214387304059E17,44.654369301063554,0.00897325048085301,0.0,37.418752561511845,0.0,970.3909839190726,376.2409274193548,575.4628470300041,100.0,0.0,5.148185483870968,0.0,0.0,88.0,0.0,961.5381574043984,0.15512354376022844,100.0,1.0,6.2556009255370535
185,2038,11,16,3.0688222562761073E18,44.92561992403896,0.00897325048085301,0.0,36.79855059019147,0.0,937.2500177005696,381.08165322580646,584.4875915104222,100.0,0.0,4.91633064516129,0.0,0.0,88.0,0.0,1003.047747488408,0.1489211232367361,100.0,1.0,6.293600245081735
186,2038,11,16,4.898224502314156E18,44.64274867917446,0.0022354884107755415,0.0,38.73882532010036,0.0,871.0812938089725,375.1118951612903,606.4408208472549,100.0,0.0,4.922379032258065,0.0,0.0,88.0,0.0,957.9737516237417,0.13928446665214766,100.0,1.0,6.25397300033773
181,2038,11,16,6.307363977605812E18,44.97604182812815,0.005058202074888964,0.0,29.596710912456697,0.0,870.9076792618133,381.79233870967744,423.3495639607108,100.0,0.0,5.058467741935484,0.0,0.0,88.0,0.0,1005.8525359692634,0.13822474975305518,100.0,1.0,6.300663816123593
191,2038,11,17,6.492828447697523E18,45.55313251743593,0.004060294335227614,0.0,34.44529084236429,0.0,947.2714249173866,382.53326612903226,508.3168012667605,100.0,0.0,3.7066532258064515,0.0,0.0,88.0,0.0,966.1125511024427,0.1484400575725802,100.0,1.0,6.381508067350456
192,2038,11,17,1.0005304447219302E18,45.167115469465415,0.004554949482666516,0.0,32.93289154793474,0.0,924.563393948126,382.4102822580645,494.54382221420315,100.0,0.0,4.882056451612903,0.0,0.0,88.0,0.0,1006.3412028655216,0.14611986529281581,100.0,1.0,6.327431195582847
194,2038,11,17,4.281117921937587E18,45.06893874526051,0.00897325048085301,0.0,46.597387059239324,0.0,879.8603262520072,380.63104838709677,882.7758650327496,100.0,0.0,4.526209677419355,0.0,0.0,88.0,0.0,1010.8862467606136,0.1393578149465095,100.0,1.0,6.313677683520862
183,2038,11,17,6.605295447056412E18,45.25732211693358,0.0067064652323266345,0.0,37.207943899666255,0.0,942.88512688922,375.72479838709677,596.9136537500559,100.0,0.0,4.744959677419355,0.0,0.0,88.0,0.0,1006.6459063522645,0.14871845213531026,100.0,1.0,6.340068184890357
190,2038,11,17,2.9539370702862316E18,45.12391321866949,0.0032277879427528864,0.0,28.759760566101498,0.0,1044.4257155758935,381.1905241935484,414.4216304843387,100.0,0.0,4.638104838709677,0.0,0.0,88.0,0.0,1025.4185705398584,0.16522118229433294,100.0,1.0,6.321379020973858
180,2038,11,17,5.096996787781837E17,45.580395010358295,0.0037734442728566153,0.0,27.131380746509773,0.0,914.2527978804234,379.15423387096774,375.4759686227852,100.0,0.0,4.230846774193548,0.0,0.0,88.0,0.0,1007.482737823782,0.1431802571454268,100.0,1.0,6.385327251869827
199,2038,11,17,8.617806463867117E18,45.92014287640743,0.004038366553039159,0.0,40.63514076431627,0.0,965.2090336305433,375.34375,685.7839297528166,100.0,0.0,3.46875,0.0,0.0,88.0,0.0,1000.8452660734779,0.150042078532118,100.0,1.0,6.432922304684886
193,2038,11,18,2.861374886328272E18,45.703162750602694,0.00897325048085301,0.0,39.792824497254344,0.0,880.2011155233952,386.4022177419355,651.1434959298919,100.0,0.0,4.180443548387097,0.0,0.0,88.0,0.0,983.9875302552794,0.13747717015909466,100.0,1.0,6.4025257030297285
196,2038,11,18,4.898742477016446E18,45.566789811193786,0.003152934111332753,0.0,37.588632640551836,0.0,808.0853650609534,387.4657258064516,629.857614600263,100.0,0.0,4.393145161290323,0.0,0.0,88.0,0.0,1044.8599878705843,0.12659126289807984,100.0,1.0,6.383421308558655
198,2038,11,18,7.278710821350941E18,45.679463215066015,0.00897325048085301,0.0,27.064564728670156,0.0,867.9765956652619,377.45362903225805,379.0952785816309,100.0,0.0,3.590725806451613,0.0,0.0,88.0,0.0,1019.7063878169422,0.13563817808400955,100.0,1.0,6.399205650843139
184,2038,11,18,3.1730362057635645E18,45.92535056875073,0.0029171815607454605,0.0,23.16670605942429,0.0,1038.7735902105187,377.8165322580645,293.26470146522064,100.0,0.0,3.663306451612903,0.0,0.0,88.0,0.0,970.6342445915684,0.16145940360759606,100.0,1.0,6.433651846845099
187,2038,11,18,8.507560024639921E18,45.737065764356956,0.0023404409183236875,0.0,42.861473455526735,0.0,883.891145341687,381.6592741935484,704.8997337298244,100.0,0.0,3.2318548387096775,0.0,0.0,88.0,0.0,938.3913622680351,0.13795117645778515,100.0,1.0,6.407275153700259
188,2038,11,18,5.859174576972996E18,45.973988879881,0.0032139149286722858,0.0,36.13325262561747,0.0,1058.349516685648,383.76612903225805,541.0839288457917,100.0,0.0,3.653225806451613,0.0,0.0,88.0,0.0,955.3298231775154,0.16432810758163116,100.0,1.0,6.440465555534408
189,2038,11,18,1.481964993321812E18,45.99926793865247,0.00897325048085301,0.0,39.17157803935626,0.0,1042.7084491896992,380.45766129032256,631.4320387858995,100.0,0.0,4.191532258064516,0.0,0.0,88.0,0.0,979.6642434490648,0.1618105734941264,100.0,1.0,6.444006882081464
182,2038,11,18,8.834479670273441E18,46.21359801892999,0.004093636168272374,0.0,29.793756876797016,0.0,885.1912582089558,384.06854838709677,423.9385204468025,100.0,0.0,3.713709677419355,0.0,0.0,88.0,0.0,997.0795326789028,0.13672951034365718,100.0,1.0,6.474032240619512
195,2039,3,4,2.797545246119503E18,52.37628961326668,0.004075045631631715,0.0,20.69899552180953,0.0,57.99999999999999,261.84274193548384,294.24374799986,100.0,0.0,6.568548387096774,0.0,0.0,143.0,620.0126279203811,1125.4006084634448,0.007924438104374919,100.0,1.0,7.319130925886012
197,2039,3,4,4.974214387304059E17,52.56327074824114,0.0028815833271846583,0.0,38.20232979311687,0.0,46.400000000000844,262.1149193548387,664.9833913121444,100.0,0.0,6.622983870967742,0.0,0.0,143.0,610.8315527965692,1074.613254828365,0.006316999064462398,100.0,1.0,7.3452599132131855
186,2039,3,4,4.898224502314156E18,52.846187689845586,0.00897325048085301,0.0,39.69879018455837,0.0,78.30000000000146,260.6532258064516,722.9345417480433,100.0,0.0,6.330645161290323,0.0,0.0,143.0,817.6585656201074,1097.2605735976076,0.010602866970796144,100.0,1.0,7.384795095106441
194,2039,3,5,4.281117921937587E18,53.21447462864586,0.027817076490644375,0.0,50.493222813056114,0.0,55.099999999999056,258.616935483871,1212.7426753850475,100.0,0.0,5.923387096774194,0.0,0.0,143.0,617.5633423511553,1188.410456440311,0.0074096387246117175,100.0,1.0,7.4362599915944525
185,2039,3,5,3.0688222562761073E18,53.64424118635175,0.027817076490644375,0.0,29.349879639113297,0.0,60.900000000000986,260.6159274193548,583.830088589102,100.0,0.0,6.023185483870968,0.0,0.0,143.0,814.4868038805059,1404.1086932740313,0.008123990363142448,100.0,1.0,7.496316130099912
190,2039,3,5,2.9539370702862316E18,52.95175552817576,0.027817076490644375,0.0,22.440467534078536,0.0,92.80000000000169,258.43548387096774,375.2792357562124,100.0,0.0,5.887096774193548,0.0,0.0,143.0,608.1608566308195,1295.604956265708,0.012541307793470334,100.0,1.0,7.3995472823271475
181,2039,3,5,6.307363977605812E18,53.76814318451189,0.014671453845276534,0.0,27.42040228436777,0.0,69.59999999999933,259.2953629032258,473.25726559726695,100.0,0.0,5.759072580645161,0.0,0.0,143.0,605.1085206469788,1251.3804274642175,0.009263165300378818,100.0,1.0,7.5136303566938425
191,2039,3,6,6.492828447697523E18,53.05039546034373,0.045763577452350365,0.0,33.70479315787855,0.0,84.10000000000043,261.53326612903226,576.7487147603885,100.0,0.0,6.206653225806452,0.0,0.0,143.0,610.8325232902599,1133.1330075154465,0.011344427487948575,100.0,1.0,7.413331354917791
192,2039,3,6,1.0005304447219302E18,53.41739050130922,0.017256250924717383,0.0,21.57530768787599,0.0,60.900000000000986,260.99899193548384,380.9195834390662,100.0,0.0,6.099798387096774,0.0,0.0,143.0,812.1347031185079,1382.6988562556905,0.00815849097730316,100.0,1.0,7.464615719919798
183,2039,3,6,6.605295447056412E18,54.01112795669855,0.045763577452350365,0.0,22.55103038381117,0.0,78.30000000000146,255.1320564516129,408.495958055356,100.0,0.0,4.926411290322581,0.0,0.0,143.0,609.7209274304333,1401.6561144920408,0.010374178788459575,100.0,1.0,7.547585365224648
184,2039,3,6,3.1730362057635645E18,52.74072023688836,0.045763577452350365,0.0,20.678779332124876,0.0,49.300000000000615,258.85887096774195,311.3311978289998,100.0,0.0,5.971774193548387,0.0,0.0,143.0,813.2864426767991,1191.731853810977,0.0066892291917133185,100.0,1.0,7.370056935868474
187,2039,3,6,8.507560024639921E18,52.8126581038101,0.045763577452350365,0.0,31.22090598018404,0.0,75.40000000000018,260.8850806451613,594.5243295396344,100.0,0.0,6.377016129032258,0.0,0.0,143.0,613.5108397740288,1308.379549440263,0.010216650403577485,100.0,1.0,7.3801096270846225
180,2039,3,6,5.096996787781837E17,53.547364532849954,0.019440772069817508,0.0,19.485417245343367,0.0,49.300000000000615,260.570564516129,299.90478222492976,100.0,0.0,6.014112903225806,0.0,0.0,143.0,619.8248100996598,1237.5753162238018,0.00658846179412151,100.0,1.0,7.482778460366584
199,2039,3,6,8.617806463867117E18,53.27711534239571,0.045763577452350365,0.0,3.8941849368021386,0.0,55.099999999999056,260.1522177419355,77.10279351410165,100.0,0.0,5.930443548387097,0.0,0.0,143.0,819.3523945837602,1889.6404080960688,0.007400926821661354,100.0,1.0,7.44501348651766
193,2039,3,7,2.861374886328272E18,53.3594390252156,0.019471295358819203,0.0,48.7296899033537,0.0,49.300000000000615,260.4344758064516,917.4370980378071,100.0,0.0,5.986895161290323,0.0,0.0,143.0,613.2602781574244,964.6127326724884,0.006611665561811131,100.0,1.0,7.456517505173974
196,2039,3,7,4.898742477016446E18,53.62272334780868,0.028340782212658552,0.0,-4.742127550155453,0.0,87.00000000000001,260.78729838709677,-90.83373045800869,100.0,0.0,6.057459677419355,0.0,0.0,143.0,620.7684248508984,2015.6023225924048,0.011610357678544937,100.0,1.0,7.493309199316868
198,2039,3,7,7.278710821350941E18,52.57197747780012,0.021494628344823394,0.0,7.766295754803241,0.0,72.49999999999999,265.94354838709677,123.432618569536,100.0,0.0,7.088709677419355,0.0,0.0,143.0,616.4493026493958,1459.6994513051702,0.009868676362621438,100.0,1.0,7.346476602941476
188,2039,3,7,5.859174576972996E18,53.0298804437645,0.06371007841405614,0.0,27.743587535720376,0.0,52.19999999999926,259.86995967741933,483.4860378996366,100.0,0.0,5.873991935483871,0.0,0.0,143.0,812.8174726822986,1257.9163779917935,0.007044092793223514,100.0,1.0,7.410464559782087
189,2039,3,7,1.481964993321812E18,53.83587115502903,0.06371007841405614,0.0,42.088691173865115,0.0,46.400000000000844,252.11290322580646,791.432211214498,100.0,0.0,4.32258064516129,0.0,0.0,143.0,617.1719441435881,1088.2030645486789,0.006167674545203416,100.0,1.0,7.523094751503385
182,2039,3,7,8.834479670273441E18,53.56317498194364,0.06371007841405614,0.0,34.21698497961751,0.0,81.19999999999848,257.7681451612903,585.6909598088813,100.0,0.0,5.453629032258065,0.0,0.0,143.0,612.635256855582,1125.0891874701354,0.010848381027522655,100.0,1.0,7.484987833114613
186,2039,7,12,4.898224502314156E18,42.10191496901319,0.0022455581783916564,0.0,43.88651473736574,0.0,174.44392821777265,238.49395161290323,635.3363709039774,100.0,0.0,6.098790322580645,0.0,0.0,103.69999999999817,275.0,811.1897749425706,0.02972412403842114,100.0,1.0,5.868765989278203
189,2039,7,12,1.481964993321812E18,43.29047451333089,0.0013329249080292714,0.0,42.30012617185974,0.0,135.04725536352257,237.87399193548387,631.8115596027723,100.0,0.06653225806451613,5.974798387096774,0.0,0.0,103.69999999999817,275.0,860.8094116460805,0.02237940176323507,93.34677419354838,1.0,6.034444387399957
192,2039,7,13,1.0005304447219302E18,44.17790726679401,0.00276270027119859,0.0,36.15005268097262,0.0,182.01885220133963,240.6139112903226,526.3968877359918,100.0,0.03024193548387097,6.222782258064516,0.0,0.0,103.69999999999817,267.9376366381239,928.550396486409,0.029557404096564887,96.9758064516129,1.0,6.158147434283431
193,2039,7,13,2.861374886328272E18,43.91046052615855,0.0023174717150963382,0.0,49.092769470479475,0.0,160.1574390023612,239.7671370967742,758.8163250610821,100.0,0.014112903225806451,6.053427419354839,0.0,0.0,103.69999999999817,275.0,786.1108456713506,0.026165809827141045,98.58870967741935,1.0,6.120866889288267
195,2039,7,13,2.797545246119503E18,44.45171967764492,0.00897325048085301,0.0,18.801586885278958,0.0,258.74706874231026,238.57258064516128,224.15471046260043,100.0,0.10685483870967742,5.814516129032258,0.0,0.0,103.69999999999817,479.2612751609541,965.6857936231278,0.041758215244623025,89.31451612903226,1.0,6.196315317274669
196,2039,7,13,4.898742477016446E18,43.519669194958865,0.0036240914704576137,0.0,17.685703819993442,0.0,228.36647407052183,240.92137096774192,276.1995183800289,100.0,0.0,6.284274193548387,0.0,0.0,103.69999999999817,275.0,1282.0442489486024,0.037644524688947516,100.0,1.0,6.066392814293404
183,2039,7,13,6.605295447056412E18,43.17316158920284,0.002588935510921237,0.0,27.66766808254517,0.0,221.39210569848626,240.84072580645162,395.8738327055212,100.0,0.0,6.268145161290323,0.0,0.0,103.69999999999817,275.0,1033.0234791440985,0.03678775915120315,100.0,1.0,6.0180916371810484
184,2039,7,13,3.1730362057635645E18,43.452323058818926,0.0014861295927215993,0.0,30.064020323669915,0.0,105.47789274631823,240.15020161290323,371.8192899936316,100.0,0.057459677419354836,6.130040322580645,0.0,0.0,103.69999999999817,275.0,863.457549968253,0.017414198958546942,94.25403225806451,1.0,6.057005148350472
185,2039,7,13,3.0688222562761073E18,43.60986430667966,0.0022625442463068694,0.0,33.39269265251446,0.0,309.66994294691773,240.2258064516129,538.8418752933445,100.0,0.0,6.145161290322581,0.0,0.0,103.69999999999817,468.7060758964049,1073.2314490828016,0.05094122398241907,100.0,1.0,6.078965496663207
188,2039,7,13,5.859174576972996E18,44.0318436518666,0.00135958340618985,0.0,40.989958360739855,0.0,181.13626698991305,240.4929435483871,585.6536648136064,100.0,0.0,6.198588709677419,0.0,0.0,103.69999999999817,203.40435557405,842.2559429513044,0.029511657364723887,100.0,1.0,6.137787002312868
180,2039,7,13,5.096996787781837E17,42.84084089211341,0.0037171708702787992,0.0,24.70454815076976,0.0,228.74883703976238,240.00907258064515,303.6435281991033,100.0,0.0,6.101814516129032,0.0,0.0,103.69999999999817,275.0,923.3705486400819,0.038305043956764005,100.0,1.0,5.971768033942415
181,2039,7,13,6.307363977605812E18,43.965209756292694,0.002152891190223856,0.0,33.3296025224182,0.0,173.66990329822897,239.96370967741936,469.30684491094274,100.0,0.0,6.092741935483871,0.0,0.0,103.69999999999817,275.0,937.3952708173878,0.028338083126972117,100.0,1.0,6.128498618628527
182,2039,7,13,8.834479670273441E18,43.78971575825694,0.0016162194670124325,0.0,27.75724998747509,0.0,349.30873102437914,240.61895161290323,383.8349652021073,100.0,0.014112903225806451,6.223790322580645,0.0,0.0,103.69999999999817,477.5027338187754,997.3612096612441,0.0572258657675702,98.58870967741935,1.0,6.104035759688441
191,2039,7,14,6.492828447697523E18,44.03627653453025,0.00208292722396774,0.0,38.3231971194323,0.0,172.3871060836008,242.68850806451613,543.0452284974194,100.0,0.014112903225806451,6.337701612903226,0.0,0.0,103.69999999999817,275.0,872.7752542896088,0.028083371544920688,98.58870967741935,1.0,6.138404920785933
194,2039,7,14,4.281117921937587E18,43.7205646988635,0.003995213927361099,0.0,52.76076873007506,0.0,127.69524833379035,242.16935483870967,1028.4172774911506,100.0,0.0,6.233870967741935,0.0,0.0,103.69999999999817,275.0,919.7721969514539,0.020952894741986985,100.0,1.0,6.094396497773885
197,2039,7,14,4.974214387304059E17,43.689577567582305,0.0029930788795373667,0.0,41.759914758882545,0.0,128.9060368905788,243.1320564516129,602.7242202644943,100.0,0.03024193548387097,6.426411290322581,0.0,0.0,103.69999999999817,275.0,839.6042703780529,0.02116656906467541,96.9758064516129,1.0,6.090077069018629
199,2039,7,14,8.617806463867117E18,44.58575495106406,0.001620305251147173,0.0,17.054136553491173,0.0,236.91352760070293,243.09173387096774,277.79462115253295,100.0,0.0,6.418346774193548,0.0,0.0,103.69999999999817,448.00848568027493,1347.5985515883242,0.038119640089408394,100.0,1.0,6.2149990672794875
198,2039,7,15,7.278710821350941E18,44.57640024489713,0.002109367767008236,0.0,22.726649825657322,0.0,321.0113419483791,242.89818548387098,304.88480000959015,100.0,0.0,6.079637096774194,0.0,0.0,103.69999999999817,275.0,1034.1380373279437,0.05166190778356071,100.0,1.0,6.213695074778633
187,2039,7,15,8.507560024639921E18,44.84458239904114,0.0027559123098442944,0.0,40.31034478185058,0.0,128.63527671706532,243.98689516129033,643.6750153706948,100.0,0.0,6.297379032258065,0.0,0.0,103.69999999999817,275.0,951.998953226025,0.02057809452969197,100.0,1.0,6.251078132207941
190,2039,7,15,2.9539370702862316E18,43.99629261505759,0.0023477892414581537,0.0,27.475817084134672,0.0,157.3486397603984,244.84879032258064,377.1472634293135,100.0,0.0,6.469758064516129,0.0,0.0,103.69999999999817,275.0,993.8526270586376,0.025656769234674966,100.0,1.0,6.132831391247136
193,2039,11,16,2.861374886328272E18,44.7238339884876,0.00897325048085301,0.0,37.83948108221198,0.0,879.2839177116334,374.34576612903226,594.3336500390592,100.0,0.0,4.769153225806452,0.0,0.0,88.0,0.0,975.3048555862413,0.1413919102720887,100.0,1.0,6.218771045808605
198,2039,11,16,7.278710821350941E18,44.207528843135464,0.005360364683902646,0.0,19.891309504834013,0.0,1045.1963457737763,377.6320564516129,263.85490225994863,100.0,0.0,5.426411290322581,0.0,0.0,88.0,0.0,1060.791080869484,0.17003412959845163,100.0,1.0,6.146979716613871
186,2039,11,16,4.898224502314156E18,45.144000745025075,0.0029058453629705336,0.0,37.08310365258741,0.0,793.3207925156769,378.52620967741933,574.0066568693608,100.0,0.0,4.405241935483871,0.0,0.0,88.0,0.0,973.1884405665368,0.1263814260548315,100.0,1.0,6.277194499858617
181,2039,11,16,6.307363977605812E18,44.30427583515778,0.0026785822330904576,0.0,28.921078036446794,0.0,880.0119041662266,375.0413306451613,409.28293184331375,100.0,0.0,4.908266129032258,0.0,0.0,88.0,0.0,1004.7490477143905,0.1428490523346329,100.0,1.0,6.160432216972244
191,2039,11,17,6.492828447697523E18,45.2408261326561,0.00897325048085301,0.0,32.90476123231667,0.0,956.8989585025413,378.4284274193548,478.0502421845238,100.0,0.0,4.085685483870968,0.0,0.0,88.0,0.0,972.887325695352,0.15211428972349972,100.0,1.0,6.290657900989512
192,2039,11,17,1.0005304447219302E18,46.11448234219651,0.00316182187486013,0.0,34.094970274466114,0.0,885.7715613652653,378.554435483871,516.8714212767751,100.0,0.0,4.110887096774194,0.0,0.0,88.0,0.0,998.0847021784892,0.13813980981225465,100.0,1.0,6.4121382718646736
196,2039,11,17,4.898742477016446E18,45.51751389236534,0.0028559040359175747,0.0,35.09787349913744,0.0,877.0044206028085,382.7429435483871,570.8646128272438,100.0,0.0,4.948588709677419,0.0,0.0,88.0,0.0,1054.8673506425937,0.13856632786566772,100.0,1.0,6.329130850988669
183,2039,11,17,6.605295447056412E18,45.41763055921618,0.0019231141193426986,0.0,31.798609381753938,0.0,872.4323855273902,378.90725806451616,477.2825283952297,100.0,0.0,4.181451612903226,0.0,0.0,88.0,0.0,1022.1683300648946,0.1381470973376271,100.0,1.0,6.315242247871437
184,2039,11,17,3.1730362057635645E18,45.551578364935715,0.003365810382915609,0.0,22.107756549035727,0.0,876.1246441477894,380.9334677419355,285.8230221316914,100.0,0.0,4.586693548387097,0.0,0.0,88.0,0.0,1005.9176293443746,0.13832380455916973,100.0,1.0,6.333867456436366
185,2039,11,17,3.0688222562761073E18,45.45032333701868,0.00897325048085301,0.0,39.95196438227557,0.0,869.4846442697218,378.4032258064516,670.1024770302656,100.0,0.0,4.080645161290323,0.0,0.0,88.0,0.0,1005.8343007096429,0.13758129664252608,100.0,1.0,6.319788121556095
188,2039,11,17,5.859174576972996E18,45.52034294735004,0.0021034342430504035,0.0,34.365046502641405,0.0,883.8032422193672,378.2217741935484,506.32432230016343,100.0,0.0,4.044354838709677,0.0,0.0,88.0,0.0,966.1914967871809,0.13963186025397784,100.0,1.0,6.329524226145869
189,2039,11,17,1.481964993321812E18,44.97447820661219,0.0026176343293036843,0.0,36.46938670094149,0.0,810.123367766878,379.10887096774195,564.4911852904502,100.0,0.0,4.221774193548387,0.0,0.0,88.0,0.0,982.3435801609799,0.12954465089096004,100.0,1.0,6.253622686812231
199,2039,11,17,8.617806463867117E18,45.62676275833003,0.00897325048085301,0.0,36.943756586642905,0.0,965.2016157801893,386.2883064516129,613.3638895713352,100.0,0.0,4.457661290322581,0.0,0.0,88.0,0.0,1045.8507120330326,0.1521362974837228,100.0,1.0,6.344321715095356
194,2039,11,18,4.281117921937587E18,46.32366941029877,0.0031551513645756064,0.0,51.47236483836113,0.0,955.0408863304762,382.19858870967744,1060.1951874595911,100.0,0.0,3.339717741935484,0.0,0.0,88.0,0.0,998.8647161843805,0.14827006224579284,100.0,1.0,6.441225368525637
195,2039,11,18,2.797545246119503E18,45.804377353847755,0.00897325048085301,0.0,18.38940748688203,0.0,883.6855434710549,380.8256048387097,225.39076015169545,100.0,0.0,4.265120967741935,0.0,0.0,88.0,0.0,997.6129202343802,0.1387475187427793,100.0,1.0,6.369018714556606
187,2039,11,18,8.507560024639921E18,45.63046334518217,0.0022972991502439957,0.0,41.521176396216646,0.0,1055.6120061807226,379.4596774193548,672.818581128682,100.0,0.0,3.9919354838709675,0.0,0.0,88.0,0.0,946.788447495739,0.1663734035660725,100.0,1.0,6.344836275237366
190,2039,11,18,2.9539370702862316E18,46.38334853615992,0.004318214860853229,0.0,27.03094710532578,0.0,1015.0132404202654,389.5241935483871,390.0099019478064,100.0,0.0,3.6048387096774195,0.0,0.0,88.0,0.0,1051.7868228215207,0.15737801673521015,100.0,1.0,6.449523646800263
180,2039,11,18,5.096996787781837E17,46.24570194345383,0.00571544616614844,0.0,23.39354462279177,0.0,870.9460229829341,383.44858870967744,309.5056629455131,100.0,0.0,3.589717741935484,0.0,0.0,88.0,0.0,1011.7398710632482,0.13544230105035068,100.0,1.0,6.430384128361492
182,2039,11,18,8.834479670273441E18,46.065653171419314,0.003583566485963669,0.0,30.09598353947001,0.0,854.4709013733495,384.6834677419355,436.5048307171271,100.0,0.0,3.836693548387097,0.0,0.0,88.0,0.0,1012.8711915424856,0.13339959252938807,100.0,1.0,6.405348660904708
197,2039,11,19,4.974214387304059E17,46.63962539331896,0.0029990810430658463,0.0,36.5315173147571,0.0,942.9645717621718,389.92540322580646,561.5156031131988,100.0,0.0,3.3850806451612905,0.0,0.0,88.0,0.0,974.381030004402,0.14540347352826763,100.0,1.0,6.485158496429259
198,2040,3,3,7.278710821350941E18,53.15628803484668,0.005168923088048972,0.0,18.0711753528327,0.0,63.800000000001134,258.8034274193548,283.97548817797843,100.0,0.0,5.960685483870968,0.0,0.0,143.0,611.8398568598315,1285.518480598211,0.008653254072658118,100.0,1.0,7.372948888856902
186,2040,3,3,4.898224502314156E18,52.39690482383966,0.00897325048085301,0.0,44.99648012398439,0.0,40.59999999999924,263.39516129032256,849.4162503925867,100.0,0.0,6.879032258064516,0.0,0.0,143.0,621.5828916495567,1037.629905020907,0.005586423077850827,100.0,1.0,7.267619984059391
189,2040,3,3,1.481964993321812E18,52.54934131792859,0.00897325048085301,0.0,39.65520671452808,0.0,66.6999999999988,257.6108870967742,766.140811723595,100.0,0.0,6.022177419354839,0.0,0.0,143.0,617.9399004816753,1165.0038620439814,0.009151072160289406,100.0,1.0,7.288763418284463
181,2040,3,3,6.307363977605812E18,52.837975918838055,0.00897325048085301,0.0,25.417081332097897,0.0,57.99999999999999,258.8891129032258,447.88645131485583,100.0,0.0,5.977822580645161,0.0,0.0,143.0,815.8223594878824,1312.9940257874105,0.007913985381744504,100.0,1.0,7.328797969957188
193,2040,3,4,2.861374886328272E18,53.132481128993575,0.027817076490644375,0.0,46.104528902320816,0.0,84.10000000000043,262.08770161290323,856.2164684258049,100.0,0.0,6.317540322580645,0.0,0.0,143.0,619.7962172747235,1000.0421024056815,0.011411673089589328,100.0,1.0,7.369646794099229
194,2040,3,4,4.281117921937587E18,50.714915055796936,0.027817076490644375,0.0,40.01570201263359,0.0,72.49999999999999,264.1381048387097,927.7320468891378,100.0,0.0,7.327620967741935,0.0,0.0,143.0,815.8100355464247,1388.8662403319427,0.010306607251599225,100.0,1.0,7.034322569024886
183,2040,3,4,6.605295447056412E18,52.26546584866859,0.011638944138344907,0.0,12.148209058594635,0.0,49.300000000000615,262.9516129032258,212.1738663429995,100.0,0.0,6.790322580645161,0.0,0.0,143.0,608.4704717192043,1530.472282469337,0.006800573148977554,100.0,1.0,7.249388973547432
188,2040,3,4,5.859174576972996E18,52.573315202595886,0.027817076490644375,0.0,30.200756820910826,0.0,98.60000000000124,261.03125,522.2503268008879,100.0,0.0,6.40625,0.0,0.0,143.0,609.274278137241,1205.8043207866704,0.01352150315419749,100.0,1.0,7.292088673543131
180,2040,3,4,5.096996787781837E17,51.81281061460849,0.009474481093543768,0.0,20.493662764879588,0.0,78.30000000000146,261.4516129032258,309.1368331542085,100.0,0.0,6.790322580645161,0.0,0.0,143.0,611.5995699529185,1196.9706755136194,0.01089527090857,100.0,1.0,7.186604230135504
199,2040,3,4,8.617806463867117E18,52.96387720005524,0.027817076490644375,0.0,-0.8344348481698559,0.0,66.6999999999988,260.19959677419354,-15.784335337238273,100.0,0.0,6.23991935483871,0.0,0.0,143.0,815.7300254997383,1969.6774196130693,0.009079448858316238,100.0,1.0,7.346260884426431
191,2040,3,5,6.492828447697523E18,53.97433540929843,0.03231891063019093,0.0,33.288054448446104,0.0,84.10000000000043,256.0897177419355,546.3467386305283,100.0,0.0,5.117943548387097,0.0,0.0,143.0,611.5234816800046,1094.0224572333907,0.011233681720857154,100.0,1.0,7.486414702657557
195,2040,3,5,2.797545246119503E18,52.3515005424994,0.045763577452350365,0.0,10.500479601247402,0.0,43.49999999999999,262.9969758064516,147.26502805191404,100.0,0.0,6.799395161290323,0.0,0.0,143.0,609.6871933390395,1249.8733138696814,0.005990644461325243,100.0,1.0,7.26132226354441
184,2040,3,5,3.1730362057635645E18,53.468384918847384,0.045763577452350365,0.0,21.375383238423936,0.0,60.900000000000986,253.02520161290323,327.5350026211055,100.0,0.0,4.505040322580645,0.0,0.0,143.0,818.4668494607251,1203.2091659262742,0.008211710866901896,100.0,1.0,7.416237734996783
187,2040,3,5,8.507560024639921E18,51.50671677982783,0.045763577452350365,0.0,27.228616110308735,0.0,63.800000000001134,263.0977822580645,512.6543350290493,100.0,0.0,6.819556451612903,0.0,0.0,143.0,616.9257656808952,1368.25930908818,0.008930386067726828,100.0,1.0,7.14414802631719
190,2040,3,5,2.9539370702862316E18,52.909028277458496,0.045763577452350365,0.0,10.432330066085683,0.0,60.900000000000986,260.9506048387097,178.93303749679325,100.0,0.0,6.390120967741935,0.0,0.0,143.0,814.837196835084,1531.4446077906728,0.008298525445814215,100.0,1.0,7.3386531616552455
182,2040,3,5,8.834479670273441E18,52.70183318290779,0.045763577452350365,0.0,26.07454056913928,0.0,43.49999999999999,259.2469758064516,439.1674582477786,100.0,0.0,6.049395161290323,0.0,0.0,143.0,829.6578863709072,1243.599338614659,0.0059508219700544025,100.0,1.0,7.309914532630912
192,2040,3,6,1.0005304447219302E18,53.707376968456835,0.03432911979922522,0.0,22.378213458515134,0.0,69.59999999999933,263.34576612903226,387.53455131194255,100.0,0.0,6.269153225806452,0.0,0.0,143.0,614.9636925852016,1342.3703924168587,0.009343051013678955,100.0,1.0,7.449386704418021
196,2040,3,6,4.898742477016446E18,53.330242049554116,0.027704718465755503,0.0,-6.418610306258989,0.0,72.49999999999999,259.83770161290323,-124.28979914965338,100.0,0.0,5.567540322580645,0.0,0.0,143.0,617.398390782532,2069.0327336766563,0.009801168927615733,100.0,1.0,7.397076872710996
197,2040,3,6,4.974214387304059E17,52.93449604006638,0.027776183775641346,0.0,40.630342299146186,0.0,46.400000000000844,260.74395161290323,730.6174203078203,100.0,0.0,6.348790322580645,0.0,0.0,143.0,606.9271721159264,1066.8073932604386,0.006319644093048946,100.0,1.0,7.342185622610738
185,2040,3,6,3.0688222562761073E18,54.70743089604419,0.06460740346214172,0.0,36.86506957461857,0.0,46.400000000000844,258.648185483871,777.3732378373523,100.0,0.0,5.329637096774194,0.0,0.0,143.0,610.4776168925486,1330.405775294256,0.006114839789384405,100.0,1.0,7.58809741516908
192,2040,7,11,1.0005304447219302E18,42.75095094545759,0.002017367464220554,0.0,29.588645995551367,0.0,326.77895988438513,239.01310483870967,406.94855560860407,100.0,0.014112903225806451,6.202620967741935,0.0,0.0,104.0,275.0,966.6364701389596,0.055245926177100994,98.58870967741935,1.0,5.91498744788593
183,2040,7,11,6.605295447056412E18,43.42387233668606,0.0013388914474564398,0.0,26.79702627768173,0.0,186.88411971970638,237.78326612903226,387.53501435653953,100.0,0.0,5.956653225806452,0.0,0.0,104.0,275.0,1056.721732199579,0.031105400839259317,100.0,1.0,6.008092314432829
187,2040,7,11,8.507560024639921E18,42.964496317203654,0.006756965723533918,0.0,25.52325135021018,0.0,289.7017136226015,238.6451612903226,396.1433370046901,100.0,0.10685483870967742,6.129032258064516,0.0,0.0,104.0,473.56602579931575,1153.2845902224126,0.0487341383073917,89.31451612903226,1.0,5.9445334150632
190,2040,7,11,2.9539370702862316E18,43.4468639162118,0.0012497563343806441,0.0,31.35834801730976,0.0,211.75795425700875,239.15927419354838,439.82762128044794,100.0,0.0,6.231854838709677,0.0,0.0,104.0,224.8643555740483,961.1852669763567,0.03522680466815648,100.0,1.0,6.0112734110235335
191,2040,7,12,6.492828447697523E18,43.27360804930929,0.0017183551284666893,0.0,32.04430379730085,0.0,236.5501283535811,242.70564516129033,416.6994897555029,100.0,0.0,6.641129032258065,0.0,0.0,104.0,275.0,882.0759696055669,0.03950863570694475,100.0,1.0,5.987301867576276
194,2040,7,12,4.281117921937587E18,43.06638370639484,0.0011404741333061812,0.0,52.00084403054968,0.0,167.19867805281405,241.03729838709677,1010.6821561378807,100.0,0.0,6.307459677419355,0.0,0.0,104.0,254.564355574053,932.0373427386919,0.028059917260042817,100.0,1.0,5.958630472902503
195,2040,7,12,2.797545246119503E18,42.57092177624996,0.002254585547953021,0.0,18.16632104001689,0.0,204.83720779534303,239.96370967741936,206.40144724665632,100.0,0.0,6.092741935483871,0.0,0.0,104.0,275.0,926.8983248754047,0.034776650073784256,100.0,1.0,5.8900787557383465
196,2040,7,12,4.898742477016446E18,44.04702108666036,0.0018835538372907299,0.0,-5.961658940868498,0.0,319.6734025253607,240.69959677419354,-94.59888872541569,100.0,0.036290322580645164,6.23991935483871,0.0,0.0,104.0,476.3206765741342,1696.8355338120532,0.05245439876833224,96.37096774193549,1.0,6.094310678065647
197,2040,7,12,4.974214387304059E17,44.37308771231797,0.0017085396955165706,0.0,38.52370397107851,0.0,265.88492451629924,240.27116935483872,579.418416509719,100.0,0.09879032258064516,6.154233870967742,0.0,0.0,104.0,479.7033826465363,923.5611315798673,0.043307789358852884,90.12096774193549,1.0,6.139424996116722
198,2040,7,12,7.278710821350941E18,43.31093071570242,0.0023031957086378355,0.0,24.046290032226167,0.0,206.83696038555564,240.37197580645162,307.45291627151545,100.0,0.0,6.174395161290323,0.0,0.0,104.0,275.0,968.1749330418481,0.03451616867296096,100.0,1.0,5.992465801906519
184,2040,7,12,3.1730362057635645E18,44.20293290768112,0.0021726998742985504,0.0,30.157683945502153,0.0,234.76767841750916,241.35987903225808,381.16291730543594,100.0,0.10685483870967742,6.371975806451613,0.0,0.0,104.0,263.17205557404714,881.1821998658485,0.038386557935341244,89.31451612903226,1.0,6.11588251316918
185,2040,7,12,3.0688222562761073E18,44.25792629274435,0.0032796968131772676,0.0,41.90878449361746,0.0,150.86583795426722,239.3891129032258,713.318871824195,100.0,0.0,5.977822580645161,0.0,0.0,104.0,275.0,987.6301087877695,0.02463722560088116,100.0,1.0,6.123491354029386
188,2040,7,12,5.859174576972996E18,43.15633104249442,0.002072344221906011,0.0,24.891136199086123,0.0,260.3791523272392,240.8054435483871,349.2290932326741,100.0,0.014112903225806451,6.261088709677419,0.0,0.0,104.0,483.576802560668,1051.6262451146347,0.0436067424861344,98.58870967741935,1.0,5.97107551452695
189,2040,7,12,1.481964993321812E18,44.150618976182415,0.0014380209103931117,0.0,37.830122544090116,0.0,273.83132234488204,240.84576612903226,612.7562479615676,100.0,0.01310483870967742,6.269153225806452,0.0,0.0,104.0,478.9969199722439,1005.7180279604169,0.044826855918038165,98.68951612903226,1.0,6.1086443993653665
180,2040,7,12,5.096996787781837E17,43.377366374682275,0.004071347768082134,0.0,27.76788689643337,0.0,83.22748442935531,240.3266129032258,349.7188229839279,100.0,0.0,6.165322580645161,0.0,0.0,104.0,275.0,908.0576688713076,0.013867415868737788,100.0,1.0,6.001657786652264
181,2040,7,12,6.307363977605812E18,44.014817666319146,0.0027559123098442944,0.0,36.71699288075467,0.0,161.10882908886785,239.42943548387098,537.6935559451535,100.0,0.10685483870967742,5.985887096774194,0.0,0.0,104.0,275.0,925.507761609805,0.02645528145899539,89.31451612903226,1.0,6.089855038532853
199,2040,7,12,8.617806463867117E18,42.94674209242043,0.002094596284045989,0.0,29.01596642133351,0.0,234.80138784266154,241.90423387096774,459.14418516876134,100.0,0.0,6.480846774193548,0.0,0.0,104.0,236.47863634872877,1121.276555486431,0.03951503651550234,100.0,1.0,5.94207695469408
193,2040,7,13,2.861374886328272E18,44.29277525107987,0.0019949423034355397,0.0,42.0264190807963,0.0,315.8451722823637,242.10887096774192,642.6972401850642,100.0,0.0,6.221774193548387,0.0,0.0,104.0,482.0812763603204,885.4596120960224,0.05153868133608375,100.0,1.0,6.128313028087337
182,2040,7,13,8.834479670273441E18,43.80654985971176,0.0052352686586073695,0.0,35.61990890111941,0.0,137.6252458286778,242.64314516129033,492.42235185618597,100.0,0.09879032258064516,6.328629032258065,0.0,0.0,104.0,241.56145821585253,888.8964636155484,0.02270654250433719,90.12096774193549,1.0,6.061039271055465
186,2040,7,14,4.898224502314156E18,44.475786351947576,0.0020412307736244395,0.0,47.390675769317795,0.0,116.79653242055609,243.81552419354838,750.0616691334066,100.0,0.0,6.263104838709677,0.0,0.0,104.0,275.0,831.7587960927847,0.018980089938079554,100.0,1.0,6.153634297919128
196,2040,11,15,4.898742477016446E18,45.270118137204506,0.003047979103550631,0.0,36.48305806491616,0.0,878.586651897832,374.023185483871,599.6460547652335,100.0,0.0,4.704637096774194,0.0,0.0,88.0,0.0,1042.9986852799784,0.1406186822460896,100.0,1.0,6.248008001954266
184,2040,11,15,3.1730362057635645E18,44.839563763816095,0.0021044208444777317,0.0,20.106300235025763,0.0,880.6461076162221,381.18245967741933,257.19581172228504,100.0,0.0,4.936491935483871,0.0,0.0,88.0,0.0,1020.1553242232695,0.1423017011418903,100.0,1.0,6.188584539394381
186,2040,11,15,4.898224502314156E18,44.74133298391441,0.0034565679818386154,0.0,39.92438289416663,0.0,999.5920964526745,371.90625,634.0382964200612,100.0,0.0,4.28125,0.0,0.0,88.0,0.0,953.2812896405084,0.1618765520549961,100.0,1.0,6.175027104067994
187,2040,11,15,8.507560024639921E18,44.78030778431806,0.0022343751197343156,0.0,41.1760534506575,0.0,801.2356604241043,375.8931451612903,663.7722937979231,100.0,0.0,5.078629032258065,0.0,0.0,88.0,0.0,947.1353059677444,0.1296412609745674,100.0,1.0,6.180406256471757
180,2040,11,15,5.096996787781837E17,44.882748521594834,0.004056623183025785,0.0,21.561044533338332,0.0,869.7518941642551,374.9102822580645,280.28939444277444,100.0,0.0,4.882056451612903,0.0,0.0,88.0,0.0,1017.9107064443523,0.14040610432529171,100.0,1.0,6.194544733961289
181,2040,11,15,6.307363977605812E18,45.16947502420004,0.0043223749907769955,0.0,30.97831832852459,0.0,878.1426991713088,374.6834677419355,464.3064897745363,100.0,0.0,4.836693548387097,0.0,0.0,88.0,0.0,1033.5566064657899,0.14086078446058228,100.0,1.0,6.234117625669219
182,2040,11,15,8.834479670273441E18,45.107547835211776,0.002429141981822693,0.0,27.98495460411287,0.0,947.6638009000711,375.5655241935484,397.55786380705774,100.0,0.0,5.013104838709677,0.0,0.0,88.0,0.0,1021.2578743229355,0.15222119396402456,100.0,1.0,6.225570672662302
191,2040,11,16,6.492828447697523E18,45.91157496995425,0.0038511804638854097,0.0,27.904165553768298,0.0,871.2869538491939,380.2328629032258,383.8695869983431,100.0,0.0,4.446572580645161,0.0,0.0,88.0,0.0,990.6630603488989,0.1375020175998665,100.0,1.0,6.336539412713605
192,2040,11,16,1.0005304447219302E18,45.926176393598915,0.0067876327389205906,0.0,30.956361733528837,0.0,801.6620079582159,380.96370967741933,455.98074253099793,100.0,0.0,4.592741935483871,0.0,0.0,88.0,0.0,1015.9655332995629,0.1264739444295832,100.0,1.0,6.338554645178767
193,2040,11,16,2.861374886328272E18,45.6946553238509,0.0031463010101167735,0.0,36.52787749967869,0.0,957.8746616732708,379.9959677419355,574.7630323566432,100.0,0.0,4.399193548387097,0.0,0.0,88.0,0.0,997.8517282940485,0.15188445604193798,100.0,1.0,6.306600995488206
195,2040,11,16,2.797545246119503E18,45.79855775913215,0.004390044266562156,0.0,17.06216196116798,0.0,862.0825036562362,380.51512096774195,207.797177530894,100.0,0.0,4.503024193548387,0.0,0.0,88.0,0.0,1008.4040875137293,0.13638514817474628,100.0,1.0,6.320941210927712
197,2040,11,16,4.974214387304059E17,45.555442906952166,0.004086179636089733,0.0,36.22834918292624,0.0,885.836504052544,379.2096774193548,557.9499545554941,100.0,0.0,4.241935483870968,0.0,0.0,88.0,0.0,981.2519620728598,0.14089103203058614,100.0,1.0,6.287387431871727
183,2040,11,16,6.605295447056412E18,45.91299005480701,0.003085711994791273,0.0,32.38002554420823,0.0,792.0825191187162,383.35987903225805,493.52435929964764,100.0,0.0,3.871975806451613,0.0,0.0,88.0,0.0,1029.7331719811393,0.12499852912523474,100.0,1.0,6.336734717295248
185,2040,11,16,3.0688222562761073E18,45.50011298166427,0.003745096194012111,0.0,40.5318575913125,0.0,884.3177755298241,378.8971774193548,707.444109978161,100.0,0.0,4.179435483870968,0.0,0.0,88.0,0.0,1036.9097982433436,0.1408205157209598,100.0,1.0,6.279751007886714
188,2040,11,16,5.859174576972996E18,46.084429030920816,0.00897325048085301,0.0,33.970062969824525,0.0,869.7489669727947,379.69354838709677,507.371619100694,100.0,0.0,4.338709677419355,0.0,0.0,88.0,0.0,984.8209955676509,0.13674446651063815,100.0,1.0,6.3603960669599156
189,2040,11,16,1.481964993321812E18,45.23533479720259,0.0033087206787806075,0.0,39.117676093269424,0.0,882.8482299343706,381.68951612903226,647.4364572735343,100.0,0.0,4.737903225806452,0.0,0.0,88.0,0.0,1006.6900258783091,0.14140940417645803,100.0,1.0,6.2432073388323355
194,2040,11,17,4.281117921937587E18,46.286704733644605,0.0031070811914311104,0.0,51.04435835910065,0.0,859.8688720097681,384.86995967741933,1063.5221244521122,100.0,0.0,3.873991935483871,0.0,0.0,88.0,0.0,1019.2888555421276,0.1346002959492115,100.0,1.0,6.388313383309506
198,2040,11,17,7.278710821350941E18,46.2342610451632,0.0023588986542726186,0.0,21.735363820928047,0.0,874.6977318834312,390.03326612903226,295.96128535092294,100.0,0.0,3.7066532258064515,0.0,0.0,88.0,0.0,1062.3906250002271,0.13707685458144175,100.0,1.0,6.3810753066539405
190,2040,11,17,2.9539370702862316E18,46.79540689988143,0.0028432352600928543,0.0,30.941900717572278,0.0,798.1598035144987,381.9465725806452,466.72770574772113,100.0,0.0,3.2893145161290325,0.0,0.0,88.0,0.0,1038.5229539781324,0.12358241423993895,100.0,1.0,6.458522504381955
199,2040,11,17,8.617806463867117E18,45.79749800169133,0.0026501035088165982,0.0,36.952949446873426,0.0,869.8954173269194,384.70362903225805,621.681384531902,100.0,0.0,3.840725806451613,0.0,0.0,88.0,0.0,1059.467396990667,0.13762436917880871,100.0,1.0,6.320794947272065
195,2041,3,3,2.797545246119503E18,51.441807366351284,0.00897325048085301,0.0,8.301843595821227,0.0,98.60000000000124,262.62600806451616,115.84238446929898,100.0,0.0,7.025201612903226,0.0,0.0,143.0,609.6792112450827,1274.8396655062656,0.013922217626544374,100.0,1.0,7.082205051299337
196,2041,3,3,4.898742477016446E18,52.93827562247767,0.00897325048085301,0.0,-27.83880348336707,0.0,43.49999999999999,263.21875,-541.8251031694995,100.0,0.0,6.84375,0.0,0.0,143.0,619.4546025393073,2490.4657692202045,0.0059685273487556706,100.0,1.0,7.288229986760293
184,2041,3,3,3.1730362057635645E18,52.76562627355092,0.00897325048085301,0.0,25.18186090980508,0.0,52.19999999999926,261.00100806451616,376.8807032566634,100.0,0.0,6.400201612903226,0.0,0.0,143.0,609.8733857447539,1118.3894134107873,0.007185667674118304,100.0,1.0,7.264460641286796
185,2041,3,3,3.0688222562761073E18,52.350329617803894,0.005781733557250655,0.0,24.584074920399743,0.0,63.800000000001134,261.19959677419354,484.7950170574793,100.0,0.0,6.73991935483871,0.0,0.0,143.0,819.042802029094,1485.0288986362832,0.008852154398289272,100.0,1.0,7.207285043777687
187,2041,3,3,8.507560024639921E18,53.359203658495886,0.00897325048085301,0.0,16.22914307412961,0.0,57.99999999999999,258.7278225806452,300.07947894777465,100.0,0.0,5.945564516129032,0.0,0.0,143.0,617.756863001155,1546.4327151689215,0.007895258904060119,100.0,1.0,7.346180879536911
180,2041,3,3,5.096996787781837E17,52.623156983656955,0.00897325048085301,0.0,15.878735677800204,0.0,75.40000000000018,263.55645161290323,241.71147634705028,100.0,0.0,6.911290322580645,0.0,0.0,143.0,619.0641681642334,1276.9362932065394,0.010407398140477898,100.0,1.0,7.244846308583509
182,2041,3,3,8.834479670273441E18,52.38639186854752,0.00552540054239718,0.0,27.196475247036776,0.0,49.300000000000615,263.6774193548387,441.7991099176407,100.0,0.0,6.935483870967742,0.0,0.0,143.0,609.7521059665216,1181.5168815641214,0.006835592333350875,100.0,1.0,7.21224988205715
192,2041,3,4,1.0005304447219302E18,52.76954628728581,0.003834722427714977,0.0,18.603327232807402,0.0,57.99999999999999,261.64112903225805,311.75608932053746,100.0,0.0,6.528225806451613,0.0,0.0,143.0,608.3995397526785,1361.5145723008552,0.007983482092204399,100.0,1.0,7.265000325689344
193,2041,3,4,2.861374886328272E18,53.451359530681096,0.0026422999060226834,0.0,42.519040164615774,0.0,60.900000000000986,261.4596774193548,836.4974366621767,100.0,0.0,6.491935483870968,0.0,0.0,143.0,815.1299697582054,1129.9944972868977,0.008275728963157829,100.0,1.0,7.358868357230845
186,2041,3,4,4.898224502314156E18,54.285504995120554,0.0037861816374907373,0.0,34.300317100540305,0.0,46.400000000000844,258.3528225806452,626.3078074332311,100.0,0.0,5.570564516129032,0.0,0.0,143.0,822.160342158023,1198.6607514667944,0.006208430450613616,100.0,1.0,7.4737085917447725
189,2041,3,4,1.481964993321812E18,53.04181876895754,0.00897325048085301,0.0,40.491970506346874,0.0,95.69999999999828,260.71875,819.4533394832656,100.0,0.0,6.34375,0.0,0.0,143.0,614.5462062077099,1203.525514576723,0.01310512755784296,100.0,1.0,7.3024851973092915
190,2041,3,4,2.9539370702862316E18,51.744703291211195,0.0033912511265506476,0.0,13.175496516843078,0.0,46.400000000000844,260.75604838709677,217.44890643097492,100.0,0.0,6.651209677419355,0.0,0.0,143.0,616.2663218354954,1429.7271861207225,0.006513280795947455,100.0,1.0,7.123905978208523
181,2041,3,4,6.307363977605812E18,53.65087800015184,0.00897325048085301,0.0,32.16844390428417,0.0,43.49999999999999,258.554435483871,572.5974475882363,100.0,0.0,5.610887096774194,0.0,0.0,143.0,616.1338850789087,1206.285288640297,0.005889252098499274,100.0,1.0,7.386336884964537
194,2041,3,5,4.281117921937587E18,53.548601280245656,0.027817076490644375,0.0,48.54077087360802,0.0,52.19999999999926,258.6522177419355,1191.2757237725748,100.0,0.0,5.930443548387097,0.0,0.0,143.0,618.9280225071242,1262.1474553436944,0.00708060053770882,100.0,1.0,7.372256028567095
197,2041,3,5,4.974214387304059E17,53.838264860790694,0.027817076490644375,0.0,34.74849344563881,0.0,72.49999999999999,261.23084677419354,629.575789968625,100.0,0.0,6.14616935483871,0.0,0.0,143.0,823.7205568561682,1181.2154174557377,0.009781257087491849,100.0,1.0,7.412135204248142
198,2041,3,5,7.278710821350941E18,53.64168511757834,0.027817076490644375,0.0,16.721278843713076,0.0,107.30000000000186,260.90020161290323,272.4222222487353,100.0,0.0,6.380040322580645,0.0,0.0,143.0,611.6290826992566,1354.531517179932,0.014529311387562336,100.0,1.0,7.385071263036932
188,2041,3,5,5.859174576972996E18,53.40872917050569,0.027817076490644375,0.0,16.217557990885382,0.0,52.19999999999926,259.22983870967744,270.4240755745342,100.0,0.0,5.745967741935484,0.0,0.0,143.0,812.2099615631088,1394.5889358554361,0.007099143920987497,100.0,1.0,7.352999260330278
199,2041,3,5,8.617806463867117E18,53.056467133445,0.027817076490644375,0.0,9.959567736453595,0.0,81.19999999999848,262.92137096774195,186.0737707382304,100.0,0.0,6.784274193548387,0.0,0.0,143.0,619.4424673257068,1676.8370798237108,0.011116432185998623,100.0,1.0,7.3045018978545615
191,2041,3,6,6.492828447697523E18,54.532547890446956,0.04666090250043583,0.0,25.205306776458755,0.0,69.59999999999933,261.0977822580645,390.8746641569899,100.0,0.0,5.819556451612903,0.0,0.0,143.0,620.7872532614973,1158.5966859123057,0.009270457605860618,100.0,1.0,7.50772000251632
183,2041,3,6,6.605295447056412E18,54.591061226970865,0.04666090250043583,0.0,14.794753538890848,0.0,34.79999999999966,259.5352822580645,284.15178843449644,100.0,0.0,5.507056451612903,0.0,0.0,143.0,618.6783341323033,1633.5353497469277,0.004630260540787844,100.0,1.0,7.515775774051455
183,2041,7,12,6.605295447056412E18,44.14289837449228,0.003350728334896575,0.0,12.732518967644664,0.0,262.67791239248095,238.1764112903226,197.71192565755254,100.0,0.0,6.035282258064516,0.0,0.0,104.30000000000183,475.10989455304076,1349.1082073310272,0.04332989939025251,100.0,1.0,6.062278382570464
189,2041,7,12,1.481964993321812E18,43.54660418105009,0.0022244051762154186,0.0,44.44894736427649,0.0,178.02221184990296,238.4334677419355,729.4677478008596,100.0,0.0,6.086693548387097,0.0,0.0,104.30000000000183,275.0,910.6883266250271,0.029767671773996605,100.0,1.0,5.980387488866809
191,2041,7,13,6.492828447697523E18,43.64779831878064,0.00897325048085301,0.0,27.951439676633218,0.0,114.46279681070766,240.82560483870967,346.27801673430525,100.0,0.10685483870967742,6.265120967741935,0.0,0.0,104.30000000000183,275.0,890.8449099340249,0.01909532177261639,89.31451612903226,1.0,5.994284787326959
192,2041,7,13,1.0005304447219302E18,43.15149311104118,0.002124349072171644,0.0,27.549672769373895,0.0,235.05416998809588,240.7298387096774,376.5435600510858,100.0,0.0,6.245967741935484,0.0,0.0,104.30000000000183,275.0,988.3582707924968,0.039664054136971466,100.0,1.0,5.926125684893071
193,2041,7,13,2.861374886328272E18,43.87524253712353,0.0018025814545707187,0.0,47.59263255566375,0.0,167.61406682025418,240.21068548387098,766.7538198861812,100.0,0.0,6.142137096774194,0.0,0.0,104.30000000000183,273.88000000000324,843.4308818269512,0.027817359478894663,100.0,1.0,6.025520393027413
194,2041,7,13,4.281117921937587E18,43.975946421157936,0.0022972991502439957,0.0,51.7366820623449,0.0,252.6616337242359,239.45967741935485,1029.9213642435623,100.0,0.10685483870967742,5.991935483870968,0.0,0.0,104.30000000000183,275.0,959.8238765599069,0.04183589600183136,89.31451612903226,1.0,6.039350363457632
196,2041,7,13,4.898742477016446E18,43.80236801273149,0.0025844615440244875,0.0,4.683979883341269,0.0,176.21124524916894,241.4959677419355,75.27938059938322,100.0,0.0,6.399193548387097,0.0,0.0,104.30000000000183,275.0,1516.9935337253291,0.02929280767401504,100.0,1.0,6.015512313129403
184,2041,7,13,3.1730362057635645E18,43.54493033036533,0.0015025536639070697,0.0,27.330486513246118,0.0,176.4025122114236,241.05241935483872,333.4681921206515,100.0,0.0,6.310483870967742,0.0,0.0,104.30000000000183,275.0,885.1400295182956,0.02949797038834218,100.0,1.0,5.980157613865503
185,2041,7,13,3.0688222562761073E18,43.3943658344777,0.0017376550117840857,0.0,37.92415723464605,0.0,133.77774572333314,240.74495967741936,612.0888029465253,100.0,0.0,6.248991935483871,0.0,0.0,104.30000000000183,275.0,1000.4095452800449,0.022447888526081726,100.0,1.0,5.959480134084754
186,2041,7,13,4.898224502314156E18,44.24020984072508,0.0013670399879422647,0.0,43.03290347495502,0.0,115.80281296540639,239.03125,632.4679108023469,100.0,0.0,5.90625,0.0,0.0,104.30000000000183,234.7338140228464,836.2778622972199,0.01906017572471718,100.0,1.0,6.075642461954517
187,2041,7,13,8.507560024639921E18,43.45093381563001,0.0019132730236360394,0.0,29.873217608882246,0.0,150.88212125779643,241.61693548387098,448.5950166944646,100.0,0.014112903225806451,6.423387096774194,0.0,0.0,104.30000000000183,275.0,1051.3132800001217,0.025285039495995393,98.58870967741935,1.0,5.967248786844604
190,2041,7,13,2.9539370702862316E18,42.960774522383616,0.0016716189420367031,0.0,24.61109498968349,0.0,267.92288741245613,240.88104838709677,336.3070175016224,100.0,0.0,6.276209677419355,0.0,0.0,104.30000000000183,275.0,1027.864520340555,0.04541116901618203,100.0,1.0,5.899933721525276
182,2041,7,13,8.834479670273441E18,43.30894747660762,0.0017532728567512803,0.0,30.62346931473093,0.0,238.35806149456556,240.82560483870967,406.3665498139116,100.0,0.0,6.265120967741935,0.0,0.0,104.30000000000183,275.0,918.9516321093195,0.040075337175457144,100.0,1.0,5.947749371414904
199,2041,7,13,8.617806463867117E18,43.95389414773859,0.0021653596720205177,0.0,25.768462495570997,0.0,161.5145509547224,240.44758064516128,397.3235306381173,100.0,0.10685483870967742,6.189516129032258,0.0,0.0,104.30000000000183,275.0,1142.1557717846167,0.026757113812248823,89.31451612903226,1.0,6.036321857732823
195,2041,7,14,2.797545246119503E18,44.24422920569357,0.0016482826011853388,0.0,17.99702039107652,0.0,161.3476788461651,242.51209677419354,213.07188732699214,100.0,0.036290322580645164,6.30241935483871,0.0,0.0,104.30000000000183,275.0,968.135653621774,0.026554067694726777,96.37096774193549,1.0,6.076194453560357
197,2041,7,14,4.974214387304059E17,44.08093005240174,0.001633876635260927,0.0,41.88242519784111,0.0,158.21579804375492,244.41229838709677,613.7364761463418,100.0,0.0,6.682459677419355,0.0,0.0,104.30000000000183,230.75435557405385,850.4150294720253,0.026135094016371048,100.0,1.0,6.053768084578092
198,2041,7,14,7.278710821350941E18,44.66467035406786,0.0017553306887427692,0.0,15.526704232002182,0.0,308.4864082377441,241.3477822580645,210.28591934836453,100.0,0.10685483870967742,6.069556451612903,0.0,0.0,104.30000000000183,477.36217280569184,1141.0386637975707,0.05029176418630476,89.31451612903226,1.0,6.133934914173279
188,2041,7,14,5.859174576972996E18,44.54404549680537,0.004767933305447945,0.0,34.99020029455872,0.0,190.65494283384336,244.27620967741936,485.18800551177304,100.0,0.06653225806451613,6.655241935483871,0.0,0.0,104.30000000000183,205.99859488914782,900.0289442612188,0.031166166140507,93.34677419354838,1.0,6.1173691359505105
180,2041,7,14,5.096996787781837E17,44.353541442722864,0.001620305251147173,0.0,25.552012955945237,0.0,105.70322791566079,242.27520161290323,326.75139057884036,100.0,0.0,6.255040322580645,0.0,0.0,104.30000000000183,275.0,950.0731239149869,0.01735341357550455,100.0,1.0,6.091206635267868
181,2041,7,15,6.307363977605812E18,44.92494247081558,0.00897325048085301,0.0,36.35257330622959,0.0,389.29105330744557,245.01512096774192,540.5338018349589,100.0,0.0,6.503024193548387,0.0,0.0,104.30000000000183,272.420000000005,945.336042663737,0.06309745793896053,100.0,1.0,6.169678874924556
187,2041,11,15,8.507560024639921E18,44.63896951969535,0.00897325048085301,0.0,37.96200386344269,0.0,865.360062505412,373.3850806451613,583.8091625263958,100.0,0.0,4.877016129032258,0.0,0.0,88.0,0.0,953.2936812874453,0.1415091377067058,100.0,1.0,6.115223910833034
192,2041,11,16,1.0005304447219302E18,45.1279561059403,0.002605473426496233,0.0,28.7697406185111,0.0,820.8507674682535,374.18951612903226,409.9908732574363,100.0,0.0,4.737903225806452,0.0,0.0,88.0,0.0,1013.8925224489295,0.1327762324322543,100.0,1.0,6.182211623507781
193,2041,11,16,2.861374886328272E18,45.58256493938125,0.0038216569339237735,0.0,38.34773659337479,0.0,873.807432352908,381.1774193548387,640.218314892221,100.0,0.0,4.935483870967742,0.0,0.0,88.0,0.0,1028.4810393386804,0.13993255760215847,100.0,1.0,6.244489826572208
197,2041,11,16,4.974214387304059E17,45.53705530132672,0.00897325048085301,0.0,35.60730340501859,0.0,948.9809199313148,373.0403225806452,537.4797940507525,100.0,0.0,4.508064516129032,0.0,0.0,88.0,0.0,971.2914046743373,0.15212280840628453,100.0,1.0,6.238255327214367
183,2041,11,16,6.605295447056412E18,44.74840459281545,0.00897325048085301,0.0,32.65795507539211,0.0,812.7815897829001,377.01209677419354,511.2174186034603,100.0,0.0,5.30241935483871,0.0,0.0,88.0,0.0,1052.937266105435,0.13258613134489536,100.0,1.0,6.130215743821783
189,2041,11,16,1.481964993321812E18,45.18672896870947,0.00443780933771168,0.0,40.98774398930085,0.0,805.8291470746154,373.90725806451616,696.1871525352335,100.0,0.0,4.681451612903226,0.0,0.0,88.0,0.0,1001.5285272658479,0.13017688185746085,100.0,1.0,6.190263091083795
190,2041,11,16,2.9539370702862316E18,45.35818270794867,0.006511792801780113,0.0,27.90707268811,0.0,861.878038740783,369.570564516129,401.38106881483634,100.0,0.0,5.014112903225806,0.0,0.0,88.0,0.0,1035.3507178959012,0.13870495175365202,100.0,1.0,6.213751043809367
181,2041,11,16,6.307363977605812E18,45.51653567838383,0.004063972138067492,0.0,30.443053161396076,0.0,1044.529257822845,375.17237903225805,457.4841538524239,100.0,0.0,4.934475806451613,0.0,0.0,88.0,0.0,1044.2242520346674,0.16751480893911427,100.0,1.0,6.235444283630438
199,2041,11,16,8.617806463867117E18,44.994050123575896,0.0033087206787806075,0.0,32.214204149850374,0.0,874.8521174358169,374.90020161290323,506.7027788489816,100.0,0.0,4.880040322580645,0.0,0.0,88.0,0.0,1065.3052392159939,0.14193233789224122,100.0,1.0,6.16386744858686
191,2041,11,17,6.492828447697523E18,45.99604189777421,0.0037110217042402903,0.0,21.81202159953074,0.0,873.7385428123811,382.07762096774195,284.0349245519609,100.0,0.0,4.815524193548387,0.0,0.0,88.0,0.0,1016.4165367581616,0.1386637145638064,100.0,1.0,6.301133252927018
198,2041,11,17,7.278710821350941E18,46.031930240186405,0.0032653749930324047,0.0,23.993444160369396,0.0,960.5405317223626,377.6219758064516,333.73354723860166,100.0,0.0,3.9243951612903225,0.0,0.0,88.0,0.0,1055.508449126602,0.15232048223750247,100.0,1.0,6.30604970265693
185,2041,11,17,3.0688222562761073E18,46.00678462803158,0.004038366553039159,0.0,39.482419075232976,0.0,867.5213374765178,373.39112903225805,673.7852554392781,100.0,0.0,4.278225806451613,0.0,0.0,88.0,0.0,1031.5547763087473,0.13764488603497113,100.0,1.0,6.30260493118581
186,2041,11,17,4.898224502314156E18,45.849446354355905,0.002863194154707409,0.0,35.417128534246366,0.0,881.5125313354379,380.32862903225805,538.1248163844618,100.0,0.0,4.465725806451613,0.0,0.0,88.0,0.0,980.2770185793387,0.1403447565967755,100.0,1.0,6.28105069766241
188,2041,11,17,5.859174576972996E18,46.468051860935695,0.0030417798240179785,0.0,30.999600118589946,0.0,958.767880240471,383.89415322580646,447.4031673686275,100.0,0.0,3.9788306451612905,0.0,0.0,88.0,0.0,994.0673955088618,0.15061242733445127,100.0,1.0,6.365795288003842
180,2041,11,17,5.096996787781837E17,46.419071731135,0.007604449560044939,0.0,22.77081381471263,0.0,932.6933702176267,378.6149193548387,303.84257600447,100.0,0.0,4.122983870967742,0.0,0.0,88.0,0.0,1029.134050495379,0.1466709940247621,100.0,1.0,6.359085355759996
182,2041,11,17,8.834479670273441E18,45.94677089386652,0.00897325048085301,0.0,25.576932229651625,0.0,869.3113928633662,381.3971774193548,358.95989576950376,100.0,0.0,4.679435483870968,0.0,0.0,88.0,0.0,1043.597666731887,0.13810906129166212,100.0,1.0,6.294383472982508
194,2041,11,18,4.281117921937587E18,46.37336749524298,0.0025305274903702894,0.0,49.94809625860794,0.0,880.9286320779854,385.76209677419354,1045.7791320720685,100.0,0.0,4.05241935483871,0.0,0.0,88.0,0.0,1047.2442814824033,0.1386672454076681,100.0,1.0,6.352824197871254
195,2041,11,18,2.797545246119503E18,46.56346767104471,0.0026785822330904576,0.0,17.998321362031305,0.0,942.6742824799251,380.8024193548387,223.72469014574696,100.0,0.0,3.060483870967742,0.0,0.0,88.0,0.0,1016.3220801817757,0.14778084327837304,100.0,1.0,6.378866580861367
196,2041,11,18,4.898742477016446E18,46.84851048078259,0.0049906843608748756,0.0,36.88819990237282,0.0,878.6455252650952,385.05141129032256,627.2098111983789,100.0,0.0,3.910282258064516,0.0,0.0,88.0,0.0,1071.5769889103965,0.13690512662188406,100.0,1.0,6.417915434911444
184,2041,11,18,3.1730362057635645E18,46.189510594283746,0.00848133315770607,0.0,21.448307910829417,0.0,875.2779225107272,379.5806451612903,276.914113694486,100.0,0.0,4.016129032258065,0.0,0.0,88.0,0.0,1012.5018333213673,0.1383261885516848,100.0,1.0,6.327637099490271
197,2042,3,3,4.974214387304059E17,52.49565326146992,0.00897325048085301,0.0,38.91676541233694,0.0,84.10000000000043,258.210685483871,693.0059610674406,100.0,0.0,6.142137096774194,0.0,0.0,143.0,625.1786693081953,1086.9668129533632,0.01172332646220662,100.0,1.0,7.173731813331311
189,2042,3,3,1.481964993321812E18,51.75553264776961,0.00897325048085301,0.0,35.89716537696063,0.0,78.30000000000146,259.62701612903226,718.2314744014702,100.0,0.0,6.425403225806452,0.0,0.0,143.0,618.2317463117627,1281.5032891635192,0.011070906611002044,100.0,1.0,7.072591500517989
193,2042,3,4,2.861374886328272E18,53.37359233197079,0.00897325048085301,0.0,44.55907357892774,0.0,55.099999999999056,257.7399193548387,882.2866859686966,100.0,0.0,5.747983870967742,0.0,0.0,143.0,816.6263204632487,1097.0152965465486,0.0075544590684220305,100.0,1.0,7.293705545420117
183,2042,3,4,6.605295447056412E18,52.71808301059725,0.00897325048085301,0.0,5.66343256088623,0.0,55.099999999999056,262.2006048387097,103.24704309172515,100.0,0.0,6.640120967741935,0.0,0.0,143.0,620.9300515597656,1711.0985305212862,0.007648393029114228,100.0,1.0,7.204127689340289
186,2042,3,4,4.898224502314156E18,52.355869918821625,0.00897325048085301,0.0,34.973322257615834,0.0,34.79999999999966,258.22076612903226,606.9871056283384,100.0,0.0,6.144153225806452,0.0,0.0,143.0,611.8722550049521,1127.5150938549098,0.004863983261174561,100.0,1.0,7.154629884889061
187,2042,3,4,8.507560024639921E18,52.704888790990786,0.00897325048085301,0.0,15.833968650915242,0.0,40.59999999999924,263.18850806451616,283.6463384408512,100.0,0.0,6.837701612903226,0.0,0.0,143.0,619.2280066226281,1504.9998232895837,0.005637068860395006,100.0,1.0,7.2023246487633426
190,2042,3,4,2.9539370702862316E18,53.18595061134167,0.0032725202337173707,0.0,14.438058398444685,0.0,60.900000000000986,259.90725806451616,243.02169516745855,100.0,0.0,6.181451612903226,0.0,0.0,143.0,609.855397483985,1437.7197248657096,0.008379123170102686,100.0,1.0,7.268063586569125
181,2042,3,4,6.307363977605812E18,53.61689820377206,0.00897325048085301,0.0,37.262542673276215,0.0,57.99999999999999,259.5594758064516,659.2200900971438,100.0,0.0,6.111895161290323,0.0,0.0,143.0,608.7257522209926,1108.9045902927517,0.007915976848118261,100.0,1.0,7.326954223443364
199,2042,3,4,8.617806463867117E18,53.24505471843895,0.00897325048085301,0.0,10.154667871486001,0.0,46.400000000000844,263.58165322580646,187.17168472828413,100.0,0.0,6.91633064516129,0.0,0.0,143.0,609.9617834112903,1651.4508851324545,0.006377007248367042,100.0,1.0,7.276140388876377
192,2042,3,5,1.0005304447219302E18,54.12789857894866,0.010707111813181019,0.0,19.591474965910045,0.0,34.79999999999966,262.24899193548384,335.02155711125044,100.0,0.0,6.349798387096774,0.0,0.0,143.0,603.3860771665252,1373.2722279863174,0.0047047471192318314,100.0,1.0,7.396784379280653
194,2042,3,5,4.281117921937587E18,53.148643544339194,0.027817076490644375,0.0,38.543009767009586,0.0,52.19999999999926,257.04637096774195,937.0288160546645,100.0,0.0,5.909274193548387,0.0,0.0,143.0,825.7120957061328,1493.0771079165588,0.007187146969148856,100.0,1.0,7.262965433164236
198,2042,3,5,7.278710821350941E18,52.9913538496644,0.027817076490644375,0.0,12.320105231638118,0.0,92.80000000000169,261.63104838709677,193.90676882946275,100.0,0.0,6.526209677419355,0.0,0.0,143.0,608.8770142190498,1377.059918193552,0.012815075487313112,100.0,1.0,7.241471194756006
185,2042,3,5,3.0688222562761073E18,52.58243543589955,0.3871111395374515,0.0,14.26344087908063,0.0,40.59999999999924,264.085685483871,271.57493181325975,100.0,0.0,7.017137096774194,0.0,0.0,143.0,819.8853245614653,1628.3584754876226,0.005650196399831188,100.0,1.0,7.185590929407738
180,2042,3,5,5.096996787781837E17,52.75141120695279,0.38784310755393775,0.0,5.424949487021347,0.0,40.59999999999924,263.01209677419354,78.78094522545882,100.0,0.0,6.80241935483871,0.0,0.0,143.0,819.2675646996353,1365.6561719149172,0.005632097428231774,100.0,1.0,7.208682114852161
182,2042,3,5,8.834479670273441E18,53.18582960455576,0.027817076490644375,0.0,26.940142093612632,0.0,78.30000000000146,257.8961693548387,445.16144765244525,100.0,0.0,5.779233870967742,0.0,0.0,143.0,604.9740785923302,1205.8916691988181,0.01077318287232364,100.0,1.0,7.268047050529009
191,2042,3,6,6.492828447697523E18,54.01738888716887,0.04666090250043583,0.0,21.05795632596118,0.0,66.6999999999988,262.1834677419355,325.0373037088391,100.0,0.0,6.336693548387097,0.0,0.0,143.0,610.9116781398875,1216.6962416417502,0.00903587999404856,100.0,1.0,7.381682807200895
195,2042,3,6,2.797545246119503E18,53.88148701250773,0.02034041085459274,0.0,11.408627485106086,0.0,49.300000000000615,259.9929435483871,159.58851825137106,100.0,0.0,6.198588709677419,0.0,0.0,143.0,611.3859607200146,1235.699784507521,0.006695539156851505,100.0,1.0,7.363111296205656
196,2042,3,6,4.898742477016446E18,53.02716661367694,0.031065847204018525,0.0,-49.84485840457121,0.0,66.6999999999988,262.09979838709677,-955.8685326210032,100.0,0.0,6.619959677419355,0.0,0.0,143.0,617.7757116146503,2875.0889338300667,0.009204614818141537,100.0,1.0,7.246365145941641
184,2042,3,6,3.1730362057635645E18,53.71390120710966,0.02817687349060126,0.0,18.889759321803574,0.0,55.099999999999056,256.84274193548384,278.93342931155394,100.0,0.0,5.568548387096774,0.0,0.0,143.0,606.1693221962752,1195.5903726516788,0.0075065971665664085,100.0,1.0,7.340210054884608
188,2042,3,6,5.859174576972996E18,53.403724110038254,0.014599781758584379,0.0,27.683596341042595,0.0,87.00000000000001,263.2368951612903,473.28050354110223,100.0,0.0,6.547379032258065,0.0,0.0,143.0,610.0315938213198,1234.805331681138,0.011921363123696268,100.0,1.0,7.297823168146673
184,2042,7,12,3.1730362057635645E18,43.273404604044835,0.0020666168772116556,0.0,13.105722766653493,0.0,308.8765212462649,238.82157258064515,155.92465251222538,100.0,0.03024193548387097,6.164314516129032,0.0,0.0,104.60000000000149,476.6314827398317,1029.052996956465,0.05236221836549405,96.9758064516129,1.0,5.898843305115013
180,2042,7,12,5.096996787781837E17,42.47773388308489,0.00897325048085301,0.0,17.9848517780014,0.0,203.7624497529365,238.46370967741936,207.1375663263903,100.0,0.0,6.092741935483871,0.0,0.0,104.60000000000149,270.9840643720182,941.5054966457732,0.03518981786434513,100.0,1.0,5.790380914684751
181,2042,7,12,6.307363977605812E18,43.20088684913961,0.00897325048085301,0.0,35.96952831337097,0.0,167.49555913179498,238.6602822580645,506.5395850245645,100.0,0.11391129032258064,6.132056451612903,0.0,0.0,104.60000000000149,275.0,900.3598638822941,0.028442308329353842,88.60887096774194,1.0,5.888957998494497
192,2042,7,13,1.0005304447219302E18,43.35976430054225,0.0018867221364283076,0.0,25.634809048221047,0.0,184.4532598576442,239.95866935483872,346.942876859652,100.0,0.014112903225806451,6.091733870967742,0.0,0.0,104.60000000000149,273.200000000005,1004.4682918495918,0.03120711545446528,98.58870967741935,1.0,5.910615485330019
193,2042,7,13,2.861374886328272E18,43.73497668931964,0.002035673884041067,0.0,47.84716457947415,0.0,178.45330577992212,240.19052419354838,766.8291090616253,100.0,0.0,6.138104838709677,0.0,0.0,104.60000000000149,239.9471867871115,834.8434010924768,0.029932976423261953,100.0,1.0,5.961762814914721
195,2042,7,13,2.797545246119503E18,43.84251433941421,0.0011404741333061812,0.0,17.320744687781914,0.0,158.2354004732175,240.16532258064515,196.6490321569618,100.0,0.0,6.133064516129032,0.0,0.0,104.60000000000149,274.78000000000003,935.8656357666705,0.026476611523359395,100.0,1.0,5.976421882143487
196,2042,7,13,4.898742477016446E18,44.634593285899776,0.006205567414144567,0.0,-4.157696459498744,0.0,168.48512694938296,239.90322580645162,-66.09739043493327,100.0,0.0,6.080645161290323,0.0,0.0,104.60000000000149,275.0,1677.5666057367011,0.027691354101104744,100.0,1.0,6.084394657416238
183,2042,7,13,6.605295447056412E18,44.66952748092732,0.0014787822150384045,0.0,23.75745028765884,0.0,227.01735685332807,238.63306451612902,361.1629366538911,100.0,0.0,5.826612903225806,0.0,0.0,104.60000000000149,275.0,1157.0439436906377,0.037282232451091066,100.0,1.0,6.089156735749187
185,2042,7,13,3.0688222562761073E18,44.27828645145388,0.0017670835921333309,0.0,33.8921576805433,0.0,238.34915625462267,240.74495967741936,535.9866817190775,100.0,0.0,6.248991935483871,0.0,0.0,104.60000000000149,264.7597571019197,1043.9791111896725,0.03948908027086632,100.0,1.0,6.0358244512083115
186,2042,7,13,4.898224502314156E18,43.7412038502905,0.002740760684438921,0.0,40.07291351484096,0.0,116.29368598184975,239.34879032258064,579.7353123902465,100.0,0.0,5.969758064516129,0.0,0.0,104.60000000000149,275.0,865.7850332573973,0.019503816838863118,100.0,1.0,5.962611674558185
189,2042,7,13,1.481964993321812E18,44.59537184251002,0.0022145238106744914,0.0,43.752651881326706,0.0,210.45539490873912,241.30947580645162,744.9274344741418,100.0,0.0,6.361895161290323,0.0,0.0,104.60000000000149,275.0,956.7004758295255,0.03461979398284928,100.0,1.0,6.079048159934145
182,2042,7,13,8.834479670273441E18,44.73728205777038,0.0015055789397404396,0.0,32.97695194845432,0.0,156.99432460555204,239.31854838709677,457.2954486418387,100.0,0.0,5.963709677419355,0.0,0.0,104.60000000000149,275.0,928.0519881541118,0.025743557545478045,100.0,1.0,6.098392746542861
191,2042,7,14,6.492828447697523E18,44.83316606936394,0.0014435731146803478,0.0,27.502914133537285,0.0,239.7496790499088,243.2429435483871,351.502355058113,100.0,0.0,6.448588709677419,0.0,0.0,104.60000000000149,273.02999999999986,924.9339447219872,0.03922950521462295,100.0,1.0,6.111463240187418
197,2042,7,14,4.974214387304059E17,44.56776213540716,0.0020047476498778025,0.0,41.73929257668336,0.0,188.93790455804827,242.0584677419355,623.3418747795306,100.0,0.0,6.211693548387097,0.0,0.0,104.60000000000149,275.0,869.0058900160863,0.031099433089645738,100.0,1.0,6.07528452410772
198,2042,7,14,7.278710821350941E18,44.6637600125064,0.001182869823471269,0.0,22.37720353822541,0.0,241.4497535024323,242.84475806451613,296.0792256995012,100.0,0.0,6.368951612903226,0.0,0.0,104.60000000000149,275.0,1024.733498458606,0.03965753265832146,100.0,1.0,6.0883705394054095
187,2042,7,14,8.507560024639921E18,43.958807431278096,0.005752083641572447,0.0,30.354483853081295,0.0,187.93389824966036,244.51814516129033,452.2607106232634,100.0,0.0,6.703629032258065,0.0,0.0,104.60000000000149,275.0,1035.878081176377,0.03136269870710849,100.0,1.0,5.992274453316236
188,2042,7,14,5.859174576972996E18,45.20413515892241,0.001598939857600322,0.0,36.01119273879635,0.0,270.13805221051587,241.58467741935485,519.8487393100542,100.0,0.029233870967741934,6.116935483870968,0.0,0.0,104.60000000000149,275.0,922.400486891766,0.043839117681273,97.07661290322581,1.0,6.162032141580081
190,2042,7,14,2.9539370702862316E18,44.25811648342975,0.0020056438267440886,0.0,23.609938418841814,0.0,169.38081332186815,241.25201612903226,326.5917264116307,100.0,0.0030241935483870967,6.050403225806452,0.0,0.0,104.60000000000149,275.0,1054.6067840493095,0.02807537022302718,99.69758064516128,1.0,6.0330749684270755
199,2042,7,14,8.617806463867117E18,44.70504138611572,0.0014501051197241455,0.0,25.47613308176736,0.0,360.92126838306416,241.12600806451613,392.8348608558813,100.0,0.0,6.025201612903226,0.0,0.0,104.60000000000149,275.0,1147.0697267658159,0.05922569682457538,100.0,1.0,6.093997837663293
194,2042,7,15,4.281117921937587E18,44.70938179943204,0.00380544973742707,0.0,51.547717293518104,0.0,182.44615217059518,245.4889112903226,1041.0851299224828,100.0,0.014112903225806451,6.597782258064516,0.0,0.0,104.60000000000149,222.4651450515683,977.7036433770381,0.029935757289311225,98.58870967741935,1.0,6.094589504028979
193,2042,11,15,2.861374886328272E18,44.68242463629544,0.0027158748428731884,0.0,37.27894167331001,0.0,866.6193093676349,375.3256048387097,608.8477259981809,100.0,0.0,5.265120967741935,0.0,0.0,88.0,0.0,1023.4747690940882,0.14263346201959562,100.0,1.0,6.075848521776573
192,2042,11,16,1.0005304447219302E18,45.26736117228239,0.00897325048085301,0.0,26.712075021529117,0.0,864.643001479507,379.59979838709677,376.28740027802235,100.0,0.0,4.619959677419355,0.0,0.0,88.0,0.0,1031.0887309206369,0.14046930896798718,100.0,1.0,6.155387307248436
198,2042,11,16,7.278710821350941E18,45.564311113925505,0.00897325048085301,0.0,20.808270405436016,0.0,951.871855047189,373.46370967741933,279.9578431321142,100.0,0.0,4.592741935483871,0.0,0.0,88.0,0.0,1064.1533049329928,0.15363263202079316,100.0,1.0,6.195766111188926
184,2042,11,16,3.1730362057635645E18,45.23403646533137,0.0022354884107755415,0.0,16.674778797319615,0.0,800.5323902236017,374.4818548387097,206.37530234496478,100.0,0.0,4.796370967741935,0.0,0.0,88.0,0.0,1029.2273992257897,0.13014975605412296,100.0,1.0,6.150855863999461
185,2042,11,16,3.0688222562761073E18,45.59976674525961,0.00897325048085301,0.0,34.41267133513293,0.0,876.6065018119709,375.8477822580645,558.9238336572517,100.0,0.0,5.069556451612903,0.0,0.0,88.0,0.0,1064.1710611249657,0.141374753289665,100.0,1.0,6.200587314312604
187,2042,11,16,8.507560024639921E18,45.28676360490685,0.00897325048085301,0.0,35.89601966559159,0.0,941.4762844528808,381.726814516129,549.4116017446987,100.0,0.0,5.045362903225806,0.0,0.0,88.0,0.0,979.8903149883279,0.15288606161193236,100.0,1.0,6.158025620691383
188,2042,11,16,5.859174576972996E18,45.41310232255766,0.0032093170532378353,0.0,30.773332986426134,0.0,962.8873714848565,375.9788306451613,445.0903155548828,100.0,0.0,5.095766129032258,0.0,0.0,88.0,0.0,1000.2420655060358,0.15592800180830152,100.0,1.0,6.175204968435586
181,2042,11,16,6.307363977605812E18,45.38380552395302,0.002020092409016895,0.0,28.212777108919468,0.0,799.6834849174338,375.53024193548384,416.2680797375377,100.0,0.0,5.006048387096774,0.0,0.0,88.0,0.0,1058.065368644545,0.12958269596661978,100.0,1.0,6.1712212340714885
191,2042,11,17,6.492828447697523E18,46.43815519764821,0.00897325048085301,0.0,23.30500210665231,0.0,945.6979886946025,382.77520161290323,307.65620830581594,100.0,0.0,3.755040322580645,0.0,0.0,88.0,0.0,1011.2050390522393,0.14976395498581452,100.0,1.0,6.314590108041537
194,2042,11,17,4.281117921937587E18,46.416493237288954,0.00897325048085301,0.0,50.40437089076444,0.0,1040.5414519454378,379.1592741935484,1054.1455631608712,100.0,0.0,4.231854838709677,0.0,0.0,88.0,0.0,1036.5411262371488,0.16486059126513386,100.0,1.0,6.311644547434669
195,2042,11,17,2.797545246119503E18,46.08975901188871,0.0031027837070722814,0.0,13.00736472772314,0.0,873.8005595372931,380.585685483871,155.0706544558651,100.0,0.0,4.517137096774194,0.0,0.0,88.0,0.0,1032.5486053225188,0.1394240438414564,100.0,1.0,6.267215721636363
196,2042,11,17,4.898742477016446E18,46.41022537589052,0.00897325048085301,0.0,35.7250061882844,0.0,884.2107023380911,379.25504032258067,597.4520966506902,100.0,0.0,4.251008064516129,0.0,0.0,88.0,0.0,1073.9791652374063,0.14011088732967286,100.0,1.0,6.310792253121587
197,2042,11,17,4.974214387304059E17,46.125863933097726,0.003956459647642425,0.0,35.57125414992743,0.0,956.2503639665215,378.4586693548387,548.3936613288597,100.0,0.0,4.091733870967742,0.0,0.0,88.0,0.0,992.3065325155101,0.15246034339353853,100.0,1.0,6.272125214215204
183,2042,11,17,6.605295447056412E18,46.00233852475068,0.003100639419783365,0.0,31.137280064353018,0.0,884.6633439517992,386.34375,485.944295100199,100.0,0.0,4.46875,0.0,0.0,88.0,0.0,1073.6941001890805,0.1414255631545825,100.0,1.0,6.255328416015109
186,2042,11,17,4.898224502314156E18,45.830772495402115,0.0030562842237237906,0.0,34.633332563537216,0.0,872.4998851598259,379.8397177419355,523.6094665764723,100.0,0.0,4.367943548387097,0.0,0.0,88.0,0.0,987.2186777969293,0.1400032104310565,100.0,1.0,6.231999126830607
189,2042,11,17,1.481964993321812E18,46.22699597863965,0.00897325048085301,0.0,42.08006796737828,0.0,880.7762093293048,380.1320564516129,740.9285514957206,100.0,0.0,4.426411290322581,0.0,0.0,88.0,0.0,1018.5942318578826,0.1401198607252856,100.0,1.0,6.28587699681008
190,2042,11,17,2.9539370702862316E18,46.3820419294199,0.0025696593587780743,0.0,24.96238241466281,0.0,951.6569318125242,386.1118951612903,360.83960042778165,100.0,0.0,4.422379032258065,0.0,0.0,88.0,0.0,1083.0615080085358,0.1508899605019669,100.0,1.0,6.3069599106967695
182,2042,11,17,8.834479670273441E18,46.020179785529535,0.00897325048085301,0.0,25.951335218373796,0.0,885.569989707788,382.2590725806452,369.2748616174645,100.0,0.0,4.851814516129032,0.0,0.0,88.0,0.0,1052.274133165388,0.14151561837063534,100.0,1.0,6.257754443671674
199,2042,11,17,8.617806463867117E18,45.855618634724664,0.0027044154553505203,0.0,30.159904184084102,0.0,958.241838309659,381.0443548387097,475.5361348859472,100.0,0.0,4.608870967741935,0.0,0.0,88.0,0.0,1100.0940066363162,0.1536782356165014,100.0,1.0,6.235377667276957
180,2042,11,18,5.096996787781837E17,46.66827912944986,0.0034969799223901095,0.0,17.55875875815606,0.0,797.1321422558057,377.79637096774195,221.64134158291523,100.0,0.0,3.659274193548387,0.0,0.0,88.0,0.0,1037.196973061994,0.12561408181225006,100.0,1.0,6.345882012235257
192,2043,3,2,1.0005304447219302E18,52.13576065689836,0.00897325048085301,0.0,-5.911709839199636,0.0,63.800000000001134,259.7046370967742,-92.44807615265843,100.0,0.0,6.740927419354839,0.0,0.0,143.0,813.4664121190998,1664.595650461504,0.00902173238651074,100.0,1.0,7.07181251523207
185,2043,3,3,3.0688222562761073E18,52.028749246345974,0.00897325048085301,0.0,22.80567347950147,0.0,49.300000000000615,262.9586693548387,429.38566711285824,100.0,0.0,7.091733870967742,0.0,0.0,143.0,611.5783792628615,1451.260051029167,0.0069856771346771245,100.0,1.0,7.057297245427196
188,2043,3,3,5.859174576972996E18,52.53246720286021,0.00897325048085301,0.0,21.563846987884606,0.0,37.70000000000009,259.85887096774195,343.82659308045817,100.0,0.0,6.471774193548387,0.0,0.0,143.0,604.6073254528957,1248.4960128122123,0.005290765684326803,100.0,1.0,7.125622688542299
181,2043,3,3,6.307363977605812E18,52.525961670808904,0.00897325048085301,0.0,34.3696132491427,0.0,69.59999999999933,258.7600806451613,584.7578157150632,100.0,0.0,6.252016129032258,0.0,0.0,143.0,616.07255126529,1115.7554979853435,0.00976877716609088,100.0,1.0,7.124740263458255
182,2043,3,3,8.834479670273441E18,52.400833052325495,0.00897325048085301,0.0,22.1794962919041,0.0,63.800000000001134,255.76814516129033,351.92059654002963,100.0,0.0,5.953629032258065,0.0,0.0,143.0,613.9606797277132,1233.1715356201635,0.00897609547436073,100.0,1.0,7.107767534585512
191,2043,3,4,6.492828447697523E18,52.40508349013414,0.00897325048085301,0.0,22.299132921849115,0.0,40.59999999999924,257.23790322580646,349.55990597722945,100.0,0.0,5.94758064516129,0.0,0.0,143.0,609.9358284838297,1215.9478832115972,0.0057115974662609184,100.0,1.0,7.10834407358506
194,2043,3,4,4.281117921937587E18,52.83388952251056,0.37292628128526334,0.0,29.692087104575783,0.0,43.49999999999999,260.36290322580646,709.6339443116791,100.0,0.0,6.57258064516129,0.0,0.0,143.0,818.4107543175629,1678.568741941644,0.006069901577780743,100.0,1.0,7.166508293846885
195,2043,3,4,2.797545246119503E18,52.77332521976682,0.00897325048085301,0.0,4.375010216827487,0.0,69.59999999999933,258.9465725806452,60.02793338871848,100.0,0.0,6.289314516129032,0.0,0.0,143.0,625.3488114571203,1302.7888929691433,0.009722988135766938,100.0,1.0,7.158293214816245
198,2043,3,4,7.278710821350941E18,52.7631964199073,0.00897325048085301,0.0,2.994245156326483,0.0,49.300000000000615,262.976814516129,46.81757212808003,100.0,0.0,6.795362903225806,0.0,0.0,143.0,615.2128669555034,1500.0672966580773,0.006888438696237108,100.0,1.0,7.156919321490272
184,2043,3,4,3.1730362057635645E18,53.283228780261695,0.00897325048085301,0.0,9.436887929653462,0.0,87.00000000000001,258.6774193548387,135.5700062425558,100.0,0.0,5.935483870967742,0.0,0.0,143.0,615.5765147143592,1297.1236739849571,0.0120374277878513,100.0,1.0,7.227457687248121
193,2043,3,5,2.861374886328272E18,54.85686968088406,0.027817076490644375,0.0,48.59365452316998,0.0,101.50000000000001,256.27620967741933,980.2916691779088,100.0,0.0,5.155241935483871,0.0,0.0,143.0,604.1084982135142,1036.3402622032675,0.013640804871962562,100.0,1.0,7.44090989884505
197,2043,3,5,4.974214387304059E17,53.17785021661241,0.027817076490644375,0.0,37.99507707770401,0.0,52.19999999999926,263.7883064516129,695.2328944023099,100.0,0.0,6.957661290322581,0.0,0.0,143.0,616.1419998898139,1133.485505202924,0.007236768874258671,100.0,1.0,7.213163900490962
187,2043,3,5,8.507560024639921E18,54.24159522297633,0.027817076490644375,0.0,22.59592501814421,0.0,46.400000000000844,258.4788306451613,435.91107890720656,100.0,0.0,5.595766129032258,0.0,0.0,143.0,614.2027638585313,1491.7715895985868,0.006306530537280671,100.0,1.0,7.357452679521661
189,2043,3,5,1.481964993321812E18,53.3946450358187,0.027817076490644375,0.0,35.874590217629546,0.0,37.70000000000009,258.929435483871,764.8486731863734,100.0,0.0,5.985887096774194,0.0,0.0,143.0,615.9460627012128,1366.1186475862573,0.005205334254089875,100.0,1.0,7.242570440193901
190,2043,3,5,2.9539370702862316E18,53.73181208752932,0.027817076490644375,0.0,9.460914397362963,0.0,43.49999999999999,261.6209677419355,158.1568967976439,100.0,0.0,6.524193548387097,0.0,0.0,143.0,602.858532037121,1507.511266125222,0.005968466294242303,100.0,1.0,7.288304541815682
180,2043,3,5,5.096996787781837E17,53.2950939096768,0.027817076490644375,0.0,6.630970922531794,0.0,52.19999999999926,257.1471774193548,92.31767255217493,100.0,0.0,5.929435483870968,0.0,0.0,143.0,608.895149513729,1292.0235039250929,0.0072208487314006815,100.0,1.0,7.2290671002428875
199,2043,3,5,8.617806463867117E18,53.28202049196094,0.027817076490644375,0.0,9.611509289542164,0.0,57.99999999999999,262.7852822580645,190.53143129126232,100.0,0.0,6.757056451612903,0.0,0.0,143.0,605.8820792618238,1787.2049667113258,0.008025133842196443,100.0,1.0,7.2272937922896565
196,2043,3,6,4.898742477016446E18,53.875677599749025,0.04666090250043583,0.0,-37.46531891434302,0.0,63.800000000001134,262.3094758064516,-748.7529322622394,100.0,0.0,6.361895161290323,0.0,0.0,143.0,613.1839499186433,2749.072589706836,0.0087303752151027,100.0,1.0,7.307818785340789
183,2043,3,6,6.605295447056412E18,54.15204351685487,0.01483181897661657,0.0,11.858327149653947,0.0,57.99999999999999,257.3649193548387,216.3846832469329,100.0,0.0,5.372983870967742,0.0,0.0,143.0,608.7344019199177,1604.931661726687,0.007896199627213522,100.0,1.0,7.3453056835225325
186,2043,3,6,4.898224502314156E18,54.81215750022863,0.02603845005604677,0.0,35.29079954462746,0.0,55.099999999999056,258.3477822580645,616.7183137652332,100.0,0.0,5.569556451612903,0.0,0.0,143.0,614.5461709924283,1129.8163603949065,0.007411048881580813,100.0,1.0,7.4348450375145765
198,2043,7,11,7.278710821350941E18,43.777171707119344,0.0013695437241839192,0.0,3.4146463063873376,0.0,172.64213639393154,236.25806451612902,44.32122870228677,100.0,0.0,5.951612903225806,0.0,0.0,104.89999999999849,481.9055577910781,1235.9435977289595,0.029145993079114873,100.0,1.0,5.923357489494554
196,2043,7,12,4.898742477016446E18,45.028954256240205,0.00158035408257362,0.0,-33.38773692674266,0.0,291.8555724653372,238.85181451612902,-555.7773885758551,100.0,0.0,6.170362903225806,0.0,0.0,104.89999999999849,477.8502128123534,2223.4996995471006,0.047902246843118695,100.0,1.0,6.092732422785366
187,2043,7,12,8.507560024639921E18,44.08683240416571,0.002164315118391952,0.0,17.406766343847906,0.0,268.1395285047574,238.2116935483871,270.0331128936703,100.0,0.11391129032258064,6.042338709677419,0.0,0.0,104.89999999999849,483.0259506165199,1277.2593156995001,0.04495020748608491,88.60887096774194,1.0,5.965256747430242
188,2043,7,12,5.859174576972996E18,43.32535779825297,0.0018686485799360704,0.0,29.237780060539553,0.0,222.07017046806465,237.98487903225808,383.46740684148466,100.0,0.0,5.996975806451613,0.0,0.0,104.89999999999849,275.0,926.5306182119537,0.03788155723135757,100.0,1.0,5.862223907845044
180,2043,7,12,5.096996787781837E17,43.844816057587735,0.0014600147219090494,0.0,14.805786978541766,0.0,143.66748380966797,237.92943548387098,168.7257841565316,100.0,0.0,5.985887096774194,0.0,0.0,104.89999999999849,275.0,967.329269093737,0.02421698032037422,100.0,1.0,5.9325102431865835
182,2043,7,12,8.834479670273441E18,43.80461445318913,0.0013114952471284726,0.0,26.804348696824654,0.0,168.88697838005254,238.56451612903226,351.28479870177983,100.0,0.0,6.112903225806452,0.0,0.0,104.89999999999849,275.0,957.2841061104166,0.028494173151774674,100.0,1.0,5.927070684959809
191,2043,7,13,6.492828447697523E18,44.89768504107072,0.0019338901898390127,0.0,31.179533373254056,0.0,191.6585944081996,239.29334677419354,417.60256684736675,100.0,0.11391129032258064,5.95866935483871,0.0,0.0,104.89999999999849,275.0,920.320017742428,0.03154889156688531,88.60887096774194,1.0,6.074970779936064
192,2043,7,13,1.0005304447219302E18,43.684831282541715,0.0022421915244510374,0.0,20.047243705784684,0.0,128.6190063321206,239.3084677419355,261.31700436876974,100.0,0.0,5.961693548387097,0.0,0.0,104.89999999999849,275.0,1039.597252792556,0.021759767113975027,100.0,1.0,5.910863184262488
193,2043,7,13,2.861374886328272E18,44.813112595385086,0.0011433805403737339,0.0,48.381750063787656,0.0,164.25776993195882,238.7741935483871,795.4510636399865,100.0,0.0,5.854838709677419,0.0,0.0,104.89999999999849,275.0,847.8833421376796,0.027089473733102477,100.0,1.0,6.063527536573774
194,2043,7,13,4.281117921937587E18,43.577795445258204,0.004260802697461092,0.0,36.24792606527909,0.0,232.3711798019032,240.70967741935485,705.7922979524412,100.0,0.10685483870967742,6.241935483870968,0.0,0.0,104.89999999999849,454.33569903026904,1239.4973227711494,0.0394091223111264,89.31451612903226,1.0,5.896380486918322
195,2043,7,13,2.797545246119503E18,43.90490349215866,0.0020790663764719765,0.0,14.255650527769722,0.0,190.8938068549002,239.49495967741936,161.7625446818856,100.0,0.11391129032258064,5.998991935483871,0.0,0.0,104.89999999999849,275.0,969.2339904790165,0.03213353965282634,88.60887096774194,1.0,5.940640493308054
197,2043,7,13,4.974214387304059E17,44.52563963833491,0.0014695791812730185,0.0,42.56733415456493,0.0,257.6036838363695,240.69959677419354,650.630787085603,100.0,0.0,6.23991935483871,0.0,0.0,104.89999999999849,275.0,876.7644973348908,0.04275842088811313,100.0,1.0,6.024630435030483
185,2043,7,13,3.0688222562761073E18,43.87680299715619,0.00224443483763207,0.0,31.958414138086642,0.0,220.48492952366004,241.70262096774192,501.0720368689518,100.0,0.11391129032258064,6.440524193548387,0.0,0.0,104.89999999999849,275.0,1065.1704279396538,0.03713844278538525,88.60887096774194,1.0,5.936838299812221
186,2043,7,13,4.898224502314156E18,45.10535671216204,0.0022244051762154186,0.0,39.13580439591767,0.0,186.70498317078457,239.89314516129033,561.4438090216748,100.0,0.0,6.078629032258065,0.0,0.0,104.89999999999849,275.0,872.2409128197194,0.030591976950119303,100.0,1.0,6.1030702093954226
190,2043,7,13,2.9539370702862316E18,44.07843836774371,0.002187530590164063,0.0,21.64949859571562,0.0,208.35958110547747,240.1451612903226,295.63820238678306,100.0,0.0,6.129032258064516,0.0,0.0,104.89999999999849,265.35999999999325,1067.401222197894,0.03493550549325932,100.0,1.0,5.964120975598298
183,2043,7,14,6.605295447056412E18,44.75223898388395,0.0015978010115479029,0.0,24.84534080695509,0.0,289.7840462912343,240.9647177419355,373.6179741872195,100.0,0.0,5.992943548387097,0.0,0.0,104.89999999999849,275.0,1127.8308130167225,0.047856337629378534,100.0,1.0,6.055290911215462
189,2043,7,14,1.481964993321812E18,44.912848231674246,0.002181149849502434,0.0,43.873106432745146,0.0,153.1555293630945,243.98387096774192,784.9952102759933,100.0,0.0030241935483870967,6.596774193548387,0.0,0.0,104.89999999999849,275.0,1003.0352119169455,0.025202396441401164,99.69758064516128,1.0,6.077022465669126
181,2043,7,14,6.307363977605812E18,44.83510258088361,0.0017223129521790862,0.0,36.537663720089185,0.0,154.95824430594232,241.63004032258064,524.1896423750301,100.0,0.0,6.126008064516129,0.0,0.0,104.89999999999849,275.0,909.267149241396,0.025543257121284888,100.0,1.0,6.0665029353996305
199,2043,7,14,8.617806463867117E18,43.83267670600423,0.002026479331719294,0.0,22.959668617872214,0.0,248.30315734779919,243.03629032258064,369.5228635130683,100.0,0.0,6.407258064516129,0.0,0.0,104.89999999999849,271.5700000000052,1237.2190698323736,0.04186624449226654,100.0,1.0,5.9308677040202475
184,2043,7,15,3.1730362057635645E18,45.81440285594889,0.00897325048085301,0.0,18.542115586159625,0.0,267.8797091426232,244.64717741935485,226.03637786845985,100.0,0.0,6.429435483870968,0.0,0.0,104.89999999999849,275.0,990.5004385704331,0.0432133110839018,100.0,1.0,6.199009111394292
183,2043,11,15,6.605295447056412E18,44.507807598949306,0.00352722110096424,0.0,27.399064407443472,0.0,950.3241491591268,376.8125,408.63649400614105,100.0,0.0,5.5625,0.0,0.0,88.0,0.0,1080.9220482564647,0.15819388797671957,100.0,1.0,6.007337965541249
190,2043,11,15,2.9539370702862316E18,44.67235220704835,0.0022421915244510374,0.0,21.330500824959184,0.0,862.8339498042307,375.7741935483871,294.4542149992741,100.0,0.0,5.354838709677419,0.0,0.0,88.0,0.0,1083.5376627550884,0.14310095782753937,100.0,1.0,6.029546991880307
196,2043,11,16,4.898742477016446E18,45.29114850088012,0.0019422620088426468,0.0,34.21470953912126,0.0,818.713203806247,375.99395161290323,572.9580327500073,100.0,0.0,5.098790322580645,0.0,0.0,88.0,0.0,1100.3304840892367,0.13392837433633262,100.0,1.0,6.113067584545026
198,2043,11,16,7.278710821350941E18,45.5962381877621,0.00897325048085301,0.0,19.23622448535701,0.0,730.2819969717125,377.0241935483871,256.2563179768866,100.0,0.0,4.104838709677419,0.0,0.0,88.0,0.0,1073.9124515733508,0.11866310749837852,100.0,1.0,6.154246356490297
185,2043,11,16,3.0688222562761073E18,45.38252851029576,0.007440506203029067,0.0,33.303248319853324,0.0,868.9208379976801,376.679435483871,538.4974605019505,100.0,0.0,5.235887096774194,0.0,0.0,88.0,0.0,1077.491267016715,0.14185533041878295,100.0,1.0,6.125401389094554
187,2043,11,16,8.507560024639921E18,45.62926205357802,0.00897325048085301,0.0,39.14610281340892,0.0,787.4415363400042,375.39415322580646,625.6650622957678,100.0,0.0,4.97883064516129,0.0,0.0,88.0,0.0,971.804413273586,0.127858325023472,100.0,1.0,6.158703676084034
180,2043,11,16,5.096996787781837E17,45.50625382267319,0.0038249149534752996,0.0,11.071170703083162,0.0,802.0485133120128,373.46370967741933,130.6012608068739,100.0,0.0,4.592741935483871,0.0,0.0,88.0,0.0,1045.5896783210683,0.13058211237525824,100.0,1.0,6.142100925792492
181,2043,11,16,6.307363977605812E18,45.8052425513998,0.008202239927653577,0.0,27.528486855765262,0.0,951.573668963928,375.9133064516129,402.5307274507294,100.0,0.0,5.082661290322581,0.0,0.0,88.0,0.0,1058.3247231141236,0.15391514841053558,100.0,1.0,6.182456235079667
191,2043,11,17,6.492828447697523E18,46.24940802136538,0.004757821039688784,0.0,26.110851265420177,0.0,861.9419897394304,379.41129032258067,359.50607788553356,100.0,0.0,4.282258064516129,0.0,0.0,88.0,0.0,1015.2917372711714,0.1380784795607467,100.0,1.0,6.242406437856413
192,2043,11,17,1.0005304447219302E18,46.19458300894355,0.002752530822347544,0.0,24.96170947392682,0.0,869.3400867273898,380.70665322580646,342.94224663475757,100.0,0.0,4.54133064516129,0.0,0.0,88.0,0.0,1029.3123079730185,0.13942889690377563,100.0,1.0,6.235006559130632
194,2043,11,17,4.281117921937587E18,46.562367006149245,0.004158132752943953,0.0,49.7420763266888,0.0,867.9712900354057,372.02016129032256,1031.908876269522,100.0,0.0,4.004032258064516,0.0,0.0,88.0,0.0,1041.4748354848816,0.13810978431971754,100.0,1.0,6.2846473500102915
195,2043,11,17,2.797545246119503E18,46.32493558474083,0.00897325048085301,0.0,12.36912088477147,0.0,869.2904778110319,379.88004032258067,147.55781205307244,100.0,0.0,4.376008064516129,0.0,0.0,88.0,0.0,1042.8306009497128,0.13902862729822169,100.0,1.0,6.252600595317472
197,2043,11,17,4.974214387304059E17,46.46023773068117,0.00897325048085301,0.0,35.63600565069235,0.0,880.269583623283,384.6653225806452,566.9359770713947,100.0,0.0,4.133064516129032,0.0,0.0,88.0,0.0,1022.8853742222956,0.14037455887435743,100.0,1.0,6.270862688239473
184,2043,11,17,3.1730362057635645E18,45.899287945904064,0.004104872132137716,0.0,12.493793701883817,0.0,1055.9632401579852,383.95766129032256,152.41040913980117,100.0,0.0,5.191532258064516,0.0,0.0,88.0,0.0,1063.3690278751171,0.17044999318922643,100.0,1.0,6.195149793791421
186,2043,11,17,4.898224502314156E18,46.54739734666465,0.00897325048085301,0.0,33.3456946081509,0.0,879.1817167245628,378.65020161290323,492.4995704013704,100.0,0.0,4.130040322580645,0.0,0.0,88.0,0.0,983.365170783951,0.1399385538911469,100.0,1.0,6.282626854986983
188,2043,11,17,5.859174576972996E18,46.26022359265541,0.00897325048085301,0.0,26.106477084265407,0.0,801.8953215227226,388.34475806451616,364.5073184145823,100.0,0.0,4.868951612903226,0.0,0.0,88.0,0.0,1030.7741613684661,0.12842929206443693,100.0,1.0,6.243866244473161
189,2043,11,17,1.481964993321812E18,47.074698636658646,0.002868686215106465,0.0,45.29761157773189,0.0,958.5494870307303,380.65826612903226,847.1704350888264,100.0,0.0,3.3316532258064515,0.0,0.0,88.0,0.0,1022.2951465810582,0.15086243985502043,100.0,1.0,6.353798121997107
199,2043,11,17,8.617806463867117E18,46.462697239862656,0.00897325048085301,0.0,34.607719271685106,0.0,936.8734174286429,379.38104838709677,588.3230964946583,100.0,0.0,4.276209677419355,0.0,0.0,88.0,0.0,1110.6174172476067,0.14939313304756888,100.0,1.0,6.271194654779275
193,2043,11,18,2.861374886328272E18,47.010132930620294,0.0020458847425565497,0.0,39.89348642603081,0.0,886.9213915711551,379.87298387096774,686.4502971686969,100.0,0.0,4.074596774193548,0.0,0.0,88.0,0.0,1033.1912788128623,0.13978088536841102,100.0,1.0,6.34508351577225
182,2043,11,18,8.834479670273441E18,46.73308530268626,0.0046301602068385276,0.0,23.840525304503984,0.0,810.2847674276643,381.4153225806452,332.47438057615375,100.0,0.0,4.383064516129032,0.0,0.0,88.0,0.0,1060.1269537524304,0.1284598342131815,100.0,1.0,6.307689655608473
194,2044,3,2,4.281117921937587E18,50.759560745246844,0.00897325048085301,0.0,34.66334068573319,0.0,43.49999999999999,254.83870967741936,761.2382565065544,100.0,0.0,6.967741935483871,0.0,0.0,105.10000000000153,608.5606424079743,1433.3790407322601,0.00636501634995725,100.0,1.0,6.834232248325985
196,2044,3,2,4.898742477016446E18,52.70434958177296,0.00897325048085301,0.0,-50.2160545298861,0.0,66.6999999999988,261.88004032258067,-1032.7750876178966,100.0,0.0,6.876008064516129,0.0,0.0,143.0,624.0180331066459,3091.109866476167,0.009399559419479214,100.0,1.0,7.096077275895802
190,2044,3,2,2.9539370702862316E18,52.948509343458305,0.00897325048085301,0.0,5.214408472590394,0.0,46.400000000000844,259.35483870967744,84.49183307425682,100.0,0.0,6.370967741935484,0.0,0.0,143.0,610.8797686301285,1527.6805369355998,0.006508671675004782,100.0,1.0,7.128950777804714
180,2044,3,2,5.096996787781837E17,52.727274156865555,0.006588289633519106,0.0,-2.560793847507411,0.0,40.59999999999924,263.18548387096774,-36.44025941253588,100.0,0.0,7.137096774193548,0.0,0.0,143.0,822.7667719344236,1481.3963172780097,0.005718983390373712,100.0,1.0,7.099163824874512
187,2044,3,3,8.507560024639921E18,52.33392537655936,0.00897325048085301,0.0,6.706105091272781,0.0,46.400000000000844,264.01512096774195,118.45430595883677,100.0,0.0,7.003024193548387,0.0,0.0,143.0,609.1554389562194,1638.6204809695816,0.006585106324775175,100.0,1.0,7.046203616398709
188,2044,3,3,5.859174576972996E18,52.920850783934405,0.00897325048085301,0.0,8.738983424880582,0.0,60.900000000000986,260.6653225806452,131.58043539274976,100.0,0.0,6.633064516129032,0.0,0.0,143.0,822.6720299832822,1369.087476458853,0.008547096295389186,100.0,1.0,7.125226848427353
198,2044,3,4,7.278710821350941E18,54.08867761511613,0.007165655973890871,0.0,-5.515125318307386,0.0,52.19999999999926,263.37298387096774,-87.62199817461503,100.0,0.0,6.574596774193548,0.0,0.0,143.0,818.9091801959663,1684.8256332374353,0.00716790533558572,100.0,1.0,7.282462247491968
183,2044,3,4,6.605295447056412E18,53.685163781754554,0.027817076490644375,0.0,12.902910228754852,0.0,87.00000000000001,263.866935483871,246.63247119884977,100.0,0.0,6.673387096774194,0.0,0.0,143.0,614.7404989399852,1661.515372057655,0.01203630244562831,100.0,1.0,7.228133423283924
185,2044,3,4,3.0688222562761073E18,54.74721220475327,0.027817076490644375,0.0,22.001990263422986,0.0,92.80000000000169,261.0090725806452,427.8434092493573,100.0,0.0,6.101814516129032,0.0,0.0,143.0,619.1807864667986,1515.0181898928097,0.012589662527787052,100.0,1.0,7.371126890429335
186,2044,3,4,4.898224502314156E18,53.826169083920675,0.027817076490644375,0.0,29.74368873967099,0.0,49.300000000000615,260.6532258064516,489.64056843814984,100.0,0.0,6.330645161290323,0.0,0.0,143.0,610.1315402538646,1155.2608151352085,0.006802703929457577,100.0,1.0,7.247118279911914
189,2044,3,4,1.481964993321812E18,52.88086358714464,0.027817076490644375,0.0,32.791273010468736,0.0,69.59999999999933,263.27923387096774,667.1227368584905,100.0,0.0,6.855846774193548,0.0,0.0,143.0,607.0062636193393,1366.0456995842499,0.009775496454295672,100.0,1.0,7.119842999831974
181,2044,3,4,6.307363977605812E18,54.6903503005485,0.01661713052009819,0.0,33.29213315843757,0.0,40.59999999999924,258.5695564516129,574.8770174316644,100.0,0.0,5.613911290322581,0.0,0.0,143.0,614.4780833069234,1150.7044518313342,0.005513704034910359,100.0,1.0,7.363471042866615
199,2044,3,4,8.617806463867117E18,53.50869446208082,0.027817076490644375,0.0,5.9545179149416745,0.0,40.59999999999924,259.2469758064516,117.32790079814725,100.0,0.0,6.049395161290323,0.0,0.0,143.0,602.9166210135438,1843.4248467301363,0.005635465566002321,100.0,1.0,7.204373715799316
191,2044,3,5,6.492828447697523E18,54.325703436111816,0.04666090250043583,0.0,16.88823392909537,0.0,46.400000000000844,257.4405241935484,272.01143075674383,100.0,0.0,5.388104838709677,0.0,0.0,143.0,820.9528150617848,1336.521333686921,0.006343672353967382,100.0,1.0,7.314375240546894
192,2044,3,5,1.0005304447219302E18,54.70216965580204,0.04666090250043583,0.0,6.936580843115372,0.0,84.10000000000043,259.2147177419355,117.00774614978685,100.0,0.0,5.742943548387097,0.0,0.0,143.0,614.2705189127129,1564.039846034116,0.011418776313869596,100.0,1.0,7.3650623927057755
193,2044,3,5,2.861374886328272E18,53.3434676249039,0.04666090250043583,0.0,41.06147099742186,0.0,72.49999999999999,261.75201612903226,790.0935859345257,100.0,0.0,6.550403225806452,0.0,0.0,143.0,822.3152944353641,1132.8817804218736,0.01009450167769336,100.0,1.0,7.1821276884037895
195,2044,3,5,2.797545246119503E18,54.47559873494479,0.04666090250043583,0.0,4.757742191265642,0.0,37.70000000000009,259.58266129032256,66.646437647496,100.0,0.0,5.816532258064516,0.0,0.0,143.0,615.9889198796708,1326.0104609645805,0.005140051375072647,100.0,1.0,7.33455704019442
197,2044,3,5,4.974214387304059E17,53.94819349778198,0.04666090250043583,0.0,41.84336931926057,0.0,69.59999999999933,262.7883064516129,780.6176834575504,100.0,0.0,6.457661290322581,0.0,0.0,143.0,621.14272878913,1083.9585515031108,0.009582094616708158,100.0,1.0,7.263547562830242
184,2044,3,5,3.1730362057635645E18,54.93575686529355,0.04666090250043583,0.0,-2.8101789313499013,0.0,60.900000000000986,259.4969758064516,-39.54928754629826,100.0,0.0,5.799395161290323,0.0,0.0,143.0,616.8441485781889,1460.1476851242526,0.008233610192962846,100.0,1.0,7.396512413479494
182,2044,3,5,8.834479670273441E18,53.717514450625806,0.016406787095793168,0.0,10.009775398774751,0.0,66.6999999999988,260.4465725806452,165.3714173419916,100.0,0.0,6.289314516129032,0.0,0.0,143.0,823.565302241827,1481.7236200203592,0.009222274534206537,100.0,1.0,7.232489095027521
197,2044,7,10,4.974214387304059E17,44.05455659940604,0.002502300747588688,0.0,43.02732357845176,0.0,96.87054197330853,235.77923387096774,647.4063301938912,100.0,0.0846774193548387,5.855846774193548,0.0,0.0,105.19999999999817,275.0,856.2745368295225,0.016372032959626744,91.53225806451613,1.0,5.916830378499129
192,2044,7,11,1.0005304447219302E18,43.280181326521166,0.002100479981473088,0.0,18.546576113517357,0.0,109.6217468746112,238.0554435483871,246.64493840518665,100.0,0.06653225806451613,6.011088709677419,0.0,0.0,105.19999999999817,273.559999999998,1080.1106787907995,0.0188585962261993,93.34677419354838,1.0,5.812826445815687
183,2044,7,11,6.605295447056412E18,44.32046524089665,0.005121718310989157,0.0,25.648448096490547,0.0,254.2624368307409,239.09375,399.6116359446348,100.0,0.11391129032258064,6.21875,0.0,0.0,105.19999999999817,275.0,1156.080478026319,0.04271492120260112,88.60887096774194,1.0,5.95254374050578
185,2044,7,11,3.0688222562761073E18,43.41415189418107,0.0020742603977931245,0.0,28.230569643067085,0.0,335.66392755138406,238.39314516129033,430.127056384864,100.0,0.0846774193548387,6.078629032258065,0.0,0.0,105.19999999999817,271.14000000000686,1091.3758202449715,0.05756719460897522,91.53225806451613,1.0,5.830819615779073
186,2044,7,11,4.898224502314156E18,43.44264635353836,0.00897325048085301,0.0,33.8602333095102,0.0,231.93721454727682,238.4233870967742,448.8744014871989,100.0,0.10685483870967742,6.084677419354839,0.0,0.0,105.19999999999817,271.790000000002,875.4338164555132,0.03975171586821332,89.31451612903226,1.0,5.834646617927274
187,2044,7,11,8.507560024639921E18,43.8561087633308,0.0014274976902406964,0.0,25.830878500082708,0.0,246.84428866542734,239.57762096774192,379.9582077565696,100.0,0.0030241935483870967,6.315524193548387,0.0,0.0,105.19999999999817,275.0,1088.8444101861103,0.04190778461869518,99.69758064516128,1.0,5.890177467298268
180,2044,7,11,5.096996787781837E17,44.38953736992112,0.001625000087079502,0.0,21.609261976455958,0.0,140.42451986886513,237.74798387096774,260.0631446124691,100.0,0.0,5.949596774193548,0.0,0.0,105.19999999999817,216.21893369753644,941.2646904504786,0.023553966014037992,100.0,1.0,5.961820603170318
182,2044,7,11,8.834479670273441E18,44.84701853016498,0.0024665339419607025,0.0,28.97068881026404,0.0,211.77846952625404,237.50100806451613,397.86316062257134,100.0,0.10685483870967742,5.900201612903226,0.0,0.0,105.19999999999817,261.08367792263573,973.8481888518016,0.03516008729215779,89.31451612903226,1.0,6.023263473907521
199,2044,7,11,8.617806463867117E18,43.55463260403697,0.0034753100235681714,0.0,19.36735833846559,0.0,332.06028909754554,239.62802419354838,305.9729908263808,100.0,0.0,6.325604838709677,0.0,0.0,105.19999999999817,275.0,1270.165710989349,0.056765478391980664,100.0,1.0,5.849687142678183
191,2044,7,12,6.492828447697523E18,44.2395068485037,0.0012811608339310463,0.0,29.591205242698642,0.0,228.6101228094249,240.4173387096774,387.13133802535697,100.0,0.10685483870967742,6.183467741935484,0.0,0.0,105.19999999999817,241.12435557405104,919.5245708531793,0.03847573236058262,89.31451612903226,1.0,5.941670470803825
194,2044,7,12,4.281117921937587E18,44.91212721494416,0.002089718323440392,0.0,42.20162166372986,0.0,144.56674455811574,241.2540322580645,809.8203440835722,100.0,0.03024193548387097,6.350806451612903,0.0,0.0,105.19999999999817,275.0,1107.8156342383622,0.02396660351074857,96.9758064516129,1.0,6.032008018711549
195,2044,7,12,2.797545246119503E18,44.11813602609263,0.0018986987898546375,0.0,13.771345148008347,0.0,266.56850721188033,241.8235887096774,155.49965450547882,100.0,0.0,6.464717741935484,0.0,0.0,105.19999999999817,227.3643555740483,969.5862521559745,0.04498765953902277,100.0,1.0,5.925369533408512
196,2044,7,12,4.898742477016446E18,43.476713387136684,0.001778994940692508,0.0,-7.0839418338901075,0.0,163.95560143867084,240.76512096774192,-117.7759256880573,100.0,0.0,6.253024193548387,0.0,0.0,105.19999999999817,275.0,1794.6013937096586,0.028078329594145163,100.0,1.0,5.839222055177333
198,2044,7,12,7.278710821350941E18,44.87428397265112,0.002396701517321854,0.0,7.18316499632837,0.0,246.31829429038797,240.15020161290323,95.5298449552151,100.0,0.0030241935483870967,6.130040322580645,0.0,0.0,105.19999999999817,448.0495075452482,1226.3070347921582,0.04086964372516501,99.69758064516128,1.0,6.026925410625011
184,2044,7,12,3.1730362057635645E18,43.457215139792005,9.937154463846105E-4,0.0,4.376045128892425,0.0,247.7853314500168,240.40725806451613,49.21338643538843,100.0,0.0,6.181451612903226,0.0,0.0,105.19999999999817,275.0,1060.5737878787786,0.04245368726431716,100.0,1.0,5.836603306264126
188,2044,7,12,5.859174576972996E18,44.12733262807606,0.0012096590025415205,0.0,24.924200049799126,0.0,197.82293342010948,240.9415322580645,311.55597499766793,100.0,0.0,6.288306451612903,0.0,0.0,105.19999999999817,275.0,936.6661082160526,0.033378796700725646,100.0,1.0,5.926604700396789
190,2044,7,12,2.9539370702862316E18,44.53296182273736,0.0019019182875907239,0.0,19.254961241672113,0.0,113.94998607525295,239.26310483870967,260.978169781463,100.0,0.11391129032258064,5.952620967741935,0.0,0.0,105.19999999999817,274.33999999999804,1091.6104304121484,0.01905172970249482,88.60887096774194,1.0,5.981083495024141
181,2044,7,12,6.307363977605812E18,45.021446488321494,0.0015714974572422133,0.0,35.16078909368228,0.0,136.1426064522711,240.81048387096774,498.59879988537904,100.0,0.0,6.262096774193548,0.0,0.0,105.19999999999817,274.700000000005,918.4036922414379,0.022515227102836616,100.0,1.0,6.046690350066199
193,2044,7,13,2.861374886328272E18,44.07341800038715,0.003844580325986743,0.0,44.11440553758292,0.0,213.74902969011987,243.73185483870967,692.7319756653623,100.0,0.0,6.546370967741935,0.0,0.0,105.19999999999817,275.0,876.296446270249,0.036110136888124346,100.0,1.0,5.919363594559404
189,2044,7,13,1.481964993321812E18,45.10075507781894,0.0015444493082363245,0.0,41.29201416873226,0.0,293.0459276950752,243.0866935483871,707.6157014243646,100.0,0.0,6.417338709677419,0.0,0.0,105.19999999999817,275.0,1004.8435028108277,0.04837863303176851,100.0,1.0,6.057342039876209
194,2044,11,14,4.281117921937587E18,44.82228056279607,0.003355740643550125,0.0,43.72924132784305,0.0,877.014908114337,369.9959677419355,835.2181186611994,100.0,0.0,5.399193548387097,0.0,0.0,88.0,0.0,1073.858191795841,0.14604542146984834,100.0,1.0,6.005083208277092
192,2044,11,15,1.0005304447219302E18,45.91423465989149,0.002961468805562062,0.0,25.94097602257129,0.0,796.3545217967825,376.7147177419355,364.6612077152695,100.0,0.0,5.242943548387097,0.0,0.0,88.0,0.0,1039.367565183105,0.12945952854207576,100.0,1.0,6.151378201087442
195,2044,11,15,2.797545246119503E18,45.74923914630097,0.00897325048085301,0.0,8.33393645853398,0.0,863.8276750117869,381.83770161290323,97.33690549469992,100.0,0.0,5.067540322580645,0.0,0.0,88.0,0.0,1066.4653644380107,0.14093477231390317,100.0,1.0,6.129272860268924
196,2044,11,15,4.898742477016446E18,45.75451796745161,0.00897325048085301,0.0,37.39272393882839,0.0,861.3618486588716,374.4868951612903,658.6601157991514,100.0,0.0,4.797379032258065,0.0,0.0,88.0,0.0,1101.6611462445817,0.14051625546331045,100.0,1.0,6.129980092472489
198,2044,11,15,7.278710821350941E18,45.81992385499704,0.00897325048085301,0.0,19.35788992662392,0.0,879.418798775538,373.59475806451616,260.9789271123207,100.0,0.0,4.618951612903226,0.0,0.0,88.0,0.0,1085.3819736230664,0.14325714841003995,100.0,1.0,6.138742872770357
185,2044,11,15,3.0688222562761073E18,45.65805626417401,0.00897325048085301,0.0,31.17231054654081,0.0,797.8947378799128,376.34173387096774,498.0162684496671,100.0,0.0,5.168346774193548,0.0,0.0,88.0,0.0,1098.1777182684878,0.13043769094991356,100.0,1.0,6.117056596672617
186,2044,11,15,4.898224502314156E18,45.670973025927225,0.00897325048085301,0.0,28.522235585832632,0.0,789.5169031419557,379.32762096774195,396.50343223498817,100.0,0.0,4.565524193548387,0.0,0.0,88.0,0.0,992.2970563272283,0.12903160168913594,100.0,1.0,6.118787125064654
180,2044,11,15,5.096996787781837E17,46.200805192666664,0.00897325048085301,0.0,15.149332936042757,0.0,809.043172314311,374.3256048387097,189.2422220653099,100.0,0.0,4.765120967741935,0.0,0.0,88.0,0.0,1058.018542050181,0.1307064660901526,100.0,1.0,6.189771604384798
182,2044,11,15,8.834479670273441E18,45.44898043532386,0.003701836006952578,0.0,22.405879801734866,0.0,814.3336291985713,378.9274193548387,311.17245659921764,100.0,0.0,5.685483870967742,0.0,0.0,88.0,0.0,1075.5198178872254,0.13373748296029936,100.0,1.0,6.08904557774809
199,2044,11,15,8.617806463867117E18,45.80177444053036,0.0038744604839607163,0.0,32.242795157260055,0.0,799.4865079142502,376.0695564516129,533.415772482819,100.0,0.0,5.113911290322581,0.0,0.0,88.0,0.0,1119.9508925460366,0.1302878014395481,100.0,1.0,6.136311297609867
193,2044,11,16,2.861374886328272E18,46.456521678283444,0.0028540873030703014,0.0,36.223862198662275,0.0,943.4557714395313,381.9616935483871,597.9940346746702,100.0,0.0,4.792338709677419,0.0,0.0,88.0,0.0,1051.7917726498688,0.15158274794829926,100.0,1.0,6.224031324206619
197,2044,11,16,4.974214387304059E17,46.64514355244154,0.00897325048085301,0.0,35.779939022730815,0.0,731.1880505104895,378.5141129032258,568.6082138478793,100.0,0.0,4.102822580645161,0.0,0.0,88.0,0.0,1019.5657362196762,0.11700315468960366,100.0,1.0,6.2493020162597315
183,2044,11,16,6.605295447056412E18,46.735034721198716,0.00897325048085301,0.0,33.241952792102175,0.0,811.1647503050893,380.5554435483871,544.4017958071498,100.0,0.0,4.511088709677419,0.0,0.0,88.0,0.0,1091.9953159828942,0.12955119411889235,100.0,1.0,6.261345222033719
187,2044,11,16,8.507560024639921E18,46.12899045662604,0.00276270027119859,0.0,35.29844374294846,0.0,805.8288026980596,386.7469758064516,544.3057112087374,100.0,0.0,4.549395161290323,0.0,0.0,88.0,0.0,996.8058830646312,0.13038984120775635,100.0,1.0,6.180150196011774
188,2044,11,16,5.859174576972996E18,46.572576303573285,0.00897325048085301,0.0,22.794100229356033,0.0,866.8390405073155,380.13709677419354,299.84217253132937,100.0,0.0,4.42741935483871,0.0,0.0,88.0,0.0,1014.2966433957065,0.13892586836402723,100.0,1.0,6.239579789675589
189,2044,11,16,1.481964993321812E18,46.92384263377317,0.0027971479055028028,0.0,41.575007974397735,0.0,958.4553764420605,380.49495967741933,739.3458414812957,100.0,0.0,4.498991935483871,0.0,0.0,88.0,0.0,1037.9379732696711,0.15245906375756915,100.0,1.0,6.286640838659066
190,2044,11,16,2.9539370702862316E18,46.90868506456446,0.0025107024288900507,0.0,23.175946776746745,0.0,877.8849739139016,381.0967741935484,329.90032889920457,100.0,0.0,3.4193548387096775,0.0,0.0,88.0,0.0,1091.329115762288,0.13968805706941922,100.0,1.0,6.284610097179811
181,2044,11,16,6.307363977605812E18,46.77018186792024,0.0031265681117954836,0.0,27.793300005476993,0.0,884.2674734162723,378.98790322580646,408.6115591249854,100.0,0.0,4.19758064516129,0.0,0.0,88.0,0.0,1059.7973929478837,0.1411203067823956,100.0,1.0,6.2660540752635505
191,2044,11,17,6.492828447697523E18,47.133849338427666,0.0026785822330904576,0.0,24.557134093359107,0.0,868.2970934969487,385.6461693548387,341.40337480806056,100.0,0.0,4.029233870967742,0.0,0.0,88.0,0.0,1047.3037508491955,0.13750242523869785,100.0,1.0,6.314776572046821
184,2044,11,17,3.1730362057635645E18,46.787106752322394,0.003921875210163049,0.0,10.264896882167744,0.0,866.9250151467156,384.0282258064516,122.67881371328184,100.0,0.0,3.7056451612903225,0.0,0.0,88.0,0.0,1069.1964164382264,0.1383025746547508,100.0,1.0,6.268321593512259
192,2045,3,2,1.0005304447219302E18,52.58357070727804,0.00897325048085301,0.0,8.029482639612217,0.0,107.30000000000186,261.4465725806452,134.78608338461368,100.0,0.0,6.789314516129032,0.0,0.0,143.0,609.5877378905021,1538.0166896205496,0.015268535686623006,100.0,1.0,7.027523935645577
194,2045,3,2,4.281117921937587E18,53.166864582732316,0.006030410269390474,0.0,35.78051366169133,0.0,66.6999999999988,261.15423387096774,859.8740702027593,100.0,0.0,6.730846774193548,0.0,0.0,143.0,616.3443236121683,1541.900010012569,0.009387123352126377,100.0,1.0,7.105478163860483
185,2045,3,2,3.0688222562761073E18,53.65695128956589,0.00897325048085301,0.0,14.421018397144742,0.0,69.59999999999933,255.85685483870967,275.1432697240697,100.0,0.0,5.671370967741935,0.0,0.0,143.0,616.5128424686728,1630.2470700734411,0.009705792153056668,100.0,1.0,7.170975733091506
195,2045,3,3,2.797545246119503E18,53.46443336372984,0.00897325048085301,0.0,-3.0235579842062346,0.0,43.49999999999999,263.2641129032258,-40.81477476996301,100.0,0.0,6.852822580645161,0.0,0.0,143.0,620.0334624030714,1406.6904680415269,0.0060879633433152894,100.0,1.0,7.145246701881657
196,2045,3,3,4.898742477016446E18,53.485322407721455,0.00897325048085301,0.0,-53.46933154906177,0.0,69.59999999999933,259.6653225806452,-1124.0373485775215,100.0,0.0,6.133064516129032,0.0,0.0,143.0,612.2491850096259,3227.7425631662777,0.00973693703878709,100.0,1.0,7.148038415237534
197,2045,3,3,4.974214387304059E17,53.08050248993731,0.00897325048085301,0.0,40.040979669263514,0.0,46.400000000000844,256.6078629032258,727.0267563417707,100.0,0.0,5.821572580645161,0.0,0.0,143.0,607.2260399281415,1087.7929224008824,0.00654079737196601,100.0,1.0,7.09393631407574
198,2045,3,3,7.278710821350941E18,54.1823810658212,0.007502717793355355,0.0,-4.060007615795946,0.0,57.99999999999999,261.4243951612903,-63.2862986785351,100.0,0.0,6.484879032258065,0.0,0.0,143.0,818.5738126835766,1632.4785610524655,0.008009725771534542,100.0,1.0,7.2411967218807884
187,2045,3,3,8.507560024639921E18,53.30781113384441,0.00897325048085301,0.0,16.735160104876126,0.0,81.19999999999848,260.26209677419354,311.8657368875597,100.0,0.0,6.55241935483871,0.0,0.0,143.0,612.3902452147535,1549.1204395001946,0.011397587082592909,100.0,1.0,7.1243149459250095
180,2045,3,3,5.096996787781837E17,53.322762072944734,0.007857487286211072,0.0,3.3936416789539128,0.0,78.30000000000146,263.6774193548387,47.981418664257916,100.0,0.0,6.935483870967742,0.0,0.0,143.0,617.8875059504179,1354.1027651484733,0.010987448813691488,100.0,1.0,7.126313062085133
182,2045,3,3,8.834479670273441E18,54.21434419620671,0.00897325048085301,0.0,22.047054367705766,0.0,87.00000000000001,260.1693548387097,372.264353133088,100.0,0.0,6.233870967741935,0.0,0.0,143.0,612.4247820661279,1314.307353168124,0.012007505220815158,100.0,1.0,7.245468429960325
193,2045,3,4,2.861374886328272E18,53.650651481095366,0.00897325048085301,0.0,41.702015885595294,0.0,84.10000000000043,261.3991935483871,796.928746548115,100.0,0.0,6.479838709677419,0.0,0.0,143.0,618.7526959811128,1113.222822148006,0.011729209299563864,100.0,1.0,7.170133796071623
183,2045,3,4,6.605295447056412E18,53.393887952501544,0.00897325048085301,0.0,13.294977917006324,0.0,78.30000000000146,259.28729838709677,248.87423849591485,100.0,0.0,6.057459677419355,0.0,0.0,143.0,610.9445755163782,1619.4718118169135,0.010972812457529242,100.0,1.0,7.135818670287593
186,2045,3,4,4.898224502314156E18,54.4940218331019,0.00897325048085301,0.0,31.310286335509495,0.0,37.70000000000009,262.58165322580646,533.7328977845399,100.0,0.0,6.41633064516129,0.0,0.0,143.0,620.3690881304309,1169.814811162821,0.005176547804727375,100.0,1.0,7.28284590853606
188,2045,3,4,5.859174576972996E18,54.0262403775969,0.00897325048085301,0.0,6.607320342878097,0.0,49.300000000000615,261.741935483871,99.29293444039192,100.0,0.0,6.548387096774194,0.0,0.0,143.0,816.928095401811,1397.1461675438352,0.006827943408793702,100.0,1.0,7.220329321491913
189,2045,3,4,1.481964993321812E18,53.942774303375344,0.004798529668905341,0.0,34.32704491283251,0.0,95.69999999999828,259.6350806451613,725.8038261298004,100.0,0.0,6.127016129032258,0.0,0.0,143.0,610.8231683396737,1387.4234296432744,0.01327475148107283,100.0,1.0,7.209174509703443
181,2045,3,4,6.307363977605812E18,53.62660766114644,0.00897325048085301,0.0,27.281919957775045,0.0,92.80000000000169,263.69254032258067,437.48970915089603,100.0,0.0,6.938508064516129,0.0,0.0,143.0,613.9350370751549,1164.8552761474666,0.01294837866242145,100.0,1.0,7.166920463125177
191,2045,3,5,6.492828447697523E18,53.79597136769219,0.027817076490644375,0.0,23.06368905321476,0.0,49.300000000000615,258.52620967741933,367.2496396605383,100.0,0.0,5.905241935483871,0.0,0.0,143.0,606.8485497584458,1223.3006874484213,0.006857169830930057,100.0,1.0,7.189555051943918
184,2045,3,5,3.1730362057635645E18,53.44481168746692,0.010756796786792125,0.0,-11.100708941031387,0.0,69.59999999999933,262.6693548387097,-151.06643981312325,100.0,0.0,6.733870967741935,0.0,0.0,143.0,611.1090072403863,1516.1540447947389,0.009744317555624174,100.0,1.0,7.142624365708193
190,2045,3,5,2.9539370702862316E18,54.82390803078422,0.027817076490644375,0.0,6.0916926545453505,0.0,63.800000000001134,260.5,106.77780205526248,100.0,0.0,6.0,0.0,0.0,143.0,617.1773774897471,1639.5115594216527,0.008707599157589552,100.0,1.0,7.326933503179574
199,2045,3,5,8.617806463867117E18,55.66238059301281,0.009672140643478568,0.0,7.246047433067657,0.0,75.40000000000018,259.273185483871,149.59888592138557,100.0,0.0,5.454637096774194,0.0,0.0,143.0,621.9709911136194,1908.4056721714953,0.010135783129847668,100.0,1.0,7.438991051215731
185,2045,7,11,3.0688222562761073E18,43.13227682777287,0.0017183551284666893,0.0,23.196353502387584,0.0,219.7472672590675,236.5201612903226,351.494959093831,100.0,0.0,6.004032258064516,0.0,0.0,105.50000000000001,275.0,1161.1015925230186,0.03821565237774967,100.0,1.0,5.750190133794789
180,2045,7,11,5.096996787781837E17,44.08880858300048,0.002421276438438497,0.0,14.540360975639716,0.0,93.83913099730329,236.47479838709677,168.64459147161702,100.0,0.11391129032258064,5.994959677419355,0.0,0.0,105.50000000000001,275.0,987.7801569677033,0.015965252555326444,88.60887096774194,1.0,5.877710400891592
193,2045,7,12,2.861374886328272E18,44.062506860476454,0.0012201863585603796,0.0,43.97128465542916,0.0,122.61085496523181,238.53931451612902,688.505155490576,100.0,0.11391129032258064,6.107862903225806,0.0,0.0,105.50000000000001,275.0,876.4056630330867,0.02087276086721903,88.60887096774194,1.0,5.874203980259933
196,2045,7,12,4.898742477016446E18,44.000663094196895,0.0016092629987182697,0.0,-8.19421363496589,0.0,152.28689121728337,237.95967741935485,-140.56353237361253,100.0,0.0,5.991935483870968,0.0,0.0,105.50000000000001,275.0,1866.9461248962962,0.025961123216505448,100.0,1.0,5.865959263290391
184,2045,7,12,3.1730362057635645E18,44.10489407689872,0.0016879703688587348,0.0,4.769465626486704,0.0,153.51793763842733,237.12298387096774,54.101584486852374,100.0,0.11391129032258064,5.824596774193548,0.0,0.0,105.50000000000001,275.0,1069.6474121842245,0.026109137342858076,88.60887096774194,1.0,5.879854842481833
194,2045,7,13,4.281117921937587E18,44.86077521217987,0.0011923000904667828,0.0,44.847267438971365,0.0,273.14560741062485,240.2258064516129,898.1048325272211,100.0,0.11391129032258064,6.145161290322581,0.0,0.0,105.50000000000001,275.0,1103.234056514593,0.04567174712925769,88.60887096774194,1.0,5.980625322643845
195,2045,7,13,2.797545246119503E18,44.80846186678439,0.001715070810560595,0.0,8.180753972253154,0.0,103.46648608693556,241.2389112903226,93.0240063660644,100.0,0.014112903225806451,6.347782258064516,0.0,0.0,105.50000000000001,275.0,1037.4719165968627,0.01732047677097786,98.58870967741935,1.0,5.9736511560873256
197,2045,7,13,4.974214387304059E17,43.93346113515206,0.001185683203072545,0.0,39.959060355720524,0.0,237.58823645411798,241.83366935483872,593.2270292632259,100.0,0.0,6.466733870967742,0.0,0.0,105.50000000000001,275.0,890.1673507738393,0.040564833127893246,100.0,1.0,5.857000217529484
183,2045,7,13,6.605295447056412E18,44.770752356120965,0.0019355587749898663,0.0,26.883660446622574,0.0,203.81290618610336,239.09173387096774,420.7247369641778,100.0,0.0,5.918346774193548,0.0,0.0,105.50000000000001,275.0,1142.0188543331678,0.03414738631315821,100.0,1.0,5.96862390336349
186,2045,7,13,4.898224502314156E18,44.71576324024425,0.0016273577223164777,0.0,36.15410134549283,0.0,137.9026596176967,240.9516129032258,504.6033927054413,100.0,0.0,6.290322580645161,0.0,0.0,105.50000000000001,275.0,889.8167538934437,0.023133011454408797,100.0,1.0,5.961293015804676
187,2045,7,13,8.507560024639921E18,44.86760148757736,0.0013571159226940445,0.0,32.33088446487697,0.0,160.6354655157878,240.71975806451613,505.6780357947797,100.0,0.03024193548387097,6.243951612903226,0.0,0.0,105.50000000000001,275.0,1056.795650476705,0.026855222881740873,96.9758064516129,1.0,5.981535369233723
188,2045,7,13,5.859174576972996E18,44.722692453440196,0.00897325048085301,0.0,25.172322927966107,0.0,247.30059473063935,241.07258064516128,308.39641137574233,100.0,0.0,6.314516129032258,0.0,0.0,105.50000000000001,210.72295754233386,914.9374555188668,0.04147796090357856,100.0,1.0,5.962216785572581
189,2045,7,13,1.481964993321812E18,44.522465437088506,0.0019255902319427049,0.0,42.49975463380131,0.0,166.39160205339593,241.00201612903226,739.9480693557076,100.0,0.023185483870967742,6.300403225806452,0.0,0.0,105.50000000000001,263.09025938704156,999.933516292939,0.028033180704884225,97.68145161290323,1.0,5.935523471455578
181,2045,7,13,6.307363977605812E18,44.317960921418134,0.0018054829941354224,0.0,30.48306633786692,0.0,369.77637769412513,240.76512096774192,403.1687968016906,100.0,0.0,6.253024193548387,0.0,0.0,105.50000000000001,275.0,917.771022979306,0.06258634248684507,100.0,1.0,5.908259901460895
182,2045,7,13,8.834479670273441E18,45.512503098194394,0.0019976069636805497,0.0,18.978392157628132,0.0,286.1978671538514,239.96875,265.9040749635659,100.0,0.11391129032258064,6.09375,0.0,0.0,105.50000000000001,478.18038239900494,1132.3435144443606,0.04716891104941423,88.60887096774194,1.0,6.067510586666503
199,2045,7,13,8.617806463867117E18,44.33249610205999,0.0012452470831047816,0.0,21.51213666336083,0.0,197.11860327381163,240.28125,352.4024187192165,100.0,0.11391129032258064,6.15625,0.0,0.0,105.50000000000001,275.0,1282.6598693298452,0.033352286086690316,88.60887096774194,1.0,5.910197662656608
191,2045,7,14,6.492828447697523E18,45.35987341038575,0.0017417023448860695,0.0,28.803361632360144,0.0,187.82543711081144,243.6360887096774,385.78215066347883,100.0,0.0,6.527217741935484,0.0,0.0,105.50000000000001,274.299999999995,952.0359168404841,0.031060093095010143,100.0,1.0,6.04716272215507
192,2045,7,14,1.0005304447219302E18,45.67215373693898,0.0018186563601242404,0.0,24.313594007475306,0.0,108.16035193212353,240.8991935483871,349.41943878861156,100.0,0.11391129032258064,5.979838709677419,0.0,0.0,105.50000000000001,275.0,1085.4385299337105,0.01776383696359149,88.60887096774194,1.0,6.088794450985307
198,2045,7,14,7.278710821350941E18,44.9955741377864,0.0020868024374076726,0.0,17.28915569647873,0.0,276.7150373845442,241.61995967741936,225.34450459338174,100.0,0.0,6.123991935483871,0.0,0.0,105.50000000000001,275.0,1074.5719190368918,0.04612996673539711,100.0,1.0,5.9985960746902345
190,2045,7,14,2.9539370702862316E18,44.814498386920214,0.0015152398650545504,0.0,18.243197189386844,0.0,280.15375085756443,243.11693548387098,257.6944345758938,100.0,0.0,6.423387096774194,0.0,0.0,105.50000000000001,257.814355574053,1152.008207685379,0.0468919270280535,100.0,1.0,5.974455916259531
193,2045,11,15,2.861374886328272E18,45.14364668134259,0.0034619021916871264,0.0,33.87365916419801,0.0,800.2615692877904,376.76209677419354,542.108511908232,100.0,0.0,5.55241935483871,0.0,0.0,88.0,0.0,1057.24684279119,0.13329920595800912,100.0,1.0,6.0034983969813185
196,2045,11,15,4.898742477016446E18,44.92633233015227,0.0028797337871800505,0.0,35.37563145219671,0.0,799.5520080161283,376.65120967741933,622.4276767178096,100.0,0.0,5.530241935483871,0.0,0.0,88.0,0.0,1135.928015721297,0.13382522807035574,100.0,1.0,5.974598508405164
184,2045,11,15,3.1730362057635645E18,45.100368847233256,0.00897325048085301,0.0,6.398847987425568,0.0,786.2477065166122,369.2046370967742,73.75144543166665,100.0,0.0,5.240927419354839,0.0,0.0,88.0,0.0,1072.528163330024,0.131090595751034,100.0,1.0,5.997743026584807
191,2045,11,16,6.492828447697523E18,45.918273558087144,0.004582865414123112,0.0,22.208196358445218,0.0,956.5687859531644,376.8961693548387,300.4808740175492,100.0,0.0,5.279233870967742,0.0,0.0,88.0,0.0,1050.467377477325,0.15664729267682986,100.0,1.0,6.106513362644621
197,2045,11,16,4.974214387304059E17,45.968961687830905,0.004045649450339513,0.0,34.83291800621461,0.0,832.9514094587387,372.7681451612903,539.7070935299025,100.0,0.0,4.453629032258065,0.0,0.0,88.0,0.0,1008.588380492693,0.13625335734921373,100.0,1.0,6.11325420278567
183,2045,11,16,6.605295447056412E18,46.552589386774706,0.0039739816124238336,0.0,31.228900345409887,0.0,875.6312685672882,379.96774193548384,506.53813039300354,100.0,0.0,4.693548387096774,0.0,0.0,88.0,0.0,1114.3950642052666,0.1414391566976367,100.0,1.0,6.190868844327031
185,2045,11,16,3.0688222562761073E18,45.383888283063314,0.0046301602068385276,0.0,29.254544199732333,0.0,737.3983021459862,376.45766129032256,464.8806178277603,100.0,0.0,5.191532258064516,0.0,0.0,88.0,0.0,1122.7532801382197,0.1221779041839256,100.0,1.0,6.035447301796182
187,2045,11,16,8.507560024639921E18,45.83912823109971,0.0026930523652019967,0.0,38.35889415714408,0.0,876.8718270391835,375.01108870967744,611.1466841539271,100.0,0.0,4.902217741935484,0.0,0.0,88.0,0.0,981.2239040748062,0.1438440845013781,100.0,1.0,6.095988097659886
190,2045,11,16,2.9539370702862316E18,46.50989972140761,0.0038946399656480213,0.0,24.15881164189914,0.0,936.974824254467,378.148185483871,352.8896625834859,100.0,0.0,4.329637096774194,0.0,0.0,88.0,0.0,1106.5371361041637,0.1514867882583477,100.0,1.0,6.185191692469821
180,2045,11,16,5.096996787781837E17,46.214072393885864,0.0026962892069870817,0.0,11.90847593577278,0.0,747.0507840200505,371.7852822580645,144.29973345810586,100.0,0.0,4.257056451612903,0.0,0.0,88.0,0.0,1064.8809317191565,0.12155368371675274,100.0,1.0,6.145850633049064
181,2045,11,16,6.307363977605812E18,46.05617522052597,0.002077141315012274,0.0,21.257199949311886,0.0,869.7832365961432,380.804435483871,291.5049989681288,100.0,0.0,4.860887096774194,0.0,0.0,88.0,0.0,1077.859517987563,0.14200884779435227,100.0,1.0,6.124852430714072
199,2045,11,16,8.617806463867117E18,45.52370062267127,0.0028396362281180453,0.0,31.886992256840337,0.0,869.9766906688611,377.5866935483871,534.5182680802128,100.0,0.0,5.417338709677419,0.0,0.0,88.0,0.0,1140.338279606974,0.14370182951460758,100.0,1.0,6.054040464254676
192,2045,11,17,1.0005304447219302E18,46.773668145739215,0.00897325048085301,0.0,28.2949146623598,0.0,958.3259775974842,383.9092741935484,415.06734722609735,100.0,0.0,3.9818548387096775,0.0,0.0,88.0,0.0,1050.773405687937,0.15406502900398497,100.0,1.0,6.2202693485534395
194,2045,11,17,4.281117921937587E18,46.589300353560056,0.00897325048085301,0.0,48.15043356917604,0.0,879.6748123879959,378.65524193548384,998.6484275367434,100.0,0.0,4.131048387096774,0.0,0.0,88.0,0.0,1074.679455966042,0.14198033865813497,100.0,1.0,6.1957509096108465
195,2045,11,17,2.797545246119503E18,46.55700388632972,0.006726574573353109,0.0,8.695454065004302,0.0,878.9979163358505,381.59375,102.22664359030618,100.0,0.0,4.71875,0.0,0.0,88.0,0.0,1069.4881895106425,0.14196950258929503,100.0,1.0,6.191455913448625
198,2045,11,17,7.278710821350941E18,47.027250670794466,0.00421675304551364,0.0,18.880514914974064,0.0,954.1324043774957,378.5695564516129,256.1895652977572,100.0,0.0,4.113911290322581,0.0,0.0,88.0,0.0,1099.0721250659692,0.15256372901866883,100.0,1.0,6.2539924169049455
186,2045,11,17,4.898224502314156E18,46.748834853193664,0.00897325048085301,0.0,30.82377709897089,0.0,877.8073297098606,381.6491935483871,448.60368779225695,100.0,0.0,4.729838709677419,0.0,0.0,88.0,0.0,1005.6217309959211,0.14119543344472377,100.0,1.0,6.216966854338891
188,2045,11,17,5.859174576972996E18,46.338694567017136,0.00897325048085301,0.0,20.060472744508957,0.0,877.8891795816395,378.5695564516129,253.9567462906452,100.0,0.0,4.113911290322581,0.0,0.0,88.0,0.0,1010.4557859337978,0.1424584256541421,100.0,1.0,6.1624237074819455
189,2045,11,17,1.481964993321812E18,46.408179951912246,0.00897325048085301,0.0,41.73562485777394,0.0,875.3061773099071,381.59375,755.4451034953803,100.0,0.0,4.71875,0.0,0.0,88.0,0.0,1053.6565152857768,0.14182660146615592,100.0,1.0,6.1716643299725495
182,2045,11,17,8.834479670273441E18,47.13162663068995,0.002913393013263982,0.0,26.35517364055645,0.0,888.2076086191092,378.4284274193548,381.0814395299855,100.0,0.0,4.085685483870968,0.0,0.0,88.0,0.0,1063.3393342945967,0.14170797752369335,100.0,1.0,6.267873017033232
196,2046,3,2,4.898742477016446E18,53.66170787447798,0.00897325048085301,0.0,-80.0618640844736,0.0,46.400000000000844,255.6875,-1711.0768838218426,100.0,0.0,5.9375,0.0,0.0,143.0,609.174195916547,3849.1983160106047,0.006518045909115714,100.0,1.0,7.118697942140731
193,2046,3,3,2.861374886328272E18,53.33073041702555,0.007428187484149847,0.0,42.201220615975494,0.0,84.10000000000043,260.56451612903226,821.1325439821157,100.0,0.0,6.612903225806452,0.0,0.0,143.0,611.5407088472157,1123.6613083703478,0.011887277173284728,100.0,1.0,7.074790868762225
184,2046,3,3,3.1730362057635645E18,52.9886567639616,0.00897325048085301,0.0,-39.196268315735836,0.0,46.400000000000844,262.5,-537.2057885265327,100.0,0.0,7.0,0.0,0.0,143.0,815.6852535245631,1909.5523769238673,0.006600836798816271,100.0,1.0,7.029411787354259
191,2046,3,4,6.492828447697523E18,54.68415291019154,0.00897325048085301,0.0,25.808323773517696,0.0,43.49999999999999,256.05141129032256,398.8381703904594,100.0,0.0,5.410282258064516,0.0,0.0,143.0,611.3730264826546,1145.3960094178271,0.005996415155373495,100.0,1.0,7.254334276875221
195,2046,3,4,2.797545246119503E18,52.30772399153288,0.00897325048085301,0.0,-17.39727371922051,0.0,98.60000000000124,262.98891129032256,-228.48527798257447,100.0,0.0,7.097782258064516,0.0,0.0,143.0,609.9925954381849,1545.1352685574861,0.014209376334765392,100.0,1.0,6.9390800607315475
197,2046,3,4,4.974214387304059E17,54.18773567292541,0.00897325048085301,0.0,36.39648778789367,0.0,37.70000000000009,260.0584677419355,678.1034181357066,100.0,0.0,6.211693548387097,0.0,0.0,143.0,606.3322456308725,1183.8346139891137,0.005244502197856251,100.0,1.0,7.18848016031157
198,2046,3,4,7.278710821350941E18,52.6566730839099,0.00897325048085301,0.0,6.7211029929187225,0.0,66.6999999999988,262.0866935483871,106.45387517085263,100.0,0.0,6.917338709677419,0.0,0.0,143.0,613.6189956528732,1470.3379593651769,0.009548526170878827,100.0,1.0,6.985371229689981
183,2046,3,4,6.605295447056412E18,54.269212446496596,0.00897325048085301,0.0,12.11279875040349,0.0,98.60000000000124,259.65524193548384,229.51461227658885,100.0,0.0,6.131048387096774,0.0,0.0,143.0,609.0299072412315,1661.4092749488827,0.013695797338933197,100.0,1.0,7.199288771578848
185,2046,3,4,3.0688222562761073E18,53.6734050585061,0.00897325048085301,0.0,7.9369524177750295,0.0,57.99999999999999,262.8659274193548,143.0974037879707,100.0,0.0,6.773185483870968,0.0,0.0,143.0,613.4259500965811,1654.0604042864743,0.00814578176813392,100.0,1.0,7.120249676574252
186,2046,3,4,4.898224502314156E18,53.317512645101,0.00897325048085301,0.0,24.773896177491967,0.0,49.300000000000615,262.0967741935484,421.75871329673026,100.0,0.0,6.919354838709677,0.0,0.0,143.0,609.1895327964363,1279.1711963294047,0.006970131374639642,100.0,1.0,7.073037414958256
188,2046,3,4,5.859174576972996E18,54.049995031236584,0.00897325048085301,0.0,17.755980393680645,0.0,89.89999999999921,259.375,276.74841716270106,100.0,0.0,6.375,0.0,0.0,143.0,608.4023038674387,1279.8126232932782,0.012537991138855424,100.0,1.0,7.1702076516386875
190,2046,3,4,2.9539370702862316E18,54.57661675754682,0.00897325048085301,0.0,10.421308891676874,0.0,37.70000000000009,255.62298387096774,177.52882163751548,100.0,0.0,5.324596774193548,0.0,0.0,143.0,612.8276010660513,1521.8684111718371,0.005207132939295178,100.0,1.0,7.240068659568935
180,2046,3,4,5.096996787781837E17,53.77041653597828,0.004220719887513175,0.0,-12.275106862451706,0.0,84.10000000000043,262.1602822580645,-161.65508672798273,100.0,0.0,6.632056451612903,0.0,0.0,143.0,615.3311088854305,1482.7559635780028,0.011790073708964557,100.0,1.0,7.133119103068473
192,2046,3,5,1.0005304447219302E18,54.17688441800502,0.027817076490644375,0.0,13.442215788646118,0.0,46.400000000000844,259.15120967741933,245.99368771486238,100.0,0.0,6.030241935483871,0.0,0.0,143.0,615.0442986560615,1580.2405006951476,0.006456064781960066,100.0,1.0,7.187040645821055
194,2046,3,5,4.281117921937587E18,54.63898480444458,0.027817076490644375,0.0,38.086621148536295,0.0,57.99999999999999,260.46673387096774,925.8510638362898,100.0,0.0,6.293346774193548,0.0,0.0,143.0,620.2619229440947,1503.9260935133332,0.008001829571395726,100.0,1.0,7.248342330025819
187,2046,3,5,8.507560024639921E18,55.02335841415542,0.016637007470481087,0.0,20.770898934949972,0.0,81.19999999999848,259.18951612903226,398.18348636006874,100.0,0.0,5.737903225806452,0.0,0.0,143.0,612.2582842072768,1516.6172422710436,0.011124304290838508,100.0,1.0,7.299332873056275
189,2046,3,5,1.481964993321812E18,53.409900962885814,0.027817076490644375,0.0,30.67750818537472,0.0,98.60000000000124,264.1663306451613,664.5665626095544,100.0,0.0,7.033266129032258,0.0,0.0,143.0,619.20854254619,1500.2093858774115,0.013916148916419326,100.0,1.0,7.085293538621558
181,2046,3,5,6.307363977605812E18,54.43920490674019,0.027817076490644375,0.0,23.624062076103357,0.0,98.60000000000124,264.98084677419354,371.8462719700971,100.0,0.0,6.89616935483871,0.0,0.0,143.0,605.9762073419324,1200.4423945233434,0.013653030691465937,100.0,1.0,7.221839767900974
182,2046,3,5,8.834479670273441E18,53.460529099946285,0.012518936314421403,0.0,11.596868752899585,0.0,49.300000000000615,263.5967741935484,190.5981537023478,100.0,0.0,6.919354838709677,0.0,0.0,143.0,616.7001536895993,1448.5603402272225,0.006951485029461427,100.0,1.0,7.092009806690209
199,2046,3,5,8.617806463867117E18,55.51181747612431,0.027817076490644375,0.0,11.927502121889663,0.0,84.10000000000043,255.68649193548387,243.65214733744503,100.0,0.0,5.037298387096774,0.0,0.0,143.0,604.5977673164282,1796.174371452144,0.011420220110674218,100.0,1.0,7.364131267609641
180,2046,7,11,5.096996787781837E17,43.66005872704762,0.0014051441404405018,0.0,1.0759073461339,0.0,104.45717225188326,236.66129032258064,12.139182241202006,100.0,0.0,6.032258064516129,0.0,0.0,105.80000000000184,275.0,1057.9145366640328,0.018079615473730742,100.0,1.0,5.77762134397477
196,2046,7,12,4.898742477016446E18,43.45414402226797,0.0026516697638454497,0.0,-27.678603619595,0.0,222.15423118047883,239.875,-472.0642741031027,100.0,0.0,6.375,0.0,0.0,105.80000000000184,275.0,2181.9337335086593,0.03863301742132674,100.0,1.0,5.750372246560325
197,2046,7,12,4.974214387304059E17,43.772121727503645,0.002771232390627864,0.0,38.95856812198804,0.0,311.6101327046666,238.78125,584.9975178571619,100.0,0.014112903225806451,6.15625,0.0,0.0,105.80000000000184,273.51999999999623,915.3452968614971,0.0537959043906317,98.58870967741935,1.0,5.792450860979151
198,2046,7,12,7.278710821350941E18,44.057812048230765,0.0025262529506906066,0.0,18.925954879251684,0.0,248.21934056063944,239.12399193548387,249.62937752762653,100.0,0.0,6.224798387096774,0.0,0.0,105.80000000000184,275.0,1066.4211298092432,0.04257434074053399,100.0,1.0,5.830256822375547
183,2046,7,12,6.605295447056412E18,44.33704648928271,0.0021853995325993836,0.0,10.572071657161574,0.0,222.13540332785038,238.4334677419355,163.73705256310154,100.0,0.11391129032258064,6.086693548387097,0.0,0.0,105.80000000000184,475.290087423213,1377.3102632096131,0.0378604927148406,88.60887096774194,1.0,5.8672084645316165
185,2046,7,12,3.0688222562761073E18,44.536718530193205,0.0022996541468100957,0.0,19.87733108358291,0.0,188.84979617653923,238.6451612903226,293.25965735068667,100.0,0.11391129032258064,6.129032258064516,0.0,0.0,105.80000000000184,275.0,1179.422960673295,0.03204302771953721,88.60887096774194,1.0,5.893631457972186
187,2046,7,12,8.507560024639921E18,44.217758697052496,0.006205567414144567,0.0,31.05257058982847,0.0,262.6677755502691,237.75806451612902,472.49085898534986,100.0,0.0,5.951612903225806,0.0,0.0,105.80000000000184,274.77435557404675,1047.1364676136511,0.04488955611103871,100.0,1.0,5.851422876638269
189,2046,7,12,1.481964993321812E18,44.61375791635107,0.0023663635234317036,0.0,40.94726083577265,0.0,175.11858175255261,237.9798387096774,731.7386376331076,100.0,0.0,5.995967741935484,0.0,0.0,105.80000000000184,275.0,1054.02455626705,0.02966187941379673,100.0,1.0,5.903826231290627
191,2046,7,13,6.492828447697523E18,44.01974763741123,0.002181149849502434,0.0,24.083431807526768,0.0,178.43656017645858,241.94959677419354,296.13342683859344,100.0,0.0,6.48991935483871,0.0,0.0,105.80000000000184,275.0,931.4841556700266,0.030631730621787708,100.0,1.0,5.825219684112147
192,2046,7,13,1.0005304447219302E18,44.77034682017522,0.0014515125332987774,0.0,26.595761532491057,0.0,147.85647801361057,240.3266129032258,400.9181172243561,100.0,0.11391129032258064,6.165322580645161,0.0,0.0,105.80000000000184,275.0,1104.515419015412,0.02495658391110072,88.60887096774194,1.0,5.924547948561335
193,2046,7,13,2.861374886328272E18,44.276569815717814,0.0011515978543189178,0.0,44.30103389018269,0.0,224.50178687332604,241.88407258064515,714.0408463768064,100.0,0.0,6.476814516129032,0.0,0.0,105.80000000000184,275.0,896.5999462993677,0.03831608024641814,100.0,1.0,5.859205467508982
195,2046,7,13,2.797545246119503E18,44.58035903686156,0.002109367767008236,0.0,2.1522639996470114,0.0,336.5409469767192,240.21572580645162,24.6189067632357,100.0,0.03024193548387097,6.143145161290323,0.0,0.0,105.80000000000184,275.0,1094.7590848504994,0.05704657704732284,96.9758064516129,1.0,5.899406491953804
184,2046,7,13,3.1730362057635645E18,44.23592551632985,0.0033861322569256756,0.0,3.3850273619206215,0.0,234.9109394867721,240.95665322580646,39.342225312896275,100.0,0.0,6.29133064516129,0.0,0.0,105.80000000000184,219.89435557404767,1103.4958465022787,0.04012946443330775,100.0,1.0,5.8538269275229675
186,2046,7,13,4.898224502314156E18,44.44928541495224,0.0019247641529071245,0.0,33.04294122269214,0.0,129.8238966966294,241.0625,467.8610524645377,100.0,0.014112903225806451,6.3125,0.0,0.0,105.80000000000184,275.0,946.661923158479,0.022071156846647677,98.58870967741935,1.0,5.8820612620651085
188,2046,7,13,5.859174576972996E18,43.29055487004049,0.0017587711644165048,0.0,21.20681298992541,0.0,148.91707145232456,240.19052419354838,261.60465435619886,100.0,0.11391129032258064,6.138104838709677,0.0,0.0,105.80000000000184,275.0,969.5922926507768,0.025994805643264448,88.60887096774194,1.0,5.728724172666038
190,2046,7,13,2.9539370702862316E18,44.902524703356285,0.002706046586505737,0.0,17.957025359807545,0.0,256.2192185874184,241.46068548387098,248.57735106454513,100.0,0.0,6.392137096774194,0.0,0.0,105.80000000000184,275.0,1132.1977181961554,0.04311974480940203,100.0,1.0,5.942039307513508
181,2046,7,13,6.307363977605812E18,44.25442726091237,0.0015137062214664345,0.0,26.697925693842297,0.0,298.8980862371288,240.01915322580646,340.89931028154837,100.0,0.0,6.10383064516129,0.0,0.0,105.80000000000184,275.0,934.0881690251501,0.0510389404423737,100.0,1.0,5.856275299731276
199,2046,7,13,8.617806463867117E18,43.81168195032359,0.002514924462122489,0.0,21.74115000004583,0.0,144.39786237398613,239.46975806451613,349.83877765643257,100.0,0.11391129032258064,5.993951612903226,0.0,0.0,105.80000000000184,275.0,1256.0904357631305,0.024906120095854467,88.60887096774194,1.0,5.797685942983172
194,2046,7,14,4.281117921937587E18,45.34078048568585,0.0019808499957732944,0.0,44.99490424081862,0.0,270.61374788810406,243.38407258064515,896.5930540486191,100.0,0.0,6.476814516129032,0.0,0.0,105.80000000000184,273.61999999999676,1094.6152500924434,0.045102031555793676,100.0,1.0,6.000034556167167
182,2046,7,14,8.834479670273441E18,45.2849045366152,0.002341662442811338,0.0,23.816068081563913,0.0,172.00167332085894,243.55040322580646,330.3932923045482,100.0,0.0,6.51008064516129,0.0,0.0,105.80000000000184,274.450000000005,1054.6706953460123,0.02870215169859231,100.0,1.0,5.992640382055215
191,2046,11,15,6.492828447697523E18,45.00471330035576,0.004429047621348983,0.0,14.820945019811695,0.0,860.6874978969946,376.68145161290323,186.0089181544546,100.0,0.0,5.536290322580645,0.0,0.0,88.0,0.0,1065.986108486207,0.14487507788836643,100.0,1.0,5.94089411679349
193,2046,11,15,2.861374886328272E18,45.91515268793835,0.00897325048085301,0.0,37.3020957478492,0.0,840.7590556805352,372.90120967741933,621.8677795298884,100.0,0.0,4.780241935483871,0.0,0.0,88.0,0.0,1044.2657794938038,0.1387144512431833,100.0,1.0,6.0610776176923515
194,2046,11,15,4.281117921937587E18,45.91283662547918,0.003152934111332753,0.0,47.069865339266805,0.0,950.5847362434637,369.7086693548387,947.1755827733307,100.0,0.0,5.341733870967742,0.0,0.0,88.0,0.0,1064.189383688362,0.15684219015714904,100.0,1.0,6.060771883451889
185,2046,11,15,3.0688222562761073E18,45.70365095658789,0.006171423989582546,0.0,24.87102457418544,0.0,803.5235625369239,372.2913306451613,375.2847822477212,100.0,0.0,4.658266129032258,0.0,0.0,88.0,0.0,1132.2623294622028,0.13318456896793185,100.0,1.0,6.033158111060119
188,2046,11,15,5.859174576972996E18,45.23073255472649,0.0030878356782013078,0.0,21.24832120011152,0.0,851.3749862774266,368.9828629032258,273.234437253212,100.0,0.0,5.196572580645161,0.0,0.0,88.0,0.0,1009.9735433761255,0.14259143904140759,100.0,1.0,5.970730024193058
196,2046,11,16,4.898742477016446E18,45.930227170494284,0.00210837652275682,0.0,36.98133649820349,0.0,794.1578256754713,375.51512096774195,667.2287968710893,100.0,0.0,5.003024193548387,0.0,0.0,88.0,0.0,1135.620405454518,0.13098284331697727,100.0,1.0,6.063067540484036
198,2046,11,16,7.278710821350941E18,45.92022584770302,0.005657787188431926,0.0,20.036993292041423,0.0,783.5975643429152,374.0181451612903,274.59778506984424,100.0,0.0,4.703629032258065,0.0,0.0,88.0,0.0,1093.70653834405,0.12926925601796885,100.0,1.0,6.061747305438137
184,2046,11,16,3.1730362057635645E18,46.10840917370115,0.004855655022106628,0.0,6.69486052616607,0.0,866.3379836056839,376.8659274193548,79.94655903975259,100.0,0.0,5.273185483870968,0.0,0.0,88.0,0.0,1108.3334009386585,0.14233555684659369,100.0,1.0,6.08658864165196
186,2046,11,16,4.898224502314156E18,46.2975160044507,0.00897325048085301,0.0,31.804392900002814,0.0,857.4624130532933,373.7006048387097,467.79103807392914,100.0,0.0,4.640120967741935,0.0,0.0,88.0,0.0,1001.9200333351399,0.14030191169728692,100.0,1.0,6.111551886073655
182,2046,11,16,8.834479670273441E18,45.79080193461521,0.0055734475036354385,0.0,23.507802039409615,0.0,952.6623513394961,374.6078629032258,328.88764050269845,100.0,0.0,4.821572580645161,0.0,0.0,88.0,0.0,1068.2001046348623,0.15760389282448928,100.0,1.0,6.044662566808545
192,2046,11,17,1.0005304447219302E18,46.42405103910632,0.0026979105474603227,0.0,31.37106803928568,0.0,876.0774987080221,381.3618951612903,489.04983744848425,100.0,0.0,4.672379032258065,0.0,0.0,88.0,0.0,1068.1459334633255,0.1429570831097855,100.0,1.0,6.1282552752928545
195,2046,11,17,2.797545246119503E18,46.52749376411079,0.0023008334566289885,0.0,6.855416740526249,0.0,873.638454776977,381.2258064516129,80.27569484664471,100.0,0.0,4.645161290322581,0.0,0.0,88.0,0.0,1085.1159882898241,0.1422421374460881,100.0,1.0,6.14191034009243
183,2046,11,17,6.605295447056412E18,46.489924867898786,0.00897325048085301,0.0,29.301810050730566,0.0,789.6832116710261,384.7006048387097,472.7163058251016,100.0,0.0,4.140120967741935,0.0,0.0,88.0,0.0,1139.1800417597228,0.1286767988299614,100.0,1.0,6.136951018765588
187,2046,11,17,8.507560024639921E18,46.44241388949176,0.0027274317570981925,0.0,36.85038705382317,0.0,805.7163044861198,383.9274193548387,587.0242654169643,100.0,0.0,5.185483870967742,0.0,0.0,88.0,0.0,1005.1265609249458,0.13142365916690327,100.0,1.0,6.130679282509472
189,2046,11,17,1.481964993321812E18,46.19196573936193,0.002915286056157593,0.0,41.63781132652431,0.0,807.303041974505,383.4032258064516,768.3230440988199,100.0,0.0,5.080645161290323,0.0,0.0,88.0,0.0,1076.057610647665,0.13239644739679648,100.0,1.0,6.097618613247162
190,2046,11,17,2.9539370702862316E18,47.090234227847475,0.002197172008044332,0.0,21.277063362758255,0.0,877.7855760827074,385.1340725806452,307.76320117155836,100.0,0.0,4.226814516129032,0.0,0.0,88.0,0.0,1136.7186177603821,0.14120945498515647,100.0,1.0,6.2161954819171115
181,2046,11,17,6.307363977605812E18,46.86138900650733,0.004200959962946176,0.0,19.370753479434903,0.0,837.5698191370163,380.3840725806452,261.2770870524934,100.0,0.0,4.476814516129032,0.0,0.0,88.0,0.0,1085.4928253895528,0.13539793775852937,100.0,1.0,6.185986529800404
199,2046,11,17,8.617806463867117E18,46.942821975319106,0.0022534531594307016,0.0,34.036262476617516,0.0,863.8335589243486,372.6703629032258,584.6275537137709,100.0,0.0,4.134072580645161,0.0,0.0,88.0,0.0,1131.8365230217366,0.13940137754768805,100.0,1.0,6.196736173778759
197,2046,11,18,4.974214387304059E17,47.4345622360473,0.003915030750808478,0.0,34.13441500598137,0.0,803.5635521937278,388.5695564516129,553.9756767974941,100.0,0.0,4.613911290322581,0.0,0.0,88.0,0.0,1067.8973611444821,0.1283309828116216,100.0,1.0,6.26164885975577
180,2046,11,18,5.096996787781837E17,47.821585487584194,0.0022410715486645945,0.0,4.706628538973996,0.0,746.658677278511,386.84576612903226,55.43227747888787,100.0,0.0,4.269153225806452,0.0,0.0,88.0,0.0,1113.7286380064738,0.11827809828525923,100.0,1.0,6.312738267720066
184,2047,3,2,3.1730362057635645E18,53.41848217374364,0.00897325048085301,0.0,-11.59099730750711,0.0,69.59999999999933,257.804435483871,-163.06531580500308,100.0,0.0,6.360887096774194,0.0,0.0,143.0,608.7752786602239,1574.049472106924,0.009894513970798087,100.0,1.0,7.034200993137354
191,2047,3,3,6.492828447697523E18,52.86396588420754,0.00897325048085301,0.0,16.5806389854556,0.0,63.800000000001134,262.3538306451613,241.86453293506958,100.0,0.0,6.970766129032258,0.0,0.0,143.0,608.3915959657853,1214.268914950721,0.009165110554026313,100.0,1.0,6.961181714493694
194,2047,3,3,4.281117921937587E18,53.64893585381874,0.00897325048085301,0.0,28.147009583997097,0.0,46.400000000000844,261.61290322580646,666.8059592985645,100.0,0.0,6.82258064516129,0.0,0.0,143.0,814.0394420274529,1700.2805404318212,0.00656800748241155,100.0,1.0,7.064547372130024
196,2047,3,3,4.898742477016446E18,52.801840510838716,0.00897325048085301,0.0,-142.76427275481402,0.0,84.10000000000043,262.3336693548387,-2938.1166419082842,100.0,0.0,6.966733870967742,0.0,0.0,143.0,615.2480765378567,4997.2881900322,0.012095496639376108,100.0,1.0,6.953000981060862
186,2047,3,3,4.898224502314156E18,53.17484004539032,0.00897325048085301,0.0,21.35044898703632,0.0,43.49999999999999,260.64516129032256,357.75185292087815,100.0,0.0,6.629032258064516,0.0,0.0,143.0,621.3842668331928,1315.9073976493617,0.006212406065958155,100.0,1.0,7.002117945632209
187,2047,3,3,8.507560024639921E18,51.87631069527717,0.00897325048085301,0.0,21.094185055437965,0.0,57.99999999999999,260.6219758064516,392.85441764300185,100.0,0.0,6.924395161290323,0.0,0.0,143.0,614.3618855341241,1467.2108218447804,0.008490547211932218,100.0,1.0,6.83112625750311
188,2047,3,3,5.859174576972996E18,53.68103725294575,0.00897325048085301,0.0,13.707358595086854,0.0,84.10000000000043,260.6653225806452,221.22309631726452,100.0,0.0,6.633064516129032,0.0,0.0,143.0,607.8440065068932,1389.7698716616305,0.011897394631968943,100.0,1.0,7.068774517575402
193,2047,3,4,2.861374886328272E18,53.92096658189052,0.00897325048085301,0.0,44.92328973734593,0.0,46.400000000000844,259.09576612903226,943.6292310257223,100.0,0.0,6.019153225806452,0.0,0.0,143.0,611.4583879227259,1156.2460848636417,0.006534871951454276,100.0,1.0,7.100368659813594
195,2047,3,4,2.797545246119503E18,53.5008100158345,0.00897325048085301,0.0,-15.875813356778444,0.0,49.300000000000615,258.41733870967744,-219.5643245615108,100.0,0.0,6.183467741935484,0.0,0.0,143.0,614.0737026627652,1605.4029569452662,0.0069978291031004254,100.0,1.0,7.045042008550621
198,2047,3,4,7.278710821350941E18,54.89645052434428,0.00897325048085301,0.0,14.103568880747698,0.0,63.800000000001134,258.7631048387097,237.89879302931877,100.0,0.0,5.952620967741935,0.0,0.0,143.0,614.2552457944658,1445.9532226558122,0.00882578175866177,100.0,1.0,7.2288213944772375
185,2047,3,4,3.0688222562761073E18,54.367442583598255,0.00897325048085301,0.0,0.5559619316744903,0.0,89.89999999999921,262.6038306451613,10.330377393844245,100.0,0.0,6.720766129032258,0.0,0.0,143.0,612.0795111870361,1747.0371620871406,0.012557337232036482,100.0,1.0,7.159161081590202
180,2047,3,4,5.096996787781837E17,53.20709790811725,0.00897325048085301,0.0,-17.48455845016608,0.0,46.400000000000844,258.98891129032256,-233.897610535483,100.0,0.0,6.597782258064516,0.0,0.0,143.0,613.1847214199367,1574.1571544318233,0.006622548982464665,100.0,1.0,7.006365694366297
181,2047,3,4,6.307363977605812E18,53.586538666165104,0.00897325048085301,0.0,26.18812628440188,0.0,37.70000000000009,260.80141129032256,396.2054711906471,100.0,0.0,6.660282258064516,0.0,0.0,143.0,609.3010924152455,1115.5169950293778,0.005342720008918893,100.0,1.0,7.056330845910964
182,2047,3,4,8.834479670273441E18,54.13325000614132,0.002766106806674776,0.0,14.574598544777535,0.0,52.19999999999926,260.3961693548387,241.5226589194638,100.0,0.0,6.279233870967742,0.0,0.0,143.0,612.6638614763475,1412.5092331024005,0.007322901148189458,100.0,1.0,7.128322360722482
199,2047,3,4,8.617806463867117E18,53.62031273686747,0.002951727131859563,0.0,3.5322247385787513,0.0,55.099999999999056,261.21975806451616,69.28643184843561,100.0,0.0,6.743951612903226,0.0,0.0,143.0,614.5393256039729,1876.9163925495677,0.007803672349610374,100.0,1.0,7.06077825047974
192,2047,3,5,1.0005304447219302E18,54.62882574902733,0.02871440153872973,0.0,6.14486472838571,0.0,104.39999999999851,261.63104838709677,108.57354764826842,100.0,0.0,6.526209677419355,0.0,0.0,143.0,609.9436480837953,1650.7274018009214,0.014512940126019724,100.0,1.0,7.193580287210276
183,2047,3,5,6.605295447056412E18,54.660908958024265,0.02871440153872973,0.0,14.922199646570784,0.0,46.400000000000844,258.0221774193548,291.3812934743081,100.0,0.0,5.804435483870968,0.0,0.0,143.0,615.9921608282426,1658.0750739439538,0.0064464096706092384,100.0,1.0,7.197805037360535
189,2047,3,5,1.481964993321812E18,54.715386443844345,0.02871440153872973,0.0,24.605101059769886,0.0,40.59999999999924,261.9032258064516,516.3589288802519,100.0,0.0,6.580645161290323,0.0,0.0,143.0,612.4121781560424,1580.1817661569946,0.005634992378493256,100.0,1.0,7.204978689049319
190,2047,3,5,2.9539370702862316E18,54.32549389893803,0.017071582365475416,0.0,4.497426032167006,0.0,52.19999999999926,260.164314516129,75.70263070090404,100.0,0.0,6.232862903225806,0.0,0.0,143.0,611.9016293680005,1597.3145984560633,0.007296987292239761,100.0,1.0,7.153637235398943
197,2047,3,6,4.974214387304059E17,54.41026742186507,0.02078593861386414,0.0,33.72836504198178,0.0,57.99999999999999,260.8296370967742,621.4253655555842,100.0,0.0,6.365927419354839,0.0,0.0,143.0,611.5686291920057,1219.720307346071,0.008095131415621659,100.0,1.0,7.164800300594742
188,2047,7,11,5.859174576972996E18,44.33046263524959,0.002002063918084115,0.0,23.109810579088812,0.0,123.09828836392856,236.82762096774192,304.1568068410191,100.0,0.03024193548387097,6.065524193548387,0.0,0.0,106.10000000000157,275.0,1009.6756359021526,0.021139598919414956,96.9758064516129,1.0,5.823113713424008
192,2047,7,12,1.0005304447219302E18,45.03264264395957,0.003618246161634289,0.0,22.024780722867916,0.0,159.8880368713109,237.13306451612902,319.12948881032173,100.0,0.0,5.826612903225806,0.0,0.0,106.10000000000157,275.0,1127.5605220220903,0.027029345488127573,100.0,1.0,5.915349927416498
193,2047,7,12,2.861374886328272E18,44.85444417177735,0.0015106482290998386,0.0,46.60028657785109,0.0,164.47442563927711,237.96975806451613,804.3586691800782,100.0,0.0,5.993951612903226,0.0,0.0,106.10000000000157,275.0,920.709618044094,0.02791514523465514,100.0,1.0,5.891942322230552
195,2047,7,12,2.797545246119503E18,44.97858326186134,0.0015402077722027196,0.0,-15.218209210913987,0.0,263.4741527330098,239.31048387096774,-176.16489876453082,100.0,0.0,6.262096774193548,0.0,0.0,106.10000000000157,476.5142036561867,1338.3835909757809,0.04459428830836432,100.0,1.0,5.908248852658365
186,2047,7,12,4.898224502314156E18,44.16130198712451,0.0014270436515351507,0.0,30.804423874437564,0.0,266.15283802113976,237.93447580645162,427.63847652829776,100.0,0.0,5.986895161290323,0.0,0.0,106.10000000000157,275.0,958.9018231739,0.04588135391507168,100.0,1.0,5.800893289108248
187,2047,7,12,8.507560024639921E18,44.766860290790646,0.0026176343293036843,0.0,35.3955017418312,0.0,181.34770184626868,237.93447580645162,561.5640724921691,100.0,0.12096774193548387,5.986895161290323,0.0,0.0,106.10000000000157,275.0,1023.6236604425335,0.030839150934707613,87.90322580645162,1.0,5.88043757204005
190,2047,7,12,2.9539370702862316E18,44.02169220525291,0.0015825838590569775,0.0,15.353334499532115,0.0,106.69426343054288,239.59274193548387,208.26517260408966,100.0,0.12096774193548387,6.318548387096774,0.0,0.0,106.10000000000157,275.0,1144.097704611614,0.018451060345025135,87.90322580645162,1.0,5.782554576019816
181,2047,7,12,6.307363977605812E18,44.7955919763907,0.0015428559973956364,0.0,27.019885911040582,0.0,163.7780786608014,237.12298387096774,337.6380294692263,100.0,0.07963709677419355,5.824596774193548,0.0,0.0,106.10000000000157,275.0,910.3678013718771,0.0278334784024458,92.03629032258065,1.0,5.8842116782072695
194,2047,7,13,4.281117921937587E18,44.52032557155208,0.002123343701101051,0.0,44.72684997764223,0.0,195.12012205026605,240.5584677419355,876.9732062431867,100.0,0.06653225806451613,6.211693548387097,0.0,0.0,106.10000000000157,275.0,1082.5081057178668,0.033364968558133604,93.34677419354838,1.0,5.848053526868986
197,2047,7,13,4.974214387304059E17,44.905550305869916,0.0016994792577373135,0.0,37.56212114861082,0.0,360.26823744191944,241.59173387096774,569.8436192806448,100.0,0.0,6.418346774193548,0.0,0.0,106.10000000000157,275.0,945.9395894719493,0.061076331620679186,100.0,1.0,5.898655467381411
198,2047,7,13,7.278710821350941E18,44.02189417038559,0.00897325048085301,0.0,20.17159383167268,0.0,245.84348666468742,241.06754032258064,272.3333541757307,100.0,0.0030241935483870967,6.313508064516129,0.0,0.0,106.10000000000157,274.76000000000374,1074.637378545126,0.042514490013659756,99.69758064516128,1.0,5.782581105540693
183,2047,7,13,6.605295447056412E18,44.58377093559216,0.0012373483840117283,0.0,25.62928940039497,0.0,125.11910405429748,240.32157258064515,407.11302777914705,100.0,0.12096774193548387,6.164314516129032,0.0,0.0,106.10000000000157,275.0,1179.033286660282,0.021364553442581133,87.90322580645162,1.0,5.856387515450048
184,2047,7,13,3.1730362057635645E18,45.101701217473476,0.00897325048085301,0.0,3.033027276707827,0.0,201.20381828286017,240.7953629032258,36.3502285132961,100.0,0.0,6.259072580645161,0.0,0.0,106.10000000000157,273.839999999998,1140.140446387815,0.03396176770568987,100.0,1.0,5.924421249991383
185,2047,7,13,3.0688222562761073E18,45.32249522730552,0.001943103179050035,0.0,16.641973219503004,0.0,327.35053363327455,239.40423387096774,243.84578359002583,100.0,0.0,5.980846774193548,0.0,0.0,106.10000000000157,275.0,1217.5481001329465,0.05498525378655759,100.0,1.0,5.953424074461632
189,2047,7,13,1.481964993321812E18,45.03845683141416,0.0016778703217750625,0.0,36.452989629358555,0.0,177.4177908844263,240.92137096774192,628.066669020091,100.0,0.11391129032258064,6.284274193548387,0.0,0.0,106.10000000000157,273.1099999999931,1093.4336410575827,0.029988908435978536,88.60887096774194,1.0,5.916113661261948
180,2047,7,13,5.096996787781837E17,44.97335721703221,0.0015070961506303342,0.0,-0.5032978942460303,0.0,233.36035041324138,239.4546370967742,-5.03164416211079,100.0,0.0,5.990927419354839,0.0,0.0,106.10000000000157,271.1799999999948,1123.7985667311189,0.039501969777581,100.0,1.0,5.90756237542572
199,2047,7,13,8.617806463867117E18,44.86690858000234,0.001932224479081178,0.0,21.12427817719886,0.0,90.13156008937636,239.4798387096774,343.81547035092933,100.0,0.12096774193548387,5.995967741935484,0.0,0.0,106.10000000000157,275.0,1280.6656949481824,0.015293177673614856,87.90322580645162,1.0,5.893579608695668
191,2047,7,14,6.492828447697523E18,45.31208258169206,0.002476062494716625,0.0,22.042600509277946,0.0,181.33548657578194,242.23487903225808,272.14963107194995,100.0,0.12096774193548387,6.246975806451613,0.0,0.0,106.10000000000157,275.0,960.4454559716952,0.030466023404020205,87.90322580645162,1.0,5.952056301245192
196,2047,7,14,4.898742477016446E18,45.493761156283114,0.004097374648791333,0.0,-44.26910451997381,0.0,259.6116920586143,243.26310483870967,-782.2406575664908,100.0,0.0,6.452620967741935,0.0,0.0,106.10000000000157,255.76027457404595,2552.0443174649454,0.04344295887332191,100.0,1.0,5.975921042018169
182,2047,7,14,8.834479670273441E18,45.294292028200886,0.0023839666527239725,0.0,24.00283342126476,0.0,229.46032925534044,243.65625,331.90867904821505,100.0,0.0,6.53125,0.0,0.0,106.10000000000157,274.20999999999816,1048.6441522393422,0.03856658007983619,100.0,1.0,5.9497193886607915
195,2047,11,15,2.797545246119503E18,45.91864997585923,0.002216712075309549,0.0,8.463019106754528,0.0,806.4082929949084,370.0211693548387,100.5815362849942,100.0,0.0,5.404233870967742,0.0,0.0,88.0,0.0,1083.0085813359208,0.1340240482053606,100.0,1.0,6.016892518865538
197,2047,11,15,4.974214387304059E17,46.295800478761905,0.0033333025560375413,0.0,32.29329792173151,0.0,869.594814025525,373.7983870967742,503.74287633550665,100.0,0.0,4.959677419354839,0.0,0.0,88.0,0.0,1055.123183825049,0.14334818580006875,100.0,1.0,6.066311960434367
191,2047,11,16,6.492828447697523E18,46.42371823039338,0.0050468225426619825,0.0,12.734534884895536,0.0,950.2665420636565,382.30645161290323,160.85285730980846,100.0,0.0,5.161290322580645,0.0,0.0,88.0,0.0,1098.8742241010568,0.15621487094350162,100.0,1.0,6.083073502056922
192,2047,11,16,1.0005304447219302E18,46.02046718623111,0.00897325048085301,0.0,28.14627729437242,0.0,804.1134580881992,373.5493951612903,415.60116529890905,100.0,0.0,4.609879032258065,0.0,0.0,88.0,0.0,1059.1855186188968,0.13334697408101456,100.0,1.0,6.030234008907187
194,2047,11,16,4.281117921937587E18,46.46427313607783,0.00897325048085301,0.0,47.328430415044586,0.0,864.6852239877337,375.2278225806452,965.7926968847778,100.0,0.0,4.945564516129032,0.0,0.0,88.0,0.0,1074.216272773548,0.14202204032303975,100.0,1.0,6.088387563091916
198,2047,11,16,7.278710821350941E18,46.458567373569686,0.0030878356782013078,0.0,22.65791927633492,0.0,861.2523671001123,372.4405241935484,321.6340535431757,100.0,0.0,4.388104838709677,0.0,0.0,88.0,0.0,1096.395827595782,0.14147557658290233,100.0,1.0,6.087639915681367
183,2047,11,16,6.605295447056412E18,46.81309915959071,0.00897325048085301,0.0,32.703132619513724,0.0,868.38591678592,371.0695564516129,543.8327970650239,100.0,0.0,4.113911290322581,0.0,0.0,88.0,0.0,1117.528069326606,0.1415670673564706,100.0,1.0,6.1340955421453724
187,2047,11,16,8.507560024639921E18,47.033886759973356,0.003173002291673619,0.0,39.46006957339342,0.0,806.8998583363142,380.86995967741933,655.8813125590847,100.0,0.0,4.873991935483871,0.0,0.0,88.0,0.0,1005.4837404412528,0.13092591795024192,100.0,1.0,6.163026167538307
188,2047,11,16,5.859174576972996E18,46.294364952304385,0.005081115787572489,0.0,24.64083888682533,0.0,745.7351056746521,381.31854838709677,337.7840958324982,100.0,0.0,4.963709677419355,0.0,0.0,88.0,0.0,1030.877194089971,0.12293436849089703,100.0,1.0,6.066123858031384
189,2047,11,16,1.481964993321812E18,46.4621765619456,0.003303847747000375,0.0,40.87074419967453,0.0,871.2820923134135,374.4465725806452,724.3250648422122,100.0,0.0,4.789314516129032,0.0,0.0,88.0,0.0,1047.2244259044571,0.1431120143545917,100.0,1.0,6.088112841138685
190,2047,11,16,2.9539370702862316E18,46.216412149956575,0.00897325048085301,0.0,19.572353980070645,0.0,798.4972202567204,376.91129032258067,277.5272415707099,100.0,0.0,5.282258064516129,0.0,0.0,88.0,0.0,1138.7649813732362,0.13185422140733705,100.0,1.0,6.055909410665922
181,2047,11,16,6.307363977605812E18,46.78544391275286,0.0036595638176399074,0.0,17.04544716761831,0.0,807.2304358990608,372.82358870967744,221.99187330412067,100.0,0.0,4.464717741935484,0.0,0.0,88.0,0.0,1078.244239069834,0.1316750922218926,100.0,1.0,6.130471771675348
199,2047,11,16,8.617806463867117E18,46.52395824462846,0.002791926098585264,0.0,30.282564210821093,0.0,872.0075797934177,375.94354838709677,509.1545342477007,100.0,0.0,5.088709677419355,0.0,0.0,88.0,0.0,1171.1783471507952,0.14304097450993394,100.0,1.0,6.096208326187391
193,2047,11,17,2.861374886328272E18,47.40120283601506,0.0027763770052144266,0.0,40.65893642533964,0.0,810.8040449257171,379.1340725806452,739.7324411227683,100.0,0.0,4.226814516129032,0.0,0.0,88.0,0.0,1078.7968867924899,0.1305399379192569,100.0,1.0,6.211156967358337
196,2047,11,17,4.898742477016446E18,46.82766285410311,0.005127571703344595,0.0,35.90268632811932,0.0,955.8321494020213,385.5171370967742,652.753757090551,100.0,0.0,4.303427419354839,0.0,0.0,88.0,0.0,1164.459362568782,0.15577437180284157,100.0,1.0,6.136003877529907
184,2047,11,17,3.1730362057635645E18,47.44056576685568,0.0036124196782822264,0.0,9.494263834600122,0.0,877.904850370099,382.71975806451616,117.47412841024848,100.0,0.0,3.743951612903226,0.0,0.0,88.0,0.0,1116.9817166895764,0.14122593096410982,100.0,1.0,6.2163148394695575
185,2047,11,17,3.0688222562761073E18,47.172496483734136,0.00897325048085301,0.0,24.304235995484387,0.0,880.7316208057131,377.51612903225805,369.17425136417074,100.0,0.0,3.903225806451613,0.0,0.0,88.0,0.0,1148.1292825422931,0.14248580021538762,100.0,1.0,6.181188718274814
186,2047,11,17,4.898224502314156E18,47.12293814976167,0.002426514462101963,0.0,29.529991185179284,0.0,802.9769480590656,382.1834677419355,436.1364559259019,100.0,0.0,4.836693548387097,0.0,0.0,88.0,0.0,1039.7506008680464,0.13004317792191494,100.0,1.0,6.174694904343364
180,2047,11,17,5.096996787781837E17,46.877731833747404,0.004034734928441108,0.0,2.9044404370476653,0.0,876.2683711308048,382.7530241935484,34.100433723971214,100.0,0.0,4.950604838709677,0.0,0.0,88.0,0.0,1129.1709227450035,0.1426551331122663,100.0,1.0,6.1425646032743995
182,2047,11,17,8.834479670273441E18,47.26290287684629,0.00897325048085301,0.0,24.378937565955326,0.0,952.913127091106,385.3054435483871,350.6686203122315,100.0,0.0,4.261088709677419,0.0,0.0,88.0,0.0,1086.3423466950119,0.1538685194144196,100.0,1.0,6.193035006235363
192,2048,3,1,1.0005304447219302E18,52.97802647721132,0.00897325048085301,0.0,8.95990319345341,0.0,43.49999999999999,253.56854838709677,159.76684713259527,100.0,0.0,6.713709677419355,0.0,0.0,106.30000000000184,612.2165847593111,1618.0622454717677,0.006281738443341354,100.0,1.0,6.924834644478076
183,2048,3,1,6.605295447056412E18,52.90277587741679,0.006818579392745485,0.0,20.763351393197656,0.0,69.59999999999933,254.38004032258064,407.6656793851597,100.0,0.0,6.876008064516129,0.0,0.0,106.30000000000184,621.8214620190444,1553.4517125438865,0.010065078062304568,100.0,1.0,6.914998529486144
193,2048,3,2,2.861374886328272E18,52.968538953450306,0.00897325048085301,0.0,41.8306723147556,0.0,81.19999999999848,253.48790322580646,872.3385942079934,100.0,0.0,6.69758064516129,0.0,0.0,106.30000000000184,618.726265953106,1212.1939703806313,0.011728012061735994,100.0,1.0,6.923594516492948
188,2048,3,2,5.859174576972996E18,53.29667369590675,0.00897325048085301,0.0,24.24111665684645,0.0,95.69999999999828,254.92237903225808,400.1673469970685,100.0,0.0,6.684475806451613,0.0,0.0,106.30000000000184,614.7724091916918,1249.1682140020266,0.01373719936896509,100.0,1.0,6.9664854843850135
189,2048,3,2,1.481964993321812E18,53.37512775841923,0.00897325048085301,0.0,23.864405401079726,0.0,37.70000000000009,256.0967741935484,474.1978347161015,100.0,0.0,6.919354838709677,0.0,0.0,106.30000000000184,613.9068425419572,1510.9007810304192,0.005403669654333717,100.0,1.0,6.976740328632945
190,2048,3,2,2.9539370702862316E18,52.95010928877162,0.007428187484149847,0.0,9.116876013131403,0.0,95.69999999999828,256.1471774193548,151.70497043972057,100.0,0.0,6.929435483870968,0.0,0.0,106.30000000000184,621.4526402068259,1506.5183271127248,0.013827110880366075,100.0,1.0,6.921185548304839
181,2048,3,2,6.307363977605812E18,53.7733021406125,0.00897325048085301,0.0,28.58293113588566,0.0,87.00000000000001,254.76612903225808,417.663627608776,100.0,0.0,6.653225806451613,0.0,0.0,106.30000000000184,614.9241493033854,1042.4580600745746,0.012377670417339344,100.0,1.0,7.028786279373336
191,2048,3,3,6.492828447697523E18,54.01473490434351,0.00897325048085301,0.0,12.067616881949785,0.0,81.19999999999848,263.71774193548384,172.50431373565795,100.0,0.0,6.943548387096774,0.0,0.0,143.0,608.8997476834837,1253.95638323933,0.011500855550596129,100.0,1.0,7.060344305932058
194,2048,3,3,4.281117921937587E18,55.46776668606474,0.00897325048085301,0.0,32.373302778442984,0.0,46.400000000000844,257.84576612903226,765.8066926463171,100.0,0.0,5.769153225806452,0.0,0.0,143.0,620.1296125787784,1598.4891294336114,0.0063997597251088546,100.0,1.0,7.250272196619323
195,2048,3,3,2.797545246119503E18,54.37750192338679,0.00897325048085301,0.0,-20.550491132390906,0.0,75.40000000000018,261.09173387096774,-291.525341114684,100.0,0.0,6.418346774193548,0.0,0.0,143.0,611.5457176987163,1712.6855873133482,0.010608120930995212,100.0,1.0,7.107762108904093
196,2048,3,3,4.898742477016446E18,53.583121409304844,0.00897325048085301,0.0,-155.0828128051005,0.0,46.400000000000844,255.62298387096774,-3146.9996114186497,100.0,0.0,6.824596774193548,0.0,0.0,106.30000000000184,608.3682495150811,5177.178240524148,0.00662485443070081,100.0,1.0,7.003927480274071
198,2048,3,3,7.278710821350941E18,53.964676715911565,0.00897325048085301,0.0,6.243505175313983,0.0,63.800000000001134,262.7046370967742,98.00740873616307,100.0,0.0,6.740927419354839,0.0,0.0,143.0,612.1576922707504,1463.8985171635063,0.009044768748980546,100.0,1.0,7.053801127551455
184,2048,3,3,3.1730362057635645E18,54.15377739663079,0.006559393626354533,0.0,-33.054177538479756,0.0,72.49999999999999,257.4243951612903,-446.5711622488438,100.0,0.0,5.984879032258065,0.0,0.0,143.0,618.0575209792795,1798.9764037290417,0.010242255836769517,100.0,1.0,7.078518751672485
185,2048,3,3,3.0688222562761073E18,53.54793663494249,0.00897325048085301,0.0,1.1060949407892915,0.0,87.00000000000001,255.08366935483872,19.823961705126088,100.0,0.0,6.716733870967742,0.0,0.0,106.30000000000184,615.2736987502229,1720.7086485229327,0.012429763926966765,100.0,1.0,6.999328427408888
187,2048,3,3,8.507560024639921E18,54.214496628714116,0.00897325048085301,0.0,15.320940190578153,0.0,104.39999999999851,260.320564516129,284.98421957311996,100.0,0.0,6.264112903225806,0.0,0.0,143.0,621.7436466770012,1572.038819085787,0.014732329967907068,100.0,1.0,7.086455450524367
180,2048,3,3,5.096996787781837E17,54.18764084414438,0.00897325048085301,0.0,-9.703362832261357,0.0,87.00000000000001,260.4334677419355,-136.12524787148064,100.0,0.0,6.586693548387097,0.0,0.0,143.0,618.5466150959729,1543.8986385522085,0.012283026180506517,100.0,1.0,7.082945091989732
199,2048,3,3,8.617806463867117E18,53.60897877860739,0.00897325048085301,0.0,12.071987223369629,0.0,104.39999999999851,263.9899193548387,239.52945979295797,100.0,0.0,6.997983870967742,0.0,0.0,143.0,605.8151612696627,1740.1726708548217,0.014898732853626442,100.0,1.0,7.007307334501734
197,2048,3,4,4.974214387304059E17,54.874604330858524,0.011691531571144022,0.0,33.83139543532215,0.0,84.10000000000043,263.8719758064516,675.3604233561392,100.0,0.0,6.674395161290323,0.0,0.0,143.0,616.4507611261186,1319.550919198065,0.011724949004903295,100.0,1.0,7.172739085247227
182,2048,3,4,8.834479670273441E18,54.691009745929236,0.01154115817473061,0.0,14.95375716312272,0.0,75.40000000000018,258.39516129032256,247.7724077143919,100.0,0.0,5.879032258064516,0.0,0.0,143.0,607.7855396829514,1406.5798213433916,0.01054731150528166,100.0,1.0,7.148741170889185
186,2048,3,5,4.898224502314156E18,55.59987528802488,0.04755822754852106,0.0,23.9753251210613,0.0,60.900000000000986,263.6703629032258,430.0375115124811,100.0,0.0,6.634072580645161,0.0,0.0,143.0,610.5217436091043,1362.051815145401,0.008379726490219518,100.0,1.0,7.267540303502869
199,2048,7,9,8.617806463867117E18,43.6490182511661,0.0030709276115171193,0.0,25.183536986588177,0.0,146.7519274097947,234.72782258064515,405.5030340742573,100.0,0.0,5.945564516129032,0.0,0.0,106.39999999999843,275.0,1202.4288083116796,0.025784865057978616,100.0,1.0,5.691397921990877
195,2048,7,10,2.797545246119503E18,44.07313453545462,0.0016046585266189177,0.0,-22.782192709903192,0.0,273.69126761563524,237.08467741935485,-261.1026548891277,100.0,0.0,6.116935483870968,0.0,0.0,106.39999999999843,476.05441729165284,1410.1252705004017,0.04762582709757636,100.0,1.0,5.746698467931975
187,2048,7,10,8.507560024639921E18,45.36364947765341,0.007816420279488692,0.0,13.693967436230878,0.0,241.2202041453677,236.3891129032258,210.81399903259825,100.0,0.0,5.977822580645161,0.0,0.0,106.39999999999843,484.21132624657236,1323.717763166094,0.040781314828288055,100.0,1.0,5.91496878315568
189,2048,7,10,1.481964993321812E18,44.31860301544526,0.0012025261968444112,0.0,33.44582072021936,0.0,102.36754174661449,236.8477822580645,550.5379375707892,100.0,0.12096774193548387,6.069556451612903,0.0,0.0,106.39999999999843,275.0,1093.6825705254746,0.017714615935410315,87.90322580645162,1.0,5.778705116716007
193,2048,7,11,2.861374886328272E18,44.580384410336535,0.002190734980677012,0.0,43.11603931291861,0.0,137.97527711227784,237.99495967741936,747.5751442431673,100.0,0.12096774193548387,5.998991935483871,0.0,0.0,106.39999999999843,275.0,985.033725362296,0.02373629850823227,87.90322580645162,1.0,5.812838807382919
198,2048,7,11,7.278710821350941E18,44.467730521423675,0.0031287484242862717,0.0,16.667586650845646,0.0,205.93673278842886,237.8084677419355,214.56897078788552,100.0,0.0,5.961693548387097,0.0,0.0,106.39999999999843,275.0,1069.3011671217394,0.0355176630032111,100.0,1.0,5.79814986053025
183,2048,7,11,6.605295447056412E18,45.005998537085325,0.002491185586022503,0.0,14.50803495889131,0.0,316.35917497256276,239.30040322580646,239.74612096908956,100.0,0.0,6.26008064516129,0.0,0.0,106.39999999999843,480.8904815954731,1407.890993849069,0.053909531998241896,100.0,1.0,5.868334657085874
184,2048,7,11,3.1730362057635645E18,44.112568396266035,0.0010182989651444678,0.0,-11.682506481764786,0.0,167.38728812557216,238.4889112903226,-127.74011447894435,100.0,0.12096774193548387,6.097782258064516,0.0,0.0,106.39999999999843,275.0,1226.6732637478763,0.029101518959861853,87.90322580645162,1.0,5.751840251240506
185,2048,7,11,3.0688222562761073E18,44.73424029008614,0.0026009421683632,0.0,10.978641266145276,0.0,151.63108367527747,238.5897177419355,158.26191907079235,100.0,0.0,6.117943548387097,0.0,0.0,106.39999999999843,275.0,1277.7086007811613,0.02599583080261865,100.0,1.0,5.8329000841166865
188,2048,7,11,5.859174576972996E18,44.55676800399035,0.001938904598282851,0.0,28.131316184815656,0.0,231.78869588144758,237.89415322580646,383.5642332629918,100.0,0.0,5.97883064516129,0.0,0.0,106.39999999999843,274.82999999999515,978.1583276111988,0.03989643587894818,100.0,1.0,5.809759462843487
181,2048,7,11,6.307363977605812E18,44.19538949904977,0.0018851366556413896,0.0,23.5880270598682,0.0,125.33355524704065,238.84173387096774,282.84521951410363,100.0,0.0,6.168346774193548,0.0,0.0,106.39999999999843,275.0,914.2540071491968,0.02174933198735136,100.0,1.0,5.762639299447459
191,2048,7,12,6.492828447697523E18,44.635742822633276,0.0010187614079079288,0.0,17.577336826248327,0.0,212.4311066967376,239.40423387096774,207.1791790020009,100.0,0.12096774193548387,5.980846774193548,0.0,0.0,106.39999999999843,275.0,968.6958486367507,0.036499832720078375,87.90322580645162,1.0,5.820056993846998
192,2048,7,12,1.0005304447219302E18,44.70090876294916,0.005693686853333158,0.0,20.42849060385411,0.0,260.29520344740513,239.48487903225808,303.30364519173514,100.0,0.12096774193548387,5.996975806451613,0.0,0.0,106.39999999999843,275.0,1178.1109501895626,0.04465862444484051,87.90322580645162,1.0,5.8285539844359775
194,2048,7,12,4.281117921937587E18,45.06644190380362,0.001681013578278955,0.0,40.6031662584358,0.0,106.56052219800635,240.6139112903226,778.691861287833,100.0,0.12096774193548387,6.222782258064516,0.0,0.0,106.39999999999843,275.0,1137.5275932063716,0.018134208227980068,87.90322580645162,1.0,5.8762158710403165
197,2048,7,12,4.974214387304059E17,45.74704549557587,0.003303847747000375,0.0,40.20555986998355,0.0,211.98648001874707,241.97479838709677,667.4879871294373,100.0,0.0030241935483870967,6.494959677419355,0.0,0.0,106.39999999999843,275.0,991.5108756494643,0.03553862670076896,99.69758064516128,1.0,5.964959811296262
186,2048,7,12,4.898224502314156E18,44.88300610241858,0.002714231845388089,0.0,30.882003728752817,0.0,238.27866982748438,240.66431451612902,446.2171282047085,100.0,0.0,6.232862903225806,0.0,0.0,106.39999999999843,275.0,996.890133246639,0.040715405025324274,100.0,1.0,5.852297666676266
190,2048,7,12,2.9539370702862316E18,45.049133873788726,0.00897325048085301,0.0,17.294002317573575,0.0,239.81443051245546,240.15020161290323,241.541007843561,100.0,0.0,6.130040322580645,0.0,0.0,106.39999999999843,271.86999999999676,1151.7076435001525,0.04082671115135488,100.0,1.0,5.8739590760422296
180,2048,7,12,5.096996787781837E17,45.1483483477568,0.0012778767417905225,0.0,2.9113332215789196,0.0,155.33720887763977,241.0977822580645,34.318563265349525,100.0,0.0,6.319556451612903,0.0,0.0,106.39999999999843,275.0,1124.0330549175776,0.026386947880990618,100.0,1.0,5.886895656831384
182,2048,7,12,8.834479670273441E18,45.47827905895961,0.006756965723533918,0.0,21.89415744575136,0.0,196.3812444784341,239.66633064516128,297.9655727009382,100.0,0.0,6.033266129032258,0.0,0.0,106.39999999999843,275.0,1060.604662693416,0.03311704015945046,100.0,1.0,5.929915340649598
196,2048,7,13,4.898742477016446E18,44.83473404434426,0.007355123344961504,0.0,-69.84100328182977,0.0,352.1639245915488,242.88508064516128,-1169.9787497159077,100.0,0.0,6.377016129032258,0.0,0.0,106.39999999999843,275.0,2847.572789792592,0.06024011555563117,100.0,1.0,5.8460034703341295
195,2048,11,13,2.797545246119503E18,45.45946614790882,0.0030730309865934983,0.0,6.610076528675028,0.0,735.5212764606111,368.9899193548387,78.53196460166433,100.0,0.0,5.497983870967742,0.0,0.0,88.0,0.0,1103.7203023243117,0.12439280221518324,100.0,1.0,5.9128925738665785
188,2048,11,14,5.859174576972996E18,45.999410998209015,0.00248842220766861,0.0,27.148200380305337,0.0,799.5363611467326,375.69858870967744,381.04527540727787,100.0,0.0,5.339717741935484,0.0,0.0,88.0,0.0,1021.3111512677036,0.13363194545560123,100.0,1.0,5.983122960762222
180,2048,11,14,5.096996787781837E17,45.78417081265093,0.0029693085641472657,0.0,3.418405033100413,0.0,870.2905003400875,375.7288306451613,40.43979671865117,100.0,0.0,5.345766129032258,0.0,0.0,88.0,0.0,1131.3375078773472,0.1461413895325946,100.0,1.0,5.955126765412221
191,2048,11,15,6.492828447697523E18,46.34942291430042,0.00897325048085301,0.0,7.8893271062833845,0.0,866.6855711600688,378.17641129032256,96.50193520392574,100.0,0.0,5.535282258064516,0.0,0.0,88.0,0.0,1121.5166592511844,0.14376116306807304,100.0,1.0,6.0286488552522375
193,2048,11,15,2.861374886328272E18,46.035113581564545,0.002516334963783795,0.0,38.459732374499545,0.0,802.6970503330637,376.56350806451616,686.7728314238506,100.0,0.0,5.212701612903226,0.0,0.0,88.0,0.0,1097.9760969050697,0.1340561648166302,100.0,1.0,5.987766779924215
194,2048,11,15,4.281117921937587E18,46.42603977508402,0.006328103301024723,0.0,43.858901541580046,0.0,872.1475086256962,376.7903225806452,864.0219909133306,100.0,0.0,5.258064516129032,0.0,0.0,88.0,0.0,1105.1552142843127,0.1444284159040263,100.0,1.0,6.038614376309744
196,2048,11,15,4.898742477016446E18,46.15376100552504,0.004963081018170923,0.0,32.207467166548184,0.0,940.7232416414922,376.7953629032258,555.2318173735136,100.0,0.0,5.259072580645161,0.0,0.0,88.0,0.0,1167.4717777420428,0.1567036526135578,100.0,1.0,6.0031991976688746
183,2048,11,15,6.605295447056412E18,46.216147019738365,0.0037734442728566153,0.0,29.591798259402648,0.0,807.4808747474717,375.32862903225805,499.87706102453,100.0,0.0,4.965725806451613,0.0,0.0,88.0,0.0,1187.9039144529088,0.13432685641039288,100.0,1.0,6.01131371883275
184,2048,11,15,3.1730362057635645E18,47.136882854009556,0.0018859290628106377,0.0,3.619146756046826,0.0,797.4482443238019,380.54233870967744,42.80376263318388,100.0,0.0,4.808467741935484,0.0,0.0,88.0,0.0,1128.5847891066617,0.13006666038842687,100.0,1.0,6.1310734199089
186,2048,11,15,4.898224502314156E18,46.97115298436019,0.0031573717385126815,0.0,31.215314260075537,0.0,869.8096131956744,374.1391129032258,470.6534553333044,100.0,0.0,4.727822580645161,0.0,0.0,88.0,0.0,1035.8810482642316,0.14236961970361683,100.0,1.0,6.1095170093621975
189,2048,11,15,1.481964993321812E18,46.7364402889608,0.003632894931519444,0.0,39.38334722707525,0.0,743.7704993469064,371.69959677419354,681.5662648148563,100.0,0.0,4.23991935483871,0.0,0.0,88.0,0.0,1048.094029481544,0.12235103857287591,100.0,1.0,6.078988033304634
190,2048,11,15,2.9539370702862316E18,46.65452756178793,0.00897325048085301,0.0,19.666162535791504,0.0,866.1214142197289,381.1219758064516,283.38099539283957,100.0,0.0,4.924395161290323,0.0,0.0,88.0,0.0,1155.9715107898548,0.14272804689280336,100.0,1.0,6.068333681257713
181,2048,11,15,6.307363977605812E18,46.90982668810055,0.00897325048085301,0.0,15.734710341773198,0.0,789.6721235989725,372.5766129032258,199.7980827184044,100.0,0.0,4.415322580645161,0.0,0.0,88.0,0.0,1067.70259279714,0.12942176589936064,100.0,1.0,6.101540325241951
182,2048,11,15,8.834479670273441E18,46.58071700914199,0.00897325048085301,0.0,19.920456864416117,0.0,877.3881844180457,377.0725806451613,276.9466072090538,100.0,0.0,5.314516129032258,0.0,0.0,88.0,0.0,1111.1363726510992,0.144813801666119,100.0,1.0,6.05873317545341
199,2048,11,15,8.617806463867117E18,46.552993972223064,0.002568188460461662,0.0,32.37672653214137,0.0,688.0041611825358,375.101814516129,554.2705765347772,100.0,0.0,4.920362903225806,0.0,0.0,88.0,0.0,1156.4219549322695,0.11362340253298561,100.0,1.0,6.055127252352822
192,2048,11,16,1.0005304447219302E18,47.44703480542673,0.0030878356782013078,0.0,31.370952064002807,0.0,870.4162001552697,378.68548387096774,492.5177940937149,100.0,0.0,4.137096774193548,0.0,0.0,88.0,0.0,1076.0400169898242,0.1410399780130814,100.0,1.0,6.171414746495062
197,2048,11,16,4.974214387304059E17,47.080219101197734,0.00380544973742707,0.0,36.445019994197466,0.0,883.7466764294921,377.77620967741933,621.1793680600479,100.0,0.0,5.155241935483871,0.0,0.0,88.0,0.0,1081.9698485032015,0.1443157267591333,100.0,1.0,6.123703190744335
198,2048,11,16,7.278710821350941E18,47.06056734651432,0.002130401348730546,0.0,16.68718036100741,0.0,804.3398190720978,381.0695564516129,226.58679016071207,100.0,0.0,4.613911290322581,0.0,0.0,88.0,0.0,1128.8038352988865,0.1314034455456734,100.0,1.0,6.1211470957397704
185,2048,11,16,3.0688222562761073E18,47.13529358425542,0.00897325048085301,0.0,22.37772610369809,0.0,807.3164282304449,380.1975806451613,338.2732023826485,100.0,0.0,4.439516129032258,0.0,0.0,88.0,0.0,1171.0521283368862,0.13168063622464923,100.0,1.0,6.13086670429774
187,2048,11,16,8.507560024639921E18,46.88700898073954,0.0028342547317918676,0.0,37.06215125425317,0.0,757.1260592762557,376.133064516129,586.7327887495914,100.0,0.0,4.826612903225806,0.0,0.0,88.0,0.0,995.4316233494202,0.12414808009572101,100.0,1.0,6.098572436178587
196,2049,3,1,4.898742477016446E18,53.53959127337969,0.00897325048085301,0.0,-136.35724765312472,0.0,98.60000000000124,253.4375,-2857.9757429091887,100.0,0.0,6.6875,0.0,0.0,106.60000000000159,612.7025608780198,4955.009931045769,0.014193669087990139,100.0,1.0,6.946759107088869
188,2049,3,1,5.859174576972996E18,52.68841165905177,0.005121718310989157,0.0,21.336024699969695,0.0,46.400000000000844,254.66229838709677,352.5925677489776,100.0,0.0,6.932459677419355,0.0,0.0,106.60000000000159,609.6131310925506,1298.1713135567768,0.0067872787579315455,100.0,1.0,6.836318597608544
181,2049,3,1,6.307363977605812E18,53.01510545765298,0.00897325048085301,0.0,24.89583056706026,0.0,43.49999999999999,252.6008064516129,348.256209028026,100.0,0.0,6.520161290322581,0.0,0.0,106.60000000000159,612.5300131630296,1049.1841858699242,0.006323862807983319,100.0,1.0,6.878707100521706
182,2049,3,1,8.834479670273441E18,53.73538085527979,0.00897325048085301,0.0,21.037339394795865,0.0,72.49999999999999,253.1804435483871,340.27160441142007,100.0,0.0,6.636088709677419,0.0,0.0,106.60000000000159,619.2480205518691,1275.5054378174584,0.010398495005487724,100.0,1.0,6.972162794879324
191,2049,3,2,6.492828447697523E18,52.83295428774279,0.00897325048085301,0.0,14.160759528976783,0.0,87.00000000000001,256.883064516129,195.80428909042928,100.0,0.0,7.076612903225806,0.0,0.0,106.60000000000159,606.5793370662748,1184.3459696196396,0.01269133093860492,100.0,1.0,6.8550729959582455
180,2049,3,2,5.096996787781837E17,54.62018888474041,0.005425181669197724,0.0,-5.992950013133908,0.0,101.50000000000001,260.02520161290323,-86.21170536990711,100.0,0.0,6.505040322580645,0.0,0.0,143.0,616.054520572895,1531.8572974375927,0.014322065543731582,100.0,1.0,7.086966589426346
192,2049,3,3,1.0005304447219302E18,52.696571103794945,0.00897325048085301,0.0,9.431120635331403,0.0,66.6999999999988,257.2711693548387,168.33115028068428,100.0,0.0,7.154233870967742,0.0,0.0,106.60000000000159,606.5763759327828,1609.5619555478245,0.009755202502146272,100.0,1.0,6.837377285128004
193,2049,3,3,2.861374886328272E18,54.66660557570142,0.006934505781184724,0.0,35.995652608174446,0.0,84.10000000000043,262.1653225806452,794.6774712013689,100.0,0.0,6.633064516129032,0.0,0.0,143.0,606.7894390012871,1411.8496834450618,0.011856778318798198,100.0,1.0,7.092989152598478
194,2049,3,3,4.281117921937587E18,54.414340494709904,0.004038366553039159,0.0,23.450882060373967,0.0,57.99999999999999,261.33870967741933,541.7244849715938,100.0,0.0,6.467741935483871,0.0,0.0,143.0,615.7185537154901,1766.171830045333,0.00821499750781219,100.0,1.0,7.060257771818423
195,2049,3,3,2.797545246119503E18,54.574610859799066,0.00897325048085301,0.0,-35.999959490727335,0.0,66.6999999999988,261.35887096774195,-477.36524030003926,100.0,0.0,6.471774193548387,0.0,0.0,143.0,614.9165769279529,1804.6808712968896,0.009419503211976953,100.0,1.0,7.081052843125459
198,2049,3,3,7.278710821350941E18,53.29788481542846,0.00897325048085301,0.0,5.743987801142942,0.0,75.40000000000018,257.9717741935484,83.82699072485968,100.0,0.0,7.294354838709677,0.0,0.0,106.60000000000159,612.9201205220338,1366.2287218894076,0.010903205165302457,100.0,1.0,6.9153977070841055
183,2049,3,3,6.605295447056412E18,55.028839404686195,0.00897325048085301,0.0,16.784159563328526,0.0,107.30000000000186,261.71673387096774,354.0735684779137,100.0,0.0,6.543346774193548,0.0,0.0,143.0,607.8100248001252,1752.861270263159,0.015028034414681262,100.0,1.0,7.139988972555041
184,2049,3,3,3.1730362057635645E18,54.68750131913832,0.004908780350576058,0.0,-22.63191545926023,0.0,78.30000000000146,256.95362903225805,-317.32707007131694,100.0,0.0,5.590725806451613,0.0,0.0,143.0,609.1857703438349,1721.7091126973844,0.011034851511596831,100.0,1.0,7.095700374192967
186,2049,3,3,4.898224502314156E18,54.56111226416876,0.00897325048085301,0.0,21.584558090039458,0.0,57.99999999999999,261.3891129032258,384.63696463985923,100.0,0.0,6.477822580645161,0.0,0.0,143.0,617.0546428457608,1395.6379609897076,0.00819289880655251,100.0,1.0,7.079301401063664
187,2049,3,3,8.507560024639921E18,54.674889233365725,0.00897325048085301,0.0,1.228981080225474,0.0,78.30000000000146,257.9032258064516,22.226528475814582,100.0,0.0,6.080645161290323,0.0,0.0,143.0,614.1228925271018,1744.101451083537,0.011037396967028084,100.0,1.0,7.094063956737838
189,2049,3,3,1.481964993321812E18,54.978047418756525,0.00897325048085301,0.0,19.363590940097115,0.0,72.49999999999999,256.98387096774195,397.8659016944029,100.0,0.0,5.596774193548387,0.0,0.0,143.0,616.3958749255405,1654.675852538235,0.010163458246990718,100.0,1.0,7.13339871509448
190,2049,3,3,2.9539370702862316E18,54.82951243263308,0.004871471487976675,0.0,4.897029274630319,0.0,49.300000000000615,260.21975806451616,88.93257963375613,100.0,0.0,6.243951612903226,0.0,0.0,143.0,606.0308421889778,1718.5275761274856,0.006929874149202809,100.0,1.0,7.1141263085812225
197,2049,3,4,4.974214387304059E17,54.47218933287688,0.0032917279827047096,0.0,31.81560642677022,0.0,66.6999999999988,261.19254032258067,607.6173567152541,100.0,0.0,6.438508064516129,0.0,0.0,143.0,611.8867165793961,1300.8419208602907,0.009437214266253189,100.0,1.0,7.067763655479697
199,2049,3,4,8.617806463867117E18,55.07670341682221,0.00897325048085301,0.0,10.261264258188536,0.0,95.69999999999828,261.1653225806452,209.45245473983326,100.0,0.0,6.133064516129032,0.0,0.0,143.0,617.1981903408889,1826.7719399483933,0.01339173393296501,100.0,1.0,7.146199325572303
185,2049,3,5,3.0688222562761073E18,55.35810125582893,0.02871440153872973,0.0,-5.982334115581173,0.0,55.099999999999056,263.7409274193548,-108.7642259180337,100.0,0.0,6.648185483870968,0.0,0.0,143.0,609.6888965949944,1936.344750340457,0.007671198584162048,100.0,1.0,7.182710680148273
195,2049,7,11,2.797545246119503E18,44.08899369361204,0.0018062098391411132,0.0,-14.567757718605653,0.0,204.33753672722122,236.90826612903226,-155.13828514636648,100.0,0.0,6.081653225806452,0.0,0.0,106.69999999999816,270.75,1224.7979463081308,0.035807904707873366,100.0,1.0,5.706492418203177
199,2049,7,11,8.617806463867117E18,44.240389088454556,0.0012666926144625922,0.0,22.52414706155863,0.0,225.07606135720496,237.1048387096774,368.2248389869886,100.0,0.12096774193548387,6.120967741935484,0.0,0.0,106.69999999999816,275.0,1263.3556626107738,0.03930712779428861,87.90322580645162,1.0,5.726087709463953
197,2049,7,12,4.974214387304059E17,45.01055673864209,0.0013122624277351583,0.0,37.415357881441906,0.0,203.38787804866988,239.59274193548387,589.0560869653759,100.0,0.06653225806451613,6.318548387096774,0.0,0.0,106.69999999999816,275.0,984.0366361160749,0.03491175027302423,93.34677419354838,1.0,5.825771451104373
198,2049,7,12,7.278710821350941E18,44.731935325673646,0.00897325048085301,0.0,10.052521702680426,0.0,226.07882793812334,237.94959677419354,122.57108028304562,100.0,0.12096774193548387,5.98991935483871,0.0,0.0,106.69999999999816,275.0,1091.4445366486425,0.039048391283247726,87.90322580645162,1.0,5.789709140594331
183,2049,7,12,6.605295447056412E18,45.2608059895047,0.0019869908062119168,0.0,14.707675309607804,0.0,222.4411075138701,237.9798387096774,252.37751498610757,100.0,0.0,5.995967741935484,0.0,0.0,106.69999999999816,475.4604880986191,1459.01685749402,0.03797114620900197,100.0,1.0,5.858161517945831
185,2049,7,12,3.0688222562761073E18,45.23567480365575,0.0010522104222388659,0.0,9.518723740327527,0.0,221.13399182660663,239.07862903225808,141.02160418310964,100.0,0.0,6.215725806451613,0.0,0.0,106.69999999999816,275.0,1333.8135266714842,0.037768990256588884,100.0,1.0,5.854908757801099
188,2049,7,12,5.859174576972996E18,44.37163016148782,0.00897325048085301,0.0,26.29878102262497,0.0,163.69609197364383,239.37600806451613,361.60559258178955,100.0,0.03024193548387097,6.275201612903226,0.0,0.0,106.69999999999816,273.86999999999676,1011.3051427594664,0.028503216310655066,96.9758064516129,1.0,5.743074402184255
189,2049,7,12,1.481964993321812E18,44.053354184196266,0.004898062489548618,0.0,28.968445690788375,0.0,293.8213041964533,239.62802419354838,471.19862993662343,100.0,0.0,6.325604838709677,0.0,0.0,106.69999999999816,275.0,1153.035884919518,0.05153060521038064,100.0,1.0,5.701879552877134
190,2049,7,12,2.9539370702862316E18,45.568768207481426,0.00897325048085301,0.0,17.88494348398343,0.0,135.7983028946129,238.38810483870967,265.89694148742007,100.0,0.12096774193548387,6.077620967741935,0.0,0.0,106.69999999999816,275.0,1217.606993339834,0.02302438269620742,87.90322580645162,1.0,5.898021444760889
180,2049,7,12,5.096996787781837E17,44.569652401472965,0.0013645453894241218,0.0,3.75672802103423,0.0,241.45131176826732,238.1915322580645,44.30774853227188,100.0,0.0,6.038306451612903,0.0,0.0,106.69999999999816,275.0,1120.6628124637568,0.041855377570888884,100.0,1.0,5.768704663082547
181,2049,7,12,6.307363977605812E18,44.43482233188197,0.0014666967114830085,0.0,18.42647155916646,0.0,213.47164507603895,239.82459677419354,213.62815722663353,100.0,0.0,6.36491935483871,0.0,0.0,106.69999999999816,274.109999999993,943.0810071935542,0.037117412269076874,100.0,1.0,5.751253442144879
191,2049,7,13,6.492828447697523E18,45.738668817293636,0.002597930075522017,0.0,17.02850383464826,0.0,248.85195095505588,239.0514112903226,203.4084916978924,100.0,0.0,5.910282258064516,0.0,0.0,106.69999999999816,275.0,988.483402742627,0.04203571810934321,100.0,1.0,5.9200118886453375
192,2049,7,13,1.0005304447219302E18,45.18064117152917,0.0030751372449804807,0.0,20.72310862061013,0.0,207.91984426420225,242.00504032258064,312.53730014189205,100.0,0.12096774193548387,6.501008064516129,0.0,0.0,106.69999999999816,275.0,1192.830920778048,0.03555531193815396,87.90322580645162,1.0,5.847785687434402
193,2049,7,13,2.861374886328272E18,45.17562159389738,0.0034144788739927886,0.0,42.74711256176173,0.0,150.04130322364594,239.94354838709677,778.0836629079681,100.0,0.0,6.088709677419355,0.0,0.0,106.69999999999816,275.0,1040.8764507351837,0.02566064878454195,100.0,1.0,5.847135997357607
194,2049,7,13,4.281117921937587E18,44.97914937102405,0.002071387460954066,0.0,35.5605879503046,0.0,256.2099821839866,241.27923387096774,677.400748460363,100.0,0.06854838709677419,6.355846774193548,0.0,0.0,106.69999999999816,274.86999999999676,1225.6309938402908,0.04400943064962097,93.14516129032258,1.0,5.821706357071292
196,2049,7,13,4.898742477016446E18,45.02427601627211,0.0015050738813909813,0.0,-57.427844785215726,0.0,102.69662666028013,239.3891129032258,-998.6937304638635,100.0,0.12096774193548387,5.977822580645161,0.0,0.0,106.69999999999816,275.0,2740.2770749073948,0.017622616161893246,87.90322580645162,1.0,5.827547154000268
184,2049,7,13,3.1730362057635645E18,45.30882845670905,0.0013501731087651229,0.0,-4.982707986580815,0.0,164.9378488091579,240.37701612903226,-57.14730173966728,100.0,0.12096774193548387,6.175403225806452,0.0,0.0,106.69999999999816,275.0,1217.8256690233263,0.028125382338684436,87.90322580645162,1.0,5.864377124655042
186,2049,7,13,4.898224502314156E18,44.50023018891848,0.0011951585616479805,0.0,30.221703127027666,0.0,242.67487839129817,240.03931451612902,438.2545106848635,100.0,0.0,6.107862903225806,0.0,0.0,106.69999999999816,275.0,1010.1770785863251,0.04213310881809953,100.0,1.0,5.75971926113959
187,2049,7,13,8.507560024639921E18,44.405213339939465,0.0021283800950789938,0.0,17.596833032411915,0.0,265.4424818949177,241.47076612903226,249.9495498515885,100.0,0.0,6.394153225806452,0.0,0.0,106.69999999999816,275.0,1166.771877831217,0.04618462378627377,100.0,1.0,5.747421114076675
182,2049,7,13,8.834479670273441E18,45.140762651967265,0.0017733696602476358,0.0,21.8703234319342,0.0,173.9201167684522,239.7772177419355,293.6953608101241,100.0,0.0,6.055443548387097,0.0,0.0,106.69999999999816,275.0,1046.7745166374784,0.02976746611642059,100.0,1.0,5.842624161836632
193,2049,11,14,2.861374886328272E18,44.60355396506249,0.008293207468440901,0.0,38.25571284214524,0.0,865.3497421308606,370.491935483871,685.8552844175773,100.0,0.0,5.798387096774194,0.0,0.0,88.0,0.0,1105.6607954917738,0.150262613712718,100.0,1.0,5.758915812454144
190,2049,11,14,2.9539370702862316E18,46.26070939472853,0.003704892849237412,0.0,24.70106042759366,0.0,805.9106919546299,365.8346774193548,371.48701285813564,100.0,0.0,4.866935483870968,0.0,0.0,88.0,0.0,1130.8449567016662,0.1349283979105972,100.0,1.0,5.972876758594746
180,2049,11,14,5.096996787781837E17,45.15648712217289,0.0030920918266206265,0.0,3.3774291581406306,0.0,783.1009953727029,368.39012096774195,40.25585952690021,100.0,0.0,5.378024193548387,0.0,0.0,88.0,0.0,1137.1550633484833,0.13431557051545415,100.0,1.0,5.8303068837622245
199,2049,11,14,8.617806463867117E18,44.92033872989553,0.0027559123098442944,0.0,28.39558309727736,0.0,735.3511476245792,370.2852822580645,469.69305874400317,100.0,0.0,5.757056451612903,0.0,0.0,88.0,0.0,1182.8957163563744,0.12678868177854072,100.0,1.0,5.799816965594788
197,2049,11,15,4.974214387304059E17,46.482108665904086,0.0020092365608717013,0.0,33.38724293756483,0.0,802.530381556135,374.91229838709677,541.3238053988206,100.0,0.0,5.182459677419355,0.0,0.0,88.0,0.0,1079.209519311842,0.1337224716861539,100.0,1.0,6.001462367818557
184,2049,11,15,3.1730362057635645E18,45.445664642582976,0.00897325048085301,0.0,1.296169585254426,0.0,869.9221743144197,371.4778225806452,15.539534791526902,100.0,0.0,5.695564516129032,0.0,0.0,88.0,0.0,1145.785328249857,0.14825750126422207,100.0,1.0,5.867643572139117
185,2049,11,15,3.0688222562761073E18,46.09977215161979,0.00897325048085301,0.0,20.479782699590526,0.0,805.0550131347622,370.8578629032258,307.4498515457107,100.0,0.0,5.571572580645161,0.0,0.0,88.0,0.0,1191.8668782953525,0.13525568066335378,100.0,1.0,5.952097606447403
186,2049,11,15,4.898224502314156E18,45.875604274833364,0.004101119963826789,0.0,30.91000234497794,0.0,859.7141244573045,368.48387096774195,460.83870087725046,100.0,0.0,5.096774193548387,0.0,0.0,88.0,0.0,1028.6929490211842,0.1451446386618797,100.0,1.0,5.923154533182884
191,2049,11,16,6.492828447697523E18,46.17101641030951,0.003124390835951614,0.0,6.804153446351384,0.0,878.2881709989078,375.4092741935484,82.08963679566794,100.0,0.0,4.981854838709677,0.0,0.0,88.0,0.0,1118.1141376919202,0.14733174505078409,100.0,1.0,5.961296193811924
194,2049,11,16,4.281117921937587E18,46.7003086714761,0.0025652517097921827,0.0,41.911830875660705,0.0,868.6724415645477,378.17137096774195,826.4125123273978,100.0,0.0,5.534274193548387,0.0,0.0,88.0,0.0,1144.588071107302,0.14406717067782485,100.0,1.0,6.029634909032442
195,2049,11,16,2.797545246119503E18,47.22944390018272,0.0026930523652019967,0.0,0.2694318030863538,0.0,728.0487531803903,380.6431451612903,3.463543675693696,100.0,0.0,4.828629032258065,0.0,0.0,88.0,0.0,1139.573936325757,0.1193923127123741,100.0,1.0,6.097953349260597
198,2049,11,16,7.278710821350941E18,47.16807003213876,0.00897325048085301,0.0,9.703130912772597,0.0,793.6021270287782,375.6461693548387,124.32608916659699,100.0,0.0,5.029233870967742,0.0,0.0,88.0,0.0,1152.6621549780782,0.13031171214315143,100.0,1.0,6.090029161438549
183,2049,11,16,6.605295447056412E18,46.582681020504104,0.002099497070859391,0.0,30.70207894992596,0.0,793.7168907173175,375.03629032258067,539.8457830978497,100.0,0.0,4.907258064516129,0.0,0.0,88.0,0.0,1217.2057684993154,0.13196837729034516,100.0,1.0,6.014447604906528
187,2049,11,16,8.507560024639921E18,47.1335395968999,0.00897325048085301,0.0,33.94475427626837,0.0,849.8193582990051,374.76915322580646,509.61816143268663,100.0,0.0,4.85383064516129,0.0,0.0,88.0,0.0,990.4561169890699,0.13964497060741352,100.0,1.0,6.085570820077136
188,2049,11,16,5.859174576972996E18,46.737245431041124,0.002261403851021418,0.0,29.48119171298388,0.0,798.28454870888,378.7782258064516,425.68988510036297,100.0,0.0,4.455645161290323,0.0,0.0,88.0,0.0,1016.8646369490305,0.13228888168061162,100.0,1.0,6.034403939071755
189,2049,11,16,1.481964993321812E18,46.90390674976532,0.004415969724829254,0.0,38.1892583967932,0.0,786.0201049280239,374.335685483871,659.1999618663702,100.0,0.0,4.767137096774194,0.0,0.0,88.0,0.0,1065.8869463344824,0.12979362778761422,100.0,1.0,6.055922145994838
181,2049,11,16,6.307363977605812E18,47.18246121336,0.00897325048085301,0.0,11.2368672433239,0.0,798.9860454644287,374.0131048387097,137.99599363833346,100.0,0.0,4.702620967741935,0.0,0.0,88.0,0.0,1087.222454478673,0.1311557505822444,100.0,1.0,6.091887255552741
182,2049,11,16,8.834479670273441E18,47.298986412218575,0.0052908316514463545,0.0,20.452842726481894,0.0,870.6897837877191,378.59173387096774,286.98947995787034,100.0,0.0,4.418346774193548,0.0,0.0,88.0,0.0,1114.12044181159,0.14257400486135474,100.0,1.0,6.106932218355067
192,2049,11,17,1.0005304447219302E18,47.630503546295586,0.0034645754752328094,0.0,30.541361622248292,0.0,874.0980982309426,380.6965725806452,483.93826079530686,100.0,0.0,4.539314516129032,0.0,0.0,88.0,0.0,1099.1594979128092,0.14213588466307545,100.0,1.0,6.149735517550262
196,2049,11,17,4.898742477016446E18,47.46933420104696,0.00897325048085301,0.0,35.429001759634865,0.0,866.3255982410527,374.52520161290323,649.3185441217303,100.0,0.0,4.505040322580645,0.0,0.0,88.0,0.0,1182.3330670700632,0.14135030215674646,100.0,1.0,6.128926397910103
193,2050,3,2,2.861374886328272E18,53.30758067428247,0.00897325048085301,0.0,37.81104963104346,0.0,81.19999999999848,254.14818548387098,843.2100604684731,100.0,0.0,6.829637096774194,0.0,0.0,106.89999999999841,605.3146385763057,1385.8029507729939,0.011826690999347668,100.0,1.0,6.865825783769719
189,2050,3,2,1.481964993321812E18,52.47265304448299,0.004963081018170923,0.0,5.55016844798725,0.0,34.79999999999966,253.98185483870967,106.55488387436914,100.0,0.0,6.796370967741935,0.0,0.0,106.89999999999841,618.2006104600026,1801.9938046557097,0.00514923146748256,100.0,1.0,6.7582900904264935
180,2050,3,2,5.096996787781837E17,53.454698833877195,0.00897325048085301,0.0,-2.428506279904784,0.0,49.300000000000615,251.09879032258064,-33.50729185362314,100.0,0.0,6.219758064516129,0.0,0.0,106.89999999999841,616.0221060200121,1431.0838882560388,0.007160728798193694,100.0,1.0,6.8847740766884815
181,2050,3,2,6.307363977605812E18,52.36672089354452,0.00897325048085301,0.0,16.75302028329957,0.0,95.69999999999828,253.52822580645162,221.35063100474096,100.0,0.0,6.705645161290323,0.0,0.0,106.89999999999841,618.7952898129115,1097.0458780109645,0.014189031449335851,100.0,1.0,6.7446464081576005
195,2050,3,3,2.797545246119503E18,53.936426093346,0.004464303721817427,0.0,-36.30335365083686,0.0,57.99999999999999,254.18145161290323,-450.9765954661668,100.0,0.0,6.536290322580645,0.0,0.0,106.89999999999841,613.7534077201373,1694.5070210224435,0.008349145336750487,100.0,1.0,6.9468188252396335
197,2050,3,3,4.974214387304059E17,54.07128418598601,0.00897325048085301,0.0,35.718741670517964,0.0,75.40000000000018,251.44959677419354,653.0570162767649,100.0,0.0,5.98991935483871,0.0,0.0,106.89999999999841,614.2829589804044,1174.2020633989905,0.010826818473629894,100.0,1.0,6.964188065371794
183,2050,3,3,6.605295447056412E18,54.38467428667991,0.00897325048085301,0.0,8.32115264375559,0.0,89.89999999999921,260.1159274193548,165.88391977028346,100.0,0.0,6.523185483870968,0.0,0.0,143.0,610.5960064767979,1820.7604761391028,0.01283451179532459,100.0,1.0,7.004551589780639
184,2050,3,3,3.1730362057635645E18,54.03217999848167,0.00897325048085301,0.0,-19.642879487881775,0.0,57.99999999999999,259.8538306451613,-276.8440660203161,100.0,0.0,6.470766129032258,0.0,0.0,143.0,614.430785406844,1688.6771139870173,0.008334349278724321,100.0,1.0,6.95915158584254
186,2050,3,3,4.898224502314156E18,54.193591225038865,0.00897325048085301,0.0,20.428983654213738,0.0,43.49999999999999,253.60685483870967,361.08420251813993,100.0,0.0,6.421370967741935,0.0,0.0,106.89999999999841,608.5348654875587,1404.0388067055835,0.006232144570309279,100.0,1.0,6.979940774679629
187,2050,3,3,8.507560024639921E18,53.95131725842955,0.00897325048085301,0.0,-27.3097665474703,0.0,52.19999999999926,256.8024193548387,-463.32578317186267,100.0,0.0,7.060483870967742,0.0,0.0,106.89999999999841,815.5756409470996,2163.2713780447743,0.007512156791595181,100.0,1.0,6.948736754057387
190,2050,3,3,2.9539370702862316E18,54.90651970383724,0.00897325048085301,0.0,-4.176740306050256,0.0,66.6999999999988,259.9899193548387,-76.32377942516216,100.0,0.0,6.497983870967742,0.0,0.0,143.0,605.4344783632548,1916.5216998118483,0.009431876619595398,100.0,1.0,7.0717634135952085
182,2050,3,3,8.834479670273441E18,53.94801859264642,0.00897325048085301,0.0,12.881770746554414,0.0,55.099999999999056,256.36895161290323,207.54630977023785,100.0,0.0,6.973790322580645,0.0,0.0,106.89999999999841,825.894337598351,1399.940635521888,0.00792998368686413,100.0,1.0,6.948311897699258
191,2050,3,4,6.492828447697523E18,55.31923761771959,0.00897325048085301,0.0,11.581479900187938,0.0,66.6999999999988,260.22983870967744,165.8664861123674,100.0,0.0,6.245967741935484,0.0,0.0,143.0,614.3469288527269,1263.1520081792826,0.009361508613634507,100.0,1.0,7.124920005185278
192,2050,3,4,1.0005304447219302E18,53.36411834446341,0.00897325048085301,0.0,6.485285026293923,0.0,75.40000000000018,256.63104838709677,121.1306326879709,100.0,0.0,7.026209677419355,0.0,0.0,106.89999999999841,608.2396983659127,1737.7711171728952,0.010970292336488342,100.0,1.0,6.873107633532415
194,2050,3,4,4.281117921937587E18,55.475202854779226,0.00897325048085301,0.0,23.183551763617555,0.0,75.40000000000018,256.34879032258067,532.3201986501939,100.0,0.0,5.469758064516129,0.0,0.0,143.0,615.9147100551437,1761.9952892054337,0.010552822673766733,100.0,1.0,7.145007770047825
198,2050,3,4,7.278710821350941E18,54.59851734871561,0.00897325048085301,0.0,0.020493803863070398,0.0,49.300000000000615,261.8477822580645,0.8379092433921467,100.0,0.0,6.569556451612903,0.0,0.0,143.0,611.4286179630355,1481.0784557971144,0.007010714208478784,100.0,1.0,7.032093811551612
185,2050,3,4,3.0688222562761073E18,55.400470296814056,0.00897325048085301,0.0,-14.311205664482362,0.0,34.79999999999966,259.7711693548387,-252.48815540627385,100.0,0.0,6.154233870967742,0.0,0.0,143.0,614.9027798519136,2019.8286204939259,0.004877103656184749,100.0,1.0,7.135382483796323
188,2050,3,4,5.859174576972996E18,55.871080033358346,0.00897325048085301,0.0,10.925561215166493,0.0,46.400000000000844,258.0171370967742,185.7952724374723,100.0,0.0,5.803427419354839,0.0,0.0,143.0,614.7334868134438,1511.2130667551419,0.006448030861467321,100.0,1.0,7.195995335146708
196,2050,3,5,4.898742477016446E18,55.32665098295651,0.02871440153872973,0.0,-123.73694385696383,0.0,43.49999999999999,260.51209677419354,-2640.4236989870424,100.0,0.0,6.30241935483871,0.0,0.0,143.0,610.2328322006019,4775.316444548081,0.006104513634897752,100.0,1.0,7.125874820120473
199,2050,3,5,8.617806463867117E18,55.80689554244209,0.02871440153872973,0.0,10.5515097924165,0.0,89.89999999999921,260.02620967741933,221.71542249360272,100.0,0.0,5.905241935483871,0.0,0.0,143.0,619.7394595240971,1874.7886144493807,0.012507428281625821,100.0,1.0,7.18772860221536
194,2050,7,10,4.281117921937587E18,43.56650389655901,0.00897325048085301,0.0,31.21999775896115,0.0,215.7291099745256,234.9546370967742,556.1969251056536,100.0,0.0,5.990927419354839,0.0,0.0,107.0,275.0,1223.2089237600765,0.038540679206720864,100.0,1.0,5.59743923601912
190,2050,7,11,2.9539370702862316E18,44.06075428522153,0.0016156374650437614,0.0,11.50119570133605,0.0,127.10451900795861,237.25100806451613,170.12622021733912,100.0,0.0,6.150201612903226,0.0,0.0,107.0,275.0,1302.9506749403106,0.022452897120433937,100.0,1.0,5.66094069403112
181,2050,7,11,6.307363977605812E18,44.27979591322487,0.0014440377342859747,0.0,11.673304275104453,0.0,93.52045163779766,238.9445564516129,129.0171230065447,100.0,0.12096774193548387,6.488911290322581,0.0,0.0,107.0,275.0,971.9246246939999,0.016438580302615184,87.90322580645162,1.0,5.689083236885102
191,2050,7,12,6.492828447697523E18,46.007073627662066,0.002346561318214702,0.0,17.456782090736656,0.0,155.65021330340474,236.42237903225808,207.33392661916676,100.0,0.0,5.684475806451613,0.0,0.0,107.0,273.1499999999968,978.2140787208737,0.026332278079722892,100.0,1.0,5.911004465020548
192,2050,7,12,1.0005304447219302E18,44.26708164944672,0.00251774704849974,0.0,18.542308544037535,0.0,246.73475885089553,238.55443548387098,283.06069255687197,100.0,0.12096774193548387,6.110887096774194,0.0,0.0,107.0,275.0,1239.7855456988264,0.043382319263321464,87.90322580645162,1.0,5.687449703951233
193,2050,7,12,2.861374886328272E18,44.8930238553032,0.002643856947805839,0.0,41.40853290814433,0.0,103.53598518463761,238.3477822580645,768.2291852074598,100.0,0.12096774193548387,6.069556451612903,0.0,0.0,107.0,275.0,1085.6035872640855,0.017950468326643095,87.90322580645162,1.0,5.767870971419931
195,2050,7,12,2.797545246119503E18,44.889014225109314,0.0015955281793835372,0.0,-18.597367686379275,0.0,165.69685307134495,237.52620967741936,-191.37552797949493,100.0,0.0,5.905241935483871,0.0,0.0,107.0,270.1600000000024,1223.7736095488408,0.02873012493948916,100.0,1.0,5.767355812769089
196,2050,7,12,4.898742477016446E18,44.27803826281037,0.0014016323775153132,0.0,-52.45145706844243,0.0,339.1129923539199,237.96975806451613,-892.5327819907869,100.0,0.0,5.993951612903226,0.0,0.0,107.0,275.0,2596.8990147549193,0.059610035498060245,100.0,1.0,5.688857413362133
185,2050,7,12,3.0688222562761073E18,44.87564390026486,0.0010378499283892006,0.0,1.6473424452891245,0.0,149.9360925898722,239.14415322580646,24.082407247064836,100.0,0.0,6.22883064516129,0.0,0.0,107.0,273.6799999999948,1389.7096206457156,0.02600511736582922,100.0,1.0,5.765637988886317
186,2050,7,12,4.898224502314156E18,44.665198560152504,0.003701836006952578,0.0,24.23732908959364,0.0,174.57903092582922,239.25504032258064,348.8099524389774,100.0,0.0,6.251008064516129,0.0,0.0,107.0,275.0,1087.8843836213246,0.0304218858201116,100.0,1.0,5.738599900023844
188,2050,7,12,5.859174576972996E18,44.96061885497905,0.0025874424685274062,0.0,20.08117362714404,0.0,194.324332469135,238.22177419354838,271.36225593552655,100.0,0.12096774193548387,6.044354838709677,0.0,0.0,107.0,275.0,1077.281530324363,0.03364017347471146,87.90322580645162,1.0,5.776555599964895
199,2050,7,12,8.617806463867117E18,44.08123446561514,0.0026191624287370294,0.0,21.079886012868403,0.0,258.3867063459812,240.53024193548387,348.9346117448058,100.0,0.0,6.506048387096774,0.0,0.0,107.0,275.0,1303.006106562114,0.04562256939500196,100.0,1.0,5.663571994572667
197,2050,7,13,4.974214387304059E17,45.66229642144045,0.002087773494847142,0.0,35.33692542528297,0.0,175.22096015055308,238.9758064516129,538.9811512976155,100.0,0.12096774193548387,5.895161290322581,0.0,0.0,107.0,275.0,984.9286384885294,0.02986700188547029,87.90322580645162,1.0,5.8667073723189676
198,2050,7,13,7.278710821350941E18,44.843485799196635,0.0014454333893126638,0.0,9.195994249928226,0.0,198.11516162287936,240.24092741935485,112.2762247261232,100.0,0.07963709677419355,6.148185483870968,0.0,0.0,107.0,269.44000000000193,1101.8814230037335,0.03438600100925724,92.03629032258065,1.0,5.761506305125267
183,2050,7,13,6.605295447056412E18,45.063647544534284,0.0017124523818421793,0.0,20.92249060173038,0.0,287.01001159321635,241.91431451612902,344.20139942119926,100.0,0.0,6.482862903225806,0.0,0.0,107.0,272.75,1297.9107607588526,0.04957172448809644,100.0,1.0,5.789792761035285
184,2050,7,13,3.1730362057635645E18,45.71812490234904,0.0022178078301663498,0.0,-2.448399859750501,0.0,162.74976851976348,239.4647177419355,-28.18776772825412,100.0,0.12096774193548387,5.992943548387097,0.0,0.0,107.0,275.0,1207.930549774062,0.027707369238308757,87.90322580645162,1.0,5.87388023453134
187,2050,7,13,8.507560024639921E18,44.17105780247307,0.0018859290628106377,0.0,12.866470024383691,0.0,244.4207326386711,241.14314516129033,177.5270961966652,100.0,0.0,6.328629032258065,0.0,0.0,107.0,259.3647350381302,1196.9542022112644,0.043068878626979515,100.0,1.0,5.675112527437836
189,2050,7,14,1.481964993321812E18,46.44641028942141,0.002350248947316135,0.0,25.359214529161687,0.0,168.2955697378153,243.21774193548387,428.0700655416109,100.0,0.0,6.443548387096774,0.0,0.0,107.0,275.0,1257.144662236111,0.02820225609505193,100.0,1.0,5.967450588725866
180,2050,7,14,5.096996787781837E17,44.791146741832854,0.002478798475373768,0.0,0.8934366878768851,0.0,211.76240706507235,243.5453629032258,11.000027514498164,100.0,0.03024193548387097,6.509072580645161,0.0,0.0,107.0,275.0,1145.5115356365525,0.036797643369256054,96.9758064516129,1.0,5.754781765236548
182,2050,7,14,8.834479670273441E18,46.94153786520946,9.580664617609443E-4,0.0,23.604520665440983,0.0,171.22961144370905,241.65020161290323,326.605947308757,100.0,0.12096774193548387,6.130040322580645,0.0,0.0,107.0,275.0,1054.7237067866542,0.02839127394535281,87.90322580645162,1.0,6.031064748038069
194,2050,11,14,4.281117921937587E18,45.28382865372437,0.0021314134158795816,0.0,39.18474832002266,0.0,678.2390165527515,369.46875,723.4157231608554,100.0,0.0,5.59375,0.0,0.0,88.0,0.0,1121.5939168266434,0.11686104239698883,100.0,1.0,5.8038076902369635
191,2050,11,15,6.492828447697523E18,45.81199112865111,0.004142774921908132,0.0,4.094449498067785,0.0,811.5908200173991,374.9828629032258,48.694507748297596,100.0,0.0,5.196572580645161,0.0,0.0,88.0,0.0,1128.9301752500762,0.13822547241671745,100.0,1.0,5.8714997013766235
193,2050,11,15,2.861374886328272E18,45.74378285104898,0.00897325048085301,0.0,40.714867545548174,0.0,799.1307258337098,369.85483870967744,767.6817140278466,100.0,0.0,5.370967741935484,0.0,0.0,88.0,0.0,1116.6483206024934,0.13630628383275295,100.0,1.0,5.862757778755371
197,2050,11,15,4.974214387304059E17,45.99823914510494,0.0036715427499398588,0.0,28.00452364221737,0.0,872.0078428886719,375.6078629032258,429.3123240012044,100.0,0.0,5.321572580645161,0.0,0.0,88.0,0.0,1102.0427948802753,0.14791400929494167,100.0,1.0,5.895370202222574
185,2050,11,15,3.0688222562761073E18,46.65273156062253,0.003396385496159361,0.0,17.170973765667963,0.0,772.8382028289382,368.30745967741933,252.23257938016548,100.0,0.0,5.061491935483871,0.0,0.0,88.0,0.0,1213.9400581610669,0.12925329689708895,100.0,1.0,5.979253306352947
189,2050,11,15,1.481964993321812E18,46.127440150342224,0.00897325048085301,0.0,35.635760893386305,0.0,955.5389581115164,369.1693548387097,595.423112229756,100.0,0.0,5.233870967741935,0.0,0.0,88.0,0.0,1074.1123317267525,0.16162895650234657,100.0,1.0,5.911929265580847
190,2050,11,15,2.9539370702862316E18,45.8289721388176,0.00897325048085301,0.0,23.65804016481143,0.0,734.6499249190719,369.50201612903226,362.0282774601613,100.0,0.0,5.300403225806452,0.0,0.0,88.0,0.0,1166.4061264592528,0.12507498125091585,100.0,1.0,5.873676074716122
192,2050,11,16,1.0005304447219302E18,46.29860324715697,0.0030625428262296985,0.0,30.17810269605163,0.0,795.0697673895826,381.7721774193548,479.89364142260575,100.0,0.0,5.054435483870968,0.0,0.0,88.0,0.0,1108.9320369942561,0.1339884845766283,100.0,1.0,5.9338664057722115
195,2050,11,16,2.797545246119503E18,47.12427409932779,0.0019313926992796041,0.0,-3.7385153821542314,0.0,801.9862041503749,378.4909274193548,-39.993334307825215,100.0,0.0,4.398185483870968,0.0,0.0,88.0,0.0,1121.1409421526291,0.1327860184727118,100.0,1.0,6.039688616126306
196,2050,11,16,4.898742477016446E18,46.93445139105551,0.0031440961740900625,0.0,33.583290882520195,0.0,766.1846694868676,378.9193548387097,605.8291721982301,100.0,0.0,4.483870967741935,0.0,0.0,88.0,0.0,1196.356338242334,0.1273713749493611,100.0,1.0,6.01535996444632
198,2050,11,16,7.278710821350941E18,46.58843623661016,0.0030294566106863737,0.0,7.588831680151184,0.0,864.6093154930277,376.49798387096774,95.85506375604125,100.0,0.0,5.199596774193548,0.0,0.0,88.0,0.0,1162.4531942985043,0.14480111360016254,100.0,1.0,5.971012887928903
183,2050,11,16,6.605295447056412E18,46.848252699022574,0.00897325048085301,0.0,27.17353536251777,0.0,864.4606403345174,380.55745967741933,463.24055939921317,100.0,0.0,4.811491935483871,0.0,0.0,88.0,0.0,1239.7140445231532,0.1439732974272467,100.0,1.0,6.004312298058957
184,2050,11,16,3.1730362057635645E18,46.8060937857425,0.0026376397650949525,0.0,2.585812928894582,0.0,875.6409611702511,377.445564516129,31.510695830129162,100.0,0.0,5.389112903225806,0.0,0.0,88.0,0.0,1173.343558099217,0.14596670191533348,100.0,1.0,5.998908995547202
186,2050,11,16,4.898224502314156E18,46.46237648470631,0.003932186889067937,0.0,27.52274164296144,0.0,799.4897534549712,375.5352822580645,410.8001760684243,100.0,0.0,5.007056451612903,0.0,0.0,88.0,0.0,1080.0353317276265,0.13425844328878664,100.0,1.0,5.9548564237057935
187,2050,11,16,8.507560024639921E18,46.951782645327945,0.003811916092121074,0.0,30.834893110593026,0.0,832.9784223958014,379.14112903225805,449.8509695317764,100.0,0.0,4.528225806451613,0.0,0.0,88.0,0.0,1007.5743798317784,0.13842412607192353,100.0,1.0,6.017581226866447
180,2050,11,16,5.096996787781837E17,47.02246984224574,0.00897325048085301,0.0,6.128873281189347,0.0,931.9024298107399,372.9899193548387,74.68621922133147,100.0,0.0,4.497983870967742,0.0,0.0,88.0,0.0,1136.459594201028,0.1546304900825979,100.0,1.0,6.026640860498806
181,2050,11,16,6.307363977605812E18,46.921595697371906,0.00897325048085301,0.0,3.9958164098424724,0.0,739.7173048273667,380.3961693548387,46.97881300626567,100.0,0.0,4.779233870967742,0.0,0.0,88.0,0.0,1116.7846033769313,0.1230051033951639,100.0,1.0,6.013712312821402
182,2050,11,16,8.834479670273441E18,47.04758744708094,0.002298476045300464,0.0,18.138390036432,0.0,965.618744519442,375.68649193548384,250.90419491661996,100.0,0.0,5.037298387096774,0.0,0.0,88.0,0.0,1130.1495428587086,0.1601394948913137,100.0,1.0,6.029860061534509
199,2050,11,16,8.617806463867117E18,47.168937873017846,0.0032820960061642384,0.0,32.355847617489545,0.0,792.9844006511163,375.7016129032258,570.8945305727434,100.0,0.0,5.040322580645161,0.0,0.0,88.0,0.0,1192.4208873140399,0.13117125440949445,100.0,1.0,6.0454129543928365
188,2050,11,17,5.859174576972996E18,47.84334843213107,0.002026479331719294,0.0,27.61469196496296,0.0,802.7830650273914,381.4274193548387,395.8251647593629,100.0,0.0,4.685483870967742,0.0,0.0,88.0,0.0,1035.768409235672,0.13092023010584908,100.0,1.0,6.131848869944247
