id_sim,year,month,day,seed,Straw Value,Salinity Exposure,Max Flood Continuous,Profit Margin,Flood Stress,Methane Emissions,Labor Intensity,Net Income,AWD Adoption,Salinity Stress,Pesticide Usage,Resilient Varieties,Drought Stress,Fertilizer Usage,Water Usage,Production Cost,Emission Intensity,Water Reliability,Biodiversity,Avg Yield
40,2016,2,25,7.937907956999934E18,169.89497822547543,0.025507774983230303,0.0,50.288725979839825,0.0,243.60000000000338,226.3168449197861,815.5648927372823,0.0,0.0,2.763368983957219,0.0,0.0,100.0,836.2605270961066,805.8328288686478,0.03281257848771708,100.0,1.0,7.423982241785466
41,2016,2,25,1.8925442311934095E18,169.92884638659234,0.025507774983230303,0.0,50.28373194820141,0.0,243.60000000000338,226.37700534759358,815.6143845825036,0.0,0.0,2.7754010695187166,0.0,0.0,100.0,836.2605270961066,806.1065588151718,0.03280603868168339,100.0,1.0,7.425462195044373
44,2016,2,25,4.274909299870301E18,169.9575137236297,0.025507774983230303,0.0,50.29055962371964,0.0,243.60000000000338,226.37700534759358,815.8879721566734,0.0,0.0,2.7754010695187166,0.0,0.0,100.0,836.2605270961066,806.1065588151718,0.032800505170706866,100.0,1.0,7.426714885402287
45,2016,2,25,6.586007515238528E18,169.9240201508778,0.025507774983230303,0.0,50.29739982356759,0.0,243.60000000000338,226.3168449197861,815.842055206536,0.0,0.0,2.763368983957219,0.0,0.0,100.0,836.2605270961066,805.8328288686478,0.032806970449160415,100.0,1.0,7.425251300710625
42,2016,2,25,1.936069585034968E18,169.84600454546674,0.025507774983230303,0.0,50.30346580370848,0.0,243.60000000000338,226.21657754010695,815.5537275592611,0.0,0.0,2.7433155080213902,0.0,0.0,100.0,836.2605270961066,805.3766122911077,0.03282203972128219,100.0,1.0,7.421842215432161
43,2016,2,25,4.2803926544300943E18,169.9124574001409,0.025507774983230303,0.0,50.24281703538628,0.0,243.60000000000338,226.49732620320856,814.9105159152276,0.0,0.0,2.799465240641711,0.0,0.0,100.0,836.2605270961066,806.65401870822,0.03280920300366253,100.0,1.0,7.424746037653217
48,2016,2,25,7.316657466226932E18,169.91696271181553,0.025507774983230303,0.0,50.31530492258942,0.0,243.60000000000338,226.25,816.0788467143012,0.0,0.0,2.75,0.0,0.0,100.0,836.2605270961066,805.528684483621,0.03280833307471036,100.0,1.0,7.42494290841547
49,2016,2,25,1.7886973295216548E18,169.9805571477815,0.025507774983230303,0.0,50.27391213224515,0.0,243.60000000000338,226.4572192513369,815.7429144907851,0.0,0.0,2.7914438502673797,0.0,0.0,100.0,836.2605270961066,806.4715320772038,0.03279605856830865,100.0,1.0,7.427721824945082
46,2016,2,25,3.898563936708942E18,169.97389765512457,0.025507774983230303,0.0,50.29277741146459,0.0,243.60000000000338,226.38368983957218,816.0139182502736,0.0,0.0,2.7767379679144386,0.0,0.0,100.0,836.2605270961066,806.1369732536745,0.03279734350154981,100.0,1.0,7.4274308219045935
47,2016,2,25,7.117891878976512E17,170.022376907616,0.025507774983230303,0.0,50.22880649360936,0.0,243.60000000000338,226.6644385026738,815.1991750051745,0.0,0.0,2.8328877005347595,0.0,0.0,100.0,836.2605270961066,807.4143796707867,0.032787991846046693,100.0,1.0,7.429549243021868
52,2016,2,25,7.082481113405546E18,170.0050604501555,0.025507774983230303,0.0,50.242660255253824,0.0,243.60000000000338,226.5975935828877,815.3380592691199,0.0,0.0,2.81951871657754,0.0,0.0,100.0,836.2605270961066,807.1102352857599,0.03279133158113751,100.0,1.0,7.428792557485799
53,2016,2,25,4.635502054826138E18,169.95148092540322,0.025507774983230303,0.0,50.33119179464774,0.0,243.60000000000338,226.22326203208556,816.5299300549276,0.0,0.0,2.7446524064171123,0.0,0.0,100.0,836.2605270961066,805.4070267296103,0.032801669496126826,100.0,1.0,7.426451267328551
50,2016,2,25,1.737773213412058E18,169.87045397588983,0.025507774983230303,0.0,50.2859809460835,0.0,243.60000000000338,226.30347593582889,815.3916737170678,0.0,0.0,2.7606951871657754,0.0,0.0,100.0,836.2605270961066,805.7719999916424,0.032817315649745736,100.0,1.0,7.422910593904432
51,2016,2,25,7.755894565059676E18,170.0272302130295,0.025507774983230303,0.0,50.29590551788054,0.0,243.60000000000338,226.42379679144386,816.3404124542283,0.0,0.0,2.78475935828877,0.0,0.0,100.0,836.2605270961066,806.3194598846906,0.03278705593632135,100.0,1.0,7.4297613202332204
56,2016,2,25,3.2777485401579377E18,169.9160516706588,0.025507774983230303,0.0,50.28322153401055,0.0,243.60000000000338,226.35695187165774,815.5835211501845,0.0,0.0,2.771390374331551,0.0,0.0,100.0,836.2605270961066,806.0153154996638,0.0328085089835867,100.0,1.0,7.424903098213655
57,2016,2,25,8.256006970224683E18,169.93587187324488,0.025507774983230303,0.0,50.33927114906985,0.0,243.60000000000338,226.1831550802139,816.5634512375814,0.0,0.0,2.736631016042781,0.0,0.0,100.0,836.2605270961066,805.2245400985943,0.03280468241484968,100.0,1.0,7.4257691910997785
54,2016,2,25,6.302646066000695E18,169.98434321696152,0.025507774983230303,0.0,50.31745288101414,0.0,243.60000000000338,226.3101604278075,816.4481646004157,0.0,0.0,2.7620320855614975,0.0,0.0,100.0,836.2605270961066,805.8024144301451,0.03279532810017134,100.0,1.0,7.427887266623524
55,2016,2,25,6.865215925804663E18,169.88865894998307,0.025507774983230303,0.0,50.22299873706708,0.0,243.60000000000338,226.5441176470588,814.4704936366707,0.0,0.0,2.8088235294117645,0.0,0.0,100.0,836.2605270961066,806.8669197777386,0.032813799003108435,100.0,1.0,7.423706105377413
58,2016,2,25,2.850549735506946E18,169.93326201708226,0.025507774983230303,0.0,50.356742530479025,0.0,243.60000000000338,226.11631016042782,816.842688383561,0.0,0.0,2.7232620320855614,0.0,0.0,100.0,836.2605270961066,804.9203957135675,0.03280518623324013,100.0,1.0,7.425655146964952
59,2016,2,25,1.4712068369678991E18,169.9179956552838,0.025507774983230303,0.0,50.30443523716992,0.0,243.60000000000338,226.28342245989305,815.9366324481588,0.0,0.0,2.7566844919786098,0.0,0.0,100.0,836.2605270961066,805.6807566761344,0.03280813363054193,100.0,1.0,7.42498804544096
40,2016,7,6,7.937907956999934E18,130.33354227811418,2.9257068283799174E-4,0.0,45.318922076116124,0.0,191.39999999999733,215.4933155080214,562.4177859369067,0.0,0.0,2.998663101604278,0.0,26.0,100.09999999999982,502.3806813394957,678.2828240303298,0.03369206048919694,100.0,1.0,5.680863598751047
41,2016,7,6,1.8925442311934095E18,130.2583707449271,2.9257068283799174E-4,0.0,45.28546713327268,0.0,191.39999999999733,215.4933155080214,561.7021960323668,0.0,0.0,2.998663101604278,0.0,26.0,100.09999999999982,502.3806813394957,678.2828240303298,0.03371150402920683,100.0,1.0,5.677587088199121
44,2016,7,6,4.274909299870301E18,130.28279324981222,2.9257068283799174E-4,0.0,45.29311500576686,0.0,191.39999999999733,215.5,561.9042698403887,0.0,0.0,3.0,0.0,26.0,100.09999999999982,502.3806813394957,678.3132384688325,0.033705184550238854,100.0,1.0,5.678651594822404
45,2016,7,6,6.586007515238528E18,130.36601642776026,2.9257068283799174E-4,0.0,45.33141471727577,0.0,191.39999999999733,215.4933155080214,562.726921226025,0.0,0.0,2.998663101604278,0.0,26.0,100.09999999999982,502.3806813394957,678.2828240303298,0.033683667803402054,100.0,1.0,5.682279053371554
42,2016,7,6,1.936069585034968E18,130.2865076976844,2.9257068283799174E-4,0.0,45.29642626814872,0.0,191.39999999999733,215.5,561.9396292548611,0.0,0.0,3.0,0.0,26.0,100.09999999999982,502.3806813394957,678.3132384688325,0.033704223620720876,100.0,1.0,5.678813496903318
43,2016,7,6,4.2803926544300943E18,130.1989910878376,2.9257068283799174E-4,0.0,45.25966332223262,0.0,191.39999999999733,215.5,561.1065212972211,0.0,0.0,3.0,0.0,26.0,100.09999999999982,502.3806813394957,678.3132384688325,0.03372687878389969,100.0,1.0,5.674998900027671
48,2016,7,6,7.316657466226932E18,130.35828937917105,2.9257068283799174E-4,0.0,45.32546092360741,0.0,191.39999999999733,215.5,562.6229497144154,0.0,0.0,3.0,0.0,26.0,100.09999999999982,502.3806813394957,678.3132384688325,0.033685664418569475,100.0,1.0,5.681942253586266
49,2016,7,6,1.7886973295216548E18,130.23631434866516,2.9257068283799174E-4,0.0,45.2758394380429,0.0,191.39999999999733,215.5,561.4618173450772,0.0,0.0,3.0,0.0,26.0,100.09999999999982,502.3806813394957,678.3132384688325,0.03371721329927624,100.0,1.0,5.676625713433614
46,2016,7,6,3.898563936708942E18,130.38991138379114,2.9257068283799174E-4,0.0,45.339604442502264,0.0,191.39999999999733,215.5,562.9239730713732,0.0,0.0,3.0,0.0,26.0,100.09999999999982,502.3806813394957,678.3132384688325,0.03367749501171452,100.0,1.0,5.6833205656602415
47,2016,7,6,7.117891878976512E17,130.20505395829633,2.9257068283799174E-4,0.0,45.26653284866903,0.0,191.39999999999733,215.4866310160428,561.2250652255076,0.0,0.0,2.9973262032085564,0.0,26.0,100.09999999999982,502.3806813394957,678.2524095918271,0.033725308324913376,100.0,1.0,5.675263163083001
52,2016,7,6,7.082481113405546E18,130.31067317865077,2.9257068283799174E-4,0.0,45.308914427276626,0.0,191.39999999999733,215.4933155080214,562.2000852195179,0.0,0.0,2.998663101604278,0.0,26.0,100.09999999999982,502.3806813394957,678.2828240303298,0.03369797333626975,100.0,1.0,5.679866800594504
53,2016,7,6,4.635502054826138E18,130.23634209664075,2.9257068283799174E-4,0.0,45.277841437589316,0.0,191.39999999999733,215.4933155080214,561.4924959284028,0.0,0.0,2.998663101604278,0.0,26.0,100.09999999999982,502.3806813394957,678.2828240303298,0.03371720611553321,100.0,1.0,5.676626922887929
50,2016,7,6,1.737773213412058E18,130.33397134611096,2.9257068283799174E-4,0.0,45.31777275473816,0.0,191.39999999999733,215.4933155080214,562.4218704182775,0.0,0.0,2.998663101604278,0.0,26.0,100.09999999999982,502.3806813394957,678.2828240303298,0.033691949572720155,100.0,1.0,5.680882300588831
51,2016,7,6,7.755894565059676E18,130.32019883740682,2.9257068283799174E-4,0.0,45.3099713499368,0.0,191.39999999999733,215.5,562.260349591878,0.0,0.0,3.0,0.0,26.0,100.09999999999982,502.3806813394957,678.3132384688325,0.03369551020777827,100.0,1.0,5.680281996614925
56,2016,7,6,3.2777485401579377E18,130.43144312637418,2.9257068283799174E-4,0.0,45.35899869869504,0.0,191.39999999999733,215.4933155080214,563.3497458915689,0.0,0.0,2.998663101604278,0.0,26.0,100.09999999999982,502.3806813394957,678.2828240303298,0.03366677148508522,100.0,1.0,5.685130814660675
57,2016,7,6,8.256006970224683E18,130.2979642792876,2.9257068283799174E-4,0.0,45.30202144100358,0.0,191.39999999999733,215.4933155080214,562.0791037828429,0.0,0.0,2.998663101604278,0.0,26.0,100.09999999999982,502.3806813394957,678.2828240303298,0.0337012601424316,100.0,1.0,5.679312856287383
54,2016,7,6,6.302646066000695E18,130.4207187037109,2.9257068283799174E-4,0.0,45.35384673807937,0.0,191.39999999999733,215.4933155080214,563.2476555354922,0.0,0.0,2.998663101604278,0.0,26.0,100.09999999999982,502.3806813394957,678.2828240303298,0.033669539884851045,100.0,1.0,5.684663367975339
55,2016,7,6,6.865215925804663E18,130.25881364361928,2.9257068283799174E-4,0.0,45.28885044534497,0.0,191.39999999999733,215.4866310160428,561.7368266125318,0.0,0.0,2.9973262032085564,0.0,26.0,100.09999999999982,502.3806813394957,678.2524095918271,0.03371138940524677,100.0,1.0,5.677606392877068
58,2016,7,6,2.850549735506946E18,130.3001383808602,2.9257068283799174E-4,0.0,45.3007360236759,0.0,191.39999999999733,215.5,562.0693855450271,0.0,0.0,3.0,0.0,26.0,100.09999999999982,502.3806813394957,678.3132384688325,0.033700697825586934,100.0,1.0,5.67940761911104
59,2016,7,6,1.4712068369678991E18,130.32734227108526,2.9257068283799174E-4,0.0,45.315642709353156,0.0,191.39999999999733,215.4933155080214,562.3587654240899,0.0,0.0,2.998663101604278,0.0,26.0,100.09999999999982,502.3806813394957,678.2828240303298,0.03369366330721053,100.0,1.0,5.680593358307741
40,2016,11,10,7.937907956999934E18,124.98005828007474,1.685461542436256E-4,0.0,34.0092868914553,0.0,505.96981694271057,334.20588235294116,403.9846575048609,0.0,0.0,5.4411764705882355,0.0,0.0,88.0,284.89692612696894,782.7506888503261,0.09311579735083986,100.0,1.0,5.4337699008936955
41,2016,11,10,1.8925442311934095E18,125.14281862254752,1.685461542436256E-4,0.0,34.08585027115324,0.0,505.85878484875406,334.23930481283423,405.3780594788287,0.0,0.0,5.447860962566845,0.0,0.0,88.0,284.89692612696894,782.9027610428394,0.09297428411111307,100.0,1.0,5.440846247809824
44,2016,11,10,4.274909299870301E18,125.08458496232682,1.685461542436256E-4,0.0,34.04438973380112,0.0,505.90831583892134,334.26604278074865,404.70344996689374,0.0,0.0,5.4532085561497325,0.0,0.0,88.0,284.89692612696894,783.0244187968501,0.09302667646775475,100.0,1.0,5.438314417416397
45,2016,11,10,6.586007515238528E18,125.19933210825509,1.685461542436256E-4,0.0,34.19962502481377,0.0,506.03505045406024,334.0120320855615,406.9487684048914,0.0,0.0,5.402406417112299,0.0,0.0,88.0,284.89692612696894,781.8686701337485,0.09296469873038034,100.0,1.0,5.443303290012071
42,2016,11,10,1.936069585034968E18,125.13362109933786,1.685461542436256E-4,0.0,34.18745532333061,0.0,505.8995073561289,333.951871657754,406.5985461945666,0.0,0.0,5.390374331550802,0.0,0.0,88.0,284.89692612696894,781.5949401872244,0.09298860301198167,100.0,1.0,5.440446366216979
43,2016,11,10,4.2803926544300943E18,125.16219433384518,1.685461542436256E-4,0.0,34.143865004840734,0.0,505.7484139792794,334.09893048128345,406.20074277008274,0.0,0.0,5.419786096256685,0.0,0.0,88.0,284.89692612696894,782.2640578342833,0.09293960877672224,100.0,1.0,5.441688647455871
48,2016,11,10,7.316657466226932E18,125.24284534543229,1.685461542436256E-4,0.0,34.22212397374043,0.0,506.0244236050894,334.0120320855615,407.3619438930704,0.0,0.0,5.402406417112299,0.0,0.0,88.0,284.89692612696894,781.8686701337485,0.09293044831829356,100.0,1.0,5.445195119170402
49,2016,11,10,1.7886973295216548E18,125.14716837526133,1.685461542436256E-4,0.0,34.18266715959184,0.0,505.79360709225426,333.9852941176471,406.5751107734439,0.0,0.0,5.397058823529412,0.0,0.0,88.0,284.89692612696894,781.7470123797378,0.09295907366920986,100.0,1.0,5.441035362422984
46,2016,11,10,3.898563936708942E18,125.15695113225851,1.685461542436256E-4,0.0,34.14912704459698,0.0,506.07732747665847,334.0788770053476,406.2421998017906,0.0,0.0,5.415775401069519,0.0,0.0,88.0,284.89692612696894,782.1728145187752,0.09300394810653971,100.0,1.0,5.441460688280962
47,2016,11,10,7.117891878976512E17,125.06644038691289,1.685461542436256E-4,0.0,34.005856972031225,0.0,505.7670479605933,334.31951871657753,404.28784450090234,0.0,0.0,5.463903743315508,0.0,0.0,88.0,284.89692612696894,783.2677343048715,0.09301419255313824,100.0,1.0,5.437525543982471
52,2016,11,10,7.082481113405546E18,125.06199805482528,1.685461542436256E-4,0.0,34.067457701680496,0.0,505.9464778926953,334.17245989304814,404.9147804384854,0.0,0.0,5.434491978609626,0.0,0.0,88.0,284.89692612696894,782.5986166578127,0.09305049613920631,100.0,1.0,5.437332404287069
53,2016,11,10,4.635502054826138E18,125.12548124620827,1.685461542436256E-4,0.0,34.11678808186044,0.0,505.8109696177049,334.13235294117646,405.70006521306266,0.0,0.0,5.426470588235294,0.0,0.0,88.0,284.89692612696894,782.4161300267966,0.09297837720510599,100.0,1.0,5.440092469046963
50,2016,11,10,1.737773213412058E18,125.23594751884609,1.685461542436256E-4,0.0,34.2186062808646,0.0,505.985724451783,334.0053475935829,407.3268607255106,0.0,0.0,5.401069518716578,0.0,0.0,88.0,284.89692612696894,781.8382556952458,0.09292845938239706,100.0,1.0,5.444895221706744
51,2016,11,10,7.755894565059676E18,125.01472788756284,1.685461542436256E-4,0.0,34.088141343720544,0.0,505.9581361362528,334.05213903743316,405.01339129841296,0.0,0.0,5.410427807486631,0.0,0.0,88.0,284.89692612696894,782.0511567647645,0.09308782501545736,100.0,1.0,5.435277234721488
56,2016,11,10,3.2777485401579377E18,125.06437278540825,1.685461542436256E-4,0.0,34.151566487224756,0.0,506.1449910808417,333.951871657754,405.9410059201701,0.0,0.0,5.390374331550802,0.0,0.0,88.0,284.89692612696894,781.5949401872244,0.09308523789481916,100.0,1.0,5.437435650674876
57,2016,11,10,8.256006970224683E18,125.20566369039692,1.685461542436256E-4,0.0,34.20573740897226,0.0,505.93588152598227,334.0053475935829,407.03930373331417,0.0,0.0,5.401069518716578,0.0,0.0,88.0,284.89692612696894,781.8382556952458,0.0929417799578835,100.0,1.0,5.443578568812075
54,2016,11,10,6.302646066000695E18,125.26368432247033,1.685461542436256E-4,0.0,34.18905256034713,0.0,506.1422211013046,334.12566844919786,407.04277281122927,0.0,0.0,5.425133689839572,0.0,0.0,88.0,284.89692612696894,782.385715588294,0.09293661802002759,100.0,1.0,5.4461011373604356
55,2016,11,10,6.865215925804663E18,125.30027246275506,1.685461542436256E-4,0.0,34.191410714710315,0.0,505.84878927128125,334.16577540106954,407.207705119928,0.0,0.0,5.433155080213904,0.0,0.0,88.0,284.89692612696894,782.56820221931,0.09285561667147449,100.0,1.0,5.447691883421409
58,2016,11,10,2.850549735506946E18,125.04770148847747,1.685461542436256E-4,0.0,34.082981553708656,0.0,505.935168039687,334.11229946524065,405.05275880311723,0.0,0.0,5.422459893048129,0.0,0.0,88.0,284.89692612696894,782.3248867112886,0.09305905422532848,100.0,1.0,5.436710831109902
59,2016,11,10,1.4712068369678991E18,125.20772771820022,1.685461542436256E-4,0.0,34.15538504324539,0.0,505.9745429481923,334.13235294117646,406.48102816642836,0.0,0.0,5.426470588235294,0.0,0.0,88.0,284.89692612696894,782.4161300267966,0.09294734991865947,100.0,1.0,5.44366830674552
40,2017,2,27,7.937907956999934E18,153.6563648971481,6.68616682633738E-4,0.0,39.43723181838509,0.0,301.60000000000383,257.10427807486633,574.2820926338537,0.0,0.0,6.820855614973262,0.0,0.0,143.0,556.5449483228148,881.0651971536337,0.045260289734431455,100.0,1.0,6.663678066792483
41,2017,2,27,1.8925442311934095E18,153.72193294292916,6.68616682633738E-4,0.0,39.47969263339834,0.0,301.60000000000383,257.05080213903744,575.1464320596779,0.0,0.0,6.810160427807487,0.0,0.0,143.0,556.5449483228148,880.8218816456123,0.045240984559870134,100.0,1.0,6.666521582899645
44,2017,2,27,4.274909299870301E18,153.75496668667765,6.68616682633738E-4,0.0,39.505413297683056,0.0,301.60000000000383,257.01069518716577,575.6417958661245,0.0,0.0,6.802139037433155,0.0,0.0,143.0,556.5449483228148,880.6393950145963,0.04523126468464861,100.0,1.0,6.667954170699238
45,2017,2,27,6.586007515238528E18,153.66987959682916,6.68616682633738E-4,0.0,39.452849311477735,0.0,301.60000000000383,257.06417112299465,574.59258295392,0.0,0.0,6.81283422459893,0.0,0.0,143.0,556.5449483228148,880.8827105226177,0.04525630925872048,100.0,1.0,6.664264164269831
42,2017,2,27,1.936069585034968E18,153.58720675807,6.68616682633738E-4,0.0,39.41621610863512,0.0,301.60000000000383,257.07754010695186,573.7487231109806,0.0,0.0,6.815508021390374,0.0,0.0,143.0,556.5449483228148,880.943539399623,0.04528066980044241,100.0,1.0,6.660678857649255
43,2017,2,27,4.2803926544300943E18,153.57602401030542,6.68616682633738E-4,0.0,39.4275682276246,0.0,301.60000000000383,257.0307486631016,573.8557074378884,0.0,0.0,6.80614973262032,0.0,0.0,143.0,556.5449483228148,880.7306383301043,0.04528396694472157,100.0,1.0,6.660193890879058
48,2017,2,27,7.316657466226932E18,153.5689978430736,6.68616682633738E-4,0.0,39.412391141821885,0.0,301.60000000000383,257.07085561497325,573.6066728741181,0.0,0.0,6.814171122994653,0.0,0.0,143.0,556.5449483228148,880.9131249611204,0.04528603879990819,100.0,1.0,6.659889184227244
49,2017,2,27,1.7886973295216548E18,153.57775555821567,6.68616682633738E-4,0.0,39.382005022943396,0.0,301.60000000000383,257.1844919786096,573.1725756072728,0.0,0.0,6.836898395721925,0.0,0.0,143.0,556.5449483228148,881.4301704156658,0.04528345638016721,100.0,1.0,6.66026898362148
46,2017,2,27,3.898563936708942E18,153.66886144080522,6.68616682633738E-4,0.0,39.43832914268135,0.0,301.60000000000383,257.11096256684493,574.3700384790574,0.0,0.0,6.822192513368984,0.0,0.0,143.0,556.5449483228148,881.0956115921364,0.04525660911116601,100.0,1.0,6.664220009483457
47,2017,2,27,7.117891878976512E17,153.64798948232294,6.68616682633738E-4,0.0,39.392306749131784,0.0,301.60000000000383,257.2379679144385,573.594476611232,0.0,0.0,6.847593582887701,0.0,0.0,143.0,556.5449483228148,881.6734859236872,0.04526275689135882,100.0,1.0,6.663314846771578
52,2017,2,27,7.082481113405546E18,153.7194049132933,6.68616682633738E-4,0.0,39.44674369806009,0.0,301.60000000000383,257.14438502673795,574.69668583553,0.0,0.0,6.828877005347594,0.0,0.0,143.0,556.5449483228148,881.2476837846498,0.0452417285814189,100.0,1.0,6.6664119488103095
53,2017,2,27,4.635502054826138E18,153.65607273304627,6.68616682633738E-4,0.0,39.43889396776244,0.0,301.60000000000383,257.09090909090907,574.3401542956241,0.0,0.0,6.818181818181818,0.0,0.0,143.0,556.5449483228148,881.0043682766284,0.0452603757930666,100.0,1.0,6.663665396393057
50,2017,2,27,1.737773213412058E18,153.58829762961344,6.68616682633738E-4,0.0,39.42458893172366,0.0,301.60000000000383,257.05080213903744,573.8807129911324,0.0,0.0,6.810160427807487,0.0,0.0,143.0,556.5449483228148,880.8218816456123,0.04528034819134244,100.0,1.0,6.660726165919137
51,2017,2,27,7.755894565059676E18,153.50054803954106,6.68616682633738E-4,0.0,39.354754638017766,0.0,301.60000000000383,257.1711229946524,572.5021379784614,0.0,0.0,6.834224598930481,0.0,0.0,143.0,556.5449483228148,881.3693415386605,0.045306232997897725,100.0,1.0,6.656920693759698
56,2017,2,27,3.2777485401579377E18,153.66710655046563,6.68616682633738E-4,0.0,39.45984698965585,0.0,301.60000000000383,257.04411764705884,574.6575615226842,0.0,0.0,6.8088235294117645,0.0,0.0,143.0,556.5449483228148,880.7914672071097,0.04525712594517106,100.0,1.0,6.664143904440413
57,2017,2,27,8.256006970224683E18,153.55861234994842,6.68616682633738E-4,0.0,39.41020674123537,0.0,301.60000000000383,257.06417112299465,573.5387217207806,0.0,0.0,6.81283422459893,0.0,0.0,143.0,556.5449483228148,880.8827105226177,0.04528910159031387,100.0,1.0,6.659438792323229
54,2017,2,27,6.302646066000695E18,153.65390169985102,6.68616682633738E-4,0.0,39.46890952227847,0.0,301.60000000000383,256.99732620320856,574.7453936204959,0.0,0.0,6.7994652406417115,0.0,0.0,143.0,556.5449483228148,880.5785661375909,0.04526101529377032,100.0,1.0,6.663571244313553
55,2017,2,27,6.865215925804663E18,153.7910642910125,6.68616682633738E-4,0.0,39.52814955393305,0.0,301.60000000000383,256.97727272727275,576.1357644107479,0.0,0.0,6.795454545454546,0.0,0.0,143.0,556.5449483228148,880.4873228220829,0.045220648071104194,100.0,1.0,6.669519630186924
58,2017,2,27,2.850549735506946E18,153.68231596464238,6.68616682633738E-4,0.0,39.412434737596946,0.0,301.60000000000383,257.21791443850265,574.0108412000766,0.0,0.0,6.843582887700535,0.0,0.0,143.0,556.5449483228148,881.5822426081792,0.045252647001913136,100.0,1.0,6.6648034972905155
59,2017,2,27,1.4712068369678991E18,153.72997971679115,6.68616682633738E-4,0.0,39.4761528887917,0.0,301.60000000000383,257.06417112299465,575.1618177315424,0.0,0.0,6.81283422459893,0.0,0.0,143.0,556.5449483228148,880.8827105226177,0.04523861648584367,100.0,1.0,6.666870550614258
40,2017,7,10,7.937907956999934E18,146.16013952333134,3.839502469836645E-4,0.0,44.893608304904724,0.0,347.5121965886292,229.1042780748663,620.2017983709713,0.0,0.0,4.820855614973262,0.0,0.0,100.40000000000015,600.6005711791933,760.654665153364,0.054963470671851755,100.0,1.0,6.322602854964895
41,2017,7,10,1.8925442311934095E18,146.22262720481405,3.839502469836645E-4,0.0,44.9018442127374,0.0,347.5172163159613,229.15106951871658,620.5792533256583,0.0,0.0,4.830213903743315,0.0,0.0,100.40000000000015,600.6005711791933,760.8675662228827,0.05494077583689375,100.0,1.0,6.325305950313812
44,2017,7,10,4.274909299870301E18,146.30698986440467,3.839502469836645E-4,0.0,44.93754384417166,0.0,347.5410839784938,229.13770053475935,621.4371033614822,0.0,0.0,4.827540106951871,0.0,0.0,100.40000000000015,600.6005711791933,760.8067373458774,0.05491286740121064,100.0,1.0,6.328955314594112
45,2017,7,10,6.586007515238528E18,146.18772391622593,3.839502469836645E-4,0.0,44.8724155458299,0.0,347.45681462550834,229.19786096256684,620.0366013965511,0.0,0.0,4.839572192513369,0.0,0.0,100.40000000000015,600.6005711791933,761.0804672924015,0.05494434181907967,100.0,1.0,6.323796102055634
42,2017,7,10,1.936069585034968E18,146.34442454808064,3.839502469836645E-4,0.0,44.946104634327924,0.0,347.4220794610999,229.15106951871658,621.7299408471555,0.0,0.0,4.830213903743315,0.0,0.0,100.40000000000015,600.6005711791933,760.8675662228827,0.05488002239719118,100.0,1.0,6.3305746660715885
43,2017,7,10,4.2803926544300943E18,146.29982398634834,3.839502469836645E-4,0.0,44.93201634049162,0.0,347.43819900371744,229.14438502673798,621.3389888710819,0.0,0.0,4.828877005347594,0.0,0.0,100.40000000000015,600.6005711791933,760.8371517843801,0.05489930004610533,100.0,1.0,6.3286453326715115
48,2017,7,10,7.316657466226932E18,146.3138642819379,3.839502469836645E-4,0.0,44.94820554146782,0.0,347.3898473861698,229.11096256684493,621.6237075770557,0.0,0.0,4.822192513368984,0.0,0.0,100.40000000000015,600.6005711791933,760.6850795918667,0.054886392514748646,100.0,1.0,6.32925268850238
49,2017,7,10,1.7886973295216548E18,146.18120401165518,3.839502469836645E-4,0.0,44.86157095691591,0.0,347.4324692157802,229.22459893048128,619.8533464629197,0.0,0.0,4.8449197860962565,0.0,0.0,100.40000000000015,600.6005711791933,761.2021250464122,0.05494294243937897,100.0,1.0,6.3235140636874005
46,2017,7,10,3.898563936708942E18,145.98115580673652,3.839502469836645E-4,0.0,44.78747237733228,0.0,347.46246762028375,229.22459893048128,617.9633793509588,0.0,0.0,4.8449197860962565,0.0,0.0,100.40000000000015,600.6005711791933,761.2021250464122,0.05502298504879486,100.0,1.0,6.314860368119813
47,2017,7,10,7.117891878976512E17,146.1113752843358,3.839502469836645E-4,0.0,44.85996414641856,0.0,347.47824077624813,229.14438502673798,619.5586087410051,0.0,0.0,4.828877005347594,0.0,0.0,100.40000000000015,600.6005711791933,760.8371517843801,0.05497644223179082,100.0,1.0,6.320493408999
52,2017,7,10,7.082481113405546E18,146.08719594460155,3.839502469836645E-4,0.0,44.904191900375004,0.0,347.4757137052231,228.99064171122996,620.0297051007615,0.0,0.0,4.798128342245989,0.0,0.0,100.40000000000015,600.6005711791933,760.1376196988186,0.05498514166334225,100.0,1.0,6.319447457873512
53,2017,7,10,4.635502054826138E18,146.25653956648387,3.839502469836645E-4,0.0,44.96283605715109,0.0,347.44795967869044,229.00401069518716,621.5687599923106,0.0,0.0,4.800802139037433,0.0,0.0,100.40000000000015,600.6005711791933,760.1984485758239,0.05491709017502312,100.0,1.0,6.32677293300426
50,2017,7,10,1.737773213412058E18,146.2166866576777,3.839502469836645E-4,0.0,44.88168132631475,0.0,347.42886528045034,229.20454545454547,620.2798141512477,0.0,0.0,4.840909090909091,0.0,0.0,100.40000000000015,600.6005711791933,761.1108817309041,0.054929039556614975,100.0,1.0,6.325048973819355
51,2017,7,10,7.755894565059676E18,146.1482411370184,3.839502469836645E-4,0.0,44.89793665878318,0.0,347.3685285740247,229.07754010695186,620.2110454246433,0.0,0.0,4.815508021390374,0.0,0.0,100.40000000000015,600.6005711791933,760.5330073993533,0.05494522064781086,100.0,1.0,6.322088153956018
56,2017,7,10,3.2777485401579377E18,146.13142185012396,3.839502469836645E-4,0.0,44.86051250306645,0.0,347.47455591564096,229.1711229946524,619.6263420893164,0.0,0.0,4.834224598930481,0.0,0.0,100.40000000000015,600.6005711791933,760.9588095383908,0.05496831754455993,100.0,1.0,6.321360584375929
57,2017,7,10,8.256006970224683E18,146.16947289144338,3.839502469836645E-4,0.0,44.88373263895819,0.0,347.41721755594466,229.15106951871658,620.0770748423796,0.0,0.0,4.830213903743315,0.0,0.0,100.40000000000015,600.6005711791933,760.8675662228827,0.0549449399040991,100.0,1.0,6.32300659828415
54,2017,7,10,6.302646066000695E18,146.24364542313606,3.839502469836645E-4,0.0,44.90284328296677,0.0,347.4529741755058,229.1711229946524,620.6865808565971,0.0,0.0,4.834224598930481,0.0,0.0,100.40000000000015,600.6005711791933,760.9588095383908,0.05492272480874189,100.0,1.0,6.326215157486192
55,2017,7,10,6.865215925804663E18,146.28845351393926,3.839502469836645E-4,0.0,44.950182453873964,0.0,347.5281965637932,229.07754010695186,621.5357100532392,0.0,0.0,4.815508021390374,0.0,0.0,100.40000000000015,600.6005711791933,760.5330073993533,0.05491778894281796,100.0,1.0,6.328153468189514
58,2017,7,10,2.850549735506946E18,146.13464776409995,3.839502469836645E-4,0.0,44.8644086589551,0.0,347.49849312250797,229.1644385026738,619.6872335387152,0.0,0.0,4.8328877005347595,0.0,0.0,100.40000000000015,600.6005711791933,760.9283950998881,0.05497089075602679,100.0,1.0,6.321500131129121
59,2017,7,10,1.4712068369678991E18,146.36596530277225,3.839502469836645E-4,0.0,44.946246332750036,0.0,347.50845787691856,229.18449197860963,621.7813761939888,0.0,0.0,4.836898395721925,0.0,0.0,100.40000000000015,600.6005711791933,761.0196384153961,0.05488558830842214,100.0,1.0,6.331506477149188
40,2017,11,10,7.937907956999934E18,121.85316459105783,1.1954238128698502E-4,0.0,34.81579093767473,0.0,687.6122390600333,331.8836898395722,400.06550532136225,0.0,0.0,5.276737967914438,0.0,0.0,88.0,202.79199705628295,748.2479877397609,0.13077832309571116,100.0,1.0,5.257845664199248
41,2017,11,10,1.8925442311934095E18,121.6928259864474,1.1954238128698502E-4,0.0,34.67735071562687,0.0,687.8094117595357,332.01069518716577,397.97664041561967,0.0,0.0,5.302139037433155,0.0,0.0,88.0,202.79199705628295,748.8258620713118,0.1309881825358115,100.0,1.0,5.250927209189212
44,2017,11,10,4.274909299870301E18,121.63642831287913,1.1954238128698502E-4,0.0,34.65932097617898,0.0,688.0599550110198,331.98395721925135,397.5668207168038,0.0,0.0,5.2967914438502675,0.0,0.0,88.0,202.79199705628295,748.7042043173011,0.13109665244302643,100.0,1.0,5.248493704368579
45,2017,11,10,6.586007515238528E18,121.72790296102261,1.1954238128698502E-4,0.0,34.638635238312595,0.0,687.7030095530616,332.1577540106952,397.6380793309259,0.0,0.0,5.331550802139038,0.0,0.0,88.0,202.79199705628295,749.4949797183706,0.13093017946049398,100.0,1.0,5.252440746562672
42,2017,11,10,1.936069585034968E18,121.77594765640265,1.1954238128698502E-4,0.0,34.775037434034054,0.0,688.1473219397521,331.8770053475936,399.3682468409483,0.0,0.0,5.275401069518717,0.0,0.0,88.0,202.79199705628295,748.2175733012583,0.1309630813432488,100.0,1.0,5.2545138284899275
43,2017,11,10,4.2803926544300943E18,121.77240252866868,1.1954238128698502E-4,0.0,34.73801925076586,0.0,688.0144645148349,331.9639037433155,398.9394507506902,0.0,0.0,5.292780748663102,0.0,0.0,88.0,202.79199705628295,748.612961001793,0.1309416088634836,100.0,1.0,5.2543608596725075
48,2017,11,10,7.316657466226932E18,121.73127137526895,1.1954238128698502E-4,0.0,34.723774945862026,0.0,688.0659036505643,331.9438502673797,398.64308444939076,0.0,0.0,5.288770053475936,0.0,0.0,88.0,202.79199705628295,748.521717686285,0.1309956451571038,100.0,1.0,5.252586090364783
49,2017,11,10,1.7886973295216548E18,121.7370534293334,1.1954238128698502E-4,0.0,34.723496752303745,0.0,687.6849650494723,331.9572192513369,398.6367441917183,0.0,0.0,5.291443850267379,0.0,0.0,88.0,202.79199705628295,748.5825465632904,0.1309169027901912,100.0,1.0,5.252835580380048
46,2017,11,10,3.898563936708942E18,121.80045346960326,1.1954238128698502E-4,0.0,34.7541535792817,0.0,687.1218238237527,331.97058823529414,399.173381305414,0.0,0.0,5.294117647058823,0.0,0.0,88.0,202.79199705628295,748.6433754402957,0.1307416061328288,100.0,1.0,5.255571230520615
47,2017,11,10,7.117891878976512E17,121.73704973814101,1.1954238128698502E-4,0.0,34.67144391569366,0.0,687.5067688738302,332.09090909090907,398.02842063680015,0.0,0.0,5.318181818181818,0.0,0.0,88.0,202.79199705628295,749.1908353333438,0.13088298295260914,100.0,1.0,5.252835421108691
52,2017,11,10,7.082481113405546E18,121.64718338735167,1.1954238128698502E-4,0.0,34.69139213574106,0.0,687.4189041867317,331.92379679144386,397.9419037728445,0.0,0.0,5.28475935828877,0.0,0.0,88.0,202.79199705628295,748.430474370777,0.13096293275794005,100.0,1.0,5.2489577753828565
53,2017,11,10,4.635502054826138E18,121.8297528301086,1.1954238128698502E-4,0.0,34.75718276699956,0.0,687.8961478956925,331.99732620320856,399.3278333358255,0.0,0.0,5.2994652406417115,0.0,0.0,88.0,202.79199705628295,748.7650331943064,0.13085746204005105,100.0,1.0,5.25683546946028
50,2017,11,10,1.737773213412058E18,121.66113911312024,1.1954238128698502E-4,0.0,34.756751990775086,0.0,687.7974468502542,331.7700534759358,398.77295109856834,0.0,0.0,5.254010695187166,0.0,0.0,88.0,202.79199705628295,747.7309422852156,0.1310200194338225,100.0,1.0,5.249559951390918
51,2017,11,10,7.755894565059676E18,121.77740563988783,1.1954238128698502E-4,0.0,34.75030511146415,0.0,687.6012244980926,331.93716577540107,399.1082565631022,0.0,0.0,5.287433155080214,0.0,0.0,88.0,202.79199705628295,748.4913032477823,0.13085758542390125,100.0,1.0,5.254576739060797
56,2017,11,10,3.2777485401579377E18,121.74219208713693,1.1954238128698502E-4,0.0,34.775050841456284,0.0,687.5530625990743,331.8302139037433,399.2630439384967,0.0,0.0,5.266042780748663,0.0,0.0,88.0,202.79199705628295,748.0046722317395,0.13088626722008895,100.0,1.0,5.253057308471748
57,2017,11,10,8.256006970224683E18,121.68792290068079,1.1954238128698502E-4,0.0,34.70543605126049,0.0,687.6548979114824,331.9438502673797,398.2345793568869,0.0,0.0,5.288770053475936,0.0,0.0,88.0,202.79199705628295,748.521717686285,0.13096403315255983,100.0,1.0,5.250715645802035
54,2017,11,10,6.302646066000695E18,121.63581514541623,1.1954238128698502E-4,0.0,34.698232735170734,0.0,687.8626385171283,331.8836898395722,398.0172589588081,0.0,0.0,5.276737967914438,0.0,0.0,88.0,202.79199705628295,748.2479877397609,0.1310597182326049,100.0,1.0,5.248467246788286
55,2017,11,10,6.865215925804663E18,121.74666542849113,1.1954238128698502E-4,0.0,34.713274996070425,0.0,687.991752950767,331.99732620320856,398.5448386167229,0.0,0.0,5.2994652406417115,0.0,0.0,88.0,202.79199705628295,748.7650331943064,0.1309649664281778,100.0,1.0,5.2532503288050485
58,2017,11,10,2.850549735506946E18,121.90903185923148,1.1954238128698502E-4,0.0,34.8733900317393,0.0,687.5489027989673,331.8101604278075,400.9265431910418,0.0,0.0,5.262032085561497,0.0,0.0,88.0,202.79199705628295,747.9134289162317,0.13070635076864645,100.0,1.0,5.260256282542432
59,2017,11,10,1.4712068369678991E18,121.72761008721585,1.1954238128698502E-4,0.0,34.68941405015557,0.0,688.1977182538611,332.0307486631016,398.21319369358207,0.0,0.0,5.30614973262032,0.0,0.0,88.0,202.79199705628295,748.9171053868198,0.1310246811431399,100.0,1.0,5.252428109342461
40,2018,3,4,7.937907956999934E18,165.49730607633492,7.13099143295827E-4,0.0,39.39601001513489,0.0,313.20000000000397,263.61898395721926,613.2269395613349,0.0,0.0,6.92379679144385,0.0,0.0,143.0,702.0940114544929,942.44928101443,0.043969869240969094,100.0,1.0,7.123059618020849
41,2018,3,4,1.8925442311934095E18,165.52505063130053,7.13099143295827E-4,0.0,39.36528450467462,0.0,313.20000000000397,263.75935828877004,612.849035428205,0.0,0.0,6.951871657754011,0.0,0.0,143.0,702.0940114544929,943.0879842229862,0.043962499211784196,100.0,1.0,7.124253752981596
44,2018,3,4,4.274909299870301E18,165.39439717543792,7.13099143295827E-4,0.0,39.36541915326999,0.0,313.20000000000397,263.59893048128345,612.3508382486641,0.0,0.0,6.919786096256685,0.0,0.0,143.0,702.0940114544929,942.358037698922,0.04399722742838928,100.0,1.0,7.118630384375339
45,2018,3,4,6.586007515238528E18,165.55526533107002,7.13099143295827E-4,0.0,39.49694538418623,0.0,313.20000000000397,263.3449197860963,615.0187490749926,0.0,0.0,6.8689839572192515,0.0,0.0,143.0,702.0940114544929,941.2022890358204,0.04395447582628718,100.0,1.0,7.125554203804047
42,2018,3,4,1.936069585034968E18,165.5027512324773,7.13099143295827E-4,0.0,39.44339867757932,0.0,313.20000000000397,263.4652406417112,613.9776561654173,0.0,0.0,6.893048128342246,0.0,0.0,143.0,702.0940114544929,941.7497489288685,0.04396842260155193,100.0,1.0,7.123293979369391
43,2018,3,4,4.2803926544300943E18,165.44152999013698,7.13099143295827E-4,0.0,39.41298380638751,0.0,313.20000000000397,263.4852941176471,613.3109326009505,0.0,0.0,6.897058823529412,0.0,0.0,143.0,702.0940114544929,941.8409922443765,0.043984693011137506,100.0,1.0,7.120658996544493
48,2018,3,4,7.316657466226932E18,165.5390360027433,7.13099143295827E-4,0.0,39.42103104793294,0.0,313.20000000000397,263.5855614973262,613.7712734512702,0.0,0.0,6.9171122994652405,0.0,0.0,143.0,702.0940114544929,942.2972088219166,0.043958785091562806,100.0,1.0,7.1248556880639935
49,2018,3,4,1.7886973295216548E18,165.4959879591966,7.13099143295827E-4,0.0,39.440735293592816,0.0,313.20000000000397,263.4652406417112,613.9140813335051,0.0,0.0,6.893048128342246,0.0,0.0,143.0,702.0940114544929,941.7497489288685,0.04397021944545998,100.0,1.0,7.123002885816676
46,2018,3,4,3.898563936708942E18,165.48091074725303,7.13099143295827E-4,0.0,39.45281065439411,0.0,313.20000000000397,263.4050802139037,614.0460853471444,0.0,0.0,6.8810160427807485,0.0,0.0,143.0,702.0940114544929,941.4760189823444,0.043974225637562765,100.0,1.0,7.12235395755255
47,2018,3,4,7.117891878976512E17,165.5092899868809,7.13099143295827E-4,0.0,39.48699880353407,0.0,313.20000000000397,263.3181818181818,614.7082381648506,0.0,0.0,6.863636363636363,0.0,0.0,143.0,702.0940114544929,941.0806312818097,0.043966685546689845,100.0,1.0,7.123575409554248
52,2018,3,4,7.082481113405546E18,165.47276851133716,7.13099143295827E-4,0.0,39.37633354178745,0.0,313.20000000000397,263.65909090909093,612.8137995904958,0.0,0.0,6.931818181818182,0.0,0.0,143.0,702.0940114544929,942.6317676454461,0.04397638942875683,100.0,1.0,7.122003512985032
53,2018,3,4,4.635502054826138E18,165.5794789960306,7.13099143295827E-4,0.0,39.49797517856026,0.0,313.20000000000397,263.3716577540107,615.1246999974331,0.0,0.0,6.874331550802139,0.0,0.0,143.0,702.0940114544929,941.3239467898311,0.04394804810373596,100.0,1.0,7.126596368073495
50,2018,3,4,1.737773213412058E18,165.52448287347636,7.13099143295827E-4,0.0,39.40765452938436,0.0,313.20000000000397,263.61229946524065,613.5128161464228,0.0,0.0,6.922459893048129,0.0,0.0,143.0,702.0940114544929,942.4188665759273,0.043962650005506455,100.0,1.0,7.124229316494222
51,2018,3,4,7.755894565059676E18,165.4462078220843,7.13099143295827E-4,0.0,39.41450646187394,0.0,313.20000000000397,263.4852941176471,613.3549042648812,0.0,0.0,6.897058823529412,0.0,0.0,143.0,702.0940114544929,941.8409922443765,0.04398344938636751,100.0,1.0,7.120860332002042
56,2018,3,4,3.2777485401579377E18,165.41053010106342,7.13099143295827E-4,0.0,39.368661858976516,0.0,313.20000000000397,263.59893048128345,612.5024879000022,0.0,0.0,6.919786096256685,0.0,0.0,143.0,702.0940114544929,942.358037698922,0.043992936262661174,100.0,1.0,7.119324750910777
57,2018,3,4,8.256006970224683E18,165.48209014054908,7.13099143295827E-4,0.0,39.36334529621966,0.0,313.20000000000397,263.71256684491976,612.6581074840052,0.0,0.0,6.942513368983957,0.0,0.0,143.0,702.0940114544929,942.8750831534675,0.04397391223260835,100.0,1.0,7.122404719035986
54,2018,3,4,6.302646066000695E18,165.46750272478482,7.13099143295827E-4,0.0,39.42022421063317,0.0,313.20000000000397,263.4986631016043,613.4942476718603,0.0,0.0,6.899732620320855,0.0,0.0,143.0,702.0940114544929,941.9018211213819,0.043977788919752125,100.0,1.0,7.121776871763869
55,2018,3,4,6.865215925804663E18,165.36520590634294,7.13099143295827E-4,0.0,39.365946194135105,0.0,313.20000000000397,263.55882352941177,612.2589266779437,0.0,0.0,6.911764705882353,0.0,0.0,143.0,702.0940114544929,942.1755510679059,0.044004994085820266,100.0,1.0,7.1173739823527535
58,2018,3,4,2.850549735506946E18,165.57935760933788,7.13099143295827E-4,0.0,39.46843652407619,0.0,313.20000000000397,263.47192513368987,614.6673423838489,0.0,0.0,6.894385026737968,0.0,0.0,143.0,702.0940114544929,941.7801633673712,0.043948080322173524,100.0,1.0,7.126591143549502
59,2018,3,4,1.4712068369678991E18,165.65496780823443,7.13099143295827E-4,0.0,39.529150724330336,0.0,313.20000000000397,263.3582887700535,615.8951244131777,0.0,0.0,6.871657754010696,0.0,0.0,143.0,702.0940114544929,941.2631179128257,0.043928021019767845,100.0,1.0,7.129845431895562
40,2018,7,11,7.937907956999934E18,146.97983036729562,7.753123095206779E-5,0.0,42.723563983578224,0.0,428.25823203060526,231.4866310160428,589.1147329654451,0.0,0.0,4.997326203208556,0.0,0.0,100.69999999999858,663.0552945758691,789.0185242245468,0.0678683265116136,100.0,1.0,6.310133961492655
41,2018,7,11,1.8925442311934095E18,147.0905523365587,7.753123095206779E-5,0.0,42.778856445589106,0.0,428.28545865998205,231.45989304812835,590.2745578459367,0.0,0.0,4.991978609625669,0.0,0.0,100.69999999999858,663.0552945758691,788.8968664705361,0.06782155033243802,100.0,1.0,6.314887473976537
44,2018,7,11,4.274909299870301E18,147.1251284326655,7.753123095206779E-5,0.0,42.78809874416136,0.0,428.1630150491316,231.46657754010695,590.5683407332118,0.0,0.0,4.99331550802139,0.0,0.0,100.69999999999858,663.0552945758691,788.9272809090388,0.06778622637120671,100.0,1.0,6.316371893966364
45,2018,7,11,6.586007515238528E18,147.0385635521751,7.753123095206779E-5,0.0,42.75355703866955,0.0,428.3214107495927,231.47326203208556,589.7262643108153,0.0,0.0,4.994652406417113,0.0,0.0,100.69999999999858,663.0552945758691,788.9576953475415,0.06785122540403804,100.0,1.0,6.312655492941207
42,2018,7,11,1.936069585034968E18,147.17063873863032,7.753123095206779E-5,0.0,42.80418734139757,0.0,428.25241976746963,231.47994652406416,590.9342320805986,0.0,0.0,4.995989304812834,0.0,0.0,100.69999999999858,663.0552945758691,788.9881097860441,0.06777941456523937,100.0,1.0,6.318325741147647
43,2018,7,11,4.2803926544300943E18,147.0466479174242,7.753123095206779E-5,0.0,42.74567812082111,0.0,428.20782778455816,231.5,589.6804083357644,0.0,0.0,5.0,0.0,0.0,100.69999999999858,663.0552945758691,789.0793531015521,0.06782950315481703,100.0,1.0,6.3130025706837
48,2018,7,11,7.316657466226932E18,147.12854188736614,7.753123095206779E-5,0.0,42.79874437048585,0.0,428.2917053849199,231.4398395721925,590.7220042082341,0.0,0.0,4.987967914438503,0.0,0.0,100.69999999999858,663.0552945758691,788.8056231550281,0.06780502731565467,100.0,1.0,6.316518440307993
49,2018,7,11,1.7886973295216548E18,147.08298045413,7.753123095206779E-5,0.0,42.76838994088795,0.0,428.24632780912935,231.47994652406416,590.1123179660112,0.0,0.0,4.995989304812834,0.0,0.0,100.69999999999858,663.0552945758691,788.9881097860441,0.0678188448871462,100.0,1.0,6.314562398132137
46,2018,7,11,3.898563936708942E18,147.15730009506308,7.753123095206779E-5,0.0,42.79893904869456,0.0,428.24348360081154,231.47326203208556,590.8395788260733,0.0,0.0,4.994652406417113,0.0,0.0,100.69999999999858,663.0552945758691,788.9576953475415,0.06778414377897127,100.0,1.0,6.317753086875546
47,2018,7,11,7.117891878976512E17,147.00259859896659,7.753123095206779E-5,0.0,42.74010289881499,0.0,428.2647109428561,231.47326203208556,589.3890445849111,0.0,0.0,4.994652406417113,0.0,0.0,100.69999999999858,663.0552945758691,788.9576953475415,0.06785884143673691,100.0,1.0,6.31111144657718
52,2018,7,11,7.082481113405546E18,146.95089489127446,7.753123095206779E-5,0.0,42.71308037203802,0.0,428.22530147928575,231.4933155080214,588.8130095880365,0.0,0.0,4.998663101604278,0.0,0.0,100.69999999999858,663.0552945758691,789.0489386630495,0.06787647047063443,100.0,1.0,6.308891704446388
53,2018,7,11,4.635502054826138E18,147.086401055434,7.753123095206779E-5,0.0,42.7697470444058,0.0,428.3433711770391,231.47994652406416,590.1443906960269,0.0,0.0,4.995989304812834,0.0,0.0,100.69999999999858,663.0552945758691,788.9881097860441,0.06783263553890945,100.0,1.0,6.314709251291546
50,2018,7,11,1.737773213412058E18,147.04598839860296,7.753123095206779E-5,0.0,42.758935705234,0.0,428.2914140894728,231.46657754010695,589.8262966538032,0.0,0.0,4.99331550802139,0.0,0.0,100.69999999999858,663.0552945758691,788.9272809090388,0.0678430477783309,100.0,1.0,6.31297425624014
51,2018,7,11,7.755894565059676E18,147.04737108692615,7.753123095206779E-5,0.0,42.75000948124079,0.0,428.1948071356514,231.4933155080214,589.7176034593373,0.0,0.0,4.998663101604278,0.0,0.0,100.69999999999858,663.0552945758691,789.0489386630495,0.06782710707098445,100.0,1.0,6.3130336177765045
56,2018,7,11,3.2777485401579377E18,147.05363437556784,7.753123095206779E-5,0.0,42.75578968271348,0.0,428.18402652526123,231.47994652406416,589.8371590769775,0.0,0.0,4.995989304812834,0.0,0.0,100.69999999999858,663.0552945758691,788.9881097860441,0.06782251058557233,100.0,1.0,6.313302513109084
57,2018,7,11,8.256006970224683E18,147.11996263161245,7.753123095206779E-5,0.0,42.780551767865106,0.0,428.2464511169749,231.4866310160428,590.4286610967927,0.0,0.0,4.997326203208556,0.0,0.0,100.69999999999858,663.0552945758691,789.0185242245468,0.06780181649517793,100.0,1.0,6.316150115940211
54,2018,7,11,6.302646066000695E18,147.05973245100844,7.753123095206779E-5,0.0,42.757427784776354,0.0,428.2248259410127,231.4866310160428,589.8639222835197,0.0,0.0,4.997326203208556,0.0,0.0,100.69999999999858,663.0552945758691,789.0185242245468,0.06782616039703833,100.0,1.0,6.313564315513153
55,2018,7,11,6.865215925804663E18,146.9563599762055,7.753123095206779E-5,0.0,42.72239072604478,0.0,428.11710777460735,231.47326203208556,588.955495412657,0.0,0.0,4.994652406417113,0.0,0.0,100.69999999999858,663.0552945758691,788.9576953475415,0.06785679748547097,100.0,1.0,6.309126331319612
58,2018,7,11,2.850549735506946E18,147.08689759976446,7.753123095206779E-5,0.0,42.77202492352027,0.0,428.3368307875807,231.47994652406416,590.1490464658252,0.0,0.0,4.995989304812834,0.0,0.0,100.69999999999858,663.0552945758691,788.9881097860441,0.06783137081031748,100.0,1.0,6.314730568918838
59,2018,7,11,1.4712068369678991E18,147.11762213672836,7.753123095206779E-5,0.0,42.79048458152802,0.0,428.41806087396856,231.45320855614975,590.5587880072223,0.0,0.0,4.990641711229946,0.0,0.0,100.69999999999858,663.0552945758691,788.8664520320334,0.06783006558022073,100.0,1.0,6.316049633879396
40,2018,11,12,7.937907956999934E18,124.80683545838188,2.981970421233375E-4,0.0,35.02973139621212,0.0,745.1653345063289,344.58422459893046,409.19515668714604,0.0,0.0,4.816844919786096,0.0,0.0,88.0,202.9527060054526,758.091669027052,0.13942083939533007,100.0,1.0,5.344719897958728
41,2018,11,12,1.8925442311934095E18,124.75204167712891,2.981970421233375E-4,0.0,34.99985377606416,0.0,745.4846418764548,344.59090909090907,408.6522698447664,0.0,0.0,4.818181818181818,0.0,0.0,88.0,202.9527060054526,758.1220834655547,0.13954184485105553,100.0,1.0,5.3423734125929885
44,2018,11,12,4.274909299870301E18,124.53247115627055,2.981970421233375E-4,0.0,34.84946586009179,0.0,745.5950927764972,344.677807486631,406.2032944911838,0.0,0.0,4.8355614973262036,0.0,0.0,88.0,202.9527060054526,758.5174711660894,0.13980859023363953,100.0,1.0,5.332970538723725
45,2018,11,12,6.586007515238528E18,124.75567519658806,2.981970421233375E-4,0.0,34.96449312716733,0.0,745.328920620124,344.677807486631,408.29086553448457,0.0,0.0,4.8355614973262036,0.0,0.0,88.0,202.9527060054526,758.5174711660894,0.13950863320340598,100.0,1.0,5.3425290141967166
42,2018,11,12,1.936069585034968E18,124.79906857920783,2.981970421233375E-4,0.0,35.0114028434948,0.0,745.7502522560916,344.63101604278074,408.90961395738896,0.0,0.0,4.82620320855615,0.0,0.0,88.0,202.9527060054526,758.3045700965707,0.13953896150151873,100.0,1.0,5.344387289624303
43,2018,11,12,4.2803926544300943E18,124.75606438005876,2.981970421233375E-4,0.0,35.01920920202026,0.0,745.3580821302062,344.53743315508024,408.9332086777963,0.0,0.0,4.807486631016043,0.0,0.0,88.0,202.9527060054526,757.8787679575333,0.13951365635331933,100.0,1.0,5.342545680564643
48,2018,11,12,7.316657466226932E18,124.76879903331701,2.981970421233375E-4,0.0,35.00307886967573,0.0,745.6077960273442,344.60427807486633,408.74816828994767,0.0,0.0,4.820855614973262,0.0,0.0,88.0,202.9527060054526,758.18291234256,0.13954615260063982,100.0,1.0,5.343091028537074
49,2018,11,12,1.7886973295216548E18,124.80048270935406,2.981970421233375E-4,0.0,35.021063957172444,0.0,745.4760142025015,344.58422459893046,409.1357410291812,0.0,0.0,4.816844919786096,0.0,0.0,88.0,202.9527060054526,758.091669027052,0.13948606766695446,100.0,1.0,5.34444784824278
46,2018,11,12,3.898563936708942E18,124.80492397815443,2.981970421233375E-4,0.0,35.00910643645486,0.0,745.7050613347408,344.63101604278074,408.96437802559745,0.0,0.0,4.82620320855615,0.0,0.0,88.0,202.9527060054526,758.3045700965707,0.13952395945896742,100.0,1.0,5.3446380408523675
47,2018,11,12,7.117891878976512E17,124.76915770626243,2.981970421233375E-4,0.0,35.01074983967279,0.0,745.2052486767508,344.58422459893046,408.8427661829716,0.0,0.0,4.816844919786096,0.0,0.0,88.0,202.9527060054526,758.091669027052,0.13947041187597825,100.0,1.0,5.343106388324229
52,2018,11,12,7.082481113405546E18,124.7988595357014,2.981970421233375E-4,0.0,35.038252577976,0.0,745.0333044009108,344.54411764705884,409.3030465267792,0.0,0.0,4.8088235294117645,0.0,0.0,88.0,202.9527060054526,757.909182396036,0.1394050453286678,100.0,1.0,5.344378337558628
53,2018,11,12,4.635502054826138E18,124.82161979328725,2.981970421233375E-4,0.0,35.05386299399735,0.0,745.4826011999562,344.54411764705884,409.5159174703636,0.0,0.0,4.8088235294117645,0.0,0.0,88.0,202.9527060054526,757.909182396036,0.1394636796148244,100.0,1.0,5.3453530213662495
50,2018,11,12,1.737773213412058E18,124.78072774670346,2.981970421233375E-4,0.0,34.98759244191606,0.0,745.3559645155464,344.65106951871655,408.6468334654386,0.0,0.0,4.830213903743315,0.0,0.0,88.0,202.9527060054526,758.3958134120787,0.13948568467976602,100.0,1.0,5.343601862992244
51,2018,11,12,7.755894565059676E18,124.99973122191503,2.981970421233375E-4,0.0,35.169827152206274,0.0,745.3494229746292,344.47727272727275,411.4858930847689,0.0,0.0,4.795454545454546,0.0,0.0,88.0,202.9527060054526,757.6050380110092,0.13924007931965085,100.0,1.0,5.352980453735195
56,2018,11,12,3.2777485401579377E18,124.74788581605306,2.981970421233375E-4,0.0,35.032682644013384,0.0,745.3752743210138,344.49732620320856,409.0392032642707,0.0,0.0,4.7994652406417115,0.0,0.0,88.0,202.9527060054526,757.6962813265172,0.13952602116049198,100.0,1.0,5.342195442265456
57,2018,11,12,8.256006970224683E18,124.67486100279565,2.981970421233375E-4,0.0,34.863267963068665,0.0,745.5858211374332,344.831550802139,406.83549869517685,0.0,0.0,4.866310160427807,0.0,0.0,88.0,202.9527060054526,759.217003251651,0.1396471797492376,100.0,1.0,5.339068232357222
54,2018,11,12,6.302646066000695E18,124.87858605254429,2.981970421233375E-4,0.0,35.094164298515516,0.0,745.3724746846007,344.51737967914437,410.1703662666028,0.0,0.0,4.803475935828877,0.0,0.0,88.0,202.9527060054526,757.7875246420253,0.13937946713513302,100.0,1.0,5.347792540790368
55,2018,11,12,6.865215925804663E18,124.82537914633767,2.981970421233375E-4,0.0,35.005151545485504,0.0,745.0567347102716,344.677807486631,408.942788980377,0.0,0.0,4.8355614973262036,0.0,0.0,88.0,202.9527060054526,758.5174711660894,0.13937981138673666,100.0,1.0,5.345514011659589
58,2018,11,12,2.850549735506946E18,124.61396436452534,2.981970421233375E-4,0.0,34.9748505722904,0.0,745.4602216495782,344.4639037433155,407.93874192787416,0.0,0.0,4.792780748663102,0.0,0.0,88.0,202.9527060054526,757.544209134004,0.139691886749552,100.0,1.0,5.3364603986349195
59,2018,11,12,1.4712068369678991E18,124.8079704251036,2.981970421233375E-4,0.0,35.04874023117029,0.0,745.5937237954766,344.54411764705884,409.38825837539747,0.0,0.0,4.8088235294117645,0.0,0.0,88.0,202.9527060054526,757.909182396036,0.1394997226836367,100.0,1.0,5.3447685017006465
40,2019,3,1,7.937907956999934E18,167.7168726907522,7.696643144082784E-4,0.0,37.25401231116705,0.0,301.60000000000383,255.64304812834226,583.2436434814645,0.0,0.0,6.228609625668449,0.0,0.0,143.0,875.996282877761,981.4245679911738,0.04209802405201637,100.0,1.0,7.16423173751211
41,2019,3,1,1.8925442311934095E18,167.80602360545012,7.696643144082784E-4,0.0,37.323055895091414,0.0,301.60000000000383,255.52941176470588,584.5923977558423,0.0,0.0,6.205882352941177,0.0,0.0,143.0,875.996282877761,980.9075225366283,0.042075658482112706,100.0,1.0,7.1680399280790965
44,2019,3,1,4.274909299870301E18,167.72534701915546,7.696643144082784E-4,0.0,37.317272953530775,0.0,301.60000000000383,255.43582887700535,584.2655499798138,0.0,0.0,6.18716577540107,0.0,0.0,143.0,875.996282877761,980.481720397591,0.04209589704803475,100.0,1.0,7.164593728834293
45,2019,3,1,6.586007515238528E18,167.76048274047858,7.696643144082784E-4,0.0,37.25642429341634,0.0,301.60000000000383,255.69652406417111,583.407175879755,0.0,0.0,6.239304812834225,0.0,0.0,143.0,875.996282877761,981.6678834991951,0.04208708049193422,100.0,1.0,7.166094594225988
42,2019,3,1,1.936069585034968E18,167.72961185328495,7.696643144082784E-4,0.0,37.30821493589404,0.0,301.60000000000383,255.4692513368984,584.1532653786312,0.0,0.0,6.19385026737968,0.0,0.0,143.0,875.996282877761,980.6337925901043,0.04209482668236427,100.0,1.0,7.164775906450279
43,2019,3,1,4.2803926544300943E18,167.75675159740078,7.696643144082784E-4,0.0,37.28779423268329,0.0,301.60000000000383,255.58288770053477,583.8894126661389,0.0,0.0,6.216577540106952,0.0,0.0,143.0,875.996282877761,981.1508380446497,0.042088016567040344,100.0,1.0,7.165935213877258
48,2019,3,1,7.316657466226932E18,167.93230016310218,7.696643144082784E-4,0.0,37.472486699807256,0.0,301.60000000000383,255.17513368983958,587.3824252417572,0.0,0.0,6.135026737967914,0.0,0.0,143.0,875.996282877761,979.2955572959867,0.04204401972465569,100.0,1.0,7.173433985978697
49,2019,3,1,1.7886973295216548E18,167.83249817329386,7.696643144082784E-4,0.0,37.31976465017958,0.0,301.60000000000383,255.56951871657753,584.6568982886868,0.0,0.0,6.213903743315508,0.0,0.0,143.0,875.996282877761,981.0900091676444,0.04206902129987939,100.0,1.0,7.169170821686516
46,2019,3,1,3.898563936708942E18,167.7514497347021,7.696643144082784E-4,0.0,37.3796860258127,0.0,301.60000000000383,255.2620320855615,585.2998434515105,0.0,0.0,6.152406417112299,0.0,0.0,143.0,875.996282877761,979.6909449965215,0.04208934677840632,100.0,1.0,7.165708738315176
47,2019,3,1,7.117891878976512E17,167.7973334984628,7.696643144082784E-4,0.0,37.342977515694336,0.0,301.60000000000383,255.44251336898395,584.9067135049418,0.0,0.0,6.188502673796791,0.0,0.0,143.0,875.996282877761,980.5121348360937,0.04207783755114891,100.0,1.0,7.16766871951025
52,2019,3,1,7.082481113405546E18,167.7959903784193,7.696643144082784E-4,0.0,37.4071054976294,0.0,301.60000000000383,255.22192513368984,585.897859708284,0.0,0.0,6.144385026737968,0.0,0.0,143.0,875.996282877761,979.5084583655054,0.04207817436245694,100.0,1.0,7.167611346491731
53,2019,3,1,4.635502054826138E18,167.85058636883164,7.696643144082784E-4,0.0,37.39757560592895,0.0,301.60000000000383,255.32219251336898,585.9509813344791,0.0,0.0,6.1644385026737964,0.0,0.0,143.0,875.996282877761,979.9646749430455,0.042064487787665875,100.0,1.0,7.16994348112421
50,2019,3,1,1.737773213412058E18,167.84253233880122,7.696643144082784E-4,0.0,37.36851339365385,0.0,301.60000000000383,255.4157754010695,585.450041348183,0.0,0.0,6.183155080213904,0.0,0.0,143.0,875.996282877761,980.390477082083,0.04206650627870699,100.0,1.0,7.169599443362049
51,2019,3,1,7.755894565059676E18,167.830493465824,7.696643144082784E-4,0.0,37.358326381691704,0.0,301.60000000000383,255.43582887700535,585.2464846944445,0.0,0.0,6.18716577540107,0.0,0.0,143.0,875.996282877761,980.481720397591,0.04206952380737672,100.0,1.0,7.169085188150371
56,2019,3,1,3.2777485401579377E18,167.8082640938904,7.696643144082784E-4,0.0,37.35984016012284,0.0,301.60000000000383,255.3957219251337,585.2215885435882,0.0,0.0,6.179144385026738,0.0,0.0,143.0,875.996282877761,980.299233766575,0.04207509670986066,100.0,1.0,7.1681356332883075
57,2019,3,1,8.256006970224683E18,167.7692416827647,7.696643144082784E-4,0.0,37.328000362497214,0.0,301.60000000000383,255.4558823529412,584.583809797182,0.0,0.0,6.1911764705882355,0.0,0.0,143.0,875.996282877761,980.5729637130989,0.04208488319816734,100.0,1.0,7.166468743178965
54,2019,3,1,6.302646066000695E18,167.81087550549333,7.696643144082784E-4,0.0,37.38427742905971,0.0,301.60000000000383,255.31550802139037,585.6109242484482,0.0,0.0,6.163101604278075,0.0,0.0,143.0,875.996282877761,979.9342605045429,0.042074441952560715,100.0,1.0,7.16824718293496
55,2019,3,1,6.865215925804663E18,167.88311562190313,7.696643144082784E-4,0.0,37.33573402359146,0.0,301.60000000000383,255.58288770053477,585.06829090922,0.0,0.0,6.216577540106952,0.0,0.0,143.0,875.996282877761,981.1508380446497,0.042056337317241885,100.0,1.0,7.171333008030553
58,2019,3,1,2.850549735506946E18,167.78447267355165,7.696643144082784E-4,0.0,37.37220676857336,0.0,301.60000000000383,255.32219251336898,585.334191886357,0.0,0.0,6.1644385026737964,0.0,0.0,143.0,875.996282877761,979.9646749430455,0.04208106285378121,100.0,1.0,7.167119353614508
59,2019,3,1,1.4712068369678991E18,167.71529887392987,7.696643144082784E-4,0.0,37.34238482513451,0.0,301.60000000000383,255.3422459893048,584.597610725,0.0,0.0,6.168449197860962,0.0,0.0,143.0,875.996282877761,980.0559182585536,0.04209841909396482,100.0,1.0,7.164164509997975
40,2019,7,9,7.937907956999934E18,142.4581319610356,2.819317489166101E-4,0.0,40.500928871125545,0.0,375.0555920025664,231.93582887700535,537.3235564949298,0.0,0.0,5.68716577540107,0.0,0.0,101.0,626.5746104559637,788.3591350499496,0.06178864807980837,100.0,1.0,6.069975693886868
41,2019,7,9,1.8925442311934095E18,142.77265448938712,2.819317489166101E-4,0.0,40.607849780389195,0.0,375.1163553647917,232.01604278074868,539.8854577201383,0.0,0.0,5.7032085561497325,0.0,0.0,101.0,626.5746104559637,788.7241083119817,0.061662518550381275,100.0,1.0,6.083377133846769
44,2019,7,9,4.274909299870301E18,142.62690462839709,2.819317489166101E-4,0.0,40.620735042923705,0.0,375.077810394834,231.80213903743316,539.5024049855623,0.0,0.0,5.660427807486631,0.0,0.0,101.0,626.5746104559637,787.7508462798961,0.06171918864175163,100.0,1.0,6.077166901398674
45,2019,7,9,6.586007515238528E18,142.6812517447021,2.819317489166101E-4,0.0,40.641651700676064,0.0,375.0714523365738,231.80213903743316,540.0081467809181,0.0,0.0,5.660427807486631,0.0,0.0,101.0,626.5746104559637,787.7508462798961,0.06169463405513909,100.0,1.0,6.0794825689598335
42,2019,7,9,1.936069585034968E18,142.73634112054287,2.819317489166101E-4,0.0,40.636809480210346,0.0,375.0933080522801,231.88235294117646,540.1558226111814,0.0,0.0,5.676470588235294,0.0,0.0,101.0,626.5746104559637,788.1158195419282,0.06167441649648213,100.0,1.0,6.081829863338476
43,2019,7,9,4.2803926544300943E18,142.6466855839149,2.819317489166101E-4,0.0,40.620994939091425,0.0,375.09071444459954,231.82219251336898,539.5952387037131,0.0,0.0,5.6644385026737964,0.0,0.0,101.0,626.5746104559637,787.8420895954042,0.061712753053031824,100.0,1.0,6.078009744959386
48,2019,7,9,7.316657466226932E18,142.6506242308302,2.819317489166101E-4,0.0,40.57696831464794,0.0,375.22337314281685,231.94919786096256,539.0540165167051,0.0,0.0,5.689839572192513,0.0,0.0,101.0,626.5746104559637,788.419963926955,0.06173287454342574,100.0,1.0,6.0781775661340305
49,2019,7,9,1.7886973295216548E18,142.5666326774726,2.819317489166101E-4,0.0,40.550517635770035,0.0,375.1262643893433,231.92914438502675,538.3636537070342,0.0,0.0,5.685828877005347,0.0,0.0,101.0,626.5746104559637,788.328720611447,0.06175325774727373,100.0,1.0,6.074598783509593
46,2019,7,9,3.898563936708942E18,142.506941240974,2.819317489166101E-4,0.0,40.5104851225696,0.0,375.06800500604925,231.975935828877,537.5952778245976,0.0,0.0,5.695187165775401,0.0,0.0,101.0,626.5746104559637,788.5416216809657,0.061769529468534784,100.0,1.0,6.072055400666567
47,2019,7,9,7.117891878976512E17,142.66398978678566,2.819317489166101E-4,0.0,40.63895350658392,0.0,375.1176654427952,231.78208556149733,539.9387542765036,0.0,0.0,5.656417112299465,0.0,0.0,101.0,626.5746104559637,787.6596029643881,0.06170970134594723,100.0,1.0,6.078747056963856
52,2019,7,9,7.082481113405546E18,142.75778464688554,2.819317489166101E-4,0.0,40.64673600923971,0.0,375.112415769205,231.87566844919786,540.3857855859914,0.0,0.0,5.675133689839572,0.0,0.0,101.0,626.5746104559637,788.0854051034256,0.06166829373354974,100.0,1.0,6.082743547112776
53,2019,7,9,4.635502054826138E18,142.55533012415862,2.819317489166101E-4,0.0,40.57087641669131,0.0,375.17136211714165,231.84893048128342,538.6234480010953,0.0,0.0,5.669786096256685,0.0,0.0,101.0,626.5746104559637,787.9637473494149,0.06176557845090126,100.0,1.0,6.074117194828396
50,2019,7,9,1.737773213412058E18,142.55095801393662,2.819317489166101E-4,0.0,40.56068716630599,0.0,375.14090781935414,231.87566844919786,538.4611043924625,0.0,0.0,5.675133689839572,0.0,0.0,101.0,626.5746104559637,788.0854051034256,0.061762458897035834,100.0,1.0,6.073930904285261
51,2019,7,9,7.755894565059676E18,142.63711175778806,2.819317489166101E-4,0.0,40.59824404146141,0.0,375.170071451574,231.86898395721926,539.2932458048027,0.0,0.0,5.67379679144385,0.0,0.0,101.0,626.5746104559637,788.0549906649229,0.061729952512647804,100.0,1.0,6.07760181533763
56,2019,7,9,3.2777485401579377E18,142.82600053629685,2.819317489166101E-4,0.0,40.66441199159983,0.0,375.1177207254906,231.9090909090909,540.8685148094188,0.0,0.0,5.681818181818182,0.0,0.0,101.0,626.5746104559637,788.2374772959389,0.06163971172582914,100.0,1.0,6.08565014700261
57,2019,7,9,8.256006970224683E18,142.71253859341496,2.819317489166101E-4,0.0,40.63468962954748,0.0,375.09608356539445,231.85561497326202,540.0559795088067,0.0,0.0,5.671122994652406,0.0,0.0,101.0,626.5746104559637,787.9941617879175,0.061685159395181086,100.0,1.0,6.080815665278111
54,2019,7,9,6.302646066000695E18,142.7815176351983,2.819317489166101E-4,0.0,40.66471167446298,0.0,375.1538355431865,231.85561497326202,540.697882645629,0.0,0.0,5.671122994652406,0.0,0.0,101.0,626.5746104559637,787.9941617879175,0.06166485155524604,100.0,1.0,6.0837547822049505
55,2019,7,9,6.865215925804663E18,142.64280228860557,2.819317489166101E-4,0.0,40.60318260916323,0.0,375.178469036711,231.86898395721926,539.3462005790016,0.0,0.0,5.67379679144385,0.0,0.0,101.0,626.5746104559637,788.0549906649229,0.061728871556029595,100.0,1.0,6.07784428225246
58,2019,7,9,2.850549735506946E18,142.67987700471372,2.819317489166101E-4,0.0,40.65462328114317,0.0,375.12900112339645,231.7620320855615,540.1778403970102,0.0,0.0,5.652406417112299,0.0,0.0,101.0,626.5746104559637,787.5683596488801,0.06170469464911083,100.0,1.0,6.07942399288418
59,2019,7,9,1.4712068369678991E18,142.75928337859824,2.819317489166101E-4,0.0,40.66083531804483,0.0,375.05893524314115,231.8355614973262,540.5822190704731,0.0,0.0,5.6671122994652405,0.0,0.0,101.0,626.5746104559637,787.9029184724095,0.06165885424100739,100.0,1.0,6.082807406331938
40,2019,11,13,7.937907956999934E18,131.4635332175004,2.9257068283799174E-4,0.0,37.94412395345939,0.0,638.4869698752628,354.00267379679144,463.38844865691766,0.0,0.0,5.2005347593582885,0.0,0.0,88.0,145.69976169136797,756.907082367391,0.1142719535354761,100.0,1.0,5.587433750111242
41,2019,11,13,1.8925442311934095E18,131.4815009063339,2.9257068283799174E-4,0.0,37.95236634277679,0.0,639.2520628262085,354.00267379679144,463.5552317172059,0.0,0.0,5.2005347593582885,0.0,0.0,88.0,145.69976169136797,756.907082367391,0.1143932499267388,100.0,1.0,5.588197408812204
44,2019,11,13,4.274909299870301E18,131.4367029451136,2.9257068283799174E-4,0.0,37.92103944268763,0.0,638.911932696182,354.02941176470586,463.0177419028644,0.0,0.0,5.205882352941177,0.0,0.0,88.0,145.69976169136797,757.0287401214017,0.11437135236792731,100.0,1.0,5.586293415861974
45,2019,11,13,6.586007515238528E18,131.36251835139845,2.9257068283799174E-4,0.0,37.86355984085075,0.0,639.0363570759201,354.08957219251334,462.0554017694249,0.0,0.0,5.217914438502674,0.0,0.0,88.0,145.69976169136797,757.3024700679258,0.11445822724306727,100.0,1.0,5.583140438815651
42,2019,11,13,1.936069585034968E18,131.2832772170349,2.9257068283799174E-4,0.0,37.836787142580626,0.0,639.1666963594084,354.06283422459893,461.44151256398163,0.0,0.0,5.212566844919786,0.0,0.0,88.0,145.69976169136797,757.1808123139151,0.1145506722100166,100.0,1.0,5.57977254980716
43,2019,11,13,4.2803926544300943E18,131.2569691037574,2.9257068283799174E-4,0.0,37.810266600462036,0.0,638.9553505320569,354.1029411764706,461.01482381640665,0.0,0.0,5.220588235294118,0.0,0.0,88.0,145.69976169136797,757.3632989449311,0.11453574711267034,100.0,1.0,5.578654408247828
48,2019,11,13,7.316657466226932E18,131.22869412202033,2.9257068283799174E-4,0.0,37.83168016923645,0.0,638.9605182192118,354.00935828877004,461.1781666025794,0.0,0.0,5.201871657754011,0.0,0.0,88.0,145.69976169136797,756.9374968058937,0.11456135190692648,100.0,1.0,5.57745267128416
49,2019,11,13,1.7886973295216548E18,131.29829910375562,2.9257068283799174E-4,0.0,37.86795323432349,0.0,638.7691593767225,354.00267379679144,461.85468149243667,0.0,0.0,5.2005347593582885,0.0,0.0,88.0,145.69976169136797,756.907082367391,0.11446632848577161,100.0,1.0,5.580411006684143
46,2019,11,13,3.898563936708942E18,131.2971742225366,2.9257068283799174E-4,0.0,37.86043939044515,0.0,638.6190740142093,354.00935828877004,461.8138254699363,0.0,0.0,5.201871657754011,0.0,0.0,88.0,145.69976169136797,756.9374968058937,0.11444041390187591,100.0,1.0,5.580363197233605
47,2019,11,13,7.117891878976512E17,131.2980251298362,2.9257068283799174E-4,0.0,37.86886618880835,0.0,638.9884489129441,353.99598930481284,461.88255279870117,0.0,0.0,5.199197860962567,0.0,0.0,88.0,145.69976169136797,756.8766679288883,0.11450586372530179,100.0,1.0,5.580399362305758
52,2019,11,13,7.082481113405546E18,131.5196881042779,2.9257068283799174E-4,0.0,37.983884079271036,0.0,639.2225698171202,353.9692513368984,464.06177229994927,0.0,0.0,5.19385026737968,0.0,0.0,88.0,145.69976169136797,756.7550101748776,0.11435475924982959,100.0,1.0,5.589820432576992
53,2019,11,13,4.635502054826138E18,131.48796897804405,2.9257068283799174E-4,0.0,37.979435717849256,0.0,638.7442004322864,353.94251336898395,463.8890008153411,0.0,0.0,5.188502673796791,0.0,0.0,88.0,145.69976169136797,756.6333524208669,0.11429674598300033,100.0,1.0,5.588472313352549
50,2019,11,13,1.737773213412058E18,131.36140080059,2.9257068283799174E-4,0.0,37.8724747041861,0.0,638.7336567599425,354.06283422459893,462.16668598315465,0.0,0.0,5.212566844919786,0.0,0.0,88.0,145.69976169136797,757.1808123139151,0.1144049836746262,100.0,1.0,5.583092940920603
51,2019,11,13,7.755894565059676E18,131.17508760835815,2.9257068283799174E-4,0.0,37.744857692551754,0.0,638.9238072318373,354.1697860962567,459.9506236161744,0.0,0.0,5.233957219251337,0.0,0.0,88.0,145.69976169136797,757.6674433299578,0.11460158426312832,100.0,1.0,5.575174299203849
56,2019,11,13,3.2777485401579377E18,131.30221083243433,2.9257068283799174E-4,0.0,37.885642699489324,0.0,639.3908721693215,353.95588235294116,462.10389274553535,0.0,0.0,5.1911764705882355,0.0,0.0,88.0,145.69976169136797,756.6941812978723,0.11457432486622687,100.0,1.0,5.580577262103467
57,2019,11,13,8.256006970224683E18,131.37721786882466,2.9257068283799174E-4,0.0,37.85629362016617,0.0,639.1180202777961,354.1229946524064,462.03977620195303,0.0,0.0,5.224598930481283,0.0,0.0,88.0,145.69976169136797,757.4545422604393,0.1144600458693949,100.0,1.0,5.583765194424823
54,2019,11,13,6.302646066000695E18,131.49634932940657,2.9257068283799174E-4,0.0,37.98135610011034,0.0,639.2818439047637,353.94919786096256,463.9363760502617,0.0,0.0,5.189839572192513,0.0,0.0,88.0,145.69976169136797,756.6637668593696,0.11438566144682047,100.0,1.0,5.588828493175912
55,2019,11,13,6.865215925804663E18,131.32569431840656,2.9257068283799174E-4,0.0,37.92139360606142,0.0,638.9459316975641,353.88235294117646,462.6564343988542,0.0,0.0,5.176470588235294,0.0,0.0,88.0,145.69976169136797,756.3596224743428,0.11447412090755177,100.0,1.0,5.581575351983449
58,2019,11,13,2.850549735506946E18,131.32452325507236,2.9257068283799174E-4,0.0,37.78779629989884,0.0,639.033011188957,354.2433155080214,461.00318445539835,0.0,0.0,5.248663101604278,0.0,0.0,88.0,145.69976169136797,758.0020021534874,0.11449074308856788,100.0,1.0,5.581525579710955
59,2019,11,13,1.4712068369678991E18,131.5553807708306,2.9257068283799174E-4,0.0,37.98952370351536,0.0,639.2156869757299,353.99598930481284,464.2714277277641,0.0,0.0,5.199197860962567,0.0,0.0,88.0,145.69976169136797,756.8766679288883,0.1143225023500779,100.0,1.0,5.5913374343252755
40,2020,3,1,7.937907956999934E18,179.013808369468,0.025507774983230303,0.0,38.24819516653715,0.0,255.20000000000226,256.31417112299465,634.3489000540932,0.0,0.0,6.06283422459893,0.0,0.0,143.0,1000.2115419853924,1023.1535183045041,0.03362630387905829,100.0,1.0,7.589296787356255
41,2020,3,1,1.8925442311934095E18,178.8706816819049,0.025507774983230303,0.0,38.214287016785605,0.0,255.20000000000226,256.25401069518716,633.2974091535295,0.0,0.0,6.050802139037433,0.0,0.0,143.0,1000.2115419853924,1022.87978835798,0.03365321058866525,100.0,1.0,7.5832289263347805
44,2020,3,1,4.274909299870301E18,178.94884501301567,0.025507774983230303,0.0,38.19720838579193,0.0,255.20000000000226,256.4211229946524,633.2607683973746,0.0,0.0,6.084224598930481,0.0,0.0,143.0,1000.2115419853924,1023.6401493205469,0.033638511152957754,100.0,1.0,7.58654266354363
45,2020,3,1,6.586007515238528E18,178.83360941449573,0.025507774983230303,0.0,38.185985811167136,0.0,255.20000000000226,256.31417112299465,632.6804242735192,0.0,0.0,6.06283422459893,0.0,0.0,143.0,1000.2115419853924,1023.1535183045041,0.03366018691054458,100.0,1.0,7.581657246236411
42,2020,3,1,1.936069585034968E18,179.08659216554625,0.025507774983230303,0.0,38.24511158064067,0.0,255.20000000000226,256.4211229946524,634.5361797219015,0.0,0.0,6.084224598930481,0.0,0.0,143.0,1000.2115419853924,1023.6401493205469,0.03361263758492202,100.0,1.0,7.592382458985607
43,2020,3,1,4.2803926544300943E18,179.0149981121037,0.025507774983230303,0.0,38.33703788588479,0.0,255.20000000000226,256.0,635.7893945809446,0.0,0.0,6.0,0.0,0.0,143.0,1000.2115419853924,1021.7240396948785,0.03362608039696016,100.0,1.0,7.589347226537669
48,2020,3,1,7.316657466226932E18,179.06520240079837,0.025507774983230303,0.0,38.27934842223325,0.0,255.20000000000226,256.26737967914437,635.0376623546243,0.0,0.0,6.053475935828877,0.0,0.0,143.0,1000.2115419853924,1022.9406172349854,0.03361665269450709,100.0,1.0,7.591475639146595
49,2020,3,1,1.7886973295216548E18,179.02674170330337,0.025507774983230303,0.0,38.20289917904253,0.0,255.20000000000226,256.4946524064171,633.647460932664,0.0,0.0,6.098930481283422,0.0,0.0,143.0,1000.2115419853924,1023.9747081440763,0.033623874631843194,100.0,1.0,7.589845096505249
46,2020,3,1,3.898563936708942E18,179.01330637358595,0.025507774983230303,0.0,38.30591075270978,0.0,255.20000000000226,256.10026737967917,635.317514068262,0.0,0.0,6.020053475935829,0.0,0.0,143.0,1000.2115419853924,1022.1802562724185,0.03362639817521109,100.0,1.0,7.58927550522292
47,2020,3,1,7.117891878976512E17,179.02505145290226,0.025507774983230303,0.0,38.286745925822544,0.0,255.20000000000226,256.1938502673797,635.0004605087234,0.0,0.0,6.038770053475936,0.0,0.0,143.0,1000.2115419853924,1022.6060584114559,0.033624192088909204,100.0,1.0,7.589773438279247
52,2020,3,1,7.082481113405546E18,179.07181538554374,0.025507774983230303,0.0,38.27109780056197,0.0,255.20000000000226,256.30748663101605,634.9164058505369,0.0,0.0,6.061497326203209,0.0,0.0,143.0,1000.2115419853924,1023.1231038660014,0.033615411257316125,100.0,1.0,7.591755996870632
53,2020,3,1,4.635502054826138E18,178.8786883780708,0.025507774983230303,0.0,38.225852475363304,0.0,255.20000000000226,256.22727272727275,633.4932015141338,0.0,0.0,6.045454545454546,0.0,0.0,143.0,1000.2115419853924,1022.7581306039693,0.033651704254765775,100.0,1.0,7.583568370504168
50,2020,3,1,1.737773213412058E18,178.92171885848137,0.025507774983230303,0.0,38.187245725153744,0.0,255.20000000000226,256.4211229946524,633.0096052767667,0.0,0.0,6.084224598930481,0.0,0.0,143.0,1000.2115419853924,1023.6401493205469,0.03364361105618737,100.0,1.0,7.585392649255129
51,2020,3,1,7.755894565059676E18,178.95279134576276,0.025507774983230303,0.0,38.211988922652296,0.0,255.20000000000226,256.36764705882354,633.5406232993739,0.0,0.0,6.073529411764706,0.0,0.0,143.0,1000.2115419853924,1023.3968338125255,0.033637769344142567,100.0,1.0,7.586709968461119
56,2020,3,1,3.2777485401579377E18,178.97887617673686,0.025507774983230303,0.0,38.19898841215723,0.0,255.20000000000226,256.44786096256684,633.4171714641839,0.0,0.0,6.089572192513369,0.0,0.0,143.0,1000.2115419853924,1023.7618070745576,0.03363286689114682,100.0,1.0,7.5878158358001455
57,2020,3,1,8.256006970224683E18,178.9980224390156,0.025507774983230303,0.0,38.29578496238207,0.0,255.20000000000226,256.1270053475936,635.0543412057625,0.0,0.0,6.025401069518717,0.0,0.0,143.0,1000.2115419853924,1022.3019140264292,0.03362926940061646,100.0,1.0,7.588627542271976
54,2020,3,1,6.302646066000695E18,178.91962333652558,0.025507774983230303,0.0,38.198222305478595,0.0,255.20000000000226,256.38101604278074,633.1726893111845,0.0,0.0,6.07620320855615,0.0,0.0,143.0,1000.2115419853924,1023.4576626895308,0.03364400509304217,100.0,1.0,7.585303809527111
55,2020,3,1,6.865215925804663E18,179.04209374316846,0.025507774983230303,0.0,38.22497160701299,0.0,255.20000000000226,256.44117647058823,634.0329221412572,0.0,0.0,6.088235294117647,0.0,0.0,143.0,1000.2115419853924,1023.7313926360549,0.033620991538527205,100.0,1.0,7.590495946782583
58,2020,3,1,2.850549735506946E18,178.94027075900772,0.025507774983230303,0.0,38.24168064898157,0.0,255.20000000000226,256.24732620320856,633.9721541307758,0.0,0.0,6.0494652406417115,0.0,0.0,143.0,1000.2115419853924,1022.8493739194773,0.03364012300443123,100.0,1.0,7.586179157739292
59,2020,3,1,1.4712068369678991E18,178.82145869703675,0.025507774983230303,0.0,38.16890903714822,0.0,255.20000000000226,256.36096256684493,632.3550187901989,0.0,0.0,6.072192513368984,0.0,0.0,143.0,1000.2115419853924,1023.3664193740228,0.033662474082474324,100.0,1.0,7.581142116136582
40,2020,7,5,7.937907956999934E18,145.70276319854926,5.100738878425512E-5,0.0,42.21519935863484,0.0,389.5533097583324,223.62566844919786,568.4740230534376,0.0,0.0,4.925133689839572,0.0,0.0,101.30000000000143,660.2875331907414,777.2124280606091,0.06322308051833793,100.0,1.0,6.16156799960644
41,2020,7,5,1.8925442311934095E18,145.70839678196515,5.100738878425512E-5,0.0,42.172502026527745,0.0,389.45495186655694,223.75267379679144,567.9481795599229,0.0,0.0,4.9505347593582885,0.0,0.0,101.30000000000143,660.2875331907414,777.7903023921599,0.06320467358879069,100.0,1.0,6.161806236044333
44,2020,7,5,4.274909299870301E18,145.64047462448943,5.100738878425512E-5,0.0,42.13101161596555,0.0,389.50130281224483,223.7927807486631,567.1383751962946,0.0,0.0,4.958556149732621,0.0,0.0,101.30000000000143,660.2875331907414,777.972789023176,0.06324167607630862,100.0,1.0,6.158933902103812
45,2020,7,5,6.586007515238528E18,145.40801741634823,5.100738878425512E-5,0.0,42.09550309175614,0.0,389.4288354949856,223.62566844919786,565.7518001049901,0.0,0.0,4.925133689839572,0.0,0.0,101.30000000000143,660.2875331907414,777.2124280606091,0.06333099265665419,100.0,1.0,6.149103608816849
42,2020,7,5,1.936069585034968E18,145.64063575520103,5.100738878425512E-5,0.0,42.23104062602167,0.0,389.61286447425186,223.50534759358288,568.447684228321,0.0,0.0,4.901069518716578,0.0,0.0,101.30000000000143,660.2875331907414,776.664968167561,0.06325971988265344,100.0,1.0,6.15894071609837
43,2020,7,5,4.2803926544300943E18,145.47809924895208,5.100738878425512E-5,0.0,42.01918897612267,0.0,389.5646685133695,223.9398395721925,564.969585627727,0.0,0.0,4.987967914438503,0.0,0.0,101.30000000000143,660.2875331907414,778.6419066702348,0.06332256317472179,100.0,1.0,6.152067272426565
48,2020,7,5,7.316657466226932E18,145.6104122020033,5.100738878425512E-5,0.0,42.12277101120402,0.0,389.58719206106576,223.7860962566845,566.8911381082298,0.0,0.0,4.957219251336898,0.0,0.0,101.30000000000143,660.2875331907414,777.9423745846733,0.06326868117359769,100.0,1.0,6.157662603905237
49,2020,7,5,1.7886973295216548E18,145.52761115654158,5.100738878425512E-5,0.0,42.136258025299966,0.0,389.564441908699,223.6524064171123,566.7346902146124,0.0,0.0,4.93048128342246,0.0,0.0,101.30000000000143,660.2875331907414,777.3340858146198,0.06330098253172242,100.0,1.0,6.154161062404901
46,2020,7,5,3.898563936708942E18,145.36882198733625,5.100738878425512E-5,0.0,42.0333280085891,0.0,389.54446595207725,223.75935828877004,564.7815088813882,0.0,0.0,4.951871657754011,0.0,0.0,101.30000000000143,660.2875331907414,777.8207168306626,0.06336687794392218,100.0,1.0,6.1474460884251325
47,2020,7,5,7.117891878976512E17,145.35593637946775,5.100738878425512E-5,0.0,42.02955183771867,0.0,389.571770140193,223.76604278074868,564.6320851149727,0.0,0.0,4.9532085561497325,0.0,0.0,101.30000000000143,660.2875331907414,777.8511312691653,0.06337693727581971,100.0,1.0,6.146901173920042
52,2020,7,5,7.082481113405546E18,145.5409062403504,5.100738878425512E-5,0.0,42.16739600820552,0.0,389.6045717435365,223.56550802139037,567.2528690946373,0.0,0.0,4.913101604278075,0.0,0.0,101.30000000000143,660.2875331907414,776.938698114085,0.0633017201896907,100.0,1.0,6.154723293080231
53,2020,7,5,4.635502054826138E18,145.6590185180682,5.100738878425512E-5,0.0,42.21171135352956,0.0,389.4477470775805,223.5922459893048,568.2220766636003,0.0,0.0,4.918449197860962,0.0,0.0,101.30000000000143,660.2875331907414,777.0603558680957,0.06322493024879336,100.0,1.0,6.159718097672604
50,2020,7,5,1.737773213412058E18,145.83842143543083,5.100738878425512E-5,0.0,42.253630884280355,0.0,389.4970364203819,223.6657754010695,569.5444533015917,0.0,0.0,4.933155080213904,0.0,0.0,101.30000000000143,660.2875331907414,777.3949146916251,0.06315514623419907,100.0,1.0,6.167304798503748
51,2020,7,5,7.755894565059676E18,145.45832064461433,5.100738878425512E-5,0.0,42.144140976232386,0.0,389.5103380980609,223.55882352941177,566.5205367272482,0.0,0.0,4.911764705882353,0.0,0.0,101.30000000000143,660.2875331907414,776.9082836755824,0.06332234097457302,100.0,1.0,6.151230862650327
56,2020,7,5,3.2777485401579377E18,145.5567757541748,5.100738878425512E-5,0.0,42.153929142760475,0.0,389.5266089860073,223.63235294117646,567.0952928958983,0.0,0.0,4.926470588235294,0.0,0.0,101.30000000000143,660.2875331907414,777.2428424991118,0.06328215287707137,100.0,1.0,6.155394392834287
57,2020,7,5,8.256006970224683E18,145.55428963783868,5.100738878425512E-5,0.0,42.09998589665658,0.0,389.540036927733,223.77941176470588,566.4032138924713,0.0,0.0,4.955882352941177,0.0,0.0,101.30000000000143,660.2875331907414,777.9119601461706,0.06328541528652816,100.0,1.0,6.155289258418694
54,2020,7,5,6.302646066000695E18,145.7236168658362,5.100738878425512E-5,0.0,42.26667982228615,0.0,389.49144125149894,223.49866310160428,569.2444983824425,0.0,0.0,4.899732620320855,0.0,0.0,101.30000000000143,660.2875331907414,776.6345537290583,0.06320399343155847,100.0,1.0,6.162449872305401
55,2020,7,5,6.865215925804663E18,145.643334094069,5.100738878425512E-5,0.0,42.20902630644145,0.0,389.57733754107466,223.57219251336898,568.1684612516166,0.0,0.0,4.9144385026737964,0.0,0.0,101.30000000000143,660.2875331907414,776.9691125525877,0.06325277962338414,100.0,1.0,6.1590548251108075
58,2020,7,5,2.850549735506946E18,145.5820277171975,5.100738878425512E-5,0.0,42.16775952111972,0.0,389.49950237210066,223.61229946524065,567.4197591356497,0.0,0.0,4.922459893048129,0.0,0.0,101.30000000000143,660.2875331907414,777.1515991836038,0.06326677330417203,100.0,1.0,6.156462263366539
59,2020,7,5,1.4712068369678991E18,145.53007421934223,5.100738878425512E-5,0.0,42.12818382064512,0.0,389.4182298003702,223.67914438502675,566.6357808983541,0.0,0.0,4.935828877005347,0.0,0.0,101.30000000000143,660.2875331907414,777.4557435686305,0.06327615332752587,100.0,1.0,6.1542652219184255
40,2020,11,10,7.937907956999934E18,133.30007509066607,1.1862997465924499E-4,0.0,36.886051405418975,0.0,531.9134777911419,338.6216577540107,453.2880935989813,0.0,0.0,5.124331550802139,0.0,0.0,88.0,259.51921052655484,774.7602664650514,0.09459717330963142,100.0,1.0,5.622932051575213
41,2020,11,10,1.8925442311934095E18,133.0734736340672,1.1862997465924499E-4,0.0,36.817444624940045,0.0,531.9142156280589,338.5147058823529,451.6871222864031,0.0,0.0,5.102941176470588,0.0,0.0,88.0,259.51921052655484,774.2736354490086,0.09475838762388887,100.0,1.0,5.613373432854419
44,2020,11,10,4.274909299870301E18,133.09489513151613,1.1862997465924499E-4,0.0,36.806932447667066,0.0,531.8079180067149,338.5681818181818,451.6411557655785,0.0,0.0,5.113636363636363,0.0,0.0,88.0,259.51921052655484,774.51695095703,0.09472420290325823,100.0,1.0,5.61427704543315
45,2020,11,10,6.586007515238528E18,133.0981676718383,1.1862997465924499E-4,0.0,36.77287418552222,0.0,531.4177460648157,338.668449197861,451.21508799157937,0.0,0.0,5.133689839572193,0.0,0.0,88.0,259.51921052655484,774.97316753457,0.09465237920645003,100.0,1.0,5.614415089405407
42,2020,11,10,1.936069585034968E18,133.06449656723453,1.1862997465924499E-4,0.0,36.752227865579464,0.0,531.8168478843317,338.6818181818182,450.8440586532311,0.0,0.0,5.136363636363637,0.0,0.0,88.0,259.51921052655484,775.0339964115755,0.09474743356246677,100.0,1.0,5.6129947576227055
43,2020,11,10,4.2803926544300943E18,133.09364717323047,1.1862997465924499E-4,0.0,36.73429839954951,0.0,531.5339734081401,338.7620320855615,450.74764003277426,0.0,0.0,5.152406417112299,0.0,0.0,88.0,259.51921052655484,775.3989696736074,0.09467629635263358,100.0,1.0,5.614224403417472
48,2020,11,10,7.316657466226932E18,133.07318468538912,1.1862997465924499E-4,0.0,36.80331874902396,0.0,531.7686618466669,338.5548128342246,451.50197366926545,0.0,0.0,5.11096256684492,0.0,0.0,88.0,259.51921052655484,774.4561220800246,0.09473266349803777,100.0,1.0,5.6133612442732765
49,2020,11,10,1.7886973295216548E18,133.04419745806965,1.1862997465924499E-4,0.0,36.78986834397117,0.0,531.6183651700223,338.548128342246,451.2653386184969,0.0,0.0,5.109625668449198,0.0,0.0,88.0,259.51921052655484,774.425707641522,0.09472652289286838,100.0,1.0,5.612138490201522
46,2020,11,10,3.898563936708942E18,133.20047922254324,1.1862997465924499E-4,0.0,36.84196869195127,0.0,531.3591258689215,338.6082887700535,452.43137953811294,0.0,0.0,5.121657754010696,0.0,0.0,88.0,259.51921052655484,774.699437588046,0.09456924353146802,100.0,1.0,5.6187308476472175
47,2020,11,10,7.117891878976512E17,133.09528823199284,1.1862997465924499E-4,0.0,36.84020145375058,0.0,531.3333307385358,338.4812834224599,452.0401649674189,0.0,0.0,5.096256684491979,0.0,0.0,88.0,259.51921052655484,774.1215632564952,0.09463939116855695,100.0,1.0,5.614293627398845
52,2020,11,10,7.082481113405546E18,133.12674318169258,1.1862997465924499E-4,0.0,36.77237716786193,0.0,531.638316756625,338.701871657754,451.3262722750337,0.0,0.0,5.140374331550802,0.0,0.0,88.0,259.51921052655484,775.1252397270835,0.09467134023921124,100.0,1.0,5.615620476200142
53,2020,11,10,4.635502054826138E18,133.09648568572192,1.1862997465924499E-4,0.0,36.76227774382251,0.0,531.8429471504155,338.6885026737968,451.1083491087182,0.0,0.0,5.137700534759358,0.0,0.0,88.0,259.51921052655484,775.064410850078,0.09472931013534719,100.0,1.0,5.614344139005444
50,2020,11,10,1.737773213412058E18,133.09051606373225,1.1862997465924499E-4,0.0,36.80179196551854,0.0,532.1429714168733,338.5748663101604,451.57039846150076,0.0,0.0,5.114973262032086,0.0,0.0,88.0,259.51921052655484,774.5473653955327,0.09478700038718067,100.0,1.0,5.614092325352687
51,2020,11,10,7.755894565059676E18,133.17525721413236,1.1862997465924499E-4,0.0,36.83067650186731,0.0,531.5076264712748,338.6082887700535,452.1990177330243,0.0,0.0,5.121657754010696,0.0,0.0,88.0,259.51921052655484,774.699437588046,0.09461358853121185,100.0,1.0,5.617666919968235
56,2020,11,10,3.2777485401579377E18,133.04984424428818,1.1862997465924499E-4,0.0,36.74075054555166,0.0,531.6710629442033,338.6951871657754,450.6482428967859,0.0,0.0,5.13903743315508,0.0,0.0,88.0,259.51921052655484,775.0948252885808,0.09473189215658231,100.0,1.0,5.6123766858304105
57,2020,11,10,8.256006970224683E18,133.11850120042172,1.1862997465924499E-4,0.0,36.76626875309271,0.0,531.6691326007568,338.7152406417112,451.18951282126886,0.0,0.0,5.143048128342246,0.0,0.0,88.0,259.51921052655484,775.1860686040887,0.0946826896414957,100.0,1.0,5.615272808724132
54,2020,11,10,6.302646066000695E18,132.90152756021942,1.1862997465924499E-4,0.0,36.70486177974299,0.0,531.9545407063008,338.5882352941176,449.76848262972715,0.0,0.0,5.117647058823529,0.0,0.0,88.0,259.51921052655484,774.608194272538,0.09488817770050567,100.0,1.0,5.606120315486531
55,2020,11,10,6.865215925804663E18,133.07480570507326,1.1862997465924499E-4,0.0,36.784114319161205,0.0,531.8147628864218,338.6082887700535,451.2735920655429,0.0,0.0,5.121657754010696,0.0,0.0,88.0,259.51921052655484,774.699437588046,0.0947397221676354,100.0,1.0,5.613429622955958
58,2020,11,10,2.850549735506946E18,133.1342535445096,1.1862997465924499E-4,0.0,36.77087530614221,0.0,531.7238557418477,338.7152406417112,451.33463382222385,0.0,0.0,5.143048128342246,0.0,0.0,88.0,259.51921052655484,775.1860686040887,0.09468123111521388,100.0,1.0,5.61593728217173
59,2020,11,10,1.4712068369678991E18,133.14879275776389,1.1862997465924499E-4,0.0,36.76988633507328,0.0,531.622587090422,338.7352941176471,451.3773353449449,0.0,0.0,5.147058823529412,0.0,0.0,88.0,259.51921052655484,775.2773119195967,0.09465286197665154,100.0,1.0,5.616550582713071
40,2021,3,5,7.937907956999934E18,177.96794720065128,0.0013706548367504576,0.0,39.608076022993345,0.0,316.1000000000039,265.4692513368984,648.0865283268465,0.0,0.0,6.69385026737968,0.0,0.0,143.0,833.7857475586841,987.3601052284381,0.04221246880427032,100.0,1.0,7.488308761699965
41,2021,3,5,1.8925442311934095E18,177.90252556116218,0.0013706548367504576,0.0,39.51072288234118,0.0,316.1000000000039,265.7433155080214,646.238340448936,0.0,0.0,6.748663101604278,0.0,0.0,143.0,833.7857475586841,988.6070972070477,0.04222799196172612,100.0,1.0,7.485556033223298
44,2021,3,5,4.274909299870301E18,178.0412978287295,0.0013706548367504576,0.0,39.53966498400914,0.0,316.1000000000039,265.8101604278075,647.2094517568228,0.0,0.0,6.762032085561497,0.0,0.0,143.0,833.7857475586841,988.9112415920744,0.04219507783297723,100.0,1.0,7.491395116066321
45,2021,3,5,6.586007515238528E18,177.9595521619835,0.0013706548367504576,0.0,39.56137390198246,0.0,316.1000000000039,265.6363636363636,647.2490206761029,0.0,0.0,6.7272727272727275,0.0,0.0,143.0,833.7857475586841,988.1204661910049,0.042214460129285376,100.0,1.0,7.4879555259482355
42,2021,3,5,1.936069585034968E18,177.91159484740666,0.0013706548367504576,0.0,39.53976006549027,0.0,316.1000000000039,265.64973262032083,646.7474853128309,0.0,0.0,6.729946524064171,0.0,0.0,143.0,833.7857475586841,988.1812950680103,0.04222583933223072,100.0,1.0,7.485937639106364
43,2021,3,5,4.2803926544300943E18,178.05299935341412,0.0013706548367504576,0.0,39.63801080076883,0.0,316.1000000000039,265.4692513368984,648.8681199510726,0.0,0.0,6.69385026737968,0.0,0.0,143.0,833.7857475586841,987.3601052284381,0.04219230480052835,100.0,1.0,7.491887477928098
48,2021,3,5,7.316657466226932E18,177.92679976330209,0.0013706548367504576,0.0,39.56541710824905,0.0,316.1000000000039,265.57620320855614,647.221770580958,0.0,0.0,6.71524064171123,0.0,0.0,143.0,833.7857475586841,987.8467362444808,0.04222223088012285,100.0,1.0,7.486577412204332
49,2021,3,5,1.7886973295216548E18,178.07767819496294,0.0013706548367504576,0.0,39.60302539895778,0.0,316.1000000000039,265.6229946524064,648.3953754919665,0.0,0.0,6.724598930481283,0.0,0.0,143.0,833.7857475586841,988.0596373139996,0.042186457592639566,100.0,1.0,7.492925882811149
46,2021,3,5,3.898563936708942E18,177.96849605030806,0.0013706548367504576,0.0,39.53911075992,0.0,316.1000000000039,265.7232620320856,646.9358233490691,0.0,0.0,6.744652406417113,0.0,0.0,143.0,833.7857475586841,988.5158538915397,0.04221233862224638,100.0,1.0,7.488331855497237
47,2021,3,5,7.117891878976512E17,177.98745114569806,0.0013706548367504576,0.0,39.55119343637659,0.0,316.1000000000039,265.7032085561497,647.2012555982121,0.0,0.0,6.740641711229946,0.0,0.0,143.0,833.7857475586841,988.4246105760317,0.042207843142929975,100.0,1.0,7.489129423874677
52,2021,3,5,7.082481113405546E18,178.00010922528284,0.0013706548367504576,0.0,39.59878043990525,0.0,316.1000000000039,265.5427807486631,648.0475242688761,0.0,0.0,6.708556149732621,0.0,0.0,143.0,833.7857475586841,987.6946640519675,0.042204841626582966,100.0,1.0,7.489662034436032
53,2021,3,5,4.635502054826138E18,177.98267249100243,0.0013706548367504576,0.0,39.51097194817212,0.0,316.1000000000039,265.8368983957219,646.5490531074147,0.0,0.0,6.767379679144385,0.0,0.0,143.0,833.7857475586841,989.0328993460851,0.042208976380817644,100.0,1.0,7.488928353724759
50,2021,3,5,1.737773213412058E18,178.04627170415037,0.0013706548367504576,0.0,39.59656513712628,0.0,316.1000000000039,265.6096256684492,648.1675926246697,0.0,0.0,6.721925133689839,0.0,0.0,143.0,833.7857475586841,987.9988084369942,0.042193899077261135,100.0,1.0,7.491604400465432
51,2021,3,5,7.755894565059676E18,178.0583231306415,0.0013706548367504576,0.0,39.609631837303006,0.0,316.1000000000039,265.57620320855614,648.4304120904724,0.0,0.0,6.71524064171123,0.0,0.0,143.0,833.7857475586841,987.8467362444808,0.042191043290099955,100.0,1.0,7.492111485050102
56,2021,3,5,3.2777485401579377E18,178.0162305163963,0.0013706548367504576,0.0,39.618786700566126,0.0,316.1000000000039,265.49598930481284,648.4085728654899,0.0,0.0,6.699197860962567,0.0,0.0,143.0,833.7857475586841,987.4817629824488,0.042201019522630515,100.0,1.0,7.49034036560405
57,2021,3,5,8.256006970224683E18,178.04726116565428,0.0013706548367504576,0.0,39.57664809952755,0.0,316.1000000000039,265.6831550802139,647.8421265142455,0.0,0.0,6.7366310160427805,0.0,0.0,143.0,833.7857475586841,988.3333672605238,0.042193664593233836,100.0,1.0,7.491646033767202
54,2021,3,5,6.302646066000695E18,178.06617348758434,0.0013706548367504576,0.0,39.63151023009827,0.0,316.1000000000039,265.50935828877004,648.8066977797964,0.0,0.0,6.701871657754011,0.0,0.0,143.0,833.7857475586841,987.5425918594541,0.04218918322457983,100.0,1.0,7.4924418023774635
55,2021,3,5,6.865215925804663E18,177.98420533252312,0.0013706548367504576,0.0,39.602922955517414,0.0,316.1000000000039,265.51604278074865,648.0230322904008,0.0,0.0,6.7032085561497325,0.0,0.0,143.0,833.7857475586841,987.5730062979568,0.042208612867260895,100.0,1.0,7.488992850679223
58,2021,3,5,2.850549735506946E18,178.01247652688576,0.0013706548367504576,0.0,39.6086859237321,0.0,316.1000000000039,265.52272727272725,648.2524176100821,0.0,0.0,6.704545454545454,0.0,0.0,143.0,833.7857475586841,987.6034207364594,0.042201909472524494,100.0,1.0,7.4901824100115775
59,2021,3,5,1.4712068369678991E18,177.9234818046979,0.0013706548367504576,0.0,39.60180007165915,0.0,316.1000000000039,265.43582887700535,647.8299832190817,0.0,0.0,6.68716577540107,0.0,0.0,143.0,833.7857475586841,987.2080330359247,0.04222301825013609,100.0,1.0,7.48643780336535
40,2021,7,11,7.937907956999934E18,147.63528001021572,5.384113260560261E-5,0.0,41.49210310346377,0.0,460.3959353642784,236.44652406417111,561.8825887281259,0.0,0.0,5.989304812834225,0.0,0.0,101.59999999999991,601.4510796630806,791.4195623740617,0.07430009048730625,100.0,1.0,6.196438420797541
41,2021,7,11,1.8925442311934095E18,147.46991669379656,5.384113260560261E-5,0.0,41.429705940318236,0.0,460.3160428322783,236.4398395721925,560.3971965666873,0.0,0.0,5.987967914438503,0.0,0.0,101.59999999999991,601.4510796630806,791.3891479355591,0.07437049809198057,100.0,1.0,6.189497914387567
44,2021,7,11,4.274909299870301E18,147.33400467823023,5.384113260560261E-5,0.0,41.37097969342786,0.0,460.4770925116748,236.44652406417111,559.12094154717,0.0,0.0,5.989304812834225,0.0,0.0,101.59999999999991,601.4510796630806,791.4195623740617,0.07446514688937861,100.0,1.0,6.183793516122847
45,2021,7,11,6.586007515238528E18,147.66072454410008,5.384113260560261E-5,0.0,41.50533653502053,0.0,460.39776894868146,236.4398395721925,562.1462410650316,0.0,0.0,5.987967914438503,0.0,0.0,101.59999999999991,601.4510796630806,791.3891479355591,0.07428758313636398,100.0,1.0,6.197506359892807
42,2021,7,11,1.936069585034968E18,147.5125565658072,5.384113260560261E-5,0.0,41.44305868609264,0.0,460.3487868033266,236.4398395721925,560.7880559230094,0.0,0.0,5.987967914438503,0.0,0.0,101.59999999999991,601.4510796630806,791.3891479355591,0.07435428932757153,100.0,1.0,6.191287563454975
43,2021,7,11,4.2803926544300943E18,147.30394420980818,5.384113260560261E-5,0.0,41.35672343039778,0.0,460.48921652252267,236.45989304812835,558.7845627028652,0.0,0.0,5.991978609625669,0.0,0.0,101.59999999999991,601.4510796630806,791.4803912510671,0.07448230407967048,100.0,1.0,6.182531840448402
48,2021,7,11,7.316657466226932E18,147.5747258561685,5.384113260560261E-5,0.0,41.46761440564316,0.0,460.3599960101015,236.45320855614975,561.297103259687,0.0,0.0,5.990641711229946,0.0,0.0,101.59999999999991,601.4510796630806,791.4499768125644,0.07432477556945556,100.0,1.0,6.193896886777694
49,2021,7,11,1.7886973295216548E18,147.35906696924303,5.384113260560261E-5,0.0,41.38216164858476,0.0,460.51221526821126,236.44652406417111,559.3506756075979,0.0,0.0,5.989304812834225,0.0,0.0,101.59999999999991,601.4510796630806,791.4195623740617,0.07445816097107615,100.0,1.0,6.184845412003942
46,2021,7,11,3.898563936708942E18,147.34196788004144,5.384113260560261E-5,0.0,41.37711934366727,0.0,460.4026673871116,236.4398395721925,559.2243508561401,0.0,0.0,5.987967914438503,0.0,0.0,101.59999999999991,601.4510796630806,791.3891479355591,0.07444908750527228,100.0,1.0,6.184127741720236
47,2021,7,11,7.117891878976512E17,147.52841955317044,5.384113260560261E-5,0.0,41.43679802528528,0.0,460.41781538083546,236.47994652406416,560.750977726346,0.0,0.0,5.995989304812834,0.0,0.0,101.59999999999991,601.4510796630806,791.5716345665751,0.07435744249567701,100.0,1.0,6.191953352989557
52,2021,7,11,7.082481113405546E18,147.3862574777601,5.384113260560261E-5,0.0,41.40067698159709,0.0,460.4394010803584,236.4264705882353,559.6911613376772,0.0,0.0,5.985294117647059,0.0,0.0,101.59999999999991,601.4510796630806,791.3283190585537,0.07443265375156385,100.0,1.0,6.185986631850868
53,2021,7,11,4.635502054826138E18,147.58877393515894,5.384113260560261E-5,0.0,41.4747971162657,0.0,460.40664717903906,236.44652406417111,561.4562897336771,0.0,0.0,5.989304812834225,0.0,0.0,101.59999999999991,601.4510796630806,791.4195623740617,0.07432523212476894,100.0,1.0,6.1944865023248035
50,2021,7,11,1.737773213412058E18,147.4584533722506,5.384113260560261E-5,0.0,41.419438857234866,0.0,460.4844086887229,236.45320855614975,560.2312888920844,0.0,0.0,5.990641711229946,0.0,0.0,101.59999999999991,601.4510796630806,791.4499768125644,0.07440348357953226,100.0,1.0,6.189016784361937
51,2021,7,11,7.755894565059676E18,147.4327677291443,5.384113260560261E-5,0.0,41.418672350157756,0.0,460.4946758800247,236.41978609625667,560.1479130530302,0.0,0.0,5.983957219251337,0.0,0.0,101.59999999999991,601.4510796630806,791.297904620051,0.07441810533356219,100.0,1.0,6.187938725609343
56,2021,7,11,3.2777485401579377E18,147.71553438911104,5.384113260560261E-5,0.0,41.534004935577634,0.0,460.4599421841296,236.40641711229947,562.8007289480869,0.0,0.0,5.981283422459893,0.0,0.0,101.59999999999991,601.4510796630806,791.2370757430457,0.07427004698436293,100.0,1.0,6.199806798036312
57,2021,7,11,8.256006970224683E18,147.57609772104962,5.384113260560261E-5,0.0,41.46043820118582,0.0,460.487507608608,236.45989304812835,561.2792640518092,0.0,0.0,5.991978609625669,0.0,0.0,101.59999999999991,601.4510796630806,791.4803912510671,0.07434467110804162,100.0,1.0,6.193954465672505
54,2021,7,11,6.302646066000695E18,147.40111987590265,5.384113260560261E-5,0.0,41.390626182387344,0.0,460.5195864568451,236.46657754010695,559.6449112171706,0.0,0.0,5.99331550802139,0.0,0.0,101.59999999999991,601.4510796630806,791.5108056895698,0.07443810985193593,100.0,1.0,6.1866104253971494
55,2021,7,11,6.865215925804663E18,147.37087812979578,5.384113260560261E-5,0.0,41.38254506880029,0.0,460.42513253243834,236.45989304812835,559.3981140023567,0.0,0.0,5.991978609625669,0.0,0.0,101.59999999999991,601.4510796630806,791.4803912510671,0.07443811457065122,100.0,1.0,6.185341141270262
58,2021,7,11,2.850549735506946E18,147.581150570581,5.384113260560261E-5,0.0,41.46201338092092,0.0,460.43497143444364,236.46657754010695,561.2951666734275,0.0,0.0,5.99331550802139,0.0,0.0,101.59999999999991,601.4510796630806,791.5108056895698,0.0743336441556601,100.0,1.0,6.194166540123596
59,2021,7,11,1.4712068369678991E18,147.48750184431185,5.384113260560261E-5,0.0,41.42932515750598,0.0,460.35678511182846,236.45320855614975,560.4975623717282,0.0,0.0,5.990641711229946,0.0,0.0,101.59999999999991,601.4510796630806,791.4499768125644,0.07436821248928506,100.0,1.0,6.190235985276054
40,2021,11,13,7.937907956999934E18,123.70529305423236,4.356596365352312E-4,0.0,31.881721061685184,0.0,743.9214538069543,354.02272727272725,360.89432800274227,0.0,0.0,5.204545454545454,0.0,0.0,88.0,183.45329337463843,770.2120617720277,0.1436402861659992,100.0,1.0,5.179058561239811
41,2021,11,13,1.8925442311934095E18,123.72310810851232,4.356596365352312E-4,0.0,31.847085376887097,0.0,743.4023182497999,354.1363636363636,360.5401755112472,0.0,0.0,5.2272727272727275,0.0,0.0,88.0,183.45329337463843,770.7291072265732,0.1435193802070055,100.0,1.0,5.179804408140225
44,2021,11,13,4.274909299870301E18,123.81605311317854,4.356596365352312E-4,0.0,31.917841728445755,0.0,742.992137653942,354.08957219251334,361.60292452243317,0.0,0.0,5.217914438502674,0.0,0.0,88.0,183.45329337463843,770.5162061570545,0.14333251551559556,100.0,1.0,5.18369565329438
45,2021,11,13,6.586007515238528E18,123.71194764307221,4.356596365352312E-4,0.0,31.847127990932467,0.0,743.9836274216639,354.1096256684492,360.5597869141215,0.0,0.0,5.221925133689839,0.0,0.0,88.0,183.45329337463843,770.6074494725625,0.14364456377637305,100.0,1.0,5.179337162942715
42,2021,11,13,1.936069585034968E18,123.79877535965895,4.356596365352312E-4,0.0,31.91440734278391,0.0,743.5362215327884,354.06951871657753,361.53618771498395,0.0,0.0,5.213903743315508,0.0,0.0,88.0,183.45329337463843,770.4249628415464,0.14345749472313768,100.0,1.0,5.182972301083036
43,2021,11,13,4.2803926544300943E18,123.77679935214296,4.356596365352312E-4,0.0,31.86291342905265,0.0,742.8686007642727,354.1697860962567,360.8790322615946,0.0,0.0,5.233957219251337,0.0,0.0,88.0,183.45329337463843,770.8811794190866,0.14335413167245376,100.0,1.0,5.182052251285191
48,2021,11,13,7.316657466226932E18,123.8280670858797,4.356596365352312E-4,0.0,31.868745127743843,0.0,743.7205193931337,354.2232620320856,361.1044861957459,0.0,0.0,5.244652406417113,0.0,0.0,88.0,183.45329337463843,771.1244949271078,0.14345910954723676,100.0,1.0,5.18419863151492
49,2021,11,13,1.7886973295216548E18,123.67484403281256,4.356596365352312E-4,0.0,31.85132904656216,0.0,743.0638802016138,354.0561497326203,360.4638434493682,0.0,0.0,5.211229946524064,0.0,0.0,88.0,183.45329337463843,770.3641339645411,0.1435100251120084,100.0,1.0,5.177783779367737
46,2021,11,13,3.898563936708942E18,123.81791781950649,4.356596365352312E-4,0.0,31.901532853772434,0.0,743.0011755512529,354.1163101604278,361.49831681689193,0.0,0.0,5.223262032085562,0.0,0.0,88.0,183.45329337463843,770.6378639110652,0.14333210041574085,100.0,1.0,5.183773721281879
47,2021,11,13,7.117891878976512E17,123.63950287546558,4.356596365352312E-4,0.0,31.838611705416376,0.0,743.5865122992262,354.0360962566845,360.2319428806463,0.0,0.0,5.207219251336898,0.0,0.0,88.0,183.45329337463843,770.2728906490331,0.14365201233072572,100.0,1.0,5.1763041828282175
52,2021,11,13,7.082481113405546E18,123.85513919818061,4.356596365352312E-4,0.0,31.99408945083907,0.0,743.1355712157603,353.94919786096256,362.5990135744362,0.0,0.0,5.189839572192513,0.0,0.0,88.0,183.45329337463843,769.8775029484983,0.14331494418253965,100.0,1.0,5.185332035361445
53,2021,11,13,4.635502054826138E18,123.73817041303774,4.356596365352312E-4,0.0,31.81287779531312,0.0,743.7567487882189,354.2433155080214,360.1912675341508,0.0,0.0,5.248663101604278,0.0,0.0,88.0,183.45329337463843,771.2157382426158,0.14357032712894124,100.0,1.0,5.180435008135401
50,2021,11,13,1.737773213412058E18,123.79950113795113,4.356596365352312E-4,0.0,31.944539653972846,0.0,743.3569041091929,353.99598930481284,361.8773827336472,0.0,0.0,5.199197860962567,0.0,0.0,88.0,183.45329337463843,770.090404018017,0.14342205649096262,100.0,1.0,5.183002686591888
51,2021,11,13,7.755894565059676E18,123.71851836346532,4.356596365352312E-4,0.0,31.820729419458697,0.0,743.2832198342901,354.1898395721925,360.2548934080862,0.0,0.0,5.237967914438503,0.0,0.0,88.0,183.45329337463843,770.9724227345944,0.14350171083681043,100.0,1.0,5.179612253400579
56,2021,11,13,3.2777485401579377E18,123.72424333229687,4.356596365352312E-4,0.0,31.83775211669448,0.0,744.160753943278,354.14973262032083,360.48972661754243,0.0,0.0,5.229946524064171,0.0,0.0,88.0,183.45329337463843,770.7899361035785,0.14366448369652698,100.0,1.0,5.179851935536296
57,2021,11,13,8.256006970224683E18,123.634221156776,4.356596365352312E-4,0.0,31.779735489475307,0.0,743.7377790964822,354.1764705882353,359.54494597655554,0.0,0.0,5.235294117647059,0.0,0.0,88.0,183.45329337463843,770.9115938575891,0.14368737340269816,100.0,1.0,5.1760830578486745
54,2021,11,13,6.302646066000695E18,123.71558258547553,4.356596365352312E-4,0.0,31.92482751085849,0.0,743.2000970288448,353.92914438502675,361.4142130565015,0.0,0.0,5.185828877005347,0.0,0.0,88.0,183.45329337463843,769.7862596329903,0.14348906768504643,100.0,1.0,5.1794893438163765
55,2021,11,13,6.865215925804663E18,123.6855382619019,4.356596365352312E-4,0.0,31.821578826431598,0.0,743.0912253560667,354.14304812834223,360.16623904135196,0.0,0.0,5.228609625668449,0.0,0.0,88.0,183.45329337463843,770.7595216650759,0.14350289758753917,100.0,1.0,5.178231505066081
58,2021,11,13,2.850549735506946E18,123.64341993179745,4.356596365352312E-4,0.0,31.83366235638133,0.0,743.7551512190214,354.0561497326203,360.1765153927138,0.0,0.0,5.211229946524064,0.0,0.0,88.0,183.45329337463843,770.3641339645411,0.14368003938521198,100.0,1.0,5.17646817471273
59,2021,11,13,1.4712068369678991E18,123.82408562406606,4.356596365352312E-4,0.0,31.997590674875106,0.0,743.4558988681558,353.89572192513367,362.55838895961324,0.0,0.0,5.179144385026738,0.0,0.0,88.0,183.45329337463843,769.6341874404769,0.14341267704569957,100.0,1.0,5.184031943223874
40,2022,3,5,7.937907956999934E18,178.406081917713,2.589014691639753E-4,0.0,40.032243574066385,0.0,316.1000000000039,260.16577540106954,651.7376172588745,0.0,0.0,5.933155080213904,0.0,0.0,143.0,854.9692259305165,975.4435071505616,0.04242689333374441,100.0,1.0,7.450463023852667
41,2022,3,5,1.8925442311934095E18,178.41908611513728,2.589014691639753E-4,0.0,40.046370244497844,0.0,316.1000000000039,260.13235294117646,652.0082963080565,0.0,0.0,5.926470588235294,0.0,0.0,143.0,854.9692259305165,975.2914349580482,0.042423801020533856,100.0,1.0,7.451006095540708
44,2022,3,5,4.274909299870301E18,178.58119987835104,2.589014691639753E-4,0.0,40.14473544130928,0.0,316.1000000000039,259.97192513368987,654.2168272653045,0.0,0.0,5.894385026737968,0.0,0.0,143.0,854.9692259305165,974.561488433984,0.04238528922848647,100.0,1.0,7.45777617078423
45,2022,3,5,6.586007515238528E18,178.36619232041247,2.589014691639753E-4,0.0,40.144441803625334,0.0,316.1000000000039,259.71791443850265,653.4115652043191,0.0,0.0,5.843582887700535,0.0,0.0,143.0,854.9692259305165,973.4057397708824,0.04243638163232706,100.0,1.0,7.448797183952323
42,2022,3,5,1.936069585034968E18,178.38558537966424,2.589014691639753E-4,0.0,40.07905174115462,0.0,316.1000000000039,259.97192513368987,652.4326940311507,0.0,0.0,5.894385026737968,0.0,0.0,143.0,854.9692259305165,974.561488433984,0.04243176819194357,100.0,1.0,7.449607062569247
43,2022,3,5,4.2803926544300943E18,178.41393127531595,2.589014691639753E-4,0.0,40.07925263944116,0.0,316.1000000000039,260.0053475935829,652.5391551008653,0.0,0.0,5.901069518716578,0.0,0.0,143.0,854.9692259305165,974.7135606264974,0.04242502675384566,100.0,1.0,7.45079082292743
48,2022,3,5,7.316657466226932E18,178.40798298623733,2.589014691639753E-4,0.0,40.0163407160588,0.0,316.1000000000039,260.23262032085563,651.450811872527,0.0,0.0,5.946524064171123,0.0,0.0,143.0,854.9692259305165,975.7476515355883,0.042426441243932356,100.0,1.0,7.450542414872261
49,2022,3,5,1.7886973295216548E18,178.4092589184521,2.589014691639753E-4,0.0,40.03953356435603,0.0,316.1000000000039,260.14572192513367,651.8578369163293,0.0,0.0,5.929144385026738,0.0,0.0,143.0,854.9692259305165,975.3522638350535,0.04242613782210616,100.0,1.0,7.450595699411034
46,2022,3,5,3.898563936708942E18,178.51677474738108,2.589014691639753E-4,0.0,40.081351295043,0.0,316.1000000000039,260.12566844919786,652.9296954974615,0.0,0.0,5.925133689839572,0.0,0.0,143.0,854.9692259305165,975.2610205195455,0.042400585705882586,100.0,1.0,7.455085696048505
47,2022,3,5,7.117891878976512E17,178.40336175938697,2.589014691639753E-4,0.0,40.02247874546329,0.0,316.1000000000039,260.19919786096256,651.5607354285094,0.0,0.0,5.939839572192513,0.0,0.0,143.0,854.9692259305165,975.5955793430749,0.042427540226639124,100.0,1.0,7.450349426609773
52,2022,3,5,7.082481113405546E18,178.37670174318106,2.589014691639753E-4,0.0,40.05182650777203,0.0,316.1000000000039,260.0655080213904,651.925867268707,0.0,0.0,5.913101604278075,0.0,0.0,143.0,854.9692259305165,974.9872905730214,0.04243388140740419,100.0,1.0,7.449236070703829
53,2022,3,5,4.635502054826138E18,178.56632748035906,2.589014691639753E-4,0.0,40.12228098490518,0.0,316.1000000000039,260.03208556149735,653.8074512408665,0.0,0.0,5.906417112299465,0.0,0.0,143.0,854.9692259305165,974.8352183805081,0.042388819406316315,100.0,1.0,7.457155080683898
50,2022,3,5,1.737773213412058E18,178.52386818179394,2.589014691639753E-4,0.0,40.08703620801628,0.0,316.1000000000039,260.11229946524065,653.0552211743709,0.0,0.0,5.922459893048129,0.0,0.0,143.0,854.9692259305165,975.2001916425402,0.04239890096883968,100.0,1.0,7.455381926817302
51,2022,3,5,7.755894565059676E18,178.4557366880308,2.589014691639753E-4,0.0,40.13469240949077,0.0,316.1000000000039,259.8649732620321,653.5591512437006,0.0,0.0,5.872994652406417,0.0,0.0,143.0,854.9692259305165,974.0748574179412,0.042415088178679644,100.0,1.0,7.452536669696108
56,2022,3,5,3.2777485401579377E18,178.34032181397637,2.589014691639753E-4,0.0,40.028760053236596,0.0,316.1000000000039,260.09893048128345,651.4419861295848,0.0,0.0,5.919786096256685,0.0,0.0,143.0,854.9692259305165,975.1393627655348,0.04244253756315067,100.0,1.0,7.447716798970269
57,2022,3,5,8.256006970224683E18,178.3815618251986,2.589014691639753E-4,0.0,40.14290442130762,0.0,316.1000000000039,259.7446524064171,653.4300874700142,0.0,0.0,5.848930481283422,0.0,0.0,143.0,854.9692259305165,973.5273975248931,0.042432725278139335,100.0,1.0,7.449439033859407
54,2022,3,5,6.302646066000695E18,178.37901387953386,2.589014691639753E-4,0.0,39.97276674213001,0.0,316.1000000000039,260.346256684492,650.6695490599625,0.0,0.0,5.969251336898396,0.0,0.0,143.0,854.9692259305165,976.2646969901338,0.042433331382389264,100.0,1.0,7.449332628434452
55,2022,3,5,6.865215925804663E18,178.38223113639063,2.589014691639753E-4,0.0,40.02787416763001,0.0,316.1000000000039,260.15909090909093,651.5504968423265,0.0,0.0,5.931818181818182,0.0,0.0,143.0,854.9692259305165,975.4130927120589,0.04243256606554417,100.0,1.0,7.449466985139074
58,2022,3,5,2.850549735506946E18,178.4156515822737,2.589014691639753E-4,0.0,40.10625798905006,0.0,316.1000000000039,259.9050802139037,653.0110620123875,0.0,0.0,5.8810160427807485,0.0,0.0,143.0,854.9692259305165,974.2573440489573,0.04242461768621042,100.0,1.0,7.45086266511597
59,2022,3,5,1.4712068369678991E18,178.41973849682358,2.589014691639753E-4,0.0,40.002751757155536,0.0,316.1000000000039,260.2860962566845,651.3147143737157,0.0,0.0,5.957219251336898,0.0,0.0,143.0,854.9692259305165,975.9909670436097,0.04242364590030394,100.0,1.0,7.451033339822856
40,2022,7,15,7.937907956999934E18,147.88909984708104,1.336745361242548E-5,0.0,45.86232897455454,0.0,498.63779795093905,246.4639037433155,617.492932717019,0.0,0.0,6.792780748663102,0.0,0.0,101.90000000000008,343.4891750028543,727.9769732830907,0.08094011957222966,100.0,1.0,6.1605764926744735
41,2022,7,15,1.8925442311934095E18,147.96997881249314,1.336745361242548E-5,0.0,45.95072791221924,0.0,498.66570428875673,246.29010695187165,619.0195312051344,0.0,0.0,6.758021390374331,0.0,0.0,101.90000000000008,343.4891750028543,727.1861978820212,0.08090040583211185,100.0,1.0,6.163945646003436
44,2022,7,15,4.274909299870301E18,147.92863215087235,1.336745361242548E-5,0.0,45.9629452524543,0.0,498.8503278688362,246.20320855614975,619.0387540024967,0.0,0.0,6.740641711229946,0.0,0.0,101.90000000000008,343.4891750028543,726.7908101814867,0.08095297837554431,100.0,1.0,6.162223279230671
45,2022,7,15,6.586007515238528E18,148.14232900834307,1.336745361242548E-5,0.0,46.0057655544897,0.0,498.5896055466985,246.3168449197861,620.4658862529417,0.0,0.0,6.7633689839572195,0.0,0.0,101.90000000000008,343.4891750028543,727.307855636032,0.0807939541089305,100.0,1.0,6.171125191799311
42,2022,7,15,1.936069585034968E18,147.92786128664272,1.336745361242548E-5,0.0,45.899949283808205,0.0,498.6142634588618,246.40374331550802,618.1193076556141,0.0,0.0,6.780748663101604,0.0,0.0,101.90000000000008,343.4891750028543,727.7032433365666,0.08091509171036945,100.0,1.0,6.1621911675466
43,2022,7,15,4.2803926544300943E18,148.00646014958843,1.336745361242548E-5,0.0,45.951077144175024,0.0,498.6490446564074,246.33689839572193,619.1385311428126,0.0,0.0,6.767379679144385,0.0,0.0,101.90000000000008,343.4891750028543,727.3990989515399,0.08087776302644342,100.0,1.0,6.165465339259833
48,2022,7,15,7.316657466226932E18,147.8507876726604,1.336745361242548E-5,0.0,45.8579394992507,0.0,498.6441329970432,246.43716577540107,617.2660328168811,0.0,0.0,6.787433155080214,0.0,0.0,101.90000000000008,343.4891750028543,727.8553155290803,0.0809621219531376,100.0,1.0,6.158980532719582
49,2022,7,15,1.7886973295216548E18,147.8587880012376,1.336745361242548E-5,0.0,45.925022788503036,0.0,498.6415378362209,246.25,618.1904227252014,0.0,0.0,6.75,0.0,0.0,101.90000000000008,343.4891750028543,727.0037112510054,0.08095731992342846,100.0,1.0,6.159313800257332
46,2022,7,15,3.898563936708942E18,148.02761779017908,1.336745361242548E-5,0.0,45.9583671461529,0.0,498.7824518399037,246.3235294117647,619.3918486395075,0.0,0.0,6.764705882352941,0.0,0.0,101.90000000000008,343.4891750028543,727.3382700745346,0.08088783785860047,100.0,1.0,6.166346697408604
47,2022,7,15,7.117891878976512E17,147.97958504470802,1.336745361242548E-5,0.0,45.950954462817485,0.0,498.63467740170756,246.29679144385025,619.0765126353527,0.0,0.0,6.759358288770054,0.0,0.0,101.90000000000008,343.4891750028543,727.2166123205241,0.08089012082573212,100.0,1.0,6.164345810237508
52,2022,7,15,7.082481113405546E18,147.95776826249838,1.336745361242548E-5,0.0,45.93902145736791,0.0,498.60818798390494,246.3101604278075,618.8171983801874,0.0,0.0,6.762032085561497,0.0,0.0,101.90000000000008,343.4891750028543,727.2774411975292,0.08089775046563366,100.0,1.0,6.163436994403444
53,2022,7,15,4.635502054826138E18,148.10110804379906,1.336745361242548E-5,0.0,45.98786107866748,0.0,498.8332263762779,246.3235294117647,620.0604504819149,0.0,0.0,6.764705882352941,0.0,0.0,101.90000000000008,343.4891750028543,727.3382700745346,0.08085593000681143,100.0,1.0,6.169408061155878
50,2022,7,15,1.737773213412058E18,147.91054190074573,1.336745361242548E-5,0.0,45.91960803996146,0.0,498.76941735120926,246.3101604278075,618.3875409641003,0.0,0.0,6.762032085561497,0.0,0.0,101.90000000000008,343.4891750028543,727.2774411975292,0.0809497476664074,100.0,1.0,6.161469698542236
51,2022,7,15,7.755894565059676E18,148.10958729749882,1.336745361242548E-5,0.0,46.03297730657428,0.0,498.7078241224609,246.20320855614975,620.6850531846128,0.0,0.0,6.740641711229946,0.0,0.0,101.90000000000008,343.4891750028543,726.7908101814867,0.08083097571503864,100.0,1.0,6.169761279148782
56,2022,7,15,3.2777485401579377E18,147.91127558592913,1.336745361242548E-5,0.0,45.90875331825168,0.0,498.5641370833129,246.35026737967914,618.2117292762374,0.0,0.0,6.770053475935829,0.0,0.0,101.90000000000008,343.4891750028543,727.4599278285453,0.08091602952630009,100.0,1.0,6.161500261468773
57,2022,7,15,8.256006970224683E18,148.02610386947018,1.336745361242548E-5,0.0,45.93050517639819,0.0,498.62442606854427,246.41042780748663,618.9826875455591,0.0,0.0,6.782085561497326,0.0,0.0,101.90000000000008,343.4891750028543,727.7336577750693,0.08086303773750024,100.0,1.0,6.166283632420441
54,2022,7,15,6.302646066000695E18,147.986705249807,1.336745361242548E-5,0.0,45.94009095030395,0.0,498.60437770808187,246.34358288770053,618.9283899821935,0.0,0.0,6.768716577540107,0.0,0.0,101.90000000000008,343.4891750028543,727.4295133900426,0.08088131381610673,100.0,1.0,6.164642414708027
55,2022,7,15,6.865215925804663E18,148.01106616538738,1.336745361242548E-5,0.0,45.92781492165117,0.0,498.62511257345994,246.40374331550802,618.8762915070236,0.0,0.0,6.780748663101604,0.0,0.0,101.90000000000008,343.4891750028543,727.7032433365666,0.08087136464515868,100.0,1.0,6.165657210822272
58,2022,7,15,2.850549735506946E18,147.91052558882419,1.336745361242548E-5,0.0,45.85564850533313,0.0,498.6574080892454,246.5173796791444,617.444544967424,0.0,0.0,6.803475935828877,0.0,0.0,101.90000000000008,343.4891750028543,728.2202887911121,0.08093157760726144,100.0,1.0,6.161469019040897
59,2022,7,15,1.4712068369678991E18,147.97124982248306,1.336745361242548E-5,0.0,45.899896565978224,0.0,498.66429992439333,246.45053475935828,618.3011481140322,0.0,0.0,6.790106951871658,0.0,0.0,101.90000000000008,343.4891750028543,727.9161444060854,0.08089948309875869,100.0,1.0,6.163998592125056
40,2022,11,17,7.937907956999934E18,123.36949324354583,2.0959204827644475E-4,0.0,27.89480883074054,0.0,1027.89145821426,373.2433155080214,312.55989279145604,0.0,0.0,4.248663101604278,0.0,0.0,88.0,258.198922278614,807.0267083590109,0.2005128448690889,100.0,1.0,5.126312276329983
41,2022,11,17,1.8925442311934095E18,123.25485942370061,2.0959204827644475E-4,0.0,27.803842783448513,0.0,1028.3004577196925,373.3034759358289,311.2458530782067,0.0,0.0,4.260695187165775,0.0,0.0,88.0,258.198922278614,807.3004383055348,0.2007791914344056,100.0,1.0,5.121548953222264
44,2022,11,17,4.274909299870301E18,123.30620600875541,2.0959204827644475E-4,0.0,27.844085753134703,0.0,1028.1206807987712,373.2834224598931,311.8030701699745,0.0,0.0,4.25668449197861,0.0,0.0,88.0,258.198922278614,807.2091949900268,0.20066049647306208,100.0,1.0,5.1236825327838895
45,2022,11,17,6.586007515238528E18,123.13329652597588,2.0959204827644475E-4,0.0,27.667132213135833,0.0,1029.1595513075044,373.4639037433155,309.41271493106336,0.0,0.0,4.292780748663102,0.0,0.0,88.0,258.198922278614,808.030384829599,0.20114531652994255,100.0,1.0,5.1164977095268505
42,2022,11,17,1.936069585034968E18,123.21811441554112,2.0959204827644475E-4,0.0,27.808723847188347,0.0,1028.0910205565149,373.2433155080214,311.18611955890117,0.0,0.0,4.248663101604278,0.0,0.0,88.0,258.198922278614,807.0267083590109,0.2007981604965327,100.0,1.0,5.120022105851251
43,2022,11,17,4.2803926544300943E18,123.0858282155343,2.0959204827644475E-4,0.0,27.733045003060106,0.0,1028.4717632751244,373.2299465240642,310.04644211014687,0.0,0.0,4.245989304812834,0.0,0.0,88.0,258.198922278614,806.9658794820054,0.20108841125326507,100.0,1.0,5.11452528201535
48,2022,11,17,7.316657466226932E18,123.27959040124524,2.0959204827644475E-4,0.0,27.79571774933443,0.0,1027.7198660263984,373.3636363636364,311.19655844680227,0.0,0.0,4.2727272727272725,0.0,0.0,88.0,258.198922278614,807.5741682520589,0.20062557357257477,100.0,1.0,5.122576587449
49,2022,11,17,1.7886973295216548E18,123.43153964044382,2.0959204827644475E-4,0.0,27.876383685979054,0.0,1027.750322964586,373.3770053475936,312.5146793230064,0.0,0.0,4.275401069518717,0.0,0.0,88.0,258.198922278614,807.6349971290643,0.20038453365126654,100.0,1.0,5.128890459945386
46,2022,11,17,3.898563936708942E18,123.42541217018835,2.0959204827644475E-4,0.0,27.908532533678652,0.0,1028.5858348226793,373.2901069518717,312.85445981128214,0.0,0.0,4.258021390374331,0.0,0.0,88.0,258.198922278614,807.2396094285295,0.200557392896236,100.0,1.0,5.128635848167646
47,2022,11,17,7.117891878976512E17,123.26021181376898,2.0959204827644475E-4,0.0,27.840780937669834,0.0,1028.362812981207,373.2165775401069,311.6898140852149,0.0,0.0,4.24331550802139,0.0,0.0,88.0,258.198922278614,806.9050506050002,0.20078264744876606,100.0,1.0,5.12177135847168
52,2022,11,17,7.082481113405546E18,123.34661915016149,2.0959204827644475E-4,0.0,27.85365266578202,0.0,1028.2560025312569,373.3101604278075,312.04816444224775,0.0,0.0,4.262032085561497,0.0,0.0,88.0,258.198922278614,807.3308527440375,0.20062115468031283,100.0,1.0,5.125361800303509
53,2022,11,17,4.635502054826138E18,123.31693989243264,2.0959204827644475E-4,0.0,27.791880008539753,0.0,1028.9349538207005,373.41711229946526,311.29219212949045,0.0,0.0,4.283422459893048,0.0,0.0,88.0,258.198922278614,807.8174837600802,0.20080193993123432,100.0,1.0,5.124128552607931
50,2022,11,17,1.737773213412058E18,123.2219490842902,2.0959204827644475E-4,0.0,27.77371002141426,0.0,1028.0410729958776,373.3302139037433,310.8255317399139,0.0,0.0,4.266042780748663,0.0,0.0,88.0,258.198922278614,807.4220960595455,0.2007821566177866,100.0,1.0,5.120181445968227
51,2022,11,17,7.755894565059676E18,123.245572574333,2.0959204827644475E-4,0.0,27.777540739851627,0.0,1028.999966833964,373.35695187165777,310.91825877608596,0.0,0.0,4.271390374331551,0.0,0.0,88.0,258.198922278614,807.5437538135562,0.20093091247345826,100.0,1.0,5.121163061307894
56,2022,11,17,3.2777485401579377E18,123.2572453161341,2.0959204827644475E-4,0.0,27.772659968031284,0.0,1028.0146816421156,373.3836898395722,310.90253195342564,0.0,0.0,4.276737967914438,0.0,0.0,88.0,258.198922278614,807.6654115675669,0.20071950726918367,100.0,1.0,5.121648093044845
57,2022,11,17,8.256006970224683E18,123.2136426450475,2.0959204827644475E-4,0.0,27.735685855393033,0.0,1028.5826297841368,373.41042780748666,310.38517697281935,0.0,0.0,4.282085561497326,0.0,0.0,88.0,258.198922278614,807.7870693215776,0.20090146852536908,100.0,1.0,5.119836292556773
54,2022,11,17,6.302646066000695E18,123.18098932712655,2.0959204827644475E-4,0.0,27.68884095347679,0.0,1028.3798657764653,373.47727272727275,309.78470149112997,0.0,0.0,4.295454545454546,0.0,0.0,88.0,258.198922278614,808.0912137066042,0.2009151101943651,100.0,1.0,5.118479465191102
55,2022,11,17,6.865215925804663E18,123.21212682068393,2.0959204827644475E-4,0.0,27.724796748849535,0.0,1028.511409052763,373.43716577540107,310.24976300888636,0.0,0.0,4.287433155080214,0.0,0.0,88.0,258.198922278614,807.9087270755882,0.20089002921236435,100.0,1.0,5.119773306247597
58,2022,11,17,2.850549735506946E18,123.38066777629389,2.0959204827644475E-4,0.0,27.910381681185758,0.0,1028.0130004983396,373.2232620320856,312.7525457570327,0.0,0.0,4.244652406417113,0.0,0.0,88.0,258.198922278614,806.9354650435027,0.2005183918583846,100.0,1.0,5.126776606229567
59,2022,11,17,1.4712068369678991E18,123.10111337060475,2.0959204827644475E-4,0.0,27.665679566412624,0.0,1028.3088162744207,373.41711229946526,309.3335516612622,0.0,0.0,4.283422459893048,0.0,0.0,88.0,258.198922278614,807.8174837600803,0.20103158691486162,100.0,1.0,5.115160418595895
40,2023,3,9,7.937907956999934E18,182.93439355971435,0.0039000475434676795,0.0,42.83728534910822,0.0,324.79999999999575,265.28743315508024,709.6888228046354,0.0,0.0,6.057486631016043,0.0,0.0,143.0,746.2684706699938,946.3017855901103,0.04283618496409331,100.0,1.0,7.582374580562057
41,2023,3,9,1.8925442311934095E18,182.84422729067845,0.0039000475434676795,0.0,42.89653909314868,0.0,324.79999999999575,264.9598930481283,710.362911471984,0.0,0.0,5.991978609625669,0.0,0.0,143.0,746.2684706699938,944.8114781034793,0.0428573088411507,100.0,1.0,7.578637314906005
44,2023,3,9,4.274909299870301E18,182.77407681156723,0.0039000475434676795,0.0,42.79377419667097,0.0,324.79999999999575,265.25401069518716,708.389647781501,0.0,0.0,6.050802139037433,0.0,0.0,143.0,746.2684706699938,946.1497133975969,0.04287375789563953,100.0,1.0,7.575729675728507
45,2023,3,9,6.586007515238528E18,182.73532234730152,0.0039000475434676795,0.0,42.823782238598454,0.0,324.79999999999575,265.10695187165777,708.7079455110529,0.0,0.0,6.021390374331551,0.0,0.0,143.0,746.2684706699938,945.4805957505381,0.042882850552149354,100.0,1.0,7.5741233574249005
42,2023,3,9,1.936069585034968E18,182.88752025659375,0.0039000475434676795,0.0,42.845125057061765,0.0,324.79999999999575,265.2005347593583,709.6598958192251,0.0,0.0,6.040106951871658,0.0,0.0,143.0,746.2684706699938,945.9063978895755,0.04284716369834222,100.0,1.0,7.580431747750959
43,2023,3,9,4.2803926544300943E18,182.93964829440853,0.0039000475434676795,0.0,42.91560051357795,0.0,324.79999999999575,265.0066844919786,711.013797047206,0.0,0.0,6.001336898395722,0.0,0.0,143.0,746.2684706699938,945.024379172998,0.04283495454308075,100.0,1.0,7.582592381960671
48,2023,3,9,7.316657466226932E18,182.7899135685646,0.0039000475434676795,0.0,42.860949326847006,0.0,324.79999999999575,265.0267379679144,709.5670989431092,0.0,0.0,6.005347593582887,0.0,0.0,143.0,746.2684706699938,945.115622488506,0.04287004335104516,100.0,1.0,7.576386087141132
49,2023,3,9,1.7886973295216548E18,182.80067738942444,0.0039000475434676795,0.0,42.86181516152232,0.0,324.79999999999575,265.0401069518717,709.6037082017532,0.0,0.0,6.008021390374331,0.0,0.0,143.0,746.2684706699938,945.1764513655114,0.04286751904165264,100.0,1.0,7.576832232450885
46,2023,3,9,3.898563936708942E18,182.69136949281878,0.0039000475434676795,0.0,42.828426624508374,0.0,324.79999999999575,265.0401069518717,708.6142122044175,0.0,0.0,6.008021390374331,0.0,0.0,143.0,746.2684706699938,945.1764513655114,0.04289316753480351,100.0,1.0,7.57230157312241
47,2023,3,9,7.117891878976512E17,182.7732594907892,0.0039000475434676795,0.0,42.81160814896777,0.0,324.79999999999575,265.1938502673797,708.6559790343944,0.0,0.0,6.038770053475936,0.0,0.0,143.0,746.2684706699938,945.8759834510729,0.04287394961741142,100.0,1.0,7.575695798926165
52,2023,3,9,7.082481113405546E18,182.74517662580593,0.0039000475434676795,0.0,42.77858763189431,0.0,324.79999999999575,265.274064171123,708.0367891662659,0.0,0.0,6.054812834224599,0.0,0.0,143.0,746.2684706699938,946.240956713105,0.04288053815430538,100.0,1.0,7.574531803477018
53,2023,3,9,4.635502054826138E18,182.7468772619184,0.0039000475434676795,0.0,42.81568608828963,0.0,324.79999999999575,265.1470588235294,708.6300582925087,0.0,0.0,6.029411764705882,0.0,0.0,143.0,746.2684706699938,945.6630823815542,0.04288013910950201,100.0,1.0,7.574602292463688
50,2023,3,9,1.737773213412058E18,182.7031599504743,0.0039000475434676795,0.0,42.85195199350929,0.0,324.79999999999575,264.9598930481283,709.0859171026707,0.0,0.0,5.991978609625669,0.0,0.0,143.0,746.2684706699938,944.8114781034793,0.0428903994925011,100.0,1.0,7.572790271090466
51,2023,3,9,7.755894565059676E18,182.86262844401327,0.0039000475434676795,0.0,42.936007751311465,0.0,324.79999999999575,264.83957219251334,711.0769454931265,0.0,0.0,5.967914438502674,0.0,0.0,143.0,746.2684706699938,944.2640182104311,0.042852996183511495,100.0,1.0,7.579400016957711
56,2023,3,9,3.2777485401579377E18,182.86348904664803,0.0039000475434676795,0.0,42.87689475020825,0.0,324.79999999999575,265.0534759358289,710.1114739582446,0.0,0.0,6.010695187165775,0.0,0.0,143.0,746.2684706699938,945.2372802425167,0.04285279450628418,100.0,1.0,7.579435687732458
57,2023,3,9,8.256006970224683E18,182.75845377236752,0.0039000475434676795,0.0,42.85049404700017,0.0,324.79999999999575,265.0334224598931,709.2518986530763,0.0,0.0,6.00668449197861,0.0,0.0,143.0,746.2684706699938,945.1460369270087,0.042877422943063626,100.0,1.0,7.575082122619483
54,2023,3,9,6.302646066000695E18,182.75280277019,0.0039000475434676795,0.0,42.830229568868,0.0,324.79999999999575,265.10026737967917,708.8965992809947,0.0,0.0,6.020053475935829,0.0,0.0,143.0,746.2684706699938,945.4501813120354,0.0428787487799688,100.0,1.0,7.574847896488273
55,2023,3,9,6.865215925804663E18,182.90075476610838,0.0039000475434676795,0.0,42.927768594176605,0.0,324.79999999999575,264.9197860962567,711.0571059705416,0.0,0.0,5.983957219251337,0.0,0.0,143.0,746.2684706699938,944.6289914724632,0.04284406332187657,100.0,1.0,7.580980299647488
58,2023,3,9,2.850549735506946E18,182.79716570352605,0.0039000475434676795,0.0,42.77720219772931,0.0,324.79999999999575,265.3475935828877,708.1728549353451,0.0,0.0,6.06951871657754,0.0,0.0,143.0,746.2684706699938,946.5755155366344,0.042868342562419795,100.0,1.0,7.576686677985288
59,2023,3,9,1.4712068369678991E18,182.76282696402947,0.0039000475434676795,0.0,42.849622617975264,0.0,324.79999999999575,265.0334224598931,709.2914864210176,0.0,0.0,6.00668449197861,0.0,0.0,143.0,746.2684706699938,945.1460369270087,0.04287639696206086,100.0,1.0,7.57526338529319
40,2023,7,11,7.937907956999934E18,142.08071728588786,3.8961742375546635E-4,0.0,38.58462846094096,0.0,582.0905343804714,236.45989304812835,495.43847166595936,0.0,0.0,5.991978609625669,0.0,0.0,102.19999999999857,587.4628338646179,787.514505221595,0.09909059412068882,100.0,1.0,5.874326817250744
41,2023,7,11,1.8925442311934095E18,142.29431795799718,3.8961742375546635E-4,0.0,38.67946929109862,0.0,581.9387370839386,236.44652406417111,497.4280606406263,0.0,0.0,5.989304812834225,0.0,0.0,102.19999999999857,587.4628338646179,787.4536763445897,0.09891604536098549,100.0,1.0,5.88315813637923
44,2023,7,11,4.274909299870301E18,142.15275139737795,3.8961742375546635E-4,0.0,38.60667543456365,0.0,581.8180737147629,236.47994652406416,495.9976781760117,0.0,0.0,5.995989304812834,0.0,0.0,102.19999999999857,587.4628338646179,787.605748537103,0.09899402311871779,100.0,1.0,5.877305067367777
45,2023,7,11,6.586007515238528E18,142.194010793885,3.8961742375546635E-4,0.0,38.64242878886232,0.0,581.7600597463356,236.4331550802139,496.5831411707817,0.0,0.0,5.9866310160427805,0.0,0.0,102.19999999999857,587.4628338646179,787.3928474675843,0.09895543076575766,100.0,1.0,5.879010936988884
42,2023,7,11,1.936069585034968E18,142.086043911371,3.8961742375546635E-4,0.0,38.58463806462612,0.0,582.0084651854698,236.46657754010695,495.45615530966813,0.0,0.0,5.99331550802139,0.0,0.0,102.19999999999857,587.4628338646179,787.5449196600977,0.09907290903828844,100.0,1.0,5.874547046564896
43,2023,7,11,4.2803926544300943E18,142.0650471899407,3.8961742375546635E-4,0.0,38.58622546160769,0.0,582.0971804774875,236.4331550802139,495.4186324130052,0.0,0.0,5.9866310160427805,0.0,0.0,102.19999999999857,587.4628338646179,787.3928474675843,0.0991026555422751,100.0,1.0,5.873678937182235
48,2023,7,11,7.316657466226932E18,142.32374890669854,3.8961742375546635E-4,0.0,38.69221099412934,0.0,581.8464072724355,236.45320855614975,497.6634002324404,0.0,0.0,5.990641711229946,0.0,0.0,102.19999999999857,587.4628338646179,787.4840907830923,0.09887989996220864,100.0,1.0,5.884374958862358
49,2023,7,11,1.7886973295216548E18,142.01091809583838,3.8961742375546635E-4,0.0,38.561779908807885,0.0,581.8600312452834,236.4331550802139,494.9298603703138,0.0,0.0,5.9866310160427805,0.0,0.0,102.19999999999857,587.4628338646179,787.3928474675843,0.09910003936390842,100.0,1.0,5.871440969953772
46,2023,7,11,3.898563936708942E18,142.10684977595858,3.8961742375546635E-4,0.0,38.59465680280018,0.0,581.6828677245142,236.45989304812835,495.6744414482792,0.0,0.0,5.991978609625669,0.0,0.0,102.19999999999857,587.4628338646179,787.514505221595,0.09900298677036247,100.0,1.0,5.875407264971997
47,2023,7,11,7.117891878976512E17,142.34188744219577,3.8961742375546635E-4,0.0,38.71379773579593,0.0,581.825168536197,236.40641711229947,498.04008769434876,0.0,0.0,5.981283422459893,0.0,0.0,102.19999999999857,587.4628338646179,787.2711897135736,0.09886369087538613,100.0,1.0,5.885124896556464
52,2023,7,11,7.082481113405546E18,142.11104106151342,3.8961742375546635E-4,0.0,38.594809282128274,0.0,581.7679229771082,236.46657754010695,495.6818732593065,0.0,0.0,5.99331550802139,0.0,0.0,102.19999999999857,587.4628338646179,787.5449196600977,0.09901454293136788,100.0,1.0,5.875580553660303
53,2023,7,11,4.635502054826138E18,142.10158469990026,3.8961742375546635E-4,0.0,38.5965157317313,0.0,581.7707655223219,236.4398395721925,495.71814245733407,0.0,0.0,5.987967914438503,0.0,0.0,102.19999999999857,587.4628338646179,787.423261906087,0.09902161582347922,100.0,1.0,5.875189580418633
50,2023,7,11,1.737773213412058E18,142.06375695110927,3.8961742375546635E-4,0.0,38.578910504166096,0.0,581.7045432024642,236.45320855614975,495.31573856686214,0.0,0.0,5.990641711229946,0.0,0.0,102.19999999999857,587.4628338646179,787.4840907830923,0.09903670808858439,100.0,1.0,5.873625592261736
51,2023,7,11,7.755894565059676E18,142.1731356068894,3.8961742375546635E-4,0.0,38.625299921358945,0.0,581.9692844306309,236.45989304812835,496.2729857528327,0.0,0.0,5.991978609625669,0.0,0.0,102.19999999999857,587.4628338646179,787.514505221595,0.09900555396686041,100.0,1.0,5.878147852447047
56,2023,7,11,3.2777485401579377E18,142.05513902920043,3.8961742375546635E-4,0.0,38.57146259186157,0.0,581.9686076855944,236.45989304812835,495.20750647105245,0.0,0.0,5.991978609625669,0.0,0.0,102.19999999999857,587.4628338646179,787.514505221595,0.09908767664383694,100.0,1.0,5.873269284307028
57,2023,7,11,8.256006970224683E18,142.072415411304,3.8961742375546635E-4,0.0,38.57592032888543,0.0,581.7941984010702,236.47326203208556,495.3026789591369,0.0,0.0,5.994652406417113,0.0,0.0,102.19999999999857,587.4628338646179,787.5753340986004,0.09904593549618665,100.0,1.0,5.873983576271736
54,2023,7,11,6.302646066000695E18,142.06606746394573,3.8961742375546635E-4,0.0,38.582634146509676,0.0,581.7848472648127,236.4398395721925,495.3974307909729,0.0,0.0,5.987967914438503,0.0,0.0,102.19999999999857,587.4628338646179,787.423261906087,0.09904876914285948,100.0,1.0,5.873721120407827
55,2023,7,11,6.865215925804663E18,142.24397954461577,3.8961742375546635E-4,0.0,38.65455159663696,0.0,582.0346893552412,236.45989304812835,496.9126886100316,0.0,0.0,5.991978609625669,0.0,0.0,102.19999999999857,587.4628338646179,787.514505221595,0.09896736597111279,100.0,1.0,5.881076894833486
58,2023,7,11,2.850549735506946E18,142.07552498947865,3.8961742375546635E-4,0.0,38.577679098784756,0.0,581.8648556690343,236.46657754010695,495.3611721028449,0.0,0.0,5.99331550802139,0.0,0.0,102.19999999999857,587.4628338646179,787.5449196600977,0.09905579628473568,100.0,1.0,5.874112141771745
59,2023,7,11,1.4712068369678991E18,142.29180316437342,3.8961742375546635E-4,0.0,38.671564272458156,0.0,581.8035772197005,236.46657754010695,497.3141093741194,0.0,0.0,5.99331550802139,0.0,0.0,102.19999999999857,587.4628338646179,787.5449196600977,0.09889481911513108,100.0,1.0,5.883054162244619
40,2023,11,13,7.937907956999934E18,129.32602008122376,2.584374365068926E-4,0.0,34.63878369791584,0.0,723.034155489675,356.6764705882353,403.8175639076178,0.0,0.0,5.735294117647059,0.0,0.0,88.0,122.76618593906427,761.0461062551535,0.13556149410761595,100.0,1.0,5.333624863382606
41,2023,11,13,1.8925442311934095E18,129.338654078146,2.584374365068926E-4,0.0,34.562610807824676,0.0,723.6638331219974,356.8903743315508,402.9580986506476,0.0,0.0,5.778074866310161,0.0,0.0,88.0,122.76618593906427,762.0193682872391,0.13566629882487888,100.0,1.0,5.334145910887707
44,2023,11,13,4.274909299870301E18,129.24989533046443,2.584374365068926E-4,0.0,34.49516205076365,0.0,723.2314648727689,356.9438502673797,401.91531648836184,0.0,0.0,5.788770053475936,0.0,0.0,88.0,122.76618593906427,762.2626837952605,0.13567835149756557,100.0,1.0,5.330485349283932
45,2023,11,13,6.586007515238528E18,129.22070242606296,2.584374365068926E-4,0.0,34.5339345824485,0.0,723.3810179502193,356.8034759358289,402.2910737426374,0.0,0.0,5.760695187165775,0.0,0.0,88.0,122.76618593906427,761.6239805867043,0.13573706580448228,100.0,1.0,5.329281384291806
42,2023,11,13,1.936069585034968E18,129.21387852885024,2.584374365068926E-4,0.0,34.47857871670947,0.0,723.0566562536402,356.9438502673797,401.5909064145862,0.0,0.0,5.788770053475936,0.0,0.0,88.0,122.76618593906427,762.2626837952605,0.135683366923604,100.0,1.0,5.328999955173241
43,2023,11,13,4.2803926544300943E18,129.31959927629853,2.584374365068926E-4,0.0,34.49063059018306,0.0,722.9744368343281,357.04411764705884,402.08693639815925,0.0,0.0,5.8088235294117645,0.0,0.0,88.0,122.76618593906427,762.7189003728006,0.13555702763504163,100.0,1.0,5.33336005847504
48,2023,11,13,7.316657466226932E18,129.33528401487237,2.584374365068926E-4,0.0,34.56168949372019,0.0,723.7692653614972,356.8836898395722,402.9581582984339,0.0,0.0,5.776737967914438,0.0,0.0,88.0,122.76618593906427,761.9889538487364,0.13568959990261192,100.0,1.0,5.334006923750722
49,2023,11,13,1.7886973295216548E18,129.27980468897235,2.584374365068926E-4,0.0,34.55544942914014,0.0,722.8135854420283,356.8302139037433,402.70176113343456,0.0,0.0,5.766042780748663,0.0,0.0,88.0,122.76618593906427,761.745638340715,0.13556858569294689,100.0,1.0,5.331718862061076
46,2023,11,13,3.898563936708942E18,129.25250098141973,2.584374365068926E-4,0.0,34.524153695042735,0.0,723.1062811846984,356.870320855615,402.27334489777354,0.0,0.0,5.774064171122995,0.0,0.0,88.0,122.76618593906427,761.9281249717311,0.13565213229669038,100.0,1.0,5.330592810757761
47,2023,11,13,7.117891878976512E17,129.19613239786338,2.584374365068926E-4,0.0,34.51447002212464,0.0,723.838583745547,356.8235294117647,401.97852358410796,0.0,0.0,5.764705882352941,0.0,0.0,88.0,122.76618593906427,761.7152239022123,0.1358487549078175,100.0,1.0,5.328268074571018
52,2023,11,13,7.082481113405546E18,129.29465876606042,2.584374365068926E-4,0.0,34.58218412189084,0.0,723.1187412937371,356.7767379679144,403.07887009417874,0.0,0.0,5.755347593582887,0.0,0.0,88.0,122.76618593906427,761.5023228326936,0.13561023830518806,100.0,1.0,5.3323314694453465
53,2023,11,13,4.635502054826138E18,129.3457298680493,2.584374365068926E-4,0.0,34.606838650746894,0.0,723.0459485906985,356.7767379679144,403.53887706930124,0.0,0.0,5.755347593582887,0.0,0.0,88.0,122.76618593906427,761.5023228326936,0.13554304790722757,100.0,1.0,5.334437728488939
50,2023,11,13,1.737773213412058E18,129.16700543086344,2.584374365068926E-4,0.0,34.49983755191023,0.0,722.9809582317762,356.8235294117647,401.71617154034476,0.0,0.0,5.764705882352941,0.0,0.0,88.0,122.76618593906427,761.7152239022123,0.13571839465253388,100.0,1.0,5.327066828949395
51,2023,11,13,7.755894565059676E18,129.28343003301433,2.584374365068926E-4,0.0,34.469831516692416,0.0,723.3139222499385,357.05748663101605,401.70032437672256,0.0,0.0,5.811497326203209,0.0,0.0,88.0,122.76618593906427,762.7797292498059,0.13565862302872267,100.0,1.0,5.331868377410797
56,2023,11,13,3.2777485401579377E18,129.28346949482668,2.584374365068926E-4,0.0,34.509023657555204,0.0,722.9509855239701,356.9572192513369,402.1568963941931,0.0,0.0,5.791443850267379,0.0,0.0,88.0,122.76618593906427,762.3235126722658,0.13559051230841743,100.0,1.0,5.331870004883
57,2023,11,13,8.256006970224683E18,129.31294199756965,2.584374365068926E-4,0.0,34.571029533296425,0.0,723.0070909141676,356.8368983957219,402.96982063612006,0.0,0.0,5.767379679144385,0.0,0.0,88.0,122.76618593906427,761.7760527792177,0.13557012929579046,100.0,1.0,5.333085500985927
54,2023,11,13,6.302646066000695E18,129.2540975665273,2.584374365068926E-4,0.0,34.45617085083964,0.0,722.9729962915179,357.05080213903744,401.466535799115,0.0,0.0,5.810160427807487,0.0,0.0,88.0,122.76618593906427,762.7493148113033,0.13562545322440053,100.0,1.0,5.33065865664106
55,2023,11,13,6.865215925804663E18,129.27923473539929,2.584374365068926E-4,0.0,34.542282487437426,0.0,723.5229808551325,356.8636363636364,402.54455526240406,0.0,0.0,5.7727272727272725,0.0,0.0,88.0,122.76618593906427,761.8977105332284,0.13570223587752833,100.0,1.0,5.331695356207057
58,2023,11,13,2.850549735506946E18,129.26608055355996,2.584374365068926E-4,0.0,34.557402703282456,0.0,723.0186918956591,356.8101604278075,402.6693885923934,0.0,0.0,5.762032085561497,0.0,0.0,88.0,122.76618593906427,761.654395025207,0.13562145215258709,100.0,1.0,5.331152855391888
59,2023,11,13,1.4712068369678991E18,129.19753675083268,2.584374365068926E-4,0.0,34.48108591853258,0.0,723.6798129658357,356.91711229946526,401.5653707151318,0.0,0.0,5.783422459893048,0.0,0.0,88.0,122.76618593906427,762.1410260412498,0.1358174807599925,100.0,1.0,5.328325992474222
40,2024,2,26,7.937907956999934E18,162.35475268889445,3.040440429492853E-4,0.0,41.0423389461111,0.0,261.00000000000006,247.78342245989305,599.0208281398104,0.0,0.0,6.75668449197861,0.0,0.0,102.40000000000003,714.1494486348857,859.6868792147177,0.03907732831780104,100.0,1.0,6.6790645941141715
41,2024,2,26,1.8925442311934095E18,162.34562693717135,3.040440429492853E-4,0.0,41.1535877733412,0.0,261.00000000000006,247.4090909090909,600.6420446128611,0.0,0.0,6.681818181818182,0.0,0.0,102.40000000000003,714.1494486348857,857.9836706585679,0.039079524927607925,100.0,1.0,6.678689172488259
44,2024,2,26,4.274909299870301E18,162.51446399804217,3.040440429492853E-4,0.0,41.19090182550889,0.0,261.00000000000006,247.48930481283423,601.7940206110156,0.0,0.0,6.697860962566845,0.0,0.0,102.40000000000003,714.1494486348857,858.3486439206,0.03903892502058004,100.0,1.0,6.685634910859084
45,2024,2,26,6.586007515238528E18,162.44552848017008,3.040440429492853E-4,0.0,41.13928532093636,0.0,261.00000000000006,247.56283422459893,600.8400972812744,0.0,0.0,6.712566844919786,0.0,0.0,102.40000000000003,714.1494486348857,858.6832027441295,0.03905549161086199,100.0,1.0,6.68279899279034
42,2024,2,26,1.936069585034968E18,162.33986572730632,3.040440429492853E-4,0.0,41.0989363577638,0.0,261.00000000000006,247.58957219251337,599.769092067887,0.0,0.0,6.717914438502674,0.0,0.0,102.40000000000003,714.1494486348857,858.8048604981402,0.03908091180410639,100.0,1.0,6.67845216376389
43,2024,2,26,4.2803926544300943E18,162.54371831287128,3.040440429492853E-4,0.0,41.15268862487215,0.0,261.00000000000006,247.64973262032086,601.3269151421588,0.0,0.0,6.729946524064171,0.0,0.0,102.40000000000003,714.1494486348857,859.0785904446642,0.03903189886777022,100.0,1.0,6.686838395544097
48,2024,2,26,7.316657466226932E18,162.46261387459353,3.040440429492853E-4,0.0,41.150660770698835,0.0,261.00000000000006,247.56283422459893,600.9936043151998,0.0,0.0,6.712566844919786,0.0,0.0,102.40000000000003,714.1494486348857,858.6832027441295,0.03905138433680874,100.0,1.0,6.683501863824805
49,2024,2,26,1.7886973295216548E18,162.30553150896006,3.040440429492853E-4,0.0,41.07037549796609,0.0,261.00000000000006,247.62967914438502,599.2781230050471,0.0,0.0,6.725935828877005,0.0,0.0,102.40000000000003,714.1494486348857,858.9873471291562,0.039089179005763496,100.0,1.0,6.677039698416714
46,2024,2,26,3.898563936708942E18,162.3336046330664,3.040440429492853E-4,0.0,41.12496644507787,0.0,261.00000000000006,247.49598930481284,600.1386401935813,0.0,0.0,6.699197860962567,0.0,0.0,102.40000000000003,714.1494486348857,858.3790583591027,0.03908241912769684,100.0,1.0,6.678194590442718
47,2024,2,26,7.117891878976512E17,162.47897036221278,3.040440429492853E-4,0.0,41.144216373160276,0.0,261.00000000000006,247.59625668449198,600.9884901523079,0.0,0.0,6.719251336898396,0.0,0.0,102.40000000000003,714.1494486348857,858.8352749366428,0.039047453098920076,100.0,1.0,6.684174748575815
52,2024,2,26,7.082481113405546E18,162.3843981311832,3.040440429492853E-4,0.0,41.10774788313151,0.0,261.00000000000006,247.60294117647058,600.1083731949723,0.0,0.0,6.720588235294118,0.0,0.0,102.40000000000003,714.1494486348857,858.8656893751455,0.039070194229213935,100.0,1.0,6.680284169277117
53,2024,2,26,4.635502054826138E18,162.43285329970047,3.040440429492853E-4,0.0,41.110516249164554,0.0,261.00000000000006,247.64973262032086,600.3308269679035,0.0,0.0,6.729946524064171,0.0,0.0,102.40000000000003,714.1494486348857,859.0785904446642,0.03905853924189494,100.0,1.0,6.68227755225537
50,2024,2,26,1.737773213412058E18,162.57219746984245,3.040440429492853E-4,0.0,41.17730717605407,0.0,261.00000000000006,247.59625668449198,601.8261071495438,0.0,0.0,6.719251336898396,0.0,0.0,102.40000000000003,714.1494486348857,858.8352749366428,0.03902506131748766,100.0,1.0,6.688009991237155
51,2024,2,26,7.755894565059676E18,162.40455556596774,3.040440429492853E-4,0.0,41.189185504857754,0.0,261.00000000000006,247.36229946524065,601.3844013563618,0.0,0.0,6.672459893048129,0.0,0.0,102.40000000000003,714.1494486348857,857.7707695890492,0.03906534488930807,100.0,1.0,6.68111342007975
56,2024,2,26,3.2777485401579377E18,162.27193366607847,3.040440429492853E-4,0.0,41.14253383660253,0.0,261.00000000000006,247.36229946524065,600.1928342212537,0.0,0.0,6.672459893048129,0.0,0.0,102.40000000000003,714.1494486348857,857.7707695890492,0.039097272285142946,100.0,1.0,6.675657526603988
57,2024,2,26,8.256006970224683E18,162.46487914553603,3.040440429492853E-4,0.0,41.151098244284256,0.0,261.00000000000006,247.55614973262033,601.0443715190407,0.0,0.0,6.711229946524064,0.0,0.0,102.40000000000003,714.1494486348857,858.6527883056268,0.039050839837796655,100.0,1.0,6.68359505414228
54,2024,2,26,6.302646066000695E18,162.55298761828354,3.040440429492853E-4,0.0,41.2464414214961,0.0,261.00000000000006,247.36229946524065,602.7180178667844,0.0,0.0,6.672459893048129,0.0,0.0,102.40000000000003,714.1494486348857,857.7707695890492,0.03902967314065979,100.0,1.0,6.687219722783153
55,2024,2,26,6.865215925804663E18,162.31878881413647,3.040440429492853E-4,0.0,41.12016460898464,0.0,261.00000000000006,247.4826203208556,600.0663534770757,0.0,0.0,6.696524064171123,0.0,0.0,102.40000000000003,714.1494486348857,858.3182294820974,0.0390859864167911,100.0,1.0,6.677585086809427
58,2024,2,26,2.850549735506946E18,162.45477910406927,3.040440429492853E-4,0.0,41.13490948209531,0.0,261.00000000000006,247.60294117647058,600.7407246715993,0.0,0.0,6.720588235294118,0.0,0.0,102.40000000000003,714.1494486348857,858.8656893751455,0.03905326768327986,100.0,1.0,6.683179551496115
59,2024,2,26,1.4712068369678991E18,162.4619947069478,3.040440429492853E-4,0.0,41.16556155766407,0.0,261.00000000000006,247.50935828877004,601.2313567916343,0.0,0.0,6.701871657754011,0.0,0.0,102.40000000000003,714.1494486348857,858.4398872361081,0.039051533167639985,100.0,1.0,6.683476392068453
40,2024,7,3,7.937907956999934E18,144.34345784517777,1.615233978168079E-4,0.0,38.031656743602156,0.0,299.13110880973466,216.0,492.28415008504413,0.0,0.0,4.0,0.0,0.0,102.49999999999999,795.672446261519,801.3603561915255,0.050500917251279726,100.0,1.0,5.923280706394584
41,2024,7,3,1.8925442311934095E18,144.36698372900383,1.615233978168079E-4,0.0,38.044319132491495,0.0,299.1235747241087,215.9933155080214,492.52540975908005,0.0,0.0,3.998663101604278,0.0,0.0,102.49999999999999,795.672446261519,801.3299417530229,0.050491415940272434,100.0,1.0,5.924246114982188
44,2024,7,3,4.274909299870301E18,144.29242010954508,1.615233978168079E-4,0.0,38.01054528547307,0.0,299.19664852450023,216.0,491.82673630752157,0.0,0.0,4.0,0.0,0.0,102.49999999999999,795.672446261519,801.3603561915255,0.05052984863270949,100.0,1.0,5.9211863209663615
45,2024,7,3,6.586007515238528E18,144.29928590099104,1.615233978168079E-4,0.0,38.01518052913089,0.0,299.16314342119495,215.9933155080214,491.9186837972465,0.0,0.0,3.998663101604278,0.0,0.0,102.49999999999999,795.672446261519,801.3299417530229,0.0505217861688335,100.0,1.0,5.921468065706402
42,2024,7,3,1.936069585034968E18,144.291301292263,1.615233978168079E-4,0.0,38.008222912165095,0.0,299.13167723001317,216.0,491.81670916910764,0.0,0.0,4.0,0.0,0.0,102.49999999999999,795.672446261519,801.3603561915255,0.05051926766797051,100.0,1.0,5.921140409160448
43,2024,7,3,4.2803926544300943E18,144.62792746929918,1.615233978168079E-4,0.0,38.15105453930372,0.0,299.20610463892103,216.0,494.833642607539,0.0,0.0,4.0,0.0,0.0,102.49999999999999,795.672446261519,801.3603561915255,0.050414222958665274,100.0,1.0,5.93495420695546
48,2024,7,3,7.316657466226932E18,144.33592341721908,1.615233978168079E-4,0.0,38.0324831583555,0.0,299.18452228612085,215.9866310160428,492.27745341234976,0.0,0.0,3.9973262032085564,0.0,0.0,102.49999999999999,795.672446261519,801.2995273145202,0.05051257145173716,100.0,1.0,5.922971523474712
49,2024,7,3,1.7886973295216548E18,144.2488532949168,1.615233978168079E-4,0.0,37.98783560587262,0.0,299.10337782866435,216.0,491.4362789134591,0.0,0.0,4.0,0.0,0.0,102.49999999999999,795.672446261519,801.3603561915255,0.05052935314336968,100.0,1.0,5.919398512385505
46,2024,7,3,3.898563936708942E18,144.57422417912775,1.615233978168079E-4,0.0,38.12884937735523,0.0,299.1251180182825,216.0,494.3523394204303,0.0,0.0,4.0,0.0,0.0,102.49999999999999,795.672446261519,801.3603561915255,0.050419298966842344,100.0,1.0,5.932750437783726
47,2024,7,3,7.117891878976512E17,144.3215330544789,1.615233978168079E-4,0.0,38.02037312548297,0.0,299.18465414637416,216.0,492.0876542724702,0.0,0.0,4.0,0.0,0.0,102.49999999999999,795.672446261519,801.3603561915255,0.05051763034691107,100.0,1.0,5.9223810002930595
52,2024,7,3,7.082481113405546E18,144.28276719633544,1.615233978168079E-4,0.0,38.00397718085375,0.0,299.1493832620215,216.0,491.7402243288704,0.0,0.0,4.0,0.0,0.0,102.49999999999999,795.672446261519,801.3603561915255,0.050525246286821694,100.0,1.0,5.920790203848003
53,2024,7,3,4.635502054826138E18,144.42050569515374,1.615233978168079E-4,0.0,38.06521378718169,0.0,299.160123140781,216.0,492.9746734335189,0.0,0.0,4.0,0.0,0.0,102.49999999999999,795.672446261519,801.3603561915255,0.0504788709248436,100.0,1.0,5.926442443338146
50,2024,7,3,1.737773213412058E18,144.3651999120888,1.615233978168079E-4,0.0,38.043924778721376,0.0,299.21112049181215,215.9933155080214,492.5094227168749,0.0,0.0,3.998663101604278,0.0,0.0,102.49999999999999,795.672446261519,801.3299417530229,0.05050681754623004,100.0,1.0,5.924172914239495
51,2024,7,3,7.755894565059676E18,144.40098100512265,1.615233978168079E-4,0.0,38.05831430953365,0.0,299.15332074292724,215.9933155080214,492.8301024007556,0.0,0.0,3.998663101604278,0.0,0.0,102.49999999999999,795.672446261519,801.3299417530229,0.05048454829477913,100.0,1.0,5.9256412278103765
56,2024,7,3,3.2777485401579377E18,144.31370105163512,1.615233978168079E-4,0.0,38.01855107930765,0.0,299.10488811232256,216.0,492.0174617774097,0.0,0.0,4.0,0.0,0.0,102.49999999999999,795.672446261519,801.3603561915255,0.05050690266693582,100.0,1.0,5.922059606084906
57,2024,7,3,8.256006970224683E18,144.37862545827466,1.615233978168079E-4,0.0,38.04774647788394,0.0,299.1686023760558,216.0,492.59933159836527,0.0,0.0,4.0,0.0,0.0,102.49999999999999,795.672446261519,801.3603561915255,0.05049494460722303,100.0,1.0,5.924723845191847
54,2024,7,3,6.302646066000695E18,144.3887755370257,1.615233978168079E-4,0.0,38.05007307077638,0.0,299.2118093935429,215.9933155080214,492.72071374549006,0.0,0.0,3.998663101604278,0.0,0.0,102.49999999999999,795.672446261519,801.3299417530229,0.050498687121622136,100.0,1.0,5.925140364004211
55,2024,7,3,6.865215925804663E18,144.21867085914658,1.615233978168079E-4,0.0,37.9768946049788,0.0,299.1086182229677,215.9933155080214,491.19619032533717,0.0,0.0,3.998663101604278,0.0,0.0,102.49999999999999,795.672446261519,801.3299417530229,0.05054081352680556,100.0,1.0,5.918159945413781
58,2024,7,3,2.850549735506946E18,144.23786478160912,1.615233978168079E-4,0.0,37.990314385194125,0.0,299.16655284354096,215.9933155080214,491.3682113695779,0.0,0.0,3.998663101604278,0.0,0.0,102.49999999999999,795.672446261519,801.3299417530229,0.050543875987755234,100.0,1.0,5.918947587557731
59,2024,7,3,1.4712068369678991E18,144.33824901977584,1.615233978168079E-4,0.0,38.031483590703004,0.0,299.16730000478555,215.9933155080214,492.2678816432421,0.0,0.0,3.998663101604278,0.0,0.0,102.49999999999999,795.672446261519,801.3299417530229,0.050508849921765755,100.0,1.0,5.923066956942638
40,2024,11,9,7.937907956999934E18,135.47876781450321,1.6322364410961638E-4,0.0,37.82701112694147,0.0,470.73580160704154,334.59090909090907,458.47068935032155,0.0,0.0,5.818181818181818,0.0,0.0,88.0,180.30852024686138,752.6966184500342,0.08488397796807466,100.0,1.0,5.545637856228745
41,2024,11,9,1.8925442311934095E18,135.5148175946369,1.6322364410961638E-4,0.0,37.815555092651785,0.0,470.75507046915556,334.6577540106952,458.48882657336975,0.0,0.0,5.831550802139038,0.0,0.0,88.0,180.30852024686138,753.000762835061,0.08486487072552301,100.0,1.0,5.547113504617365
44,2024,11,9,4.274909299870301E18,135.5936482752267,1.6322364410961638E-4,0.0,37.86689998936298,0.0,470.6645278794349,334.61764705882354,459.37605199646566,0.0,0.0,5.823529411764706,0.0,0.0,88.0,180.30852024686138,752.8182762040449,0.0847992194794902,100.0,1.0,5.550340330588435
45,2024,11,9,6.586007515238528E18,135.32567973135912,1.6322364410961638E-4,0.0,37.71315098344901,0.0,470.6753486720067,334.70454545454544,456.5850509825927,0.0,0.0,5.840909090909091,0.0,0.0,88.0,180.30852024686138,753.2136639045796,0.08496909021725385,100.0,1.0,5.539371405161064
42,2024,11,9,1.936069585034968E18,135.4567895593479,1.6322364410961638E-4,0.0,37.758037341289736,0.0,470.6545958731075,334.7446524064171,457.5746737525749,0.0,0.0,5.848930481283422,0.0,0.0,88.0,180.30852024686138,753.3961505355956,0.08488310508976028,100.0,1.0,5.544738206447682
43,2024,11,9,4.2803926544300943E18,135.56095843884248,1.6322364410961638E-4,0.0,37.8435680212968,0.0,471.0978245431384,334.64438502673795,458.96215021215727,0.0,0.0,5.828877005347594,0.0,0.0,88.0,180.30852024686138,752.9399339580556,0.08489775388963725,100.0,1.0,5.549002216896593
48,2024,11,9,7.316657466226932E18,135.55224578135866,1.6322364410961638E-4,0.0,37.83983366994469,0.0,470.7198779004623,334.63770053475935,458.9146743208432,0.0,0.0,5.827540106951871,0.0,0.0,88.0,180.30852024686138,752.909519519553,0.08483509559885948,100.0,1.0,5.548645576192297
49,2024,11,9,1.7886973295216548E18,135.62047255405915,1.6322364410961638E-4,0.0,37.86125956632005,0.0,470.60056585681235,334.6711229946524,459.3725429917161,0.0,0.0,5.834224598930481,0.0,0.0,88.0,180.30852024686138,753.0615917120663,0.08477092539813569,100.0,1.0,5.551438345713304
46,2024,11,9,3.898563936708942E18,135.4159894700271,1.6322364410961638E-4,0.0,37.758084299535604,0.0,471.0315470876555,334.69117647058823,457.4532403398788,0.0,0.0,5.838235294117647,0.0,0.0,88.0,180.30852024686138,753.1528350275743,0.08497668397436287,100.0,1.0,5.543068110656846
47,2024,11,9,7.117891878976512E17,135.4331986992493,1.6322364410961638E-4,0.0,37.76114619217292,0.0,470.6972393312296,334.69786096256684,457.57667477498535,0.0,0.0,5.839572192513369,0.0,0.0,88.0,180.30852024686138,753.183249466077,0.08490558285894564,100.0,1.0,5.543772546891326
52,2024,11,9,7.082481113405546E18,135.5397618089418,1.6322364410961638E-4,0.0,37.817441257065624,0.0,470.6522603418244,334.6844919786096,458.59016772444437,0.0,0.0,5.836898395721925,0.0,0.0,88.0,180.30852024686138,753.1224205890717,0.08483072194679417,100.0,1.0,5.54813456187509
53,2024,11,9,4.635502054826138E18,135.5425067580472,1.6322364410961638E-4,0.0,37.85410399396431,0.0,470.838091679855,334.58422459893046,459.07092388609635,0.0,0.0,5.816844919786096,0.0,0.0,88.0,180.30852024686138,752.6662040115316,0.08486249769477039,100.0,1.0,5.548246922608196
50,2024,11,9,1.737773213412058E18,135.46290789228226,1.6322364410961638E-4,0.0,37.813871353922146,0.0,470.7634806110295,334.59090909090907,458.32890315306076,0.0,0.0,5.818181818181818,0.0,0.0,88.0,180.30852024686138,752.6966184500342,0.08489890785236925,100.0,1.0,5.544988652028837
51,2024,11,9,7.755894565059676E18,135.37121309267465,1.6322364410961638E-4,0.0,37.73868059991393,0.0,470.80047778114516,334.6844919786096,457.08335822058024,0.0,0.0,5.836898395721925,0.0,0.0,88.0,180.30852024686138,753.1224205890717,0.08496309152360634,100.0,1.0,5.541235250959964
56,2024,11,9,3.2777485401579377E18,135.41843523198256,1.6322364410961638E-4,0.0,37.71602406949256,0.0,470.7022623296931,334.8181818181818,456.897230887752,0.0,0.0,5.863636363636363,0.0,0.0,88.0,180.30852024686138,753.730709359125,0.08491574551950375,100.0,1.0,5.543168224573622
57,2024,11,9,8.256006970224683E18,135.53379448552863,1.6322364410961638E-4,0.0,37.830607663595956,0.0,470.7826220799481,334.64438502673795,458.71930705130694,0.0,0.0,5.828877005347594,0.0,0.0,88.0,180.30852024686138,752.9399339580556,0.08485795443330084,100.0,1.0,5.547890297661933
54,2024,11,9,6.302646066000695E18,135.42130556712843,1.6322364410961638E-4,0.0,37.77827995406327,0.0,470.77652555038566,334.64438502673795,457.7136668122194,0.0,0.0,5.828877005347594,0.0,0.0,88.0,180.30852024686138,752.9399339580556,0.08492734264762981,100.0,1.0,5.543285717812628
55,2024,11,9,6.865215925804663E18,135.5891402813284,1.6322364410961638E-4,0.0,37.845477546658714,0.0,470.54727551925157,334.6644385026738,459.1228498899542,0.0,0.0,5.8328877005347595,0.0,0.0,88.0,180.30852024686138,753.0311772735636,0.08478091287943326,100.0,1.0,5.550155802030768
58,2024,11,9,2.850549735506946E18,135.45179326394336,1.6322364410961638E-4,0.0,37.77967174383114,0.0,470.6057649824806,334.677807486631,457.8341517315551,0.0,0.0,5.8355614973262036,0.0,0.0,88.0,180.30852024686138,753.092006150569,0.08487742906795682,100.0,1.0,5.544533689936481
59,2024,11,9,1.4712068369678991E18,135.46941396957143,1.6322364410961638E-4,0.0,37.811301915729935,0.0,470.7291441257913,334.61096256684493,458.2958235501509,0.0,0.0,5.822192513368984,0.0,0.0,88.0,180.30852024686138,752.7878617655423,0.08488863843481952,100.0,1.0,5.545254969394211
40,2025,3,3,7.937907956999934E18,173.74642693914882,7.696643144082784E-4,0.0,35.06656225000079,0.0,313.20000000000397,262.8435828877005,543.6545816865975,0.0,0.0,6.768716577540107,0.0,0.0,143.0,893.0282016313961,1005.748172710015,0.044147901380644214,100.0,1.0,7.094334956028519
41,2025,3,3,1.8925442311934095E18,173.68822892061345,7.696643144082784E-4,0.0,35.03794752832832,0.0,313.20000000000397,262.870320855615,543.0139367406902,0.0,0.0,6.774064171122995,0.0,0.0,143.0,893.0282016313961,1005.8698304640257,0.0441626940951466,100.0,1.0,7.09195864104731
44,2025,3,3,4.274909299870301E18,173.805783957271,7.696643144082784E-4,0.0,35.087498843380466,0.0,313.20000000000397,262.85026737967917,544.1534899454953,0.0,0.0,6.770053475935829,0.0,0.0,143.0,893.0282016313961,1005.7785871485177,0.04413282427720937,100.0,1.0,7.096758594752875
45,2025,3,3,6.586007515238528E18,173.66126428427827,7.696643144082784E-4,0.0,35.06870510575286,0.0,313.20000000000397,262.7232620320856,543.442594295735,0.0,0.0,6.744652406417113,0.0,0.0,143.0,893.0282016313961,1005.2007128169669,0.04416955130069997,100.0,1.0,7.090857633299991
42,2025,3,3,1.936069585034968E18,173.71314176870897,7.696643144082784E-4,0.0,35.03096209622357,0.0,313.20000000000397,262.92379679144386,542.992784278775,0.0,0.0,6.78475935828877,0.0,0.0,143.0,893.0282016313961,1006.113145972047,0.044156360558844934,100.0,1.0,7.092975871111892
43,2025,3,3,4.2803926544300943E18,173.8066352417065,7.696643144082784E-4,0.0,35.049677053817526,0.0,313.20000000000397,262.97727272727275,543.5832070359528,0.0,0.0,6.795454545454546,0.0,0.0,143.0,893.0282016313961,1006.3564614800684,0.04413260811983216,100.0,1.0,7.096793354011163
48,2025,3,3,7.316657466226932E18,173.79085007796954,7.696643144082784E-4,0.0,35.06897549707444,0.0,313.20000000000397,262.8970588235294,543.8074143748897,0.0,0.0,6.779411764705882,0.0,0.0,143.0,893.0282016313961,1005.9914882180364,0.04413661661881247,100.0,1.0,7.096148821396244
49,2025,3,3,1.7886973295216548E18,173.79028831790828,7.696643144082784E-4,0.0,35.07378803681047,0.0,313.20000000000397,262.8770053475936,543.8936481336447,0.0,0.0,6.775401069518717,0.0,0.0,143.0,893.0282016313961,1005.9002449025284,0.04413675928609663,100.0,1.0,7.0961258838653345
46,2025,3,3,3.898563936708942E18,173.83817126020668,7.696643144082784E-4,0.0,35.10246486792832,0.0,313.20000000000397,262.8435828877005,544.4727216981726,0.0,0.0,6.768716577540107,0.0,0.0,143.0,893.0282016313961,1005.748172710015,0.04412460201429145,100.0,1.0,7.098081018352576
47,2025,3,3,7.117891878976512E17,173.68729441156458,7.696643144082784E-4,0.0,35.04532050494198,0.0,313.20000000000397,262.8435828877005,543.1272609081079,0.0,0.0,6.768716577540107,0.0,0.0,143.0,893.0282016313961,1005.748172710015,0.04416293170859664,100.0,1.0,7.091920483599537
52,2025,3,3,7.082481113405546E18,173.71104185083345,7.696643144082784E-4,0.0,35.06468232361663,0.0,313.20000000000397,262.8168449197861,543.4606890476243,0.0,0.0,6.7633689839572195,0.0,0.0,143.0,893.0282016313961,1005.6265149560043,0.044156894346046104,100.0,1.0,7.092890128221812
53,2025,3,3,4.635502054826138E18,173.7428793026207,7.696643144082784E-4,0.0,35.023311757706246,0.0,313.20000000000397,262.99064171122996,542.9538276030091,0.0,0.0,6.798128342245989,0.0,0.0,143.0,893.0282016313961,1006.4172903570739,0.04414880283173217,100.0,1.0,7.094190100549905
50,2025,3,3,1.737773213412058E18,173.61713250579743,7.696643144082784E-4,0.0,35.035853073973655,0.0,313.20000000000397,262.7834224598931,542.7753143905774,0.0,0.0,6.75668449197861,0.0,0.0,143.0,893.0282016313961,1005.474442763491,0.0441807787690119,100.0,1.0,7.089055664624914
51,2025,3,3,7.755894565059676E18,173.79805244237747,7.696643144082784E-4,0.0,35.10716330450574,0.0,313.20000000000397,262.7767379679144,544.4191021398331,0.0,0.0,6.755347593582887,0.0,0.0,143.0,893.0282016313961,1005.4440283249883,0.044134787553456706,100.0,1.0,7.096442905058771
56,2025,3,3,3.2777485401579377E18,173.7833521013425,7.696643144082784E-4,0.0,35.13974078326058,0.0,313.20000000000397,262.64304812834223,544.8962990118183,0.0,0.0,6.728609625668449,0.0,0.0,143.0,893.0282016313961,1004.8357395549348,0.044138520916984926,100.0,1.0,7.095842667430245
57,2025,3,3,8.256006970224683E18,173.7229686624821,7.696643144082784E-4,0.0,35.08178795233568,0.0,313.20000000000397,262.7633689839572,543.810363202237,0.0,0.0,6.752673796791444,0.0,0.0,143.0,893.0282016313961,1005.3831994479829,0.044153862789736126,100.0,1.0,7.093377118361874
54,2025,3,3,6.302646066000695E18,173.63027442113,7.696643144082784E-4,0.0,35.0079245926573,0.0,313.20000000000397,262.903743315508,542.3450489640463,0.0,0.0,6.780748663101604,0.0,0.0,143.0,893.0282016313961,1006.021902656539,0.04417743476661451,100.0,1.0,7.089592269325096
55,2025,3,3,6.865215925804663E18,173.70905594454626,7.696643144082784E-4,0.0,35.10193266891496,0.0,313.20000000000397,262.6764705882353,544.0816827197862,0.0,0.0,6.735294117647059,0.0,0.0,143.0,893.0282016313961,1004.9878117474482,0.0441573991640225,100.0,1.0,7.092809040600958
58,2025,3,3,2.850549735506946E18,173.69660979338784,7.696643144082784E-4,0.0,35.05710140861175,0.0,313.20000000000397,262.8168449197861,543.3319895977877,0.0,0.0,6.7633689839572195,0.0,0.0,143.0,893.0282016313961,1005.6265149560043,0.044160563242270336,100.0,1.0,7.092300845026587
59,2025,3,3,1.4712068369678991E18,173.6970524345346,7.696643144082784E-4,0.0,35.02874708917868,0.0,313.20000000000397,262.91711229946526,542.8797203210587,0.0,0.0,6.783422459893048,0.0,0.0,143.0,893.0282016313961,1006.0827315335443,0.044160450705632126,100.0,1.0,7.092318918748244
40,2025,7,10,7.937907956999934E18,141.07748778796727,1.336745361242548E-4,0.0,41.79933201712673,0.0,410.0358805550914,234.9933155080214,524.9676560389385,0.0,0.0,5.998663101604278,0.0,0.0,102.80000000000145,425.7442551416853,729.9700748610878,0.07135958550629162,100.0,1.0,5.746051881410373
41,2025,7,10,1.8925442311934095E18,141.0410570291307,1.336745361242548E-4,0.0,41.78676501580988,0.0,409.96534407086205,234.97994652406416,524.7044195065985,0.0,0.0,5.995989304812834,0.0,0.0,102.80000000000145,425.7442551416853,729.9092459840825,0.07136573879900987,100.0,1.0,5.74456806543352
44,2025,7,10,4.274909299870301E18,141.14996954163342,1.336745361242548E-4,0.0,41.83442151971221,0.0,410.124811591182,234.97994652406416,525.6732375898365,0.0,0.0,5.995989304812834,0.0,0.0,102.80000000000145,425.7442551416853,729.9092459840825,0.07133841067657816,100.0,1.0,5.7490040456681255
45,2025,7,10,6.586007515238528E18,140.8635580378306,1.336745361242548E-4,0.0,41.70869115277423,0.0,410.00238579676085,234.9933155080214,523.0646698189673,0.0,0.0,5.998663101604278,0.0,0.0,102.80000000000145,425.7442551416853,729.9700748610878,0.07146212141218526,100.0,1.0,5.73733857454237
42,2025,7,10,1.936069585034968E18,140.8957232593393,1.336745361242548E-4,0.0,41.725931008240885,0.0,410.0081634349972,234.9866310160428,523.3812060953835,0.0,0.0,5.997326203208556,0.0,0.0,102.80000000000145,425.7442551416853,729.9396604225852,0.07144681404928942,100.0,1.0,5.7386486562177925
43,2025,7,10,4.2803926544300943E18,140.91110336854848,1.336745361242548E-4,0.0,41.73987604539976,0.0,410.1109365834252,234.96657754010695,523.6092613123125,0.0,0.0,5.99331550802139,0.0,0.0,102.80000000000145,425.7442551416853,729.8484171070771,0.07145692279197303,100.0,1.0,5.739275084337864
48,2025,7,10,7.316657466226932E18,141.02207461838375,1.336745361242548E-4,0.0,41.77914136955202,0.0,410.08093582703884,234.9933155080214,524.4747348904992,0.0,0.0,5.998663101604278,0.0,0.0,102.80000000000145,425.7442551416853,729.9700748610878,0.07139546968380442,100.0,1.0,5.743794916444998
49,2025,7,10,1.7886973295216548E18,140.96325653271595,1.336745361242548E-4,0.0,41.75600898644745,0.0,410.0957144240204,234.97994652406416,524.0123545998281,0.0,0.0,5.995989304812834,0.0,0.0,102.80000000000145,425.7442551416853,729.9092459840825,0.07142783407551045,100.0,1.0,5.741399270072851
46,2025,7,10,3.898563936708942E18,141.14446011802733,1.336745361242548E-4,0.0,41.82654966737611,0.0,410.11756803416773,234.9933155080214,525.5634003014449,0.0,0.0,5.998663101604278,0.0,0.0,102.80000000000145,425.7442551416853,729.9700748610878,0.07133993527895957,100.0,1.0,5.748779648180092
47,2025,7,10,7.117891878976512E17,141.09589049362177,1.336745361242548E-4,0.0,41.80735903674554,0.0,409.9775522676526,234.9866310160428,525.161769519994,0.0,0.0,5.997326203208556,0.0,0.0,102.80000000000145,425.7442551416853,729.9396604225852,0.07134012859769574,100.0,1.0,5.746801419150998
52,2025,7,10,7.082481113405546E18,141.16102172463462,1.336745361242548E-4,0.0,41.829476976496366,0.0,409.97626288758744,235.0,525.6803076315801,0.0,0.0,6.0,0.0,0.0,102.80000000000145,425.7442551416853,730.0004892995905,0.07130698823576677,100.0,1.0,5.749454198402789
53,2025,7,10,4.635502054826138E18,140.94900935423814,1.336745361242548E-4,0.0,41.74451603433499,0.0,410.00536678467,234.9933155080214,523.8247916697067,0.0,0.0,5.998663101604278,0.0,0.0,102.80000000000145,425.7442551416853,729.9700748610878,0.07141931626625664,100.0,1.0,5.740818985946867
50,2025,7,10,1.737773213412058E18,140.99992382097028,1.336745361242548E-4,0.0,41.76813705900847,0.0,409.94877624928404,234.9933155080214,524.2776951509967,0.0,0.0,5.998663101604278,0.0,0.0,102.80000000000145,425.7442551416853,729.9700748610878,0.07138367304570212,100.0,1.0,5.7428927198355515
51,2025,7,10,7.755894565059676E18,140.7653834115814,1.336745361242548E-4,0.0,41.67393176585743,0.0,410.10379733066253,234.97994652406416,522.2521981812794,0.0,0.0,5.995989304812834,0.0,0.0,102.80000000000145,425.7442551416853,729.9092459840825,0.07152964959460004,100.0,1.0,5.733339945812099
56,2025,7,10,3.2777485401579377E18,140.80879346827106,1.336745361242548E-4,0.0,41.68669209931921,0.0,410.08399515571637,235.0,522.547103775101,0.0,0.0,6.0,0.0,0.0,102.80000000000145,425.7442551416853,730.0004892995905,0.07150414486219667,100.0,1.0,5.735108026898767
57,2025,7,10,8.256006970224683E18,141.27330257853362,1.336745361242548E-4,0.0,41.87933267247449,0.0,410.02650860107053,234.9866310160428,526.7399172653528,0.0,0.0,5.997326203208556,0.0,0.0,102.80000000000145,425.7442551416853,729.9396604225852,0.07125904730880507,100.0,1.0,5.754027370366008
54,2025,7,10,6.302646066000695E18,140.75379238798917,1.336745361242548E-4,0.0,41.66073917594704,0.0,409.9393622505388,234.9933155080214,522.088262755712,0.0,0.0,5.998663101604278,0.0,0.0,102.80000000000145,425.7442551416853,729.9700748610878,0.07150685716923766,100.0,1.0,5.73286784623077
55,2025,7,10,6.865215925804663E18,141.0920710838124,1.336745361242548E-4,0.0,41.805660589103034,0.0,409.99857182802947,234.9866310160428,525.1277944219448,0.0,0.0,5.997326203208556,0.0,0.0,102.80000000000145,425.7442551416853,729.9396604225852,0.0713457175083341,100.0,1.0,5.746645855515243
58,2025,7,10,2.850549735506946E18,141.0872023089638,1.336745361242548E-4,0.0,41.80096073714584,0.0,409.98439436676347,235.0,525.0236559470999,0.0,0.0,6.0,0.0,0.0,102.80000000000145,425.7442551416853,730.0004892995905,0.07134571240627471,100.0,1.0,5.746447551495836
59,2025,7,10,1.4712068369678991E18,140.970987474588,1.336745361242548E-4,0.0,41.75710645832541,0.0,409.97843334543705,234.97994652406416,524.081124258279,0.0,0.0,5.995989304812834,0.0,0.0,102.80000000000145,425.7442551416853,729.9092459840825,0.07140349078226012,100.0,1.0,5.741714149461365
40,2025,11,12,7.937907956999934E18,127.98681575138403,4.6287302060935996E-5,0.0,26.68976859854993,0.0,620.0521736312223,343.63770053475935,303.42160393262566,0.0,0.0,5.827540106951871,0.0,0.0,88.0,372.2321548558555,832.2327916327121,0.11924349102144487,100.0,1.0,5.1998827635775235
41,2025,11,12,1.8925442311934095E18,128.06588885810288,4.6287302060935996E-5,0.0,26.740673354287118,0.0,619.9396399288195,343.61096256684493,304.2448942781607,0.0,0.0,5.822192513368984,0.0,0.0,88.0,372.2321548558555,832.1111338787015,0.11914823700109325,100.0,1.0,5.203095367018576
44,2025,11,12,4.274909299870301E18,127.90000789187273,4.6287302060935996E-5,0.0,26.585940247030532,0.0,620.2066495732822,343.77139037433153,302.0430504548778,0.0,0.0,5.85427807486631,0.0,0.0,88.0,372.2321548558555,832.8410804027657,0.11935415130392403,100.0,1.0,5.19635591052032
45,2025,11,12,6.586007515238528E18,128.15372643500152,4.6287302060935996E-5,0.0,26.769198151883014,0.0,619.4942532002481,343.6577540106952,304.8113948189944,0.0,0.0,5.831550802139038,0.0,0.0,88.0,372.2321548558555,832.3240349482203,0.11898103018972159,100.0,1.0,5.206664055710657
42,2025,11,12,1.936069585034968E18,128.21427752432703,4.6287302060935996E-5,0.0,26.791010665153145,0.0,619.5865297023674,343.69786096256684,305.1661909568716,0.0,0.0,5.839572192513369,0.0,0.0,88.0,372.2321548558555,832.5065215792363,0.11894255403678151,100.0,1.0,5.209124141648816
43,2025,11,12,4.2803926544300943E18,128.04415479878597,4.6287302060935996E-5,0.0,26.715214270119297,0.0,619.6417464587106,343.65106951871655,303.86955668939476,0.0,0.0,5.830213903743315,0.0,0.0,88.0,372.2321548558555,832.2936205097176,0.11911119823492278,100.0,1.0,5.202212349812756
48,2025,11,12,7.316657466226932E18,128.03430558879987,4.6287302060935996E-5,0.0,26.691879080603293,0.0,619.904701492273,343.6844919786096,303.630090349696,0.0,0.0,5.836898395721925,0.0,0.0,88.0,372.2321548558555,832.445692702231,0.11917091168180033,100.0,1.0,5.201812193461169
49,2025,11,12,1.7886973295216548E18,128.28180656737246,4.6287302060935996E-5,0.0,26.87039679738919,0.0,619.7635989513195,343.60427807486633,306.1911927409097,0.0,0.0,5.820855614973262,0.0,0.0,88.0,372.2321548558555,832.0807194401989,0.1189139155262163,100.0,1.0,5.211867729766947
46,2025,11,12,3.898563936708942E18,128.18986670266128,4.6287302060935996E-5,0.0,26.807120071185047,0.0,620.1938862861825,343.61764705882354,305.3145617762123,0.0,0.0,5.823529411764706,0.0,0.0,88.0,372.2321548558555,832.1415483172041,0.11908182088342635,100.0,1.0,5.208132372222571
47,2025,11,12,7.117891878976512E17,128.11135837724913,4.6287302060935996E-5,0.0,26.792910668719436,0.0,620.084666039229,343.55080213903744,304.92208499507336,0.0,0.0,5.810160427807487,0.0,0.0,88.0,372.2321548558555,831.8374039321775,0.11913381184156123,100.0,1.0,5.204942714868334
52,2025,11,12,7.082481113405546E18,128.01858846784748,4.6287302060935996E-5,0.0,26.72695964049259,0.0,620.2586465954676,343.58422459893046,303.94684555076185,0.0,0.0,5.816844919786096,0.0,0.0,88.0,372.2321548558555,831.9894761246908,0.1192535935611665,100.0,1.0,5.201173634045083
53,2025,11,12,4.635502054826138E18,128.1561251189149,4.6287302060935996E-5,0.0,26.799679716488072,0.0,619.681071344992,343.59090909090907,305.1368232395195,0.0,0.0,5.818181818181818,0.0,0.0,88.0,372.2321548558555,832.0198905631935,0.11901468314702932,100.0,1.0,5.206761510085654
50,2025,11,12,1.737773213412058E18,128.26140425176803,4.6287302060935996E-5,0.0,26.859450620092343,0.0,619.8554052657714,343.5975935828877,306.0405730685166,0.0,0.0,5.81951871657754,0.0,0.0,88.0,372.2321548558555,832.0503050016961,0.1189504486140809,100.0,1.0,5.211038819002783
51,2025,11,12,7.755894565059676E18,128.04276385030013,4.6287302060935996E-5,0.0,26.690491485540495,0.0,619.2540202292859,343.71122994652404,303.58348455939995,0.0,0.0,5.842245989304812,0.0,0.0,88.0,372.2321548558555,832.5673504562415,0.11903796032171635,100.0,1.0,5.202155837983676
56,2025,11,12,3.2777485401579377E18,128.12812431933995,4.6287302060935996E-5,0.0,26.742968620159406,0.0,619.3999473096578,343.69786096256684,304.40173513881604,0.0,0.0,5.839572192513369,0.0,0.0,88.0,372.2321548558555,832.5065215792363,0.11898668840961538,100.0,1.0,5.205623886071644
57,2025,11,12,8.256006970224683E18,128.14495345636968,4.6287302060935996E-5,0.0,26.779073110334227,0.0,620.5193227264907,343.63101604278074,304.8552080568585,0.0,0.0,5.82620320855615,0.0,0.0,88.0,372.2321548558555,832.2023771942094,0.11918606572027104,100.0,1.0,5.206307624775917
54,2025,11,12,6.302646066000695E18,128.17163250188312,4.6287302060935996E-5,0.0,26.752766415634685,0.0,619.2254197913524,343.7312834224599,304.63572035743556,0.0,0.0,5.846256684491979,0.0,0.0,88.0,372.2321548558555,832.6585937717497,0.11891278273556048,100.0,1.0,5.207391548210526
55,2025,11,12,6.865215925804663E18,128.12382501593913,4.6287302060935996E-5,0.0,26.776417102619845,0.0,620.0628761844166,343.60427807486633,304.7893886390568,0.0,0.0,5.820855614973262,0.0,0.0,88.0,372.2321548558555,832.0807194401987,0.11911803397441109,100.0,1.0,5.205449212817082
58,2025,11,12,2.850549735506946E18,128.16014297035827,4.6287302060935996E-5,0.0,26.79181052656742,0.0,620.074688544649,343.62433155080214,305.020402302376,0.0,0.0,5.824866310160428,0.0,0.0,88.0,372.2321548558555,832.1719627557067,0.11908654695481988,100.0,1.0,5.206924748434417
59,2025,11,12,1.4712068369678991E18,128.16926973494927,4.6287302060935996E-5,0.0,26.78387095925626,0.0,619.7754582433082,343.65106951871655,304.97972828301386,0.0,0.0,5.830213903743315,0.0,0.0,88.0,372.2321548558555,832.2936205097176,0.11902060329122192,100.0,1.0,5.207295553080248
