id_sim,year,month,day,seed,Straw Value,Salinity Exposure,Max Flood Continuous,Profit Margin,Flood Stress,Methane Emissions,Labor Intensity,Net Income,AWD Adoption,Salinity Stress,Pesticide Usage,Resilient Varieties,Drought Stress,Fertilizer Usage,Water Usage,Production Cost,Emission Intensity,Water Reliability,Biodiversity,Avg Yield
76,2016,2,25,1.16541095806856E18,169.89865962541742,0.025507774983230303,0.0,50.20445596121318,0.0,243.60000000000338,226.61764705882354,814.2313765532892,0.0,0.0,2.823529411764706,0.0,0.0,100.0,836.2605270961066,807.201478601268,0.03281186749785506,100.0,1.0,7.42414310968212
77,2016,2,25,5.385574636355309E18,169.99059620909034,0.025507774983230303,0.0,50.28845748237179,0.0,243.60000000000338,226.41711229946523,816.0212091986651,0.0,0.0,2.783422459893048,0.0,0.0,100.0,836.2605270961066,806.2890454461876,0.03279412174562561,100.0,1.0,7.428160506615702
74,2016,2,25,1.9182794490910433E18,169.98592848869168,0.025507774983230303,0.0,50.260130273970105,0.0,243.60000000000338,226.51069518716577,815.550860532718,0.0,0.0,2.802139037433155,0.0,0.0,100.0,836.2605270961066,806.7148475852252,0.03279502225422876,100.0,1.0,7.427956539001656
75,2016,2,25,4.5632002139719885E18,169.9643344131998,0.025507774983230303,0.0,50.314594160098814,0.0,243.60000000000338,226.29679144385025,816.31803887023,0.0,0.0,2.7593582887700534,0.0,0.0,100.0,836.2605270961066,805.7415855531397,0.032799188882414336,100.0,1.0,7.427012932341517
78,2016,2,25,4.573666521693659E18,170.00654255334948,0.025507774983230303,0.0,50.294549971739556,0.0,243.60000000000338,226.41711229946523,816.1733936041153,0.0,0.0,2.783422459893048,0.0,0.0,100.0,836.2605270961066,806.2890454461879,0.032791045708979165,100.0,1.0,7.428857321658956
79,2016,2,25,7.984133645203673E18,169.92128132716928,0.025507774983230303,0.0,50.36691978835784,0.0,243.60000000000338,226.06951871657753,816.9412513865221,0.0,0.0,2.713903743315508,0.0,0.0,100.0,836.2605270961066,804.7074946440488,0.03280749923818418,100.0,1.0,7.42513162101916
68,2016,2,25,3.7882275823108506E17,169.9410305005041,0.025507774983230303,0.0,50.275080011650196,0.0,243.60000000000338,226.41042780748663,815.5785918394622,0.0,0.0,2.7820855614973263,0.0,0.0,100.0,836.2605270961066,806.2586310076852,0.03280368661572791,100.0,1.0,7.425994610106048
69,2016,2,25,1.636161643110063E18,169.96491897478722,0.025507774983230303,0.0,50.261237347801156,0.0,243.60000000000338,226.48395721925132,815.4720133728563,0.0,0.0,2.7967914438502675,0.0,0.0,100.0,836.2605270961066,806.5931898312145,0.032799076075924465,100.0,1.0,7.427038476209191
66,2016,2,25,1.6122102325533686E18,170.0080317547573,0.025507774983230303,0.0,50.386133229992616,0.0,243.60000000000338,226.08957219251337,817.6779133281817,0.0,0.0,2.7179144385026737,0.0,0.0,100.0,836.2605270961066,804.7987379595568,0.03279075847271784,100.0,1.0,7.428922396006192
67,2016,2,25,6.784439008112694E18,169.95727148148165,0.025507774983230303,0.0,50.306498399850376,0.0,243.60000000000338,226.3168449197861,816.1593902581343,0.0,0.0,2.763368983957219,0.0,0.0,100.0,836.2605270961066,805.8328288686478,0.032800551921662265,100.0,1.0,7.426704300031126
72,2016,2,25,6.579760559640829E18,169.98107558734517,0.025507774983230303,0.0,50.247568272016345,0.0,243.60000000000338,226.55748663101605,815.2916456564689,0.0,0.0,2.8114973262032086,0.0,0.0,100.0,836.2605270961066,806.9277486547439,0.03279595854085424,100.0,1.0,7.427744479447016
73,2016,2,25,7.068562221821375E18,169.95675274720273,0.025507774983230303,0.0,50.38640172777006,0.0,243.60000000000338,226.0360962566845,817.4318461194001,0.0,0.0,2.7072192513368982,0.0,0.0,100.0,836.2605270961066,804.5554224515354,0.03280065203401652,100.0,1.0,7.426681632650886
70,2016,2,25,2.437423955906098E18,169.8853932566599,0.025507774983230303,0.0,50.30106465669852,0.0,243.60000000000338,226.2633689839572,815.7167338135035,0.0,0.0,2.7526737967914436,0.0,0.0,100.0,836.2605270961066,805.5895133606264,0.032814429780141534,100.0,1.0,7.423563402812014
71,2016,2,25,7.896750180447142E18,169.9734619770915,0.025507774983230303,0.0,50.281613386432085,0.0,243.60000000000338,226.42379679144386,815.8272737131383,0.0,0.0,2.78475935828877,0.0,0.0,100.0,836.2605270961066,806.3194598846906,0.03279742756809713,100.0,1.0,7.427411783872926
60,2016,2,25,6.169833032112486E17,169.98212664971211,0.025507774983230303,0.0,50.22168310200689,0.0,243.60000000000338,226.64438502673798,814.9062888005459,0.0,0.0,2.828877005347594,0.0,0.0,100.0,836.2605270961066,807.3231363552786,0.0327957557513111,100.0,1.0,7.427790408222711
61,2016,2,25,7.71864569677264E18,169.89510715052134,0.025507774983230303,0.0,50.25384416341924,0.0,243.60000000000338,226.44385026737967,814.9882488057036,0.0,0.0,2.7887700534759357,0.0,0.0,100.0,836.2605270961066,806.4107032001986,0.032812553587864016,100.0,1.0,7.423987875484973
64,2016,2,25,6.762618178035378E18,170.09510769023206,0.025507774983230303,0.0,50.33306748960717,0.0,243.60000000000338,226.37032085561498,817.2315186623306,0.0,0.0,2.7740641711229945,0.0,0.0,100.0,836.2605270961066,806.0761443766692,0.03277397206417423,100.0,1.0,7.4327273948673
65,2016,2,25,7.829733253770707E18,169.90459044969307,0.025507774983230303,0.0,50.30359038142616,0.0,243.60000000000338,226.27673796791444,815.839113912834,0.0,0.0,2.7553475935828877,0.0,0.0,100.0,836.2605270961066,805.6503422376317,0.03281072214080635,100.0,1.0,7.4244022717512985
62,2016,2,25,2.726585372660135E18,170.09321185074634,0.025507774983230303,0.0,50.37483679767373,0.0,243.60000000000338,226.21657754010695,817.9129577480013,0.0,0.0,2.7433155080213902,0.0,0.0,100.0,836.2605270961066,805.3766122911077,0.032774337359118555,100.0,1.0,7.432644551461188
63,2016,2,25,6.159904451017453E18,169.92435804429516,0.025507774983230303,0.0,50.283045866968756,0.0,243.60000000000338,226.36363636363637,815.6323788327852,0.0,0.0,2.772727272727273,0.0,0.0,100.0,836.2605270961066,806.0457299381663,0.03280690521272533,100.0,1.0,7.425266065801123
76,2016,7,6,1.16541095806856E18,130.26685349801886,2.9257068283799174E-4,0.0,45.83984476857623,0.0,191.39999999999733,215.4933155080214,568.5988972503493,0.0,0.0,2.998663101604278,0.0,26.0,100.09999999999982,482.9065377074676,671.4668737591142,0.033709308794138595,100.0,1.0,5.677956826966389
77,2016,7,6,5.385574636355309E18,130.30120010055063,2.9257068283799174E-4,0.0,45.852628899453464,0.0,191.39999999999733,215.5,568.8954427790707,0.0,0.0,3.0,0.0,26.0,100.09999999999982,482.9065377074676,671.4972881976167,0.033700423225702714,100.0,1.0,5.679453896413383
74,2016,7,6,1.9182794490910433E18,130.37089112669744,2.9257068283799174E-4,0.0,45.88002858331637,0.0,191.39999999999733,215.5,569.558861398243,0.0,0.0,3.0,0.0,26.0,100.09999999999982,482.9065377074676,671.4972881976167,0.03368240833713452,100.0,1.0,5.682491527453538
75,2016,7,6,4.5632002139719885E18,130.40192155440764,2.9257068283799174E-4,0.0,45.896189269853124,0.0,191.39999999999733,215.4933155080214,569.8846677206352,0.0,0.0,2.998663101604278,0.0,26.0,100.09999999999982,482.9065377074676,671.4668737591142,0.03367439327474462,100.0,1.0,5.68384405439444
78,2016,7,6,4.573666521693659E18,130.20059629156603,2.9257068283799174E-4,0.0,45.811786427266505,0.0,191.39999999999733,215.4933155080214,567.9681666262602,0.0,0.0,2.998663101604278,0.0,26.0,100.09999999999982,482.9065377074676,671.4668737591142,0.033726462975423255,100.0,1.0,5.675068866233381
79,2016,7,6,7.984133645203673E18,130.31138027443885,2.9257068283799174E-4,0.0,45.85887766916017,0.0,191.39999999999733,215.4933155080214,569.0227666372983,0.0,0.0,2.998663101604278,0.0,26.0,100.09999999999982,482.9065377074676,671.4668737591142,0.03369779048428116,100.0,1.0,5.679897620862671
68,2016,7,6,3.7882275823108506E17,130.4316367486045,2.9257068283799174E-4,0.0,45.909203035539804,0.0,191.39999999999733,215.4933155080214,570.1675393354218,0.0,0.0,2.998663101604278,0.0,26.0,100.09999999999982,482.9065377074676,671.4668737591142,0.03366672150767525,100.0,1.0,5.685139254095842
69,2016,7,6,1.636161643110063E18,130.27120743513328,2.9257068283799174E-4,0.0,45.84079224415383,0.0,191.39999999999733,215.4933155080214,568.6403442358225,0.0,0.0,2.998663101604278,0.0,26.0,100.09999999999982,482.9065377074676,671.4668737591142,0.03370818215830286,100.0,1.0,5.678146602540904
66,2016,7,6,1.6122102325533686E18,130.36228145810924,2.9257068283799174E-4,0.0,45.8774992533445,0.0,191.39999999999733,215.5,569.4769022886968,0.0,0.0,3.0,0.0,26.0,100.09999999999982,482.9065377074676,671.4972881976167,0.03368463286381343,100.0,1.0,5.682116256805448
67,2016,7,6,6.784439008112694E18,130.34211446197534,2.9257068283799174E-4,0.0,45.86820121177763,0.0,191.39999999999733,215.5,569.2849240460465,0.0,0.0,3.0,0.0,26.0,100.09999999999982,482.9065377074676,671.4972881976167,0.03368984467017051,100.0,1.0,5.68123723554789
72,2016,7,6,6.579760559640829E18,130.26944537017485,2.9257068283799174E-4,0.0,45.8367605334361,0.0,191.39999999999733,215.5,568.5931559490065,0.0,0.0,3.0,0.0,26.0,100.09999999999982,482.9065377074676,671.4972881976167,0.03370863810563895,100.0,1.0,5.678069799206126
73,2016,7,6,7.068562221821375E18,130.22729820065848,2.9257068283799174E-4,0.0,45.82086657731551,0.0,191.39999999999733,215.5,568.1919390556924,0.0,0.0,3.0,0.0,26.0,100.09999999999982,482.9065377074676,671.4972881976167,0.03371954767455453,100.0,1.0,5.676232725518787
70,2016,7,6,2.437423955906098E18,130.41680850716025,2.9257068283799174E-4,0.0,45.9023354267851,0.0,191.39999999999733,215.4933155080214,570.0263829770277,0.0,0.0,2.998663101604278,0.0,26.0,100.09999999999982,482.9065377074676,671.4668737591142,0.03367054937527046,100.0,1.0,5.6844929337735195
71,2016,7,6,7.896750180447142E18,130.31868232396457,2.9257068283799174E-4,0.0,45.86120247834306,0.0,191.39999999999733,215.4933155080214,569.0922779629486,0.0,0.0,2.998663101604278,0.0,26.0,100.09999999999982,482.9065377074676,671.4668737591142,0.03369590232112121,100.0,1.0,5.680215896163265
60,2016,7,6,6.169833032112486E17,130.25801257077575,2.9257068283799174E-4,0.0,45.83343103286301,0.0,191.39999999999733,215.5,568.4843222524736,0.0,0.0,3.0,0.0,26.0,100.09999999999982,482.9065377074676,671.4972881976167,0.033711596726685555,100.0,1.0,5.677571476419811
61,2016,7,6,7.71864569677264E18,130.19959038617503,2.9257068283799174E-4,0.0,45.81173843390327,0.0,191.39999999999733,215.4933155080214,567.9585909835655,0.0,0.0,2.998663101604278,0.0,26.0,100.09999999999982,482.9065377074676,671.4668737591142,0.033726723541764696,100.0,1.0,5.675025021715545
64,2016,7,6,6.762618178035378E18,130.1951190350321,2.9257068283799174E-4,0.0,45.808272101105324,0.0,191.39999999999733,215.5,567.8856118453426,0.0,0.0,3.0,0.0,26.0,100.09999999999982,482.9065377074676,671.4972881976167,0.033727881834218175,100.0,1.0,5.674830128401808
65,2016,7,6,7.829733253770707E18,130.20767453748127,2.9257068283799174E-4,0.0,45.81269250644548,0.0,191.39999999999733,215.5,568.0051330313316,0.0,0.0,3.0,0.0,26.0,100.09999999999982,482.9065377074676,671.4972881976167,0.033724629564300265,100.0,1.0,5.675377386579417
62,2016,7,6,2.726585372660135E18,130.34143791140949,2.9257068283799174E-4,0.0,45.87123907388759,0.0,191.39999999999733,215.4933155080214,569.3088981109911,0.0,0.0,2.998663101604278,0.0,26.0,100.09999999999982,482.9065377074676,671.4668737591142,0.033690019540755255,100.0,1.0,5.681207746657976
63,2016,7,6,6.159904451017453E18,130.3770682891273,2.9257068283799174E-4,0.0,45.88362563878226,0.0,191.39999999999733,215.5,569.6176644435706,0.0,0.0,3.0,0.0,26.0,100.09999999999982,482.9065377074676,671.4972881976167,0.033680812491254104,100.0,1.0,5.68276077216659
76,2016,11,10,1.16541095806856E18,125.16371446436892,1.685461542436256E-4,0.0,35.43457778490075,0.0,505.86859756681656,334.24598930481284,421.54989440116475,0.0,0.0,5.449197860962567,0.0,0.0,88.0,239.17168317153372,766.9293404469288,0.09296056545970147,100.0,1.0,5.441754738315478
77,2016,11,10,5.385574636355309E18,125.05673036377246,1.685461542436256E-4,0.0,35.46756446039653,0.0,505.9047654282188,334.0187165775401,421.5681287374308,0.0,0.0,5.403743315508021,0.0,0.0,88.0,239.17168317153372,765.8952495378377,0.09304674383306287,100.0,1.0,5.437103380381298
74,2016,11,10,1.9182794490910433E18,125.09774157969395,1.685461542436256E-4,0.0,35.43028889718307,0.0,506.0584431605232,334.18582887700535,421.19718557639817,0.0,0.0,5.43716577540107,0.0,0.0,88.0,239.17168317153372,766.6556105004047,0.09304449537121887,100.0,1.0,5.438886428923129
75,2016,11,10,4.5632002139719885E18,125.09266871187582,1.685461542436256E-4,0.0,35.482382200055994,0.0,506.0997109422271,334.03208556149735,421.84854876501737,0.0,0.0,5.406417112299465,0.0,0.0,88.0,239.17168317153372,765.9560784148431,0.09305585644350631,100.0,1.0,5.438665875365699
78,2016,11,10,4.573666521693659E18,125.02587889277035,1.685461542436256E-4,0.0,35.41312601592511,0.0,505.7466254744464,334.11898395721926,420.8189651759538,0.0,0.0,5.42379679144385,0.0,0.0,88.0,239.17168317153372,766.3514661153778,0.09304061160238986,100.0,1.0,5.435762048037265
79,2016,11,10,7.984133645203673E18,125.00541198735385,1.685461542436256E-4,0.0,35.39095776066724,0.0,505.9390047684852,334.1524064171123,420.4725515787203,0.0,0.0,5.43048128342246,0.0,0.0,88.0,239.17168317153372,766.5035383078913,0.09309124217657315,100.0,1.0,5.434872206440566
68,2016,11,10,3.7882275823108506E17,125.09738757043792,1.685461542436256E-4,0.0,35.47775374847146,0.0,506.1432388323373,334.05213903743316,421.80211288780833,0.0,0.0,5.410427807486631,0.0,0.0,88.0,239.17168317153372,766.0473217303511,0.09306034935018173,100.0,1.0,5.43887103762897
69,2016,11,10,1.636161643110063E18,125.23537823343413,1.685461542436256E-4,0.0,35.558767311560196,0.0,505.8932269081044,334.03208556149735,423.2036324145641,0.0,0.0,5.406417112299465,0.0,0.0,88.0,239.17168317153372,765.9560784148431,0.09291189379403689,100.0,1.0,5.444870470830643
66,2016,11,10,1.6122102325533686E18,125.21263723634024,1.685461542436256E-4,0.0,35.552472442190506,0.0,506.01594101840146,334.0187165775401,423.0485264821745,0.0,0.0,5.403743315508021,0.0,0.0,88.0,239.17168317153372,765.8952495378377,0.09295131001767233,100.0,1.0,5.443881758333426
67,2016,11,10,6.784439008112694E18,125.17211186018454,1.685461542436256E-4,0.0,35.46894676434155,0.0,506.00578007823236,334.17245989304814,421.96418983682935,0.0,0.0,5.434491978609626,0.0,0.0,88.0,239.17168317153372,766.5947816233994,0.09297953658396416,100.0,1.0,5.442119832693394
72,2016,11,10,6.579760559640829E18,125.38053133167489,1.685461542436256E-4,0.0,35.649615046004584,0.0,505.8860133448603,333.97860962566847,424.82523430431473,0.0,0.0,5.39572192513369,0.0,0.0,88.0,239.17168317153372,765.7127629068217,0.09280300634950892,100.0,1.0,5.4511813059118355
73,2016,11,10,7.068562221821375E18,125.2075607037192,1.685461542436256E-4,0.0,35.52770034856038,0.0,505.78723165866546,334.072192513369,422.7570072784512,0.0,0.0,5.4144385026737964,0.0,0.0,88.0,239.17168317153372,766.1385650458591,0.09291306483570547,100.0,1.0,5.443661045441018
70,2016,11,10,2.437423955906098E18,125.13130526952796,1.685461542436256E-4,0.0,35.393750427836984,0.0,506.1310710305238,334.31951871657753,420.9075973864878,0.0,0.0,5.463903743315508,0.0,0.0,88.0,239.17168317153372,767.2638992704582,0.09303288811764944,100.0,1.0,5.440345680663705
71,2016,11,10,7.896750180447142E18,125.09328266804886,1.685461542436256E-4,0.0,35.48768819026448,0.0,505.9385927800076,334.0187165775401,421.91520739999874,0.0,0.0,5.403743315508021,0.0,0.0,88.0,239.17168317153372,765.8952495378377,0.09302577529752758,100.0,1.0,5.438692568396733
60,2016,11,10,6.169833032112486E17,125.2341814791191,1.685461542436256E-4,0.0,35.514350828713276,0.0,505.8387510516916,334.13903743315507,422.7056377404589,0.0,0.0,5.427807486631016,0.0,0.0,88.0,239.17168317153372,766.4427094308859,0.09290277659005172,100.0,1.0,5.4448184394292705
61,2016,11,10,7.71864569677264E18,125.15446192252189,1.685461542436256E-4,0.0,35.5314526430272,0.0,505.75351664664447,333.9919786096257,422.61778650055004,0.0,0.0,5.398395721925134,0.0,0.0,88.0,239.17168317153372,765.773591783827,0.09294628861670742,100.0,1.0,5.441352464672091
64,2016,11,10,6.762618178035378E18,125.09807616031391,1.685461542436256E-4,0.0,35.47862009889225,0.0,505.7159829123831,334.04545454545456,421.83906576097064,0.0,0.0,5.409090909090909,0.0,0.0,88.0,239.17168317153372,766.0169072918484,0.09298128154729798,100.0,1.0,5.438900975516605
65,2016,11,10,7.829733253770707E18,125.06870619057524,1.685461542436256E-4,0.0,35.41084604433141,0.0,505.7371655342109,334.18582887700535,420.9214830120315,0.0,0.0,5.43716577540107,0.0,0.0,88.0,239.17168317153372,766.6556105004047,0.09300701197089421,100.0,1.0,5.437624054544158
62,2016,11,10,2.726585372660135E18,125.27201484170406,1.685461542436256E-4,0.0,35.502273716208066,0.0,505.99605106603184,334.225935828877,422.66949286049254,0.0,0.0,5.445187165775401,0.0,0.0,88.0,239.17168317153372,766.8380971314208,0.09290360018095559,100.0,1.0,5.446463324138826
63,2016,11,10,6.159904451017453E18,125.16726499910644,1.685461542436256E-4,0.0,35.53969710181431,0.0,506.0516296070444,333.9919786096257,422.73935680331823,0.0,0.0,5.398395721925134,0.0,0.0,88.0,239.17168317153372,765.773591783827,0.09299156230275937,100.0,1.0,5.441909105252532
76,2017,2,27,1.16541095806856E18,153.8260658947092,6.68616682633738E-4,0.0,40.36347839192124,0.0,301.60000000000383,257.0307486631016,588.4195474586269,0.0,0.0,6.80614973262032,0.0,0.0,143.0,521.700425723223,868.5350554202466,0.045210358558767795,100.0,1.0,6.671037558969184
77,2017,2,27,5.385574636355309E18,153.6804933903387,6.68616682633738E-4,0.0,40.26035087578413,0.0,301.60000000000383,257.177807486631,586.3716483348313,0.0,0.0,6.8355614973262036,0.0,0.0,143.0,521.700425723223,869.2041730673054,0.04525318367582522,100.0,1.0,6.664724456969468
74,2017,2,27,1.9182794490910433E18,153.7574406627052,6.68616682633738E-4,0.0,40.32664801919205,0.0,301.60000000000383,257.06417112299465,587.6174953874744,0.0,0.0,6.81283422459893,0.0,0.0,143.0,521.700425723223,868.6871276127599,0.04523053690806715,100.0,1.0,6.668061460623775
75,2017,2,27,4.5632002139719885E18,153.6553806898941,6.68616682633738E-4,0.0,40.26421865724287,0.0,301.60000000000383,257.13770053475935,586.3162814896447,0.0,0.0,6.827540106951871,0.0,0.0,143.0,521.700425723223,869.0216864362894,0.04526057963970695,100.0,1.0,6.663635384276237
78,2017,2,27,4.573666521693659E18,153.5646198860956,6.68616682633738E-4,0.0,40.2651441409782,0.0,301.60000000000383,257.01069518716577,586.0345201665597,0.0,0.0,6.802139037433155,0.0,0.0,143.0,521.700425723223,868.4438121047385,0.045287329854642754,100.0,1.0,6.6596993235865165
79,2017,2,27,7.984133645203673E18,153.7188556759573,6.68616682633738E-4,0.0,40.29210745042825,0.0,301.60000000000383,257.11764705882354,587.008724430029,0.0,0.0,6.823529411764706,0.0,0.0,143.0,521.700425723223,868.9304431207813,0.0452418902300753,100.0,1.0,6.66638812981139
68,2017,2,27,3.7882275823108506E17,153.7061991950406,6.68616682633738E-4,0.0,40.29435237574128,0.0,301.60000000000383,257.10427807486633,586.949678186909,0.0,0.0,6.820855614973262,0.0,0.0,143.0,521.700425723223,868.869614243776,0.045245615539290754,100.0,1.0,6.6658392510562265
69,2017,2,27,1.636161643110063E18,153.4982937695711,6.68616682633738E-4,0.0,40.207935720424366,0.0,301.60000000000383,257.11764705882354,584.9196852099221,0.0,0.0,6.823529411764706,0.0,0.0,143.0,521.700425723223,868.9304431207813,0.04530689836347273,100.0,1.0,6.6568229319171275
66,2017,2,27,1.6122102325533686E18,153.7740354359358,6.68616682633738E-4,0.0,40.34863313461548,0.0,301.60000000000383,256.99732620320856,588.0788161983644,0.0,0.0,6.7994652406417115,0.0,0.0,143.0,521.700425723223,868.3829832277332,0.045225655781673195,100.0,1.0,6.668781132903358
67,2017,2,27,6.784439008112694E18,153.63165748613693,6.68616682633738E-4,0.0,40.26803061667064,0.0,301.60000000000383,257.0975935828877,586.2740751812177,0.0,0.0,6.81951871657754,0.0,0.0,143.0,521.700425723223,868.8391998052733,0.0452675686025973,100.0,1.0,6.66260657045095
72,2017,2,27,6.579760559640829E18,153.60433448459798,6.68616682633738E-4,0.0,40.24104969322364,0.0,301.60000000000383,257.14438502673795,585.8023858977177,0.0,0.0,6.828877005347594,0.0,0.0,143.0,521.700425723223,869.052100874792,0.045275620757184915,100.0,1.0,6.66142164273125
73,2017,2,27,7.068562221821375E18,153.64574444831823,6.68616682633738E-4,0.0,40.289399895934814,0.0,301.60000000000383,257.03743315508024,586.6812289676546,0.0,0.0,6.807486631016043,0.0,0.0,143.0,521.700425723223,868.5654698587492,0.04526341825968199,100.0,1.0,6.663217485468867
70,2017,2,27,2.437423955906098E18,153.7051582192721,6.68616682633738E-4,0.0,40.35385299443747,0.0,301.60000000000383,256.903743315508,587.8522518007705,0.0,0.0,6.780748663101604,0.0,0.0,143.0,521.700425723223,867.9571810886956,0.04524592196745457,100.0,1.0,6.665794106636726
71,2017,2,27,7.896750180447142E18,153.70207959302078,6.68616682633738E-4,0.0,40.27776244398232,0.0,301.60000000000383,257.15106951871655,586.6977585473588,0.0,0.0,6.830213903743315,0.0,0.0,143.0,521.700425723223,869.0825153132947,0.04524682823549922,100.0,1.0,6.665660594600045
60,2017,2,27,6.169833032112486E17,153.77161281270966,6.68616682633738E-4,0.0,40.36492946653395,0.0,301.60000000000383,256.9572192513369,588.2383570949254,0.0,0.0,6.791443850267379,0.0,0.0,143.0,521.700425723223,868.2004965967172,0.045226368297605804,100.0,1.0,6.668676070016658
61,2017,2,27,7.71864569677264E18,153.43103043592615,6.68616682633738E-4,0.0,40.188808097595484,0.0,301.60000000000383,257.09090909090907,584.4042622260928,0.0,0.0,6.818181818181818,0.0,0.0,143.0,521.700425723223,868.8087853667706,0.045326760662594376,100.0,1.0,6.653905895571693
64,2017,2,27,6.762618178035378E18,153.72274779568312,6.68616682633738E-4,0.0,40.27697307408469,0.0,301.60000000000383,257.177807486631,586.7718584682689,0.0,0.0,6.8355614973262036,0.0,0.0,143.0,521.700425723223,869.2041730673054,0.045240744746690924,100.0,1.0,6.666556920950421
65,2017,2,27,7.829733253770707E18,153.71869976786755,6.68616682633738E-4,0.0,40.27941809960062,0.0,301.60000000000383,257.1711229946524,586.7639322476393,0.0,0.0,6.834224598930481,0.0,0.0,143.0,521.700425723223,869.1737586288027,0.04524193611633822,100.0,1.0,6.666381368481863
62,2017,2,27,2.726585372660135E18,153.80584112589167,6.68616682633738E-4,0.0,40.38567904909078,0.0,301.60000000000383,256.93048128342247,588.6842063190187,0.0,0.0,6.786096256684492,0.0,0.0,143.0,521.700425723223,868.0788388427065,0.045216303515365736,100.0,1.0,6.670160463194694
63,2017,2,27,6.159904451017453E18,153.60042059856016,6.68616682633738E-4,0.0,40.23992731720302,0.0,301.60000000000383,257.14438502673795,585.7653157545972,0.0,0.0,6.828877005347594,0.0,0.0,143.0,521.700425723223,869.052100874792,0.0452767744234265,100.0,1.0,6.661251907643712
76,2017,7,10,1.16541095806856E18,146.41322313593398,3.839502469836645E-4,0.0,45.836494989158226,0.0,347.5725582617177,229.15106951871658,634.3166295743931,0.0,0.0,4.830213903743315,0.0,0.0,100.40000000000015,566.4956853331355,748.9308561767549,0.0548779936391047,100.0,1.0,6.333550758933834
77,2017,7,10,5.385574636355309E18,146.26256675533304,3.839502469836645E-4,0.0,45.80506564860132,0.0,347.4828874841851,229.07754010695186,633.2278534339415,0.0,0.0,4.815508021390374,0.0,0.0,100.40000000000015,566.4956853331355,748.5962973532256,0.054920347558923964,100.0,1.0,6.327033657450388
74,2017,7,10,1.9182794490910433E18,146.39944377685467,3.839502469836645E-4,0.0,45.822476557183236,0.0,347.5209136151114,229.18449197860963,634.0343760813557,0.0,0.0,4.836898395721925,0.0,0.0,100.40000000000015,566.4956853331355,749.0829283692683,0.05487500394168481,100.0,1.0,6.332954690707974
75,2017,7,10,4.5632002139719885E18,146.23995994340748,3.839502469836645E-4,0.0,45.742502731911344,0.0,347.4947223613564,229.24465240641712,632.2539132939805,0.0,0.0,4.848930481283422,0.0,0.0,100.40000000000015,566.4956853331355,749.3566583157923,0.05493070835097508,100.0,1.0,6.326055730813965
78,2017,7,10,4.573666521693659E18,146.2180424847686,3.839502469836645E-4,0.0,45.77359042473437,0.0,347.40322651758675,229.12433155080214,632.5943067151161,0.0,0.0,4.824866310160428,0.0,0.0,100.40000000000015,566.4956853331355,748.8091984227442,0.05492447672909952,100.0,1.0,6.325107624257605
79,2017,7,10,7.984133645203673E18,146.26143090411549,3.839502469836645E-4,0.0,45.768870206221735,0.0,347.49690182854556,229.19117647058823,632.7000769586098,0.0,0.0,4.838235294117647,0.0,0.0,100.40000000000015,566.4956853331355,749.1133428077709,0.054922989076329455,100.0,1.0,6.326984522739836
68,2017,7,10,3.7882275823108506E17,146.2148938960293,3.839502469836645E-4,0.0,45.742156804970946,0.0,347.49485788940086,229.21122994652407,632.1691725383781,0.0,0.0,4.842245989304812,0.0,0.0,100.40000000000015,566.4956853331355,749.204586123279,0.05494014671060053,100.0,1.0,6.324971422443487
69,2017,7,10,1.636161643110063E18,146.22161614370847,3.839502469836645E-4,0.0,45.74055044606723,0.0,347.37630512437346,229.23128342245988,632.1414380508444,0.0,0.0,4.846256684491979,0.0,0.0,100.40000000000015,566.4956853331355,749.295829438787,0.05491887820358999,100.0,1.0,6.325262213780358
66,2017,7,10,1.6122102325533686E18,146.24628902607776,3.839502469836645E-4,0.0,45.791554815604506,0.0,347.5126069166393,229.0975935828877,632.9828253196027,0.0,0.0,4.81951871657754,0.0,0.0,100.40000000000015,566.4956853331355,748.6875406687336,0.05493115812490027,100.0,1.0,6.3263295145986005
67,2017,7,10,6.784439008112694E18,146.28737226309653,3.839502469836645E-4,0.0,45.80384062174837,0.0,347.45970221094495,229.11096256684493,633.3101327262999,0.0,0.0,4.822192513368984,0.0,0.0,100.40000000000015,566.4956853331355,748.748369545739,0.05490737102526319,100.0,1.0,6.3281066953847915
72,2017,7,10,6.579760559640829E18,146.28585106265749,3.839502469836645E-4,0.0,45.81921069190833,0.0,347.4450296874771,229.05748663101605,633.5390766042344,0.0,0.0,4.811497326203209,0.0,0.0,100.40000000000015,566.4956853331355,748.5050540377176,0.05490562334539813,100.0,1.0,6.32804089121771
73,2017,7,10,7.068562221821375E18,146.07044058830687,3.839502469836645E-4,0.0,45.70549389173102,0.0,347.4624573132629,229.1644385026738,631.0173425376071,0.0,0.0,4.8328877005347595,0.0,0.0,100.40000000000015,566.4956853331355,748.9916850537602,0.05498935091001955,100.0,1.0,6.318722653806633
70,2017,7,10,2.437423955906098E18,146.3152182810569,3.839502469836645E-4,0.0,45.790463674032324,0.0,347.49491299776304,229.17780748663102,633.269065223994,0.0,0.0,4.8355614973262036,0.0,0.0,100.40000000000015,566.4956853331355,749.0525139307656,0.054902484445853245,100.0,1.0,6.329311259866112
71,2017,7,10,7.896750180447142E18,146.2783444897843,3.839502469836645E-4,0.0,45.75773339851529,0.0,347.5036821551418,229.2379679144385,632.6469679785642,0.0,0.0,4.847593582887701,0.0,0.0,100.40000000000015,566.4956853331355,749.3262438772897,0.05491771007685723,100.0,1.0,6.327716171501162
60,2017,7,10,6.169833032112486E17,146.22206636699292,3.839502469836645E-4,0.0,45.787030478628076,0.0,347.5426956186723,229.0842245989305,632.8148092087054,0.0,0.0,4.816844919786096,0.0,0.0,100.40000000000015,566.4956853331355,748.6267117917283,0.05494501473225529,100.0,1.0,6.325281689562429
61,2017,7,10,7.71864569677264E18,146.13044277339006,3.839502469836645E-4,0.0,45.74666488949863,0.0,347.323548564234,229.11096256684493,631.827532197278,0.0,0.0,4.822192513368984,0.0,0.0,100.40000000000015,566.4956853331355,748.748369545739,0.05494479724777106,100.0,1.0,6.321318231424065
64,2017,7,10,6.762618178035378E18,146.16954087648972,3.839502469836645E-4,0.0,45.735245715033,0.0,347.5006150518259,229.17780748663102,631.8927694271913,0.0,0.0,4.8355614973262036,0.0,0.0,100.40000000000015,566.4956853331355,749.0525139307656,0.054958103874160676,100.0,1.0,6.3230095391847785
65,2017,7,10,7.829733253770707E18,146.0786751199986,3.839502469836645E-4,0.0,45.712547384204804,0.0,347.5177228925794,229.14438502673798,631.1863820727127,0.0,0.0,4.828877005347594,0.0,0.0,100.40000000000015,566.4956853331355,748.9004417382524,0.05499499695979667,100.0,1.0,6.31907886360331
62,2017,7,10,2.726585372660135E18,146.16581168050735,3.839502469836645E-4,0.0,45.785299322372644,0.0,347.5566288812896,229.0307486631016,632.5266552771755,0.0,0.0,4.80614973262032,0.0,0.0,100.40000000000015,566.4956853331355,748.3833962837069,0.05496836500094599,100.0,1.0,6.322848221432605
63,2017,7,10,6.159904451017453E18,146.3894726643709,3.839502469836645E-4,0.0,45.8061296535441,0.0,347.4389212898881,229.21791443850267,633.7881012206803,0.0,0.0,4.843582887700535,0.0,0.0,100.40000000000015,566.4956853331355,749.2350005617816,0.054865793862673186,100.0,1.0,6.332523359809818
76,2017,11,10,1.16541095806856E18,121.79378473612057,1.1954238128698502E-4,0.0,36.66206240184738,0.0,688.3509974728653,331.91711229946526,421.04124364730296,0.0,0.0,5.283422459893048,0.0,0.0,88.0,140.82802192364315,726.7126686358508,0.13098265772757994,100.0,1.0,5.255283481149924
77,2017,11,10,5.385574636355309E18,121.78903747482556,1.1954238128698502E-4,0.0,36.602150016780456,0.0,687.9079689157132,332.05748663101605,420.35780344550994,0.0,0.0,5.311497326203209,0.0,0.0,88.0,140.82802192364315,727.351371844407,0.13090345851181492,100.0,1.0,5.255078641437307
74,2017,11,10,1.9182794490910433E18,121.60442401554667,1.1954238128698502E-4,0.0,36.52922189964408,0.0,688.2894567359084,331.99732620320856,418.891782709298,0.0,0.0,5.2994652406417115,0.0,0.0,88.0,140.82802192364315,727.0776418978829,0.1311748936082231,100.0,1.0,5.247112750032838
75,2017,11,10,4.5632002139719885E18,121.82099749294804,1.1954238128698502E-4,0.0,36.66935850877039,0.0,687.8546078368673,331.92379679144386,421.2672753663804,0.0,0.0,5.28475935828877,0.0,0.0,88.0,140.82802192364315,726.7430830743535,0.13085896416093057,100.0,1.0,5.256457685168152
78,2017,11,10,4.573666521693659E18,121.72761794453375,1.1954238128698502E-4,0.0,36.617707265375294,0.0,687.796736358836,331.93716577540107,420.326461174425,0.0,0.0,5.287433155080214,0.0,0.0,88.0,140.82802192364315,726.8039119513588,0.13094833049486326,100.0,1.0,5.252428448378091
79,2017,11,10,7.984133645203673E18,121.87486666236062,1.1954238128698502E-4,0.0,36.68885496847905,0.0,687.9155944926997,331.9505347593583,421.6532670796949,0.0,0.0,5.290106951871658,0.0,0.0,88.0,140.82802192364315,726.8647408283642,0.13081272109164344,100.0,1.0,5.25878208749107
68,2017,11,10,3.7882275823108506E17,121.75509760632501,1.1954238128698502E-4,0.0,36.64926301535881,0.0,687.7946180864861,331.8903743315508,420.7983236465958,0.0,0.0,5.278074866310161,0.0,0.0,88.0,140.82802192364315,726.5910108818401,0.13091837275254642,100.0,1.0,5.253614169086197
69,2017,11,10,1.636161643110063E18,121.87215094393372,1.1954238128698502E-4,0.0,36.72841499388805,0.0,687.7894418485099,331.8435828877005,422.1143058501577,0.0,0.0,5.268716577540107,0.0,0.0,88.0,140.82802192364315,726.3781098123214,0.13079164655438233,100.0,1.0,5.258664906879442
66,2017,11,10,1.6122102325533686E18,121.7175205787224,1.1954238128698502E-4,0.0,36.546744283871604,0.0,687.8850905683164,332.10427807486633,419.47094518289884,0.0,0.0,5.320855614973262,0.0,0.0,88.0,140.82802192364315,727.5642729139257,0.13097601661210706,100.0,1.0,5.25199275685355
67,2017,11,10,6.784439008112694E18,121.69712682017025,1.1954238128698502E-4,0.0,36.62555103836818,0.0,687.9759951362588,331.8770053475936,420.31285045447953,0.0,0.0,5.275401069518717,0.0,0.0,88.0,140.82802192364315,726.5301820048348,0.13101527679472616,100.0,1.0,5.251112785985827
72,2017,11,10,6.579760559640829E18,121.66299142766928,1.1954238128698502E-4,0.0,36.578947745175036,0.0,687.9845934185164,331.9438502673797,419.6870227391002,0.0,0.0,5.288770053475936,0.0,0.0,88.0,140.82802192364315,726.8343263898615,0.13105367406961776,100.0,1.0,5.2496398769640615
73,2017,11,10,7.068562221821375E18,121.62558405283282,1.1954238128698502E-4,0.0,36.50896569566242,0.0,687.3795510941471,332.07754010695186,418.726216302321,0.0,0.0,5.315508021390374,0.0,0.0,88.0,140.82802192364315,727.442615159915,0.13097869165351603,100.0,1.0,5.248025785083455
70,2017,11,10,2.437423955906098E18,121.91494433636764,1.1954238128698502E-4,0.0,36.740829858597515,0.0,688.0651729426316,331.870320855615,422.39592223441497,0.0,0.0,5.274064171122995,0.0,0.0,88.0,140.82802192364315,726.4997675663321,0.13079815261273536,100.0,1.0,5.260511400186527
71,2017,11,10,7.896750180447142E18,121.7708179996868,1.1954238128698502E-4,0.0,36.655932427325766,0.0,687.9619540195127,331.8970588235294,420.91605423062055,0.0,0.0,5.279411764705882,0.0,0.0,88.0,140.82802192364315,726.6214253203428,0.13093331889835694,100.0,1.0,5.254292488786411
60,2017,11,10,6.169833032112486E17,121.6620715402595,1.1954238128698502E-4,0.0,36.55569682315222,0.0,687.8120898256614,332.00401069518716,419.40462400561063,0.0,0.0,5.300802139037433,0.0,0.0,88.0,140.82802192364315,727.1080563363856,0.13102180463727353,100.0,1.0,5.249600184716051
61,2017,11,10,7.71864569677264E18,121.76532128317314,1.1954238128698502E-4,0.0,36.59990422687191,0.0,687.5201251701785,332.0307486631016,420.25596579035465,0.0,0.0,5.30614973262032,0.0,0.0,88.0,140.82802192364315,727.2297140903963,0.13085513655627729,100.0,1.0,5.254055310809251
64,2017,11,10,6.762618178035378E18,121.71730128992682,1.1954238128698502E-4,0.0,36.62859367250593,0.0,687.6640849405785,331.8903743315508,420.4421406926783,0.0,0.0,5.278074866310161,0.0,0.0,88.0,140.82802192364315,726.5910108818401,0.1309341721683155,100.0,1.0,5.25198329475508
65,2017,11,10,7.829733253770707E18,121.84116124501125,1.1954238128698502E-4,0.0,36.65880063673069,0.0,687.4127347995166,331.98395721925135,421.183563534222,0.0,0.0,5.2967914438502675,0.0,0.0,88.0,140.82802192364315,727.0168130208776,0.13075325905278634,100.0,1.0,5.2573277314793465
62,2017,11,10,2.726585372660135E18,121.72196191042799,1.1954238128698502E-4,0.0,36.60438542326258,0.0,687.634298229266,331.9572192513369,420.18191681989674,0.0,0.0,5.291443850267379,0.0,0.0,88.0,140.82802192364315,726.8951552668669,0.13092348752125824,100.0,1.0,5.252184396001626
63,2017,11,10,6.159904451017453E18,121.75098216229904,1.1954238128698502E-4,0.0,36.64818887096572,0.0,688.2964434692998,331.8903743315508,420.75954073996445,0.0,0.0,5.278074866310161,0.0,0.0,88.0,140.82802192364315,726.5910108818401,0.1310183213327525,100.0,1.0,5.253436591674881
76,2018,3,4,1.16541095806856E18,165.60503439852653,7.13099143295827E-4,0.0,40.50714125302355,0.0,313.20000000000397,263.68582887700535,630.8900581506256,0.0,0.0,6.93716577540107,0.0,0.0,143.0,653.6522521944171,925.7988096584273,0.04394126624434214,100.0,1.0,7.127696281176956
77,2018,3,4,5.385574636355309E18,165.3678188129556,7.13099143295827E-4,0.0,40.48473794672537,0.0,313.20000000000397,263.4652406417112,629.6639059045306,0.0,0.0,6.893048128342246,0.0,0.0,143.0,653.6522521944171,924.7951331878392,0.044004298781613854,100.0,1.0,7.117486442730616
74,2018,3,4,1.9182794490910433E18,165.50216153018263,7.13099143295827E-4,0.0,40.50915572299988,0.0,313.20000000000397,263.54545454545456,630.5617554373374,0.0,0.0,6.909090909090909,0.0,0.0,143.0,653.6522521944171,925.1601064498713,0.04396857926584846,100.0,1.0,7.123268598384633
75,2018,3,4,4.5632002139719885E18,165.69614553142824,7.13099143295827E-4,0.0,40.61417346714695,0.0,313.20000000000397,263.4251336898396,632.9326667512237,0.0,0.0,6.885026737967914,0.0,0.0,143.0,653.6522521944171,924.612646556823,0.043917104315072036,100.0,1.0,7.1316177349269365
78,2018,3,4,4.573666521693659E18,165.67386879561522,7.13099143295827E-4,0.0,40.5965067053965,0.0,313.20000000000397,263.451871657754,632.6016074728124,0.0,0.0,6.890374331550802,0.0,0.0,143.0,653.6522521944171,924.7343043108337,0.04392300946920173,100.0,1.0,7.130658936738293
79,2018,3,4,7.984133645203673E18,165.49409665335634,7.13099143295827E-4,0.0,40.52334974440025,0.0,313.20000000000397,263.4852941176471,630.7596754664826,0.0,0.0,6.897058823529412,0.0,0.0,143.0,653.6522521944171,924.8863765033472,0.04397072194757041,100.0,1.0,7.122921483378322
68,2018,3,4,3.7882275823108506E17,165.54346800313922,7.13099143295827E-4,0.0,40.5130517313677,0.0,313.20000000000397,263.5855614973262,630.7675500373463,0.0,0.0,6.9171122994652405,0.0,0.0,143.0,653.6522521944171,925.3425930808872,0.043957608208202444,100.0,1.0,7.125046442849025
69,2018,3,4,1.636161643110063E18,165.4962751281217,7.13099143295827E-4,0.0,40.523345036654426,0.0,313.20000000000397,263.4852941176471,630.7801531495913,0.0,0.0,6.897058823529412,0.0,0.0,143.0,653.6522521944171,924.8863765033472,0.043970143148391386,100.0,1.0,7.123015245663629
66,2018,3,4,1.6122102325533686E18,165.50411844619055,7.13099143295827E-4,0.0,40.51588490296297,0.0,313.20000000000397,263.5187165775401,630.7018082200724,0.0,0.0,6.903743315508021,0.0,0.0,143.0,653.6522521944171,925.0384486958606,0.04396805938261285,100.0,1.0,7.123352824706628
67,2018,3,4,6.784439008112694E18,165.536012377248,7.13099143295827E-4,0.0,40.53912043749184,0.0,313.20000000000397,263.4852941176471,631.1536836619756,0.0,0.0,6.897058823529412,0.0,0.0,143.0,653.6522521944171,924.8863765033472,0.04395958802804444,100.0,1.0,7.1247255502075
72,2018,3,4,6.579760559640829E18,165.47884056848923,7.13099143295827E-4,0.0,40.56178775954092,0.0,313.20000000000397,263.3382352941176,631.2853857735081,0.0,0.0,6.867647058823529,0.0,0.0,143.0,653.6522521944171,924.2172588562884,0.043974775765347945,100.0,1.0,7.122264856363522
73,2018,3,4,7.068562221821375E18,165.47877623752422,7.13099143295827E-4,0.0,40.549477402828714,0.0,313.20000000000397,263.3716577540107,631.1327088693218,0.0,0.0,6.874331550802139,0.0,0.0,143.0,653.6522521944171,924.3693310488017,0.04397479286083195,100.0,1.0,7.122262087537178
70,2018,3,4,2.437423955906098E18,165.5641878945162,7.13099143295827E-4,0.0,40.53468509897763,0.0,313.20000000000397,263.53208556149735,631.205632717549,0.0,0.0,6.906417112299465,0.0,0.0,143.0,653.6522521944171,925.0992775728658,0.04395210703745497,100.0,1.0,7.125938233930451
71,2018,3,4,7.896750180447142E18,165.55519905296356,7.13099143295827E-4,0.0,40.528224845464194,0.0,313.20000000000397,263.54545454545456,631.0603086461157,0.0,0.0,6.909090909090909,0.0,0.0,143.0,653.6522521944171,925.1601064498713,0.0439544934229526,100.0,1.0,7.125551351172075
60,2018,3,4,6.169833032112486E17,165.44776701531262,7.13099143295827E-4,0.0,40.44701765276057,0.0,313.20000000000397,263.68582887700535,629.4117432817128,0.0,0.0,6.93716577540107,0.0,0.0,143.0,653.6522521944171,925.7988096584273,0.043983034882758926,100.0,1.0,7.120927440202095
61,2018,3,4,7.71864569677264E18,165.62522498695438,7.13099143295827E-4,0.0,40.59984554016532,0.0,313.20000000000397,263.3917112299465,632.4180851642678,0.0,0.0,6.878342245989304,0.0,0.0,143.0,653.6522521944171,924.4605743643098,0.04393590957224209,100.0,1.0,7.128565290881745
64,2018,3,4,6.762618178035378E18,165.5042372080155,7.13099143295827E-4,0.0,40.521954778348935,0.0,313.20000000000397,263.5053475935829,630.7637534593417,0.0,0.0,6.901069518716578,0.0,0.0,143.0,653.6522521944171,924.9776198188551,0.043968027832200135,100.0,1.0,7.123357936255465
65,2018,3,4,7.829733253770707E18,165.41058954590656,7.13099143295827E-4,0.0,40.497576276759524,0.0,313.20000000000397,263.4652406417112,630.0659511931584,0.0,0.0,6.893048128342246,0.0,0.0,143.0,653.6522521944171,924.7951331878392,0.04399292045258995,100.0,1.0,7.119327309436792
62,2018,3,4,2.726585372660135E18,165.5010802389586,7.13099143295827E-4,0.0,40.55080721813065,0.0,313.20000000000397,263.3917112299465,631.2511233753086,0.0,0.0,6.878342245989304,0.0,0.0,143.0,653.6522521944171,924.4605743643098,0.04396886653188214,100.0,1.0,7.123222059247317
63,2018,3,4,6.159904451017453E18,165.57733781278515,7.13099143295827E-4,0.0,40.54602427436555,0.0,313.20000000000397,263.5120320855615,631.4204853874229,0.0,0.0,6.902406417112299,0.0,0.0,143.0,653.6522521944171,925.0080342573578,0.04394861642320232,100.0,1.0,7.1265042108277274
76,2018,7,11,1.16541095806856E18,147.05319395401492,7.753123095206779E-5,0.0,43.88050156399378,0.0,428.3557133711358,231.45320855614975,605.3219061466478,0.0,0.0,4.990641711229946,0.0,0.0,100.69999999999858,619.1489549785465,773.4992331729644,0.0678499082530893,100.0,1.0,6.313283604943301
77,2018,7,11,5.385574636355309E18,147.13753747621953,7.753123095206779E-5,0.0,43.914739679789484,0.0,428.1280646573468,231.44652406417111,606.143154352534,0.0,0.0,4.989304812834225,0.0,0.0,100.69999999999858,619.1489549785465,773.4688187344617,0.06777497669286167,100.0,1.0,6.316904638676753
74,2018,7,11,1.9182794490910433E18,147.03997132571925,7.753123095206779E-5,0.0,43.86742148061907,0.0,428.25832165361476,231.47994652406416,605.0762684985518,0.0,0.0,4.995989304812834,0.0,0.0,100.69999999999858,619.1489549785465,773.6208909269751,0.06784058182010161,100.0,1.0,6.312715931435585
75,2018,7,11,4.5632002139719885E18,147.0339347465804,7.753123095206779E-5,0.0,43.86576882053545,0.0,428.4510588590155,231.47994652406416,605.019667463905,0.0,0.0,4.995989304812834,0.0,0.0,100.69999999999858,619.1489549785465,773.6208909269751,0.0678738998974655,100.0,1.0,6.312456769189041
78,2018,7,11,4.573666521693659E18,147.24061504639832,7.753123095206779E-5,0.0,43.95057110662425,0.0,428.44388665886726,231.45989304812835,607.0488160965804,0.0,0.0,4.991978609625669,0.0,0.0,100.69999999999858,619.1489549785465,773.5296476114671,0.06777749132416135,100.0,1.0,6.321329962033213
79,2018,7,11,7.984133645203673E18,147.15506635662902,7.753123095206779E-5,0.0,43.90872919548596,0.0,428.25313425405636,231.4866310160428,606.1250245111097,0.0,0.0,4.997326203208556,0.0,0.0,100.69999999999858,619.1489549785465,773.6513053654778,0.06778670027587098,100.0,1.0,6.317657188079638
68,2018,7,11,3.7882275823108506E17,147.11814022213747,7.753123095206779E-5,0.0,43.903498798688425,0.0,428.3128834539391,231.45989304812835,605.9004501741248,0.0,0.0,4.991978609625669,0.0,0.0,100.69999999999858,619.1489549785465,773.5296476114671,0.06781317436563546,100.0,1.0,6.316071876307682
69,2018,7,11,1.636161643110063E18,147.08076853079976,7.753123095206779E-5,0.0,43.880710409774146,0.0,428.2659515788127,231.47994652406416,605.4587970739457,0.0,0.0,4.995989304812834,0.0,0.0,100.69999999999858,619.1489549785465,773.6208909269751,0.06782297255091606,100.0,1.0,6.314467435901677
66,2018,7,11,1.6122102325533686E18,147.17647958157025,7.753123095206779E-5,0.0,43.91633903660317,0.0,428.2838215546841,231.4866310160428,606.325802246132,0.0,0.0,4.997326203208556,0.0,0.0,100.69999999999858,619.1489549785465,773.6513053654778,0.06778169442928793,100.0,1.0,6.318576500053177
67,2018,7,11,6.784439008112694E18,147.15572790158805,7.753123095206779E-5,0.0,43.91967516622102,0.0,428.29964325696284,231.45320855614975,606.2832995758582,0.0,0.0,4.990641711229946,0.0,0.0,100.69999999999858,619.1489549785465,773.4992331729644,0.06779375725315734,100.0,1.0,6.3176855895092885
72,2018,7,11,6.579760559640829E18,147.26107178488266,7.753123095206779E-5,0.0,43.967811972754205,0.0,428.2522190258167,231.4264705882353,607.392697679325,0.0,0.0,4.985294117647059,0.0,0.0,100.69999999999858,619.1489549785465,773.3775754189537,0.06773775946477131,100.0,1.0,6.322208210156993
73,2018,7,11,7.068562221821375E18,146.96397435926556,7.753123095206779E-5,0.0,43.83484969292269,0.0,428.2586543604572,231.4866310160428,604.3332804596207,0.0,0.0,4.997326203208556,0.0,0.0,100.69999999999858,619.1489549785465,773.6513053654778,0.06787571579134852,100.0,1.0,6.3094532317999255
70,2018,7,11,2.437423955906098E18,146.98708908098314,7.753123095206779E-5,0.0,43.84732115955278,0.0,428.32520496326873,231.47994652406416,604.5804264499949,0.0,0.0,4.995989304812834,0.0,0.0,100.69999999999858,619.1489549785465,773.6208909269751,0.06787558797434425,100.0,1.0,6.310445592385409
71,2018,7,11,7.896750180447142E18,147.10323876975627,7.753123095206779E-5,0.0,43.89256718754995,0.0,428.3192227097619,231.47326203208556,605.6999001730998,0.0,0.0,4.994652406417113,0.0,0.0,100.69999999999858,619.1489549785465,773.5904764884724,0.06782104756376778,100.0,1.0,6.315432127571324
60,2018,7,11,6.169833032112486E17,147.07518621915497,7.753123095206779E-5,0.0,43.8857073527425,0.0,428.20695070847955,231.46657754010695,605.4672842839981,0.0,0.0,4.99331550802139,0.0,0.0,100.69999999999858,619.1489549785465,773.5600620499698,0.06781620269050355,100.0,1.0,6.314227776254453
61,2018,7,11,7.71864569677264E18,146.9628312381467,7.753123095206779E-5,0.0,43.8386181124029,0.0,428.37620723415887,231.47326203208556,604.3833910412868,0.0,0.0,4.994652406417113,0.0,0.0,100.69999999999858,619.1489549785465,773.5904764884724,0.06789487512390674,100.0,1.0,6.309404155356074
64,2018,7,11,6.762618178035378E18,147.04229683548874,7.753123095206779E-5,0.0,43.871138959804085,0.0,428.27308651505837,231.47326203208556,605.1284877135672,0.0,0.0,4.994652406417113,0.0,0.0,100.69999999999858,619.1489549785465,773.5904764884724,0.06784184777571647,100.0,1.0,6.3128157701558925
65,2018,7,11,7.829733253770707E18,147.22442185193438,7.753123095206779E-5,0.0,43.940460828127435,0.0,428.1819839872191,231.47326203208556,606.8361542791292,0.0,0.0,4.994652406417113,0.0,0.0,100.69999999999858,619.1489549785465,773.5904764884724,0.06774351002690238,100.0,1.0,6.320634756261951
62,2018,7,11,2.726585372660135E18,146.97247807807537,7.753123095206779E-5,0.0,43.840012749630205,0.0,428.2747692168837,231.47994652406416,604.4434286797716,0.0,0.0,4.995989304812834,0.0,0.0,100.69999999999858,619.1489549785465,773.6208909269751,0.06787434248617573,100.0,1.0,6.309818313217727
63,2018,7,11,6.159904451017453E18,147.0889167948437,7.753123095206779E-5,0.0,43.88569270819805,0.0,428.3414463207627,231.47994652406416,605.5351979899016,0.0,0.0,4.995989304812834,0.0,0.0,100.69999999999858,619.1489549785465,773.6208909269751,0.06783117054569479,100.0,1.0,6.31481725694544
76,2018,11,12,1.16541095806856E18,124.78258795240775,2.981970421233375E-4,0.0,36.96902490598094,0.0,745.3652911992689,344.6577540106952,431.7565387282666,0.0,0.0,4.831550802139038,0.0,0.0,88.0,136.88778695697053,735.3035061835969,0.13948535065324186,100.0,1.0,5.343681524321747
77,2018,11,12,5.385574636355309E18,124.7485578389763,2.981970421233375E-4,0.0,36.9350412028668,0.0,745.6399044649716,344.70454545454544,431.2253625984093,0.0,0.0,4.840909090909091,0.0,0.0,88.0,136.88778695697053,735.5164072531156,0.13957480510522233,100.0,1.0,5.342224220931925
74,2018,11,12,1.9182794490910433E18,124.74398525673405,2.981970421233375E-4,0.0,36.948190115230396,0.0,745.3289347624806,344.6644385026738,431.36508302201906,0.0,0.0,4.8328877005347595,0.0,0.0,88.0,136.88778695697053,735.3339206220995,0.13952170940721736,100.0,1.0,5.342028404963946
75,2018,11,12,4.5632002139719885E18,124.89839506729751,2.981970421233375E-4,0.0,37.073662462924545,0.0,745.3123759039851,344.53743315508024,433.387113332446,0.0,0.0,4.807486631016043,0.0,0.0,88.0,136.88778695697053,734.7560462905487,0.13934612513586417,100.0,1.0,5.348640840764653
78,2018,11,12,4.573666521693659E18,124.80127967095378,2.981970421233375E-4,0.0,37.04994854714084,0.0,745.9590794266461,344.48395721925135,432.7221330543457,0.0,0.0,4.7967914438502675,0.0,0.0,88.0,136.88778695697053,734.5127307825273,0.13957556272029517,100.0,1.0,5.344481977275087
79,2018,11,12,7.984133645203673E18,124.81191019430986,2.981970421233375E-4,0.0,37.03108991046263,0.0,745.6981656624099,344.54411764705884,432.5478277091941,0.0,0.0,4.8088235294117645,0.0,0.0,88.0,136.88778695697053,734.7864607290514,0.1395148596196532,100.0,1.0,5.344937218123858
68,2018,11,12,3.7882275823108506E17,124.83299974769633,2.981970421233375E-4,0.0,37.020315719097916,0.0,745.5737855528336,344.59090909090907,432.5321719086366,0.0,0.0,4.818181818181818,0.0,0.0,88.0,136.88778695697053,734.9993617985701,0.13946802297296515,100.0,1.0,5.345840355802259
69,2018,11,12,1.636161643110063E18,124.86290008032354,2.981970421233375E-4,0.0,37.088526992372834,0.0,745.4588535417603,344.4505347593583,433.4505253801932,0.0,0.0,4.790106951871658,0.0,0.0,88.0,136.88778695697053,734.360658590014,0.1394131310337521,100.0,1.0,5.347120805724416
66,2018,11,12,1.6122102325533686E18,124.8927873631374,2.981970421233375E-4,0.0,37.03664992792264,0.0,745.7553338373373,344.63101604278074,432.9088637520115,0.0,0.0,4.82620320855615,0.0,0.0,88.0,136.88778695697053,735.1818484295862,0.139435202430368,100.0,1.0,5.348400696802209
67,2018,11,12,6.784439008112694E18,124.79301011482455,2.981970421233375E-4,0.0,37.01723690988861,0.0,745.6916402102215,344.54411764705884,432.3710600369175,0.0,0.0,4.8088235294117645,0.0,0.0,88.0,136.88778695697053,734.7864607290514,0.1395347682933426,100.0,1.0,5.344127842335046
72,2018,11,12,6.579760559640829E18,124.7882307974049,2.981970421233375E-4,0.0,37.01279485694754,0.0,746.0220330973006,344.55748663101605,432.2655314105802,0.0,0.0,4.811497326203209,0.0,0.0,88.0,136.88778695697053,734.8472896060568,0.1396019382997824,100.0,1.0,5.343923173153129
73,2018,11,12,7.068562221821375E18,124.813650079394,2.981970421233375E-4,0.0,37.07657977030775,0.0,745.0928722109836,344.42379679144386,433.11156030821525,0.0,0.0,4.78475935828877,0.0,0.0,88.0,136.88778695697053,734.2390008360031,0.13939967025104627,100.0,1.0,5.3450117268508475
70,2018,11,12,2.437423955906098E18,124.96824698723897,2.981970421233375E-4,0.0,37.10149813344231,0.0,745.1682832510168,344.55748663101605,433.9491773906802,0.0,0.0,4.811497326203209,0.0,0.0,88.0,136.88778695697053,734.8472896060568,0.13924131160337908,100.0,1.0,5.351632174893512
71,2018,11,12,7.896750180447142E18,124.84149010538913,2.981970421233375E-4,0.0,37.01642126848578,0.0,745.5298704022333,344.61764705882354,432.4899223268146,0.0,0.0,4.823529411764706,0.0,0.0,88.0,136.88778695697053,735.1210195525808,0.13945032361016121,100.0,1.0,5.346203946334259
60,2018,11,12,6.169833032112486E17,124.89408069680417,2.981970421233375E-4,0.0,37.04800426674458,0.0,745.4371898417949,344.5975935828877,433.073032167822,0.0,0.0,4.81951871657754,0.0,0.0,88.0,136.88778695697053,735.0297762370728,0.13937427518367468,100.0,1.0,5.348456082440027
61,2018,11,12,7.71864569677264E18,124.8960777041487,2.981970421233375E-4,0.0,37.09232147828903,0.0,745.1023778960041,344.49064171122996,433.5783406894289,0.0,0.0,4.798128342245989,0.0,0.0,88.0,136.88778695697053,734.54314522103,0.13930944794295147,100.0,1.0,5.348541602154152
64,2018,11,12,6.762618178035378E18,124.72774914765856,2.981970421233375E-4,0.0,36.91691841129818,0.0,745.3251722879834,344.71791443850265,430.9699152844717,0.0,0.0,4.843582887700535,0.0,0.0,88.0,136.88778695697053,735.5772361301209,0.13953916687405518,100.0,1.0,5.34133311087271
65,2018,11,12,7.829733253770707E18,124.85220328750519,2.981970421233375E-4,0.0,37.03914089559333,0.0,745.9070315120471,344.57085561497325,432.8030210842216,0.0,0.0,4.814171122994653,0.0,0.0,88.0,136.88778695697053,734.9081184830621,0.13950889921509024,100.0,1.0,5.346662726956451
62,2018,11,12,2.726585372660135E18,124.94061844177654,2.981970421233375E-4,0.0,37.10268534289379,0.0,745.1296521279537,344.51069518716577,433.9036756490598,0.0,0.0,4.802139037433155,0.0,0.0,88.0,136.88778695697053,734.634388536538,0.13926488234524195,100.0,1.0,5.350449011838851
63,2018,11,12,6.159904451017453E18,124.73230313225164,2.981970421233375E-4,0.0,36.99529420523628,0.0,745.4879509280308,344.524064171123,431.89452626933627,0.0,0.0,4.804812834224599,0.0,0.0,88.0,136.88778695697053,734.6952174135434,0.13956454646059327,100.0,1.0,5.34152813041615
76,2019,3,1,1.16541095806856E18,167.79149517364056,7.696643144082784E-4,0.0,37.75596975643014,0.0,301.60000000000383,255.43582887700535,591.366405724538,0.0,0.0,6.18716577540107,0.0,0.0,143.0,857.4712976807133,973.9979755786155,0.04207930165445871,100.0,1.0,7.167419328311177
77,2019,3,1,5.385574636355309E18,167.85745464567472,7.696643144082784E-4,0.0,37.73661871168974,0.0,301.60000000000383,255.59625668449198,591.2518098654456,0.0,0.0,6.219251336898396,0.0,0.0,143.0,857.4712976807133,974.7279221026797,0.04206276662164435,100.0,1.0,7.170236867985968
74,2019,3,1,1.9182794490910433E18,167.694327579751,7.696643144082784E-4,0.0,37.71778048623766,0.0,301.60000000000383,255.44919786096256,590.3990786347708,0.0,0.0,6.189839572192513,0.0,0.0,143.0,857.4712976807133,974.058804455621,0.04210368378206747,100.0,1.0,7.16326869546886
75,2019,3,1,4.5632002139719885E18,167.8561969229194,7.696643144082784E-4,0.0,37.7439531814041,0.0,301.60000000000383,255.56283422459893,591.3921484811149,0.0,0.0,6.212566844919786,0.0,0.0,143.0,857.4712976807133,974.5758499101663,0.04206308179200859,100.0,1.0,7.170183142817264
78,2019,3,1,4.573666521693659E18,167.79501449455742,7.696643144082784E-4,0.0,37.76427059679626,0.0,301.60000000000383,255.4157754010695,591.4904815718983,0.0,0.0,6.183155080213904,0.0,0.0,143.0,857.4712976807133,973.9067322631076,0.04207841908612404,100.0,1.0,7.167569660416753
79,2019,3,1,7.984133645203673E18,167.7147007074093,7.696643144082784E-4,0.0,37.6980709957485,0.0,301.60000000000383,255.5360962566845,590.1937563981553,0.0,0.0,6.207219251336898,0.0,0.0,143.0,857.4712976807133,974.4541921561556,0.04209856924099877,100.0,1.0,7.164138958582063
68,2019,3,1,3.7882275823108506E17,167.78879444167887,7.696643144082784E-4,0.0,37.74097552886685,0.0,301.60000000000383,255.48930481283423,591.0978944840883,0.0,0.0,6.197860962566845,0.0,0.0,143.0,857.4712976807133,974.241291086637,0.04207997896378245,100.0,1.0,7.167303963235962
69,2019,3,1,1.636161643110063E18,167.77945475971225,7.696643144082784E-4,0.0,37.66262060695721,0.0,301.60000000000383,255.7433155080214,589.8550138393069,0.0,0.0,6.248663101604278,0.0,0.0,143.0,857.4712976807133,975.3970397497385,0.042082321405658006,100.0,1.0,7.166905007275892
66,2019,3,1,1.6122102325533686E18,167.78395041493556,7.696643144082784E-4,0.0,37.79168655890512,0.0,301.60000000000383,255.30213903743316,591.9043077534138,0.0,0.0,6.160427807486631,0.0,0.0,143.0,857.4712976807133,973.3896868085621,0.042081193838881974,100.0,1.0,7.1670970446977424
67,2019,3,1,6.784439008112694E18,167.8780813802588,7.696643144082784E-4,0.0,37.73917541026335,0.0,301.60000000000383,255.61631016042782,591.3529979695838,0.0,0.0,6.223262032085562,0.0,0.0,143.0,857.4712976807133,974.8191654181877,0.04205759848107567,100.0,1.0,7.171117964229757
72,2019,3,1,6.579760559640829E18,167.8468319388387,7.696643144082784E-4,0.0,37.74154508975509,0.0,301.60000000000383,255.55614973262033,591.3351948888561,0.0,0.0,6.211229946524064,0.0,0.0,143.0,857.4712976807133,974.5454354716636,0.04206542869416242,100.0,1.0,7.169783106046367
73,2019,3,1,7.068562221821375E18,167.7018431613588,7.696643144082784E-4,0.0,37.74037311255701,0.0,301.60000000000383,255.37566844919786,590.8037519998107,0.0,0.0,6.175133689839572,0.0,0.0,143.0,857.4712976807133,973.7242456320917,0.04210179689957717,100.0,1.0,7.163589732746844
70,2019,3,1,2.437423955906098E18,167.7488258880497,7.696643144082784E-4,0.0,37.74683436407081,0.0,301.60000000000383,255.4157754010695,591.0595777327327,0.0,0.0,6.183155080213904,0.0,0.0,143.0,857.4712976807133,973.9067322631076,0.042090005119775106,100.0,1.0,7.165596657490151
71,2019,3,1,7.896750180447142E18,167.75842654364013,7.696643144082784E-4,0.0,37.705249365981636,0.0,301.60000000000383,255.57620320855614,590.4191978716434,0.0,0.0,6.21524064171123,0.0,0.0,143.0,857.4712976807133,974.6366787871716,0.04208759634871496,100.0,1.0,7.166006761258355
60,2019,3,1,6.169833032112486E17,167.90814884217903,7.696643144082784E-4,0.0,37.812250892420586,0.0,301.60000000000383,255.38903743315507,592.6675949548456,0.0,0.0,6.177807486631016,0.0,0.0,143.0,857.4712976807133,973.785074509097,0.04205006718941702,100.0,1.0,7.172402332710404
61,2019,3,1,7.71864569677264E18,167.73869297934326,7.696643144082784E-4,0.0,37.73123253087131,0.0,301.60000000000383,255.44919786096256,590.812973368897,0.0,0.0,6.189839572192513,0.0,0.0,143.0,857.4712976807133,974.0588044556208,0.04209254773037831,100.0,1.0,7.165163817877869
64,2019,3,1,6.762618178035378E18,167.78665634062034,7.696643144082784E-4,0.0,37.76006678750877,0.0,301.60000000000383,255.42245989304814,591.382092046201,0.0,0.0,6.184491978609626,0.0,0.0,143.0,857.4712976807133,973.9371467016101,0.04208051518787517,100.0,1.0,7.167212631629212
65,2019,3,1,7.829733253770707E18,167.84085774949946,7.696643144082784E-4,0.0,37.73117232931937,0.0,301.60000000000383,255.58957219251337,591.1273881480037,0.0,0.0,6.217914438502674,0.0,0.0,143.0,857.4712976807133,974.697507664177,0.042066925986532194,100.0,1.0,7.169527911227971
62,2019,3,1,2.726585372660135E18,167.77698278751927,7.696643144082784E-4,0.0,37.75651497938848,0.0,301.60000000000383,255.42245989304814,591.291845306044,0.0,0.0,6.184491978609626,0.0,0.0,143.0,857.4712976807133,973.9371467016101,0.04208294143306948,100.0,1.0,7.1667994139544975
63,2019,3,1,6.159904451017453E18,167.79091044116478,7.696643144082784E-4,0.0,37.860570569256716,0.0,301.60000000000383,255.07486631016042,593.0033303036527,0.0,0.0,6.114973262032086,0.0,0.0,143.0,857.4712976807133,972.3555958994713,0.04207944829609837,100.0,1.0,7.1673943507469495
76,2019,7,9,1.16541095806856E18,142.76127639397475,2.819317489166101E-4,0.0,41.532832557257265,0.0,375.13110974356977,231.86898395721926,552.1538770247827,0.0,0.0,5.67379679144385,0.0,0.0,101.0,593.131228733123,776.3498070619344,0.06166985861564788,100.0,1.0,6.0828923264044175
77,2019,7,9,5.385574636355309E18,142.6794096102243,2.819317489166101E-4,0.0,41.467132783104994,0.0,375.1712508109622,231.9692513368984,550.9358269405403,0.0,0.0,5.69385026737968,0.0,0.0,101.0,593.131228733123,776.8060236394745,0.06171184642656234,100.0,1.0,6.0794040777473635
74,2019,7,9,1.9182794490910433E18,142.51883525505775,2.819317489166101E-4,0.0,41.39727631490963,0.0,375.0373404927605,231.9826203208556,549.3807299552831,0.0,0.0,5.696524064171123,0.0,0.0,101.0,593.131228733123,776.8668525164798,0.06175932476420728,100.0,1.0,6.072562190804813
75,2019,7,9,4.5632002139719885E18,142.61248311519412,2.819317489166101E-4,0.0,41.4623039626611,0.0,375.15353633487234,231.9024064171123,550.6171687179087,0.0,0.0,5.68048128342246,0.0,0.0,101.0,593.131228733123,776.5018792544477,0.06173789191008753,100.0,1.0,6.076552417455883
78,2019,7,9,4.573666521693659E18,142.7495640581727,2.819317489166101E-4,0.0,41.52535254790485,0.0,375.1182472729535,231.88235294117646,551.9840558379889,0.0,0.0,5.676470588235294,0.0,0.0,101.0,593.131228733123,776.4106359389397,0.06167280380714589,100.0,1.0,6.082393277366926
79,2019,7,9,7.984133645203673E18,142.5765219395322,2.819317489166101E-4,0.0,41.37213717154594,0.0,375.0585710963757,232.1096256684492,549.3396746742688,0.0,0.0,5.721925133689839,0.0,0.0,101.0,593.131228733123,777.4447268480305,0.061737831582481986,100.0,1.0,6.075020153490424
68,2019,7,9,3.7882275823108506E17,142.77789960175488,2.819317489166101E-4,0.0,41.54246114295786,0.0,375.12521312581475,231.86898395721926,552.3085687824844,0.0,0.0,5.67379679144385,0.0,0.0,101.0,593.131228733123,776.3498070619344,0.06166170931230459,100.0,1.0,6.083600621998304
69,2019,7,9,1.636161643110063E18,142.5388439049475,2.819317489166101E-4,0.0,41.417963932698136,0.0,375.12836787552146,231.94251336898395,549.749412491543,0.0,0.0,5.688502673796791,0.0,0.0,101.0,593.131228733123,776.6843658854638,0.061765643245498915,100.0,1.0,6.073414736158493
66,2019,7,9,1.6122102325533686E18,142.72640438683737,2.819317489166101E-4,0.0,41.517826265961354,0.0,375.13512749499404,231.87566844919786,551.7989516886223,0.0,0.0,5.675133689839572,0.0,0.0,101.0,593.131228733123,776.380221500437,0.06168558692889853,100.0,1.0,6.081406470645907
67,2019,7,9,6.784439008112694E18,142.76797934329673,2.819317489166101E-4,0.0,41.5447645044727,0.0,375.15823634814325,231.84893048128342,552.3074964488085,0.0,0.0,5.669786096256685,0.0,0.0,101.0,593.131228733123,776.2585637464263,0.061671422500732584,100.0,1.0,6.083177931296896
72,2019,7,9,6.579760559640829E18,142.6215552000775,2.819317489166101E-4,0.0,41.461234915525964,0.0,375.1693917396712,231.9157754010695,550.6407625813981,0.0,0.0,5.683155080213904,0.0,0.0,101.0,593.131228733123,776.5627081314531,0.06173657390447792,100.0,1.0,6.076938968465484
73,2019,7,9,7.068562221821375E18,142.7381372415663,2.819317489166101E-4,0.0,41.50869164167417,0.0,375.0549987243458,231.92245989304814,551.6952338733156,0.0,0.0,5.684491978609626,0.0,0.0,101.0,593.131228733123,776.5931225699558,0.06166734152569898,100.0,1.0,6.081906393971062
70,2019,7,9,2.437423955906098E18,142.70341971341762,2.819317489166101E-4,0.0,41.53453181637154,0.0,375.0835999444973,231.79545454545453,551.9500348532347,0.0,0.0,5.659090909090909,0.0,0.0,101.0,593.131228733123,776.0152482384049,0.06168704805080714,100.0,1.0,6.080427120383004
71,2019,7,9,7.896750180447142E18,142.67242457678876,2.819317489166101E-4,0.0,41.508865833728144,0.0,375.078641061631,231.8355614973262,551.4791145920318,0.0,0.0,5.6671122994652405,0.0,0.0,101.0,593.131228733123,776.197734869421,0.06169963364284593,100.0,1.0,6.079106453578129
60,2019,7,9,6.169833032112486E17,142.53515500302967,2.819317489166101E-4,0.0,41.4339964465228,0.0,375.22607591619703,231.8957219251337,549.9279854861674,0.0,0.0,5.679144385026738,0.0,0.0,101.0,593.131228733123,776.4714648159451,0.06178333002281592,100.0,1.0,6.073257556328382
61,2019,7,9,7.71864569677264E18,142.71102814352602,2.819317489166101E-4,0.0,41.46582082388092,0.0,375.09906963277905,232.00935828877004,551.0475751261172,0.0,0.0,5.701871657754011,0.0,0.0,101.0,593.131228733123,776.9885102704905,0.061686303338160615,100.0,1.0,6.080751306761056
64,2019,7,9,6.762618178035378E18,142.7162677687284,2.819317489166101E-4,0.0,41.53105871354642,0.0,375.1130994294723,231.81550802139037,551.9783525926892,0.0,0.0,5.663101604278075,0.0,0.0,101.0,593.131228733123,776.106491553913,0.06168634577562648,100.0,1.0,6.080974561110848
65,2019,7,9,7.829733253770707E18,142.62004187113808,2.819317489166101E-4,0.0,41.482744633658534,0.0,375.1590620969963,231.85561497326202,550.9004098360178,0.0,0.0,5.671122994652406,0.0,0.0,101.0,593.131228733123,776.288978184929,0.06173552915771984,100.0,1.0,6.076874487275433
62,2019,7,9,2.726585372660135E18,142.6571248020358,2.819317489166101E-4,0.0,41.509684194818725,0.0,375.10080212381524,231.82219251336898,551.397567275447,0.0,0.0,5.6644385026737964,0.0,0.0,101.0,593.131228733123,776.1369059924156,0.06170989667950488,100.0,1.0,6.078454547929812
63,2019,7,9,6.159904451017453E18,142.64061764577352,2.819317489166101E-4,0.0,41.49065842639248,0.0,375.1373714544877,231.8422459893048,551.1527121510354,0.0,0.0,5.668449197860962,0.0,0.0,101.0,593.131228733123,776.2281493079237,0.061723055005937215,100.0,1.0,6.077751197156441
76,2019,11,13,1.16541095806856E18,131.34239190343143,2.9257068283799174E-4,0.0,39.18692786166792,0.0,639.2288497908163,354.1096256684492,478.12917220246436,0.0,0.0,5.221925133689839,0.0,0.0,88.0,98.98023240896231,741.0418781345741,0.11451024920229123,100.0,1.0,5.582285029015779
77,2019,11,13,5.385574636355309E18,131.2775109054093,2.9257068283799174E-4,0.0,39.19325257564366,0.0,639.0425279946303,354.01604278074865,477.95272374015985,0.0,0.0,5.2032085561497325,0.0,0.0,88.0,98.98023240896231,740.6160759955367,0.11453344952233956,100.0,1.0,5.57952747131733
74,2019,11,13,1.9182794490910433E18,131.46850010909262,2.9257068283799174E-4,0.0,39.303207016991195,0.0,638.6498065023189,353.96256684491976,479.9688751519845,0.0,0.0,5.192513368983957,0.0,0.0,88.0,98.98023240896231,740.3727604875153,0.11429677859594861,100.0,1.0,5.587644851829242
75,2019,11,13,4.5632002139719885E18,131.26217372208853,2.9257068283799174E-4,0.0,39.20415276692544,0.0,638.8772133682919,353.9692513368984,478.02325912235443,0.0,0.0,5.19385026737968,0.0,0.0,88.0,98.98023240896231,740.4031749260179,0.11451719980830187,100.0,1.0,5.578875613774629
78,2019,11,13,4.573666521693659E18,131.22390647360976,2.9257068283799174E-4,0.0,39.19561291117198,0.0,639.2027770878133,353.94919786096256,477.7592909875047,0.0,0.0,5.189839572192513,0.0,0.0,88.0,98.98023240896231,740.3119316105099,0.11460896861040856,100.0,1.0,5.577249187719871
79,2019,11,13,7.984133645203673E18,131.43928504735555,2.9257068283799174E-4,0.0,39.339532043492554,0.0,638.7717599056798,353.8288770053476,480.3059783818057,0.0,0.0,5.165775401069519,0.0,0.0,88.0,98.98023240896231,739.7644717174618,0.1143440137838344,100.0,1.0,5.586403159795212
68,2019,11,13,3.7882275823108506E17,131.35237780463336,2.9257068283799174E-4,0.0,39.23510266253307,0.0,639.2752412730165,354.00267379679144,478.7084962285896,0.0,0.0,5.2005347593582885,0.0,0.0,88.0,98.98023240896231,740.5552471185313,0.11450985355370914,100.0,1.0,5.5827094475601085
69,2019,11,13,1.636161643110063E18,131.31171405445758,2.9257068283799174E-4,0.0,39.22506343385455,0.0,638.6937771607345,353.9692513368984,478.483111712008,0.0,0.0,5.19385026737968,0.0,0.0,88.0,98.98023240896231,740.4031749260179,0.11444112749570076,100.0,1.0,5.58098116592506
66,2019,11,13,1.6122102325533686E18,131.38901236899025,2.9257068283799174E-4,0.0,39.27359028423161,0.0,639.1535282543123,353.94919786096256,479.2918679793709,0.0,0.0,5.189839572192513,0.0,0.0,88.0,98.98023240896231,740.3119316105099,0.11445612961986641,100.0,1.0,5.584266481638681
67,2019,11,13,6.784439008112694E18,131.29842676502872,2.9257068283799174E-4,0.0,39.102182333242304,0.0,639.2492747827994,354.2901069518717,476.899880887141,0.0,0.0,5.258021390374331,0.0,0.0,88.0,98.98023240896231,741.8630679741462,0.11455225295698769,100.0,1.0,5.58041643251509
72,2019,11,13,6.579760559640829E18,131.32640868806874,2.9257068283799174E-4,0.0,39.20241363528717,0.0,638.8970394233655,354.0561497326203,478.22412530304814,0.0,0.0,5.211229946524064,0.0,0.0,88.0,98.98023240896231,740.7985626265527,0.11446473867278864,100.0,1.0,5.58160571396341
73,2019,11,13,7.068562221821375E18,131.3393350486564,2.9257068283799174E-4,0.0,39.200183582354214,0.0,639.1817263555942,354.07620320855614,478.25286948271383,0.0,0.0,5.21524064171123,0.0,0.0,88.0,98.98023240896231,740.8898059420607,0.1145044725691539,100.0,1.0,5.582155107256325
70,2019,11,13,2.437423955906098E18,131.38518121073236,2.9257068283799174E-4,0.0,39.266208227467814,0.0,639.1045367708649,353.95588235294116,479.22589124319967,0.0,0.0,5.1911764705882355,0.0,0.0,88.0,98.98023240896231,740.3423460490126,0.11445069374770239,100.0,1.0,5.584103650605394
71,2019,11,13,7.896750180447142E18,131.37579467498048,2.9257068283799174E-4,0.0,39.21015720543571,0.0,639.0237146256159,354.096256684492,478.5000585672594,0.0,0.0,5.219251336898396,0.0,0.0,88.0,98.98023240896231,740.9810492575688,0.1144443963737742,100.0,1.0,5.583704706157663
60,2019,11,13,6.169833032112486E17,131.3441481539103,2.9257068283799174E-4,0.0,39.18361782050168,0.0,638.6912333506698,354.1229946524064,478.08464552393457,0.0,0.0,5.224598930481283,0.0,0.0,88.0,98.98023240896231,741.1027070115795,0.11441241173777854,100.0,1.0,5.582359672781693
61,2019,11,13,7.71864569677264E18,131.35164290945573,2.9257068283799174E-4,0.0,39.23561389058169,0.0,639.1100665476928,353.98930481283423,478.76250352337325,0.0,0.0,5.197860962566845,0.0,0.0,88.0,98.98023240896231,740.494418241526,0.11448090721680555,100.0,1.0,5.582678213209275
64,2019,11,13,6.762618178035378E18,131.51433449355983,2.9257068283799174E-4,0.0,39.319491701874135,0.0,639.1355689019498,353.98262032085563,480.30308437957797,0.0,0.0,5.196524064171123,0.0,0.0,88.0,98.98023240896231,740.4640038030233,0.1143438495347983,100.0,1.0,5.589592894609005
65,2019,11,13,7.829733253770707E18,131.4287674904513,2.9257068283799174E-4,0.0,39.23806767095128,0.0,638.8869660196539,354.08288770053474,479.05260167407863,0.0,0.0,5.216577540106952,0.0,0.0,88.0,98.98023240896231,740.9202203805634,0.11437378837972347,100.0,1.0,5.585956144938867
62,2019,11,13,2.726585372660135E18,131.33201091977708,2.9257068283799174E-4,0.0,39.17047815980702,0.0,638.9868342713087,354.14304812834223,477.8807396912317,0.0,0.0,5.228609625668449,0.0,0.0,88.0,98.98023240896231,741.1939503270875,0.11447594289957407,100.0,1.0,5.581843818765228
63,2019,11,13,6.159904451017453E18,131.26418964074435,2.9257068283799174E-4,0.0,39.165735632920736,0.0,638.9408196195765,354.07620320855614,477.5553406455699,0.0,0.0,5.21524064171123,0.0,0.0,88.0,98.98023240896231,740.8898059420607,0.11452684217728032,100.0,1.0,5.578961293899438
76,2020,3,1,1.16541095806856E18,178.9623047458335,0.025507774983230303,0.0,38.40000804376078,0.0,255.20000000000226,256.38101604278074,636.7061347269439,0.0,0.0,6.07620320855615,0.0,0.0,143.0,991.2450990929603,1020.3194076771912,0.03363598120469214,100.0,1.0,7.5871132893962505
77,2020,3,1,5.385574636355309E18,179.0351577423763,0.025507774983230303,0.0,38.48931555373174,0.0,255.20000000000226,256.153743315508,638.4147770522297,0.0,0.0,6.030748663101604,0.0,0.0,143.0,991.2450990929603,1019.2853167681003,0.0336222940493127,100.0,1.0,7.590201894781746
74,2020,3,1,1.9182794490910433E18,179.00604763848813,0.025507774983230303,0.0,38.44248574866977,0.0,255.20000000000226,256.28743315508024,637.536955624152,0.0,0.0,6.057486631016043,0.0,0.0,143.0,991.2450990929603,1019.8936055381538,0.03362776173314593,100.0,1.0,7.5889677708896945
75,2020,3,1,4.5632002139719885E18,178.9075018473436,0.025507774983230303,0.0,38.40012647333277,0.0,255.20000000000226,256.31417112299465,636.5028549215833,0.0,0.0,6.06283422459893,0.0,0.0,143.0,991.2450990929603,1020.0152632921646,0.03364628456952897,100.0,1.0,7.584789918561132
78,2020,3,1,4.573666521693659E18,179.03418234462345,0.025507774983230303,0.0,38.412990785112484,0.0,255.20000000000226,256.427807486631,637.1587537919071,0.0,0.0,6.0855614973262036,0.0,0.0,143.0,991.2450990929603,1020.53230874671,0.03362247722723787,100.0,1.0,7.590160542759248
79,2020,3,1,7.984133645203673E18,179.01891388725986,0.025507774983230303,0.0,38.40935660862459,0.0,255.20000000000226,256.4211229946524,637.0477964265515,0.0,0.0,6.084224598930481,0.0,0.0,143.0,991.2450990929603,1020.5018943082073,0.03362534487596196,100.0,1.0,7.589513235965033
68,2020,3,1,3.7882275823108506E17,178.9383518167466,0.025507774983230303,0.0,38.446014486275665,0.0,255.20000000000226,256.1938502673797,637.3359570193162,0.0,0.0,6.038770053475936,0.0,0.0,143.0,991.2450990929603,1019.4678033991165,0.033640483762497106,100.0,1.0,7.586097804113712
69,2020,3,1,1.636161643110063E18,178.96701715459187,0.025507774983230303,0.0,38.40895795885388,0.0,255.20000000000226,256.36096256684493,636.8410105922798,0.0,0.0,6.072192513368984,0.0,0.0,143.0,991.2450990929603,1020.2281643616832,0.03363509553036545,100.0,1.0,7.587313072133543
66,2020,3,1,1.6122102325533686E18,179.02356682395433,0.025507774983230303,0.0,38.47130363532039,0.0,255.20000000000226,256.2072192513369,638.0641403521179,0.0,0.0,6.041443850267379,0.0,0.0,143.0,991.2450990929603,1019.5286322761217,0.03362447093180022,100.0,1.0,7.5897104973820655
67,2020,3,1,6.784439008112694E18,178.98109361439646,0.025507774983230303,0.0,38.45885479804468,0.0,255.20000000000226,256.2005347593583,637.7012921244643,0.0,0.0,6.040106951871658,0.0,0.0,143.0,991.2450990929603,1019.4982178376192,0.03363245020587507,100.0,1.0,7.587909844148755
72,2020,3,1,6.579760559640829E18,178.98498890366062,0.025507774983230303,0.0,38.46889183256037,0.0,255.20000000000226,256.16711229946526,637.8894310954821,0.0,0.0,6.033422459893048,0.0,0.0,143.0,991.2450990929603,1019.3461456451058,0.03363171825554217,100.0,1.0,7.5880749850759655
73,2020,3,1,7.068562221821375E18,178.85681935575826,0.025507774983230303,0.0,38.42549113261109,0.0,255.20000000000226,256.16711229946526,636.7026995380495,0.0,0.0,6.033422459893048,0.0,0.0,143.0,991.2450990929603,1019.3461456451057,0.03365581888608852,100.0,1.0,7.582641232523629
70,2020,3,1,2.437423955906098E18,179.00784017727196,0.025507774983230303,0.0,38.423590452423014,0.0,255.20000000000226,256.36096256684493,637.2189940530685,0.0,0.0,6.072192513368984,0.0,0.0,143.0,991.2450990929603,1020.2281643616832,0.03362742499333023,100.0,1.0,7.589043765635325
71,2020,3,1,7.896750180447142E18,179.00244452959018,0.025507774983230303,0.0,38.429378519745214,0.0,255.20000000000226,256.33422459893046,637.2906930962836,0.0,0.0,6.066844919786096,0.0,0.0,143.0,991.2450990929603,1020.1065066076725,0.03362843862048027,100.0,1.0,7.588815016959524
60,2020,3,1,6.169833032112486E17,179.03086488810814,0.025507774983230303,0.0,38.49363171595078,0.0,255.20000000000226,256.1336898395722,638.466272504735,0.0,0.0,6.026737967914438,0.0,0.0,143.0,991.2450990929603,1019.1940734525924,0.03362310025448073,100.0,1.0,7.590019899072021
61,2020,3,1,7.71864569677264E18,178.94041016318437,0.025507774983230303,0.0,38.395911585547125,0.0,255.20000000000226,256.37433155080214,636.5338255654043,0.0,0.0,6.074866310160428,0.0,0.0,143.0,991.2450990929603,1020.2889932386886,0.033640096796971164,100.0,1.0,7.586185067784333
64,2020,3,1,6.762618178035378E18,178.96183354706335,0.025507774983230303,0.0,38.43801509087454,0.0,255.20000000000226,256.25401069518716,637.2796461933721,0.0,0.0,6.050802139037433,0.0,0.0,143.0,991.2450990929603,1019.7415333456404,0.03363606976677638,100.0,1.0,7.58709331290759
65,2020,3,1,7.829733253770707E18,178.98975599810092,0.025507774983230303,0.0,38.427061726268256,0.0,255.20000000000226,256.32754010695186,637.2036234601193,0.0,0.0,6.065508021390374,0.0,0.0,143.0,991.2450990929603,1020.0760921691699,0.03363082253066546,100.0,1.0,7.588277086214713
62,2020,3,1,2.726585372660135E18,178.9583230661355,0.025507774983230303,0.0,38.40693471509552,0.0,255.20000000000226,256.36096256684493,636.7605113683734,0.0,0.0,6.072192513368984,0.0,0.0,143.0,991.2450990929603,1020.2281643616832,0.033636729578398396,100.0,1.0,7.586944485943498
63,2020,3,1,6.159904451017453E18,178.91607056877115,0.025507774983230303,0.0,38.32123191219361,0.0,255.20000000000226,256.6216577540107,635.1831291915458,0.0,0.0,6.124331550802139,0.0,0.0,143.0,991.2450990929603,1021.4143274632875,0.03364467316794477,100.0,1.0,7.5851531898115185
76,2020,7,5,1.16541095806856E18,145.6371915997321,5.100738878425512E-5,0.0,42.99885298587242,0.0,389.51065745714504,223.7125668449198,578.7733875032275,0.0,0.0,4.942513368983957,0.0,0.0,101.30000000000143,628.0007888630038,766.307455246435,0.06324462060937455,100.0,1.0,6.158795067535104
77,2020,7,5,5.385574636355309E18,145.7729752240254,5.100738878425512E-5,0.0,43.107000503825375,0.0,389.57887079285973,223.55213903743316,580.7574089637143,0.0,0.0,4.910427807486631,0.0,0.0,101.30000000000143,628.0007888630038,765.5775087223708,0.0631967753814128,100.0,1.0,6.164537168892342
74,2020,7,5,1.9182794490910433E18,145.66444366027278,5.100738878425512E-5,0.0,42.9673421358637,0.0,389.5498255502243,223.83288770053477,578.4776231019435,0.0,0.0,4.966577540106952,0.0,0.0,101.30000000000143,628.0007888630038,766.8549151394831,0.06323914681449656,100.0,1.0,6.1599475194204585
75,2020,7,5,4.5632002139719885E18,145.81593901143418,5.100738878425512E-5,0.0,43.19132009482985,0.0,389.47656308845814,223.35828877005346,582.0362340642981,0.0,0.0,4.871657754010696,0.0,0.0,101.30000000000143,628.0007888630038,764.6954900057932,0.0631615635528698,100.0,1.0,6.166354047939998
78,2020,7,5,4.573666521693659E18,145.72513557368464,5.100738878425512E-5,0.0,42.974914316735656,0.0,389.5632829616233,223.87967914438502,578.8252624352147,0.0,0.0,4.975935828877005,0.0,0.0,101.30000000000143,628.0007888630038,767.067816209002,0.06321499259400624,100.0,1.0,6.162514096356312
79,2020,7,5,7.984133645203673E18,145.54560894054066,5.100738878425512E-5,0.0,42.98198764759436,0.0,389.5675779594109,223.6590909090909,578.1708608259324,0.0,0.0,4.931818181818182,0.0,0.0,101.30000000000143,628.0007888630038,766.0641397384136,0.06329366441925374,100.0,1.0,6.154922163756183
68,2020,7,5,3.7882275823108506E17,145.50397208409524,5.100738878425512E-5,0.0,42.97982681352252,0.0,389.5066440198368,223.61898395721926,577.9687963862904,0.0,0.0,4.92379679144385,0.0,0.0,101.30000000000143,628.0007888630038,765.8816531073975,0.06330187342347701,100.0,1.0,6.1531613987806395
69,2020,7,5,1.636161643110063E18,145.3784579060312,5.100738878425512E-5,0.0,42.92871728769302,0.0,389.5246663124874,223.61898395721926,576.8095683446552,0.0,0.0,4.92379679144385,0.0,0.0,101.30000000000143,628.0007888630038,765.8816531073975,0.06335945730742606,100.0,1.0,6.147853578077176
66,2020,7,5,1.6122102325533686E18,145.7281495868678,5.100738878425512E-5,0.0,43.03574798640785,0.0,389.56862553383166,223.7125668449198,579.6134603214937,0.0,0.0,4.942513368983957,0.0,0.0,101.30000000000143,628.0007888630038,766.307455246435,0.06321455208286679,100.0,1.0,6.162641554798226
67,2020,7,5,6.784439008112694E18,145.37191951256028,5.100738878425512E-5,0.0,42.91545369846396,0.0,389.530248019528,223.6524064171123,576.5971086391493,0.0,0.0,4.93048128342246,0.0,0.0,101.30000000000143,628.0007888630038,766.0337252999109,0.063363214978367,100.0,1.0,6.147577078475558
72,2020,7,5,6.579760559640829E18,145.7126940626745,5.100738878425512E-5,0.0,43.04949268696206,0.0,389.54148365390483,223.6524064171123,579.7444456210017,0.0,0.0,4.93048128342246,0.0,0.0,101.30000000000143,628.0007888630038,766.0337252999109,0.0632168524265746,100.0,1.0,6.161987962092091
73,2020,7,5,7.068562221821375E18,145.3730686605824,5.100738878425512E-5,0.0,42.95601602461158,0.0,389.4408648423408,223.53877005347593,577.1247674334119,0.0,0.0,4.907754010695188,0.0,0.0,101.30000000000143,628.0007888630038,765.5166798453655,0.06334817464033421,100.0,1.0,6.147625674353388
70,2020,7,5,2.437423955906098E18,145.69455671425155,5.100738878425512E-5,0.0,42.99688923937332,0.0,389.55543041866946,223.7860962566845,578.968643322061,0.0,0.0,4.957219251336898,0.0,0.0,101.30000000000143,628.0007888630038,766.6420140699645,0.06322698585661597,100.0,1.0,6.161220958754702
71,2020,7,5,7.896750180447142E18,145.75941108960333,5.100738878425512E-5,0.0,43.171601448680875,0.0,389.5558373280295,223.35160427807486,581.5445660326586,0.0,0.0,4.870320855614973,0.0,0.0,101.30000000000143,628.0007888630038,764.6650755672906,0.06319891957639409,100.0,1.0,6.163963560439338
60,2020,7,5,6.169833032112486E17,145.52561755620135,5.100738878425512E-5,0.0,42.98694811959451,0.0,389.5694635148079,223.62566844919786,578.1382959226613,0.0,0.0,4.925133689839572,0.0,0.0,101.30000000000143,628.0007888630038,765.9120675459002,0.06330266569183073,100.0,1.0,6.154076755808441
61,2020,7,5,7.71864569677264E18,145.57517111794115,5.100738878425512E-5,0.0,42.9813087982374,0.0,389.4996540098395,223.69919786096256,578.261405541198,0.0,0.0,4.939839572192513,0.0,0.0,101.30000000000143,628.0007888630038,766.2466263694296,0.06326977780479581,100.0,1.0,6.156172307283109
64,2020,7,5,6.762618178035378E18,145.46622871332391,5.100738878425512E-5,0.0,42.949723316494115,0.0,389.5166820108361,223.6590909090909,577.4377182697647,0.0,0.0,4.931818181818182,0.0,0.0,101.30000000000143,628.0007888630038,766.0641397384136,0.06331992981184895,100.0,1.0,6.151565283920237
65,2020,7,5,7.829733253770707E18,145.6352030026685,5.100738878425512E-5,0.0,43.066507870087186,0.0,389.5470584350857,223.51871657754012,579.6370398685691,0.0,0.0,4.903743315508021,0.0,0.0,101.30000000000143,628.0007888630038,765.4254365298574,0.06325139467872676,100.0,1.0,6.158710972520287
62,2020,7,5,2.726585372660135E18,145.6356833270856,5.100738878425512E-5,0.0,43.04997650512654,0.0,389.5185071805562,223.57219251336898,579.3981605568578,0.0,0.0,4.9144385026737964,0.0,0.0,101.30000000000143,628.0007888630038,765.6687520378788,0.06324655016911032,100.0,1.0,6.158731284774444
63,2020,7,5,6.159904451017453E18,145.61077928429802,5.100738878425512E-5,0.0,43.01012932780667,0.0,389.48887334263503,223.6524064171123,578.8031777039178,0.0,0.0,4.93048128342246,0.0,0.0,101.30000000000143,628.0007888630038,766.0337252999109,0.06325255482507323,100.0,1.0,6.157678127306917
76,2020,11,10,1.16541095806856E18,130.4825751620737,1.1862997465924499E-4,1.0,37.190858449997286,2.0,531.8046010002851,338.6016042780749,447.3793654097788,0.0,0.0,5.120320855614973,0.0,0.0,88.0,202.5000696819068,754.7123238539186,0.09662002149736582,100.0,1.0,5.504082826298934
77,2020,11,10,5.385574636355309E18,130.53212360653274,1.1862997465924499E-4,1.0,37.214163101128804,2.0,532.0299693569772,338.6016042780749,447.8358384156679,0.0,0.0,5.120320855614973,0.0,0.0,88.0,202.5000696819068,754.7123238539186,0.09662427581134683,100.0,1.0,5.506172904164727
74,2020,11,10,1.9182794490910433E18,130.4749281610927,1.1862997465924499E-4,1.0,37.20067257238945,2.0,531.8391049943746,338.5614973262032,447.49140281556095,0.0,0.0,5.112299465240642,0.0,0.0,88.0,202.5000696819068,754.5298372229026,0.09663195346452912,100.0,1.0,5.503760256586325
75,2020,11,10,4.5632002139719885E18,130.45790857568906,1.1862997465924499E-4,1.0,37.14130737157545,2.0,532.1013765967434,338.6951871657754,446.72631838031515,0.0,0.0,5.13903743315508,0.0,0.0,88.0,202.5000696819068,755.1381259929561,0.09669221948680701,100.0,1.0,5.503042327716399
78,2020,11,10,4.573666521693659E18,130.35163657154683,1.1862997465924499E-4,1.0,37.09352241879544,2.0,531.9548993892769,338.6885026737968,445.77768490516286,0.0,0.0,5.137700534759358,0.0,0.0,88.0,202.5000696819068,755.1077115544534,0.09674441072323087,100.0,1.0,5.498559507598929
79,2020,11,10,7.984133645203673E18,130.5743330992588,1.1862997465924499E-4,1.0,37.24841216624697,2.0,531.6461344292707,338.5614973262032,448.4071867805307,0.0,0.0,5.112299465240642,0.0,0.0,88.0,202.5000696819068,754.5298372229026,0.0965233536273818,100.0,1.0,5.507953406609081
68,2020,11,10,3.7882275823108506E17,130.522976724274,1.1862997465924499E-4,1.0,37.251548214662215,2.0,531.5769016356082,338.4946524064171,448.23820230920677,0.0,0.0,5.098930481283422,0.0,0.0,88.0,202.5000696819068,754.2256928378758,0.09654875775128142,100.0,1.0,5.505787065691718
69,2020,11,10,1.636161643110063E18,130.56158044805704,1.1862997465924499E-4,1.0,37.20896273151066,2.0,531.3599747219192,338.6550802139037,447.8638987932352,0.0,0.0,5.1310160427807485,0.0,0.0,88.0,202.5000696819068,754.95563936194,0.09648082259892314,100.0,1.0,5.507415467743431
66,2020,11,10,1.6122102325533686E18,130.6135643602566,1.1862997465924499E-4,1.0,37.2991674297932,2.0,531.9534598686575,338.4812834224599,449.13358433807434,0.0,0.0,5.096256684491979,0.0,0.0,88.0,202.5000696819068,754.1648639608705,0.09655014165401182,100.0,1.0,5.509608279757029
67,2020,11,10,6.784439008112694E18,130.5344529790273,1.1862997465924499E-4,1.0,37.20585949406334,2.0,531.3556231167686,338.6216577540107,447.7660548185428,0.0,0.0,5.124331550802139,0.0,0.0,88.0,202.5000696819068,754.8035671694266,0.09650008279509344,100.0,1.0,5.50627116294853
72,2020,11,10,6.579760559640829E18,130.45083426707532,1.1862997465924499E-4,1.0,37.18162700628621,2.0,531.9407020873681,338.5882352941176,447.1477761915731,0.0,0.0,5.117647058823529,0.0,0.0,88.0,202.5000696819068,754.6514949769133,0.0966682640961553,100.0,1.0,5.502743915606575
73,2020,11,10,7.068562221821375E18,130.5565584358609,1.1862997465924499E-4,1.0,37.22909351561658,2.0,531.3618220440642,338.5949197860963,448.09136264547806,0.0,0.0,5.1189839572192515,0.0,0.0,88.0,202.5000696819068,754.6819094154159,0.0964848692851142,100.0,1.0,5.507203626652406
70,2020,11,10,2.437423955906098E18,130.52108613418852,1.1862997465924499E-4,1.0,37.19131829356606,2.0,531.8998368900719,338.6483957219251,447.52125285870784,0.0,0.0,5.129679144385027,0.0,0.0,88.0,202.5000696819068,754.9252249234373,0.09660881088949337,100.0,1.0,5.505707315852268
71,2020,11,10,7.896750180447142E18,130.55329231301914,1.1862997465924499E-4,1.0,37.27938889137342,2.0,532.007505616733,338.46122994652404,448.66956173406027,0.0,0.0,5.092245989304812,0.0,0.0,88.0,202.5000696819068,754.0736206453626,0.09660452948636346,100.0,1.0,5.507065853385585
60,2020,11,10,6.169833032112486E17,130.50876041699985,1.1862997465924499E-4,1.0,37.186636224445955,2.0,531.6193633354804,338.6350267379679,447.46852908565035,0.0,0.0,5.127005347593583,0.0,0.0,88.0,202.5000696819068,754.864396046432,0.09656698783302063,100.0,1.0,5.505187386135862
61,2020,11,10,7.71864569677264E18,130.54843185687417,1.1862997465924499E-4,1.0,37.22630484801819,2.0,531.699440223409,338.5882352941176,448.04690966930957,0.0,0.0,5.117647058823529,0.0,0.0,88.0,202.5000696819068,754.6514949769133,0.09655218406891579,100.0,1.0,5.506860827134675
64,2020,11,10,6.762618178035378E18,130.48570924908097,1.1862997465924499E-4,1.0,37.157409424535594,2.0,531.5100530949082,338.6951871657754,446.9824365508756,0.0,0.0,5.13903743315508,0.0,0.0,88.0,202.5000696819068,755.1381259929561,0.09656418766374467,100.0,1.0,5.504215029962555
65,2020,11,10,7.829733253770707E18,130.51283779185476,1.1862997465924499E-4,1.0,37.22904615083133,2.0,531.8034178604728,338.5347593582888,447.96230913418094,0.0,0.0,5.106951871657754,0.0,0.0,88.0,202.5000696819068,754.408179468892,0.09659740284849118,100.0,1.0,5.505359380050655
62,2020,11,10,2.726585372660135E18,130.50799162943454,1.1862997465924499E-4,1.0,37.195128658533314,2.0,531.7999492002923,338.6216577540107,447.52227538368396,0.0,0.0,5.124331550802139,0.0,0.0,88.0,202.5000696819068,754.8035671694266,0.09660035973169587,100.0,1.0,5.505154956744966
63,2020,11,10,6.159904451017453E18,130.5174587793382,1.1862997465924499E-4,1.0,37.123470106451606,2.0,531.7628735001833,338.822192513369,446.69705986824613,0.0,0.0,5.1644385026737964,0.0,0.0,88.0,202.5000696819068,755.7160003245067,0.0965866185400743,100.0,1.0,5.5055543049118345
76,2021,3,5,1.16541095806856E18,177.89596255845265,0.0013706548367504576,0.0,39.90483891528799,0.0,316.1000000000039,265.58957219251334,652.6620112738497,0.0,0.0,6.717914438502674,0.0,0.0,143.0,817.2587480493416,982.1231152932045,0.04222954985220146,100.0,1.0,7.485279883548779
77,2021,3,5,5.385574636355309E18,177.9095792462561,0.0013706548367504576,0.0,39.88316864537589,0.0,316.1000000000039,265.6898395721925,652.3309260279797,0.0,0.0,6.737967914438503,0.0,0.0,143.0,817.2587480493416,982.5793318707443,0.04222631772384248,100.0,1.0,7.485852829206621
74,2021,3,5,1.9182794490910433E18,177.95308175915116,0.0013706548367504576,0.0,39.894553358999325,0.0,316.1000000000039,265.6965240641711,652.7002804208041,0.0,0.0,6.739304812834225,0.0,0.0,143.0,817.2587480493416,982.6097463092473,0.0422159950538828,100.0,1.0,7.487683272573501
75,2021,3,5,4.5632002139719885E18,177.93613340089803,0.0013706548367504576,0.0,39.91954029606442,0.0,316.1000000000039,265.58957219251334,653.0311635289506,0.0,0.0,6.717914438502674,0.0,0.0,143.0,817.2587480493416,982.1231152932045,0.04222001611354342,100.0,1.0,7.486970141127085
78,2021,3,5,4.573666521693659E18,177.9174221827012,0.0013706548367504576,0.0,39.87902420395978,0.0,316.1000000000039,265.7098930481283,652.3117558256868,0.0,0.0,6.741978609625669,0.0,0.0,143.0,817.2587480493416,982.6705751862524,0.04222445630789921,100.0,1.0,7.4861828343037535
79,2021,3,5,7.984133645203673E18,178.0217127028831,0.0013706548367504576,0.0,39.94989651940661,0.0,316.1000000000039,265.58288770053474,653.8480138596185,0.0,0.0,6.716577540106952,0.0,0.0,143.0,817.2587480493416,982.0927008547018,0.0421997199403748,100.0,1.0,7.490571038069226
68,2021,3,5,3.7882275823108506E17,177.96059067002898,0.0013706548367504576,0.0,39.87459970585356,0.0,316.1000000000039,265.7767379679144,652.4043107249198,0.0,0.0,6.755347593582887,0.0,0.0,143.0,817.2587480493416,982.9747195712791,0.042214213782291794,100.0,1.0,7.48799922296795
69,2021,3,5,1.636161643110063E18,177.95422791479908,0.0013706548367504576,0.0,39.94883750383262,0.0,316.1000000000039,265.50267379679144,653.5928318002899,0.0,0.0,6.7005347593582885,0.0,0.0,143.0,817.2587480493416,981.7277275926696,0.0422157231519351,100.0,1.0,7.487731499052017
66,2021,3,5,1.6122102325533686E18,177.99153396412578,0.0013706548367504576,0.0,39.92911013159054,0.0,316.1000000000039,265.6229946524064,653.388197982061,0.0,0.0,6.724598930481283,0.0,0.0,143.0,817.2587480493416,982.2751874857178,0.04220687496789404,100.0,1.0,7.489301215511811
67,2021,3,5,6.784439008112694E18,178.05631181936323,0.0013706548367504576,0.0,39.95200975324964,0.0,316.1000000000039,265.6163101604278,654.0138922276481,0.0,0.0,6.723262032085562,0.0,0.0,143.0,817.2587480493416,982.2447730472152,0.04219151987708734,100.0,1.0,7.492026855654143
72,2021,3,5,6.579760559640829E18,178.01928537597794,0.0013706548367504576,0.0,39.953912942805346,0.0,316.1000000000039,265.56283422459893,653.9169511156449,0.0,0.0,6.712566844919786,0.0,0.0,143.0,817.2587480493416,982.0014575391938,0.042200295341603855,100.0,1.0,7.490468904097254
73,2021,3,5,7.068562221821375E18,177.98669486074334,0.0013706548367504576,0.0,39.930558296928176,0.0,316.1000000000039,265.6096256684492,653.4045576416548,0.0,0.0,6.721925133689839,0.0,0.0,143.0,817.2587480493416,982.2143586087125,0.042208022488676854,100.0,1.0,7.489097601878981
70,2021,3,5,2.437423955906098E18,178.09208199681348,0.0013706548367504576,0.0,40.01802796238192,0.0,316.1000000000039,265.42914438502675,655.1942085980559,0.0,0.0,6.685828877005347,0.0,0.0,143.0,817.2587480493416,981.3931687691403,0.04218304561963597,100.0,1.0,7.493531947652
71,2021,3,5,7.896750180447142E18,178.05527507349333,0.0013706548367504576,0.0,39.975888249190945,0.0,316.1000000000039,265.5360962566845,654.3693382541901,0.0,0.0,6.707219251336898,0.0,0.0,143.0,817.2587480493416,981.8797997851831,0.042191765541721334,100.0,1.0,7.4919832327810125
60,2021,3,5,6.169833032112486E17,178.01953039955626,0.0013706548367504576,0.0,39.98512273666626,0.0,316.1000000000039,265.45588235294116,654.4058337898817,0.0,0.0,6.6911764705882355,0.0,0.0,143.0,817.2587480493416,981.514826523151,0.042200237257710736,100.0,1.0,7.49047921388752
61,2021,3,5,7.71864569677264E18,177.87999642685233,0.0013706548367504576,0.0,39.91736026107595,0.0,316.1000000000039,265.52941176470586,652.7890195405042,0.0,0.0,6.705882352941177,0.0,0.0,143.0,817.2587480493416,981.8493853466803,0.042233340287123236,100.0,1.0,7.484608080985284
64,2021,3,5,6.762618178035378E18,177.9695743543375,0.0013706548367504576,0.0,39.9398246607212,0.0,316.1000000000039,265.5494652406417,653.520957714983,0.0,0.0,6.709893048128342,0.0,0.0,143.0,817.2587480493416,981.9406286621883,0.042212082860917606,100.0,1.0,7.488377227001695
65,2021,3,5,7.829733253770707E18,178.00934189608066,0.0013706548367504576,0.0,39.966230707088215,0.0,316.1000000000039,265.50935828877004,654.0688904462189,0.0,0.0,6.701871657754011,0.0,0.0,143.0,817.2587480493416,981.7581420311724,0.04220265262119329,100.0,1.0,7.490050515006373
62,2021,3,5,2.726585372660135E18,178.0540155769937,0.0013706548367504576,0.0,39.980975344100436,0.0,316.1000000000039,265.50267379679144,654.5098362315547,0.0,0.0,6.7005347593582885,0.0,0.0,143.0,817.2587480493416,981.7277275926697,0.04219206399262024,100.0,1.0,7.49193023729042
63,2021,3,5,6.159904451017453E18,177.98542952457578,0.0013706548367504576,0.0,39.93998578193671,0.0,316.1000000000039,265.57620320855614,653.5450019550561,0.0,0.0,6.71524064171123,0.0,0.0,143.0,817.2587480493416,982.0622864161991,0.04220832255446069,100.0,1.0,7.489044360674258
76,2021,7,11,1.16541095806856E18,147.4822937824796,5.384113260560261E-5,0.0,42.438528173300426,0.0,460.32443850177214,236.45320855614975,574.09581133516,0.0,0.0,5.990641711229946,0.0,0.0,101.59999999999991,562.4625402898494,777.8039880319183,0.07436561305494237,100.0,1.0,6.190017396369447
77,2021,7,11,5.385574636355309E18,147.5892032976357,5.384113260560261E-5,0.0,42.484094703934105,0.0,460.3551601092462,236.44652406417111,575.1062142752196,0.0,0.0,5.989304812834225,0.0,0.0,101.59999999999991,562.4625402898494,777.7735735934157,0.07431670416649126,100.0,1.0,6.194504523208071
74,2021,7,11,1.9182794490910433E18,147.36324342689412,5.384113260560261E-5,0.0,42.387073887503846,0.0,460.3804990048989,236.47326203208556,572.9132902282446,0.0,0.0,5.994652406417113,0.0,0.0,101.59999999999991,562.4625402898494,777.8952313474264,0.07443475472407046,100.0,1.0,6.185020703185345
75,2021,7,11,4.5632002139719885E18,147.4926280216502,5.384113260560261E-5,0.0,42.44819082882452,0.0,460.37386345849825,236.4331550802139,574.2817836890042,0.0,0.0,5.9866310160427805,0.0,0.0,101.59999999999991,562.4625402898494,777.7127447164103,0.0743683866072462,100.0,1.0,6.19045113738747
78,2021,7,11,4.573666521693659E18,147.58560784930984,5.384113260560261E-5,0.0,42.48396379865468,0.0,460.3525876848228,236.4398395721925,575.1036709548891,0.0,0.0,5.987967914438503,0.0,0.0,101.59999999999991,562.4625402898494,777.743159154913,0.07431809936842927,100.0,1.0,6.194353617718903
79,2021,7,11,7.984133645203673E18,147.28803812346396,5.384113260560261E-5,0.0,42.35986605634063,0.0,460.45514221201813,236.45320855614975,572.3151624198628,0.0,0.0,5.990641711229946,0.0,0.0,101.59999999999991,562.4625402898494,777.8039880319182,0.07448483567206148,100.0,1.0,6.181864241995372
68,2021,7,11,3.7882275823108506E17,147.49631583946464,5.384113260560261E-5,0.0,42.43712858992273,0.0,460.38186868478925,236.47326203208556,574.1331015238325,0.0,0.0,5.994652406417113,0.0,0.0,101.59999999999991,562.4625402898494,777.8952313474264,0.07436782031573858,100.0,1.0,6.190605919740234
69,2021,7,11,1.636161643110063E18,147.45344930177598,5.384113260560261E-5,0.0,42.43131030242428,0.0,460.37952089932384,236.4331550802139,573.9226510624407,0.0,0.0,5.9866310160427805,0.0,0.0,101.59999999999991,562.4625402898494,777.7127447164103,0.07438906059904841,100.0,1.0,6.188806757229208
66,2021,7,11,1.6122102325533686E18,147.35418273243536,5.384113260560261E-5,0.0,42.391533952079946,0.0,460.42826270739624,236.44652406417111,572.9518929204798,0.0,0.0,5.989304812834225,0.0,0.0,101.59999999999991,562.4625402898494,777.7735735934157,0.07444705461489884,100.0,1.0,6.184640414440953
67,2021,7,11,6.784439008112694E18,147.55105143060183,5.384113260560261E-5,0.0,42.4624008440667,0.0,460.49468138773545,236.45989304812835,574.6956654415598,0.0,0.0,5.991978609625669,0.0,0.0,101.59999999999991,562.4625402898494,777.834402470421,0.07435844925084928,100.0,1.0,6.192903241355265
72,2021,7,11,6.579760559640829E18,147.4169919866504,5.384113260560261E-5,0.0,42.419479138853745,0.0,460.4588487853924,236.4331550802139,573.5884642543848,0.0,0.0,5.9866310160427805,0.0,0.0,101.59999999999991,562.4625402898494,777.7127447164103,0.07442027869665176,100.0,1.0,6.1872765978516675
73,2021,7,11,7.068562221821375E18,147.45097810517402,5.384113260560261E-5,0.0,42.43074370658867,0.0,460.4297663588079,236.4398395721925,573.8695843440952,0.0,0.0,5.987967914438503,0.0,0.0,101.59999999999991,562.4625402898494,777.743159154913,0.07439842621818017,100.0,1.0,6.18870303799916
70,2021,7,11,2.437423955906098E18,147.5982203850634,5.384113260560261E-5,0.0,42.50055346069826,0.0,460.5396937336614,236.39973262032086,575.4017706816712,0.0,0.0,5.979946524064171,0.0,0.0,101.59999999999991,562.4625402898494,777.5606725238969,0.07434195207453272,100.0,1.0,6.1948829817105135
71,2021,7,11,7.896750180447142E18,147.45260506084412,5.384113260560261E-5,0.0,42.429535417218,0.0,460.49353758378356,236.44652406417111,573.8540834317369,0.0,0.0,5.989304812834225,0.0,0.0,101.59999999999991,562.4625402898494,777.7735735934157,0.07440790966770376,100.0,1.0,6.188771323375283
60,2021,7,11,6.169833032112486E17,147.6066579560935,5.384113260560261E-5,0.0,42.49913421333716,0.0,460.4506226031827,236.41310160427807,575.4182849913616,0.0,0.0,5.982620320855615,0.0,0.0,101.59999999999991,562.4625402898494,777.6215014009023,0.07432332514380335,100.0,1.0,6.195237117180735
61,2021,7,11,7.71864569677264E18,147.365170434258,5.384113260560261E-5,0.0,42.39057215801786,0.0,460.3143229340945,236.45320855614975,573.0221975005692,0.0,0.0,5.990641711229946,0.0,0.0,101.59999999999991,562.4625402898494,777.8039880319182,0.07442308211487345,100.0,1.0,6.185101582108499
64,2021,7,11,6.762618178035378E18,147.5005234883306,5.384113260560261E-5,0.0,42.43969905364941,0.0,460.3869725145648,236.47326203208556,574.1716710328365,0.0,0.0,5.994652406417113,0.0,0.0,101.59999999999991,562.4625402898494,777.8952313474264,0.07436652329863881,100.0,1.0,6.190782520056193
65,2021,7,11,7.829733253770707E18,147.28878590398477,5.384113260560261E-5,0.0,42.36044816740941,0.0,460.44860995789713,236.45989304812835,572.2916025285083,0.0,0.0,5.991978609625669,0.0,0.0,101.59999999999991,562.4625402898494,777.834402470421,0.07448340083997106,100.0,1.0,6.181895627284519
62,2021,7,11,2.726585372660135E18,147.5057247393428,5.384113260560261E-5,0.0,42.4463016838723,0.0,460.48812349172067,236.44652406417111,574.3410061725135,0.0,0.0,5.989304812834225,0.0,0.0,101.59999999999991,562.4625402898494,777.7735735934154,0.07438023942320145,100.0,1.0,6.191000823104107
63,2021,7,11,6.159904451017453E18,147.48460997670082,5.384113260560261E-5,0.0,42.43649568328545,0.0,460.4220626047391,236.45989304812835,574.0866283436505,0.0,0.0,5.991978609625669,0.0,0.0,101.59999999999991,562.4625402898494,777.8344024704209,0.07438021613756796,100.0,1.0,6.190114609954583
76,2021,11,13,1.16541095806856E18,121.97513652951602,4.356596365352312E-4,1.0,32.81579833953076,2.0,743.4335787387492,353.98930481283423,366.24320676354245,0.0,0.0,5.197860962566845,0.0,0.0,88.0,123.40588979603078,749.0433983270005,0.14558221434333518,100.0,1.0,5.106623649681999
77,2021,11,13,5.385574636355309E18,122.10862662558303,4.356596365352312E-4,1.0,32.900794309091424,2.0,743.7687696278267,353.96256684491976,367.5854388107406,0.0,0.0,5.192513368983957,0.0,0.0,88.0,123.40588979603078,748.9217405729897,0.1454886294384394,100.0,1.0,5.112212359815634
74,2021,11,13,1.9182794490910433E18,122.1523591358117,4.356596365352312E-4,1.0,32.799144583047216,2.0,743.0571182795514,354.2700534759358,366.586245336651,0.0,0.0,5.254010695187166,0.0,0.0,88.0,123.40588979603078,750.3208047441128,0.1452973858661903,100.0,1.0,5.1140432696005975
75,2021,11,13,4.5632002139719885E18,121.84013983694894,4.356596365352312E-4,1.0,32.77760158800916,2.0,743.4906914595857,353.89572192513367,365.43465895852256,0.0,0.0,5.179144385026738,0.0,0.0,88.0,123.40588979603078,748.6175961879629,0.14575471326829423,100.0,1.0,5.100971864223865
78,2021,11,13,4.573666521693659E18,122.06261048543081,4.356596365352312E-4,1.0,32.789562755406706,2.0,743.7364032275491,354.1697860962567,366.22184001990433,0.0,0.0,5.233957219251337,0.0,0.0,88.0,123.40588979603078,749.8645881665727,0.14553714332753842,100.0,1.0,5.110285843344706
79,2021,11,13,7.984133645203673E18,122.0421221644688,4.356596365352312E-4,1.0,32.776240187792816,2.0,742.8482963542501,354.1764705882353,366.004089452252,0.0,0.0,5.235294117647059,0.0,0.0,88.0,123.40588979603078,749.8950026050754,0.14538775869479123,100.0,1.0,5.109428077185592
68,2021,11,13,3.7882275823108506E17,121.93699571218757,4.356596365352312E-4,1.0,32.74824709052957,2.0,743.4890168527043,354.1029411764706,365.3774185743399,0.0,0.0,5.220588235294118,0.0,0.0,88.0,123.40588979603078,749.560443781546,0.14563861069129178,100.0,1.0,5.1050268422888765
69,2021,11,13,1.636161643110063E18,122.00057430528362,4.356596365352312E-4,1.0,32.779985700124065,2.0,743.3591434454981,354.1096256684492,365.928338621437,0.0,0.0,5.221925133689839,0.0,0.0,88.0,123.40588979603078,749.5908582200486,0.14553728648343991,100.0,1.0,5.107688630226605
66,2021,11,13,1.6122102325533686E18,121.89792522098818,4.356596365352312E-4,1.0,32.67569902950113,2.0,743.0317351217726,354.2232620320856,364.4727154206662,0.0,0.0,5.244652406417113,0.0,0.0,88.0,123.40588979603078,750.1079036745941,0.14559568699689082,100.0,1.0,5.103391113073562
67,2021,11,13,6.784439008112694E18,121.91439302284661,4.356596365352312E-4,1.0,32.65777100540381,2.0,743.6594521423376,354.2967914438503,364.288730880967,0.0,0.0,5.259358288770054,0.0,0.0,88.0,123.40588979603078,750.4424624981235,0.14569900377108472,100.0,1.0,5.104080555765087
72,2021,11,13,6.579760559640829E18,121.99492622374817,4.356596365352312E-4,1.0,32.72259165085878,2.0,743.2311441516048,354.2433155080214,365.26840629630976,0.0,0.0,5.248663101604278,0.0,0.0,88.0,123.40588979603078,750.1991469901021,0.14551896324054803,100.0,1.0,5.107452167062359
73,2021,11,13,7.068562221821375E18,122.11614544730935,4.356596365352312E-4,1.0,32.845487089226,2.0,743.3491649447119,354.1096256684492,366.9850699381926,0.0,0.0,5.221925133689839,0.0,0.0,88.0,123.40588979603078,749.5908582200486,0.1453975977179731,100.0,1.0,5.112527143581713
70,2021,11,13,2.437423955906098E18,121.96795364752035,4.356596365352312E-4,1.0,32.77516048645159,2.0,743.7962027015114,354.07620320855614,365.7821419725477,0.0,0.0,5.21524064171123,0.0,0.0,88.0,123.40588979603078,749.4387860275353,0.14566180260024403,100.0,1.0,5.106322930403344
71,2021,11,13,7.896750180447142E18,121.99955843073654,4.356596365352312E-4,1.0,32.794000867228526,2.0,743.345542499829,354.06951871657753,366.10153654569814,0.0,0.0,5.213903743315508,0.0,0.0,88.0,123.40588979603078,749.4083715890326,0.1455358354937657,100.0,1.0,5.107646099518024
60,2021,11,13,6.169833032112486E17,121.837289547991,4.356596365352312E-4,1.0,32.72106811180168,2.0,743.8240067496486,354.0360962566845,364.7698939706075,0.0,0.0,5.207219251336898,0.0,0.0,88.0,123.40588979603078,749.2562993965192,0.1458234681027706,100.0,1.0,5.100852533732299
61,2021,11,13,7.71864569677264E18,122.04983561501089,4.356596365352312E-4,1.0,32.78493789827661,2.0,743.0802385049765,354.1697860962567,366.1050322649252,0.0,0.0,5.233957219251337,0.0,0.0,88.0,123.40588979603078,749.8645881665727,0.1454239623716064,100.0,1.0,5.109751009301757
64,2021,11,13,6.762618178035378E18,121.89501246834809,4.356596365352312E-4,1.0,32.65269290085789,2.0,743.4909309594877,354.2767379679144,364.20276699305145,0.0,0.0,5.255347593582887,0.0,0.0,88.0,123.40588979603078,750.3512191826155,0.14568914681173498,100.0,1.0,5.103269167471032
65,2021,11,13,7.829733253770707E18,121.974261572079,4.356596365352312E-4,1.0,32.76930733768063,2.0,742.8376945979343,354.1029411764706,365.7181610858586,0.0,0.0,5.220588235294118,0.0,0.0,88.0,123.40588979603078,749.560443781546,0.1454665693326701,100.0,1.0,5.106587018623678
62,2021,11,13,2.726585372660135E18,121.88064767616257,4.356596365352312E-4,1.0,32.74644803691477,2.0,743.5219126053657,354.02941176470586,365.1967559224923,0.0,0.0,5.205882352941177,0.0,0.0,88.0,123.40588979603078,749.2258849580165,0.14571238931821232,100.0,1.0,5.102667769599425
63,2021,11,13,6.159904451017453E18,121.96345680953759,4.356596365352312E-4,1.0,32.816802728997516,2.0,743.4602262705127,353.9692513368984,366.22765589448295,0.0,0.0,5.19385026737968,0.0,0.0,88.0,123.40588979603078,748.9521550114926,0.14560137462098421,100.0,1.0,5.106134665320423
76,2022,3,5,1.16541095806856E18,178.52041341785377,2.589014691639753E-4,0.0,40.07240748098016,0.0,316.1000000000039,260.15909090909093,652.8108103793306,0.0,0.0,5.931818181818182,0.0,0.0,143.0,854.9692259305165,975.4130927120589,0.04239972148113499,100.0,1.0,7.455237651517289
77,2022,3,5,5.385574636355309E18,178.40980218174923,2.589014691639753E-4,0.0,40.04342178104296,0.0,316.1000000000039,260.12566844919786,651.9540351513836,0.0,0.0,5.925133689839572,0.0,0.0,143.0,854.9692259305165,975.2610205195455,0.04242600863322066,100.0,1.0,7.450618386771587
74,2022,3,5,1.9182794490910433E18,178.5636035686901,2.589014691639753E-4,0.0,40.079712421750926,0.0,316.1000000000039,260.18582887700535,653.0830752844907,0.0,0.0,5.93716577540107,0.0,0.0,143.0,854.9692259305165,975.5347504660696,0.04238946602969022,100.0,1.0,7.457041326696654
75,2022,3,5,4.5632002139719885E18,178.34399492950413,2.589014691639753E-4,0.0,39.98657490115299,0.0,316.1000000000039,260.25267379679144,650.775955280026,0.0,0.0,5.9505347593582885,0.0,0.0,143.0,854.9692259305165,975.8388948510963,0.04244166343030523,100.0,1.0,7.447870192908002
78,2022,3,5,4.573666521693659E18,178.42637199942553,2.589014691639753E-4,0.0,40.01516223388443,0.0,316.1000000000039,260.25267379679144,651.5272884846969,0.0,0.0,5.9505347593582885,0.0,0.0,143.0,854.9692259305165,975.8388948510963,0.042422068681856266,100.0,1.0,7.451310363259077
79,2022,3,5,7.984133645203673E18,178.38401307291062,2.589014691639753E-4,0.0,40.05823627750439,0.0,316.1000000000039,260.05213903743316,652.0533802946047,0.0,0.0,5.910427807486631,0.0,0.0,143.0,854.9692259305165,974.9264616960161,0.04243214219269927,100.0,1.0,7.449541401055895
68,2022,3,5,3.7882275823108506E17,178.4649157497902,2.589014691639753E-4,0.0,40.07924086676354,0.0,316.1000000000039,260.072192513369,652.7000227468768,0.0,0.0,5.9144385026737964,0.0,0.0,143.0,854.9692259305165,975.0177050115241,0.04241290662544675,100.0,1.0,7.452919998893717
69,2022,3,5,1.636161643110063E18,178.53450591381375,2.589014691639753E-4,0.0,40.1228079510478,0.0,316.1000000000039,259.9919786096257,653.6997041989364,0.0,0.0,5.898395721925134,0.0,0.0,143.0,854.9692259305165,974.652731749492,0.042396374688868615,100.0,1.0,7.455826171924969
66,2022,3,5,1.6122102325533686E18,178.4140411777766,2.589014691639753E-4,0.0,40.12799223588826,0.0,316.1000000000039,259.831550802139,653.3309328848537,0.0,0.0,5.866310160427807,0.0,0.0,143.0,854.9692259305165,973.9227852254278,0.04242500062016926,100.0,1.0,7.450795412592803
67,2022,3,5,6.784439008112694E18,178.35518039592714,2.589014691639753E-4,0.0,40.06685572267665,0.0,316.1000000000039,259.9852941176471,652.094551650631,0.0,0.0,5.897058823529412,0.0,0.0,143.0,854.9692259305165,974.6223173109893,0.04243900172011448,100.0,1.0,7.448337312095267
72,2022,3,5,6.579760559640829E18,178.39188232580793,2.589014691639753E-4,0.0,40.10315665598649,0.0,316.1000000000039,259.8917112299465,652.8550995947994,0.0,0.0,5.878342245989304,0.0,0.0,143.0,854.9692259305165,974.1965151719519,0.042430270418863256,100.0,1.0,7.449870030983237
73,2022,3,5,7.068562221821375E18,178.44027582121532,2.589014691639753E-4,0.0,40.0835309725269,0.0,316.1000000000039,260.0254010695187,652.688191417965,0.0,0.0,5.9050802139037435,0.0,0.0,143.0,854.9692259305165,974.8048039420054,0.04241876321239211,100.0,1.0,7.4518910043954145
70,2022,3,5,2.437423955906098E18,178.48938523023077,2.589014691639753E-4,0.0,40.06328046292557,0.0,316.1000000000039,260.1524064171123,652.5582272838813,0.0,0.0,5.93048128342246,0.0,0.0,143.0,854.9692259305165,975.3826782735562,0.04240709215201041,100.0,1.0,7.453941875262919
71,2022,3,5,7.896750180447142E18,178.4908694920876,2.589014691639753E-4,0.0,40.13177242005321,0.0,316.1000000000039,259.9050802139037,653.6970989554729,0.0,0.0,5.8810160427807485,0.0,0.0,143.0,854.9692259305165,974.2573440489573,0.042406739510838766,100.0,1.0,7.454003859910327
60,2022,3,5,6.169833032112486E17,178.65969291912202,2.589014691639753E-4,0.0,40.11734938355022,0.0,316.1000000000039,260.16577540106954,654.0507168460625,0.0,0.0,5.933155080213904,0.0,0.0,143.0,854.9692259305165,975.4435071505616,0.042366667511516395,100.0,1.0,7.461054139178624
61,2022,3,5,7.71864569677264E18,178.4132713693247,2.589014691639753E-4,0.0,40.03598505057597,0.0,316.1000000000039,260.16577540106954,651.8031897989579,0.0,0.0,5.933155080213904,0.0,0.0,143.0,854.9692259305165,975.4435071505616,0.04242518367339054,100.0,1.0,7.4507632644208135
64,2022,3,5,6.762618178035378E18,178.35963086866147,2.589014691639753E-4,0.0,40.07904210671517,0.0,316.1000000000039,259.9451871657754,652.3176295280372,0.0,0.0,5.88903743315508,0.0,0.0,143.0,854.9692259305165,974.4398306799733,0.042437942771858486,100.0,1.0,7.448523169450538
65,2022,3,5,7.829733253770707E18,178.35450392334937,2.589014691639753E-4,0.0,40.04188200372782,0.0,316.1000000000039,260.0655080213904,651.7234085125602,0.0,0.0,5.913101604278075,0.0,0.0,143.0,854.9692259305165,974.9872905730214,0.04243916268504814,100.0,1.0,7.4483090617471115
62,2022,3,5,2.726585372660135E18,178.4641026539736,2.589014691639753E-4,0.0,40.09618997983582,0.0,316.1000000000039,260.0053475935829,652.9967511618269,0.0,0.0,5.901069518716578,0.0,0.0,143.0,854.9692259305165,974.7135606264974,0.04241309986182556,100.0,1.0,7.452886042986772
63,2022,3,5,6.159904451017453E18,178.36806955348627,2.589014691639753E-4,0.0,40.085015511055744,0.0,316.1000000000039,259.9318181818182,652.4554247758851,0.0,0.0,5.886363636363637,0.0,0.0,143.0,854.9692259305165,974.379001802968,0.04243593501102688,100.0,1.0,7.448875579573446
76,2022,7,15,1.16541095806856E18,146.75599552403094,1.336745361242548E-5,1.0,45.70926116739062,1.0,498.78025179990027,246.43048128342247,610.711904335323,0.0,0.0,6.786096256684492,0.0,0.0,101.90000000000008,333.8443462673964,724.4492110331671,0.08158836093952183,100.0,1.0,6.113375070368505
77,2022,7,15,5.385574636355309E18,146.79913685769532,1.336745361242548E-5,1.0,45.73221678779433,1.0,498.6379254164301,246.41042780748663,611.1956401753646,0.0,0.0,6.782085561497326,0.0,0.0,101.90000000000008,333.8443462673964,724.3579677176591,0.08154110944505931,100.0,1.0,6.115172197312349
74,2022,7,15,1.9182794490910433E18,146.52720765495766,1.336745361242548E-5,1.0,45.67395565025394,1.0,498.82385365039625,246.27005347593584,609.360377694602,0.0,0.0,6.754010695187166,0.0,0.0,101.90000000000008,333.8443462673964,723.7192645091029,0.08172289650838427,100.0,1.0,6.103844515584687
75,2022,7,15,4.5632002139719885E18,146.38029481969963,1.336745361242548E-5,1.0,45.614107907465716,1.0,498.55569754625327,246.30347593582889,607.8717174854647,0.0,0.0,6.760695187165775,0.0,0.0,101.90000000000008,333.8443462673964,723.8713367016163,0.08176094029682589,100.0,1.0,6.097724607083661
78,2022,7,15,4.573666521693659E18,146.5155131071895,1.336745361242548E-5,1.0,45.680285620927165,1.0,498.66765821494175,246.2633689839572,609.2843971242586,0.0,0.0,6.752673796791444,0.0,0.0,101.90000000000008,333.8443462673964,723.6888500706003,0.08170382772747656,100.0,1.0,6.103357358950792
79,2022,7,15,7.984133645203673E18,146.70518693326716,1.336745361242548E-5,1.0,45.69641870336488,1.0,498.6229347094336,246.41042780748663,610.3408997237728,0.0,0.0,6.782085561497326,0.0,0.0,101.90000000000008,333.8443462673964,724.3579677176591,0.0815908753629924,100.0,1.0,6.111258550555968
68,2022,7,15,3.7882275823108506E17,146.4556618187282,1.336745361242548E-5,1.0,45.62859252904325,1.0,498.7140971739603,246.33689839572193,608.4053214462548,0.0,0.0,6.767379679144385,0.0,0.0,101.90000000000008,333.8443462673964,724.0234088941297,0.08174482907987793,100.0,1.0,6.100864149910154
69,2022,7,15,1.636161643110063E18,146.49160701680063,1.336745361242548E-5,1.0,45.60451056002275,1.0,498.7901831096501,246.44385026737967,608.2457137356591,0.0,0.0,6.788770053475936,0.0,0.0,101.90000000000008,333.8443462673964,724.5100399101725,0.08173723932021909,100.0,1.0,6.102361509367321
66,2022,7,15,1.6122102325533686E18,146.67890787606052,1.336745361242548E-5,1.0,45.695763339646724,1.0,498.6470154772981,246.38368983957218,610.2234750797824,0.0,0.0,6.776737967914438,0.0,0.0,101.90000000000008,333.8443462673964,724.2363099636484,0.08160943432004444,100.0,1.0,6.110163850931427
67,2022,7,15,6.784439008112694E18,146.53773982988736,1.336745361242548E-5,1.0,45.67288637432318,1.0,498.5854441836488,246.29679144385025,609.334539878825,0.0,0.0,6.759358288770054,0.0,0.0,101.90000000000008,333.8443462673964,723.8409222631136,0.08167796670571807,100.0,1.0,6.104283251565616
72,2022,7,15,6.579760559640829E18,146.53154934071526,1.336745361242548E-5,1.0,45.69758338755876,1.0,498.62353793518366,246.21657754010695,609.6431931220512,0.0,0.0,6.74331550802139,0.0,0.0,101.90000000000008,333.8443462673964,723.4759490010815,0.08168765809754347,100.0,1.0,6.1040253760216245
73,2022,7,15,7.068562221821375E18,146.725192654569,1.336745361242548E-5,1.0,45.71290933965888,1.0,498.67947352163685,246.38368983957218,610.6445661314795,0.0,0.0,6.776737967914438,0.0,0.0,101.90000000000008,333.8443462673964,724.2363099636484,0.08158900091199207,100.0,1.0,6.112091923512453
70,2022,7,15,2.437423955906098E18,146.52799551211754,1.336745361242548E-5,1.0,45.68365732151116,1.0,498.7425022657533,246.25,609.458788800705,0.0,0.0,6.75,0.0,0.0,101.90000000000008,333.8443462673964,723.6280211935949,0.08170912927666509,100.0,1.0,6.103877335138692
71,2022,7,15,7.896750180447142E18,146.58677991036544,1.336745361242548E-5,1.0,45.71618045620216,1.0,498.73781327608606,246.22326203208556,610.1152570232781,0.0,0.0,6.744652406417113,0.0,0.0,101.90000000000008,333.8443462673964,723.5063634395842,0.08167559429764898,100.0,1.0,6.1063261010203895
60,2022,7,15,6.169833032112486E17,146.65133412213203,1.336745361242548E-5,1.0,45.6704543243381,1.0,498.9431071652442,246.43048128342247,609.7597126814409,0.0,0.0,6.786096256684492,0.0,0.0,101.90000000000008,333.8443462673964,724.4492110331671,0.08167324672173987,100.0,1.0,6.1090152184734325
61,2022,7,15,7.71864569677264E18,146.5342869944658,1.336745361242548E-5,1.0,45.67860022078408,1.0,498.65033058115483,246.28342245989305,609.3639554457541,0.0,0.0,6.75668449197861,0.0,0.0,101.90000000000008,333.8443462673964,723.7800933861083,0.08169052121138047,100.0,1.0,6.10413941772827
64,2022,7,15,6.762618178035378E18,146.57462523286847,1.336745361242548E-5,1.0,45.71503700121871,1.0,498.58848602242625,246.20989304812835,610.0655047093384,0.0,0.0,6.741978609625669,0.0,0.0,101.90000000000008,333.8443462673964,723.4455345625789,0.08165791068872756,100.0,1.0,6.105819776886035
65,2022,7,15,7.829733253770707E18,146.65732167271824,1.336745361242548E-5,1.0,45.746886830988714,1.0,498.5719618928725,246.20989304812835,610.8178628700571,0.0,0.0,6.741978609625669,0.0,0.0,101.90000000000008,333.8443462673964,723.4455345625789,0.08160916104490645,100.0,1.0,6.109264640259284
62,2022,7,15,2.726585372660135E18,146.56389220375777,1.336745361242548E-5,1.0,45.643864675781906,1.0,498.715493076695,246.41711229946523,609.0250098403047,0.0,0.0,6.783422459893048,0.0,0.0,101.90000000000008,333.8443462673964,724.3883821561618,0.08168469309046762,100.0,1.0,6.105372673976463
63,2022,7,15,6.159904451017453E18,146.51909775961656,1.336745361242548E-5,1.0,45.627810869813636,1.0,498.60033427931614,246.41042780748663,608.6478920359964,0.0,0.0,6.782085561497326,0.0,0.0,101.90000000000008,333.8443462673964,724.3579677176591,0.08169079843859615,100.0,1.0,6.1035066838536896
76,2022,11,17,1.16541095806856E18,123.48944000837739,2.0959204827644475E-4,0.0,30.991467312948533,0.0,1022.3564564963465,373.3101604278075,347.56758458119344,0.0,0.0,4.262032085561497,0.0,0.0,88.0,160.41803351179965,773.1075416756622,0.19923940923413352,100.0,1.0,5.131296365644901
77,2022,11,17,5.385574636355309E18,123.44376830757751,2.0959204827644475E-4,0.0,30.903169591366662,0.0,1022.5686573389028,373.4639037433155,346.4535786826744,0.0,0.0,4.292780748663102,0.0,0.0,88.0,160.41803351179965,773.8070737612239,0.19935449332761646,100.0,1.0,5.129398591776044
74,2022,11,17,1.9182794490910433E18,123.57021634472069,2.0959204827644475E-4,0.0,31.019743511122098,0.0,1021.2162567591365,373.35695187165777,348.08773429661585,0.0,0.0,4.271390374331551,0.0,0.0,88.0,160.41803351179965,773.3204427451811,0.19888710912073568,100.0,1.0,5.134652825282912
75,2022,11,17,4.5632002139719885E18,123.50447462864088,2.0959204827644475E-4,0.0,30.94766790157429,0.0,1020.5132664293556,373.4438502673797,347.0957360198011,0.0,0.0,4.288770053475936,0.0,0.0,88.0,160.41803351179965,773.7158304457157,0.1988559933326043,100.0,1.0,5.131921091875045
78,2022,11,17,4.573666521693659E18,123.37533476977052,2.0959204827644475E-4,0.0,30.915949719085003,0.0,1021.1805436481859,373.3435828877005,346.3799995328965,0.0,0.0,4.268716577540107,0.0,0.0,88.0,160.41803351179965,773.2596138681757,0.19919430150858206,100.0,1.0,5.126555006415129
79,2022,11,17,7.984133645203673E18,123.4799931062296,2.0959204827644475E-4,0.0,30.980353800654875,0.0,1022.0851421152821,373.3302139037433,347.39060998164626,0.0,0.0,4.266042780748663,0.0,0.0,88.0,160.41803351179965,773.1987849911703,0.1992017736732147,100.0,1.0,5.1309038231355615
68,2022,11,17,3.7882275823108506E17,123.54737245246909,2.0959204827644475E-4,0.0,30.987834129440206,0.0,1020.8675414908861,373.3970588235294,347.69793777876714,0.0,0.0,4.279411764705882,0.0,0.0,88.0,160.41803351179965,773.5029293761971,0.19885595667381467,100.0,1.0,5.133703604189362
69,2022,11,17,1.636161643110063E18,123.57562855545899,2.0959204827644475E-4,0.0,31.030313571603394,0.0,1021.0727302777283,373.3368983957219,348.2280937952735,0.0,0.0,4.267379679144385,0.0,0.0,88.0,160.41803351179965,773.2291994296731,0.1988504472170989,100.0,1.0,5.1348777162313946
66,2022,11,17,1.6122102325533686E18,123.46614574700743,2.0959204827644475E-4,0.0,30.979525148114178,0.0,1021.9679660109645,373.3101604278075,347.35618756376215,0.0,0.0,4.262032085561497,0.0,0.0,88.0,160.41803351179965,773.1075416756624,0.1992012752865315,100.0,1.0,5.130328430583407
67,2022,11,17,6.784439008112694E18,123.5902571568149,2.0959204827644475E-4,0.0,31.049042745488332,0.0,1021.2780585290694,373.3168449197861,348.45209267004645,0.0,0.0,4.2633689839572195,0.0,0.0,88.0,160.41803351179965,773.1379561141649,0.19886689278719144,100.0,1.0,5.135485571356238
72,2022,11,17,6.579760559640829E18,123.48194158823004,2.0959204827644475E-4,0.0,30.990057164152862,0.0,1021.2651458375386,373.3101604278075,347.4995359047656,0.0,0.0,4.262032085561497,0.0,0.0,88.0,160.41803351179965,773.1075416756624,0.1990388177205778,100.0,1.0,5.130984787456132
73,2022,11,17,7.068562221821375E18,123.49975512803537,2.0959204827644475E-4,0.0,31.024242532373936,0.0,1022.1934410695549,373.25,347.9349249451295,0.0,0.0,4.25,0.0,0.0,88.0,160.41803351179965,772.8338117291383,0.1991910018761307,100.0,1.0,5.1317249847722435
70,2022,11,17,2.437423955906098E18,123.47494231787309,2.0959204827644475E-4,0.0,30.997555623095266,0.0,1021.2349722862436,373.2834224598931,347.5576748008846,0.0,0.0,4.25668449197861,0.0,0.0,88.0,160.41803351179965,772.9858839216517,0.19904421939794062,100.0,1.0,5.130693950194716
71,2022,11,17,7.896750180447142E18,123.51315945814402,2.0959204827644475E-4,0.0,30.962896567294816,0.0,1021.5298604990517,373.41711229946526,347.29620919640394,0.0,0.0,4.283422459893048,0.0,0.0,88.0,160.41803351179965,773.594172691705,0.19904008914518934,100.0,1.0,5.132281968352109
60,2022,11,17,6.169833032112486E17,123.56814402823765,2.0959204827644475E-4,0.0,31.035006334161274,0.0,1021.8400021702657,373.3101604278075,348.28182895211273,0.0,0.0,4.262032085561497,0.0,0.0,88.0,160.41803351179965,773.1075416756622,0.19901192424273897,100.0,1.0,5.134566715328606
61,2022,11,17,7.71864569677264E18,123.42560449455415,2.0959204827644475E-4,0.0,30.87957501068195,0.0,1021.2762290516487,373.50401069518716,346.1062542043751,0.0,0.0,4.300802139037433,0.0,0.0,88.0,160.41803351179965,773.9895603922399,0.19913182918660283,100.0,1.0,5.128643839728048
64,2022,11,17,6.762618178035378E18,123.46860619626861,2.0959204827644475E-4,0.0,31.00200001090346,0.0,1021.4577716041422,373.2566844919786,347.62183181735406,0.0,0.0,4.251336898395722,0.0,0.0,88.0,160.41803351179965,772.864226167641,0.19909786090469456,100.0,1.0,5.130430668429432
65,2022,11,17,7.829733253770707E18,123.45746020640799,2.0959204827644475E-4,0.0,30.85468075220014,0.0,1021.8821193817138,373.60427807486633,345.93913039380647,0.0,0.0,4.320855614973262,0.0,0.0,88.0,160.41803351179965,774.4457769697799,0.1991985552519964,100.0,1.0,5.129967524558501
62,2022,11,17,2.726585372660135E18,123.43272463533879,2.0959204827644475E-4,0.0,30.89187127135519,0.0,1021.4011779388082,373.47727272727275,346.29252772368665,0.0,0.0,4.295454545454546,0.0,0.0,88.0,160.41803351179965,773.8679026382292,0.19914470393295708,100.0,1.0,5.128939699459281
63,2022,11,17,6.159904451017453E18,123.4593932537227,2.0959204827644475E-4,0.0,30.899036803826778,0.0,1021.195927375443,373.49732620320856,346.44330394663086,0.0,0.0,4.2994652406417115,0.0,0.0,88.0,160.41803351179965,773.9591459537373,0.19906167695244797,100.0,1.0,5.130047847529122
76,2023,3,9,1.16541095806856E18,182.85138400915275,0.0039000475434676795,0.0,43.419109721345606,0.0,324.79999999999575,265.0267379679144,719.0115475596912,0.0,0.0,6.005347593582887,0.0,0.0,143.0,720.8741987325051,936.2276273103857,0.042855631425933904,100.0,1.0,7.578933950870327
77,2023,3,9,5.385574636355309E18,182.83564720027718,0.0039000475434676795,0.0,43.447634084202235,0.0,324.79999999999575,264.89973262032083,719.446966406534,0.0,0.0,5.979946524064171,0.0,0.0,143.0,720.8741987325051,935.649752978835,0.042859320044052525,100.0,1.0,7.578281682167457
74,2023,3,9,1.9182794490910433E18,182.7154868614854,0.0039000475434676795,0.0,43.37022967369699,0.0,324.79999999999575,265.0534759358289,717.6596979545669,0.0,0.0,6.010695187165775,0.0,0.0,143.0,720.8741987325051,936.3492850643964,0.04288750588918995,100.0,1.0,7.5733012042993035
75,2023,3,9,4.5632002139719885E18,182.83100643152042,0.0039000475434676795,0.0,43.38598771926301,0.0,324.79999999999575,265.1270053475936,718.3708655214751,0.0,0.0,6.025401069518717,0.0,0.0,143.0,720.8741987325051,936.683843887926,0.042860407934981345,100.0,1.0,7.578089328797639
78,2023,3,9,4.573666521693659E18,182.74270112196822,0.0039000475434676795,0.0,43.43785640857129,0.0,324.79999999999575,264.83288770053474,718.9097280981698,0.0,0.0,5.966577540106952,0.0,0.0,143.0,720.8741987325051,935.3456085938083,0.042881119030784294,100.0,1.0,7.574429197307615
79,2023,3,9,7.984133645203673E18,182.74992633244128,0.0039000475434676795,0.0,43.35939138256861,0.0,324.79999999999575,265.1270053475936,717.6368981138688,0.0,0.0,6.025401069518717,0.0,0.0,143.0,720.8741987325051,936.683843887926,0.04287942368066006,100.0,1.0,7.574728672169411
68,2023,3,9,3.7882275823108506E17,182.7793465866493,0.0039000475434676795,0.0,43.393470108969225,0.0,324.79999999999575,265.0401069518717,718.2986089683887,0.0,0.0,6.008021390374331,0.0,0.0,143.0,720.8741987325051,936.2884561873911,0.04287252178737425,100.0,1.0,7.575948100530158
69,2023,3,9,1.636161643110063E18,182.88375688573308,0.0039000475434676795,0.0,43.483671477070395,0.0,324.79999999999575,264.82620320855614,720.2170321117248,0.0,0.0,5.96524064171123,0.0,0.0,143.0,720.8741987325051,935.3151941553056,0.04284804540467901,100.0,1.0,7.580275761295931
66,2023,3,9,1.6122102325533686E18,182.77358001202123,0.0039000475434676795,0.0,43.32355127341505,0.0,324.79999999999575,265.2807486631016,717.1514879901572,0.0,0.0,6.05614973262032,0.0,0.0,143.0,720.8741987325051,937.3833759734874,0.04287387443142908,100.0,1.0,7.575709084082641
67,2023,3,9,6.784439008112694E18,182.81434474100053,0.0039000475434676795,0.0,43.416198844925034,0.0,324.79999999999575,264.9866310160428,718.8587408704692,0.0,0.0,5.997326203208556,0.0,0.0,143.0,720.8741987325051,936.0451406793698,0.04286431423048334,100.0,1.0,7.57739872504507
72,2023,3,9,6.579760559640829E18,182.70543220038212,0.0039000475434676795,0.0,43.268899513574375,0.0,324.79999999999575,265.40106951871655,715.9871285963577,0.0,0.0,6.080213903743315,0.0,0.0,143.0,720.8741987325051,937.9308358665355,0.042889866078113056,100.0,1.0,7.5728844526689505
73,2023,3,9,7.068562221821375E18,182.7385199265368,0.0039000475434676795,0.0,43.373292022027215,0.0,324.79999999999575,265.0601604278075,717.8377874428849,0.0,0.0,6.012032085561497,0.0,0.0,143.0,720.8741987325051,936.3796995028991,0.04288210018319295,100.0,1.0,7.574255892608931
70,2023,3,9,2.437423955906098E18,182.80058822731255,0.0039000475434676795,0.0,43.43098039833468,0.0,324.79999999999575,264.9264705882353,719.0079417056082,0.0,0.0,5.985294117647059,0.0,0.0,143.0,720.8741987325051,935.7714107328457,0.0428675399505489,100.0,1.0,7.576828536806131
71,2023,3,9,7.896750180447142E18,182.76897439350412,0.0039000475434676795,0.0,43.400343086077605,0.0,324.79999999999575,265.0,718.3872026244312,0.0,0.0,6.0,0.0,0.0,143.0,720.8741987325051,936.105969556375,0.042874954815616984,100.0,1.0,7.575518187641075
60,2023,3,9,6.169833032112486E17,182.83971753123802,0.0039000475434676795,0.0,43.26855261075461,0.0,324.79999999999575,265.5548128342246,716.503197592778,0.0,0.0,6.11096256684492,0.0,0.0,143.0,720.8741987325051,938.630367952097,0.042858365920847304,100.0,1.0,7.5784503916890005
61,2023,3,9,7.71864569677264E18,182.79089656973127,0.0039000475434676795,0.0,43.39869179869651,0.0,324.79999999999575,265.0267379679144,718.4639926157639,0.0,0.0,6.005347593582887,0.0,0.0,143.0,720.8741987325051,936.2276273103857,0.042869812807273935,100.0,1.0,7.576426831163706
64,2023,3,9,6.762618178035378E18,182.79066885003473,0.0039000475434676795,0.0,43.36290831312311,0.0,324.79999999999575,265.16042780748666,717.853642441772,0.0,0.0,6.032085561497326,0.0,0.0,143.0,720.8741987325051,936.8359160804392,0.04286986621427129,100.0,1.0,7.576417392500995
65,2023,3,9,7.829733253770707E18,182.81553778739118,0.0039000475434676795,0.0,43.36981783498229,0.0,324.79999999999575,265.16711229946526,718.0483509334158,0.0,0.0,6.033422459893048,0.0,0.0,143.0,720.8741987325051,936.8663305189419,0.04286403449979968,100.0,1.0,7.577448175148181
62,2023,3,9,2.726585372660135E18,182.6850948385678,0.0039000475434676795,0.0,43.36771339448717,0.0,324.79999999999575,265.0200534759358,717.5366501789758,0.0,0.0,6.004010695187166,0.0,0.0,143.0,720.8741987325051,936.1972128718832,0.042894640779220325,100.0,1.0,7.572041497485633
63,2023,3,9,6.159904451017453E18,182.88315566359012,0.0039000475434676795,0.0,43.43998438632223,0.0,324.79999999999575,264.9799465240642,719.5120575382703,0.0,0.0,5.995989304812834,0.0,0.0,143.0,720.8741987325051,936.014726240867,0.042848186266168244,100.0,1.0,7.580250841479582
76,2023,7,11,1.16541095806856E18,142.0626614687542,2.2803303221196412E-4,0.0,40.253580530796924,0.0,581.9485037652541,236.4398395721925,516.7753466656307,0.0,0.0,5.987967914438503,0.0,0.0,102.19999999999857,526.2952020056737,766.0145907554607,0.09907900702576984,100.0,1.0,5.873580299547138
77,2023,7,11,5.385574636355309E18,142.01572539591763,2.2803303221196412E-4,0.0,40.22956571878228,0.0,581.9244782078061,236.45320855614975,516.2906969104705,0.0,0.0,5.990641711229946,0.0,0.0,102.19999999999857,526.2952020056737,766.0754196324662,0.0991076607538617,100.0,1.0,5.871639727760718
74,2023,7,11,1.9182794490910433E18,142.01519294843436,2.2803303221196412E-4,0.0,40.237278645781174,0.0,581.7271282056822,236.41978609625667,516.4379612367446,0.0,0.0,5.983957219251337,0.0,0.0,102.19999999999857,526.2952020056737,765.9233474399527,0.09907442149141735,100.0,1.0,5.871617713721157
75,2023,7,11,4.5632002139719885E18,142.19241686202668,2.2803303221196412E-4,0.0,40.30279193758001,0.0,581.9189015814588,236.45320855614975,517.8861762039688,0.0,0.0,5.990641711229946,0.0,0.0,102.19999999999857,526.2952020056737,766.0754196324662,0.09898355878985382,100.0,1.0,5.878945035881127
78,2023,7,11,4.573666521693659E18,142.07364650951104,2.2803303221196412E-4,0.0,40.25219020768551,0.0,581.7659529771761,236.45320855614975,516.8137099310175,0.0,0.0,5.990641711229946,0.0,0.0,102.19999999999857,526.2952020056737,766.0754196324662,0.09904026872021887,100.0,1.0,5.874034476023284
79,2023,7,11,7.984133645203673E18,142.35648180008025,2.2803303221196412E-4,0.0,40.37802677238617,0.0,581.7780016784113,236.4264705882353,519.4892988935429,0.0,0.0,5.985294117647059,0.0,0.0,102.19999999999857,526.2952020056737,765.9537618784555,0.09884554162224513,100.0,1.0,5.885728300238101
68,2023,7,11,3.7882275823108506E17,142.12348573362308,2.2803303221196412E-4,0.0,40.26954348517634,0.0,581.831039114825,236.46657754010695,517.202916654632,0.0,0.0,5.99331550802139,0.0,0.0,102.19999999999857,526.2952020056737,766.1362485094714,0.0990166141515898,100.0,1.0,5.876095078590233
69,2023,7,11,1.636161643110063E18,142.1216141863406,2.2803303221196412E-4,0.0,40.27216937741997,0.0,582.0086072447749,236.45320855614975,517.2468459325687,0.0,0.0,5.990641711229946,0.0,0.0,102.19999999999857,526.2952020056737,766.0754196324662,0.09904813719279833,100.0,1.0,5.876017699473626
66,2023,7,11,1.6122102325533686E18,142.1375338265451,2.2803303221196412E-4,0.0,40.273872217786966,0.0,581.8214400741854,236.46657754010695,517.3297673841221,0.0,0.0,5.99331550802139,0.0,0.0,102.19999999999857,526.2952020056737,766.1362485094714,0.09900519448014479,100.0,1.0,5.876675896948701
67,2023,7,11,6.784439008112694E18,142.16746769188182,2.2803303221196412E-4,0.0,40.30063180467299,0.0,581.882800924477,236.4331550802139,517.7521348170935,0.0,0.0,5.9866310160427805,0.0,0.0,102.19999999999857,526.2952020056737,765.9841763169582,0.09899478780781718,100.0,1.0,5.877913512518568
72,2023,7,11,6.579760559640829E18,142.17016644220809,2.2803303221196412E-4,0.0,40.294423099125666,0.0,581.7061996911846,236.45320855614975,517.6852605351263,0.0,0.0,5.990641711229946,0.0,0.0,102.19999999999857,526.2952020056737,766.0754196324662,0.09896286432138489,100.0,1.0,5.878025092342479
73,2023,7,11,7.068562221821375E18,142.3405189559589,2.2803303221196412E-4,0.0,40.37760432001325,0.0,581.7653706172666,236.41978609625667,519.3755728830388,0.0,0.0,5.983957219251337,0.0,0.0,102.19999999999857,526.2952020056737,765.9233474399527,0.09885448041213742,100.0,1.0,5.885068316497237
70,2023,7,11,2.437423955906098E18,142.26937227891926,2.2803303221196412E-4,0.0,40.33142271814912,0.0,581.8663049785742,236.45989304812835,518.5506497353197,0.0,0.0,5.991978609625669,0.0,0.0,102.19999999999857,526.2952020056737,766.1058340709689,0.09892107548532975,100.0,1.0,5.882126757354821
71,2023,7,11,7.896750180447142E18,142.07128682485612,2.2803303221196412E-4,0.0,40.25470921115723,0.0,581.8138202186742,236.4331550802139,516.8836458903249,0.0,0.0,5.9866310160427805,0.0,0.0,102.19999999999857,526.2952020056737,765.9841763169582,0.09905006278599038,100.0,1.0,5.873936914868527
60,2023,7,11,6.169833032112486E17,141.97603020966736,2.2803303221196412E-4,0.0,40.22726276431765,0.0,581.9333688306078,236.40641711229947,516.1451604781176,0.0,0.0,5.981283422459893,0.0,0.0,102.19999999999857,526.2952020056737,765.8625185629475,0.09913688492698441,100.0,1.0,5.8699985304078215
61,2023,7,11,7.71864569677264E18,142.08630770135096,2.2803303221196412E-4,0.0,40.265856123084326,0.0,581.8459887466661,236.4331550802139,517.0192806096774,0.0,0.0,5.9866310160427805,0.0,0.0,102.19999999999857,526.2952020056737,765.9841763169582,0.0990450674596569,100.0,1.0,5.874557952960798
64,2023,7,11,6.762618178035378E18,142.10271442418525,2.2803303221196412E-4,0.0,40.263610535881284,0.0,581.8519323979775,236.45989304812835,517.0457714172968,0.0,0.0,5.991978609625669,0.0,0.0,102.19999999999857,526.2952020056737,766.1058340709689,0.09903464367903958,100.0,1.0,5.8752362888657
65,2023,7,11,7.829733253770707E18,142.02136832832784,2.2803303221196412E-4,0.0,40.23195600524701,0.0,581.8890278272726,236.45320855614975,516.3416511643059,0.0,0.0,5.990641711229946,0.0,0.0,102.19999999999857,526.2952020056737,766.0754196324662,0.09909768559031881,100.0,1.0,5.871873034783763
62,2023,7,11,2.726585372660135E18,142.23476106505237,2.2803303221196412E-4,0.0,40.3172442667089,0.0,581.6682019268117,236.45989304812835,518.2381192194802,0.0,0.0,5.991978609625669,0.0,0.0,102.19999999999857,526.2952020056737,766.1058340709689,0.09891145979653841,100.0,1.0,5.88069575682441
63,2023,7,11,6.159904451017453E18,142.12590406166078,2.2803303221196412E-4,0.0,40.273348100145334,0.0,582.0054702691709,236.45320855614975,517.2855824227671,0.0,0.0,5.990641711229946,0.0,0.0,102.19999999999857,526.2952020056737,766.0754196324662,0.09904461371603691,100.0,1.0,5.876195064355477
76,2023,11,13,1.16541095806856E18,126.78609153543712,2.584374365068926E-4,1.0,35.22216094824572,2.0,723.005326964922,356.8970588235294,402.53579844677284,0.0,0.0,5.779411764705882,0.0,0.0,88.0,58.19612066367703,739.450259879352,0.1382717085360828,100.0,1.0,5.228873893434604
77,2023,11,13,5.385574636355309E18,126.84236378098274,2.584374365068926E-4,1.0,35.276602254779476,2.0,722.8300845307749,356.8302139037433,403.3467974804865,0.0,0.0,5.766042780748663,0.0,0.0,88.0,58.19612066367703,739.1461154943252,0.13817686627960937,100.0,1.0,5.231194656478052
74,2023,11,13,1.9182794490910433E18,126.73761032587608,2.584374365068926E-4,1.0,35.18070945396081,2.0,722.8139534800059,356.93716577540107,401.9166324865071,0.0,0.0,5.787433155080214,0.0,0.0,88.0,58.19612066367703,739.6327465103678,0.13828798853953556,100.0,1.0,5.226874445956371
75,2023,11,13,4.5632002139719885E18,126.82632843712823,2.584374365068926E-4,1.0,35.19590259921239,2.0,723.3508246430744,357.01069518716577,402.3811742973149,0.0,0.0,5.802139037433155,0.0,0.0,88.0,58.19612066367703,739.9673053338972,0.13829389448047355,100.0,1.0,5.230533331644717
78,2023,11,13,4.573666521693659E18,126.7717628908625,2.584374365068926E-4,1.0,35.24677270572242,2.0,722.9999042847248,356.8101604278075,402.8021253635824,0.0,0.0,5.762032085561497,0.0,0.0,88.0,58.19612066367703,739.0548721788172,0.13828629980429868,100.0,1.0,5.228282955780195
79,2023,11,13,7.984133645203673E18,126.66545785535892,2.584374365068926E-4,1.0,35.159655585797076,2.0,723.859489118218,356.8970588235294,401.4492283100528,0.0,0.0,5.779411764705882,0.0,0.0,88.0,58.19612066367703,739.450259879352,0.13856690625245904,100.0,1.0,5.22389875544596
68,2023,11,13,3.7882275823108506E17,126.89322770081145,2.584374365068926E-4,1.0,35.33275370592624,2.0,723.1519321670505,356.75,404.1699115891405,0.0,0.0,5.75,0.0,0.0,88.0,58.19612066367703,738.7811422322931,0.13818297945238137,100.0,1.0,5.233292370977228
69,2023,11,13,1.636161643110063E18,126.74460376350277,2.584374365068926E-4,1.0,35.22908771479642,2.0,723.1509953497043,356.8302139037433,402.4662547042896,0.0,0.0,5.766042780748663,0.0,0.0,88.0,58.19612066367703,739.1461154943252,0.1383448370981639,100.0,1.0,5.22716286720975
66,2023,11,13,1.6122102325533686E18,126.68851562411221,2.584374365068926E-4,1.0,35.133700060084486,2.0,723.1943309008317,356.99732620320856,401.2006973716343,0.0,0.0,5.7994652406417115,0.0,0.0,88.0,58.19612066367703,739.9064764568918,0.13841437990335262,100.0,1.0,5.224849697017028
67,2023,11,13,6.784439008112694E18,126.70118473549009,2.584374365068926E-4,1.0,35.173325363034905,2.0,723.2906155992287,356.91042780748666,401.71019812975646,0.0,0.0,5.782085561497326,0.0,0.0,88.0,58.19612066367703,739.5110887563571,0.13841896594646697,100.0,1.0,5.225372192701965
72,2023,11,13,6.579760559640829E18,126.77540765788456,2.584374365068926E-4,1.0,35.22370589543583,2.0,723.3136995571348,356.870320855615,402.5612245158542,0.0,0.0,5.774064171122995,0.0,0.0,88.0,58.19612066367703,739.3286021253413,0.13834234117659489,100.0,1.0,5.228433272166619
73,2023,11,13,7.068562221821375E18,126.77211581460669,2.584374365068926E-4,1.0,35.21116813447799,2.0,723.8195668882943,356.8970588235294,402.4099165132711,0.0,0.0,5.779411764705882,0.0,0.0,88.0,58.19612066367703,739.4502598793517,0.13844268911086755,100.0,1.0,5.2282975109552074
70,2023,11,13,2.437423955906098E18,126.67352159722346,2.584374365068926E-4,1.0,35.132968283583864,2.0,723.5951019032999,356.97058823529414,401.1873011188703,0.0,0.0,5.794117647058823,0.0,0.0,88.0,58.19612066367703,739.7848187028811,0.13850747753623485,100.0,1.0,5.224231317865136
71,2023,11,13,7.896750180447142E18,126.91351047295463,2.584374365068926E-4,1.0,35.2889954957148,2.0,722.965675855665,356.8903743315508,403.71389910581786,0.0,0.0,5.778074866310161,0.0,0.0,88.0,58.19612066367703,739.419845440849,0.13812531067350728,100.0,1.0,5.234128866971891
60,2023,11,13,6.169833032112486E17,126.69022646146897,2.584374365068926E-4,1.0,35.166928286881195,2.0,722.7065600158078,356.91042780748666,401.61149490447445,0.0,0.0,5.782085561497326,0.0,0.0,88.0,58.19612066367703,739.5110887563573,0.13831915603763642,100.0,1.0,5.224920254857254
61,2023,11,13,7.71864569677264E18,126.69233185148632,2.584374365068926E-4,1.0,35.11533304912564,2.0,723.0486278632062,357.04411764705884,401.0221697763966,0.0,0.0,5.8088235294117645,0.0,0.0,88.0,58.19612066367703,740.1193775264106,0.13838232487334198,100.0,1.0,5.22500708471978
64,2023,11,13,6.762618178035378E18,126.73621505823155,2.584374365068926E-4,1.0,35.15379739891641,2.0,723.1003078709385,357.00401069518716,401.59992066464014,0.0,0.0,5.800802139037433,0.0,0.0,88.0,58.19612066367703,739.9368908953945,0.1383442966006429,100.0,1.0,5.226816902747389
65,2023,11,13,7.829733253770707E18,126.81027371947192,2.584374365068926E-4,1.0,35.21007395377638,2.0,722.8425909496533,356.9572192513369,402.47988195827736,0.0,0.0,5.791443850267379,0.0,0.0,88.0,58.19612066367703,739.7239898258758,0.13821422406562994,100.0,1.0,5.2298712078028755
62,2023,11,13,2.726585372660135E18,126.83590651241683,2.584374365068926E-4,1.0,35.28808060083265,2.0,723.4932233848507,356.7834224598931,403.5015367233575,0.0,0.0,5.75668449197861,0.0,0.0,88.0,58.19612066367703,738.9332144248065,0.13831067361041752,100.0,1.0,5.230928347747975
63,2023,11,13,6.159904451017453E18,126.71175583992576,2.584374365068926E-4,1.0,35.24384003966579,2.0,723.1719841480693,356.7433155080214,402.5657750086787,0.0,0.0,5.748663101604278,0.0,0.0,88.0,58.19612066367703,738.7507277937904,0.1383847170790227,100.0,1.0,5.225808163014937
76,2024,2,26,1.16541095806856E18,162.3255011396445,3.040440429492853E-4,0.0,41.593936630767615,0.0,261.00000000000006,247.42914438502675,606.9580349487481,0.0,0.0,6.685828877005347,0.0,0.0,102.40000000000003,695.3264264188357,851.4868561984463,0.03908437017127333,100.0,1.0,6.677861223201512
77,2024,2,26,5.385574636355309E18,162.48251901409185,3.040440429492853E-4,0.0,41.624030366662915,0.0,261.00000000000006,247.50935828877004,608.0038191782924,0.0,0.0,6.701871657754011,0.0,0.0,102.40000000000003,695.3264264188357,851.8518294604784,0.03904660029445432,100.0,1.0,6.684320735525575
74,2024,2,26,1.9182794490910433E18,162.56853347992447,3.040440429492853E-4,0.0,41.62697979970644,0.0,261.00000000000006,247.60294117647058,608.3508306598953,0.0,0.0,6.720588235294118,0.0,0.0,102.40000000000003,695.3264264188357,852.2776315995159,0.039025940869195246,100.0,1.0,6.687859259429614
75,2024,2,26,4.5632002139719885E18,162.50311966552388,3.040440429492853E-4,0.0,41.65302739797463,0.0,261.00000000000006,247.44919786096256,608.4626396658863,0.0,0.0,6.689839572192513,0.0,0.0,102.40000000000003,695.3264264188357,851.5780995139544,0.039041650325469544,100.0,1.0,6.685168219687983
78,2024,2,26,4.573666521693659E18,162.62421827083625,3.040440429492853E-4,0.0,41.65259696102591,0.0,261.00000000000006,247.58957219251337,608.9119703214033,0.0,0.0,6.717914438502674,0.0,0.0,102.40000000000003,695.3264264188357,852.2168027225105,0.03901257784503727,100.0,1.0,6.690150059724943
79,2024,2,26,7.984133645203673E18,162.47109886853744,3.040440429492853E-4,0.0,41.58859096517734,0.0,261.00000000000006,247.6096256684492,607.4449960920824,0.0,0.0,6.721925133689839,0.0,0.0,102.40000000000003,695.3264264188357,852.3080460380185,0.03904934489248975,100.0,1.0,6.683850925504193
68,2024,2,26,3.7882275823108506E17,162.3967752314268,3.040440429492853E-4,0.0,41.56025395864273,0.0,261.00000000000006,247.61631016042782,606.7468065469312,0.0,0.0,6.723262032085562,0.0,0.0,102.40000000000003,695.3264264188357,852.3384604765212,0.03906721648713841,100.0,1.0,6.680793347177055
69,2024,2,26,1.636161643110063E18,162.58182903549613,3.040440429492853E-4,0.0,41.66811284913562,0.0,261.00000000000006,247.48930481283423,608.9873326074904,0.0,0.0,6.697860962566845,0.0,0.0,102.40000000000003,695.3264264188357,851.7605861449704,0.03902274942050361,100.0,1.0,6.688406221394119
66,2024,2,26,1.6122102325533686E18,162.64299382397124,3.040440429492853E-4,0.0,41.672461690769346,0.0,261.00000000000006,247.5427807486631,609.2935639830057,0.0,0.0,6.708556149732621,0.0,0.0,102.40000000000003,695.3264264188357,852.0039016529918,0.03900807422203415,100.0,1.0,6.690922461703358
67,2024,2,26,6.784439008112694E18,162.45021744625524,3.040440429492853E-4,0.0,41.59844752786056,0.0,261.00000000000006,247.54946524064172,607.5311128574757,0.0,0.0,6.709893048128342,0.0,0.0,102.40000000000003,695.3264264188357,852.0343160914945,0.03905436431242879,100.0,1.0,6.68299189079205
72,2024,2,26,6.579760559640829E18,162.29605989245925,3.040440429492853E-4,0.0,41.529264167329984,0.0,261.00000000000006,247.58957219251337,605.9635678395338,0.0,0.0,6.717914438502674,0.0,0.0,102.40000000000003,695.3264264188357,852.2168027225105,0.039091460254692845,100.0,1.0,6.676650048361076
73,2024,2,26,7.068562221821375E18,162.4095024671861,3.040440429492853E-4,0.0,41.55933430672387,0.0,261.00000000000006,247.63636363636363,606.7699135450881,0.0,0.0,6.7272727272727275,0.0,0.0,102.40000000000003,695.3264264188357,852.4297037920292,0.03906415498108654,100.0,1.0,6.681316929199334
70,2024,2,26,2.437423955906098E18,162.56688004133267,3.040440429492853E-4,0.0,41.60552161107538,0.0,261.00000000000006,247.66978609625667,608.0318306357368,0.0,0.0,6.733957219251337,0.0,0.0,102.40000000000003,695.3264264188357,852.5817759845426,0.03902633779504322,100.0,1.0,6.687791239103915
71,2024,2,26,7.896750180447142E18,162.4747053221806,3.040440429492853E-4,0.0,41.63503020611717,0.0,261.00000000000006,247.4692513368984,608.116102181604,0.0,0.0,6.69385026737968,0.0,0.0,102.40000000000003,695.3264264188357,851.6693428294624,0.03904847811355411,100.0,1.0,6.683999290343774
60,2024,2,26,6.169833032112486E17,162.42270301021034,3.040440429492853E-4,0.0,41.60217420593613,0.0,261.00000000000006,247.50935828877004,607.4663907110613,0.0,0.0,6.701871657754011,0.0,0.0,102.40000000000003,695.3264264188357,851.8518294604784,0.039060980128994005,100.0,1.0,6.681859982470491
61,2024,2,26,7.71864569677264E18,162.60417808800676,3.040440429492853E-4,0.0,41.64882600805938,0.0,261.00000000000006,247.56951871657753,608.8231587345095,0.0,0.0,6.713903743315508,0.0,0.0,102.40000000000003,695.3264264188357,852.1255594070025,0.03901738595760758,100.0,1.0,6.689325632516149
64,2024,2,26,6.762618178035378E18,162.4900717272465,3.040440429492853E-4,0.0,41.66650767337154,0.0,261.00000000000006,247.38903743315507,608.6191378848816,0.0,0.0,6.677807486631016,0.0,0.0,102.40000000000003,695.3264264188357,851.3043695674303,0.039044785366510994,100.0,1.0,6.684631444378785
65,2024,2,26,7.829733253770707E18,162.50827263146195,3.040440429492853E-4,0.0,41.6154684908299,0.0,261.00000000000006,247.56283422459893,607.9918920314237,0.0,0.0,6.712566844919786,0.0,0.0,102.40000000000003,695.3264264188357,852.0951449684998,0.03904041235591247,100.0,1.0,6.685380206043673
62,2024,2,26,2.726585372660135E18,162.57636556220993,3.040440429492853E-4,0.0,41.62859644432619,0.0,261.00000000000006,247.60294117647058,608.4211995194793,0.0,0.0,6.720588235294118,0.0,0.0,102.40000000000003,695.3264264188357,852.2776315995159,0.039024060802685556,100.0,1.0,6.688181461167632
63,2024,2,26,6.159904451017453E18,162.43716839935863,3.040440429492853E-4,0.0,41.5503684141479,0.0,261.00000000000006,247.69652406417111,606.7447535222841,0.0,0.0,6.739304812834225,0.0,0.0,102.40000000000003,695.3264264188357,852.7034337385533,0.0390575016623127,100.0,1.0,6.6824550698757
76,2024,7,3,1.16541095806856E18,144.50828922227916,1.615233978168079E-4,0.0,38.16811968473358,0.0,299.1216401776174,215.9933155080214,494.6055172325631,0.0,0.0,3.998663101604278,0.0,0.0,102.49999999999999,793.3476176482048,800.5162517383708,0.05044171735812869,100.0,1.0,5.930044729720406
77,2024,7,3,5.385574636355309E18,144.33453635440688,1.615233978168079E-4,0.0,38.09002136284207,0.0,299.1924879360586,216.0,493.01788332371865,0.0,0.0,4.0,0.0,0.0,102.49999999999999,793.3476176482048,800.5466661768734,0.0505144017671653,100.0,1.0,5.922914603940451
74,2024,7,3,1.9182794490910433E18,144.3673469209303,1.615233978168079E-4,0.0,38.10262659128154,0.0,299.22435315471887,216.0,493.31194035799405,0.0,0.0,4.0,0.0,0.0,102.49999999999999,793.3476176482048,800.5466661768734,0.05050830005606902,100.0,1.0,5.924261018932558
75,2024,7,3,4.5632002139719885E18,144.0779084663063,1.615233978168079E-4,0.0,37.97844284092746,0.0,299.19413900166313,216.0,490.71791585339076,0.0,0.0,4.0,0.0,0.0,102.49999999999999,793.3476176482048,800.5466661768734,0.05060465598399854,100.0,1.0,5.912383617354694
78,2024,7,3,4.573666521693659E18,144.3645309542636,1.615233978168079E-4,0.0,38.101465672441094,0.0,299.2463523122611,216.0,493.2867029148651,0.0,0.0,4.0,0.0,0.0,102.49999999999999,793.3476176482048,800.5466661768734,0.05051299874177517,100.0,1.0,5.924145462874269
79,2024,7,3,7.984133645203673E18,144.36730764183716,1.615233978168079E-4,0.0,38.11145249249079,0.0,299.1731884609777,215.97994652406416,493.4028316438095,0.0,0.0,3.9959893048128343,0.0,0.0,102.49999999999999,793.3476176482048,800.4554228613654,0.05049967732737923,100.0,1.0,5.9242594070749846
68,2024,7,3,3.7882275823108506E17,144.3591338085482,1.615233978168079E-4,0.0,38.10288639763218,0.0,299.13942342121106,215.9933155080214,493.2687466962651,0.0,0.0,3.998663101604278,0.0,0.0,102.49999999999999,793.3476176482048,800.5162517383708,0.05049683691976509,100.0,1.0,5.923923985506589
69,2024,7,3,1.636161643110063E18,144.3651382313841,1.615233978168079E-4,0.0,38.10337002660008,0.0,299.2315635990923,216.0,493.2921454941301,0.0,0.0,4.0,0.0,0.0,102.49999999999999,793.3476176482048,800.5466661768734,0.05051028992215716,100.0,1.0,5.924170383108997
66,2024,7,3,1.6122102325533686E18,144.33589559858527,1.615233978168079E-4,0.0,38.09384781401026,0.0,299.2475236172012,215.9933155080214,493.0604796705005,0.0,0.0,3.998663101604278,0.0,0.0,102.49999999999999,793.3476176482048,800.5162517383708,0.0505232179669898,100.0,1.0,5.922970381908762
67,2024,7,3,6.784439008112694E18,144.14690261630304,1.615233978168079E-4,0.0,38.0130295255742,0.0,299.1585047203473,215.9933155080214,491.3666742365434,0.0,0.0,3.998663101604278,0.0,0.0,102.49999999999999,793.3476176482048,800.5162517383708,0.05057441051139989,100.0,1.0,5.915214862522511
72,2024,7,3,6.579760559640829E18,144.26812360517133,1.615233978168079E-4,0.0,38.0597647281378,0.0,299.095383890945,216.0,492.42267458008854,0.0,0.0,4.0,0.0,0.0,102.49999999999999,793.3476176482048,800.5466661768734,0.05052125350748032,100.0,1.0,5.920189289180248
73,2024,7,3,7.068562221821375E18,144.416541256716,1.615233978168079E-4,0.0,38.12855962433561,0.0,299.15930409058325,215.9933155080214,493.7832475337126,0.0,0.0,3.998663101604278,0.0,0.0,102.49999999999999,793.3476176482048,800.5162517383708,0.05048011843482018,100.0,1.0,5.926279758571825
70,2024,7,3,2.437423955906098E18,144.46558583516753,1.615233978168079E-4,0.0,38.14736064260993,0.0,299.22580613965914,215.9933155080214,494.2227981058285,0.0,0.0,3.998663101604278,0.0,0.0,102.49999999999999,793.3476176482048,800.5162517383708,0.05047419869568726,100.0,1.0,5.92829235276649
71,2024,7,3,7.896750180447142E18,144.2832274236956,1.615233978168079E-4,0.0,38.06564174371479,0.0,299.1851574967762,216.0,492.5580390236841,0.0,0.0,4.0,0.0,0.0,102.49999999999999,793.3476176482048,800.5466661768734,0.050531127243219946,100.0,1.0,5.920809089746155
60,2024,7,3,6.169833032112486E17,144.2379675142276,1.615233978168079E-4,0.0,38.0521008179369,0.0,299.1475243837905,215.9933155080214,492.1828221013203,0.0,0.0,3.998663101604278,0.0,0.0,102.49999999999999,793.3476176482048,800.5162517383708,0.050540625152116325,100.0,1.0,5.918951803295296
61,2024,7,3,7.71864569677264E18,144.38044101141193,1.615233978168079E-4,0.0,38.109263754628856,0.0,299.2235751017973,216.0,493.4292930837013,0.0,0.0,4.0,0.0,0.0,102.49999999999999,793.3476176482048,800.5466661768734,0.05050358805705794,100.0,1.0,5.924798348262712
64,2024,7,3,6.762618178035378E18,144.5286564113698,1.615233978168079E-4,0.0,38.174339884717696,0.0,299.1954013668072,215.9933155080214,494.78805340474804,0.0,0.0,3.998663101604278,0.0,0.0,102.49999999999999,793.3476176482048,800.5162517383708,0.05044704584015923,100.0,1.0,5.930880518054589
65,2024,7,3,7.829733253770707E18,144.69117793014544,1.615233978168079E-4,0.0,38.243543157468785,0.0,299.1963372979669,216.0,496.21420009519727,0.0,0.0,4.0,0.0,0.0,102.49999999999999,793.3476176482048,800.5466661768734,0.05039053981766763,100.0,1.0,5.937549753993
62,2024,7,3,2.726585372660135E18,144.49906143171785,1.615233978168079E-4,0.0,38.15966397660743,0.0,299.221024809172,216.0,494.49240087779145,0.0,0.0,4.0,0.0,0.0,102.49999999999999,793.3476176482048,800.5466661768734,0.050461699172481105,100.0,1.0,5.929666057942613
63,2024,7,3,6.159904451017453E18,144.42140744933656,1.615233978168079E-4,0.0,38.125542211888856,0.0,299.15326076188694,216.0,493.79644520929185,0.0,0.0,4.0,0.0,0.0,102.49999999999999,793.3476176482048,800.5466661768734,0.050477397821066125,100.0,1.0,5.926479447738865
76,2024,11,9,1.16541095806856E18,135.4499620800119,1.6322364410961638E-4,0.0,38.85473820244969,0.0,470.9455361981814,334.7379679144385,470.8345414425476,0.0,0.0,5.847593582887701,0.0,0.0,88.0,142.3356909102303,740.0752458292827,0.08493985777207545,100.0,1.0,5.544458732929594
77,2024,11,9,5.385574636355309E18,135.5185340351661,1.6322364410961638E-4,0.0,38.87503578174449,0.0,470.7138521252874,334.7647058823529,471.3259104502524,0.0,0.0,5.852941176470588,0.0,0.0,88.0,142.3356909102303,740.1969035832934,0.08485511301425383,100.0,1.0,5.547265632021698
74,2024,11,9,1.9182794490910433E18,135.49655864108124,1.6322364410961638E-4,0.0,38.87680032004362,0.0,470.75560543653995,334.7379679144385,471.2511102697769,0.0,0.0,5.847593582887701,0.0,0.0,88.0,142.3356909102303,740.0752458292827,0.08487640321675043,100.0,1.0,5.5463660993546435
75,2024,11,9,4.5632002139719885E18,135.41808330635274,1.6322364410961638E-4,0.0,38.86025378625691,0.0,470.3830890366261,334.6844919786096,470.79286374394604,0.0,0.0,5.836898395721925,0.0,0.0,88.0,142.3356909102303,739.8319303212613,0.08485838647053709,100.0,1.0,5.543153818979854
78,2024,11,9,4.573666521693659E18,135.50260735270004,1.6322364410961638E-4,0.0,38.92386151875585,0.0,470.75625224261154,334.61764705882354,471.85264506980144,0.0,0.0,5.823529411764706,0.0,0.0,88.0,142.3356909102303,739.5277859362346,0.08487273102505204,100.0,1.0,5.546613695082553
79,2024,11,9,7.984133645203673E18,135.42693530305135,1.6322364410961638E-4,0.0,38.88818673292329,0.0,470.76200023181235,334.62433155080214,471.1457296996232,0.0,0.0,5.824866310160428,0.0,0.0,88.0,142.3356909102303,739.5582003747373,0.0849211919583952,100.0,1.0,5.543516163344118
68,2024,11,9,3.7882275823108506E17,135.59127387167217,1.6322364410961638E-4,0.0,38.93089475709989,0.0,470.74530733321785,334.71122994652404,472.2195131831446,0.0,0.0,5.842245989304812,0.0,0.0,88.0,142.3356909102303,739.953588075272,0.08481525865806003,100.0,1.0,5.550243137630079
69,2024,11,9,1.636161643110063E18,135.6247276367097,1.6322364410961638E-4,0.0,38.9485897805536,0.0,470.75069960234526,334.69786096256684,472.57941554000047,0.0,0.0,5.839572192513369,0.0,0.0,88.0,142.3356909102303,739.8927591982667,0.08479530906789387,100.0,1.0,5.551612521695332
66,2024,11,9,1.6122102325533686E18,135.58506116869387,1.6322364410961638E-4,0.0,38.957369848165186,0.0,470.71562743157006,334.62433155080214,472.5593599095347,0.0,0.0,5.824866310160428,0.0,0.0,88.0,142.3356909102303,739.5582003747373,0.08481379727470106,100.0,1.0,5.549988829140408
67,2024,11,9,6.784439008112694E18,135.3902640496676,1.6322364410961638E-4,0.0,38.88784405671987,0.0,470.48786787819233,334.57754010695186,471.0307932492806,0.0,0.0,5.815508021390374,0.0,0.0,88.0,142.3356909102303,739.3452993052188,0.08489472898273648,100.0,1.0,5.542015075798958
72,2024,11,9,6.579760559640829E18,135.46290560348015,1.6322364410961638E-4,0.0,38.88364107249933,0.0,470.6187234809475,334.6711229946524,471.25439969717377,0.0,0.0,5.834224598930481,0.0,0.0,88.0,142.3356909102303,739.771101444256,0.08487280334837137,100.0,1.0,5.544988558339852
73,2024,11,9,7.068562221821375E18,135.45094446197393,1.6322364410961638E-4,0.0,38.90901666379941,0.0,470.828853754237,334.59090909090907,471.5124414909763,0.0,0.0,5.818181818181818,0.0,0.0,88.0,142.3356909102303,739.406128182224,0.08491819700781132,100.0,1.0,5.544498945390081
70,2024,11,9,2.437423955906098E18,135.3691548171891,1.6322364410961638E-4,0.0,38.84126595762775,0.0,470.87859480495973,334.6644385026738,470.44669101669547,0.0,0.0,5.8328877005347595,0.0,0.0,88.0,142.3356909102303,739.7406870057533,0.08497848099643295,100.0,1.0,5.54115099827126
71,2024,11,9,7.896750180447142E18,135.28852818159228,1.6322364410961638E-4,0.0,38.803298655690114,0.0,470.6485613785507,334.6844919786096,469.6346532420415,0.0,0.0,5.836898395721925,0.0,0.0,88.0,142.3356909102303,739.8319303212613,0.0849875864302422,100.0,1.0,5.537850657341103
60,2024,11,9,6.169833032112486E17,135.54625542082823,1.6322364410961638E-4,0.0,38.90703563456022,0.0,470.5974086332791,334.71122994652404,471.8170525113387,0.0,0.0,5.842245989304812,0.0,0.0,88.0,142.3356909102303,739.953588075272,0.08481677192290639,100.0,1.0,5.5484003689862815
61,2024,11,9,7.71864569677264E18,135.54705531955005,1.6322364410961638E-4,0.0,38.912729939231994,0.0,470.7745463934997,334.70454545454544,471.85461796839036,0.0,0.0,5.840909090909091,0.0,0.0,88.0,142.3356909102303,739.9231736367694,0.08484819712378613,100.0,1.0,5.54843311174521
64,2024,11,9,6.762618178035378E18,135.4325829959125,1.6322364410961638E-4,0.0,38.865604807389495,0.0,470.97145472334864,334.6844919786096,470.9224895904987,0.0,0.0,5.836898395721925,0.0,0.0,88.0,142.3356909102303,739.8319303212613,0.0849554327615639,100.0,1.0,5.543747343918288
65,2024,11,9,7.829733253770707E18,135.49345884694822,1.6322364410961638E-4,0.0,38.910432587099734,0.0,471.18255590995693,334.64438502673795,471.6492005438812,0.0,0.0,5.828877005347594,0.0,0.0,88.0,142.3356909102303,739.6494436902453,0.08495532517977877,100.0,1.0,5.546239213526178
62,2024,11,9,2.726585372660135E18,135.4352939363805,1.6322364410961638E-4,0.0,38.88231878300899,0.0,470.9274408776721,334.64438502673795,471.1292117716404,0.0,0.0,5.828877005347594,0.0,0.0,88.0,142.3356909102303,739.6494436902453,0.084945793042948,100.0,1.0,5.54385831255439
63,2024,11,9,6.159904451017453E18,135.42648552035484,1.6322364410961638E-4,0.0,38.86546759115371,0.0,470.82652934030705,334.6844919786096,470.86797873854215,0.0,0.0,5.836898395721925,0.0,0.0,88.0,142.3356909102303,739.8319303212613,0.08493311450545785,100.0,1.0,5.543497752105293
76,2025,3,3,1.16541095806856E18,173.63706628914792,7.696643144082784E-4,0.0,35.47415398931565,0.0,313.20000000000397,262.7566844919786,549.6121016928063,0.0,0.0,6.751336898395722,0.0,0.0,143.0,874.3500077564526,998.8154171532555,0.044175706752471504,100.0,1.0,7.089869591786019
77,2025,3,3,5.385574636355309E18,173.87091241435286,7.696643144082784E-4,0.0,35.58384598553316,0.0,313.20000000000397,262.6764705882353,552.0624233379978,0.0,0.0,6.735294117647059,0.0,0.0,143.0,874.3500077564526,998.4504438912234,0.0441162930316323,100.0,1.0,7.099417890243703
74,2025,3,3,1.9182794490910433E18,173.77809234406203,7.696643144082784E-4,0.0,35.5078083822571,0.0,313.20000000000397,262.8168449197861,550.5959870064927,0.0,0.0,6.7633689839572195,0.0,0.0,143.0,874.3500077564526,999.0891470997796,0.04413985686160026,100.0,1.0,7.095627903417019
75,2025,3,3,4.5632002139719885E18,173.656522874484,7.696643144082784E-4,0.0,35.461955025762215,0.0,313.20000000000397,262.8235294117647,549.4814635343065,0.0,0.0,6.764705882352941,0.0,0.0,143.0,874.3500077564526,999.1195615382821,0.044170757278682866,100.0,1.0,7.090664034215156
78,2025,3,3,4.573666521693659E18,173.6652561589165,7.696643144082784E-4,0.0,35.42958668108087,0.0,313.20000000000397,262.9505347593583,548.9814692213162,0.0,0.0,6.790106951871658,0.0,0.0,143.0,874.3500077564526,999.6974358698329,0.04416853601810683,100.0,1.0,7.091020627706747
79,2025,3,3,7.984133645203673E18,173.80277244708373,7.696643144082784E-4,0.0,35.50626818008209,0.0,313.20000000000397,262.85695187165777,550.6335878919465,0.0,0.0,6.771390374331551,0.0,0.0,143.0,874.3500077564526,999.2716337307955,0.044133588974158845,100.0,1.0,7.096635630140781
68,2025,3,3,3.7882275823108506E17,173.72267395663988,7.696643144082784E-4,0.0,35.52064035059547,0.0,313.20000000000397,262.7098930481283,550.5884184949322,0.0,0.0,6.741978609625669,0.0,0.0,143.0,874.3500077564526,998.6025160837368,0.04415393769303463,100.0,1.0,7.09336508506719
69,2025,3,3,1.636161643110063E18,173.76158904298262,7.696643144082784E-4,0.0,35.52122792754059,0.0,313.20000000000397,262.7566844919786,550.7225469616709,0.0,0.0,6.751336898395722,0.0,0.0,143.0,874.3500077564526,998.8154171532555,0.04414404911922983,100.0,1.0,7.094954048145285
66,2025,3,3,1.6122102325533686E18,173.7692421825388,7.696643144082784E-4,0.0,35.4820524019283,0.0,313.20000000000397,262.8970588235294,550.1520914616696,0.0,0.0,6.779411764705882,0.0,0.0,143.0,874.3500077564526,999.4541203618116,0.04414210492839236,100.0,1.0,7.09526653765332
67,2025,3,3,6.784439008112694E18,173.7457563179876,7.696643144082784E-4,0.0,35.496074344826006,0.0,313.20000000000397,262.8168449197861,550.3076269593339,0.0,0.0,6.7633689839572195,0.0,0.0,143.0,874.3500077564526,999.0891470997796,0.04414807178202556,100.0,1.0,7.094307573530769
72,2025,3,3,6.579760559640829E18,173.77278717314155,7.696643144082784E-4,0.0,35.49952648923724,0.0,313.20000000000397,262.8435828877005,550.4270198108902,0.0,0.0,6.768716577540107,0.0,0.0,143.0,874.3500077564526,999.2108048537903,0.04414120442291217,100.0,1.0,7.09541128509472
73,2025,3,3,7.068562221821375E18,173.77890524262276,7.696643144082784E-4,0.0,35.4804142534033,0.0,313.20000000000397,262.91711229946526,550.1470195407239,0.0,0.0,6.783422459893048,0.0,0.0,143.0,874.3500077564526,999.5453636773196,0.044139650385296034,100.0,1.0,7.095661095320736
70,2025,3,3,2.437423955906098E18,173.82632213907254,7.696643144082784E-4,0.0,35.54046518137174,0.0,313.20000000000397,262.7633689839572,551.2693969835024,0.0,0.0,6.752673796791444,0.0,0.0,143.0,874.3500077564526,998.8458315917582,0.04412760983121943,100.0,1.0,7.0975972004362
71,2025,3,3,7.896750180447142E18,173.87239850052853,7.696643144082784E-4,0.0,35.51268748830933,0.0,313.20000000000397,262.92379679144386,550.9503414493162,0.0,0.0,6.78475935828877,0.0,0.0,143.0,874.3500077564526,999.5757781158222,0.04411591596998379,100.0,1.0,7.099478569437466
60,2025,3,3,6.169833032112486E17,173.79111738236904,7.696643144082784E-4,0.0,35.488392564331306,0.0,313.20000000000397,262.903743315508,550.3167515088235,0.0,0.0,6.780748663101604,0.0,0.0,143.0,874.3500077564526,999.4845348003142,0.04413654873322675,100.0,1.0,7.096159735847712
61,2025,3,3,7.71864569677264E18,173.7004095996675,7.696643144082784E-4,0.0,35.49047767931616,0.0,313.20000000000397,262.7834224598931,550.0553148343928,0.0,0.0,6.75668449197861,0.0,0.0,143.0,874.3500077564526,998.9370749072662,0.044159597202029506,100.0,1.0,7.092455996985629
64,2025,3,3,6.762618178035378E18,173.67391888311766,7.696643144082784E-4,0.0,35.433024784243855,0.0,313.20000000000397,262.9438502673797,549.0891344498021,0.0,0.0,6.788770053475936,0.0,0.0,143.0,874.3500077564526,999.6670214313303,0.044166332924813645,100.0,1.0,7.091374340115095
65,2025,3,3,7.829733253770707E18,173.8016477273109,7.696643144082784E-4,0.0,35.517218531733036,0.0,313.20000000000397,262.8168449197861,550.8060447114457,0.0,0.0,6.7633689839572195,0.0,0.0,143.0,874.3500077564526,999.0891470997796,0.04413387457513457,100.0,1.0,7.096589706095367
62,2025,3,3,2.726585372660135E18,173.66379750986565,7.696643144082784E-4,0.0,35.46095068144851,0.0,313.20000000000397,262.8368983957219,549.4855070135067,0.0,0.0,6.767379679144385,0.0,0.0,143.0,874.3500077564526,999.1803904152875,0.044168907001547575,100.0,1.0,7.0909610688131846
63,2025,3,3,6.159904451017453E18,173.84487821529686,7.696643144082784E-4,0.0,35.575787287629105,0.0,313.20000000000397,262.6764705882353,551.8302605221268,0.0,0.0,6.735294117647059,0.0,0.0,143.0,874.3500077564526,998.4504438912234,0.044122899682148435,100.0,1.0,7.098354873687522
76,2025,7,10,1.16541095806856E18,140.8442305415022,1.336745361242548E-4,0.0,42.95559419572849,0.0,409.94278062994306,234.9933155080214,538.5980952423276,0.0,0.0,5.998663101604278,0.0,0.0,102.80000000000145,380.87182420023237,714.2647240315729,0.07146153745824092,100.0,1.0,5.736551370301768
77,2025,7,10,5.385574636355309E18,140.92888815553945,1.336745361242548E-4,0.0,42.994040720155276,0.0,410.18798746376706,234.9866310160428,539.3815712481236,0.0,0.0,5.997326203208556,0.0,0.0,102.80000000000145,380.87182420023237,714.2343095930702,0.07146132865034668,100.0,1.0,5.739999454401091
74,2025,7,10,1.9182794490910433E18,140.9282671163125,1.336745361242548E-4,0.0,42.9921254686397,0.0,410.0458076450072,234.9866310160428,539.3760468687886,0.0,0.0,5.997326203208556,0.0,0.0,102.80000000000145,380.87182420023237,714.2343095930702,0.07143687344959633,100.0,1.0,5.739974159623922
75,2025,7,10,4.5632002139719885E18,141.05467065089985,1.336745361242548E-4,0.0,43.04441937254774,0.0,409.96006906489447,234.9866310160428,540.500454223639,0.0,0.0,5.997326203208556,0.0,0.0,102.80000000000145,380.87182420023237,714.2343095930702,0.07135793290003387,100.0,1.0,5.745122544948326
78,2025,7,10,4.573666521693659E18,140.93130526792308,1.336745361242548E-4,0.0,42.988085755329955,0.0,409.93866061146764,235.0,539.3422435020057,0.0,0.0,6.0,0.0,0.0,102.80000000000145,380.87182420023237,714.2951384700757,0.07141666702432306,100.0,1.0,5.740097902802588
79,2025,7,10,7.984133645203673E18,141.2112827143158,1.336745361242548E-4,0.0,43.10949808932002,0.0,410.0990191823345,234.9866310160428,541.8935778933081,0.0,0.0,5.997326203208556,0.0,0.0,102.80000000000145,380.87182420023237,714.2343095930702,0.07130295146034053,100.0,1.0,5.751501316329604
68,2025,7,10,3.7882275823108506E17,140.91408174318985,1.336745361242548E-4,0.0,42.98734144240436,0.0,410.0068436728591,234.9866310160428,539.2498625977368,0.0,0.0,5.997326203208556,0.0,0.0,102.80000000000145,380.87182420023237,714.2343095930702,0.07143727591043025,100.0,1.0,5.739396392815081
69,2025,7,10,1.636161643110063E18,140.94487228465167,1.336745361242548E-4,0.0,42.994083071803196,0.0,410.0371461728357,235.0,539.4629272585373,0.0,0.0,6.0,0.0,0.0,102.80000000000145,380.87182420023237,714.2951384700757,0.07142694844567504,100.0,1.0,5.740650484105398
66,2025,7,10,1.6122102325533686E18,140.85755680293764,1.336745361242548E-4,0.0,42.96086384134217,0.0,410.0622584792363,235.0,538.6862229507663,0.0,0.0,6.0,0.0,0.0,102.80000000000145,380.87182420023237,714.2951384700757,0.07147560211933979,100.0,1.0,5.737094145699852
67,2025,7,10,6.784439008112694E18,141.08772423592427,1.336745361242548E-4,0.0,43.05646467203113,0.0,410.0591665063352,234.9933155080214,540.7640639532663,0.0,0.0,5.998663101604278,0.0,0.0,102.80000000000145,380.87182420023237,714.2647240315729,0.07135846031769678,100.0,1.0,5.746468809454415
72,2025,7,10,6.579760559640829E18,140.98180554688895,1.336745361242548E-4,0.0,43.01251820374744,0.0,410.07345939295,234.9866310160428,539.8522915031148,0.0,0.0,5.997326203208556,0.0,0.0,102.80000000000145,380.87182420023237,714.2343095930702,0.07141456056793555,100.0,1.0,5.742154766923946
73,2025,7,10,7.068562221821375E18,140.89050717126923,1.336745361242548E-4,0.0,42.97932434559764,0.0,410.08048288479563,234.9866310160428,539.0401578442911,0.0,0.0,5.997326203208556,0.0,0.0,102.80000000000145,380.87182420023237,714.2343095930702,0.0714620618140976,100.0,1.0,5.73843620621505
70,2025,7,10,2.437423955906098E18,140.8087304681264,1.336745361242548E-4,0.0,42.945209009793814,0.0,410.13436504694545,234.97994652406416,538.3431375099481,0.0,0.0,5.995989304812834,0.0,0.0,102.80000000000145,380.87182420023237,714.2038951545676,0.07151295958580105,100.0,1.0,5.735105460918136
71,2025,7,10,7.896750180447142E18,140.81705923823276,1.336745361242548E-4,0.0,42.94674973797689,0.0,410.20198745151225,234.9933155080214,538.3563962001552,0.0,0.0,5.998663101604278,0.0,0.0,102.80000000000145,380.87182420023237,714.2647240315729,0.07152052014166616,100.0,1.0,5.73544468970575
60,2025,7,10,6.169833032112486E17,140.82744420696005,1.336745361242548E-4,0.0,42.9483442015704,0.0,410.10926386634804,234.9933155080214,538.4487744335264,0.0,0.0,5.998663101604278,0.0,0.0,102.80000000000145,380.87182420023237,714.2647240315729,0.07149908046664613,100.0,1.0,5.735867666964771
61,2025,7,10,7.71864569677264E18,140.91740536389275,1.336745361242548E-4,0.0,42.98357240281915,0.0,409.9918552029851,235.0,539.2185985867382,0.0,0.0,6.0,0.0,0.0,102.80000000000145,380.87182420023237,714.2951384700757,0.07143297957513589,100.0,1.0,5.73953176308067
64,2025,7,10,6.762618178035378E18,141.01409511534868,1.336745361242548E-4,0.0,43.02658442357199,0.0,409.97551502685377,234.9933155080214,540.1091050157937,0.0,0.0,5.998663101604278,0.0,0.0,102.80000000000145,380.87182420023237,714.2647240315729,0.07138115481081472,100.0,1.0,5.743469913220566
65,2025,7,10,7.829733253770707E18,140.9145858309137,1.336745361242548E-4,0.0,42.98862207224549,0.0,410.10471094600996,234.9866310160428,539.2543466491197,0.0,0.0,5.997326203208556,0.0,0.0,102.80000000000145,380.87182420023237,714.2343095930702,0.07145407214064388,100.0,1.0,5.739416924185876
62,2025,7,10,2.726585372660135E18,141.0560006875317,1.336745361242548E-4,0.0,43.04055724745185,0.0,409.92915554693957,234.9933155080214,540.4818709651421,0.0,0.0,5.998663101604278,0.0,0.0,102.80000000000145,380.87182420023237,714.2647240315729,0.0713518792786089,100.0,1.0,5.7451767170179515
63,2025,7,10,6.159904451017453E18,140.80289810540256,1.336745361242548E-4,0.0,42.94651198773119,0.0,410.1120253314297,234.97326203208556,538.3216708712007,0.0,0.0,5.994652406417113,0.0,0.0,102.80000000000145,380.87182420023237,714.1734807160649,0.0715120263889846,100.0,1.0,5.734867910198132
76,2025,11,12,1.16541095806856E18,128.16434383495596,4.6287302060935996E-5,0.0,27.40202312142315,0.0,619.4597198303619,343.59090909090907,311.98489505137826,0.0,0.0,5.818181818181818,0.0,0.0,88.0,352.87459660944126,825.2447451769358,0.11896454157120759,100.0,1.0,5.207095422290828
77,2025,11,12,5.385574636355309E18,128.16094058667866,4.6287302060935996E-5,0.0,27.382767188856445,0.0,619.717320587724,343.63770053475935,311.7417962318605,0.0,0.0,5.827540106951871,0.0,0.0,88.0,352.87459660944126,825.4576462464545,0.11901717303114082,100.0,1.0,5.206957154204756
74,2025,11,12,1.9182794490910433E18,128.08531490573094,4.6287302060935996E-5,0.0,27.32803773141539,0.0,619.654102666667,343.6644385026738,310.9490956326795,0.0,0.0,5.8328877005347595,0.0,0.0,88.0,352.87459660944126,825.5793040004652,0.11907529637278148,100.0,1.0,5.203884613704886
75,2025,11,12,4.5632002139719885E18,128.05493901187702,4.6287302060935996E-5,0.0,27.300794599352088,0.0,619.9968007072159,343.69117647058823,310.55790607438223,0.0,0.0,5.838235294117647,0.0,0.0,88.0,352.87459660944126,825.7009617544759,0.1191694121016536,100.0,1.0,5.202650493721894
78,2025,11,12,4.573666521693659E18,128.1119098975486,4.6287302060935996E-5,0.0,27.344713792607372,0.0,619.669750476726,343.6644385026738,311.1850786843747,0.0,0.0,5.8328877005347595,0.0,0.0,88.0,352.87459660944126,825.5793040004652,0.11905358363223588,100.0,1.0,5.2049651221833475
79,2025,11,12,7.984133645203673E18,128.03284617074328,4.6287302060935996E-5,0.0,27.26148312958826,0.0,620.4010443331688,343.7580213903743,310.0577271837948,0.0,0.0,5.851604278074866,0.0,0.0,88.0,352.87459660944126,826.0051061395026,0.11926768846578817,100.0,1.0,5.201752899831963
68,2025,11,12,3.7882275823108506E17,127.9310746981724,4.6287302060935996E-5,0.0,27.260753001513667,0.0,619.6573891617143,343.61764705882354,309.7933903449071,0.0,0.0,5.823529411764706,0.0,0.0,88.0,352.87459660944126,825.3664029309465,0.1192194919116827,100.0,1.0,5.19761810107993
69,2025,11,12,1.636161643110063E18,128.05685276626866,4.6287302060935996E-5,0.0,27.266914796996048,0.0,619.697277090117,343.77139037433153,310.20991396446533,0.0,0.0,5.85427807486631,0.0,0.0,88.0,352.87459660944126,826.065935016508,0.11911006067572201,100.0,1.0,5.202728246249889
66,2025,11,12,1.6122102325533686E18,128.08832239187967,4.6287302060935996E-5,0.0,27.3189076440046,0.0,619.5201259169613,343.69786096256684,310.8237095081364,0.0,0.0,5.839572192513369,0.0,0.0,88.0,352.87459660944126,825.7313761929786,0.11904675558844405,100.0,1.0,5.204006802660807
67,2025,11,12,6.784439008112694E18,128.29097386328846,4.6287302060935996E-5,0.0,27.463615367839104,0.0,620.1078369148263,343.61764705882354,312.98685262791525,0.0,0.0,5.823529411764706,0.0,0.0,88.0,352.87459660944126,825.3664029309465,0.11897146243562952,100.0,1.0,5.212240181130334
72,2025,11,12,6.579760559640829E18,128.02137490497773,4.6287302060935996E-5,0.0,27.327960797507888,0.0,619.7963285051436,343.57754010695186,310.77713002825396,0.0,0.0,5.815508021390374,0.0,0.0,88.0,352.87459660944126,825.1839162999304,0.1191621126297106,100.0,1.0,5.20128684216203
73,2025,11,12,7.068562221821375E18,128.08398145525666,4.6287302060935996E-5,0.0,27.357483519279885,0.0,619.5798370376184,343.59090909090907,311.2718224648945,0.0,0.0,5.818181818181818,0.0,0.0,88.0,352.87459660944126,825.2447451769358,0.11906226469692778,100.0,1.0,5.203830437920485
70,2025,11,12,2.437423955906098E18,128.17035950752492,4.6287302060935996E-5,0.0,27.33954975837272,0.0,619.3404707880682,343.7647058823529,311.2474979999078,0.0,0.0,5.852941176470588,0.0,0.0,88.0,352.87459660944126,826.0355205780053,0.11893605778907265,100.0,1.0,5.207339828653465
71,2025,11,12,7.896750180447142E18,128.18666060202025,4.6287302060935996E-5,0.0,27.3612181645042,0.0,619.3827796182869,343.7312834224599,311.5442132910668,0.0,0.0,5.846256684491979,0.0,0.0,88.0,352.87459660944126,825.8834483854919,0.11892905687667382,100.0,1.0,5.208002113903668
60,2025,11,12,6.169833032112486E17,128.28564835934176,4.6287302060935996E-5,0.0,27.42450509549052,0.0,619.3863227826656,343.70454545454544,312.54421059161155,0.0,0.0,5.840909090909091,0.0,0.0,88.0,352.87459660944126,825.7617906314812,0.11883796865727132,100.0,1.0,5.212023815124067
61,2025,11,12,7.71864569677264E18,128.16590589554855,4.6287302060935996E-5,0.0,27.375803238454512,0.0,619.6199304884201,343.6577540106952,311.6946111641499,0.0,0.0,5.831550802139038,0.0,0.0,88.0,352.87459660944126,825.5488895619625,0.11899385903921879,100.0,1.0,5.207158886108582
64,2025,11,12,6.762618178035378E18,127.94984274565667,4.6287302060935996E-5,0.0,27.23241683391021,0.0,619.8843272597949,343.71791443850265,309.50370666762336,0.0,0.0,5.843582887700535,0.0,0.0,88.0,352.87459660944126,825.8226195084866,0.1192456599940928,100.0,1.0,5.19838061435949
65,2025,11,12,7.829733253770707E18,128.09251672042384,4.6287302060935996E-5,0.0,27.341047393446285,0.0,619.6473974926764,343.63101604278074,311.165071067603,0.0,0.0,5.82620320855615,0.0,0.0,88.0,352.87459660944126,825.4272318079518,0.11906731311659913,100.0,1.0,5.204177210968672
62,2025,11,12,2.726585372660135E18,128.2268928842019,4.6287302060935996E-5,0.0,27.410829571153283,0.0,619.9915801069195,343.6577540106952,312.23576176102733,0.0,0.0,5.831550802139038,0.0,0.0,88.0,352.87459660944126,825.5488895619625,0.11900860232022265,100.0,1.0,5.209636681881835
63,2025,11,12,6.159904451017453E18,128.17567784035643,4.6287302060935996E-5,0.0,27.398058037479476,0.0,619.3717822630408,343.61764705882354,311.9638063518978,0.0,0.0,5.823529411764706,0.0,0.0,88.0,352.87459660944126,825.3664029309465,0.11893713553211975,100.0,1.0,5.207555903309739
