id,seed,protection_coefficient,max_soil_health,salinity_sensitivity_slope,salinity_sterility_threshold,sterility_penalty_rate,max_sterility_penalty,error_yield,fitness
0,2.438347332235726E18,0.25,0.85,0.3,4.5,0.01,0.4,0.13073664299409676,0.6536832149704839
1,2.438347332235726E18,0.4,0.75,0.3,2.1,0.045,0.4,0.1638434691269464,0.8192173456347319
2,2.438347332235726E18,0.45,0.9,0.2,6.8,0.05,0.25,0.05818299406904976,0.2909149703452488
3,2.438347332235726E18,0.7,0.75,0.35,8.9,0.035,0.5,0.1373200227052008,0.686600113526004
4,2.438347332235726E18,0.3,1.0,0.3,3.8,0.065,0.15,0.15896033206045565,0.7948016603022783
5,2.438347332235726E18,0.2,1.0,0.2,3.8,0.01,0.5,0.19904421189710006,0.9952210594855003
6,2.438347332235726E18,0.5,0.75,0.1,6.3,0.05,0.15,0.13709864677246336,0.6854932338623168
7,2.438347332235726E18,0.3,0.95,0.45,2.5,0.09,0.45,0.16170792501725428,0.8085396250862714
8,2.438347332235726E18,0.7,0.9,0.4,3.7,0.04,0.3,0.09892594743824151,0.49462973719120756
9,2.438347332235726E18,0.25,1.0,0.2,4.4,0.06,0.25,0.16138884028427616,0.8069442014213808
10,2.438347332235726E18,0.55,0.95,0.4,3.8,0.1,0.15,0.14540798817447237,0.7270399408723618
11,2.438347332235726E18,0.65,0.75,0.45,9.0,0.055,0.4,0.1373200227052008,0.686600113526004
12,2.438347332235726E18,0.6,0.7,0.45,7.9,0.085,0.15,0.19042293005383074,0.9521146502691537
13,2.438347332235726E18,0.35,1.0,0.3,9.9,0.04,0.35,0.16244265595305452,0.8122132797652726
14,2.438347332235726E18,0.3,0.8,0.5,4.6,0.05,0.15,0.12749053664072466,0.6374526832036232
15,2.438347332235726E18,0.7,0.85,0.2,9.9,0.065,0.25,0.07496341793762278,0.3748170896881139
16,2.438347332235726E18,0.3,0.8,0.35,3.1,0.02,0.5,0.16719134221938228,0.8359567110969114
17,2.438347332235726E18,0.2,0.85,0.35,8.4,0.06,0.25,0.13298562133794667,0.6649281066897333
18,2.438347332235726E18,0.25,0.85,0.2,7.1,0.045,0.4,0.11953720164830658,0.597686008241533
19,2.438347332235726E18,0.3,0.75,0.4,9.2,0.035,0.15,0.16312581225195946,0.8156290612597973
20,2.438347332235726E18,0.25,0.85,0.2,9.9,0.065,0.25,0.08494013559012531,0.42470067795062655
21,2.438347332235726E18,0.2,0.85,0.2,9.9,0.065,0.25,0.1025265599034479,0.5126327995172395
22,2.438347332235726E18,0.2,0.85,0.2,7.1,0.045,0.4,0.13402070264364713,0.6701035132182356
23,2.438347332235726E18,0.7,0.85,0.35,8.4,0.06,0.25,0.07496341793762278,0.3748170896881139
24,2.438347332235726E18,0.3,0.8,0.3,4.5,0.01,0.4,0.13954896425463775,0.6977448212731887
25,2.438347332235726E18,0.7,0.85,0.3,4.5,0.01,0.4,0.07496341793762278,0.3748170896881139
26,2.438347332235726E18,0.25,0.85,0.35,8.4,0.06,0.25,0.11175765301596731,0.5587882650798366
27,2.438347332235726E18,0.25,0.85,0.5,4.6,0.05,0.15,0.12990909007383797,0.6495454503691899
28,2.438347332235726E18,0.25,0.85,0.4,4.5,0.01,0.4,0.14582152115109548,0.7291076057554774
29,2.438347332235726E18,0.45,0.9,0.2,6.8,0.045,0.4,0.0596542886353907,0.2982714431769535
30,2.438347332235726E18,0.7,0.85,0.3,4.5,0.065,0.25,0.07496341793762278,0.3748170896881139
31,2.438347332235726E18,0.25,0.85,0.2,7.1,0.05,0.25,0.08494013559012531,0.42470067795062655
32,2.438347332235726E18,0.45,0.9,0.2,6.8,0.065,0.25,0.05818299406904976,0.2909149703452488
33,2.438347332235726E18,0.7,0.85,0.2,9.9,0.05,0.25,0.07496341793762278,0.3748170896881139
34,2.438347332235726E18,0.7,0.85,0.2,9.9,0.01,0.4,0.07496341793762278,0.3748170896881139
35,2.438347332235726E18,0.7,0.85,0.3,4.5,0.065,0.4,0.07496341793762278,0.3748170896881139
36,2.438347332235726E18,0.45,0.9,0.2,9.9,0.065,0.25,0.06625138984969453,0.33125694924847265
37,2.438347332235726E18,0.7,0.85,0.2,6.8,0.05,0.25,0.07496341793762278,0.3748170896881139
38,2.438347332235726E18,0.7,0.85,0.2,6.8,0.065,0.25,0.07496341793762278,0.3748170896881139
39,2.438347332235726E18,0.7,0.85,0.2,9.9,0.045,0.4,0.07496341793762278,0.3748170896881139
40,2.438347332235726E18,0.45,0.9,0.3,6.8,0.045,0.4,0.060801723865508965,0.3040086193275448
41,2.438347332235726E18,0.7,0.85,0.2,6.8,0.045,0.4,0.07496341793762278,0.3748170896881139
42,2.438347332235726E18,0.45,0.9,0.3,4.5,0.01,0.4,0.06835460001819577,0.34177300009097883
43,2.438347332235726E18,0.45,0.9,0.2,9.9,0.01,0.4,0.0736094390471224,0.368047195235612
44,2.438347332235726E18,0.45,0.9,0.2,9.9,0.045,0.25,0.06625138984969453,0.33125694924847265
45,2.438347332235726E18,0.45,0.9,0.2,9.9,0.045,0.4,0.06330623439626366,0.3165311719813183
46,2.438347332235726E18,0.45,0.9,0.3,4.5,0.045,0.25,0.05748090904449733,0.28740454522248665
47,2.438347332235726E18,0.45,0.9,0.3,4.5,0.01,0.25,0.06843731467400423,0.3421865733700211
48,2.438347332235726E18,0.45,0.9,0.2,9.9,0.05,0.25,0.06625138984969453,0.33125694924847265
49,2.438347332235726E18,0.45,0.9,0.3,6.8,0.065,0.25,0.057706238446693925,0.2885311922334696
50,2.438347332235726E18,0.45,0.9,0.2,9.9,0.045,0.1,0.07957665123654867,0.39788325618274334
51,2.438347332235726E18,0.45,0.9,0.3,6.8,0.065,0.1,0.0727803859221184,0.363901929610592
52,2.438347332235726E18,0.45,0.9,0.2,4.5,0.045,0.25,0.05780639758033543,0.28903198790167717
53,2.438347332235726E18,0.45,0.9,0.3,4.5,0.045,0.4,0.06201859590560654,0.31009297952803266
54,2.438347332235726E18,0.45,0.9,0.3,6.8,0.045,0.25,0.057706238446693925,0.2885311922334696
55,2.438347332235726E18,0.45,0.9,0.3,6.8,0.05,0.25,0.057706238446693925,0.2885311922334696
56,2.438347332235726E18,0.45,0.9,0.2,6.8,0.05,0.3,0.05635831830794251,0.28179159153971256
57,2.438347332235726E18,0.45,0.9,0.2,3.2,0.045,0.4,0.06088807480508351,0.3044403740254175
58,2.438347332235726E18,0.45,0.9,0.2,3.2,0.045,0.25,0.0568133494926436,0.284066747463218
59,2.438347332235726E18,0.45,0.9,0.3,6.8,0.035,0.25,0.057706238446693925,0.2885311922334696
60,2.438347332235726E18,0.45,0.9,0.3,6.8,0.045,0.35,0.05767866361625528,0.2883933180812764
61,2.438347332235726E18,0.45,0.9,0.2,6.8,0.045,0.35,0.056931297411046466,0.28465648705523233
62,2.438347332235726E18,0.45,0.9,0.3,6.8,0.05,0.3,0.056539080739490426,0.2826954036974521
63,2.438347332235726E18,0.45,0.9,0.3,9.8,0.045,0.35,0.0629002324417019,0.3145011622085095
64,2.438347332235726E18,0.45,0.9,0.3,6.8,0.085,0.25,0.057706238446693925,0.2885311922334696
65,2.438347332235726E18,0.45,0.7,0.3,6.8,0.05,0.3,0.2008572900865547,1.0042864504327735
66,2.438347332235726E18,0.45,0.9,0.2,6.8,0.045,0.25,0.05818299406904976,0.2909149703452488
67,2.438347332235726E18,0.45,0.9,0.3,3.2,0.045,0.25,0.05655960555400067,0.28279802777000335
68,2.438347332235726E18,0.45,0.9,0.3,4.5,0.045,0.2,0.06048855112312653,0.30244275561563266
69,2.438347332235726E18,0.45,0.9,0.25,4.5,0.045,0.25,0.05761761522816714,0.2880880761408357
70,2.438347332235726E18,0.45,0.9,0.25,4.5,0.045,0.35,0.058011005396781064,0.29005502698390534
71,2.438347332235726E18,0.45,0.9,0.3,3.2,0.045,0.35,0.05832092855356178,0.2916046427678089
72,2.438347332235726E18,0.45,0.9,0.3,4.5,0.045,0.35,0.058468695123024876,0.29234347561512436
73,2.438347332235726E18,0.45,0.9,0.25,4.5,0.05,0.3,0.056659213764155385,0.2832960688207769
74,2.438347332235726E18,0.45,0.9,0.2,4.5,0.05,0.3,0.05650643454248231,0.28253217271241154
75,2.438347332235726E18,0.45,0.9,0.2,3.2,0.05,0.3,0.05584505563866988,0.2792252781933494
76,2.438347332235726E18,0.45,0.9,0.3,10.0,0.05,0.3,0.06441663306267022,0.32208316531335107
77,2.438347332235726E18,0.45,0.85,0.2,6.8,0.045,0.35,0.04986130325342946,0.2493065162671473
78,2.438347332235726E18,0.45,0.9,0.2,6.8,0.05,0.15,0.06794339822215971,0.33971699111079856
79,2.438347332235726E18,0.45,0.9,0.2,6.8,0.085,0.3,0.05635831830794251,0.28179159153971256
80,2.438347332235726E18,0.45,0.85,0.2,6.8,0.05,0.3,0.04565081833871566,0.2282540916935783
81,2.438347332235726E18,0.45,0.9,0.2,3.2,0.045,0.35,0.05737525589807856,0.2868762794903928
82,2.438347332235726E18,0.45,0.9,0.2,3.2,0.045,0.3,0.0558668102618297,0.2793340513091485
83,2.438347332235726E18,0.45,0.9,0.25,6.8,0.05,0.3,0.056425063835551695,0.28212531917775846
84,2.438347332235726E18,0.45,0.9,0.25,6.8,0.085,0.3,0.056425063835551695,0.28212531917775846
85,2.438347332235726E18,0.45,0.9,0.2,2.4,0.05,0.3,0.05585664823655207,0.2792832411827604
86,2.438347332235726E18,0.45,0.9,0.2,3.2,0.085,0.3,0.05556483488934614,0.2778241744467307
87,2.438347332235726E18,0.45,0.9,0.2,6.8,0.045,0.3,0.05635831830794251,0.28179159153971256
88,2.438347332235726E18,0.45,0.9,0.2,2.4,0.045,0.35,0.05762083524921824,0.2881041762460912
89,2.438347332235726E18,0.45,0.9,0.2,7.3,0.045,0.35,0.05711750912879756,0.2855875456439878
90,2.438347332235726E18,0.45,0.85,0.2,6.8,0.045,0.3,0.04565081833871566,0.2282540916935783
91,2.438347332235726E18,0.45,0.85,0.2,6.8,0.085,0.3,0.04565081833871566,0.2282540916935783
92,2.438347332235726E18,0.45,0.9,0.2,2.4,0.045,0.3,0.05586614931635101,0.27933074658175505
93,2.438347332235726E18,0.45,0.9,0.2,6.8,0.05,0.2,0.062171343119888894,0.3108567155994445
94,2.438347332235726E18,0.45,0.9,0.2,2.4,0.085,0.3,0.05566202509646975,0.2783101254823488
95,2.438347332235726E18,0.45,0.85,0.2,3.2,0.05,0.3,0.04673745292764511,0.23368726463822556
96,2.438347332235726E18,0.45,0.85,0.2,3.2,0.085,0.3,0.04681753331591951,0.23408766657959754
97,2.438347332235726E18,0.45,0.85,0.2,2.4,0.085,0.3,0.04765984643537597,0.23829923217687984
98,2.438347332235726E18,0.45,0.9,0.2,3.5,0.085,0.3,0.05609088181019537,0.28045440905097685
99,2.438347332235726E18,0.45,0.85,0.1,3.2,0.05,0.3,0.04546429221626276,0.2273214610813138
100,2.438347332235726E18,0.45,0.85,0.2,2.4,0.045,0.3,0.04702225900417463,0.23511129502087313
101,2.438347332235726E18,0.45,0.85,0.2,6.8,0.045,0.15,0.04818339528832173,0.24091697644160864
102,2.438347332235726E18,0.45,0.85,0.2,6.8,0.005,0.35,0.057612642767064855,0.2880632138353243
103,2.438347332235726E18,0.45,0.85,0.1,3.2,0.085,0.3,0.04550112515363703,0.22750562576818514
104,2.438347332235726E18,0.45,0.85,0.45,6.8,0.085,0.3,0.04897970161559844,0.2448985080779922
105,2.438347332235726E18,0.45,0.85,0.1,6.8,0.085,0.3,0.04462470745361537,0.22312353726807682
106,2.438347332235726E18,0.45,0.85,0.2,7.9,0.085,0.3,0.04602989276126386,0.2301494638063193
107,2.438347332235726E18,0.45,0.85,0.25,3.2,0.085,0.3,0.04753603823063165,0.23768019115315825
108,2.438347332235726E18,0.45,0.85,0.1,6.8,0.05,0.3,0.04462470745361537,0.22312353726807682
109,2.438347332235726E18,0.45,0.85,0.1,6.8,0.045,0.3,0.04462470745361537,0.22312353726807682
110,2.438347332235726E18,0.45,0.85,0.2,7.4,0.05,0.3,0.04574590008440046,0.2287295004220023
111,2.438347332235726E18,0.45,0.9,0.2,7.9,0.085,0.3,0.057456728875470243,0.2872836443773512
112,2.438347332235726E18,0.45,0.85,0.1,7.9,0.045,0.3,0.045119713023275235,0.22559856511637616
113,2.438347332235726E18,0.45,0.85,0.2,7.9,0.045,0.3,0.04602989276126386,0.2301494638063193
114,2.438347332235726E18,0.4,0.85,0.1,6.8,0.045,0.3,0.05078128066415627,0.25390640332078135
115,2.438347332235726E18,0.45,0.85,0.1,6.8,0.05,0.15,0.0494685423546669,0.2473427117733345
116,2.438347332235726E18,0.45,0.85,0.1,7.9,0.065,0.3,0.045119713023275235,0.22559856511637616
117,2.438347332235726E18,0.45,0.85,0.1,7.9,0.085,0.3,0.045119713023275235,0.22559856511637616
118,2.438347332235726E18,0.45,0.85,0.1,3.2,0.065,0.3,0.04547692199623496,0.2273846099811748
119,2.438347332235726E18,0.45,0.75,0.1,6.8,0.045,0.3,0.14234228916114866,0.7117114458057433
120,2.438347332235726E18,0.45,0.85,0.1,6.4,0.05,0.3,0.04452814647378937,0.22264073236894688
121,2.438347332235726E18,0.25,0.85,0.1,3.2,0.085,0.3,0.07990279796629572,0.3995139898314786
122,2.438347332235726E18,0.45,0.85,0.1,6.8,0.065,0.3,0.04462470745361537,0.22312353726807682
123,2.438347332235726E18,0.6,0.85,0.1,6.8,0.085,0.3,0.07496341793762278,0.3748170896881139
124,2.438347332235726E18,0.45,0.7,0.1,7.9,0.045,0.3,0.19885898819445044,0.9942949409722522
125,2.438347332235726E18,0.45,0.85,0.15,6.8,0.085,0.3,0.045114267009875225,0.22557133504937613
126,2.438347332235726E18,0.45,0.7,0.1,6.8,0.045,0.3,0.19929171110073296,0.9964585555036648
127,2.438347332235726E18,0.45,0.85,0.15,6.8,0.045,0.3,0.045114267009875225,0.22557133504937613
128,2.438347332235726E18,0.45,0.85,0.5,7.9,0.045,0.3,0.049829364755510384,0.24914682377755193
129,2.438347332235726E18,0.45,0.85,0.1,6.4,0.05,0.35,0.04847603605202148,0.24238018026010738
130,2.438347332235726E18,0.45,0.85,0.1,6.8,0.04,0.3,0.0446295418477018,0.223147709238509
131,2.438347332235726E18,0.45,0.85,0.15,7.9,0.045,0.3,0.045550709322732634,0.22775354661366318
132,2.438347332235726E18,0.45,0.85,0.15,6.8,0.04,0.3,0.04511831734353099,0.22559158671765497
133,2.438347332235726E18,0.45,0.85,0.15,6.8,0.05,0.3,0.045114267009875225,0.22557133504937613
134,2.438347332235726E18,0.45,0.85,0.15,6.4,0.05,0.3,0.04503578490301427,0.22517892451507135
135,2.438347332235726E18,0.45,0.85,0.1,6.4,0.045,0.3,0.044530690071018765,0.22265345035509382
136,2.438347332235726E18,0.45,0.85,0.1,6.8,0.045,0.4,0.05387199457618856,0.2693599728809428
137,2.438347332235726E18,0.45,0.85,0.25,6.8,0.065,0.3,0.04623272538785771,0.23116362693928855
138,2.438347332235726E18,0.45,0.85,0.25,6.4,0.05,0.3,0.0461890148116207,0.2309450740581035
139,2.438347332235726E18,0.45,0.85,0.1,6.8,0.095,0.3,0.04462470745361537,0.22312353726807682
140,2.438347332235726E18,0.45,0.75,0.1,6.8,0.085,0.3,0.14234228916114866,0.7117114458057433
141,2.438347332235726E18,0.45,0.75,0.1,6.8,0.04,0.3,0.14233640275946643,0.7116820137973322
142,2.438347332235726E18,0.45,0.85,0.15,6.4,0.095,0.3,0.04503578490301427,0.22517892451507135
143,2.438347332235726E18,0.45,0.85,0.15,6.4,0.04,0.3,0.045047681208451346,0.22523840604225673
144,2.438347332235726E18,0.45,0.85,0.15,6.4,0.065,0.3,0.04503578490301427,0.22517892451507135
145,2.438347332235726E18,0.45,0.85,0.1,6.4,0.04,0.3,0.04454329066524684,0.22271645332623421
146,2.438347332235726E18,0.45,0.85,0.15,6.4,0.045,0.3,0.04503776809674087,0.22518884048370436
147,2.438347332235726E18,0.45,0.85,0.15,6.4,0.085,0.3,0.04503578490301427,0.22517892451507135
148,2.438347332235726E18,0.45,0.85,0.15,6.8,0.095,0.3,0.045114267009875225,0.22557133504937613
149,2.438347332235726E18,0.45,0.85,0.2,6.4,0.04,0.3,0.04559869940630789,0.22799349703153945
150,2.438347332235726E18,0.45,0.85,0.1,6.8,0.085,0.4,0.05422085813983715,0.27110429069918573
151,2.438347332235726E18,0.45,0.85,0.1,6.4,0.065,0.3,0.04452814647378937,0.22264073236894688
152,2.438347332235726E18,0.45,0.85,0.1,6.4,0.095,0.3,0.04452814647378937,0.22264073236894688
153,2.438347332235726E18,0.65,0.85,0.1,6.4,0.04,0.3,0.07496341793762278,0.3748170896881139
154,2.438347332235726E18,0.45,0.85,0.1,6.4,0.085,0.3,0.04452814647378937,0.22264073236894688
155,2.438347332235726E18,0.45,0.85,0.1,5.3,0.085,0.3,0.0455613354811127,0.22780667740556348
156,2.438347332235726E18,0.45,0.85,0.1,6.4,0.085,0.2,0.044894704047281485,0.22447352023640743
157,2.438347332235726E18,0.45,0.75,0.1,6.4,0.065,0.3,0.14248437679495735,0.7124218839747867
158,2.438347332235726E18,0.45,0.85,0.1,6.8,0.095,0.5,0.06993101202232183,0.34965506011160913
159,2.438347332235726E18,0.7,0.85,0.1,6.4,0.04,0.3,0.07496341793762278,0.3748170896881139
160,2.438347332235726E18,0.7,0.85,0.1,6.8,0.085,0.3,0.07496341793762278,0.3748170896881139
161,2.438347332235726E18,0.6,0.85,0.1,6.4,0.04,0.3,0.07496341793762278,0.3748170896881139
162,2.438347332235726E18,0.7,0.7,0.1,6.4,0.04,0.3,0.19042293005383074,0.9521146502691537
163,2.438347332235726E18,0.45,0.85,0.1,6.8,0.095,0.25,0.043506454238144705,0.21753227119072352
164,2.438347332235726E18,0.45,0.85,0.15,6.8,0.065,0.3,0.045114267009875225,0.22557133504937613
165,2.438347332235726E18,0.45,0.95,0.1,6.4,0.04,0.3,0.10576283842810767,0.5288141921405384
166,2.438347332235726E18,0.45,0.95,0.1,6.4,0.05,0.3,0.10570352981479991,0.5285176490739996
167,2.438347332235726E18,0.45,0.85,0.1,6.8,0.05,0.25,0.043506454238144705,0.21753227119072352
168,2.438347332235726E18,0.45,0.85,0.1,6.4,0.05,0.25,0.04325475557169416,0.21627377785847082
169,2.438347332235726E18,0.4,0.85,0.1,6.4,0.095,0.3,0.05089254107059579,0.254462705352979
170,2.438347332235726E18,0.45,0.85,0.1,6.8,0.05,0.1,0.055677776176497384,0.2783888808824869
171,2.438347332235726E18,0.45,0.85,0.1,6.4,0.095,0.25,0.04325475557169416,0.21627377785847082
172,2.438347332235726E18,0.45,0.85,0.1,6.8,0.045,0.25,0.043506454238144705,0.21753227119072352
173,2.438347332235726E18,0.25,0.85,0.1,6.8,0.095,0.25,0.0683704266061839,0.34185213303091955
174,2.438347332235726E18,0.25,0.85,0.1,6.8,0.05,0.25,0.0683704266061839,0.34185213303091955
175,2.438347332235726E18,0.25,0.85,0.1,6.4,0.05,0.3,0.07990279796629572,0.3995139898314786
176,2.438347332235726E18,0.45,0.85,0.1,6.4,0.08,0.3,0.04452814647378937,0.22264073236894688
177,2.438347332235726E18,0.45,0.85,0.1,3.4,0.065,0.3,0.04546448602694005,0.22732243013470027
178,2.438347332235726E18,0.45,0.85,0.1,3.4,0.095,0.3,0.04547014919910908,0.2273507459955454
179,2.438347332235726E18,0.45,0.85,0.1,6.4,0.045,0.25,0.04325475557169416,0.21627377785847082
180,2.438347332235726E18,0.45,0.85,0.1,2.7,0.045,0.25,0.043128282506245307,0.21564141253122654
181,2.438347332235726E18,0.45,0.85,0.1,2.7,0.065,0.3,0.04547692199623496,0.2273846099811748
182,2.438347332235726E18,0.45,0.85,0.1,2.7,0.095,0.25,0.04291755553243994,0.21458777766219972
183,2.438347332235726E18,0.45,0.85,0.5,6.4,0.095,0.25,0.04613261081166982,0.23066305405834908
184,2.438347332235726E18,0.45,0.85,0.1,6.4,0.02,0.3,0.04691303937464118,0.23456519687320593
185,2.438347332235726E18,0.45,0.85,0.1,2.7,0.02,0.25,0.045060114568136495,0.22530057284068247
186,2.438347332235726E18,0.45,0.75,0.1,2.7,0.095,0.25,0.1406390704484218,0.703195352242109
187,2.438347332235726E18,0.35,0.85,0.1,6.4,0.05,0.3,0.06092386579423101,0.30461932897115507
188,2.438347332235726E18,0.45,0.85,0.25,6.4,0.095,0.25,0.04389387980527929,0.21946939902639645
189,2.438347332235726E18,0.45,0.85,0.25,6.8,0.05,0.25,0.04409427957051536,0.2204713978525768
190,2.438347332235726E18,0.45,0.85,0.2,6.4,0.045,0.25,0.043619614032736974,0.21809807016368488
191,2.438347332235726E18,0.45,0.85,0.1,2.7,0.05,0.25,0.04307453256653549,0.21537266283267745
192,2.438347332235726E18,0.45,0.85,0.25,6.4,0.05,0.25,0.04389387980527929,0.21946939902639645
193,2.438347332235726E18,0.45,0.85,0.1,2.7,0.05,0.35,0.05026881419333809,0.2513440709666904
194,2.438347332235726E18,0.45,0.85,0.1,6.8,0.05,0.35,0.04837762376349498,0.24188811881747488
195,2.438347332235726E18,0.45,0.85,0.1,8.2,0.095,0.25,0.044935962198484704,0.2246798109924235
196,2.438347332235726E18,0.45,0.85,0.1,2.7,0.055,0.25,0.04302297943475754,0.21511489717378768
197,2.438347332235726E18,0.45,0.85,0.1,6.8,0.055,0.25,0.043506454238144705,0.21753227119072352
198,2.438347332235726E18,0.45,0.85,0.1,6.4,0.045,0.2,0.044894704047281485,0.22447352023640743
199,2.438347332235726E18,0.45,0.85,0.1,6.4,0.095,0.2,0.044894704047281485,0.22447352023640743
200,2.438347332235726E18,0.45,0.85,0.1,6.4,0.09,0.25,0.04325475557169416,0.21627377785847082
201,2.438347332235726E18,0.45,0.85,0.1,6.4,0.055,0.25,0.04325475557169416,0.21627377785847082
202,2.438347332235726E18,0.45,0.85,0.45,6.4,0.095,0.25,0.04557452562178793,0.22787262810893966
203,2.438347332235726E18,0.3,0.85,0.1,6.8,0.095,0.25,0.05761223428929668,0.2880611714464834
204,2.438347332235726E18,0.45,0.85,0.1,6.8,0.035,0.25,0.043506454238144705,0.21753227119072352
205,2.438347332235726E18,0.45,0.85,0.1,6.4,0.035,0.25,0.04327797546093034,0.2163898773046517
206,2.438347332235726E18,0.45,0.85,0.1,2.7,0.035,0.25,0.043187971724018996,0.215939858620095
207,2.438347332235726E18,0.35,0.85,0.1,6.4,0.045,0.25,0.05180803809141937,0.25904019045709686
208,2.438347332235726E18,0.35,0.85,0.1,2.7,0.05,0.25,0.05255618501085314,0.2627809250542657
209,2.438347332235726E18,0.35,0.85,0.1,2.7,0.035,0.25,0.052330097142463804,0.261650485712319
210,2.438347332235726E18,0.45,0.85,0.1,2.7,0.09,0.25,0.04291755553243994,0.21458777766219972
211,2.438347332235726E18,0.3,0.85,0.1,6.4,0.095,0.25,0.05761223428929668,0.2880611714464834
212,2.438347332235726E18,0.45,0.85,0.25,6.4,0.09,0.25,0.04389387980527929,0.21946939902639645
213,2.438347332235726E18,0.45,0.85,0.25,6.4,0.035,0.25,0.04391218628696569,0.21956093143482847
214,2.438347332235726E18,0.45,0.7,0.1,6.4,0.095,0.25,0.1968845412571112,0.984422706285556
215,2.438347332235726E18,0.45,0.85,0.45,2.7,0.035,0.25,0.04613462367736765,0.23067311838683824
216,2.438347332235726E18,0.45,0.85,0.1,2.7,0.015,0.25,0.04800848015054233,0.24004240075271163
217,2.438347332235726E18,0.45,1.0,0.1,6.4,0.095,0.25,0.16514807342434942,0.8257403671217471
218,2.438347332235726E18,0.45,0.75,0.1,2.7,0.055,0.25,0.14056864425781193,0.7028432212890596
219,2.438347332235726E18,0.45,0.85,0.1,2.7,0.045,0.45,0.06272753579632727,0.31363767898163636
220,2.438347332235726E18,0.45,0.85,0.1,2.7,0.035,0.45,0.05930797630136021,0.29653988150680105
221,2.438347332235726E18,0.45,0.95,0.1,2.7,0.095,0.25,0.10733787508371409,0.5366893754185704
222,2.438347332235726E18,0.45,0.85,0.1,9.9,0.09,0.25,0.04962573831255667,0.24812869156278336
223,2.438347332235726E18,0.45,0.85,0.45,2.7,0.095,0.25,0.04615530089265278,0.23077650446326392
224,2.438347332235726E18,0.45,0.85,0.1,9.9,0.055,0.25,0.04962573831255667,0.24812869156278336
225,2.438347332235726E18,0.45,0.85,0.1,9.9,0.05,0.25,0.04962573831255667,0.24812869156278336
226,2.438347332235726E18,0.45,1.0,0.1,2.7,0.05,0.25,0.16375100500583464,0.8187550250291732
227,2.438347332235726E18,0.45,1.0,0.1,2.7,0.09,0.25,0.16345495178079394,0.8172747589039697
228,2.438347332235726E18,0.45,0.85,0.2,2.7,0.035,0.25,0.043743079695822515,0.2187153984791126
229,2.438347332235726E18,0.45,0.9,0.1,2.7,0.095,0.25,0.056829140393755466,0.2841457019687773
230,2.438347332235726E18,0.45,0.9,0.1,2.7,0.05,0.25,0.0571676557520799,0.2858382787603995
231,2.438347332235726E18,0.45,0.85,0.1,2.7,0.05,0.2,0.043813839036720245,0.21906919518360124
232,2.438347332235726E18,0.4,0.85,0.1,2.7,0.035,0.25,0.04520590496625903,0.22602952483129515
233,2.438347332235726E18,0.45,0.85,0.1,6.4,0.05,0.15,0.0491572735632195,0.2457863678160975
234,2.438347332235726E18,0.55,0.85,0.1,2.7,0.045,0.25,0.07496341793762278,0.3748170896881139
235,2.438347332235726E18,0.55,0.85,0.1,2.7,0.09,0.25,0.07496341793762278,0.3748170896881139
236,2.438347332235726E18,0.45,0.85,0.1,2.7,0.06,0.25,0.04299105998246364,0.2149552999123182
237,2.438347332235726E18,0.45,0.85,0.1,3.3,0.095,0.25,0.04299385732524438,0.21496928662622192
238,2.438347332235726E18,0.35,0.85,0.1,2.7,0.045,0.25,0.052519233878425796,0.262596169392129
239,2.438347332235726E18,0.7,0.85,0.1,2.7,0.06,0.25,0.07496341793762278,0.3748170896881139
240,2.438347332235726E18,0.45,0.85,0.1,3.3,0.05,0.25,0.04313156667384419,0.21565783336922095
241,2.438347332235726E18,0.45,0.85,0.1,2.7,0.03,0.25,0.04329489846714916,0.21647449233574578
242,2.438347332235726E18,0.35,0.85,0.1,3.3,0.05,0.25,0.05249369087364226,0.2624684543682113
243,2.438347332235726E18,0.35,0.85,0.1,3.3,0.055,0.25,0.05249369087364226,0.2624684543682113
244,2.438347332235726E18,0.45,0.85,0.1,2.7,0.095,0.45,0.06681841767605325,0.3340920883802662
245,2.438347332235726E18,0.65,0.85,0.1,3.3,0.05,0.25,0.07496341793762278,0.3748170896881139
246,2.438347332235726E18,0.45,0.85,0.1,7.2,0.035,0.25,0.04378808580942028,0.2189404290471014
247,2.438347332235726E18,0.45,0.85,0.1,7.2,0.06,0.25,0.04378808580942028,0.2189404290471014
248,2.438347332235726E18,0.45,0.85,0.1,3.3,0.055,0.25,0.04308329205757646,0.2154164602878823
249,2.438347332235726E18,0.45,0.75,0.1,3.3,0.055,0.25,0.14053228518427427,0.7026614259213714
250,2.438347332235726E18,0.45,0.85,0.1,8.6,0.05,0.25,0.04490558391320364,0.2245279195660182
251,2.438347332235726E18,0.2,0.85,0.1,2.7,0.045,0.25,0.08311084135793462,0.4155542067896731
252,2.438347332235726E18,0.45,0.85,0.4,2.7,0.045,0.25,0.045614524041922525,0.2280726202096126
253,2.438347332235726E18,0.45,0.85,0.1,3.3,0.09,0.25,0.04299385732524438,0.21496928662622192
254,2.438347332235726E18,0.45,0.85,0.1,3.3,0.06,0.25,0.04305520654799843,0.21527603273999216
255,2.438347332235726E18,0.45,0.85,0.1,9.3,0.095,0.25,0.04778738582387921,0.23893692911939604
256,2.438347332235726E18,0.45,0.85,0.45,3.3,0.05,0.25,0.046221159307934176,0.2311057965396709
257,2.438347332235726E18,0.3,0.85,0.1,2.7,0.095,0.25,0.05789037651230184,0.2894518825615092
258,2.438347332235726E18,0.4,0.85,0.1,2.7,0.06,0.25,0.0452324513583228,0.226162256791614
259,2.438347332235726E18,0.45,0.85,0.1,2.7,0.055,0.4,0.05716107347991107,0.28580536739955537
260,2.438347332235726E18,0.45,0.85,0.1,2.7,0.05,0.4,0.056788721532903735,0.28394360766451865
261,2.438347332235726E18,0.45,0.85,0.1,2.7,0.06,0.4,0.05745402685596809,0.2872701342798405
262,2.438347332235726E18,0.45,0.85,0.15,2.7,0.095,0.25,0.04320879775920379,0.21604398879601894
263,2.438347332235726E18,0.45,0.85,0.1,5.9,0.06,0.25,0.043709441827268006,0.21854720913634001
264,2.438347332235726E18,0.45,0.85,0.1,5.9,0.095,0.25,0.043709441827268006,0.21854720913634001
265,2.438347332235726E18,0.45,0.85,0.45,2.7,0.05,0.25,0.04620127699470502,0.2310063849735251
266,2.438347332235726E18,0.55,0.85,0.1,3.3,0.05,0.25,0.07496341793762278,0.3748170896881139
267,2.438347332235726E18,0.45,0.85,0.35,2.7,0.095,0.25,0.04495613067395264,0.22478065336976322
268,2.438347332235726E18,0.45,0.85,0.35,2.7,0.055,0.25,0.04500624385922869,0.22503121929614345
269,2.438347332235726E18,0.45,0.85,0.35,3.3,0.09,0.25,0.04499190869573664,0.2249595434786832
270,2.438347332235726E18,0.45,0.85,0.1,3.3,0.055,0.3,0.04546415636529002,0.2273207818264501
271,2.438347332235726E18,0.45,0.85,0.45,3.3,0.06,0.25,0.04619491941821423,0.23097459709107115
272,2.438347332235726E18,0.45,0.85,0.1,2.7,0.06,0.3,0.045470570467926255,0.22735285233963126
273,2.438347332235726E18,0.5,0.85,0.1,3.3,0.05,0.25,0.07048824991863509,0.35244124959317547
274,2.438347332235726E18,0.45,0.85,0.45,3.3,0.055,0.25,0.04620427053388427,0.23102135266942134
275,2.438347332235726E18,0.45,1.0,0.1,3.3,0.09,0.25,0.1636031864189745,0.8180159320948726
276,2.438347332235726E18,0.45,1.0,0.1,3.3,0.06,0.25,0.16371632800881164,0.8185816400440582
277,2.438347332235726E18,0.45,1.0,0.1,3.3,0.055,0.25,0.1637665813938983,0.8188329069694915
278,2.438347332235726E18,0.2,0.85,0.1,2.7,0.055,0.25,0.08311084135793462,0.4155542067896731
279,2.438347332235726E18,0.45,0.95,0.1,3.3,0.06,0.25,0.10761035094933742,0.5380517547466871
280,2.438347332235726E18,0.45,0.85,0.1,3.3,0.055,0.45,0.06478567956190863,0.32392839780954313
281,2.438347332235726E18,0.45,0.85,0.15,3.3,0.095,0.25,0.043276821066906536,0.21638410533453267
282,2.438347332235726E18,0.45,0.85,0.1,2.7,0.09,0.15,0.047707905060985406,0.23853952530492703
283,2.438347332235726E18,0.45,0.85,0.1,5.6,0.055,0.25,0.043709441827268006,0.21854720913634001
284,2.438347332235726E18,0.45,0.85,0.1,5.6,0.09,0.25,0.043709441827268006,0.21854720913634001
285,2.438347332235726E18,0.45,0.85,0.1,8.3,0.095,0.25,0.044842880690017205,0.22421440345008603
286,2.438347332235726E18,0.45,0.85,0.1,7.5,0.09,0.25,0.04378808580942028,0.2189404290471014
287,2.438347332235726E18,0.45,0.85,0.1,3.3,0.02,0.25,0.04510832693173539,0.22554163465867694
288,2.438347332235726E18,0.45,0.7,0.1,2.7,0.095,0.25,0.19774836111918948,0.9887418055959474
289,2.438347332235726E18,0.45,0.85,0.45,2.7,0.06,0.25,0.0461750567960505,0.2308752839802525
290,2.438347332235726E18,0.45,0.85,0.1,3.3,0.03,0.25,0.04333720329329434,0.21668601646647168
291,2.438347332235726E18,0.45,0.8,0.1,2.7,0.095,0.25,0.08578179033132691,0.42890895165663456
292,2.438347332235726E18,0.45,0.85,0.1,2.7,0.06,0.5,0.07392564004786695,0.36962820023933474
293,2.438347332235726E18,0.45,0.85,0.1,8.4,0.05,0.25,0.044842880690017205,0.22421440345008603
294,2.438347332235726E18,0.45,0.85,0.1,3.3,0.035,0.25,0.04323306294615041,0.21616531473075207
295,2.438347332235726E18,0.45,0.8,0.1,2.7,0.09,0.25,0.08578179033132691,0.42890895165663456
296,2.438347332235726E18,0.45,0.85,0.1,5.5,0.055,0.25,0.043709441827268006,0.21854720913634001
297,2.438347332235726E18,0.45,0.85,0.25,2.7,0.09,0.25,0.043969115899022373,0.21984557949511185
298,2.438347332235726E18,0.45,0.85,0.1,3.3,0.055,0.1,0.054328605134597,0.27164302567298504
299,2.438347332235726E18,0.45,0.85,0.1,3.3,0.1,0.25,0.04299385732524438,0.21496928662622192
300,2.438347332235726E18,0.45,0.85,0.1,2.7,0.095,0.2,0.04370716153649668,0.2185358076824834
301,2.438347332235726E18,0.45,0.75,0.1,3.3,0.1,0.25,0.14058715253035567,0.7029357626517784
302,2.438347332235726E18,0.55,0.85,0.1,3.3,0.1,0.25,0.07496341793762278,0.3748170896881139
303,2.438347332235726E18,0.45,0.85,0.1,6.8,0.06,0.25,0.043506454238144705,0.21753227119072352
304,2.438347332235726E18,0.45,0.85,0.1,2.7,0.1,0.25,0.04291755553243994,0.21458777766219972
305,2.438347332235726E18,0.45,0.85,0.1,3.3,0.08,0.25,0.04299385732524438,0.21496928662622192
306,2.438347332235726E18,0.45,0.8,0.1,3.3,0.095,0.25,0.08575437785137813,0.42877188925689064
307,2.438347332235726E18,0.45,0.85,0.1,2.7,0.08,0.25,0.04291755553243994,0.21458777766219972
308,2.438347332235726E18,0.65,0.85,0.1,3.3,0.08,0.25,0.07496341793762278,0.3748170896881139
309,2.438347332235726E18,0.45,0.85,0.1,2.8,0.1,0.25,0.04291755553243994,0.21458777766219972
310,2.438347332235726E18,0.45,0.85,0.1,2.8,0.09,0.25,0.04291755553243994,0.21458777766219972
311,2.438347332235726E18,0.45,0.85,0.1,2.8,0.095,0.25,0.04291755553243994,0.21458777766219972
312,2.438347332235726E18,0.45,0.85,0.1,2.8,0.08,0.25,0.04291755553243994,0.21458777766219972
313,2.438347332235726E18,0.45,0.85,0.1,2.8,0.06,0.25,0.04299105998246364,0.2149552999123182
314,2.438347332235726E18,0.45,0.75,0.1,2.7,0.06,0.25,0.140588965732813,0.7029448286640649
315,2.438347332235726E18,0.45,0.85,0.1,2.7,0.07,0.25,0.042937808040136624,0.21468904020068313
316,2.438347332235726E18,0.25,0.85,0.1,2.7,0.09,0.25,0.0683704266061839,0.34185213303091955
317,2.438347332235726E18,0.45,0.85,0.1,8.5,0.09,0.25,0.04452989504572662,0.2226494752286331
318,2.438347332235726E18,0.45,0.85,0.1,8.5,0.08,0.25,0.04452989504572662,0.2226494752286331
319,2.438347332235726E18,0.45,0.85,0.1,2.8,0.025,0.25,0.04365865128953224,0.21829325644766118
320,2.438347332235726E18,0.45,0.85,0.1,2.7,0.1,0.1,0.05421347876747817,0.2710673938373908
321,2.438347332235726E18,0.45,0.85,0.1,2.8,0.095,0.4,0.058236252349013216,0.2911812617450661
322,2.438347332235726E18,0.45,0.85,0.1,2.8,0.07,0.25,0.042937808040136624,0.21468904020068313
323,2.438347332235726E18,0.45,0.85,0.1,2.7,0.095,0.4,0.058236252349013216,0.2911812617450661
324,2.438347332235726E18,0.65,0.85,0.1,2.7,0.095,0.25,0.07496341793762278,0.3748170896881139
325,2.438347332235726E18,0.65,0.85,0.1,2.7,0.08,0.25,0.07496341793762278,0.3748170896881139
326,2.438347332235726E18,0.3,0.85,0.1,2.7,0.08,0.25,0.05788896660418003,0.2894448330209002
327,2.438347332235726E18,0.3,0.85,0.1,2.7,0.09,0.25,0.05789037651230184,0.2894518825615092
328,2.438347332235726E18,0.3,0.85,0.1,2.8,0.08,0.25,0.05788896660418003,0.2894448330209002
329,2.438347332235726E18,0.45,0.85,0.1,2.7,0.085,0.25,0.04291755553243994,0.21458777766219972
330,2.438347332235726E18,0.45,0.75,0.1,2.7,0.09,0.25,0.1406390704484218,0.703195352242109
331,2.438347332235726E18,0.45,0.75,0.1,2.8,0.08,0.25,0.1406390704484218,0.703195352242109
332,2.438347332235726E18,0.45,0.75,0.1,2.8,0.1,0.25,0.1406390704484218,0.703195352242109
333,2.438347332235726E18,0.45,0.85,0.1,2.8,0.085,0.25,0.04291755553243994,0.21458777766219972
334,2.438347332235726E18,0.4,0.85,0.1,2.8,0.09,0.25,0.045233417671267775,0.22616708835633886
335,2.438347332235726E18,0.45,0.85,0.15,2.7,0.1,0.25,0.04320879775920379,0.21604398879601894
336,2.438347332235726E18,0.45,0.9,0.15,2.7,0.095,0.25,0.05658712361373173,0.28293561806865863
337,2.438347332235726E18,0.45,0.85,0.1,2.7,0.085,0.5,0.07591986399086656,0.3795993199543328
338,2.438347332235726E18,0.45,0.85,0.15,2.7,0.08,0.25,0.04320879775920379,0.21604398879601894
339,2.438347332235726E18,0.45,0.85,0.35,2.8,0.08,0.25,0.04495613067395264,0.22478065336976322
340,2.438347332235726E18,0.45,0.85,0.35,2.8,0.1,0.25,0.04495613067395264,0.22478065336976322
341,2.438347332235726E18,0.35,0.85,0.1,2.7,0.09,0.25,0.05260245072025237,0.26301225360126185
342,2.438347332235726E18,0.45,1.0,0.1,2.8,0.095,0.25,0.16345495178079394,0.8172747589039697
343,2.438347332235726E18,0.45,1.0,0.1,2.7,0.1,0.25,0.16345495178079394,0.8172747589039697
344,2.438347332235726E18,0.45,0.85,0.1,2.7,0.085,0.1,0.05421347876747817,0.2710673938373908
345,2.438347332235726E18,0.45,0.85,0.1,3.8,0.08,0.25,0.043367764054674865,0.2168388202733743
346,2.438347332235726E18,0.45,0.85,0.2,2.7,0.09,0.25,0.04355979488568525,0.21779897442842627
347,2.438347332235726E18,0.45,0.85,0.1,2.7,0.1,0.4,0.05828910446348826,0.2914455223174413
348,2.438347332235726E18,0.45,0.8,0.1,2.7,0.1,0.25,0.08578179033132691,0.42890895165663456
349,2.438347332235726E18,0.45,0.8,0.1,2.8,0.09,0.25,0.08578179033132691,0.42890895165663456
350,2.438347332235726E18,0.25,0.85,0.1,2.8,0.095,0.25,0.0683704266061839,0.34185213303091955
351,2.438347332235726E18,0.45,0.85,0.4,2.8,0.08,0.25,0.04553017455431795,0.22765087277158977
352,2.438347332235726E18,0.45,0.85,0.1,2.7,0.08,0.35,0.050804393981901994,0.25402196990951
353,2.438347332235726E18,0.45,0.85,0.1,2.7,0.095,0.35,0.05090329997398362,0.2545164998699181
354,2.438347332235726E18,0.45,0.85,0.1,2.8,0.065,0.25,0.04296409060964258,0.2148204530482129
355,2.438347332235726E18,0.45,0.85,0.1,8.9,0.08,0.25,0.04637024865446468,0.2318512432723234
356,2.438347332235726E18,0.45,0.85,0.1,2.8,0.1,0.2,0.04370716153649668,0.2185358076824834
357,2.438347332235726E18,0.45,0.85,0.1,8.9,0.085,0.25,0.04637024865446468,0.2318512432723234
358,2.438347332235726E18,0.45,0.75,0.1,2.8,0.09,0.25,0.1406390704484218,0.703195352242109
359,2.438347332235726E18,0.45,0.75,0.1,2.7,0.08,0.25,0.1406390704484218,0.703195352242109
360,2.438347332235726E18,0.45,0.95,0.1,2.7,0.08,0.25,0.10733787508371409,0.5366893754185704
361,2.438347332235726E18,0.45,0.85,0.25,2.8,0.08,0.25,0.043969115899022373,0.21984557949511185
362,2.438347332235726E18,0.45,0.85,0.25,2.8,0.09,0.25,0.043969115899022373,0.21984557949511185
363,2.438347332235726E18,0.45,0.85,0.25,2.8,0.095,0.25,0.043969115899022373,0.21984557949511185
364,2.438347332235726E18,0.45,0.85,0.1,2.8,0.01,0.25,0.051950190119619606,0.25975095059809805
365,2.438347332235726E18,0.45,0.85,0.1,2.7,0.01,0.25,0.051950190119619606,0.25975095059809805
366,2.438347332235726E18,0.35,0.85,0.1,2.7,0.08,0.25,0.052594470512778935,0.2629723525638947
367,2.438347332235726E18,0.45,0.85,0.1,8.3,0.085,0.25,0.044842880690017205,0.22421440345008603
368,2.438347332235726E18,0.45,0.85,0.3,2.7,0.09,0.25,0.04443514905085655,0.22217574525428274
369,2.438347332235726E18,0.45,0.85,0.1,2.3,0.08,0.25,0.04306606541680301,0.21533032708401506
370,2.438347332235726E18,0.45,0.85,0.1,2.3,0.095,0.25,0.04310284538217837,0.21551422691089187
371,2.438347332235726E18,0.45,0.85,0.1,2.8,0.02,0.25,0.045060114568136495,0.22530057284068247
372,2.438347332235726E18,0.45,0.85,0.3,2.7,0.095,0.25,0.04443514905085655,0.22217574525428274
373,2.438347332235726E18,0.45,0.85,0.4,2.7,0.095,0.25,0.04553017455431795,0.22765087277158977
374,2.438347332235726E18,0.45,0.85,0.1,2.8,0.08,0.3,0.04549444179547827,0.22747220897739134
375,2.438347332235726E18,0.45,0.85,0.1,7.9,0.08,0.25,0.04441025336232862,0.2220512668116431
376,2.438347332235726E18,0.45,0.75,0.1,2.7,0.1,0.25,0.1406390704484218,0.703195352242109
377,2.438347332235726E18,0.45,0.85,0.1,2.8,0.05,0.25,0.04307453256653549,0.21537266283267745
378,2.438347332235726E18,0.45,0.85,0.15,2.7,0.085,0.25,0.04320879775920379,0.21604398879601894
379,2.438347332235726E18,0.45,0.85,0.1,2.7,0.095,0.5,0.07618488745494169,0.3809244372747084
380,2.438347332235726E18,0.45,0.85,0.1,2.7,0.065,0.25,0.04296409060964258,0.2148204530482129
381,2.438347332235726E18,0.6,0.85,0.1,2.8,0.09,0.25,0.07496341793762278,0.3748170896881139
382,2.438347332235726E18,0.45,0.8,0.1,2.7,0.085,0.25,0.08578179033132691,0.42890895165663456
383,2.438347332235726E18,0.45,0.8,0.1,2.7,0.08,0.25,0.08578179033132691,0.42890895165663456
384,2.438347332235726E18,0.45,0.85,0.1,4.7,0.08,0.25,0.043709441827268006,0.21854720913634001
385,2.438347332235726E18,0.55,0.85,0.1,2.7,0.095,0.25,0.07496341793762278,0.3748170896881139
386,2.438347332235726E18,0.55,0.85,0.1,2.8,0.09,0.25,0.07496341793762278,0.3748170896881139
387,2.438347332235726E18,0.45,0.85,0.2,2.8,0.08,0.25,0.04355979488568525,0.21779897442842627
388,2.438347332235726E18,0.5,0.85,0.1,2.7,0.095,0.25,0.06605639761966664,0.3302819880983332
389,2.438347332235726E18,0.5,0.85,0.1,2.8,0.1,0.25,0.06709109884825817,0.33545549424129084
390,2.438347332235726E18,0.45,0.85,0.1,6.9,0.095,0.25,0.043506454238144705,0.21753227119072352
391,2.438347332235726E18,0.45,0.85,0.15,2.8,0.09,0.25,0.04320879775920379,0.21604398879601894
392,2.438347332235726E18,0.45,1.0,0.1,2.7,0.08,0.25,0.16345495178079394,0.8172747589039697
393,2.438347332235726E18,0.45,0.85,0.15,2.8,0.095,0.25,0.04320879775920379,0.21604398879601894
394,2.438347332235726E18,0.45,0.75,0.1,2.7,0.085,0.25,0.1406390704484218,0.703195352242109
395,2.438347332235726E18,0.45,0.8,0.1,2.8,0.08,0.25,0.08578179033132691,0.42890895165663456
396,2.438347332235726E18,0.45,0.8,0.1,2.8,0.095,0.25,0.08578179033132691,0.42890895165663456
397,2.438347332235726E18,0.45,0.85,0.15,2.8,0.08,0.25,0.04320879775920379,0.21604398879601894
398,2.438347332235726E18,0.45,0.85,0.1,2.7,0.085,0.2,0.04370716153649668,0.2185358076824834
399,2.438347332235726E18,0.45,0.85,0.1,3.5,0.08,0.25,0.043367764054674865,0.2168388202733743
400,2.438347332235726E18,0.45,0.85,0.1,2.7,0.025,0.25,0.04365865128953224,0.21829325644766118
401,2.438347332235726E18,0.45,0.85,0.1,2.8,0.08,0.2,0.04370716153649668,0.2185358076824834
402,2.438347332235726E18,0.55,0.85,0.1,2.8,0.1,0.25,0.07496341793762278,0.3748170896881139
403,2.438347332235726E18,0.45,0.7,0.1,2.7,0.085,0.25,0.19774836111918948,0.9887418055959474
404,2.438347332235726E18,0.45,0.7,0.1,2.7,0.1,0.25,0.19774836111918948,0.9887418055959474
405,2.438347332235726E18,0.45,0.9,0.1,2.8,0.095,0.25,0.056829140393755466,0.2841457019687773
406,2.438347332235726E18,0.65,0.85,0.1,2.8,0.08,0.25,0.07496341793762278,0.3748170896881139
407,2.438347332235726E18,0.45,0.9,0.1,2.7,0.09,0.25,0.056829140393755466,0.2841457019687773
408,2.438347332235726E18,0.25,0.85,0.1,2.8,0.1,0.25,0.0683704266061839,0.34185213303091955
409,2.438347332235726E18,0.45,0.85,0.1,3.2,0.1,0.25,0.04291755553243994,0.21458777766219972
410,2.438347332235726E18,0.45,0.85,0.1,3.2,0.08,0.25,0.04291755553243994,0.21458777766219972
411,2.438347332235726E18,0.45,0.85,0.1,3.2,0.095,0.25,0.04291755553243994,0.21458777766219972
412,2.438347332235726E18,0.45,0.85,0.1,3.2,0.085,0.25,0.04291755553243994,0.21458777766219972
413,2.438347332235726E18,0.45,0.85,0.1,2.7,0.085,0.3,0.04550112515363703,0.22750562576818514
414,2.438347332235726E18,0.45,0.85,0.4,2.7,0.085,0.25,0.04553017455431795,0.22765087277158977
415,2.438347332235726E18,0.45,0.85,0.4,2.7,0.08,0.25,0.04553017455431795,0.22765087277158977
416,2.438347332235726E18,0.45,0.85,0.1,2.7,0.085,0.35,0.050836789638794865,0.25418394819397433
417,2.438347332235726E18,0.7,0.85,0.1,2.8,0.09,0.25,0.07496341793762278,0.3748170896881139
418,2.438347332235726E18,0.7,0.85,0.1,2.8,0.095,0.25,0.07496341793762278,0.3748170896881139
419,2.438347332235726E18,0.7,0.85,0.1,2.7,0.085,0.25,0.07496341793762278,0.3748170896881139
420,2.438347332235726E18,0.45,1.0,0.1,2.8,0.1,0.25,0.16345495178079394,0.8172747589039697
421,2.438347332235726E18,0.45,0.85,0.2,2.7,0.1,0.25,0.04355979488568525,0.21779897442842627
422,2.438347332235726E18,0.45,0.85,0.1,8.0,0.09,0.25,0.04441025336232862,0.2220512668116431
423,2.438347332235726E18,0.45,0.85,0.1,8.0,0.095,0.25,0.04441025336232862,0.2220512668116431
424,2.438347332235726E18,0.45,0.85,0.1,6.3,0.085,0.25,0.04325475557169416,0.21627377785847082
425,2.438347332235726E18,0.45,0.85,0.1,6.3,0.09,0.25,0.04325475557169416,0.21627377785847082
426,2.438347332235726E18,0.45,0.85,0.1,9.1,0.095,0.25,0.04778738582387921,0.23893692911939604
427,2.438347332235726E18,0.45,0.85,0.1,9.1,0.08,0.25,0.04778738582387921,0.23893692911939604
428,2.438347332235726E18,0.45,0.7,0.1,2.8,0.08,0.25,0.19774836111918948,0.9887418055959474
429,2.438347332235726E18,0.45,0.85,0.1,2.8,0.055,0.25,0.04302297943475754,0.21511489717378768
430,2.438347332235726E18,0.3,0.85,0.1,2.8,0.1,0.25,0.05789037651230184,0.2894518825615092
431,2.438347332235726E18,0.45,0.85,0.1,2.7,0.08,0.3,0.04549444179547827,0.22747220897739134
432,2.438347332235726E18,0.45,0.85,0.1,5.4,0.095,0.25,0.043709441827268006,0.21854720913634001
433,2.438347332235726E18,0.45,0.85,0.1,2.8,0.08,0.45,0.06647109225528842,0.3323554612764421
434,2.438347332235726E18,0.45,0.85,0.25,2.7,0.1,0.25,0.043969115899022373,0.21984557949511185
435,2.438347332235726E18,0.45,0.85,0.25,2.8,0.08,0.45,0.06934417841350553,0.34672089206752765
436,2.438347332235726E18,0.45,0.85,0.1,2.7,0.08,0.2,0.04370716153649668,0.2185358076824834
437,2.438347332235726E18,0.45,0.85,0.1,2.7,0.08,0.4,0.05800346856363601,0.29001734281818004
438,2.438347332235726E18,0.6,0.85,0.1,2.8,0.095,0.25,0.07496341793762278,0.3748170896881139
439,2.438347332235726E18,0.45,0.95,0.1,2.7,0.085,0.25,0.10733787508371409,0.5366893754185704
440,2.438347332235726E18,0.45,0.85,0.1,4.6,0.085,0.25,0.043709441827268006,0.21854720913634001
441,2.438347332235726E18,0.45,0.95,0.1,2.8,0.095,0.25,0.10733787508371409,0.5366893754185704
442,2.438347332235726E18,0.65,0.85,0.1,2.8,0.095,0.25,0.07496341793762278,0.3748170896881139
443,2.438347332235726E18,0.65,0.85,0.1,2.8,0.1,0.25,0.07496341793762278,0.3748170896881139
444,2.438347332235726E18,0.45,0.85,0.3,2.7,0.1,0.25,0.04443514905085655,0.22217574525428274
445,2.438347332235726E18,0.6,0.85,0.1,2.8,0.08,0.25,0.07496341793762278,0.3748170896881139
446,2.438347332235726E18,0.45,0.8,0.1,2.8,0.085,0.25,0.08578179033132691,0.42890895165663456
447,2.438347332235726E18,0.6,0.85,0.1,2.7,0.09,0.25,0.07496341793762278,0.3748170896881139
448,2.438347332235726E18,0.45,0.85,0.1,3.5,0.095,0.25,0.043367764054674865,0.2168388202733743
449,2.438347332235726E18,0.45,0.9,0.1,2.7,0.085,0.25,0.056829140393755466,0.2841457019687773
450,2.438347332235726E18,0.45,0.85,0.2,2.8,0.095,0.25,0.04355979488568525,0.21779897442842627
451,2.438347332235726E18,0.45,0.85,0.2,2.8,0.1,0.25,0.04355979488568525,0.21779897442842627
452,2.438347332235726E18,0.45,0.85,0.1,2.7,0.04,0.25,0.04317292001356953,0.21586460006784766
453,2.438347332235726E18,0.45,0.8,0.1,2.8,0.1,0.25,0.08578179033132691,0.42890895165663456
454,2.438347332235726E18,0.45,0.85,0.1,2.8,0.045,0.25,0.043128282506245307,0.21564141253122654
455,2.438347332235726E18,0.2,0.85,0.1,2.8,0.08,0.25,0.08311084135793462,0.4155542067896731
456,2.438347332235726E18,0.2,0.85,0.1,2.7,0.08,0.25,0.08311084135793462,0.4155542067896731
457,2.438347332235726E18,0.45,0.85,0.1,2.8,0.09,0.4,0.05818387156283689,0.2909193578141845
458,2.438347332235726E18,0.45,0.85,0.1,2.7,0.09,0.5,0.07605185081634366,0.38025925408171835
459,2.438347332235726E18,0.45,0.85,0.35,2.7,0.08,0.25,0.04495613067395264,0.22478065336976322
460,2.438347332235726E18,0.45,0.85,0.1,9.2,0.1,0.25,0.04778738582387921,0.23893692911939604
461,2.438347332235726E18,0.45,0.85,0.1,9.2,0.095,0.25,0.04778738582387921,0.23893692911939604
462,2.438347332235726E18,0.45,0.85,0.1,5.3,0.1,0.25,0.043709441827268006,0.21854720913634001
463,2.438347332235726E18,0.45,0.85,0.1,2.8,0.095,0.3,0.04550654914642453,0.22753274573212268
464,2.438347332235726E18,0.45,0.95,0.1,2.8,0.1,0.25,0.10733787508371409,0.5366893754185704
465,2.438347332235726E18,0.55,0.85,0.1,2.8,0.095,0.25,0.07496341793762278,0.3748170896881139
466,2.438347332235726E18,0.45,0.85,0.1,2.4,0.08,0.25,0.04306606541680301,0.21533032708401506
467,2.438347332235726E18,0.45,0.85,0.1,6.9,0.08,0.25,0.043506454238144705,0.21753227119072352
468,2.438347332235726E18,0.45,0.85,0.15,2.7,0.09,0.25,0.04320879775920379,0.21604398879601894
469,2.438347332235726E18,0.45,0.85,0.1,3.8,0.1,0.25,0.043367764054674865,0.2168388202733743
470,2.438347332235726E18,0.45,0.7,0.1,2.7,0.08,0.25,0.19774836111918948,0.9887418055959474
471,2.438347332235726E18,0.25,0.85,0.1,2.8,0.09,0.25,0.0683704266061839,0.34185213303091955
472,2.438347332235726E18,0.25,0.85,0.1,2.7,0.085,0.25,0.0683704266061839,0.34185213303091955
473,2.438347332235726E18,0.45,0.85,0.1,8.2,0.08,0.25,0.044935962198484704,0.2246798109924235
474,2.438347332235726E18,0.45,0.85,0.1,8.2,0.1,0.25,0.044935962198484704,0.2246798109924235
475,2.438347332235726E18,0.45,0.85,0.15,2.8,0.1,0.25,0.04320879775920379,0.21604398879601894
476,2.438347332235726E18,0.5,0.85,0.1,2.7,0.08,0.25,0.0663974133335713,0.3319870666678565
477,2.438347332235726E18,0.45,0.85,0.1,5.0,0.095,0.25,0.043709441827268006,0.21854720913634001
478,2.438347332235726E18,0.4,0.85,0.1,2.7,0.085,0.25,0.045233417671267775,0.22616708835633886
479,2.438347332235726E18,0.4,0.85,0.1,2.7,0.095,0.25,0.045233417671267775,0.22616708835633886
480,2.438347332235726E18,0.5,0.85,0.1,2.7,0.085,0.25,0.06618693163676649,0.33093465818383244
481,2.438347332235726E18,0.45,0.85,0.1,2.7,0.005,0.25,0.059208551255486935,0.2960427562774347
482,2.438347332235726E18,0.7,0.85,0.1,2.7,0.095,0.25,0.07496341793762278,0.3748170896881139
483,2.438347332235726E18,0.35,0.85,0.1,2.7,0.08,0.3,0.06260316682241555,0.3130158341120778
484,2.438347332235726E18,0.45,0.85,0.4,2.8,0.095,0.25,0.04553017455431795,0.22765087277158977
485,2.438347332235726E18,0.45,0.85,0.1,6.0,0.08,0.25,0.043709441827268006,0.21854720913634001
486,2.438347332235726E18,0.45,0.85,0.1,6.0,0.085,0.25,0.043709441827268006,0.21854720913634001
487,2.438347332235726E18,0.45,0.85,0.1,7.8,0.095,0.25,0.04441025336232862,0.2220512668116431
488,2.438347332235726E18,0.45,0.85,0.1,2.8,0.1,0.3,0.04550654914642453,0.22753274573212268
489,2.438347332235726E18,0.5,0.85,0.1,2.7,0.1,0.25,0.06605639761966664,0.3302819880983332
490,2.438347332235726E18,0.5,0.85,0.1,2.8,0.08,0.25,0.0673257516449551,0.33662875822477556
491,2.438347332235726E18,0.45,0.85,0.1,5.1,0.08,0.25,0.043709441827268006,0.21854720913634001
492,2.438347332235726E18,0.45,0.85,0.1,2.8,0.09,0.1,0.05421347876747817,0.2710673938373908
493,2.438347332235726E18,0.45,0.85,0.1,7.3,0.1,0.25,0.04378808580942028,0.2189404290471014
494,2.438347332235726E18,0.45,0.85,0.1,7.3,0.085,0.25,0.04378808580942028,0.2189404290471014
495,2.438347332235726E18,0.4,0.85,0.1,2.8,0.08,0.25,0.045233417671267775,0.22616708835633886
496,2.438347332235726E18,0.4,0.85,0.1,2.7,0.08,0.25,0.045233417671267775,0.22616708835633886
497,2.438347332235726E18,0.45,0.85,0.1,6.1,0.09,0.25,0.043709441827268006,0.21854720913634001
498,2.438347332235726E18,0.45,0.85,0.1,2.7,0.075,0.25,0.04291850096073386,0.2145925048036693
499,2.438347332235726E18,0.45,0.7,0.1,2.8,0.1,0.25,0.19774836111918948,0.9887418055959474
500,2.438347332235726E18,0.45,0.85,0.45,2.8,0.095,0.25,0.04615530089265278,0.23077650446326392
501,2.438347332235726E18,0.45,0.85,0.45,2.8,0.08,0.25,0.04615530089265278,0.23077650446326392
502,2.438347332235726E18,0.4,0.85,0.1,2.8,0.1,0.25,0.045233417671267775,0.22616708835633886
503,2.438347332235726E18,0.4,0.85,0.1,2.7,0.09,0.25,0.045233417671267775,0.22616708835633886
504,2.438347332235726E18,0.65,0.85,0.1,2.8,0.09,0.25,0.07496341793762278,0.3748170896881139
505,2.438347332235726E18,0.45,1.0,0.1,2.8,0.08,0.25,0.16345495178079394,0.8172747589039697
506,2.438347332235726E18,0.45,1.0,0.1,2.8,0.09,0.25,0.16345495178079394,0.8172747589039697
507,2.438347332235726E18,0.45,0.85,0.5,2.8,0.09,0.25,0.04682946403502236,0.2341473201751118
508,2.438347332235726E18,0.45,0.85,0.5,2.7,0.08,0.25,0.04682946403502236,0.2341473201751118
509,2.438347332235726E18,0.45,0.85,0.1,2.8,0.08,0.1,0.05421347876747817,0.2710673938373908
510,2.438347332235726E18,0.45,0.85,0.5,2.7,0.09,0.25,0.04682946403502236,0.2341473201751118
511,2.438347332235726E18,0.45,0.85,0.1,2.7,0.095,0.1,0.05421347876747817,0.2710673938373908
512,2.438347332235726E18,0.45,0.85,0.1,2.7,0.09,0.4,0.05818387156283689,0.2909193578141845
513,2.438347332235726E18,0.45,0.85,0.1,5.1,0.1,0.25,0.043709441827268006,0.21854720913634001
514,2.438347332235726E18,0.45,0.85,0.1,3.0,0.095,0.25,0.04291755553243994,0.21458777766219972
515,2.438347332235726E18,0.45,0.85,0.1,3.0,0.1,0.25,0.04291755553243994,0.21458777766219972
516,2.438347332235726E18,0.45,0.85,0.4,2.8,0.09,0.25,0.04553017455431795,0.22765087277158977
517,2.438347332235726E18,0.45,0.85,0.1,2.8,0.095,0.2,0.04370716153649668,0.2185358076824834
518,2.438347332235726E18,0.45,0.85,0.45,2.8,0.085,0.25,0.04615530089265278,0.23077650446326392
519,2.438347332235726E18,0.45,0.85,0.1,8.9,0.09,0.25,0.04637024865446468,0.2318512432723234
520,2.438347332235726E18,0.45,0.9,0.1,2.8,0.1,0.25,0.056829140393755466,0.2841457019687773
521,2.438347332235726E18,0.45,0.9,0.1,2.7,0.1,0.25,0.056829140393755466,0.2841457019687773
522,2.438347332235726E18,0.45,0.85,0.1,2.5,0.095,0.25,0.04333435207742592,0.2166717603871296
523,2.438347332235726E18,0.45,0.85,0.1,2.5,0.1,0.25,0.04333435207742592,0.2166717603871296
524,2.438347332235726E18,0.45,0.85,0.1,4.8,0.08,0.25,0.043709441827268006,0.21854720913634001
525,2.438347332235726E18,0.45,0.85,0.1,2.8,0.04,0.25,0.04317292001356953,0.21586460006784766
526,2.438347332235726E18,0.45,0.85,0.2,2.7,0.095,0.25,0.04355979488568525,0.21779897442842627
527,2.438347332235726E18,0.45,0.95,0.1,2.8,0.08,0.25,0.10733787508371409,0.5366893754185704
528,2.438347332235726E18,0.45,0.85,0.1,8.4,0.09,0.25,0.044842880690017205,0.22421440345008603
529,2.438347332235726E18,0.45,0.85,0.1,2.8,0.08,0.4,0.05800346856363601,0.29001734281818004
530,2.438347332235726E18,0.45,0.85,0.1,8.4,0.085,0.25,0.044842880690017205,0.22421440345008603
531,2.438347332235726E18,0.25,0.85,0.1,2.8,0.08,0.25,0.0683704266061839,0.34185213303091955
532,2.438347332235726E18,0.25,0.85,0.1,2.7,0.095,0.25,0.0683704266061839,0.34185213303091955
533,2.438347332235726E18,0.45,0.9,0.1,2.8,0.08,0.25,0.056829140393755466,0.2841457019687773
534,2.438347332235726E18,0.45,0.85,0.1,2.7,0.08,0.15,0.047707905060985406,0.23853952530492703
535,2.438347332235726E18,0.45,0.85,0.1,2.7,0.1,0.3,0.04550654914642453,0.22753274573212268
536,2.438347332235726E18,0.45,0.85,0.1,5.5,0.08,0.25,0.043709441827268006,0.21854720913634001
537,2.438347332235726E18,0.35,0.85,0.1,2.8,0.1,0.25,0.05260245072025237,0.26301225360126185
538,2.438347332235726E18,0.45,0.85,0.1,2.7,0.095,0.15,0.047707905060985406,0.23853952530492703
539,2.438347332235726E18,0.45,0.85,0.1,5.8,0.09,0.25,0.043709441827268006,0.21854720913634001
540,2.438347332235726E18,0.45,0.85,0.1,7.0,0.08,0.25,0.043506454238144705,0.21753227119072352
541,2.438347332235726E18,0.45,0.85,0.1,9.4,0.1,0.25,0.04778738582387921,0.23893692911939604
542,2.438347332235726E18,0.45,0.85,0.1,9.4,0.08,0.25,0.04778738582387921,0.23893692911939604
543,2.438347332235726E18,0.45,0.85,0.1,2.0,0.08,0.25,0.04306606541680301,0.21533032708401506
544,2.438347332235726E18,0.3,0.85,0.1,2.7,0.085,0.25,0.05789037651230184,0.2894518825615092
545,2.438347332235726E18,0.45,0.85,0.1,2.6,0.1,0.25,0.04333435207742592,0.2166717603871296
546,2.438347332235726E18,0.45,0.85,0.1,7.2,0.095,0.25,0.04378808580942028,0.2189404290471014
547,2.438347332235726E18,0.45,0.85,0.3,2.8,0.1,0.25,0.04443514905085655,0.22217574525428274
548,2.438347332235726E18,0.45,0.85,0.1,4.0,0.095,0.25,0.043367764054674865,0.2168388202733743
549,2.438347332235726E18,0.45,0.85,0.1,3.8,0.095,0.25,0.043367764054674865,0.2168388202733743
550,2.438347332235726E18,0.5,0.85,0.1,4.0,0.095,0.25,0.07064686954182212,0.35323434770911055
551,2.438347332235726E18,0.45,0.85,0.1,2.8,0.08,0.5,0.07571921051703377,0.3785960525851689
552,2.438347332235726E18,0.45,0.85,0.1,2.7,0.1,0.5,0.0763189684166649,0.3815948420833245
553,2.438347332235726E18,0.45,0.85,0.1,3.7,0.09,0.25,0.043367764054674865,0.2168388202733743
554,2.438347332235726E18,0.45,0.85,0.1,2.7,0.1,0.35,0.05093741240770754,0.2546870620385377
555,2.438347332235726E18,0.45,0.85,0.1,2.7,0.08,0.45,0.06647109225528842,0.3323554612764421
556,2.438347332235726E18,0.45,0.85,0.1,2.8,0.005,0.25,0.059208551255486935,0.2960427562774347
557,2.438347332235726E18,0.45,0.85,0.1,7.7,0.095,0.25,0.04441025336232862,0.2220512668116431
558,2.438347332235726E18,0.45,0.85,0.1,7.7,0.08,0.25,0.04441025336232862,0.2220512668116431
559,2.438347332235726E18,0.45,0.85,0.1,7.2,0.08,0.25,0.04378808580942028,0.2189404290471014
560,2.438347332235726E18,0.45,0.7,0.1,2.8,0.09,0.25,0.19774836111918948,0.9887418055959474
561,2.438347332235726E18,0.4,0.85,0.1,2.8,0.085,0.25,0.045233417671267775,0.22616708835633886
562,2.438347332235726E18,0.45,0.85,0.1,2.8,0.1,0.45,0.06693670257713896,0.3346835128856948
563,2.438347332235726E18,0.45,0.85,0.1,2.8,0.1,0.4,0.05828910446348826,0.2914455223174413
564,2.438347332235726E18,0.55,0.85,0.1,2.8,0.08,0.25,0.07496341793762278,0.3748170896881139
565,2.438347332235726E18,0.35,0.85,0.1,2.8,0.08,0.25,0.052594470512778935,0.2629723525638947
566,2.438347332235726E18,0.45,0.95,0.1,2.7,0.09,0.25,0.10733787508371409,0.5366893754185704
567,2.438347332235726E18,0.45,0.85,0.1,2.8,0.015,0.25,0.04800848015054233,0.24004240075271163
568,2.438347332235726E18,0.45,0.85,0.1,4.7,0.1,0.25,0.043709441827268006,0.21854720913634001
569,2.438347332235726E18,0.45,0.85,0.1,2.8,0.09,0.15,0.047707905060985406,0.23853952530492703
570,2.438347332235726E18,0.55,0.85,0.1,2.7,0.08,0.25,0.07496341793762278,0.3748170896881139
571,2.438347332235726E18,0.45,0.85,0.3,2.8,0.095,0.25,0.04443514905085655,0.22217574525428274
572,2.438347332235726E18,0.45,0.85,0.1,7.7,0.09,0.25,0.04441025336232862,0.2220512668116431
573,2.438347332235726E18,0.45,0.85,0.1,4.5,0.09,0.25,0.043709441827268006,0.21854720913634001
574,2.438347332235726E18,0.45,0.85,0.1,4.5,0.085,0.25,0.043709441827268006,0.21854720913634001
575,2.438347332235726E18,0.45,0.85,0.1,4.5,0.095,0.25,0.043709441827268006,0.21854720913634001
576,2.438347332235726E18,0.45,0.85,0.1,4.5,0.1,0.25,0.043709441827268006,0.21854720913634001
577,2.438347332235726E18,0.45,0.85,0.1,2.2,0.1,0.25,0.04309289017566301,0.21546445087831503
578,2.438347332235726E18,0.45,0.85,0.1,2.2,0.095,0.25,0.04310284538217837,0.21551422691089187
579,2.438347332235726E18,0.45,0.85,0.1,2.2,0.095,0.45,0.06867923318339579,0.34339616591697897
580,2.438347332235726E18,0.45,0.85,0.1,2.7,0.09,0.45,0.06670138326372002,0.3335069163186001
581,2.438347332235726E18,0.45,0.85,0.1,2.8,0.09,0.3,0.04550621447541419,0.22753107237707096
582,2.438347332235726E18,0.45,0.85,0.1,2.7,0.095,0.3,0.04550654914642453,0.22753274573212268
583,2.438347332235726E18,0.3,0.85,0.1,2.7,0.1,0.25,0.05789037651230184,0.2894518825615092
584,2.438347332235726E18,0.45,0.85,0.1,5.1,0.095,0.25,0.043709441827268006,0.21854720913634001
585,2.438347332235726E18,0.35,0.85,0.1,2.7,0.095,0.25,0.05260245072025237,0.26301225360126185
586,2.438347332235726E18,0.45,0.95,0.1,2.7,0.1,0.25,0.10733787508371409,0.5366893754185704
587,2.438347332235726E18,0.45,0.85,0.25,2.7,0.085,0.25,0.043969115899022373,0.21984557949511185
588,2.438347332235726E18,0.45,0.85,0.1,2.8,0.08,0.15,0.047707905060985406,0.23853952530492703
589,2.438347332235726E18,0.45,0.85,0.45,2.7,0.08,0.25,0.04615530089265278,0.23077650446326392
590,2.438347332235726E18,0.45,0.85,0.45,2.7,0.1,0.25,0.04615530089265278,0.23077650446326392
591,2.438347332235726E18,0.45,0.85,0.1,8.7,0.09,0.25,0.04530824788898999,0.22654123944494994
592,2.438347332235726E18,0.7,0.85,0.1,2.7,0.08,0.25,0.07496341793762278,0.3748170896881139
593,2.438347332235726E18,0.45,0.85,0.25,2.8,0.1,0.25,0.043969115899022373,0.21984557949511185
594,2.438347332235726E18,0.45,0.85,0.1,2.7,0.08,0.5,0.07571921051703377,0.3785960525851689
595,2.438347332235726E18,0.45,0.85,0.4,2.8,0.1,0.25,0.04553017455431795,0.22765087277158977
596,2.438347332235726E18,0.45,0.85,0.1,5.3,0.095,0.25,0.043709441827268006,0.21854720913634001
597,2.438347332235726E18,0.45,0.85,0.1,5.3,0.09,0.25,0.043709441827268006,0.21854720913634001
598,2.438347332235726E18,0.45,0.85,0.3,2.8,0.08,0.25,0.04443514905085655,0.22217574525428274
599,2.438347332235726E18,0.45,0.85,0.1,3.9,0.1,0.25,0.043367764054674865,0.2168388202733743
600,2.438347332235726E18,0.45,0.85,0.25,2.7,0.095,0.25,0.043969115899022373,0.21984557949511185
601,2.438347332235726E18,0.45,0.85,0.1,2.7,0.09,0.3,0.04550621447541419,0.22753107237707096
602,2.438347332235726E18,0.45,0.85,0.1,8.1,0.09,0.25,0.044935962198484704,0.2246798109924235
603,2.438347332235726E18,0.45,0.85,0.1,2.7,0.09,0.2,0.04370716153649668,0.2185358076824834
604,2.438347332235726E18,0.45,0.85,0.35,2.8,0.095,0.25,0.04495613067395264,0.22478065336976322
605,2.438347332235726E18,0.45,0.85,0.1,8.4,0.08,0.25,0.044842880690017205,0.22421440345008603
606,2.438347332235726E18,0.45,0.85,0.1,4.8,0.09,0.25,0.043709441827268006,0.21854720913634001
607,2.438347332235726E18,0.45,0.85,0.1,4.8,0.1,0.25,0.043709441827268006,0.21854720913634001
608,2.438347332235726E18,0.45,0.85,0.1,2.8,0.09,0.2,0.04370716153649668,0.2185358076824834
609,2.438347332235726E18,0.45,0.85,0.1,9.5,0.085,0.25,0.0482980127261812,0.241490063630906
610,2.438347332235726E18,0.45,0.85,0.1,5.9,0.1,0.25,0.043709441827268006,0.21854720913634001
611,2.438347332235726E18,0.35,0.85,0.1,2.8,0.09,0.25,0.05260245072025237,0.26301225360126185
612,2.438347332235726E18,0.35,0.85,0.1,2.7,0.085,0.25,0.0526009088444873,0.2630045442224365
613,2.438347332235726E18,0.35,0.95,0.1,2.7,0.095,0.25,0.10320503938144145,0.5160251969072073
614,2.438347332235726E18,0.35,0.85,0.1,2.7,0.1,0.25,0.05260245072025237,0.26301225360126185
615,2.438347332235726E18,0.45,0.85,0.1,5.2,0.09,0.25,0.043709441827268006,0.21854720913634001
616,2.438347332235726E18,0.45,0.9,0.1,2.8,0.085,0.25,0.056829140393755466,0.2841457019687773
617,2.438347332235726E18,0.45,0.85,0.1,2.7,0.085,0.4,0.05809485799014917,0.29047428995074587
618,2.438347332235726E18,0.45,0.95,0.1,2.7,0.085,0.4,0.1036999186668842,0.518499593334421
619,2.438347332235726E18,0.45,0.85,0.1,9.5,0.08,0.25,0.0482980127261812,0.241490063630906
620,2.438347332235726E18,0.45,0.85,0.1,2.8,0.09,0.45,0.06670138326372002,0.3335069163186001
621,2.438347332235726E18,0.45,0.9,0.1,2.8,0.09,0.25,0.056829140393755466,0.2841457019687773
622,2.438347332235726E18,0.45,0.9,0.1,2.7,0.08,0.25,0.056829140393755466,0.2841457019687773
623,2.438347332235726E18,0.5,0.85,0.1,2.8,0.095,0.25,0.06709109884825817,0.33545549424129084
624,2.438347332235726E18,0.5,0.85,0.1,2.8,0.09,0.25,0.06709109884825817,0.33545549424129084
625,2.438347332235726E18,0.6,0.85,0.1,2.7,0.1,0.25,0.07496341793762278,0.3748170896881139
626,2.438347332235726E18,0.6,0.85,0.1,2.7,0.08,0.25,0.07496341793762278,0.3748170896881139
627,2.438347332235726E18,0.45,0.85,0.1,2.7,0.1,0.2,0.04370716153649668,0.2185358076824834
628,2.438347332235726E18,0.45,0.85,0.1,2.8,0.1,0.5,0.0763189684166649,0.3815948420833245
629,2.438347332235726E18,0.45,0.85,0.35,2.7,0.085,0.25,0.04495613067395264,0.22478065336976322
630,2.438347332235726E18,0.45,1.0,0.1,2.7,0.095,0.25,0.16345495178079394,0.8172747589039697
631,2.438347332235726E18,0.45,0.85,0.1,3.4,0.08,0.25,0.04307809626478553,0.21539048132392766
632,2.438347332235726E18,0.45,0.85,0.1,3.9,0.09,0.25,0.043367764054674865,0.2168388202733743
633,2.438347332235726E18,0.2,0.85,0.1,2.7,0.09,0.25,0.08311084135793462,0.4155542067896731
634,2.438347332235726E18,0.45,0.85,0.1,2.7,0.085,0.45,0.06658560593391678,0.3329280296695839
635,2.438347332235726E18,0.45,0.85,0.45,2.7,0.085,0.45,0.07339519534362787,0.36697597671813936
636,2.438347332235726E18,0.6,0.85,0.1,2.8,0.1,0.45,0.07496341793762278,0.3748170896881139
637,2.438347332235726E18,0.45,0.85,0.1,4.4,0.1,0.25,0.043367764054674865,0.2168388202733743
638,2.438347332235726E18,0.45,0.85,0.1,8.3,0.09,0.25,0.044842880690017205,0.22421440345008603
639,2.438347332235726E18,0.45,0.85,0.1,2.8,0.035,0.25,0.043187971724018996,0.215939858620095
640,2.438347332235726E18,0.2,0.85,0.1,2.7,0.085,0.25,0.08311084135793462,0.4155542067896731
641,2.438347332235726E18,0.45,0.85,0.1,9.7,0.08,0.25,0.04855722712089257,0.24278613560446283
642,2.438347332235726E18,0.45,0.85,0.1,2.8,0.1,0.1,0.05421347876747817,0.2710673938373908
643,2.438347332235726E18,0.35,0.85,0.1,2.8,0.095,0.25,0.05260245072025237,0.26301225360126185
644,2.438347332235726E18,0.45,0.85,0.1,2.7,0.09,0.1,0.05421347876747817,0.2710673938373908
645,2.438347332235726E18,0.45,0.85,0.1,9.6,0.08,0.25,0.04855722712089257,0.24278613560446283
646,2.438347332235726E18,0.45,0.85,0.1,5.2,0.095,0.25,0.043709441827268006,0.21854720913634001
647,2.438347332235726E18,0.45,0.85,0.2,2.7,0.08,0.25,0.04355979488568525,0.21779897442842627
648,2.438347332235726E18,0.45,0.85,0.1,2.8,0.085,0.35,0.050836789638794865,0.25418394819397433
649,2.438347332235726E18,0.45,0.85,0.35,2.7,0.1,0.25,0.04495613067395264,0.22478065336976322
650,2.438347332235726E18,0.45,0.85,0.1,8.0,0.1,0.25,0.04441025336232862,0.2220512668116431
651,2.438347332235726E18,0.45,0.85,0.1,4.1,0.095,0.25,0.043367764054674865,0.2168388202733743
652,2.438347332235726E18,0.45,0.85,0.1,5.2,0.085,0.25,0.043709441827268006,0.21854720913634001
653,2.438347332235726E18,0.45,0.85,0.1,2.8,0.1,0.35,0.05093741240770754,0.2546870620385377
654,2.438347332235726E18,0.45,0.85,0.3,2.7,0.08,0.25,0.04443514905085655,0.22217574525428274
655,2.438347332235726E18,0.45,0.95,0.3,2.7,0.095,0.25,0.10591324074114866,0.5295662037057434
656,2.438347332235726E18,0.45,0.85,0.35,2.7,0.09,0.25,0.04495613067395264,0.22478065336976322
657,2.438347332235726E18,0.45,0.95,0.15,2.7,0.1,0.25,0.10693632405009011,0.5346816202504505
658,2.438347332235726E18,0.45,0.85,0.1,5.8,0.08,0.25,0.043709441827268006,0.21854720913634001
659,2.438347332235726E18,0.45,0.85,0.1,3.4,0.085,0.25,0.04307809626478553,0.21539048132392766
660,2.438347332235726E18,0.45,0.85,0.1,5.1,0.09,0.25,0.043709441827268006,0.21854720913634001
661,2.438347332235726E18,0.45,0.85,0.1,2.8,0.095,0.15,0.047707905060985406,0.23853952530492703
662,2.438347332235726E18,0.45,0.85,0.1,5.6,0.095,0.25,0.043709441827268006,0.21854720913634001
663,2.438347332235726E18,0.4,0.85,0.1,2.7,0.1,0.25,0.045233417671267775,0.22616708835633886
664,2.438347332235726E18,0.45,0.85,0.1,6.2,0.095,0.25,0.04325475557169416,0.21627377785847082
665,2.438347332235726E18,0.45,0.85,0.45,2.8,0.09,0.25,0.04615530089265278,0.23077650446326392
666,2.438347332235726E18,0.45,0.85,0.45,2.7,0.085,0.25,0.04615530089265278,0.23077650446326392
667,2.438347332235726E18,0.45,0.85,0.1,3.2,0.09,0.25,0.04291755553243994,0.21458777766219972
668,2.438347332235726E18,0.45,0.85,0.1,2.1,0.1,0.25,0.04309289017566301,0.21546445087831503
669,2.438347332235726E18,0.45,0.85,0.1,6.4,0.08,0.25,0.04325475557169416,0.21627377785847082
670,2.438347332235726E18,0.45,0.85,0.1,4.1,0.09,0.25,0.043367764054674865,0.2168388202733743
671,2.438347332235726E18,0.45,0.85,0.1,2.8,0.03,0.25,0.04329489846714916,0.21647449233574578
672,2.438347332235726E18,0.45,0.85,0.1,7.0,0.1,0.25,0.043506454238144705,0.21753227119072352
673,2.438347332235726E18,0.45,0.85,0.1,9.8,0.08,0.25,0.04962573831255667,0.24812869156278336
674,2.438347332235726E18,0.45,0.85,0.4,2.7,0.1,0.25,0.04553017455431795,0.22765087277158977
675,2.438347332235726E18,0.45,0.85,0.1,8.5,0.095,0.25,0.04452989504572662,0.2226494752286331
676,2.438347332235726E18,0.45,0.85,0.1,7.5,0.08,0.25,0.04378808580942028,0.2189404290471014
677,2.438347332235726E18,0.45,0.85,0.1,7.5,0.1,0.25,0.04378808580942028,0.2189404290471014
678,2.438347332235726E18,0.45,0.85,0.1,7.5,0.095,0.25,0.04378808580942028,0.2189404290471014
679,2.438347332235726E18,0.45,0.85,0.1,2.5,0.08,0.25,0.043266678050168636,0.2163333902508432
680,2.438347332235726E18,0.45,0.85,0.4,2.7,0.09,0.25,0.04553017455431795,0.22765087277158977
681,2.438347332235726E18,0.45,0.7,0.1,2.7,0.09,0.25,0.19774836111918948,0.9887418055959474
682,2.438347332235726E18,0.45,0.85,0.45,2.8,0.1,0.25,0.04615530089265278,0.23077650446326392
683,2.438347332235726E18,0.45,0.85,0.1,5.3,0.08,0.25,0.043709441827268006,0.21854720913634001
684,2.438347332235726E18,0.45,0.85,0.1,9.3,0.1,0.25,0.04778738582387921,0.23893692911939604
685,2.438347332235726E18,0.65,0.85,0.1,2.7,0.1,0.25,0.07496341793762278,0.3748170896881139
686,2.438347332235726E18,0.45,0.85,0.5,2.8,0.095,0.25,0.04682946403502236,0.2341473201751118
687,2.438347332235726E18,0.45,0.85,0.2,2.8,0.09,0.25,0.04355979488568525,0.21779897442842627
688,2.438347332235726E18,0.45,0.85,0.1,6.3,0.08,0.25,0.04325475557169416,0.21627377785847082
689,2.438347332235726E18,0.45,0.85,0.1,2.8,0.09,0.35,0.0508697586741877,0.2543487933709385
690,2.438347332235726E18,0.45,0.85,0.1,2.8,0.08,0.35,0.050804393981901994,0.25402196990951
691,2.438347332235726E18,0.45,0.85,0.5,2.8,0.08,0.25,0.04682946403502236,0.2341473201751118
692,2.438347332235726E18,0.2,0.85,0.1,4.7,0.1,0.25,0.08311084135793462,0.4155542067896731
693,2.438347332235726E18,0.45,0.85,0.3,2.8,0.09,0.25,0.04443514905085655,0.22217574525428274
694,2.438347332235726E18,0.45,0.8,0.15,2.7,0.085,0.25,0.08619785575120742,0.4309892787560371
695,2.438347332235726E18,0.45,0.85,0.1,8.3,0.1,0.25,0.044842880690017205,0.22421440345008603
696,2.438347332235726E18,0.45,0.85,0.1,6.5,0.1,0.25,0.043374727291807504,0.2168736364590375
697,2.438347332235726E18,0.3,0.85,0.1,2.8,0.095,0.25,0.05789037651230184,0.2894518825615092
698,2.438347332235726E18,0.65,0.85,0.1,2.7,0.09,0.25,0.07496341793762278,0.3748170896881139
699,2.438347332235726E18,0.45,0.85,0.35,2.8,0.09,0.25,0.04495613067395264,0.22478065336976322
700,2.438347332235726E18,0.45,0.85,0.1,7.4,0.1,0.25,0.04378808580942028,0.2189404290471014
701,2.438347332235726E18,0.4,0.85,0.1,2.7,0.08,0.3,0.05127574910383111,0.25637874551915557
702,2.438347332235726E18,0.45,0.85,0.1,7.4,0.08,0.25,0.04378808580942028,0.2189404290471014
703,2.438347332235726E18,0.45,0.75,0.1,2.8,0.095,0.25,0.1406390704484218,0.703195352242109
704,2.438347332235726E18,0.45,0.85,0.1,2.4,0.095,0.25,0.04310284538217837,0.21551422691089187
705,2.438347332235726E18,0.45,0.85,0.1,2.4,0.1,0.25,0.04309289017566301,0.21546445087831503
706,2.438347332235726E18,0.4,0.85,0.1,2.4,0.095,0.25,0.045233417671267775,0.22616708835633886
707,2.438347332235726E18,0.45,0.85,0.45,2.7,0.09,0.25,0.04615530089265278,0.23077650446326392
708,2.438347332235726E18,0.45,0.85,0.1,5.5,0.095,0.25,0.043709441827268006,0.21854720913634001
709,2.438347332235726E18,0.45,0.85,0.5,2.7,0.095,0.25,0.04682946403502236,0.2341473201751118
710,2.438347332235726E18,0.45,0.85,0.5,2.8,0.085,0.25,0.04682946403502236,0.2341473201751118
711,2.438347332235726E18,0.45,0.85,0.1,3.4,0.1,0.25,0.04307809626478553,0.21539048132392766
712,2.438347332235726E18,0.45,0.85,0.1,10.0,0.095,0.25,0.050467190138744226,0.2523359506937211
713,2.438347332235726E18,0.45,0.85,0.1,7.8,0.085,0.25,0.04441025336232862,0.2220512668116431
714,2.438347332235726E18,0.45,0.85,0.1,8.5,0.1,0.25,0.04452989504572662,0.2226494752286331
715,2.438347332235726E18,0.45,0.95,0.1,2.8,0.085,0.25,0.10733787508371409,0.5366893754185704
716,2.438347332235726E18,0.45,0.85,0.1,4.7,0.095,0.25,0.043709441827268006,0.21854720913634001
717,2.438347332235726E18,0.45,0.85,0.1,2.7,0.08,0.1,0.05421347876747817,0.2710673938373908
718,2.438347332235726E18,0.45,0.95,0.1,2.8,0.09,0.25,0.10733787508371409,0.5366893754185704
719,2.438347332235726E18,0.25,0.85,0.1,2.7,0.1,0.25,0.0683704266061839,0.34185213303091955
720,2.438347332235726E18,0.25,0.85,0.1,2.7,0.065,0.25,0.0683704266061839,0.34185213303091955
721,2.438347332235726E18,0.45,0.85,0.1,5.8,0.095,0.25,0.043709441827268006,0.21854720913634001
722,2.438347332235726E18,0.45,0.85,0.1,2.8,0.075,0.25,0.04291850096073386,0.2145925048036693
723,2.438347332235726E18,0.45,0.85,0.1,8.7,0.08,0.25,0.04530824788898999,0.22654123944494994
724,2.438347332235726E18,0.6,0.85,0.1,2.8,0.085,0.25,0.07496341793762278,0.3748170896881139
725,2.438347332235726E18,0.45,0.85,0.1,6.9,0.09,0.25,0.043506454238144705,0.21753227119072352
726,2.438347332235726E18,0.45,0.85,0.1,4.0,0.015,0.25,0.04826751335302017,0.24133756676510082
727,2.438347332235726E18,0.25,0.85,0.1,2.7,0.08,0.25,0.0683704266061839,0.34185213303091955
728,2.438347332235726E18,0.45,0.85,0.1,6.1,0.095,0.25,0.043709441827268006,0.21854720913634001
729,2.438347332235726E18,0.45,0.85,0.1,6.1,0.08,0.25,0.043709441827268006,0.21854720913634001
730,2.438347332235726E18,0.6,0.85,0.1,2.7,0.095,0.25,0.07496341793762278,0.3748170896881139
731,2.438347332235726E18,0.45,0.85,0.1,2.8,0.095,0.35,0.05090329997398362,0.2545164998699181
732,2.438347332235726E18,0.45,0.85,0.1,7.8,0.1,0.25,0.04441025336232862,0.2220512668116431
733,2.438347332235726E18,0.3,0.85,0.1,2.8,0.09,0.25,0.05789037651230184,0.2894518825615092
734,2.438347332235726E18,0.45,0.85,0.1,2.2,0.09,0.25,0.043091778335274916,0.21545889167637458
735,2.438347332235726E18,0.45,0.85,0.1,2.7,0.1,0.15,0.047707905060985406,0.23853952530492703
736,2.438347332235726E18,0.45,0.85,0.1,7.3,0.095,0.25,0.04378808580942028,0.2189404290471014
737,2.438347332235726E18,0.45,0.85,0.1,7.2,0.085,0.25,0.04378808580942028,0.2189404290471014
738,2.438347332235726E18,0.45,0.85,0.35,2.8,0.085,0.25,0.04495613067395264,0.22478065336976322
739,2.438347332235726E18,0.45,0.85,0.1,8.2,0.085,0.25,0.044935962198484704,0.2246798109924235
740,2.438347332235726E18,0.45,0.85,0.1,4.4,0.095,0.25,0.043367764054674865,0.2168388202733743
741,2.438347332235726E18,0.45,0.85,0.1,8.6,0.1,0.25,0.04490558391320364,0.2245279195660182
742,2.438347332235726E18,0.45,0.85,0.1,8.6,0.08,0.25,0.04490558391320364,0.2245279195660182
743,2.438347332235726E18,0.45,0.85,0.1,7.1,0.095,0.25,0.043506454238144705,0.21753227119072352
744,2.438347332235726E18,0.45,0.7,0.1,2.7,0.08,0.1,0.19187114423187687,0.9593557211593844
745,2.438347332235726E18,0.25,0.8,0.1,2.8,0.09,0.25,0.10692570260894448,0.5346285130447224
746,2.438347332235726E18,0.45,0.85,0.1,2.5,0.085,0.25,0.04328986650243391,0.21644933251216955
747,2.438347332235726E18,0.45,0.85,0.15,2.5,0.1,0.25,0.043678200175225085,0.21839100087612542
748,2.438347332235726E18,0.45,0.85,0.1,2.9,0.1,0.25,0.04291755553243994,0.21458777766219972
749,2.438347332235726E18,0.45,0.85,0.1,2.9,0.095,0.25,0.04291755553243994,0.21458777766219972
750,2.438347332235726E18,0.45,0.85,0.1,8.9,0.1,0.25,0.04637024865446468,0.2318512432723234
751,2.438347332235726E18,0.45,0.7,0.1,2.8,0.095,0.25,0.19774836111918948,0.9887418055959474
752,2.438347332235726E18,0.45,0.85,0.1,9.9,0.1,0.25,0.04962573831255667,0.24812869156278336
753,2.438347332235726E18,0.45,0.85,0.1,9.9,0.095,0.25,0.04962573831255667,0.24812869156278336
754,2.438347332235726E18,0.45,0.85,0.1,3.9,0.085,0.25,0.043367764054674865,0.2168388202733743
755,2.438347332235726E18,0.45,0.85,0.1,7.2,0.1,0.25,0.04378808580942028,0.2189404290471014
756,2.438347332235726E18,0.45,0.85,0.1,2.8,0.095,0.1,0.05421347876747817,0.2710673938373908
757,2.438347332235726E18,0.5,0.85,0.1,2.7,0.09,0.25,0.06605639761966664,0.3302819880983332
758,2.438347332235726E18,0.45,0.85,0.15,5.3,0.095,0.25,0.043931985347004744,0.21965992673502371
759,2.438347332235726E18,0.45,0.85,0.2,2.8,0.085,0.25,0.04355979488568525,0.21779897442842627
760,2.438347332235726E18,0.45,0.85,0.1,9.8,0.095,0.25,0.04962573831255667,0.24812869156278336
761,2.438347332235726E18,0.45,0.85,0.1,6.8,0.1,0.25,0.043506454238144705,0.21753227119072352
762,2.438347332235726E18,0.45,0.85,0.1,6.5,0.08,0.25,0.043374727291807504,0.2168736364590375
763,2.438347332235726E18,0.45,0.85,0.1,6.5,0.09,0.25,0.043374727291807504,0.2168736364590375
764,2.438347332235726E18,0.45,0.85,0.2,2.7,0.025,0.25,0.04404937019902407,0.22024685099512037
765,2.438347332235726E18,0.45,0.85,0.3,2.8,0.085,0.25,0.04443514905085655,0.22217574525428274
766,2.438347332235726E18,0.25,0.85,0.3,2.7,0.095,0.25,0.10264596264145118,0.5132298132072559
767,2.438347332235726E18,0.45,0.85,0.1,9.0,0.095,0.25,0.04778738582387921,0.23893692911939604
768,2.438347332235726E18,0.45,0.85,0.1,5.5,0.09,0.25,0.043709441827268006,0.21854720913634001
769,2.438347332235726E18,0.45,0.85,0.25,2.7,0.08,0.25,0.043969115899022373,0.21984557949511185
770,2.438347332235726E18,0.45,0.85,0.1,6.7,0.09,0.25,0.043506454238144705,0.21753227119072352
771,2.438347332235726E18,0.45,0.85,0.1,9.2,0.09,0.25,0.04778738582387921,0.23893692911939604
772,2.438347332235726E18,0.45,0.85,0.1,3.6,0.08,0.25,0.043367764054674865,0.2168388202733743
773,2.438347332235726E18,0.65,0.85,0.1,2.7,0.085,0.25,0.07496341793762278,0.3748170896881139
774,2.438347332235726E18,0.45,0.85,0.1,3.4,0.09,0.25,0.04307809626478553,0.21539048132392766
775,2.438347332235726E18,0.45,0.85,0.1,2.6,0.09,0.25,0.043313214419694115,0.21656607209847056
776,2.438347332235726E18,0.45,0.85,0.1,9.7,0.085,0.25,0.04855722712089257,0.24278613560446283
777,2.438347332235726E18,0.45,0.85,0.1,7.0,0.09,0.25,0.043506454238144705,0.21753227119072352
778,2.438347332235726E18,0.45,0.85,0.1,7.0,0.085,0.25,0.043506454238144705,0.21753227119072352
779,2.438347332235726E18,0.45,0.85,0.1,9.2,0.08,0.25,0.04778738582387921,0.23893692911939604
780,2.438347332235726E18,0.2,0.85,0.1,2.8,0.1,0.25,0.08311084135793462,0.4155542067896731
781,2.438347332235726E18,0.45,0.85,0.1,2.3,0.1,0.25,0.04309289017566301,0.21546445087831503
782,2.438347332235726E18,0.45,0.85,0.1,8.6,0.095,0.25,0.04490558391320364,0.2245279195660182
783,2.438347332235726E18,0.45,0.85,0.1,9.1,0.085,0.25,0.04778738582387921,0.23893692911939604
784,2.438347332235726E18,0.45,0.85,0.1,9.4,0.095,0.25,0.04778738582387921,0.23893692911939604
785,2.438347332235726E18,0.45,0.85,0.5,2.7,0.1,0.25,0.04682946403502236,0.2341473201751118
786,2.438347332235726E18,0.45,0.85,0.1,7.3,0.08,0.25,0.04378808580942028,0.2189404290471014
787,2.438347332235726E18,0.65,0.85,0.15,2.7,0.095,0.25,0.07496341793762278,0.3748170896881139
788,2.438347332235726E18,0.45,0.85,0.1,6.7,0.1,0.25,0.043506454238144705,0.21753227119072352
789,2.438347332235726E18,0.45,0.85,0.1,6.7,0.085,0.25,0.043506454238144705,0.21753227119072352
790,2.438347332235726E18,0.2,0.85,0.1,2.7,0.095,0.25,0.08311084135793462,0.4155542067896731
791,2.438347332235726E18,0.45,0.85,0.1,6.4,0.085,0.25,0.04325475557169416,0.21627377785847082
792,2.438347332235726E18,0.45,0.85,0.1,6.4,0.1,0.25,0.04325475557169416,0.21627377785847082
793,2.438347332235726E18,0.45,0.85,0.1,3.1,0.095,0.25,0.04291755553243994,0.21458777766219972
794,2.438347332235726E18,0.2,0.85,0.1,2.7,0.1,0.25,0.08311084135793462,0.4155542067896731
795,2.438347332235726E18,0.45,0.85,0.1,2.7,0.09,0.35,0.0508697586741877,0.2543487933709385
796,2.438347332235726E18,0.45,0.85,0.25,2.7,0.09,0.35,0.05347565107531173,0.2673782553765586
797,2.438347332235726E18,0.45,0.85,0.1,7.4,0.09,0.35,0.04830855272277359,0.24154276361386795
798,2.438347332235726E18,0.35,0.75,0.1,2.8,0.095,0.25,0.14864629157265474,0.7432314578632737
799,2.438347332235726E18,0.45,0.85,0.1,2.7,0.085,0.15,0.047707905060985406,0.23853952530492703
800,2.438347332235726E18,0.45,0.85,0.1,4.0,0.085,0.25,0.043367764054674865,0.2168388202733743
801,2.438347332235726E18,0.45,0.85,0.3,2.7,0.085,0.25,0.04443514905085655,0.22217574525428274
802,2.438347332235726E18,0.45,1.0,0.1,2.7,0.085,0.25,0.16345495178079394,0.8172747589039697
803,2.438347332235726E18,0.45,0.85,0.5,2.8,0.1,0.25,0.04682946403502236,0.2341473201751118
804,2.438347332235726E18,0.45,0.85,0.1,8.4,0.095,0.25,0.044842880690017205,0.22421440345008603
805,2.438347332235726E18,0.45,0.85,0.1,2.3,0.085,0.25,0.04307872416287652,0.21539362081438257
806,2.438347332235726E18,0.45,0.85,0.1,8.9,0.095,0.25,0.04637024865446468,0.2318512432723234
807,2.438347332235726E18,0.45,0.85,0.1,2.8,0.095,0.45,0.06681841767605325,0.3340920883802662
808,2.438347332235726E18,0.45,0.85,0.1,8.8,0.1,0.25,0.04530824788898999,0.22654123944494994
809,2.438347332235726E18,0.5,0.85,0.45,2.8,0.08,0.25,0.06654443361909214,0.3327221680954607
810,2.438347332235726E18,0.45,0.85,0.15,2.8,0.085,0.25,0.04320879775920379,0.21604398879601894
811,2.438347332235726E18,0.45,0.85,0.1,5.5,0.085,0.25,0.043709441827268006,0.21854720913634001
812,2.438347332235726E18,0.45,0.85,0.1,2.3,0.025,0.25,0.04362403752350121,0.21812018761750607
813,2.438347332235726E18,0.45,0.85,0.1,5.9,0.08,0.25,0.043709441827268006,0.21854720913634001
814,2.438347332235726E18,0.45,0.85,0.1,5.2,0.1,0.25,0.043709441827268006,0.21854720913634001
815,2.438347332235726E18,0.45,0.85,0.1,7.9,0.1,0.25,0.04441025336232862,0.2220512668116431
816,2.438347332235726E18,0.45,0.85,0.1,6.5,0.085,0.25,0.043374727291807504,0.2168736364590375
817,2.438347332235726E18,0.45,0.75,0.1,6.5,0.085,0.25,0.1397612927444849,0.6988064637224245
818,2.438347332235726E18,0.45,0.85,0.1,4.3,0.08,0.25,0.043367764054674865,0.2168388202733743
819,2.438347332235726E18,0.45,0.85,0.1,7.8,0.09,0.25,0.04441025336232862,0.2220512668116431
820,2.438347332235726E18,0.45,0.85,0.1,8.7,0.095,0.25,0.04530824788898999,0.22654123944494994
821,2.438347332235726E18,0.45,0.85,0.1,5.7,0.09,0.25,0.043709441827268006,0.21854720913634001
822,2.438347332235726E18,0.45,0.85,0.1,2.2,0.08,0.25,0.04306606541680301,0.21533032708401506
823,2.438347332235726E18,0.45,0.85,0.5,2.7,0.085,0.25,0.04682946403502236,0.2341473201751118
824,2.438347332235726E18,0.45,0.85,0.1,3.4,0.095,0.25,0.04307809626478553,0.21539048132392766
825,2.438347332235726E18,0.45,0.85,0.15,2.7,0.085,0.15,0.04710876714053613,0.23554383570268064
826,2.438347332235726E18,0.65,0.85,0.1,2.8,0.065,0.25,0.07496341793762278,0.3748170896881139
827,2.438347332235726E18,0.45,0.85,0.1,2.8,0.09,0.5,0.07605185081634366,0.38025925408171835
828,2.438347332235726E18,0.35,1.0,0.1,2.8,0.1,0.25,0.15747467418723876,0.7873733709361939
829,2.438347332235726E18,0.25,1.0,0.1,2.7,0.09,0.25,0.1573449451028155,0.7867247255140775
830,2.438347332235726E18,0.45,0.85,0.1,3.7,0.085,0.25,0.043367764054674865,0.2168388202733743
831,2.438347332235726E18,0.45,0.85,0.1,3.7,0.095,0.25,0.043367764054674865,0.2168388202733743
832,2.438347332235726E18,0.45,0.85,0.1,3.7,0.08,0.25,0.043367764054674865,0.2168388202733743
833,2.438347332235726E18,0.45,0.85,0.1,5.5,0.1,0.25,0.043709441827268006,0.21854720913634001
834,2.438347332235726E18,0.45,0.85,0.1,8.1,0.085,0.25,0.044935962198484704,0.2246798109924235
835,2.438347332235726E18,0.45,0.85,0.1,3.6,0.1,0.25,0.043367764054674865,0.2168388202733743
836,2.438347332235726E18,0.45,0.85,0.1,3.6,0.09,0.25,0.043367764054674865,0.2168388202733743
837,2.438347332235726E18,0.45,0.85,0.1,3.9,0.08,0.25,0.043367764054674865,0.2168388202733743
838,2.438347332235726E18,0.55,0.85,0.1,2.7,0.1,0.25,0.07496341793762278,0.3748170896881139
839,2.438347332235726E18,0.45,0.85,0.1,5.7,0.085,0.25,0.043709441827268006,0.21854720913634001
840,2.438347332235726E18,0.45,0.85,0.1,3.9,0.095,0.25,0.043367764054674865,0.2168388202733743
841,2.438347332235726E18,0.45,0.85,0.1,4.0,0.08,0.25,0.043367764054674865,0.2168388202733743
842,2.438347332235726E18,0.45,0.85,0.1,4.0,0.1,0.25,0.043367764054674865,0.2168388202733743
843,2.438347332235726E18,0.45,0.85,0.1,3.6,0.085,0.25,0.043367764054674865,0.2168388202733743
844,2.438347332235726E18,0.45,0.85,0.1,4.8,0.095,0.25,0.043709441827268006,0.21854720913634001
845,2.438347332235726E18,0.45,0.85,0.1,4.8,0.085,0.25,0.043709441827268006,0.21854720913634001
846,2.438347332235726E18,0.45,0.85,0.1,2.4,0.09,0.25,0.043091778335274916,0.21545889167637458
847,2.438347332235726E18,0.45,0.85,0.1,2.4,0.085,0.25,0.04307872416287652,0.21539362081438257
848,2.438347332235726E18,0.45,0.85,0.1,9.6,0.09,0.25,0.04855722712089257,0.24278613560446283
849,2.438347332235726E18,0.45,0.85,0.1,2.0,0.085,0.25,0.04307872416287652,0.21539362081438257
850,2.438347332235726E18,0.45,0.85,0.1,2.0,0.09,0.25,0.043091778335274916,0.21545889167637458
851,2.438347332235726E18,0.45,0.95,0.1,2.0,0.08,0.25,0.1066817050203939,0.5334085251019695
852,2.438347332235726E18,0.45,0.85,0.1,4.2,0.08,0.25,0.043367764054674865,0.2168388202733743
853,2.438347332235726E18,0.45,0.85,0.1,8.7,0.085,0.25,0.04530824788898999,0.22654123944494994
854,2.438347332235726E18,0.45,0.85,0.1,6.7,0.095,0.25,0.043506454238144705,0.21753227119072352
855,2.438347332235726E18,0.45,0.85,0.1,6.7,0.08,0.25,0.043506454238144705,0.21753227119072352
856,2.438347332235726E18,0.7,0.85,0.1,2.7,0.1,0.25,0.07496341793762278,0.3748170896881139
857,2.438347332235726E18,0.7,0.85,0.1,2.8,0.08,0.25,0.07496341793762278,0.3748170896881139
858,2.438347332235726E18,0.45,0.85,0.1,6.0,0.095,0.25,0.043709441827268006,0.21854720913634001
859,2.438347332235726E18,0.7,0.85,0.1,2.7,0.09,0.25,0.07496341793762278,0.3748170896881139
860,2.438347332235726E18,0.45,0.85,0.1,6.2,0.08,0.25,0.04325475557169416,0.21627377785847082
861,2.438347332235726E18,0.45,0.85,0.25,2.7,0.075,0.25,0.043969745056676786,0.21984872528338392
862,2.438347332235726E18,0.45,0.85,0.1,8.1,0.1,0.25,0.044935962198484704,0.2246798109924235
863,2.438347332235726E18,0.35,0.85,0.1,2.6,0.095,0.25,0.05269783732388423,0.26348918661942117
864,2.438347332235726E18,0.45,0.85,0.1,9.5,0.09,0.25,0.0482980127261812,0.241490063630906
865,2.438347332235726E18,0.65,0.85,0.1,9.5,0.08,0.25,0.07496341793762278,0.3748170896881139
866,2.438347332235726E18,0.45,0.85,0.1,9.5,0.08,0.3,0.0477308148022602,0.238654074011301
867,2.438347332235726E18,0.45,0.85,0.1,7.4,0.09,0.25,0.04378808580942028,0.2189404290471014
868,2.438347332235726E18,0.45,0.85,0.1,7.7,0.085,0.25,0.04441025336232862,0.2220512668116431
869,2.438347332235726E18,0.45,0.85,0.1,7.7,0.1,0.25,0.04441025336232862,0.2220512668116431
870,2.438347332235726E18,0.45,0.85,0.1,7.6,0.085,0.25,0.04441025336232862,0.2220512668116431
871,2.438347332235726E18,0.45,0.85,0.1,7.6,0.095,0.25,0.04441025336232862,0.2220512668116431
872,2.438347332235726E18,0.45,0.85,0.1,8.6,0.09,0.25,0.04490558391320364,0.2245279195660182
873,2.438347332235726E18,0.45,0.85,0.1,7.1,0.09,0.25,0.043506454238144705,0.21753227119072352
874,2.438347332235726E18,0.45,0.85,0.1,7.9,0.09,0.25,0.04441025336232862,0.2220512668116431
875,2.438347332235726E18,0.45,0.85,0.1,4.9,0.095,0.25,0.043709441827268006,0.21854720913634001
876,2.438347332235726E18,0.45,0.85,0.1,9.4,0.09,0.25,0.04778738582387921,0.23893692911939604
877,2.438347332235726E18,0.45,0.85,0.1,5.0,0.085,0.25,0.043709441827268006,0.21854720913634001
878,2.438347332235726E18,0.35,1.0,0.1,2.7,0.095,0.25,0.15747467418723876,0.7873733709361939
879,2.438347332235726E18,0.45,0.85,0.1,8.4,0.1,0.25,0.044842880690017205,0.22421440345008603
880,2.438347332235726E18,0.6,0.85,0.1,2.8,0.1,0.25,0.07496341793762278,0.3748170896881139
881,2.438347332235726E18,0.45,0.85,0.1,3.5,0.1,0.25,0.043367764054674865,0.2168388202733743
882,2.438347332235726E18,0.45,0.85,0.1,3.6,0.095,0.25,0.043367764054674865,0.2168388202733743
883,2.438347332235726E18,0.45,0.85,0.1,4.2,0.1,0.25,0.043367764054674865,0.2168388202733743
884,2.438347332235726E18,0.45,0.85,0.1,3.7,0.1,0.25,0.043367764054674865,0.2168388202733743
885,2.438347332235726E18,0.4,0.85,0.1,2.8,0.095,0.25,0.045233417671267775,0.22616708835633886
886,2.438347332235726E18,0.45,0.85,0.4,2.7,0.1,0.2,0.04383629344329554,0.2191814672164777
887,2.438347332235726E18,0.45,0.85,0.1,6.6,0.09,0.25,0.043506454238144705,0.21753227119072352
888,2.438347332235726E18,0.45,0.85,0.1,4.3,0.09,0.25,0.043367764054674865,0.2168388202733743
889,2.438347332235726E18,0.45,0.85,0.1,2.7,0.1,0.45,0.06693670257713896,0.3346835128856948
890,2.438347332235726E18,0.45,0.85,0.1,3.0,0.09,0.25,0.04291755553243994,0.21458777766219972
891,2.438347332235726E18,0.45,0.85,0.1,9.0,0.1,0.25,0.04778738582387921,0.23893692911939604
892,2.438347332235726E18,0.45,0.85,0.1,9.0,0.09,0.25,0.04778738582387921,0.23893692911939604
893,2.438347332235726E18,0.45,0.85,0.1,6.3,0.1,0.25,0.04325475557169416,0.21627377785847082
894,2.438347332235726E18,0.45,0.85,0.1,5.0,0.08,0.25,0.043709441827268006,0.21854720913634001
895,2.438347332235726E18,0.45,0.85,0.1,3.3,0.085,0.25,0.04299385732524438,0.21496928662622192
896,2.438347332235726E18,0.45,0.85,0.1,4.2,0.085,0.25,0.043367764054674865,0.2168388202733743
897,2.438347332235726E18,0.45,0.85,0.2,2.7,0.085,0.25,0.04355979488568525,0.21779897442842627
898,2.438347332235726E18,0.45,0.85,0.1,7.8,0.08,0.25,0.04441025336232862,0.2220512668116431
899,2.438347332235726E18,0.3,0.85,0.1,2.8,0.085,0.25,0.05789037651230184,0.2894518825615092
900,2.438347332235726E18,0.45,0.85,0.1,4.9,0.08,0.25,0.043709441827268006,0.21854720913634001
901,2.438347332235726E18,0.45,0.85,0.1,4.9,0.085,0.25,0.043709441827268006,0.21854720913634001
902,2.438347332235726E18,0.55,0.85,0.1,2.7,0.085,0.25,0.07496341793762278,0.3748170896881139
903,2.438347332235726E18,0.45,0.85,0.1,5.4,0.1,0.25,0.043709441827268006,0.21854720913634001
904,2.438347332235726E18,0.45,0.85,0.1,2.9,0.09,0.25,0.04291755553243994,0.21458777766219972
905,2.438347332235726E18,0.45,0.85,0.1,2.8,0.1,0.15,0.047707905060985406,0.23853952530492703
906,2.438347332235726E18,0.45,0.7,0.1,2.7,0.025,0.25,0.19695914259226147,0.9847957129613073
907,2.438347332235726E18,0.35,0.85,0.1,2.8,0.07,0.25,0.052581643038014894,0.26290821519007446
908,2.438347332235726E18,0.45,0.85,0.1,2.6,0.095,0.25,0.04333435207742592,0.2166717603871296
909,2.438347332235726E18,0.65,0.85,0.1,2.8,0.085,0.25,0.07496341793762278,0.3748170896881139
910,2.438347332235726E18,0.45,0.85,0.1,3.1,0.09,0.25,0.04291755553243994,0.21458777766219972
911,2.438347332235726E18,0.45,0.85,0.1,3.1,0.1,0.25,0.04291755553243994,0.21458777766219972
912,2.438347332235726E18,0.45,0.85,0.1,2.5,0.09,0.25,0.043313214419694115,0.21656607209847056
913,2.438347332235726E18,0.6,0.85,0.1,2.8,0.05,0.25,0.07496341793762278,0.3748170896881139
914,2.438347332235726E18,0.45,0.85,0.1,6.6,0.095,0.25,0.043506454238144705,0.21753227119072352
915,2.438347332235726E18,0.45,0.85,0.1,6.6,0.085,0.25,0.043506454238144705,0.21753227119072352
916,2.438347332235726E18,0.45,0.85,0.1,9.7,0.1,0.25,0.04855722712089257,0.24278613560446283
917,2.438347332235726E18,0.45,0.85,0.1,9.7,0.09,0.25,0.04855722712089257,0.24278613560446283
918,2.438347332235726E18,0.45,0.85,0.1,4.5,0.08,0.25,0.043709441827268006,0.21854720913634001
919,2.438347332235726E18,0.45,0.85,0.1,4.6,0.1,0.25,0.043709441827268006,0.21854720913634001
920,2.438347332235726E18,0.45,0.85,0.1,4.6,0.095,0.25,0.043709441827268006,0.21854720913634001
921,2.438347332235726E18,0.45,0.85,0.1,4.9,0.1,0.25,0.043709441827268006,0.21854720913634001
922,2.438347332235726E18,0.45,0.85,0.1,4.9,0.09,0.25,0.043709441827268006,0.21854720913634001
923,2.438347332235726E18,0.45,0.85,0.1,9.5,0.095,0.25,0.0482980127261812,0.241490063630906
924,2.438347332235726E18,0.45,0.9,0.1,2.7,0.08,0.45,0.0666452602202701,0.33322630110135054
925,2.438347332235726E18,0.45,0.85,0.1,2.8,0.085,0.5,0.07591986399086656,0.3795993199543328
926,2.438347332235726E18,0.45,0.85,0.25,6.2,0.08,0.25,0.04389387980527929,0.21946939902639645
927,2.438347332235726E18,0.45,0.85,0.45,3.8,0.08,0.25,0.046316423847853255,0.23158211923926628
928,2.438347332235726E18,0.6,0.85,0.1,2.7,0.085,0.25,0.07496341793762278,0.3748170896881139
929,2.438347332235726E18,0.2,0.85,0.1,2.8,0.095,0.25,0.08311084135793462,0.4155542067896731
930,2.438347332235726E18,0.5,0.85,0.1,2.8,0.015,0.25,0.07227063708944274,0.36135318544721373
931,2.438347332235726E18,0.45,0.85,0.1,4.6,0.08,0.25,0.043709441827268006,0.21854720913634001
932,2.438347332235726E18,0.45,0.85,0.1,3.0,0.08,0.25,0.04291755553243994,0.21458777766219972
933,2.438347332235726E18,0.45,0.85,0.25,2.8,0.085,0.25,0.043969115899022373,0.21984557949511185
934,2.438347332235726E18,0.45,0.85,0.1,7.3,0.09,0.25,0.04378808580942028,0.2189404290471014
935,2.438347332235726E18,0.45,0.85,0.1,7.9,0.095,0.25,0.04441025336232862,0.2220512668116431
936,2.438347332235726E18,0.45,0.85,0.1,9.1,0.1,0.25,0.04778738582387921,0.23893692911939604
937,2.438347332235726E18,0.45,0.85,0.1,5.6,0.1,0.25,0.043709441827268006,0.21854720913634001
938,2.438347332235726E18,0.45,0.85,0.1,2.8,0.065,0.45,0.06577397890262095,0.3288698945131047
939,2.438347332235726E18,0.3,0.85,0.1,2.7,0.09,0.3,0.06888387850960405,0.34441939254802023
940,2.438347332235726E18,0.35,0.85,0.25,2.8,0.09,0.25,0.06502489880601134,0.3251244940300567
941,2.438347332235726E18,0.45,0.85,0.1,8.8,0.09,0.25,0.04530824788898999,0.22654123944494994
942,2.438347332235726E18,0.45,0.9,0.1,2.8,0.095,0.5,0.07456452774193931,0.37282263870969656
943,2.438347332235726E18,0.45,0.85,0.1,2.8,0.095,0.5,0.07618488745494169,0.3809244372747084
944,2.438347332235726E18,0.45,0.85,0.1,5.2,0.08,0.25,0.043709441827268006,0.21854720913634001
945,2.438347332235726E18,0.45,0.85,0.1,8.0,0.08,0.25,0.04441025336232862,0.2220512668116431
946,2.438347332235726E18,0.45,0.85,0.1,7.6,0.09,0.25,0.04441025336232862,0.2220512668116431
947,2.438347332235726E18,0.45,0.85,0.1,3.5,0.09,0.25,0.043367764054674865,0.2168388202733743
948,2.438347332235726E18,0.4,0.75,0.1,2.8,0.095,0.25,0.14365016779956227,0.7182508389978114
949,2.438347332235726E18,0.45,0.85,0.1,8.3,0.08,0.25,0.044842880690017205,0.22421440345008603
950,2.438347332235726E18,0.7,0.85,0.1,2.8,0.1,0.25,0.07496341793762278,0.3748170896881139
951,2.438347332235726E18,0.45,0.85,0.1,7.5,0.085,0.25,0.04378808580942028,0.2189404290471014
952,2.438347332235726E18,0.4,0.85,0.1,7.5,0.085,0.25,0.04519471977330907,0.22597359886654536
953,2.438347332235726E18,0.45,0.85,0.1,8.7,0.1,0.25,0.04530824788898999,0.22654123944494994
954,2.438347332235726E18,0.45,0.85,0.1,9.3,0.08,0.25,0.04778738582387921,0.23893692911939604
955,2.438347332235726E18,0.45,0.9,0.1,9.3,0.08,0.25,0.0652912632951085,0.32645631647554246
956,2.438347332235726E18,0.45,0.85,0.1,9.3,0.09,0.25,0.04778738582387921,0.23893692911939604
957,2.438347332235726E18,0.45,0.85,0.25,2.8,0.09,0.45,0.06957669904086368,0.3478834952043184
958,2.438347332235726E18,0.45,0.85,0.1,4.2,0.095,0.25,0.043367764054674865,0.2168388202733743
959,2.438347332235726E18,0.45,0.85,0.1,4.3,0.085,0.25,0.043367764054674865,0.2168388202733743
960,2.438347332235726E18,0.45,0.85,0.3,2.7,0.09,0.45,0.0705504038713808,0.352752019356904
961,2.438347332235726E18,0.45,0.9,0.1,2.7,0.1,0.45,0.06694673053926364,0.3347336526963182
962,2.438347332235726E18,0.45,0.85,0.3,6.2,0.095,0.25,0.0442279360595381,0.2211396802976905
963,2.438347332235726E18,0.45,0.7,0.1,9.1,0.095,0.25,0.19531871260382583,0.9765935630191291
964,2.438347332235726E18,0.45,0.85,0.1,9.1,0.09,0.25,0.04778738582387921,0.23893692911939604
965,2.438347332235726E18,0.6,0.85,0.1,2.8,0.08,0.15,0.07496341793762278,0.3748170896881139
966,2.438347332235726E18,0.45,0.85,0.1,9.9,0.08,0.25,0.04962573831255667,0.24812869156278336
967,2.438347332235726E18,0.6,0.85,0.45,2.7,0.095,0.25,0.07496341793762278,0.3748170896881139
968,2.438347332235726E18,0.45,0.85,0.1,9.8,0.09,0.25,0.04962573831255667,0.24812869156278336
969,2.438347332235726E18,0.45,0.9,0.15,2.8,0.08,0.25,0.05658712361373173,0.28293561806865863
970,2.438347332235726E18,0.6,0.85,0.45,2.8,0.095,0.25,0.07496341793762278,0.3748170896881139
971,2.438347332235726E18,0.45,0.85,0.45,2.7,0.015,0.25,0.04842660462303659,0.24213302311518298
972,2.438347332235726E18,0.2,0.85,0.1,2.8,0.09,0.25,0.08311084135793462,0.4155542067896731
973,2.438347332235726E18,0.45,0.85,0.1,4.4,0.085,0.25,0.043367764054674865,0.2168388202733743
974,2.438347332235726E18,0.45,0.85,0.1,3.5,0.09,0.35,0.0503648858731001,0.2518244293655005
975,2.438347332235726E18,0.45,0.85,0.1,8.9,0.09,0.35,0.04744269405339394,0.2372134702669697
976,2.438347332235726E18,0.45,0.85,0.1,7.9,0.085,0.25,0.04441025336232862,0.2220512668116431
977,2.438347332235726E18,0.4,0.85,0.45,2.7,0.08,0.25,0.05975970245043233,0.29879851225216164
978,2.438347332235726E18,0.45,0.85,0.1,6.1,0.1,0.25,0.043709441827268006,0.21854720913634001
979,2.438347332235726E18,0.45,0.85,0.1,6.1,0.085,0.25,0.043709441827268006,0.21854720913634001
980,2.438347332235726E18,0.45,0.85,0.1,4.7,0.09,0.25,0.043709441827268006,0.21854720913634001
981,2.438347332235726E18,0.45,0.85,0.1,4.6,0.09,0.25,0.043709441827268006,0.21854720913634001
982,2.438347332235726E18,0.45,0.85,0.1,8.0,0.085,0.25,0.04441025336232862,0.2220512668116431
983,2.438347332235726E18,0.45,0.85,0.1,9.6,0.085,0.25,0.04855722712089257,0.24278613560446283
984,2.438347332235726E18,0.45,0.85,0.1,9.6,0.1,0.25,0.04855722712089257,0.24278613560446283
985,2.438347332235726E18,0.45,0.85,0.1,10.0,0.08,0.25,0.050467190138744226,0.2523359506937211
986,2.438347332235726E18,0.35,0.85,0.3,2.7,0.085,0.25,0.0696672209900012,0.348336104950006
987,2.438347332235726E18,0.35,0.85,0.1,9.0,0.09,0.25,0.050961539763759785,0.25480769881879894
988,2.438347332235726E18,0.45,0.85,0.1,9.0,0.08,0.25,0.04778738582387921,0.23893692911939604
989,2.438347332235726E18,0.45,0.85,0.25,2.8,0.035,0.25,0.04410973212431655,0.22054866062158274
990,2.438347332235726E18,0.45,0.85,0.1,6.6,0.08,0.25,0.043506454238144705,0.21753227119072352
991,2.438347332235726E18,0.45,0.85,0.1,2.3,0.09,0.25,0.043091778335274916,0.21545889167637458
992,2.438347332235726E18,0.45,0.85,0.1,4.2,0.09,0.25,0.043367764054674865,0.2168388202733743
993,2.438347332235726E18,0.35,0.85,0.5,2.8,0.095,0.25,0.08971490873439358,0.4485745436719679
994,2.438347332235726E18,0.45,0.85,0.1,3.0,0.03,0.25,0.04329489846714916,0.21647449233574578
995,2.438347332235726E18,0.2,0.7,0.1,2.7,0.095,0.25,0.21902875404849234,1.0951437702424618
996,2.438347332235726E18,0.45,0.85,0.1,7.4,0.095,0.25,0.04378808580942028,0.2189404290471014
997,2.438347332235726E18,0.45,0.85,0.1,5.4,0.1,0.2,0.0449082148052417,0.22454107402620851
998,2.438347332235726E18,0.45,0.85,0.1,9.4,0.085,0.25,0.04778738582387921,0.23893692911939604
999,2.438347332235726E18,0.45,0.75,0.1,2.7,0.095,0.45,0.15699625706567033,0.7849812853283517
1000,2.438347332235726E18,0.45,0.85,0.1,2.3,0.09,0.2,0.0432463741878408,0.216231870939204
1001,2.438347332235726E18,0.45,0.85,0.1,8.8,0.095,0.25,0.04530824788898999,0.22654123944494994
1002,2.438347332235726E18,0.45,0.85,0.1,6.8,0.08,0.25,0.043506454238144705,0.21753227119072352
1003,2.438347332235726E18,0.45,0.85,0.1,6.8,0.09,0.25,0.043506454238144705,0.21753227119072352
1004,2.438347332235726E18,0.25,0.85,0.1,3.6,0.1,0.25,0.0683704266061839,0.34185213303091955
1005,2.438347332235726E18,0.45,0.85,0.1,9.2,0.085,0.25,0.04778738582387921,0.23893692911939604
1006,2.438347332235726E18,0.6,0.95,0.1,2.7,0.1,0.25,0.14540798817447237,0.7270399408723618
1007,2.438347332235726E18,0.6,0.75,0.1,2.7,0.085,0.25,0.1373200227052008,0.686600113526004
1008,2.438347332235726E18,0.45,0.85,0.25,6.0,0.085,0.25,0.04455569000341484,0.2227784500170742
1009,2.438347332235726E18,0.45,0.85,0.1,6.0,0.09,0.25,0.043709441827268006,0.21854720913634001
1010,2.438347332235726E18,0.45,0.85,0.4,2.7,0.05,0.25,0.04559111466557207,0.22795557332786037
1011,2.438347332235726E18,0.45,0.85,0.2,2.7,0.02,0.25,0.04521270664466115,0.22606353322330575
1012,2.438347332235726E18,0.45,0.8,0.1,2.7,0.075,0.25,0.08578142103806084,0.4289071051903042
1013,2.438347332235726E18,0.45,0.85,0.1,3.8,0.09,0.25,0.043367764054674865,0.2168388202733743
1014,2.438347332235726E18,0.45,0.75,0.15,2.7,0.1,0.25,0.1410365660238731,0.7051828301193654
1015,2.438347332235726E18,0.45,0.85,0.1,3.8,0.085,0.25,0.043367764054674865,0.2168388202733743
1016,2.438347332235726E18,0.45,0.85,0.1,2.1,0.09,0.25,0.043091778335274916,0.21545889167637458
1017,2.438347332235726E18,0.35,0.85,0.1,2.7,0.01,0.25,0.04949713486351902,0.2474856743175951
1018,2.438347332235726E18,0.45,0.85,0.1,4.3,0.1,0.25,0.043367764054674865,0.2168388202733743
1019,2.438347332235726E18,0.45,0.85,0.1,2.1,0.095,0.25,0.04310284538217837,0.21551422691089187
1020,2.438347332235726E18,0.45,0.85,0.3,2.8,0.04,0.25,0.04457853766205922,0.2228926883102961
1021,2.438347332235726E18,0.45,0.85,0.1,4.0,0.09,0.25,0.043367764054674865,0.2168388202733743
1022,2.438347332235726E18,0.45,0.85,0.1,5.0,0.09,0.25,0.043709441827268006,0.21854720913634001
1023,2.438347332235726E18,0.45,0.85,0.1,3.5,0.085,0.25,0.043367764054674865,0.2168388202733743
1024,2.438347332235726E18,0.45,1.0,0.1,2.7,0.1,0.2,0.16810760319081403,0.8405380159540701
1025,2.438347332235726E18,0.45,0.8,0.4,2.7,0.095,0.25,0.08865164721233679,0.4432582360616839
1026,2.438347332235726E18,0.45,0.85,0.1,4.1,0.1,0.25,0.043367764054674865,0.2168388202733743
1027,2.438347332235726E18,0.45,0.85,0.1,4.7,0.085,0.25,0.043709441827268006,0.21854720913634001
1028,2.438347332235726E18,0.45,0.85,0.1,2.8,0.05,0.45,0.06404692806655658,0.3202346403327829
1029,2.438347332235726E18,0.45,0.95,0.1,2.7,0.055,0.25,0.10754885944303902,0.5377442972151951
1030,2.438347332235726E18,0.45,0.85,0.1,5.4,0.085,0.25,0.043709441827268006,0.21854720913634001
1031,2.438347332235726E18,0.35,0.85,0.1,2.7,0.1,0.5,0.11513516582162783,0.5756758291081392
1032,2.438347332235726E18,0.45,0.85,0.1,2.6,0.08,0.25,0.043266678050168636,0.2163333902508432
1033,2.438347332235726E18,0.45,0.85,0.45,2.6,0.09,0.25,0.04686574703198958,0.2343287351599479
1034,2.438347332235726E18,0.45,0.85,0.1,6.8,0.085,0.25,0.043506454238144705,0.21753227119072352
1035,2.438347332235726E18,0.45,0.85,0.1,6.2,0.09,0.25,0.04325475557169416,0.21627377785847082
1036,2.438347332235726E18,0.45,0.85,0.1,6.2,0.1,0.25,0.04325475557169416,0.21627377785847082
1037,2.438347332235726E18,0.45,0.85,0.1,2.8,0.085,0.3,0.04550112515363703,0.22750562576818514
1038,2.438347332235726E18,0.45,0.85,0.1,3.7,0.02,0.25,0.045317243144953126,0.22658621572476562
1039,2.438347332235726E18,0.45,0.85,0.1,9.7,0.095,0.25,0.04855722712089257,0.24278613560446283
1040,2.438347332235726E18,0.35,0.85,0.1,6.1,0.085,0.25,0.05194994385272364,0.25974971926361823
1041,2.438347332235726E18,0.45,0.85,0.1,9.4,0.08,0.45,0.05581926269844453,0.27909631349222264
1042,2.438347332235726E18,0.4,0.85,0.15,2.8,0.09,0.25,0.04675740850163448,0.2337870425081724
1043,2.438347332235726E18,0.45,0.85,0.1,2.8,0.085,0.2,0.04370716153649668,0.2185358076824834
1044,2.438347332235726E18,0.45,0.85,0.1,8.7,0.09,0.35,0.046839073403786416,0.23419536701893207
1045,2.438347332235726E18,0.45,0.85,0.1,8.2,0.09,0.25,0.044935962198484704,0.2246798109924235
1046,2.438347332235726E18,0.45,0.85,0.1,7.4,0.085,0.25,0.04378808580942028,0.2189404290471014
1047,2.438347332235726E18,0.7,0.85,0.1,2.7,0.085,0.3,0.07496341793762278,0.3748170896881139
1048,2.438347332235726E18,0.45,0.85,0.1,4.1,0.08,0.25,0.043367764054674865,0.2168388202733743
1049,2.438347332235726E18,0.45,0.85,0.2,2.7,0.08,0.4,0.059883598478226045,0.2994179923911302
1050,2.438347332235726E18,0.45,0.85,0.1,2.9,0.08,0.25,0.04291755553243994,0.21458777766219972
1051,2.438347332235726E18,0.45,0.85,0.1,6.3,0.095,0.25,0.04325475557169416,0.21627377785847082
1052,2.438347332235726E18,0.45,0.85,0.1,7.6,0.1,0.25,0.04441025336232862,0.2220512668116431
1053,2.438347332235726E18,0.45,0.85,0.1,2.8,0.01,0.15,0.05278762409890114,0.2639381204945057
1054,2.438347332235726E18,0.45,0.85,0.2,3.9,0.095,0.25,0.04392491881851919,0.21962459409259594
1055,2.438347332235726E18,0.45,0.85,0.1,5.9,0.09,0.25,0.043709441827268006,0.21854720913634001
1056,2.438347332235726E18,0.45,0.85,0.1,2.6,0.085,0.25,0.04328986650243391,0.21644933251216955
1057,2.438347332235726E18,0.45,0.85,0.2,9.6,0.1,0.25,0.04824872652313512,0.24124363261567558
1058,2.438347332235726E18,0.6,0.85,0.1,6.6,0.095,0.25,0.07496341793762278,0.3748170896881139
1059,2.438347332235726E18,0.6,0.85,0.1,2.8,0.09,0.2,0.07496341793762278,0.3748170896881139
1060,2.438347332235726E18,0.45,0.85,0.1,2.8,0.035,0.2,0.04408793290742505,0.22043966453712524
1061,2.438347332235726E18,0.6,0.85,0.1,2.7,0.055,0.25,0.07496341793762278,0.3748170896881139
1062,2.438347332235726E18,0.45,0.85,0.2,2.8,0.04,0.25,0.043758553839426735,0.21879276919713367
1063,2.438347332235726E18,0.45,0.75,0.1,2.8,0.085,0.25,0.1406390704484218,0.703195352242109
1064,2.438347332235726E18,0.45,0.85,0.1,4.1,0.085,0.25,0.043367764054674865,0.2168388202733743
1065,2.438347332235726E18,0.45,0.85,0.1,4.3,0.095,0.25,0.043367764054674865,0.2168388202733743
1066,2.438347332235726E18,0.45,0.85,0.1,5.8,0.09,0.15,0.04893396210455182,0.2446698105227591
1067,2.438347332235726E18,0.45,0.85,0.1,5.0,0.1,0.25,0.043709441827268006,0.21854720913634001
1068,2.438347332235726E18,0.45,0.95,0.1,2.8,0.08,0.45,0.10582590289778787,0.5291295144889394
1069,2.438347332235726E18,0.45,0.85,0.1,2.7,0.02,0.35,0.04982583386391118,0.2491291693195559
1070,2.438347332235726E18,0.45,0.85,0.1,8.1,0.095,0.25,0.044935962198484704,0.2246798109924235
1071,2.438347332235726E18,0.5,0.85,0.15,2.7,0.1,0.25,0.0659456250113493,0.32972812505674653
1072,2.438347332235726E18,0.5,0.85,0.3,2.8,0.09,0.25,0.06664446473691131,0.33322232368455657
1073,2.438347332235726E18,0.5,0.95,0.1,2.7,0.08,0.25,0.13687937317369894,0.6843968658684947
1074,2.438347332235726E18,0.2,0.85,0.1,2.8,0.085,0.25,0.08311084135793462,0.4155542067896731
1075,2.438347332235726E18,0.45,0.85,0.1,5.7,0.1,0.25,0.043709441827268006,0.21854720913634001
1076,2.438347332235726E18,0.45,0.85,0.1,7.0,0.095,0.25,0.043506454238144705,0.21753227119072352
1077,2.438347332235726E18,0.2,0.85,0.1,2.7,0.075,0.25,0.08311084135793462,0.4155542067896731
1078,2.438347332235726E18,0.45,0.85,0.1,8.6,0.085,0.25,0.04490558391320364,0.2245279195660182
1079,2.438347332235726E18,0.45,0.85,0.1,7.6,0.08,0.25,0.04441025336232862,0.2220512668116431
1080,2.438347332235726E18,0.45,0.85,0.1,2.1,0.08,0.25,0.04306606541680301,0.21533032708401506
1081,2.438347332235726E18,0.45,0.85,0.1,9.0,0.085,0.25,0.04778738582387921,0.23893692911939604
1082,2.438347332235726E18,0.45,0.85,0.1,9.6,0.095,0.25,0.04855722712089257,0.24278613560446283
1083,2.438347332235726E18,0.45,0.85,0.1,9.5,0.1,0.25,0.0482980127261812,0.241490063630906
1084,2.438347332235726E18,0.45,1.0,0.1,2.8,0.085,0.25,0.16345495178079394,0.8172747589039697
1085,2.438347332235726E18,0.45,0.85,0.4,8.8,0.085,0.25,0.045818516427120905,0.22909258213560452
1086,2.438347332235726E18,0.45,0.85,0.1,8.8,0.08,0.25,0.04530824788898999,0.22654123944494994
1087,2.438347332235726E18,0.45,0.75,0.2,2.7,0.085,0.25,0.14144768171009695,0.7072384085504847
1088,2.438347332235726E18,0.45,0.85,0.5,2.7,0.09,0.15,0.044881788830075334,0.22440894415037665
1089,2.438347332235726E18,0.45,0.85,0.1,5.8,0.1,0.25,0.043709441827268006,0.21854720913634001
1090,2.438347332235726E18,0.45,0.85,0.1,2.8,0.085,0.15,0.047707905060985406,0.23853952530492703
1091,2.438347332235726E18,0.45,0.85,0.1,5.1,0.085,0.25,0.043709441827268006,0.21854720913634001
1092,2.438347332235726E18,0.45,0.85,0.1,7.2,0.09,0.25,0.04378808580942028,0.2189404290471014
1093,2.438347332235726E18,0.45,0.85,0.1,2.8,0.085,0.4,0.05809485799014917,0.29047428995074587
1094,2.438347332235726E18,0.45,0.85,0.1,8.1,0.08,0.25,0.044935962198484704,0.2246798109924235
1095,2.438347332235726E18,0.45,0.85,0.1,10.0,0.09,0.25,0.050467190138744226,0.2523359506937211
1096,2.438347332235726E18,0.45,0.85,0.1,3.0,0.085,0.25,0.04291755553243994,0.21458777766219972
1097,2.438347332235726E18,0.45,0.85,0.1,2.9,0.085,0.25,0.04291755553243994,0.21458777766219972
1098,2.438347332235726E18,0.45,0.85,0.1,6.9,0.1,0.25,0.043506454238144705,0.21753227119072352
1099,2.438347332235726E18,0.45,0.85,0.1,5.7,0.095,0.25,0.043709441827268006,0.21854720913634001
1100,2.438347332235726E18,0.45,0.8,0.1,2.8,0.095,0.2,0.08386672697530988,0.4193336348765494
1101,2.438347332235726E18,0.55,0.85,0.1,4.0,0.1,0.25,0.07496341793762278,0.3748170896881139
1102,2.438347332235726E18,0.5,0.85,0.1,2.8,0.085,0.25,0.06717058605624586,0.3358529302812293
1103,2.438347332235726E18,0.45,0.85,0.1,8.8,0.085,0.25,0.04530824788898999,0.22654123944494994
1104,2.438347332235726E18,0.35,0.85,0.1,2.8,0.005,0.25,0.04918353417310136,0.2459176708655068
1105,2.438347332235726E18,0.45,0.85,0.1,4.4,0.08,0.25,0.043367764054674865,0.2168388202733743
1106,2.438347332235726E18,0.45,0.85,0.1,7.1,0.1,0.25,0.043506454238144705,0.21753227119072352
1107,2.438347332235726E18,0.45,0.85,0.1,7.1,0.08,0.25,0.043506454238144705,0.21753227119072352
1108,2.438347332235726E18,0.3,0.85,0.45,2.8,0.09,0.25,0.10633477501455374,0.5316738750727688
1109,2.438347332235726E18,0.45,0.75,0.1,3.3,0.09,0.25,0.14058715253035567,0.7029357626517784
1110,2.438347332235726E18,0.45,0.85,0.1,5.8,0.085,0.25,0.043709441827268006,0.21854720913634001
1111,2.438347332235726E18,0.45,0.85,0.15,8.4,0.1,0.25,0.04488052049606649,0.22440260248033245
1112,2.438347332235726E18,0.45,0.85,0.1,7.4,0.09,0.4,0.053933154648628016,0.26966577324314006
1113,2.438347332235726E18,0.45,0.95,0.1,2.7,0.09,0.4,0.10369064827379575,0.5184532413689787
1114,2.438347332235726E18,0.4,0.85,0.1,2.3,0.095,0.25,0.045233417671267775,0.22616708835633886
1115,2.438347332235726E18,0.45,0.8,0.35,2.7,0.09,0.25,0.08811244522454187,0.44056222612270934
1116,2.438347332235726E18,0.45,0.85,0.25,2.7,0.095,0.4,0.06108550431111044,0.3054275215555522
1117,2.438347332235726E18,0.5,0.85,0.1,6.4,0.095,0.25,0.07157434164874091,0.3578717082437045
1118,2.438347332235726E18,0.55,0.85,0.1,9.7,0.08,0.25,0.07496341793762278,0.3748170896881139
1119,2.438347332235726E18,0.45,0.8,0.35,2.8,0.095,0.25,0.08811244522454187,0.44056222612270934
1120,2.438347332235726E18,0.45,0.95,0.1,2.7,0.09,0.35,0.1031734835879142,0.515867417939571
1121,2.438347332235726E18,0.45,1.0,0.1,6.5,0.09,0.25,0.16530757118111217,0.8265378559055608
1122,2.438347332235726E18,0.45,0.85,0.1,8.4,0.02,0.25,0.04669737848930703,0.23348689244653514
1123,2.438347332235726E18,0.45,0.8,0.1,2.8,0.04,0.25,0.08569103134683013,0.4284551567341507
1124,2.438347332235726E18,0.25,0.85,0.1,8.0,0.095,0.25,0.0683704266061839,0.34185213303091955
1125,2.438347332235726E18,0.45,0.85,0.1,4.4,0.09,0.25,0.043367764054674865,0.2168388202733743
1126,2.438347332235726E18,0.45,0.95,0.1,2.7,0.07,0.25,0.10737971230800807,0.5368985615400403
1127,2.438347332235726E18,0.45,0.85,0.4,5.5,0.085,0.25,0.04591786203530903,0.22958931017654516
1128,2.438347332235726E18,0.45,1.0,0.3,2.7,0.095,0.25,0.16173900887833917,0.8086950443916958
1129,2.438347332235726E18,0.7,0.85,0.1,2.8,0.085,0.25,0.07496341793762278,0.3748170896881139
1130,2.438347332235726E18,0.45,0.85,0.1,5.4,0.08,0.25,0.043709441827268006,0.21854720913634001
1131,2.438347332235726E18,0.35,0.85,0.1,2.7,0.075,0.25,0.05258804857528585,0.26294024287642925
1132,2.438347332235726E18,0.45,0.85,0.1,2.1,0.085,0.25,0.04307872416287652,0.21539362081438257
1133,2.438347332235726E18,0.45,0.95,0.1,3.3,0.095,0.25,0.10749216906633637,0.5374608453316818
1134,2.438347332235726E18,0.45,0.9,0.45,2.7,0.1,0.25,0.05624990232294895,0.28124951161474476
1135,2.438347332235726E18,0.45,0.85,0.45,2.8,0.095,0.45,0.07363204243845976,0.36816021219229883
1136,2.438347332235726E18,0.45,0.95,0.1,5.0,0.09,0.25,0.10868121926666831,0.5434060963333416
1137,2.438347332235726E18,0.45,0.75,0.1,2.8,0.095,0.4,0.15204661737898315,0.7602330868949158
1138,2.438347332235726E18,0.45,0.75,0.45,2.8,0.1,0.25,0.1437033349651293,0.7185166748256465
1139,2.438347332235726E18,0.45,0.85,0.4,2.8,0.085,0.25,0.04553017455431795,0.22765087277158977
1140,2.438347332235726E18,0.45,0.85,0.1,2.0,0.1,0.25,0.04309289017566301,0.21546445087831503
1141,2.438347332235726E18,0.45,0.75,0.1,2.8,0.065,0.25,0.14060678295873463,0.7030339147936732
1142,2.438347332235726E18,0.45,0.8,0.15,2.8,0.1,0.25,0.08619785575120742,0.4309892787560371
1143,2.438347332235726E18,0.2,0.85,0.1,2.7,0.085,0.2,0.07283153158472305,0.36415765792361526
1144,2.438347332235726E18,0.45,0.85,0.1,5.6,0.08,0.25,0.043709441827268006,0.21854720913634001
1145,2.438347332235726E18,0.45,0.85,0.1,2.2,0.085,0.25,0.04307872416287652,0.21539362081438257
1146,2.438347332235726E18,0.4,0.85,0.25,2.7,0.085,0.25,0.05044133642194006,0.2522066821097003
1147,2.438347332235726E18,0.45,0.85,0.4,2.8,0.09,0.35,0.05628488545586177,0.28142442727930883
1148,2.438347332235726E18,0.4,0.85,0.1,5.3,0.1,0.25,0.04518842821102563,0.22594214105512817
1149,2.438347332235726E18,0.45,0.85,0.1,9.8,0.1,0.25,0.04962573831255667,0.24812869156278336
1150,2.438347332235726E18,0.45,0.85,0.1,2.7,0.01,0.35,0.05203341088161415,0.26016705440807075
1151,2.438347332235726E18,0.45,0.85,0.45,5.4,0.08,0.25,0.04647922448967128,0.23239612244835642
1152,2.438347332235726E18,0.25,0.85,0.1,2.8,0.085,0.25,0.0683704266061839,0.34185213303091955
1153,2.438347332235726E18,0.3,0.9,0.1,2.8,0.095,0.25,0.06059191573281444,0.3029595786640722
1154,2.438347332235726E18,0.45,0.85,0.1,2.7,0.015,0.1,0.05465233753695562,0.2732616876847781
1155,2.438347332235726E18,0.45,0.8,0.1,2.7,0.085,0.3,0.08912560237726423,0.4456280118863212
1156,2.438347332235726E18,0.45,0.85,0.1,6.0,0.1,0.25,0.043709441827268006,0.21854720913634001
1157,2.438347332235726E18,0.45,0.7,0.1,2.7,0.1,0.4,0.20773178185531063,1.0386589092765532
1158,2.438347332235726E18,0.45,0.7,0.1,2.8,0.085,0.25,0.19774836111918948,0.9887418055959474
1159,2.438347332235726E18,0.45,0.85,0.1,4.4,0.1,0.35,0.0503648858731001,0.2518244293655005
1160,2.438347332235726E18,0.45,0.85,0.1,5.3,0.01,0.25,0.052332010390936406,0.261660051954682
1161,2.438347332235726E18,0.45,0.8,0.1,2.8,0.02,0.25,0.08522022580708452,0.42610112903542263
1162,2.438347332235726E18,0.45,0.85,0.1,8.9,0.015,0.25,0.050888542313661134,0.25444271156830567
1163,2.438347332235726E18,0.45,0.75,0.1,5.1,0.095,0.25,0.1402544435582943,0.7012722177914715
1164,2.438347332235726E18,0.45,0.85,0.1,6.9,0.085,0.25,0.043506454238144705,0.21753227119072352
1165,2.438347332235726E18,0.45,0.75,0.25,2.7,0.095,0.25,0.1418722991026081,0.7093614955130405
1166,2.438347332235726E18,0.45,0.85,0.1,9.0,0.035,0.25,0.04778738582387921,0.23893692911939604
1167,2.438347332235726E18,0.45,0.85,0.1,6.6,0.1,0.25,0.043506454238144705,0.21753227119072352
1168,2.438347332235726E18,0.45,0.7,0.1,5.9,0.095,0.25,0.19729397585933076,0.9864698792966538
1169,2.438347332235726E18,0.45,0.85,0.4,2.8,0.095,0.5,0.08177590448499239,0.40887952242496195
1170,2.438347332235726E18,0.2,0.85,0.1,2.7,0.025,0.25,0.08311084135793462,0.4155542067896731
1171,2.438347332235726E18,0.45,0.85,0.4,2.8,0.025,0.25,0.045543178590953894,0.22771589295476946
1172,2.438347332235726E18,0.35,0.85,0.45,2.8,0.095,0.25,0.08453486405639536,0.4226743202819768
1173,2.438347332235726E18,0.6,0.85,0.1,6.3,0.09,0.25,0.07496341793762278,0.3748170896881139
1174,2.438347332235726E18,0.55,0.85,0.3,2.7,0.09,0.25,0.07496341793762278,0.3748170896881139
1175,2.438347332235726E18,0.45,0.85,0.5,2.7,0.035,0.25,0.04677135418111315,0.23385677090556578
1176,2.438347332235726E18,0.45,0.85,0.1,2.7,0.035,0.4,0.05393474010216483,0.2696737005108241
1177,2.438347332235726E18,0.45,0.85,0.45,7.1,0.095,0.25,0.04570771209676354,0.2285385604838177
1178,2.438347332235726E18,0.45,0.85,0.4,2.8,0.055,0.25,0.045569777939616085,0.22784888969808043
1179,2.438347332235726E18,0.2,0.85,0.15,2.8,0.1,0.25,0.09269169365196861,0.46345846825984305
1180,2.438347332235726E18,0.45,0.85,0.45,2.8,0.065,0.25,0.04616740371698554,0.23083701858492772
1181,2.438347332235726E18,0.45,0.85,0.1,3.1,0.085,0.25,0.04291755553243994,0.21458777766219972
1182,2.438347332235726E18,0.45,0.7,0.1,4.0,0.095,0.25,0.1974579938502521,0.9872899692512604
1183,2.438347332235726E18,0.45,0.85,0.35,2.8,0.075,0.25,0.04495655624081342,0.22478278120406708
1184,2.438347332235726E18,0.45,0.85,0.4,2.7,0.04,0.25,0.045620236522917565,0.22810118261458784
1185,2.438347332235726E18,0.65,0.85,0.1,2.8,0.025,0.25,0.07496341793762278,0.3748170896881139
1186,2.438347332235726E18,0.45,0.8,0.35,2.8,0.08,0.25,0.08811244522454187,0.44056222612270934
1187,2.438347332235726E18,0.35,0.85,0.1,6.5,0.095,0.25,0.05180803809141937,0.25904019045709686
1188,2.438347332235726E18,0.45,0.85,0.1,5.7,0.08,0.25,0.043709441827268006,0.21854720913634001
1189,2.438347332235726E18,0.45,0.85,0.5,9.0,0.09,0.25,0.048175842964445645,0.24087921482222824
1190,2.438347332235726E18,0.45,0.85,0.1,8.5,0.085,0.25,0.04452989504572662,0.2226494752286331
1191,2.438347332235726E18,0.3,0.85,0.1,2.8,0.005,0.25,0.053345151023484555,0.2667257551174228
1192,2.438347332235726E18,0.45,0.85,0.1,6.2,0.085,0.25,0.04325475557169416,0.21627377785847082
1193,2.438347332235726E18,0.45,0.85,0.2,2.7,0.095,0.15,0.04657588732732694,0.23287943663663468
1194,2.438347332235726E18,0.35,0.85,0.1,2.8,0.09,0.15,0.04331884043806956,0.21659420219034778
1195,2.438347332235726E18,0.45,0.95,0.25,2.7,0.1,0.25,0.10622370248559704,0.5311185124279851
1196,2.438347332235726E18,0.45,0.9,0.1,6.3,0.08,0.25,0.05845419931884142,0.2922709965942071
1197,2.438347332235726E18,0.45,0.9,0.1,2.8,0.04,0.25,0.057390040106107064,0.2869502005305353
1198,2.438347332235726E18,0.45,0.85,0.1,2.7,0.04,0.15,0.047780466533436906,0.23890233266718452
1199,2.438347332235726E18,0.45,0.85,0.1,2.8,0.085,0.45,0.06658560593391678,0.3329280296695839
1200,2.438347332235726E18,0.25,0.85,0.1,3.7,0.09,0.25,0.0683704266061839,0.34185213303091955
1201,2.438347332235726E18,0.45,0.85,0.3,9.1,0.095,0.25,0.04750692426804906,0.2375346213402453
1202,2.438347332235726E18,0.5,0.85,0.1,2.7,0.095,0.1,0.07108816247241935,0.35544081236209674
1203,2.438347332235726E18,0.5,0.85,0.1,6.2,0.09,0.25,0.07133452691371557,0.35667263456857784
1204,2.438347332235726E18,0.45,0.75,0.1,7.5,0.09,0.25,0.13964471444521764,0.6982235722260882
1205,2.438347332235726E18,0.45,0.85,0.4,9.5,0.085,0.25,0.04813002505828679,0.24065012529143395
1206,2.438347332235726E18,0.35,0.85,0.45,2.7,0.08,0.25,0.08452226733014635,0.42261133665073175
1207,2.438347332235726E18,0.45,0.85,0.1,2.7,0.025,0.45,0.057544896477289484,0.28772448238644743
1208,2.438347332235726E18,0.45,0.85,0.1,2.0,0.095,0.25,0.04310284538217837,0.21551422691089187
1209,2.438347332235726E18,0.45,1.0,0.4,2.8,0.09,0.25,0.16101326563888438,0.8050663281944219
1210,2.438347332235726E18,0.45,0.85,0.1,3.4,0.09,0.4,0.05782820361957773,0.28914101809788867
1211,2.438347332235726E18,0.5,0.75,0.1,2.8,0.1,0.25,0.13657010255209046,0.6828505127604523
1212,2.438347332235726E18,0.45,1.0,0.1,2.7,0.035,0.25,0.1641243069761868,0.820621534880934
1213,2.438347332235726E18,0.45,0.85,0.2,2.8,0.09,0.15,0.04657588732732694,0.23287943663663468
1214,2.438347332235726E18,0.45,0.85,0.1,9.1,0.1,0.45,0.05581926269844453,0.27909631349222264
1215,2.438347332235726E18,0.6,0.85,0.3,2.7,0.1,0.25,0.07496341793762278,0.3748170896881139
1216,2.438347332235726E18,0.45,0.9,0.1,6.4,0.1,0.25,0.05845419931884142,0.2922709965942071
1217,2.438347332235726E18,0.45,0.85,0.1,2.3,0.1,0.4,0.06002620592621645,0.30013102963108224
1218,2.438347332235726E18,0.4,0.85,0.35,2.7,0.095,0.25,0.054826854877482296,0.2741342743874115
1219,2.438347332235726E18,0.35,0.85,0.1,2.8,0.08,0.35,0.07445190289933591,0.37225951449667954
1220,2.438347332235726E18,0.45,0.85,0.45,2.7,0.095,0.15,0.04497759457730998,0.2248879728865499
1221,2.438347332235726E18,0.45,0.85,0.45,2.8,0.1,0.35,0.05734470851926712,0.2867235425963356
1222,2.438347332235726E18,0.45,0.75,0.1,3.1,0.1,0.25,0.1406390704484218,0.703195352242109
1223,2.438347332235726E18,0.45,0.85,0.1,3.1,0.08,0.25,0.04291755553243994,0.21458777766219972
1224,2.438347332235726E18,0.25,0.75,0.1,2.7,0.095,0.25,0.15785482126653513,0.7892741063326757
1225,2.438347332235726E18,0.25,0.85,0.1,2.8,0.09,0.4,0.10510528896113928,0.5255264448056964
1226,2.438347332235726E18,0.3,0.85,0.5,2.8,0.09,0.25,0.113935058575816,0.56967529287908
1227,2.438347332235726E18,0.45,0.85,0.45,2.8,0.07,0.25,0.046160387449456775,0.23080193724728387
1228,2.438347332235726E18,0.45,0.7,0.1,2.8,0.1,0.4,0.20773178185531063,1.0386589092765532
1229,2.438347332235726E18,0.45,0.8,0.1,3.0,0.1,0.25,0.08578179033132691,0.42890895165663456
1230,2.438347332235726E18,0.45,0.85,0.1,2.7,0.015,0.4,0.051870189975951976,0.2593509498797599
1231,2.438347332235726E18,0.45,0.85,0.1,6.5,0.095,0.25,0.043374727291807504,0.2168736364590375
1232,2.438347332235726E18,0.6,0.85,0.1,4.5,0.09,0.25,0.07496341793762278,0.3748170896881139
1233,2.438347332235726E18,0.45,0.85,0.15,2.8,0.1,0.1,0.05323436377185696,0.2661718188592848
1234,2.438347332235726E18,0.6,0.85,0.1,5.6,0.085,0.25,0.07496341793762278,0.3748170896881139
1235,2.438347332235726E18,0.6,0.85,0.25,2.8,0.1,0.25,0.07496341793762278,0.3748170896881139
1236,2.438347332235726E18,0.3,0.85,0.1,2.8,0.08,0.35,0.08116494840202404,0.4058247420101202
1237,2.438347332235726E18,0.4,0.85,0.1,5.1,0.085,0.25,0.04518842821102563,0.22594214105512817
1238,2.438347332235726E18,0.45,0.85,0.1,5.5,0.1,0.4,0.056755022483526193,0.283775112417631
1239,2.438347332235726E18,0.45,0.75,0.1,5.1,0.09,0.25,0.1402544435582943,0.7012722177914715
1240,2.438347332235726E18,0.45,0.85,0.1,7.9,0.08,0.35,0.04829914898109031,0.24149574490545156
1241,2.438347332235726E18,0.45,0.85,0.1,2.9,0.065,0.25,0.04296409060964258,0.2148204530482129
1242,2.438347332235726E18,0.45,0.95,0.1,2.8,0.08,0.4,0.10371074034478661,0.518553701723933
1243,2.438347332235726E18,0.45,0.85,0.1,7.6,0.015,0.25,0.04928551939341942,0.2464275969670971
1244,2.438347332235726E18,0.65,0.85,0.1,4.5,0.08,0.25,0.07496341793762278,0.3748170896881139
1245,2.438347332235726E18,0.45,0.85,0.1,2.7,0.045,0.2,0.04387295894083939,0.21936479470419695
1246,2.438347332235726E18,0.35,0.85,0.1,2.7,0.065,0.25,0.052575253906960426,0.26287626953480214
1247,2.438347332235726E18,0.35,0.85,0.1,7.3,0.095,0.25,0.0512736101960194,0.256368050980097
1248,2.438347332235726E18,0.6,0.85,0.1,2.7,0.08,0.1,0.07496341793762278,0.3748170896881139
1249,2.438347332235726E18,0.45,0.75,0.1,2.8,0.055,0.25,0.14056864425781193,0.7028432212890596
1250,2.438347332235726E18,0.45,0.85,0.3,4.5,0.08,0.25,0.04495437303703888,0.22477186518519437
1251,2.438347332235726E18,0.35,0.85,0.1,2.8,0.095,0.35,0.07449137366886786,0.37245686834433933
1252,2.438347332235726E18,0.35,0.85,0.2,2.8,0.08,0.25,0.06058626252620437,0.30293131263102185
1253,2.438347332235726E18,0.45,0.85,0.45,2.7,0.08,0.2,0.04410071717384068,0.2205035858692034
1254,2.438347332235726E18,0.45,0.85,0.1,2.8,0.035,0.1,0.05421347876747817,0.2710673938373908
1255,2.438347332235726E18,0.45,0.85,0.1,5.2,0.08,0.15,0.04893396210455182,0.2446698105227591
1256,2.438347332235726E18,0.45,0.85,0.45,4.6,0.095,0.25,0.04647922448967128,0.23239612244835642
1257,2.438347332235726E18,0.45,0.85,0.5,2.7,0.05,0.25,0.046860891675170796,0.23430445837585398
1258,2.438347332235726E18,0.45,0.95,0.1,2.8,0.04,0.25,0.10785221321758262,0.5392610660879131
1259,2.438347332235726E18,0.45,0.85,0.1,10.0,0.085,0.25,0.050467190138744226,0.2523359506937211
1260,2.438347332235726E18,0.6,0.75,0.1,2.7,0.09,0.25,0.1373200227052008,0.686600113526004
1261,2.438347332235726E18,0.45,0.85,0.1,4.1,0.08,0.45,0.06550741972093051,0.3275370986046525
1262,2.438347332235726E18,0.25,0.85,0.4,2.7,0.09,0.25,0.12099014948282172,0.6049507474141086
1263,2.438347332235726E18,0.7,0.85,0.35,2.8,0.08,0.25,0.07496341793762278,0.3748170896881139
1264,2.438347332235726E18,0.45,0.85,0.3,2.8,0.01,0.25,0.0507061878969574,0.253530939484787
1265,2.438347332235726E18,0.2,0.85,0.1,2.6,0.08,0.25,0.08311084135793462,0.4155542067896731
1266,2.438347332235726E18,0.45,0.9,0.1,2.4,0.095,0.25,0.0562113665877251,0.2810568329386255
1267,2.438347332235726E18,0.45,0.85,0.1,2.7,0.03,0.35,0.04851693107698541,0.24258465538492704
1268,2.438347332235726E18,0.65,0.85,0.1,2.7,0.08,0.35,0.07496341793762278,0.3748170896881139
1269,2.438347332235726E18,0.45,0.85,0.1,2.7,0.015,0.35,0.05100650641444131,0.25503253207220655
1270,2.438347332235726E18,0.45,0.8,0.1,2.8,0.08,0.45,0.10549676730347082,0.5274838365173541
1271,2.438347332235726E18,0.45,0.85,0.5,2.8,0.1,0.35,0.05834136317615087,0.29170681588075437
1272,2.438347332235726E18,0.45,0.85,0.1,2.8,0.085,0.1,0.05421347876747817,0.2710673938373908
1273,2.438347332235726E18,0.45,0.95,0.1,2.8,0.09,0.15,0.11788877794770572,0.5894438897385286
1274,2.438347332235726E18,0.45,0.85,0.15,2.7,0.045,0.25,0.04339786725242505,0.21698933626212527
1275,2.438347332235726E18,0.45,0.95,0.1,7.6,0.085,0.25,0.11051458572456951,0.5525729286228476
1276,2.438347332235726E18,0.35,0.85,0.1,2.7,0.095,0.2,0.04565168125554429,0.22825840627772143
1277,2.438347332235726E18,0.45,0.75,0.1,2.8,0.035,0.25,0.14037098296216724,0.7018549148108362
1278,2.438347332235726E18,0.45,0.85,0.35,2.7,0.08,0.1,0.049902009722582644,0.2495100486129132
1279,2.438347332235726E18,0.45,0.85,0.1,2.8,0.01,0.45,0.05203341088161415,0.26016705440807075
1280,2.438347332235726E18,0.45,0.95,0.1,2.3,0.08,0.25,0.1066817050203939,0.5334085251019695
1281,2.438347332235726E18,0.45,0.95,0.1,9.0,0.095,0.25,0.11493280137721087,0.5746640068860543
1282,2.438347332235726E18,0.5,0.85,0.1,2.7,0.08,0.3,0.0656810290166789,0.32840514508339447
1283,2.438347332235726E18,0.45,0.75,0.1,2.7,0.005,0.25,0.1364550025829826,0.682275012914913
1284,2.438347332235726E18,0.45,0.8,0.45,2.7,0.1,0.25,0.08921422227842524,0.4460711113921262
1285,2.438347332235726E18,0.45,0.85,0.1,2.7,0.06,0.35,0.050596097010325046,0.25298048505162524
1286,2.438347332235726E18,0.65,0.85,0.3,2.7,0.08,0.25,0.07496341793762278,0.3748170896881139
1287,2.438347332235726E18,0.55,0.7,0.1,2.8,0.095,0.25,0.19042293005383074,0.9521146502691537
1288,2.438347332235726E18,0.45,0.85,0.5,8.6,0.08,0.25,0.04621384391384339,0.23106921956921694
1289,2.438347332235726E18,0.45,0.85,0.1,10.0,0.1,0.25,0.050467190138744226,0.2523359506937211
1290,2.438347332235726E18,0.45,0.85,0.1,2.7,0.015,0.2,0.047579533528399984,0.23789766764199993
1291,2.438347332235726E18,0.45,0.85,0.45,7.9,0.09,0.25,0.04624025858213668,0.2312012929106834
1292,2.438347332235726E18,0.45,0.8,0.1,2.8,0.08,0.2,0.08386672697530988,0.4193336348765494
1293,2.438347332235726E18,0.25,0.85,0.4,2.7,0.085,0.25,0.12099014948282172,0.6049507474141086
1294,2.438347332235726E18,0.4,0.85,0.25,2.7,0.08,0.25,0.05044133642194006,0.2522066821097003
1295,2.438347332235726E18,0.45,0.9,0.1,2.7,0.02,0.25,0.06112980688218851,0.30564903441094254
1296,2.438347332235726E18,0.5,0.9,0.1,2.7,0.09,0.25,0.08911741829724604,0.4455870914862302
1297,2.438347332235726E18,0.35,0.7,0.1,2.7,0.1,0.25,0.20485344219037108,1.0242672109518554
1298,2.438347332235726E18,0.45,0.85,0.45,2.7,0.09,0.4,0.06500642516255623,0.3250321258127811
1299,2.438347332235726E18,0.45,0.85,0.1,5.4,0.09,0.25,0.043709441827268006,0.21854720913634001
1300,2.438347332235726E18,0.5,0.85,0.45,2.7,0.085,0.25,0.06541644860690445,0.3270822430345222
1301,2.438347332235726E18,0.25,0.9,0.1,2.7,0.085,0.25,0.06813495919698807,0.3406747959849404
1302,2.438347332235726E18,0.45,0.85,0.15,2.8,0.04,0.25,0.04343576183876979,0.21717880919384897
1303,2.438347332235726E18,0.45,0.85,0.45,3.8,0.09,0.25,0.046316423847853255,0.23158211923926628
1304,2.438347332235726E18,0.4,0.9,0.1,2.7,0.08,0.25,0.055132275052031464,0.2756613752601573
1305,2.438347332235726E18,0.35,0.85,0.1,8.3,0.09,0.25,0.050961539763759785,0.25480769881879894
1306,2.438347332235726E18,0.45,0.75,0.1,2.7,0.095,0.2,0.13823978259896433,0.6911989129948216
1307,2.438347332235726E18,0.45,0.8,0.1,2.8,0.08,0.5,0.11251276441595813,0.5625638220797906
1308,2.438347332235726E18,0.45,1.0,0.1,2.7,0.095,0.45,0.1571039885487165,0.7855199427435824
1309,2.438347332235726E18,0.45,1.0,0.1,4.6,0.085,0.25,0.16472814160169022,0.8236407080084511
1310,2.438347332235726E18,0.45,0.9,0.1,7.3,0.09,0.25,0.05930268722011106,0.2965134361005553
1311,2.438347332235726E18,0.3,1.0,0.1,2.8,0.1,0.25,0.1569571425513533,0.7847857127567665
1312,2.438347332235726E18,0.45,0.85,0.1,5.6,0.085,0.25,0.043709441827268006,0.21854720913634001
1313,2.438347332235726E18,0.45,0.85,0.35,2.7,0.1,0.15,0.045396683938451476,0.22698341969225738
1314,2.438347332235726E18,0.5,1.0,0.1,2.8,0.09,0.25,0.19185515437421974,0.9592757718710987
1315,2.438347332235726E18,0.35,0.85,0.1,6.4,0.085,0.25,0.05180803809141937,0.25904019045709686
1316,2.438347332235726E18,0.45,0.8,0.1,2.7,0.065,0.25,0.08576452186383586,0.4288226093191793
1317,2.438347332235726E18,0.45,0.95,0.1,2.8,0.09,0.1,0.12507580054211803,0.6253790027105901
1318,2.438347332235726E18,0.45,0.85,0.2,2.8,0.09,0.35,0.05258288528894019,0.2629144264447009
1319,2.438347332235726E18,0.45,0.85,0.1,5.5,0.07,0.25,0.043709441827268006,0.21854720913634001
1320,2.438347332235726E18,0.45,0.9,0.1,9.9,0.09,0.25,0.06742964242075025,0.33714821210375123
1321,2.438347332235726E18,0.45,0.85,0.1,5.3,0.085,0.25,0.043709441827268006,0.21854720913634001
1322,2.438347332235726E18,0.45,0.85,0.1,2.7,0.07,0.35,0.050700773648348164,0.2535038682417408
1323,2.438347332235726E18,0.45,0.85,0.45,8.7,0.09,0.25,0.046115826688290715,0.2305791334414536
1324,2.438347332235726E18,0.45,0.9,0.1,2.8,0.09,0.2,0.061158006189604215,0.3057900309480211
1325,2.438347332235726E18,0.45,0.85,0.2,5.7,0.09,0.25,0.044214447926808516,0.22107223963404257
1326,2.438347332235726E18,0.35,0.85,0.1,7.1,0.09,0.25,0.051539527205342654,0.25769763602671325
1327,2.438347332235726E18,0.45,1.0,0.25,2.7,0.095,0.25,0.16213518309376632,0.8106759154688316
1328,2.438347332235726E18,0.45,0.85,0.45,8.4,0.095,0.25,0.04637072164618898,0.23185360823094492
1329,2.438347332235726E18,0.45,0.7,0.2,2.8,0.095,0.25,0.19849601077820278,0.9924800538910139
1330,2.438347332235726E18,0.6,0.7,0.1,2.7,0.095,0.25,0.19042293005383074,0.9521146502691537
1331,2.438347332235726E18,0.45,1.0,0.2,2.7,0.08,0.25,0.1625533456323453,0.8127667281617266
1332,2.438347332235726E18,0.45,0.85,0.1,9.3,0.085,0.25,0.04778738582387921,0.23893692911939604
1333,2.438347332235726E18,0.45,0.85,0.1,9.3,0.065,0.25,0.04778738582387921,0.23893692911939604
1334,2.438347332235726E18,0.35,0.85,0.1,2.8,0.085,0.25,0.0526009088444873,0.2630045442224365
1335,2.438347332235726E18,0.6,0.85,0.3,2.8,0.09,0.25,0.07496341793762278,0.3748170896881139
1336,2.438347332235726E18,0.6,0.9,0.1,2.7,0.085,0.25,0.09892594743824151,0.49462973719120756
1337,2.438347332235726E18,0.45,0.85,0.2,3.8,0.095,0.25,0.04392491881851919,0.21962459409259594
1338,2.438347332235726E18,0.45,0.85,0.2,2.8,0.01,0.25,0.05121289160564634,0.2560644580282317
1339,2.438347332235726E18,0.45,0.8,0.1,2.7,0.1,0.2,0.08386672697530988,0.4193336348765494
1340,2.438347332235726E18,0.55,0.85,0.1,6.7,0.1,0.25,0.07496341793762278,0.3748170896881139
1341,2.438347332235726E18,0.45,0.85,0.1,5.9,0.07,0.25,0.043709441827268006,0.21854720913634001
1342,2.438347332235726E18,0.25,0.85,0.1,2.7,0.1,0.3,0.07990279796629572,0.3995139898314786
1343,2.438347332235726E18,0.45,0.85,0.3,2.7,0.085,0.4,0.0619141800150107,0.3095709000750535
1344,2.438347332235726E18,0.45,0.85,0.1,4.1,0.015,0.25,0.04826751335302017,0.24133756676510082
