id sim,seed,year,month,day,gini index,Bankruptcy risk(%),Top 20 vs bottom 20 income ratio,Coefficient of variation
0,2.1452111695774403E18,2027,10,27,0.1067798000866817,0.0,1.7595486738020332,0.15586625303092616
