id sim,seed,year,month,day,(CTU 12) Avg Rice Yield (t/ha),Methane emissions (kg CH4/ha),GHG Emission Intensity (kg CH4/kg),AWD Adoption Level (% of area),Water Reliability (< tolerance) (% of plots without salinity stress),Area under climate-resilient varieties (%),Crop Diversification Index (distinct varieties),(CTU 31) Risk Response (Avg Stress Days per plot): Salinity Stress (days),(CTU 31) Risk Response (Avg Stress Days per plot): Drought Stress (days),(CTU 31) Risk Response (Avg Stress Days per plot): Flood Stress (days), (CTU 13) Value of By-products (Straw) ($/ha),(CTU 4) Avg Production Costs ($/ha),(CTU 5) Net Farm Income ($/ha),(CTU 8) Profit Margin (%),Avg Labor Intensity (hours/ha/season),(CTU 19/38) Avg Salinity Exposure (g/l),(CTU 39) Irrigation Water Usage (mm/ha),Avg number of pesticide applications
0,2.1452111695774403E18,2027,2,1,7.06704819122731,167.5,0.023701550557972188,0.0,100.0,0.0,1,0.0,0.0,0.0,92.4152455775876,506.8567165775337,1966.6101503520156,79.0432379154781,107.34331550802159,0.35134528520499075,668.3800000000039,9.467914438502675
0,2.1452111695774403E18,2027,6,13,4.482463855559121,170.0,0.03792557073029538,0.0,100.0,0.0,1,0.0,0.0,0.0,60.114472530652996,467.65995721924946,1101.2023922264407,69.43752637464874,107.59144385026889,0.014622208684010601,245.95999999999967,9.598930481283423
0,2.1452111695774403E18,2027,10,11,3.5151981010713707,170.0,0.048361428036783186,0.0,100.0,0.0,1,0.0,0.0,0.0,48.34087184518868,452.0682245989276,778.2511107760495,62.24546779478102,107.64491978609774,0.2016636185383236,78.2399999999995,9.605614973262032
0,2.1452111695774403E18,2028,2,1,6.492228616371344,167.5,0.02580007727664088,0.0,100.0,0.0,1,0.0,0.0,0.0,91.5399086432058,522.3069999999911,1749.9730157299705,76.34647464420539,117.60000000000069,0.35134528520499075,598.1699999999965,10.75
0,2.1452111695774403E18,2028,6,11,4.504495611555782,167.5,0.03718507341205914,0.0,100.0,0.0,1,0.0,0.0,0.0,65.11306156447603,473.38946524064613,1103.18399880388,69.23458154175928,106.59304812834074,0.042608157271850654,287.70000000000334,9.48663101604278
