id_sim,year,month,day,seed,Straw Value,Salinity Exposure,Max Flood Continuous,Profit Margin,Flood Stress,Methane Emissions,Labor Intensity,Net Income,AWD Adoption,Salinity Stress,Pesticide Usage,Resilient Varieties,Drought Stress,Fertilizer Usage,Water Usage,Production Cost,Emission Intensity,Water Reliability,Biodiversity,Avg Yield
288,2027,2,17,6.65317065901527E17,50.282114568188085,6.272790150896094E-4,0.0,46.50473832210651,0.0,313.20000000000397,254.9826203208556,794.3389261604519,0.0,0.0,5.196524064171123,0.0,0.0,132.0,717.7567103138292,913.1811134918016,0.04072712875010599,100.0,1.0,7.690205757487603
298,2027,2,17,2.857941005564493E18,49.330603731463846,7.696643144082784E-4,0.0,44.96334215104366,0.0,313.20000000000397,261.75401069518716,733.824187365575,0.0,0.0,6.550802139037433,0.0,0.0,132.0,682.6998159887847,897.5738894059643,0.04151269189799177,100.0,1.0,7.544680570694463
291,2027,2,18,4.2848121755587553E18,50.183105588194344,7.696643144082784E-4,0.0,46.72097756163113,0.0,316.1000000000039,259.8048128342246,820.918077839441,0.0,0.0,5.86096256684492,0.0,0.0,132.0,781.198781548833,935.5555085636236,0.041185328569898906,100.0,1.0,7.675063207606208
290,2027,2,18,2.2009420763865405E18,49.482122844866254,7.696643144082784E-4,0.0,43.723885620987964,0.0,316.1000000000039,262.19117647058823,709.0461271815007,0.0,0.0,6.338235294117647,0.0,0.0,132.0,729.6683192574847,911.913402116331,0.04176877574124023,100.0,1.0,7.567854082156013
287,2027,2,18,2.7812977706100634E18,49.96847634772233,3.930772045884889E-4,0.0,45.633091686963105,0.0,316.1000000000039,259.7446524064171,801.6931324695094,0.0,0.0,5.848930481283422,0.0,0.0,132.0,836.0945347283171,954.4533440169597,0.04136223161829357,100.0,1.0,7.642237559063426
286,2027,2,18,3.967985631945377E18,50.19985320612924,7.696643144082784E-4,0.0,40.97454902867463,0.0,316.1000000000039,261.8101604278075,652.5953934015121,0.0,0.0,6.262032085561497,0.0,0.0,132.0,774.6568613131037,939.4670900317337,0.04117158836742109,100.0,1.0,7.677624607996241
284,2027,2,18,2.3275888066568E18,50.16409247490402,7.696643144082784E-4,0.0,45.18909529562104,0.0,316.1000000000039,259.41711229946526,771.4928472232293,0.0,0.0,5.783422459893048,0.0,0.0,132.0,771.7632746913526,934.9125934846942,0.041200938566599066,100.0,1.0,7.672155319691214
283,2027,2,18,1.858714168763392E18,50.30899491208475,3.1012492380827115E-4,0.0,45.66579184712965,0.0,310.2999999999961,260.5267379679144,755.4605857932062,0.0,0.0,6.005347593582887,0.0,0.0,132.0,720.5963327493088,898.2135478414883,0.040328466488548965,100.0,1.0,7.694316868907078
282,2027,2,18,4.90388125562359E18,50.07795529003205,7.696643144082784E-4,0.0,46.58500945243812,0.0,316.1000000000039,259.00267379679144,805.3574360913309,0.0,0.0,5.7005347593582885,0.0,0.0,132.0,801.5696730233537,922.8028801431525,0.04127180673287421,100.0,1.0,7.658981397299018
296,2027,2,18,4.2692437014197545E18,50.50897971311924,6.226859409180437E-4,0.0,44.73171733027796,0.0,316.1000000000039,259.47058823529414,759.3285546601777,0.0,0.0,5.794117647058823,0.0,0.0,132.0,752.5177821702088,937.40259003308,0.04091960883088051,100.0,1.0,7.724902779653529
293,2027,2,19,7.421366990471719E18,51.172703717920186,7.696643144082784E-4,0.0,49.22571955900843,0.0,318.99999999999994,258.7513368983957,876.7210544856869,0.0,0.0,5.350267379679145,0.0,0.0,132.0,733.0166098489417,903.6916403989695,0.04075941037367578,100.0,1.0,7.826413509799548
292,2027,2,19,6.261277189363532E18,50.529920058150594,6.750469864739424E-4,0.0,51.05629666035556,0.0,318.99999999999994,256.81283422459893,949.1465161036691,0.0,0.0,4.962566844919786,0.0,0.0,132.0,709.4560177915888,909.1388547160142,0.04127790482092389,100.0,1.0,7.728105420658316
289,2027,2,19,7.388801749022034E17,51.5177929656557,7.696643144082784E-4,0.0,48.20135516681476,0.0,318.99999999999994,257.6350267379679,849.4384330449276,0.0,0.0,5.127005347593583,0.0,0.0,132.0,733.6074706923074,912.3590824671294,0.0404863855903088,100.0,1.0,7.879191865335561
285,2027,2,19,4.86643095885923E18,51.010894842773084,7.696643144082784E-4,0.0,42.58501521343139,0.0,318.99999999999994,256.418449197861,692.1379214370853,0.0,0.0,4.883689839572193,0.0,0.0,132.0,878.8112370245302,932.4727736743368,0.0408887010745064,100.0,1.0,7.801666270071184
280,2027,2,19,8.709926167270339E18,50.87852181044215,5.096963162974148E-4,0.0,47.97882962789052,0.0,316.1000000000039,257.4745989304813,835.6701565536775,0.0,0.0,5.0949197860962565,0.0,0.0,132.0,716.0473584819689,905.5272122980623,0.04062240054866398,100.0,1.0,7.781420982773507
299,2027,2,19,9.054830946953192E18,50.67286120338329,7.696643144082784E-4,0.0,48.402031485702004,0.0,318.99999999999994,262.28743315508024,900.6914790168313,0.0,0.0,6.057486631016043,0.0,0.0,132.0,829.0647712842704,959.4898417554451,0.0411614655505177,100.0,1.0,7.749967007576284
295,2027,2,19,8.305991534382669E18,50.73503791764972,7.696643144082784E-4,0.0,49.57915428598821,0.0,318.99999999999994,252.72860962566844,895.1265958140971,0.0,0.0,4.14572192513369,0.0,0.0,132.0,748.0669738949645,909.5952019154942,0.04111102142378864,100.0,1.0,7.759476387405265
294,2027,2,19,8.619173836053503E18,50.82852396213709,6.047729516489176E-4,0.0,42.400443315331785,0.0,318.99999999999994,255.49598930481284,664.8170640573129,0.0,0.0,4.699197860962567,0.0,0.0,132.0,739.0418813979376,902.4402429340496,0.041035408235008945,100.0,1.0,7.773774253032735
281,2027,2,20,6.977615103056312E17,51.98744225546643,7.696643144082784E-4,0.0,46.57524993791644,0.0,321.89999999999606,260.4986631016043,802.8698204523669,0.0,0.0,5.399732620320855,0.0,0.0,132.0,691.648607198789,920.2613608083685,0.04048536873362783,100.0,1.0,7.951020580247808
297,2027,2,20,6.522181452910449E18,51.312351773112056,3.637354983025891E-4,0.0,48.25888720807478,0.0,321.89999999999606,256.92914438502675,842.4519980602861,0.0,0.0,4.685828877005347,0.0,0.0,132.0,718.0123306796149,902.4433859166297,0.04101801411358491,100.0,1.0,7.847771447652429
293,2027,8,4,7.421366990471719E18,41.63170423407446,6.469022190410329E-5,0.0,45.537232216261735,0.0,290.00000000000006,248.8542780748663,651.7681427317367,0.0,0.0,6.070855614973262,0.0,0.0,110.0,361.69795794191134,778.5856877052765,0.0456612294867074,100.0,1.0,6.351121142815985
292,2027,8,4,6.261277189363532E18,42.216879124676574,1.9480208781926577E-4,1.0,49.480983579786006,1.0,290.00000000000006,247.71122994652407,766.6485135082723,0.0,0.0,5.842245989304812,0.0,0.0,110.0,376.82037232952126,781.9958720243028,0.0450283119067335,100.0,1.0,6.4403924491034195
290,2027,8,4,2.2009420763865405E18,40.80102221861529,6.830945458331965E-5,0.0,41.5590200804295,0.0,290.00000000000006,249.28208556149733,549.0231242400281,0.0,0.0,6.156417112299465,0.0,0.0,110.0,345.78329950643257,770.8490340480762,0.04659086213010364,100.0,1.0,6.224396517715929
286,2027,8,4,3.967985631945377E18,40.995411014514396,6.981650693567564E-5,1.0,40.90608063174524,1.0,290.00000000000006,248.4264705882353,530.9134206415191,0.0,0.0,5.985294117647059,0.0,0.0,110.0,358.6895296778747,765.9513319020854,0.04636994126688398,100.0,1.0,6.254051484147757
281,2027,8,4,6.977615103056312E17,40.91350148543323,9.870303112930331E-5,0.0,42.41978649545434,0.0,290.00000000000006,249.58288770053477,574.2701380062821,0.0,0.0,6.216577540106952,0.0,0.0,110.0,336.641108027863,778.3888421088466,0.046462774681644316,100.0,1.0,6.241555782818285
280,2027,8,4,8.709926167270339E18,41.74998309999232,1.1738263580933806E-4,0.0,45.81740243918727,0.0,290.00000000000006,248.46657754010695,653.4432887692292,0.0,0.0,5.99331550802139,0.0,0.0,110.0,358.8035426585475,771.7428889359285,0.04553186995074852,100.0,1.0,6.36916516527195
298,2027,8,4,2.857941005564493E18,41.129413312783406,3.1012492380827115E-4,1.0,43.94725891611553,1.0,290.00000000000006,248.41978609625667,590.6720927399897,0.0,0.0,5.983957219251337,0.0,0.0,110.0,296.13788799999793,752.5041607068995,0.046218864988379633,100.0,1.0,6.274494193505443
291,2027,8,5,4.2848121755587553E18,41.905170697833675,2.1839783366779656E-4,0.0,46.81574805321306,0.0,292.8999999999962,249.59893048128342,685.3416660350736,0.0,0.0,5.919786096256685,0.0,0.0,110.0,385.6612642870383,777.6891834112317,0.045816884097875266,100.0,1.0,6.392839796226547
288,2027,8,5,6.65317065901527E17,41.734192978961644,3.1012492380827115E-4,0.0,44.79345519452996,0.0,292.8999999999962,251.38368983957218,633.6217631564532,0.0,0.0,6.276737967914438,0.0,0.0,110.0,323.27885106840256,780.0418396991428,0.0460045878910893,100.0,1.0,6.366756304684309
285,2027,8,5,4.86643095885923E18,41.52513788452154,1.0912207030551407E-4,0.0,41.14856297293591,0.0,292.8999999999962,250.39438502673798,537.9195322473026,0.0,0.0,6.078877005347594,0.0,0.0,110.0,321.64689264446696,768.0541470607252,0.04623619443007285,100.0,1.0,6.334863922310372
284,2027,8,5,2.3275888066568E18,41.9916644216893,3.1012492380827115E-4,0.0,45.86997135949052,0.0,292.8999999999962,250.18716577540107,654.0104373072946,0.0,0.0,6.037433155080214,0.0,0.0,110.0,340.12764377650643,770.7903190833301,0.04572251125089087,100.0,1.0,6.406034839004808
283,2027,8,5,1.858714168763392E18,41.920576588887194,3.1012492380827115E-4,0.0,40.292330231304526,0.0,292.8999999999962,251.1764705882353,548.7914071674644,0.0,0.0,6.235294117647059,0.0,0.0,110.0,456.75524825280434,811.9277995886637,0.04580004630645486,100.0,1.0,6.3951900406423
282,2027,8,5,4.90388125562359E18,43.09991808670655,1.742274852855457E-4,0.0,48.2114614319811,0.0,292.8999999999962,250.05347593582889,715.6275202425115,0.0,0.0,6.010695187165775,0.0,0.0,110.0,380.8139764415465,767.968519718199,0.04454682129793896,100.0,1.0,6.575104383790181
299,2027,8,5,9.054830946953192E18,42.03005147913491,4.698862481943502E-5,0.0,48.584284428650896,0.0,292.8999999999962,250.78877005347593,748.1620605320952,0.0,0.0,6.157754010695188,0.0,0.0,110.0,394.1947285647608,790.8483388354905,0.04568075178107878,100.0,1.0,6.41189097332932
297,2027,8,5,6.522181452910449E18,41.939844901604154,8.144036864713004E-5,0.0,45.2214840472523,0.0,292.8999999999962,250.74866310160428,643.8134654067503,0.0,0.0,6.149732620320855,0.0,0.0,110.0,358.71388190697377,778.7644898566373,0.04577900451155194,100.0,1.0,6.398129516470491
295,2027,8,5,8.305991534382669E18,42.547079930754656,8.346563779962083E-6,1.0,47.36154667001032,1.0,292.8999999999962,250.3475935828877,715.3769887859771,0.0,0.0,6.06951871657754,0.0,0.0,110.0,383.1630323020709,794.264470238209,0.045125643218972104,100.0,1.0,6.490766205341373
294,2027,8,5,8.619173836053503E18,41.79043799475737,9.443511687218975E-5,0.0,39.678613356948816,0.0,292.8999999999962,250.9090909090909,510.46461435569074,0.0,0.0,6.181818181818182,0.0,0.0,110.0,356.4851149144819,774.856105518421,0.04594267112503543,100.0,1.0,6.375336758345053
289,2027,8,6,7.388801749022034E17,42.33683524146961,6.133799917093971E-5,0.0,46.321231491386804,0.0,295.7999999999965,252.3355614973262,669.3829895406201,0.0,0.0,6.1671122994652405,0.0,0.0,110.0,340.758340451104,774.7889915895113,0.0457987444246805,100.0,1.0,6.4586923444257724
296,2027,8,6,4.2692437014197545E18,42.90663645868779,1.3436955104344496E-4,0.0,43.77672086511728,0.0,295.7999999999965,251.24598930481284,629.8483095618471,0.0,0.0,5.949197860962567,0.0,0.0,110.0,437.28550702676324,807.8596828560324,0.0451905359405368,100.0,1.0,6.545618321261335
287,2027,8,7,2.7812977706100634E18,43.00504555190009,6.803969368325385E-5,0.0,47.34782827651445,0.0,298.7000000000036,255.39973262032086,714.29522937961,0.0,0.0,6.479946524064171,0.0,0.0,110.0,371.5886644063232,793.3037064285219,0.045529156401438994,100.0,1.0,6.560631112211052
290,2028,2,17,2.2009420763865405E18,49.59263977330031,7.696643144082784E-4,0.0,42.77281856676023,0.0,313.20000000000397,261.33288770053474,677.0379625744282,0.0,0.0,6.466577540106952,0.0,0.0,132.0,719.2773035129796,905.0439135238644,0.0412933484324966,100.0,1.0,7.584756671210639
286,2028,2,17,3.967985631945377E18,49.71725724143623,7.696643144082784E-4,0.0,40.63139131518761,0.0,313.20000000000397,260.7914438502674,650.9734477997188,0.0,0.0,6.358288770053476,0.0,0.0,132.0,781.0949045645956,950.5141177831375,0.041189845688821045,100.0,1.0,7.603815813396133
284,2028,2,17,2.3275888066568E18,49.27328478610099,7.696643144082784E-4,0.0,41.30231693278311,0.0,313.20000000000397,263.27807486631013,671.5061451317281,0.0,0.0,6.855614973262032,0.0,0.0,132.0,747.6712937209489,953.5834187886196,0.0415609830506741,100.0,1.0,7.535914143756618
299,2028,2,17,9.054830946953192E18,48.90245788401186,7.696643144082784E-4,0.0,50.3394128237928,0.0,313.20000000000397,259.72860962566847,901.9650376477734,0.0,0.0,6.14572192513369,0.0,0.0,132.0,635.2451714711488,889.1672465534341,0.04187613961456318,100.0,1.0,7.4791994410841784
298,2028,2,17,2.857941005564493E18,49.23159781134529,7.696643144082784E-4,0.0,40.874191136250296,0.0,313.20000000000397,263.177807486631,634.812430218582,0.0,0.0,6.8355614973262036,0.0,0.0,132.0,663.5465694304584,917.4651004839038,0.04159617491379201,100.0,1.0,7.529538488793991
288,2028,2,18,6.65317065901527E17,50.02444728036338,7.696643144082784E-4,0.0,41.77723039604078,0.0,316.1000000000039,263.16042780748666,681.5830003294346,0.0,0.0,6.532085561497326,0.0,0.0,132.0,715.3412336342593,949.1185833297504,0.04131595259262407,100.0,1.0,7.650797819349702
287,2028,2,18,2.7812977706100634E18,48.956881550184725,6.41517545021474E-4,0.0,42.94238678700912,0.0,316.1000000000039,264.3836898395722,713.1442577589288,0.0,0.0,6.776737967914438,0.0,0.0,132.0,753.0741473141796,946.8283207441116,0.042216898357569456,100.0,1.0,7.487523060616494
285,2028,2,18,4.86643095885923E18,50.36293591888336,6.851517496513995E-4,0.0,39.98031874889938,0.0,316.1000000000039,263.0601604278075,617.7950031783287,0.0,0.0,6.512032085561497,0.0,0.0,132.0,681.2550318085584,926.6989864522685,0.04103826861159575,100.0,1.0,7.7025666699468625
282,2028,2,18,4.90388125562359E18,50.63178142064968,7.696643144082784E-4,0.0,49.275201507245086,0.0,316.1000000000039,260.85427807486633,863.6054671248982,0.0,0.0,6.070855614973262,0.0,0.0,132.0,724.4380296848885,888.5262073617765,0.0408203629087557,100.0,1.0,7.743684217275847
280,2028,2,18,8.709926167270339E18,50.01225500360066,7.696643144082784E-4,0.0,47.658083249071794,0.0,316.1000000000039,260.66711229946526,837.2559132929224,0.0,0.0,6.033422459893048,0.0,0.0,132.0,695.5622085787436,918.7487673796772,0.04132602483449137,100.0,1.0,7.648933118197755
297,2028,2,18,6.522181452910449E18,50.046784563975066,3.7253839032346507E-4,0.0,46.63717482554618,0.0,316.1000000000039,262.1577540106952,802.160035046579,0.0,0.0,6.331550802139038,0.0,0.0,132.0,652.3749936607744,917.2087835571843,0.04129751212419467,100.0,1.0,7.654214109784418
296,2028,2,18,4.2692437014197545E18,50.55338752056615,5.193416426506603E-4,0.0,48.66967780854299,0.0,316.1000000000039,260.9144385026738,858.0270041213817,0.0,0.0,6.0828877005347595,0.0,0.0,132.0,637.1819627291438,904.2755755215417,0.04088366366085554,100.0,1.0,7.73169456196894
293,2028,2,19,7.421366990471719E18,50.3215304023197,7.696643144082784E-4,0.0,47.999335450928804,0.0,318.99999999999994,263.798128342246,859.3884029479894,0.0,0.0,6.359625668449198,0.0,0.0,132.0,671.606925466287,930.3197330394581,0.04144884334982541,100.0,1.0,7.696234061531265
291,2028,2,19,4.2848121755587553E18,51.302517390142434,7.696643144082784E-4,0.0,48.443081222915374,0.0,318.99999999999994,258.1096256684492,854.6035129443503,0.0,0.0,5.221925133689839,0.0,0.0,132.0,720.5738880070124,908.9390998637605,0.040656274523674776,100.0,1.0,7.846267365551198
283,2028,2,19,1.858714168763392E18,51.04622504451332,7.696643144082784E-4,1.0,47.13412178098907,1.0,318.99999999999994,256.572192513369,767.9656510959145,0.0,0.0,4.9144385026737964,0.0,0.0,132.0,560.8829432649619,860.8545396015169,0.04086040111585922,100.0,1.0,7.807069712690263
295,2028,2,19,8.305991534382669E18,51.21157070180274,6.617270713763834E-4,0.0,48.30225401013488,0.0,318.99999999999994,259.96791443850265,857.4048131098642,0.0,0.0,5.593582887700535,0.0,0.0,132.0,671.4109321503232,916.9308908437455,0.04072847604917947,100.0,1.0,7.832357872040406
294,2028,2,19,8.619173836053503E18,51.408330093273506,5.312837649037999E-4,0.0,44.171541693384256,0.0,318.99999999999994,258.8582887700535,715.5215643296555,0.0,0.0,5.371657754010696,0.0,0.0,132.0,689.2053398695537,903.7043961583006,0.04057259255425884,100.0,1.0,7.862450484853601
292,2028,2,20,6.261277189363532E18,51.933445849942345,5.491967541729165E-4,0.0,52.48165505981746,0.0,321.89999999999606,253.2058823529412,1005.2143287680524,0.0,0.0,3.9411764705882355,0.0,0.0,132.0,745.6385779858718,909.5773552415229,0.040527462308436075,100.0,1.0,7.942762306461767
289,2028,2,20,7.388801749022034E17,51.313943052718024,7.696643144082784E-4,0.0,45.76868910097667,0.0,321.89999999999606,261.0066844919786,776.5090771738611,0.0,0.0,5.501336898395722,0.0,0.0,132.0,718.5353886735999,919.2280198379051,0.04101674211760373,100.0,1.0,7.848014819827481
281,2028,2,20,6.977615103056312E17,51.46304987854371,7.696643144082784E-4,0.0,44.07029697668016,0.0,321.89999999999606,259.6163101604278,729.5964404700018,0.0,0.0,5.223262032085562,0.0,0.0,132.0,756.118604912771,925.2888842946509,0.04089790197429121,100.0,1.0,7.870819393189051
299,2028,8,2,9.054830946953192E18,40.28197360970949,6.059494408133474E-5,0.0,47.13197711740046,0.0,287.1000000000037,246.97326203208556,694.1112952456481,0.0,0.0,5.994652406417113,0.0,0.0,110.0,407.12146471773053,777.5555141241908,0.046719291144455125,100.0,1.0,6.145213100778781
297,2028,8,2,6.522181452910449E18,40.6571643766857,6.042964220737939E-5,0.0,44.24468468598897,0.0,287.1000000000037,247.18048128342247,616.9358222299505,0.0,0.0,6.036096256684492,0.0,0.0,110.0,360.7130927012698,776.3227783483412,0.04628815810933569,100.0,1.0,6.2024502967228585
292,2028,8,3,6.261277189363532E18,42.01156821527004,5.945646545403968E-5,0.0,48.942185714569256,0.0,290.00000000000006,248.7807486631016,756.6331845299802,0.0,0.0,6.05614973262032,0.0,0.0,110.0,360.34595343907,788.4258111253048,0.045248365669526655,100.0,1.0,6.409071260562806
290,2028,8,3,2.2009420763865405E18,41.634642345669775,2.0758027028666077E-4,0.0,41.12642298004378,0.0,290.00000000000006,248.38636363636363,539.873416960407,0.0,0.0,5.9772727272727275,0.0,0.0,110.0,366.6662683108602,771.7330303486289,0.04565800722322066,100.0,1.0,6.351569366183648
287,2028,8,3,2.7812977706100634E18,40.73236435197173,5.117573000136484E-5,0.0,44.67876476850633,0.0,290.00000000000006,248.7673796791444,615.9175135574678,0.0,0.0,6.053475935828877,0.0,0.0,110.0,330.6158905761825,761.699722879153,0.04666939499333979,100.0,1.0,6.213922422636635
285,2028,8,3,4.86643095885923E18,40.518767424920576,4.234365426109655E-5,1.0,37.25663496932405,1.0,290.00000000000006,249.77005347593584,462.26274875502446,0.0,0.0,6.254010695187166,0.0,0.0,110.0,339.3185184785337,777.1991738358165,0.04691541529433692,100.0,1.0,6.181337161370187
283,2028,8,3,1.858714168763392E18,41.33238193582411,6.9659686389998E-5,1.0,40.87921448449086,1.0,290.00000000000006,248.80748663101605,538.1765648671865,0.0,0.0,6.061497326203209,0.0,0.0,110.0,354.3653211499969,777.3563775980193,0.04599190058551128,100.0,1.0,6.305458054746233
282,2028,8,3,4.90388125562359E18,41.528337686820116,4.755058629381647E-5,0.0,46.45264503570868,0.0,290.00000000000006,248.40641711229947,659.6449001945565,0.0,0.0,5.981283422459893,0.0,0.0,110.0,366.0742650890817,759.4944924437732,0.0457748830519193,100.0,1.0,6.335352067881266
281,2028,8,3,6.977615103056312E17,41.95697138092402,8.381754697520841E-5,0.0,41.992239624948766,0.0,290.00000000000006,248.45989304812835,559.8893128538866,0.0,0.0,5.991978609625669,0.0,0.0,110.0,324.40862101654255,772.4458534156306,0.04530724545621239,100.0,1.0,6.4007422450846905
280,2028,8,3,8.709926167270339E18,41.66570888193367,1.0323732483630866E-4,1.0,46.85577613951184,1.0,290.00000000000006,248.33957219251337,684.1034583477717,0.0,0.0,5.967914438502674,0.0,0.0,110.0,363.10335122951767,775.1468305367958,0.04562396397338296,100.0,1.0,6.356308719014116
296,2028,8,3,4.2692437014197545E18,41.10381676027943,1.0141429817144255E-4,0.0,44.882241853386866,0.0,290.00000000000006,248.65374331550802,641.9274500422961,0.0,0.0,6.030748663101604,0.0,0.0,110.0,394.5350973114061,787.3421149472712,0.04624764683146859,100.0,1.0,6.270589313588025
294,2028,8,3,8.619173836053503E18,40.65528067729181,6.434127049964131E-5,1.0,39.13957252713468,1.0,290.00000000000006,250.47860962566844,500.3999142968543,0.0,0.0,6.39572192513369,0.0,0.0,110.0,352.3058626226047,776.8994779668772,0.046757881615526214,100.0,1.0,6.202162929120037
293,2028,8,4,7.421366990471719E18,42.39120153043205,1.2267599834187942E-4,0.0,47.167935166872134,0.0,292.8999999999962,250.47459893048128,709.7614267658762,0.0,0.0,6.0949197860962565,0.0,0.0,110.0,382.40258330630564,794.0932774137225,0.045291576545335895,100.0,1.0,6.466986189072259
289,2028,8,4,7.388801749022034E17,42.66172206204659,1.0966227857435329E-4,0.0,43.813873741687026,0.0,292.8999999999962,250.0,616.6400018305158,0.0,0.0,6.0,0.0,0.0,110.0,407.3247324846785,789.6124602446018,0.04500437994912526,100.0,1.0,6.508255426051909
288,2028,8,4,6.65317065901527E17,41.255117577153456,7.939706190687944E-5,1.0,40.64738129815069,1.0,292.8999999999962,250.5681818181818,545.7144712418029,0.0,0.0,6.113636363636363,0.0,0.0,110.0,374.06726668152265,795.7272325082309,0.046538816557090024,100.0,1.0,6.293670996998611
286,2028,8,4,3.967985631945377E18,43.14822213671159,7.90731575237815E-5,1.0,43.64903056857222,1.0,292.8999999999962,250.274064171123,605.5614459596535,0.0,0.0,6.054812834224599,0.0,0.0,110.0,368.11533786568236,780.8147585828949,0.04449695152864186,100.0,1.0,6.582473404081671
284,2028,8,4,2.3275888066568E18,42.05939252257984,2.4535199668375884E-4,1.0,44.06226731402821,1.0,292.8999999999962,249.75267379679144,610.0840279489323,0.0,0.0,5.9505347593582885,0.0,0.0,110.0,339.58060007131445,773.5797191984539,0.04564888444200857,100.0,1.0,6.416367093747724
298,2028,8,4,2.857941005564493E18,40.75310108903886,3.1012492380827115E-4,1.0,39.020607953283715,3.0,292.8999999999962,250.99598930481284,500.55852692756145,0.0,0.0,6.199197860962567,0.0,0.0,110.0,368.8608596500722,781.1458942437569,0.04711210429776905,100.0,1.0,6.217085913818251
295,2028,8,4,8.305991534382669E18,40.369986997509436,8.45949055669043E-5,1.0,43.24219137081013,2.0,292.8999999999962,252.58021390374333,603.7940768257605,0.0,0.0,6.516042780748663,0.0,0.0,110.0,342.7740690000046,791.3789956151408,0.04755920156929387,100.0,1.0,6.158639975762424
291,2028,8,5,4.2848121755587553E18,42.40556341930281,3.1012492380827115E-4,0.0,46.32948218501617,0.0,295.7999999999965,251.7072192513369,674.0868778717964,0.0,0.0,6.041443850267379,0.0,0.0,110.0,364.5259753593058,779.9382107739173,0.04572451679987014,100.0,1.0,6.469177165822702
299,2029,2,15,9.054830946953192E18,47.600695028404175,5.286156005551363E-4,0.0,49.3268481167808,0.0,310.2999999999961,262.11229946524065,899.3850825473015,0.0,0.0,6.922459893048129,0.0,0.0,132.0,694.6553202642245,923.2363097234474,0.04262300401651526,100.0,1.0,7.280106298461819
287,2029,2,16,2.7812977706100634E18,48.75380511103205,7.696643144082784E-4,1.0,45.08419990536833,1.0,313.20000000000397,261.5868983957219,746.3991315104342,0.0,0.0,6.517379679144385,0.0,0.0,132.0,620.2172925673527,908.515539669471,0.042003822043887876,100.0,1.0,7.456464311099014
283,2029,2,16,1.858714168763392E18,49.07957821200438,6.249824780038298E-4,0.0,38.823537612040944,0.0,313.20000000000397,262.57620320855614,605.293302601634,0.0,0.0,6.71524064171123,0.0,0.0,132.0,700.4061980922235,953.0824909153714,0.04172501534141741,100.0,1.0,7.506288432424205
296,2029,2,16,4.2692437014197545E18,48.690089191787756,5.137946024087306E-4,1.0,44.778941537144085,1.0,313.20000000000397,263.08422459893046,750.3786287969544,0.0,0.0,6.816844919786096,0.0,0.0,132.0,627.539496832993,924.6061340471358,0.04205878830453198,100.0,1.0,7.446719523449883
292,2029,2,17,6.261277189363532E18,50.48246648315543,7.696643144082784E-4,0.0,49.859853451193196,0.0,316.1000000000039,256.7834224598931,918.1840920765219,0.0,0.0,5.25668449197861,0.0,0.0,132.0,712.5801533382627,922.7496626510306,0.040941099678585495,100.0,1.0,7.72084781507083
291,2029,2,17,4.2848121755587553E18,50.30672362901978,3.7732211368870914E-4,0.0,48.84217788509204,0.0,313.20000000000397,263.274064171123,884.8269551519066,0.0,0.0,6.554812834224599,0.0,0.0,132.0,691.3768356343063,926.245625186013,0.040707205838880434,100.0,1.0,7.693969496203032
288,2029,2,17,6.65317065901527E17,49.587767047327354,4.393061155298393E-4,0.0,44.673969592603406,0.0,316.1000000000039,259.60427807486633,749.752986761525,0.0,0.0,5.820855614973262,0.0,0.0,132.0,739.5314810057174,927.6392675547734,0.04167978950000156,100.0,1.0,7.5840114307677124
286,2029,2,17,3.967985631945377E18,49.95834534460724,7.696643144082784E-4,0.0,40.83610822082,0.0,316.1000000000039,263.31417112299465,658.3784134652216,0.0,0.0,6.56283422459893,0.0,0.0,132.0,748.6416309401833,953.2026443275685,0.041370619424064226,100.0,1.0,7.64068811152817
285,2029,2,17,4.86643095885923E18,50.9148272848068,7.696643144082784E-4,0.0,40.636900864608656,0.0,316.1000000000039,259.47727272727275,623.6470661073947,0.0,0.0,5.795454545454546,0.0,0.0,132.0,680.4809372566552,910.3023994780239,0.040593434221949415,100.0,1.0,7.786973584735149
284,2029,2,17,2.3275888066568E18,50.37445378990634,7.696643144082784E-4,0.0,49.01575431870889,0.0,316.1000000000039,255.80748663101605,858.6490797337483,0.0,0.0,5.061497326203209,0.0,0.0,132.0,700.1123196445269,892.7293168505973,0.04102888541338084,100.0,1.0,7.704328226691567
282,2029,2,17,4.90388125562359E18,50.36551770763142,5.367254633251595E-4,0.0,48.04259683936373,0.0,316.1000000000039,262.67914438502675,819.7621850752915,0.0,0.0,6.435828877005347,0.0,0.0,132.0,607.5142884650433,885.8455615335308,0.04103616494732374,100.0,1.0,7.702961531755395
280,2029,2,17,8.709926167270339E18,49.51730845074609,7.696643144082784E-4,0.0,46.455287898382835,0.0,316.1000000000039,263.1938502673797,808.7103987949338,0.0,0.0,6.538770053475936,0.0,0.0,132.0,721.0822347654768,931.3636493273219,0.041739096024646274,100.0,1.0,7.573235410114101
297,2029,2,17,6.522181452910449E18,49.784854689909295,7.039833537548357E-4,0.0,47.177962331802036,0.0,316.1000000000039,258.5614973262032,815.4839706955779,0.0,0.0,5.612299465240642,0.0,0.0,132.0,677.4251777124706,912.4346800342698,0.04151478808527349,100.0,1.0,7.614154246692009
295,2029,2,17,8.305991534382669E18,50.30977750881078,5.955868033057797E-4,0.0,46.118015435675375,0.0,316.1000000000039,261.0414438502674,795.7363072743806,0.0,0.0,6.108288770053476,0.0,0.0,132.0,666.0862494374863,929.0225966024854,0.04108163054280571,100.0,1.0,7.69443656017105
294,2029,2,17,8.619173836053503E18,49.89204321934664,7.696643144082784E-4,0.0,46.63063362576568,0.0,316.1000000000039,261.2687165775401,784.2260008399594,0.0,0.0,6.153743315508021,0.0,0.0,132.0,683.6245347912782,897.0150320702601,0.04142559732863934,100.0,1.0,7.630547786488284
293,2029,2,18,7.421366990471719E18,51.20245319497981,7.696643144082784E-4,0.0,50.19304005597453,0.0,318.99999999999994,260.8970588235294,924.4699115498236,0.0,0.0,5.779411764705882,0.0,0.0,132.0,650.7201081075898,916.7809771381494,0.04073572847821547,100.0,1.0,7.830963429820429
289,2029,2,18,7.388801749022034E17,50.97168318671981,7.696643144082784E-4,0.0,49.62987189793995,0.0,318.99999999999994,260.29545454545456,887.162701312355,0.0,0.0,5.659090909090909,0.0,0.0,132.0,690.493463957391,899.8804152340788,0.04092015606250678,100.0,1.0,7.795669193263041
281,2029,2,18,6.977615103056312E17,50.94952473566846,4.645577824609742E-4,0.0,41.84558135456873,0.0,318.99999999999994,257.6483957219251,663.791463300801,0.0,0.0,5.129679144385027,0.0,0.0,132.0,684.7072020364548,921.5857013595613,0.04093795264215757,100.0,1.0,7.7922802536904685
298,2029,2,18,2.857941005564493E18,51.390863581095545,7.365941803729842E-4,0.0,44.39216301896372,0.0,318.99999999999994,262.32085561497325,720.7544618718637,0.0,0.0,6.064171122994653,0.0,0.0,132.0,641.7041075195885,902.2862003199239,0.040586382197641976,100.0,1.0,7.8597791359322855
290,2029,2,19,2.2009420763865405E18,50.668878943710375,7.696643144082784E-4,1.0,45.762179793715696,1.0,321.89999999999606,263.6336898395722,760.4664215725402,0.0,0.0,6.026737967914438,0.0,0.0,132.0,645.4885189402416,900.6178635992472,0.041538925137241584,100.0,1.0,7.749357956096888
284,2029,8,2,2.3275888066568E18,39.86816463001661,4.993960125737054E-5,1.0,44.647397960483005,1.0,284.2000000000032,239.40641711229947,611.5804032981173,0.0,0.0,5.981283422459893,0.0,0.0,100.09999999999982,367.22796043540893,757.1970925098416,0.04672740072747489,100.0,1.0,6.082084506637208
292,2029,8,3,6.261277189363532E18,40.69818049148139,9.758493511902803E-5,1.0,47.38737925167756,1.0,287.1000000000037,246.94652406417111,701.9124203168404,0.0,0.0,5.989304812834225,0.0,0.0,110.0,341.8060604901983,778.471534402434,0.04624150834800079,100.0,1.0,6.208707506670601
290,2029,8,3,2.2009420763865405E18,41.58584854420522,5.114197292352756E-5,0.0,43.35006503116835,0.0,287.1000000000037,248.19652406417111,589.9679703108706,0.0,0.0,6.239304812834225,0.0,0.0,110.0,362.441021539248,769.9030602965801,0.045254463208675266,100.0,1.0,6.344125631899368
289,2029,8,3,7.388801749022034E17,40.32944552029305,5.5261034178237895E-5,0.0,45.20545709714842,0.0,287.1000000000037,247.32085561497325,631.5992429838732,0.0,0.0,6.064171122994653,0.0,0.0,110.0,323.965649828895,764.6574954977978,0.046664297727532986,100.0,1.0,6.1524551741107265
286,2029,8,3,3.967985631945377E18,40.41254390036474,1.6426108252556734E-4,1.0,41.14223850566964,1.0,287.1000000000037,247.23395721925132,535.4349200741476,0.0,0.0,6.0467914438502675,0.0,0.0,110.0,324.0982031649264,764.9205181476724,0.046568344165245495,100.0,1.0,6.165132240503192
285,2029,8,3,4.86643095885923E18,41.1680413012128,7.205504735322282E-5,0.0,39.011826502573484,0.0,287.1000000000037,240.95989304812835,483.0435368149417,0.0,0.0,5.991978609625669,0.0,0.0,100.09999999999982,364.1465651843822,754.1247038193617,0.04571374283210889,100.0,1.0,6.280387083035946
282,2029,8,3,4.90388125562359E18,40.036756984561215,1.6169182680306101E-4,0.0,46.42725434801756,0.0,287.1000000000037,241.0,628.332778777723,0.0,0.0,6.0,0.0,0.0,100.09999999999982,312.8177549999969,724.071480712632,0.047005436870698136,100.0,1.0,6.107804099124835
281,2029,8,3,6.977615103056312E17,40.735151465662035,5.217444882373335E-5,0.0,38.502362972985736,0.0,287.1000000000037,247.6885026737968,487.33072163961384,0.0,0.0,6.137700534759358,0.0,0.0,110.0,320.3119939999962,777.0084030129487,0.04619953983801135,100.0,1.0,6.214347610531565
298,2029,8,3,2.857941005564493E18,40.800019047054654,1.1244558513715414E-4,0.0,40.01666775353839,0.0,287.1000000000037,246.97994652406416,514.7396931300941,0.0,0.0,5.995989304812834,0.0,0.0,110.0,361.67646315274067,770.5636319410693,0.046126087607332535,100.0,1.0,6.224243478962743
297,2029,8,3,6.522181452910449E18,39.31206726197241,6.531695952153981E-5,1.0,45.61413556183657,4.0,287.1000000000037,240.48529411764707,621.1845027035002,0.0,0.0,5.897058823529412,0.0,0.0,100.09999999999982,315.2085042548363,739.8016647253762,0.047871948335968924,100.0,1.0,5.997249119361393
293,2029,8,4,7.421366990471719E18,41.72534340493801,8.422730141452228E-5,1.0,44.50274534583935,1.0,290.00000000000006,248.37967914438502,666.3976225725286,0.0,0.0,5.975935828877005,0.0,0.0,110.0,505.20487679023466,830.2649574097737,0.04555875747998835,100.0,1.0,6.365406258662395
288,2029,8,4,6.65317065901527E17,40.69024879444067,1.9504712189199444E-4,1.0,41.826504367348875,1.0,290.00000000000006,249.38235294117646,569.0075381335898,0.0,0.0,6.176470588235294,0.0,0.0,110.0,347.3383285397122,790.205091744243,0.04671769913617527,100.0,1.0,6.2074974872947495
287,2029,8,4,2.7812977706100634E18,41.70461916848754,6.756534287761899E-5,1.0,45.98040117950335,1.0,290.00000000000006,248.93449197860963,649.6558936127578,0.0,0.0,6.086898395721925,0.0,0.0,110.0,306.59435907419544,762.403711877807,0.04558139694969759,100.0,1.0,6.362244674511321
283,2029,8,4,1.858714168763392E18,40.83922077561869,1.0101789049129352E-4,1.0,39.28560081989384,1.0,290.00000000000006,249.91042780748663,508.60596675522186,0.0,0.0,6.282085561497326,0.0,0.0,110.0,315.9379404168349,784.8468753709459,0.046547283832841506,100.0,1.0,6.2302238953713145
295,2029,8,4,8.305991534382669E18,40.14779007908798,7.582516474529858E-5,1.0,43.28697495873717,1.0,290.00000000000006,249.475935828877,594.781693418541,0.0,0.0,6.195187165775401,0.0,0.0,110.0,318.2372866999935,778.1199476903192,0.047348927480443344,100.0,1.0,6.124742743534783
291,2029,8,5,4.2848121755587553E18,41.97064430826635,9.554064196188266E-5,1.0,47.57352335425005,2.0,292.8999999999962,250.17379679144386,717.3977613138725,0.0,0.0,6.03475935828877,0.0,0.0,110.0,406.5592500727316,789.7548789068427,0.045745410407868774,100.0,1.0,6.402828117367024
280,2029,8,5,8.709926167270339E18,41.81867802399384,7.215563606520967E-5,1.0,47.667496190355685,1.0,292.8999999999962,249.90641711229947,699.1387532572722,0.0,0.0,5.981283422459893,0.0,0.0,110.0,339.36460189815415,766.6884591944906,0.04591164617548962,100.0,1.0,6.379644913633347
299,2029,8,5,9.054830946953192E18,42.2342543028102,5.4541843793223896E-5,0.0,51.45115895968134,0.0,292.8999999999962,251.8783422459893,830.5354839253761,0.0,0.0,6.375668449197861,0.0,0.0,110.0,365.989075152726,782.5217623086861,0.045459885125438894,100.0,1.0,6.443043117944272
296,2029,8,5,4.2692437014197545E18,42.03841039045677,2.422850967252119E-4,0.0,44.513063949948176,0.0,292.8999999999962,251.1096256684492,642.5687319652942,0.0,0.0,6.221925133689839,0.0,0.0,110.0,383.1605979214059,799.9396875322683,0.045671668627132046,100.0,1.0,6.413166166343962
294,2029,8,5,8.619173836053503E18,42.69644962843694,1.1195845624847336E-4,0.0,45.20934474606606,0.0,292.8999999999962,250.13368983957218,642.7068482151994,0.0,0.0,6.026737967914438,0.0,0.0,110.0,364.55902411462563,778.0750968019545,0.04496777520549574,100.0,1.0,6.513553287025849
293,2030,2,16,7.421366990471719E18,46.81448239141653,6.102846406548023E-4,1.0,47.07193070222585,1.0,310.2999999999961,262.11229946524065,806.7282746431833,0.0,0.0,6.922459893048129,0.0,0.0,132.0,631.9623565002663,906.4206888149328,0.043338824050665754,100.0,1.0,7.159862012804877
289,2030,2,16,7.388801749022034E17,48.29894914583663,7.696643144082784E-4,0.0,44.93523233423661,0.0,310.2999999999961,261.7647058823529,769.4629017475254,0.0,0.0,6.852941176470588,0.0,0.0,132.0,693.7685274076058,942.2093418581219,0.042006806592384795,100.0,1.0,7.386898104657372
287,2030,2,16,2.7812977706100634E18,49.45165042595326,7.696643144082784E-4,0.0,45.615123456209375,0.0,310.2999999999961,259.61898395721926,754.3061916768572,0.0,0.0,6.42379679144385,0.0,0.0,132.0,572.1377823365656,898.7417669487907,0.04102764210918613,100.0,1.0,7.56319359455755
284,2030,2,16,2.3275888066568E18,48.2763830983338,6.787163266386937E-4,0.0,47.326125570339634,0.0,310.2999999999961,261.97192513368987,821.5684686977764,0.0,0.0,6.894385026737968,0.0,0.0,132.0,676.1588641654666,913.8205723768683,0.04202644202346246,100.0,1.0,7.383446826803998
283,2030,2,16,1.858714168763392E18,49.30561697847098,7.696643144082784E-4,0.0,40.358271640180064,0.0,310.2999999999961,260.0133689839572,634.2133217457574,0.0,0.0,6.502673796791444,0.0,0.0,132.0,650.0026008724233,936.5262195362926,0.041149157838760865,100.0,1.0,7.54085906729556
295,2030,2,16,8.305991534382669E18,48.40963713786138,6.369244708499062E-4,0.0,47.36825666040129,0.0,310.2999999999961,258.4692513368984,812.5595091750041,0.0,0.0,6.19385026737968,0.0,0.0,132.0,667.7844924068338,902.2249748560831,0.04191075858731836,100.0,1.0,7.403826856378801
292,2030,2,17,6.261277189363532E18,49.50843431075062,7.696643144082784E-4,0.0,48.75722157752345,0.0,313.20000000000397,261.4331550802139,880.2970882111575,0.0,0.0,6.4866310160427805,0.0,0.0,132.0,629.5608882152593,924.5069358411783,0.04136358142518544,100.0,1.0,7.571878188703043
288,2030,2,17,6.65317065901527E17,49.16285926444908,7.696643144082784E-4,1.0,45.43238260960781,1.0,313.20000000000397,259.5949197860963,762.8171737299349,0.0,0.0,6.1189839572192515,0.0,0.0,132.0,617.1627232590107,915.5081605678733,0.041654333870833865,100.0,1.0,7.5190255345628
282,2030,2,17,4.90388125562359E18,49.59276136165067,7.696643144082784E-4,0.0,43.21247020835119,0.0,313.20000000000397,258.4986631016043,702.8145096865526,0.0,0.0,5.899732620320855,0.0,0.0,132.0,763.519324084584,922.9430657394076,0.041293247192114434,100.0,1.0,7.584775267075973
281,2030,2,17,6.977615103056312E17,48.26405457501275,7.696643144082784E-4,1.0,38.098216373271015,1.0,313.20000000000397,261.0120320855615,570.8628213723279,0.0,0.0,6.402406417112299,0.0,0.0,132.0,629.2350818388512,926.6133522829404,0.04243004803219316,100.0,1.0,7.381561287943114
280,2030,2,17,8.709926167270339E18,49.28711920160785,7.696643144082784E-4,0.0,49.14645862335772,0.0,313.20000000000397,260.0494652406417,883.9310155791202,0.0,0.0,6.209893048128342,0.0,0.0,132.0,668.1893782360715,914.060527117788,0.041549317286520844,100.0,1.0,7.538029995540028
299,2030,2,17,9.054830946953192E18,48.78189238217423,7.696643144082784E-4,0.0,51.71580430219776,0.0,313.20000000000397,262.3288770053476,975.3441454761962,0.0,0.0,6.665775401069519,0.0,0.0,132.0,643.733384623135,910.0500753326161,0.04197963739911203,100.0,1.0,7.460760011391354
297,2030,2,17,6.522181452910449E18,49.0127648699318,7.696643144082784E-4,0.0,46.26479978433254,0.0,313.20000000000397,257.93048128342247,791.7842055916708,0.0,0.0,5.786096256684492,0.0,0.0,132.0,710.2799320974037,918.9925043980188,0.0417818941510579,100.0,1.0,7.496069921283688
296,2030,2,17,4.2692437014197545E18,49.34367804891308,7.696643144082784E-4,0.0,46.22129039409697,0.0,313.20000000000397,259.1336898395722,805.595802138786,0.0,0.0,6.026737967914438,0.0,0.0,132.0,692.0191504177631,936.6960356448384,0.04150169251299443,100.0,1.0,7.546680172186693
291,2030,2,18,4.2848121755587553E18,49.98798443308149,6.447326969415752E-4,0.0,51.98093302070523,0.0,316.1000000000039,257.61229946524065,971.1544180645749,0.0,0.0,5.422459893048129,0.0,0.0,132.0,673.8251707132582,896.5798816067162,0.041346089780325834,100.0,1.0,7.645221148588935
290,2030,2,18,2.2009420763865405E18,49.730178706897796,7.696643144082784E-4,0.0,43.54273349150253,0.0,316.1000000000039,262.1577540106952,706.6069576963326,0.0,0.0,6.331550802139038,0.0,0.0,132.0,688.2581096862588,915.3915248119313,0.041560431634263206,100.0,1.0,7.605792037525546
286,2030,2,18,3.967985631945377E18,50.493641101977154,7.696643144082784E-4,0.0,44.54800453343436,0.0,316.1000000000039,262.3449197860963,745.5635991983777,0.0,0.0,6.3689839572192515,0.0,0.0,132.0,674.4104585149317,927.3609379553777,0.04093203910832225,100.0,1.0,7.7225568744200395
285,2030,2,18,4.86643095885923E18,49.56232541740782,5.59349065703691E-4,1.0,38.24294250923326,1.0,316.1000000000039,264.2232620320856,567.8362233680824,0.0,0.0,6.744652406417113,0.0,0.0,132.0,623.4796295996514,916.2106326738567,0.04170118481934255,100.0,1.0,7.580120357956475
298,2030,2,18,2.857941005564493E18,49.50212659803974,3.125397851164676E-4,0.0,45.693898566393415,0.0,316.1000000000039,262.53877005347596,765.8601718436449,0.0,0.0,6.407754010695188,0.0,0.0,132.0,625.915339667873,909.5110019799545,0.04175189702637066,100.0,1.0,7.570913479700191
294,2030,2,18,8.619173836053503E18,49.74865258437149,4.1379801849907467E-4,0.0,46.208226902515726,0.0,316.1000000000039,262.3048128342246,793.61303198751,0.0,0.0,6.36096256684492,0.0,0.0,132.0,668.1087591052199,923.137328528284,0.04154499840578609,100.0,1.0,7.60861745408034
299,2030,8,2,9.054830946953192E18,40.29946572274418,7.390965772361086E-5,1.0,52.09834774152608,1.0,284.2000000000032,239.46657754010695,809.8220286818652,0.0,0.0,5.99331550802139,0.0,0.0,100.09999999999982,352.8209473840908,743.7972322780106,0.04622730528867348,100.0,1.0,6.147881608613628
293,2030,8,3,7.421366990471719E18,40.106360770981915,3.9587046694954204E-5,0.0,47.44114090615685,0.0,287.1000000000037,240.9933155080214,688.0751973032359,0.0,0.0,5.998663101604278,0.0,0.0,100.09999999999982,346.39258630999393,761.2476320807252,0.04692385987578605,100.0,1.0,6.118422498916268
292,2030,8,3,6.261277189363532E18,41.04000672479715,4.2529473917755224E-5,0.0,48.46063549352855,0.0,287.1000000000037,240.83288770053477,723.6315885513945,0.0,0.0,5.966577540106952,0.0,0.0,100.09999999999982,368.60146748739675,768.6818926634596,0.04585635829850315,100.0,1.0,6.260854778984386
290,2030,8,3,2.2009420763865405E18,41.466688522764784,4.4101951622336626E-5,0.0,42.66984606218413,0.0,287.1000000000037,246.9264705882353,575.9975053289298,0.0,0.0,5.985294117647059,0.0,0.0,110.0,384.60697069039026,773.0634055674306,0.04538450790233971,100.0,1.0,6.325947184836674
289,2030,8,3,7.388801749022034E17,41.44542397999864,4.623209955400583E-5,0.0,49.14313929101162,0.0,287.1000000000037,239.8101604278075,720.3222813358896,0.0,0.0,5.762032085561497,0.0,0.0,100.09999999999982,331.5868822612668,744.7575633671055,0.04540779348411288,100.0,1.0,6.322703174300977
287,2030,8,3,2.7812977706100634E18,40.34449255820113,1.6763509395041683E-4,1.0,40.823487158626634,2.0,287.1000000000037,246.90641711229947,549.6238047732011,0.0,0.0,5.981283422459893,0.0,0.0,110.0,403.32645281844145,795.588096764749,0.04664689363065792,100.0,1.0,6.154750673714999
286,2030,8,3,3.967985631945377E18,40.299961681995484,6.059494408133474E-5,1.0,42.008870538405546,1.0,287.1000000000037,246.85294117647058,559.9074488664593,0.0,0.0,5.970588235294118,0.0,0.0,110.0,348.2291170481257,771.9142181016354,0.04669843777509243,100.0,1.0,6.147957269635568
285,2030,8,3,4.86643095885923E18,39.72465502010197,8.643392525314132E-5,1.0,35.109071492258224,1.0,287.1000000000037,241.43449197860963,417.08161868714683,0.0,0.0,6.086898395721925,0.0,0.0,100.09999999999982,402.5412066130132,769.3913638698101,0.04737474125308208,100.0,1.0,6.060191410149933
282,2030,8,3,4.90388125562359E18,40.51377754702464,7.923477869398853E-5,1.0,44.045595966500684,1.0,287.1000000000037,240.89304812834226,583.96445808651,0.0,0.0,5.978609625668449,0.0,0.0,100.09999999999982,356.8514485000036,740.8102104368483,0.04645198169341012,100.0,1.0,6.180575930966858
281,2030,8,3,6.977615103056312E17,39.845302318116275,5.827225174901751E-5,1.0,36.78459800747971,2.0,287.1000000000037,246.9331550802139,454.07376836192645,0.0,0.0,5.9866310160427805,0.0,0.0,110.0,334.4791903997229,779.0737251233697,0.047231295622260173,100.0,1.0,6.078596748565438
280,2030,8,3,8.709926167270339E18,40.87191617313217,3.1012492380827115E-4,0.0,48.2319381652164,0.0,287.1000000000037,246.94652406417111,717.6902407638601,0.0,0.0,5.989304812834225,0.0,0.0,110.0,345.6972614547938,769.5495261602293,0.046044947953343185,100.0,1.0,6.235211738992925
297,2030,8,3,6.522181452910449E18,40.962736785876096,6.618116171751412E-5,0.0,48.09532844159278,0.0,287.1000000000037,240.77941176470588,686.3138267368995,0.0,0.0,5.955882352941177,0.0,0.0,100.09999999999982,322.0015507027294,739.8679154998866,0.0459428593060748,100.0,1.0,6.249066869942113
295,2030,8,3,8.305991534382669E18,40.96389714424228,6.300790812845815E-5,0.0,46.010110611019,0.0,287.1000000000037,246.95320855614975,659.7302149620654,0.0,0.0,5.990641711229946,0.0,0.0,110.0,330.45528665418567,773.1700402488952,0.04594155791180124,100.0,1.0,6.249243888315221
294,2030,8,3,8.619173836053503E18,39.96511773597909,6.167957911859014E-5,0.0,44.93047149545585,0.0,287.1000000000037,247.24732620320856,618.6467813616205,0.0,0.0,6.0494652406417115,0.0,0.0,110.0,296.64724265311895,757.0055925057005,0.047089696204023285,100.0,1.0,6.096875179574301
291,2030,8,4,4.2848121755587553E18,41.224481685944,9.619259423333472E-5,0.0,50.09840561002544,0.0,290.00000000000006,248.7673796791444,770.1718201974479,0.0,0.0,6.053475935828877,0.0,0.0,110.0,335.29144416615793,766.2358018170996,0.046112278995686075,100.0,1.0,6.2889973411882405
288,2030,8,4,6.65317065901527E17,41.26438960122299,7.398018220617156E-5,0.0,44.16115626045932,0.0,290.00000000000006,248.4866310160428,620.968598475893,0.0,0.0,5.997326203208556,0.0,0.0,110.0,332.8410995841546,784.1604851565069,0.04606768255451091,100.0,1.0,6.2950854898517905
284,2030,8,4,2.3275888066568E18,41.40813725167115,6.587190395247898E-5,0.0,47.73733799295372,0.0,290.00000000000006,248.74064171122996,702.074194328845,0.0,0.0,6.048128342245989,0.0,0.0,110.0,308.2078790045924,767.815668910481,0.04590775937109037,100.0,1.0,6.317014900592656
283,2030,8,4,1.858714168763392E18,41.35430322090791,5.855833153479438E-5,1.0,39.427381611354264,1.0,290.00000000000006,249.08823529411765,518.634704359985,0.0,0.0,6.117647058823529,0.0,0.0,110.0,341.14028103155414,795.4708996460271,0.04596752098083269,100.0,1.0,6.308802254551052
298,2030,8,4,2.857941005564493E18,40.887136274958124,9.010021028712118E-5,1.0,44.67728537447814,2.0,290.00000000000006,248.05213903743316,617.1284678230584,0.0,0.0,5.910427807486631,0.0,0.0,110.0,314.3512984405464,763.1784244449669,0.046492735225359114,100.0,1.0,6.237533640348648
296,2030,8,5,4.2692437014197545E18,42.2915356165743,3.1012492380827115E-4,0.0,46.951094991865006,0.0,292.8999999999962,250.0601604278075,699.6877195629279,0.0,0.0,6.012032085561497,0.0,0.0,110.0,338.5403039647279,789.8263814451499,0.04539831247489337,100.0,1.0,6.451781663954551
285,2031,2,15,4.86643095885923E18,46.865246131757836,7.696643144082784E-4,0.0,32.72855698042411,0.0,307.3999999999961,260.65909090909093,444.09026767571766,0.0,0.0,6.931818181818182,0.0,0.0,132.0,633.2231592008734,912.0022992501234,0.04288728306840247,100.0,1.0,7.167625878974726
282,2031,2,15,4.90388125562359E18,47.0026856784133,7.696643144082784E-4,0.0,39.690391643942625,0.0,307.3999999999961,260.66577540106954,605.5829781704556,0.0,0.0,6.933155080213904,0.0,0.0,132.0,683.3212430875396,919.2484409355933,0.04276187728238988,100.0,1.0,7.188646044933792
286,2031,2,16,3.967985631945377E18,48.71587743602428,7.696643144082784E-4,0.0,43.38685819186608,0.0,310.2999999999961,260.8288770053476,727.3241286123425,0.0,0.0,6.665775401069519,0.0,0.0,132.0,697.0529938390974,948.3216246364755,0.04164729698339121,100.0,1.0,7.450663607862536
280,2031,2,16,8.709926167270339E18,47.620783642178274,4.074396913075486E-4,1.0,47.880366850743926,1.0,310.2999999999961,261.9451871657754,817.3457693546559,0.0,0.0,6.88903743315508,0.0,0.0,132.0,636.4011903366347,889.1317337284488,0.04260502369363744,100.0,1.0,7.283178674686098
298,2031,2,16,2.857941005564493E18,48.69799464856117,3.4989531508762854E-4,0.0,45.782825045292036,0.0,310.2999999999961,260.5548128342246,766.3711181907321,0.0,0.0,6.61096256684492,0.0,0.0,132.0,675.4255265799727,906.6886437741481,0.04166259062670741,100.0,1.0,7.4479285933093475
297,2031,2,16,6.522181452910449E18,48.907295774235756,6.249824780038298E-4,0.0,45.01361308648025,0.0,310.2999999999961,255.74866310160428,747.324980265267,0.0,0.0,5.649732620320855,0.0,0.0,132.0,697.5177497313589,912.0882704940365,0.04148429356532533,100.0,1.0,7.479939353706642
295,2031,2,16,8.305991534382669E18,48.44051137975303,7.696643144082784E-4,0.0,46.79730990961545,0.0,310.2999999999961,258.6631016042781,808.4013403468028,0.0,0.0,6.232620320855615,0.0,0.0,132.0,658.601416869318,918.1830201498882,0.04188404617529718,100.0,1.0,7.408548799256366
294,2031,2,16,8.619173836053503E18,48.65276591039536,7.696643144082784E-4,1.0,46.2967276410177,1.0,310.2999999999961,259.53877005347596,795.7975204939396,0.0,0.0,6.407754010695188,0.0,0.0,132.0,670.8117546911233,922.442609144993,0.04170132113601143,100.0,1.0,7.441011256884009
293,2031,2,17,7.421366990471719E18,49.75373483010496,7.696643144082784E-4,0.0,48.30099680571295,0.0,313.20000000000397,258.3516042780749,872.3666050147685,0.0,0.0,5.870320855614973,0.0,0.0,132.0,659.7642487286358,933.0583849532851,0.041159646825288616,100.0,1.0,7.60939473872193
291,2031,2,17,4.2848121755587553E18,49.08688012671373,7.696643144082784E-4,0.0,49.853624072860015,0.0,313.20000000000397,263.0975935828877,896.9741142270125,0.0,0.0,6.81951871657754,0.0,0.0,132.0,648.8908504422881,901.6753808960983,0.041718808540282856,100.0,1.0,7.507405195850313
290,2031,2,17,2.2009420763865405E18,48.72417029949369,5.497602245773417E-4,0.0,41.934521867562246,0.0,313.20000000000397,263.4251336898396,653.6252901733478,0.0,0.0,6.885026737967914,0.0,0.0,132.0,597.5629001727752,904.2848157953948,0.04202936943325344,100.0,1.0,7.451931928157876
289,2031,2,17,7.388801749022034E17,49.57923063443528,7.696643144082784E-4,0.0,50.605859074651804,0.0,313.20000000000397,258.3516042780749,947.7376903389446,0.0,0.0,5.870320855614973,0.0,0.0,132.0,678.9618078878118,924.4781886826682,0.041304516581664084,100.0,1.0,7.5827058617371605
288,2031,2,17,6.65317065901527E17,48.45506654666719,7.696643144082784E-4,1.0,44.732634987220194,1.0,313.20000000000397,263.53208556149735,742.239330818074,0.0,0.0,6.906417112299465,0.0,0.0,132.0,630.5004714091644,916.2275025542157,0.042262786944558095,100.0,1.0,7.410774883607924
283,2031,2,17,1.858714168763392E18,48.735304985624545,7.696643144082784E-4,0.0,40.84687071517187,0.0,313.20000000000397,263.1644385026738,646.7217352755889,0.0,0.0,6.8328877005347595,0.0,0.0,132.0,616.3815051605382,935.631735330704,0.04201976687024393,100.0,1.0,7.4536348801543415
281,2031,2,17,6.977615103056312E17,48.52180875179226,6.300348595925551E-4,0.0,38.75441485576239,0.0,313.20000000000397,258.67245989304814,598.1114982250083,0.0,0.0,5.934491978609626,0.0,0.0,132.0,685.1114378435877,944.3147920270922,0.0422046540829032,100.0,1.0,7.420982514980001
299,2031,2,17,9.054830946953192E18,49.00265025926683,7.696643144082784E-4,0.0,53.14604190123078,0.0,313.20000000000397,259.7486631016043,1032.3272483966982,0.0,0.0,6.149732620320855,0.0,0.0,132.0,651.5895868156192,909.4600634120491,0.04179051832934104,100.0,1.0,7.494522980829048
296,2031,2,17,4.2692437014197545E18,48.92063645929968,3.5057717495343057E-4,0.0,42.903013066573706,0.0,313.20000000000397,262.36229946524065,715.5977227454958,0.0,0.0,6.672459893048129,0.0,0.0,132.0,699.8171506769723,951.4200893559897,0.041860578726319785,100.0,1.0,7.481979693775229
292,2031,2,18,6.261277189363532E18,50.53318891601101,5.441443725841958E-4,0.0,52.29091372362461,0.0,316.1000000000039,261.1483957219251,967.4119006111682,0.0,0.0,6.129679144385027,0.0,0.0,132.0,504.71309320481606,881.9633300024657,0.04090000525679997,100.0,1.0,7.728605363625219
287,2031,2,18,2.7812977706100634E18,50.77022562748939,7.696643144082784E-4,0.0,44.87888185987657,0.0,316.1000000000039,259.49732620320856,763.1056797292202,0.0,0.0,5.7994652406417115,0.0,0.0,132.0,709.3254238570348,936.6459688480223,0.040709050762789106,100.0,1.0,7.764858037145421
284,2031,2,18,2.3275888066568E18,50.45909542693081,7.696643144082784E-4,0.0,50.61325336230569,0.0,316.1000000000039,259.60427807486633,924.245731440658,0.0,0.0,5.820855614973262,0.0,0.0,132.0,600.7633430034082,901.2660547368165,0.04096006230037628,100.0,1.0,7.717273418236478
293,2031,8,2,7.421366990471719E18,39.99332722721956,7.239143879744892E-5,1.0,46.15809295802574,1.0,284.2000000000032,239.46657754010695,668.5985508587597,0.0,0.0,5.99331550802139,0.0,0.0,100.09999999999982,375.78712015581533,778.9831331498737,0.046581163261350464,100.0,1.0,6.101178676141197
283,2031,8,2,1.858714168763392E18,39.693860636383384,7.968266284899053E-5,0.0,41.52871318066409,0.0,284.2000000000032,240.2620320855615,534.3539568765395,0.0,0.0,6.152406417112299,0.0,0.0,100.09999999999982,287.1539958899974,751.1840966419351,0.046932590457783724,100.0,1.0,6.055493575528152
282,2031,8,2,4.90388125562359E18,39.581336776182646,7.345450587595243E-5,1.0,42.010126007122125,1.0,284.2000000000032,239.46657754010695,538.5287368195794,0.0,0.0,5.99331550802139,0.0,0.0,100.09999999999982,358.939282078323,742.3009833689387,0.04706601284008975,100.0,1.0,6.038327507486
298,2031,8,2,2.857941005564493E18,40.57205768639466,9.279620700427018E-5,0.0,46.04847614651007,0.0,284.2000000000032,239.46657754010695,634.2185196189438,0.0,0.0,5.99331550802139,0.0,0.0,100.09999999999982,312.0098179999976,742.2439869013353,0.04591671734609691,100.0,1.0,6.189466852733566
295,2031,8,2,8.305991534382669E18,39.50817004546741,6.116862402530002E-5,1.0,46.87233665115467,2.0,284.2000000000032,239.47994652406416,658.9072918989975,0.0,0.0,5.995989304812834,0.0,0.0,100.09999999999982,318.04507299553575,745.7415916031408,0.04715317623650488,100.0,1.0,6.027165563026956
292,2031,8,3,6.261277189363532E18,40.29569845467931,9.966734921206811E-6,0.0,46.3186931494765,0.0,287.1000000000037,246.9933155080214,681.8366725444871,0.0,0.0,5.998663101604278,0.0,0.0,110.0,363.26679788623676,789.1502091314136,0.04670337840307957,100.0,1.0,6.147306893350409
288,2031,8,3,6.65317065901527E17,40.080367221883165,6.155715041847383E-5,1.0,44.07585316069527,1.0,287.1000000000037,241.17379679144386,597.5526131839549,0.0,0.0,6.03475935828877,0.0,0.0,100.09999999999982,311.6931400738244,757.1259657134391,0.046954291674198165,100.0,1.0,6.1144570552166995
287,2031,8,3,2.7812977706100634E18,40.59854223558875,5.9093926030539466E-5,1.0,43.26964466802634,1.0,287.1000000000037,240.91310160427807,587.0429644819409,0.0,0.0,5.982620320855615,0.0,0.0,100.09999999999982,379.55815410212546,768.7350838562551,0.046354995753900806,100.0,1.0,6.193507200911437
286,2031,8,3,3.967985631945377E18,39.65734086189612,8.436477796742957E-5,1.0,44.32911500320056,1.0,287.1000000000037,240.89304812834226,603.5969319564402,0.0,0.0,5.978609625668449,0.0,0.0,100.09999999999982,334.00197516102355,757.0236986881464,0.047455154885422596,100.0,1.0,6.049922304398502
284,2031,8,3,2.3275888066568E18,39.90758362665556,4.848732392249391E-5,1.0,47.860612655792266,1.0,287.1000000000037,240.97326203208556,689.6585842645003,0.0,0.0,5.994652406417113,0.0,0.0,100.09999999999982,319.530168779841,750.4737237252839,0.04715758464735161,100.0,1.0,6.08809806835871
281,2031,8,3,6.977615103056312E17,40.27000496973687,4.296549235359811E-5,1.0,39.900515468934195,1.0,287.1000000000037,240.95320855614975,509.89251864864383,0.0,0.0,5.990641711229946,0.0,0.0,100.09999999999982,341.41978439458904,766.9898819390881,0.04673317657545785,100.0,1.0,6.143387225912986
280,2031,8,3,8.709926167270339E18,40.342512023149716,5.3506715632897016E-5,0.0,45.437431986639446,0.0,287.1000000000037,246.9264705882353,649.0755691313001,0.0,0.0,5.985294117647059,0.0,0.0,110.0,389.4831545273187,778.5158920713583,0.0466491836667325,100.0,1.0,6.154448533356582
299,2031,8,3,9.054830946953192E18,39.68099889908236,3.1012492380827115E-4,1.0,52.51761717304373,1.0,287.1000000000037,240.9866310160428,824.1693668051662,0.0,0.0,5.997326203208556,0.0,0.0,100.09999999999982,321.53413218210284,744.2654221218578,0.04742686185223015,100.0,1.0,6.053531454274439
297,2031,8,3,6.522181452910449E18,40.80022106896376,5.064090852519124E-5,0.0,45.804406670492604,0.0,287.1000000000037,240.9398395721925,632.8478428784798,0.0,0.0,5.987967914438503,0.0,0.0,100.09999999999982,336.945246690004,747.9980114404099,0.04612585921444566,100.0,1.0,6.224274298398109
291,2031,8,4,4.2848121755587553E18,41.009917080037404,4.8366332471658E-5,0.0,47.315167313653426,0.0,290.00000000000006,248.4933155080214,702.5525333298964,0.0,0.0,5.998663101604278,0.0,0.0,110.0,369.06037902346316,781.3554675079416,0.04635353924868436,100.0,1.0,6.256264455755254
290,2031,8,4,2.2009420763865405E18,41.52138380705763,9.335488374722187E-5,0.0,42.97417065891661,0.0,290.00000000000006,248.6403743315508,569.4929899825693,0.0,0.0,6.028074866310161,0.0,0.0,110.0,290.32931000000093,754.7617670245096,0.0457825492952787,100.0,1.0,6.334291219338153
289,2031,8,4,7.388801749022034E17,40.752483167315475,6.721389766109039E-5,0.0,49.499357633839985,0.0,290.00000000000006,248.82085561497325,760.2702493021455,0.0,0.0,6.064171122994653,0.0,0.0,110.0,316.00436604334396,774.7425407439736,0.04664635509817021,100.0,1.0,6.216991646821636
285,2031,8,4,4.86643095885923E18,40.81027734079733,5.95477964301596E-5,0.0,34.65854657685065,0.0,290.00000000000006,248.62032085561498,408.6916752799144,0.0,0.0,6.024064171122995,0.0,0.0,110.0,336.2174021205265,769.211954239172,0.0465802960631795,100.0,1.0,6.225808432103063
296,2031,8,4,4.2692437014197545E18,41.14200807506132,3.1012492380827115E-4,0.0,43.53294205245802,0.0,290.00000000000006,249.32219251336898,609.2756685113035,0.0,0.0,6.1644385026737964,0.0,0.0,110.0,339.2861755103151,789.1371856957811,0.04620471605291154,100.0,1.0,6.27641558640692
294,2031,8,4,8.619173836053503E18,41.64433609970955,5.807582842851522E-5,1.0,45.96635277328156,1.0,290.00000000000006,248.62032085561498,674.7559227083244,0.0,0.0,6.024064171122995,0.0,0.0,110.0,393.26111251261483,792.2573607116962,0.04564737918749197,100.0,1.0,6.353048196017005
290,2032,2,15,2.2009420763865405E18,47.94994683674804,7.696643144082784E-4,0.0,39.1829177582736,0.0,307.3999999999961,259.4692513368984,600.0955458593197,0.0,0.0,6.69385026737968,0.0,0.0,132.0,686.2489840028434,930.5930030269459,0.041917107515595464,100.0,1.0,7.333521280914398
283,2032,2,15,1.858714168763392E18,46.1608009629893,6.654015307136421E-4,1.0,37.91187262068417,1.0,307.3999999999961,260.7192513368984,580.3449570650517,0.0,0.0,6.94385026737968,0.0,0.0,132.0,665.406827355025,949.5649387759283,0.04354177213117602,100.0,1.0,7.05988720610425
282,2032,2,15,4.90388125562359E18,48.385101131736675,7.696643144082784E-4,0.0,40.61298836139539,0.0,307.3999999999961,257.00267379679144,620.4490713309962,0.0,0.0,6.2005347593582885,0.0,0.0,132.0,675.7707438861843,906.3925990058864,0.04154012350724853,100.0,1.0,7.400074290736194
295,2032,2,15,8.305991534382669E18,47.702100838004014,7.696643144082784E-4,0.0,46.33443142768367,0.0,307.3999999999961,258.4866310160428,807.2009376296817,0.0,0.0,6.497326203208556,0.0,0.0,132.0,689.2082843641974,934.1901859241399,0.04213489640107754,100.0,1.0,7.295615422282962
291,2032,2,16,4.2848121755587553E18,47.49904069640168,3.8676598713983836E-4,1.0,48.80530286429159,1.0,310.2999999999961,261.71791443850265,902.6454122299327,0.0,0.0,6.843582887700535,0.0,0.0,132.0,731.6874813901541,946.1002044368053,0.04271422297457655,100.0,1.0,7.264559165332032
288,2032,2,16,6.65317065901527E17,47.470317287613454,3.278069168242831E-4,1.0,40.13006975547499,1.0,310.2999999999961,261.4572192513369,622.581587764582,0.0,0.0,6.791443850267379,0.0,0.0,132.0,591.3563899305472,928.0798767177272,0.04274006855888428,100.0,1.0,7.26016617339971
287,2032,2,16,2.7812977706100634E18,47.341118646295854,4.8589918838906474E-4,0.0,43.867588525228676,0.0,310.2999999999961,261.831550802139,713.9108995432413,0.0,0.0,6.866310160427807,0.0,0.0,132.0,559.9607300732611,912.6842836998813,0.04285671047495065,100.0,1.0,7.240406381198193
286,2032,2,16,3.967985631945377E18,48.7918331761458,7.696643144082784E-4,0.0,45.41817502849225,0.0,310.2999999999961,260.72192513368987,774.0508516799226,0.0,0.0,6.644385026737968,0.0,0.0,132.0,633.1357530760577,929.5149664770769,0.041582463361440246,100.0,1.0,7.462280368116425
285,2032,2,16,4.86643095885923E18,47.766150472838035,7.696643144082784E-4,0.0,30.97080782989455,0.0,310.2999999999961,261.403743315508,412.51582875161205,0.0,0.0,6.780748663101604,0.0,0.0,132.0,653.2759986276633,918.3827832990896,0.04247536373144202,100.0,1.0,7.3054112487870055
281,2032,2,16,6.977615103056312E17,48.32724218146259,7.696643144082784E-4,1.0,38.664793215858644,1.0,310.2999999999961,258.322192513369,590.3305344096395,0.0,0.0,6.1644385026737964,0.0,0.0,132.0,649.3260381731798,935.5746762225526,0.04198221383637807,100.0,1.0,7.391225274811916
280,2032,2,16,8.709926167270339E18,48.15693541183701,7.696643144082784E-4,0.0,48.19774461545927,0.0,310.2999999999961,260.5548128342246,830.3161762507633,0.0,0.0,6.61096256684492,0.0,0.0,132.0,592.8199440546588,891.7269091475764,0.04213068373295799,100.0,1.0,7.365178357104483
297,2032,2,16,6.522181452910449E18,48.46464389532243,7.696643144082784E-4,0.0,40.76141124187713,0.0,310.2999999999961,261.2633689839572,642.3677775304093,0.0,0.0,6.752673796791444,0.0,0.0,132.0,683.8104324110778,932.7445836570629,0.041863190406737076,100.0,1.0,7.4122396545787215
293,2032,2,17,7.421366990471719E18,49.23686128917947,7.696643144082784E-4,1.0,46.472425862623275,1.0,313.20000000000397,259.94919786096256,820.6702399325218,0.0,0.0,6.189839572192513,0.0,0.0,132.0,666.1023414011112,944.6985191815326,0.04159172823423293,100.0,1.0,7.530343491286285
292,2032,2,17,6.261277189363532E18,49.254817392670894,7.696643144082784E-4,0.0,49.71620890946544,0.0,313.20000000000397,260.1898395721925,918.6124186504807,0.0,0.0,6.237967914438503,0.0,0.0,132.0,665.4040883795855,928.4576681416615,0.04157656575031576,100.0,1.0,7.533089718879086
289,2032,2,17,7.388801749022034E17,48.25885211276098,7.696643144082784E-4,1.0,48.74526192997013,1.0,313.20000000000397,261.31951871657753,870.9003903661161,0.0,0.0,6.463903743315508,0.0,0.0,132.0,622.4814960029897,915.0504080641027,0.0424346221302821,100.0,1.0,7.380765617245802
284,2032,2,17,2.3275888066568E18,48.861699398019695,5.643538989390996E-4,0.0,47.362243475560106,0.0,313.20000000000397,260.4572192513369,818.2699019478927,0.0,0.0,6.291443850267379,0.0,0.0,132.0,611.8152259972576,908.6535290003403,0.041911071024459186,100.0,1.0,7.472965790285371
299,2032,2,17,9.054830946953192E18,49.30160266892655,3.36097953890078E-4,0.0,52.7850058978015,0.0,313.20000000000397,261.3061497326203,1016.8712040205363,0.0,0.0,6.461229946524064,0.0,0.0,132.0,617.0928052061781,908.952980924302,0.041537111229385665,100.0,1.0,7.540245114071122
298,2032,2,17,2.857941005564493E18,48.18686423127455,7.696643144082784E-4,0.0,41.571294087656675,0.0,313.20000000000397,262.870320855615,668.7851482162631,0.0,0.0,6.774064171122995,0.0,0.0,132.0,628.0344077785857,939.2667206492868,0.04249801655524769,100.0,1.0,7.3697557059596415
296,2032,2,17,4.2692437014197545E18,49.341766717689026,7.696643144082784E-4,0.0,42.07819484178131,0.0,313.20000000000397,260.55080213903744,680.5724424635712,0.0,0.0,6.310160427807487,0.0,0.0,132.0,681.1447491502155,936.1698688389637,0.041503300146567876,100.0,1.0,7.546387850940671
294,2032,2,17,8.619173836053503E18,48.39377619359172,3.7839936794900625E-4,1.0,46.80984470424343,2.0,313.20000000000397,262.870320855615,817.4229719756346,0.0,0.0,6.774064171122995,0.0,0.0,132.0,642.625392936406,928.2219681047384,0.042316312445924716,100.0,1.0,7.4014010649022595
290,2032,7,31,2.2009420763865405E18,39.12201761023175,9.235405711979486E-5,1.0,39.87676608971005,1.0,281.2999999999969,237.89304812834226,497.1817386377011,0.0,0.0,5.978609625668449,0.0,0.0,100.09999999999982,344.14180000000516,748.5419642780747,0.047132695846542644,100.0,1.0,5.968256110702211
298,2032,7,31,2.857941005564493E18,38.7330111031142,9.583588498401453E-5,1.0,39.697283102395104,3.0,281.2999999999969,237.3850267379679,512.1836356932333,0.0,0.0,5.877005347593583,0.0,0.0,100.09999999999982,398.7772419535649,777.1176880908253,0.04760606274625218,100.0,1.0,5.9089112556812395
292,2032,8,1,6.261277189363532E18,38.85841688781236,1.5822700194299553E-4,1.0,48.42946368194883,3.0,284.2000000000032,239.4866310160428,704.4356699529866,0.0,0.0,5.997326203208556,0.0,0.0,100.09999999999982,318.88117157640886,749.0861158078399,0.047941626400122825,100.0,1.0,5.928042524633146
289,2032,8,1,7.388801749022034E17,39.458366716103036,7.706881804380492E-5,1.0,48.768076560316935,1.0,284.2000000000032,239.33288770053477,710.792051198179,0.0,0.0,5.966577540106952,0.0,0.0,100.09999999999982,327.9679165899947,745.7847475214036,0.04721269175531939,100.0,1.0,6.019567820298719
287,2032,8,1,2.7812977706100634E18,39.97887038957093,4.269340911457477E-5,0.0,45.19227075043233,0.0,284.2000000000032,239.68048128342247,619.6596806054384,0.0,0.0,6.036096256684492,0.0,0.0,100.09999999999982,310.3720456963367,750.5065685123494,0.046598007567059736,100.0,1.0,6.0989732144879305
285,2032,8,1,4.86643095885923E18,38.70979563113509,8.10572200230714E-5,2.0,30.39494946867526,3.0,284.2000000000032,239.47326203208556,327.49611757748465,0.0,0.0,5.994652406417113,0.0,0.0,100.09999999999982,358.98310382870636,748.3431425249415,0.048125692077726406,100.0,1.0,5.905369621303316
284,2032,8,1,2.3275888066568E18,39.43911414453255,5.258137060160581E-5,1.0,46.21930189078982,1.0,284.2000000000032,239.4933155080214,643.1145769153957,0.0,0.0,5.998663101604278,0.0,0.0,100.09999999999982,324.6319709999968,747.2652136485904,0.047235739071334715,100.0,1.0,6.0166307458597945
283,2032,8,1,1.858714168763392E18,38.62824183090964,2.029613375708581E-4,1.0,39.84103810954548,2.0,284.2000000000032,239.74732620320856,509.2170228806783,0.0,0.0,6.0494652406417115,0.0,0.0,100.09999999999982,339.4970346907723,767.8075084390684,0.04822729735126172,100.0,1.0,5.892928188159562
282,2032,8,1,4.90388125562359E18,39.89883517660755,6.342022981764233E-5,0.0,40.81725449696471,0.0,284.2000000000032,239.47326203208556,513.0797258793356,0.0,0.0,5.994652406417113,0.0,0.0,100.09999999999982,348.1183600701683,742.7892974226704,0.0466914810091487,100.0,1.0,6.086763449296397
281,2032,8,1,6.977615103056312E17,39.85604930735129,6.815932391390572E-5,1.0,40.187619464984344,1.0,284.2000000000032,239.7941176470588,504.89076657391035,0.0,0.0,6.0588235294117645,0.0,0.0,100.09999999999982,296.561053000004,750.3631105328693,0.04674160478299373,100.0,1.0,6.080236254605562
280,2032,8,1,8.709926167270339E18,39.85294106135854,6.232414063671043E-5,0.0,48.347686042812555,0.0,284.2000000000032,239.7941176470588,687.7295034912814,0.0,0.0,6.0588235294117645,0.0,0.0,100.09999999999982,314.7651807281962,733.7720185229496,0.04674525029576877,100.0,1.0,6.079762076399194
299,2032,8,1,9.054830946953192E18,39.443493692659345,3.1012492380827115E-4,1.0,51.39173447088868,2.0,284.2000000000032,239.47326203208556,790.2677594908494,0.0,0.0,5.994652406417113,0.0,0.0,100.09999999999982,332.9619613482792,746.5867474486527,0.047230494323134246,100.0,1.0,6.017298867456433
297,2032,8,1,6.522181452910449E18,40.06743883136171,6.528945764384657E-5,0.0,42.358564657433256,0.0,284.2000000000032,239.45989304812835,550.6987289915278,0.0,0.0,5.991978609625669,0.0,0.0,100.09999999999982,341.45743777292245,748.2137132223023,0.046495003406046675,100.0,1.0,6.112484765686521
293,2032,8,2,7.421366990471719E18,39.6375282962261,1.364986460423729E-4,1.0,44.89126146243217,1.0,287.1000000000037,241.26069518716577,636.8882559451944,0.0,0.0,6.052139037433155,0.0,0.0,100.09999999999982,360.8189835938957,780.7108228955101,0.0474788750418743,100.0,1.0,6.046899800106764
291,2032,8,2,4.2848121755587553E18,40.86313680187061,5.4028732370778936E-5,0.0,50.940858896221435,0.0,287.1000000000037,247.24064171122996,808.5630923684929,0.0,0.0,6.048128342245989,0.0,0.0,110.0,361.52352572061005,777.8847590631606,0.046054840627387246,100.0,1.0,6.233872402747501
288,2032,8,2,6.65317065901527E17,39.46610995922136,4.760898431198513E-5,1.0,39.094504559788724,1.0,287.1000000000037,246.9866310160428,503.16525339187905,0.0,0.0,5.997326203208556,0.0,0.0,110.0,315.66105399293076,782.7755058630572,0.047685096273481525,100.0,1.0,6.020749090102285
286,2032,8,2,3.967985631945377E18,39.79271556404856,6.528945764384657E-5,2.0,44.020366386621475,2.0,287.1000000000037,247.6951871657754,610.5258373811006,0.0,0.0,6.13903743315508,0.0,0.0,110.0,313.5657500000026,775.3270790748754,0.04729371258707346,100.0,1.0,6.070574380715359
296,2032,8,2,4.2692437014197545E18,40.5859930225377,4.146055131126619E-5,0.0,41.420692052697476,0.0,287.1000000000037,240.9264705882353,549.8448100681878,0.0,0.0,5.985294117647059,0.0,0.0,100.09999999999982,393.2822482640881,776.6454501659216,0.04636932874600894,100.0,1.0,6.1915927567684435
295,2032,8,2,8.305991534382669E18,39.815924216804035,3.449665448367865E-5,1.0,46.220746754335444,1.0,287.1000000000037,247.18048128342247,670.6611253867636,0.0,0.0,6.036096256684492,0.0,0.0,110.0,332.8105586039015,779.1699427686551,0.047266145140767914,100.0,1.0,6.074114974787203
294,2032,8,2,8.619173836053503E18,39.927406966500165,6.262619624561212E-5,1.0,46.38426508338998,1.0,287.1000000000037,246.96657754010695,666.8410646555219,0.0,0.0,5.99331550802139,0.0,0.0,110.0,327.7516335487617,769.7702719093337,0.047134171636146145,100.0,1.0,6.091122216303747
288,2033,2,13,6.65317065901527E17,46.03619447288883,5.331209945724278E-4,0.0,36.33086763059003,0.0,304.49999999999994,259.379679144385,548.8213618723519,0.0,0.0,6.975935828877005,0.0,0.0,132.0,693.1331446053229,960.8123974345167,0.04324774367772817,100.0,1.0,7.040829742912395
286,2033,2,13,3.967985631945377E18,47.078395199196606,7.696643144082784E-4,0.0,41.86554819172651,0.0,304.49999999999994,258.41711229946526,690.1325275053151,0.0,0.0,6.783422459893048,0.0,0.0,132.0,719.3875052189679,957.6446406190976,0.042290344223447865,100.0,1.0,7.200225148112415
284,2033,2,13,2.3275888066568E18,45.60516021600976,7.696643144082784E-4,0.0,43.29290853672562,0.0,304.49999999999994,259.39973262032083,690.2995144997391,0.0,0.0,6.979946524064171,0.0,0.0,132.0,580.1181829317345,903.4192062622777,0.04365649696287228,100.0,1.0,6.974906856566214
291,2033,2,14,4.2848121755587553E18,48.1080669903293,7.696643144082784E-4,0.0,55.70358150287754,0.0,307.3999999999961,259.8034759358289,1152.3851307099799,0.0,0.0,6.760695187165775,0.0,0.0,132.0,630.3500989177426,915.8111731002167,0.04177933562217513,100.0,1.0,7.357704363226832
290,2033,2,14,2.2009420763865405E18,47.57184121817631,7.696643144082784E-4,0.0,36.70860854161134,0.0,307.3999999999961,257.63101604278074,522.8944934450221,0.0,0.0,6.32620320855615,0.0,0.0,132.0,595.5924094021491,900.7499602672815,0.042250268760989126,100.0,1.0,7.275693362779915
289,2033,2,14,7.388801749022034E17,47.24375818108782,7.696643144082784E-4,0.0,47.5217486772521,0.0,307.3999999999961,259.8903743315508,844.6179385221886,0.0,0.0,6.778074866310161,0.0,0.0,132.0,643.3688131775123,931.9442889003183,0.042543674642032285,100.0,1.0,7.225515957107551
283,2033,2,14,1.858714168763392E18,47.92793806374359,7.696643144082784E-4,0.0,40.317927125965994,0.0,307.3999999999961,260.0307486631016,636.4269774782988,0.0,0.0,6.80614973262032,0.0,0.0,132.0,634.6262325738197,941.3149905758751,0.04193635608212223,100.0,1.0,7.330155233278433
280,2033,2,14,8.709926167270339E18,47.74847835588683,7.696643144082784E-4,0.0,48.17811777469928,0.0,307.3999999999961,259.97727272727275,845.1838983809971,0.0,0.0,6.795454545454546,0.0,0.0,132.0,628.0828796189711,908.5049947606404,0.04209397128726002,100.0,1.0,7.302708454429731
298,2033,2,14,2.857941005564493E18,45.978733539473126,7.696643144082784E-4,1.0,38.37716764783848,2.0,307.3999999999961,259.22192513368987,565.5402118472721,0.0,0.0,6.644385026737968,0.0,0.0,132.0,535.8469191627076,907.1859167071642,0.04371418963068032,100.0,1.0,7.03204160015472
296,2033,2,14,4.2692437014197545E18,47.76385790770844,4.067993205117753E-4,0.0,36.446833831705774,0.0,307.3999999999961,259.7098930481283,551.0819638963803,0.0,0.0,6.741978609625669,0.0,0.0,132.0,729.0903765202229,960.1704044886498,0.04208041739020996,100.0,1.0,7.305060621178937
293,2033,2,15,7.421366990471719E18,48.59485909408472,3.9796500227935803E-4,0.0,47.70189200948676,0.0,310.2999999999961,260.38101604278074,836.8728585158065,0.0,0.0,6.57620320855615,0.0,0.0,132.0,547.3656996240431,916.8221838841936,0.041751013444785504,100.0,1.0,7.4321549202717865
292,2033,2,15,6.261277189363532E18,47.912014075622864,7.696643144082784E-4,0.0,48.86980414947763,0.0,310.2999999999961,262.3663101604278,894.2012722867463,0.0,0.0,6.973262032085562,0.0,0.0,132.0,654.2556724862199,934.9098536720363,0.042346051497277035,100.0,1.0,7.32771979980115
287,2033,2,15,2.7812977706100634E18,47.8397794717277,5.767551992023387E-4,1.0,42.19676206990024,2.0,310.2999999999961,260.6617647058824,675.8012068389211,0.0,0.0,6.632352941176471,0.0,0.0,132.0,609.6506465570546,925.152085056452,0.042409990969620094,100.0,1.0,7.3166721544995355
285,2033,2,15,4.86643095885923E18,49.18568510937477,7.696643144082784E-4,0.0,33.072752471139694,0.0,310.2999999999961,260.6550802139037,447.10436422605704,0.0,0.0,6.6310160427807485,0.0,0.0,132.0,594.6343447640547,903.7989121547068,0.04124949384913384,100.0,1.0,7.522516546139676
282,2033,2,15,4.90388125562359E18,48.019471722214426,7.696643144082784E-4,0.0,42.451747903381154,0.0,310.2999999999961,261.1631016042781,647.7656509003665,0.0,0.0,6.732620320855615,0.0,0.0,132.0,552.3192509207477,877.2713763118802,0.042251289791803336,100.0,1.0,7.344154498691626
281,2033,2,15,6.977615103056312E17,48.466109906380595,7.696643144082784E-4,0.0,42.46501597979168,0.0,310.2999999999961,261.2901069518717,689.2499520314905,0.0,0.0,6.758021390374331,0.0,0.0,132.0,590.5610189445573,933.0079170442748,0.04186192412190044,100.0,1.0,7.412463868034672
299,2033,2,15,9.054830946953192E18,47.591499228140655,7.696643144082784E-4,0.0,53.12493902196005,0.0,310.2999999999961,259.9933155080214,1040.8904777988644,0.0,0.0,6.498663101604278,0.0,0.0,132.0,634.8517559396728,917.8601040015288,0.0426312397863045,100.0,1.0,7.278699881950924
297,2033,2,15,6.522181452910449E18,47.85701584448726,2.927460169807135E-4,1.0,40.91847776453952,1.0,310.2999999999961,262.0187165775401,649.5333401410869,0.0,0.0,6.903743315508021,0.0,0.0,132.0,686.7240598285719,936.9938637474886,0.042394716418957416,100.0,1.0,7.319308305627466
295,2033,2,15,8.305991534382669E18,47.85777832404591,5.689469731106727E-4,1.0,48.8753640157959,1.0,310.2999999999961,261.6844919786096,899.5078355436947,0.0,0.0,6.836898395721925,0.0,0.0,132.0,666.0393269525223,940.2231981825286,0.042394040977977984,100.0,1.0,7.319424920148201
294,2033,2,15,8.619173836053503E18,48.45273387561731,7.696643144082784E-4,0.0,47.03666896017679,0.0,310.2999999999961,260.88903743315507,830.5177287034345,0.0,0.0,6.677807486631016,0.0,0.0,132.0,667.9542457779761,934.4482598936781,0.041873480670728,100.0,1.0,7.4104181221532395
293,2033,8,1,7.421366990471719E18,39.084408650987875,1.0701343126579403E-4,1.0,45.31325631128038,1.0,281.2999999999969,237.89304812834226,637.9528155769553,0.0,0.0,5.978609625668449,0.0,0.0,100.09999999999982,340.0355290198949,768.9661143831034,0.04717804926746738,100.0,1.0,5.96251867908352
286,2033,8,1,3.967985631945377E18,38.95634254131577,5.8624749302130664E-5,1.0,45.26009390746679,4.0,281.2999999999969,237.6590909090909,615.9332649466077,0.0,0.0,5.931818181818182,0.0,0.0,100.09999999999982,312.5546284737958,744.1227237330476,0.047333143633043306,100.0,1.0,5.942981564478661
285,2033,8,1,4.86643095885923E18,38.745415258962524,1.572641601461821E-4,1.0,29.54035931642613,3.0,281.2999999999969,237.86631016042782,313.93546289303526,0.0,0.0,5.973262032085562,0.0,0.0,100.09999999999982,350.82655670315745,747.5343073145638,0.04759082189729804,100.0,1.0,5.910803570634859
283,2033,8,1,1.858714168763392E18,38.71632502751339,5.467646752614091E-5,1.0,40.069559951852646,1.0,281.2999999999969,237.97994652406416,509.8390611567508,0.0,0.0,5.995989304812834,0.0,0.0,100.09999999999982,322.98181112419854,761.4465756719179,0.04762658014715421,100.0,1.0,5.906365712819403
282,2033,8,1,4.90388125562359E18,38.99935801910542,4.315682212750781E-5,1.0,41.07981131826815,2.0,281.2999999999969,237.86631016042782,507.92753470846867,0.0,0.0,5.973262032085562,0.0,0.0,100.09999999999982,327.94700370670574,727.5141450565828,0.04728093616368803,100.0,1.0,5.949543787080014
281,2033,8,1,6.977615103056312E17,39.02469826881885,4.993960125737054E-5,1.0,41.659184732577636,1.0,281.2999999999969,237.95320855614975,543.2407057195932,0.0,0.0,5.990641711229946,0.0,0.0,100.09999999999982,329.7307065343562,759.6952261686547,0.0472502348185855,100.0,1.0,5.953409566746741
299,2033,8,1,9.054830946953192E18,39.21708242389515,1.0337497460275704E-4,1.0,53.06024278898625,2.0,281.2999999999969,237.9331550802139,854.6885796609095,0.0,0.0,5.9866310160427805,0.0,0.0,100.09999999999982,358.14253453930485,755.3148968602286,0.04701844305997182,100.0,1.0,5.982758715366223
297,2033,8,1,6.522181452910449E18,37.63447868177355,3.7400497323718165E-5,1.0,40.22657736572063,4.0,281.2999999999969,237.9398395721925,501.04665699542676,0.0,0.0,5.987967914438503,0.0,0.0,100.09999999999982,335.07348264459876,743.4381354396924,0.048995660934162175,100.0,1.0,5.741324734408485
294,2033,8,1,8.619173836053503E18,38.704514060655555,5.855833153479438E-5,1.0,47.39421734893599,1.0,281.2999999999969,237.9933155080214,667.0269717342615,0.0,0.0,5.998663101604278,0.0,0.0,100.09999999999982,303.76578899999777,739.2842882613016,0.04764111374803561,100.0,1.0,5.904563891762412
291,2033,8,2,4.2848121755587553E18,39.48399663630684,3.1012492380827115E-4,0.0,56.24661397049981,0.0,284.2000000000032,239.5,952.8147800884466,0.0,0.0,6.0,0.0,0.0,100.09999999999982,309.6328759999965,740.3402975892474,0.04718204497116929,100.0,1.0,6.023477790622775
290,2033,8,2,2.2009420763865405E18,39.58590160895036,4.5300164155458815E-5,1.0,36.49812012647162,1.0,284.2000000000032,239.47994652406416,431.74861153123106,0.0,0.0,5.995989304812834,0.0,0.0,100.09999999999982,321.86427699999393,749.9151070320264,0.04706058544121974,100.0,1.0,6.039023895165489
289,2033,8,2,7.388801749022034E17,38.77434895501978,1.236542758406185E-4,1.0,47.83668718056293,3.0,284.2000000000032,239.47994652406416,696.1642308710414,0.0,0.0,5.995989304812834,0.0,0.0,100.09999999999982,342.8092795897978,758.2304622572414,0.0480455702066545,100.0,1.0,5.915217548206773
288,2033,8,2,6.65317065901527E17,39.600740729681995,3.052410667404243E-4,0.0,41.746086127319074,0.0,284.2000000000032,239.4866310160428,541.2674945777671,0.0,0.0,5.997326203208556,0.0,0.0,100.09999999999982,296.24140500000146,754.0531080157223,0.04704295098044462,100.0,1.0,6.041287675982377
287,2033,8,2,2.7812977706100634E18,38.47292535465923,3.073586955483361E-5,1.0,41.40585401989596,2.0,284.2000000000032,240.31550802139037,532.2884349569142,0.0,0.0,6.163101604278075,0.0,0.0,100.09999999999982,300.0896960000032,751.9524232588028,0.0484219925509282,100.0,1.0,5.869233896170086
284,2033,8,2,2.3275888066568E18,40.03482888930956,3.955675048574887E-5,1.0,46.8918956374732,1.0,284.2000000000032,239.40641711229947,654.7534902342101,0.0,0.0,5.981283422459893,0.0,0.0,100.09999999999982,308.9778746427326,740.7709459498124,0.04653287541421671,100.0,1.0,6.10750995871565
280,2033,8,2,8.709926167270339E18,39.79943653148232,7.064349061691825E-5,0.0,48.7692274417644,0.0,284.2000000000032,239.4933155080214,711.5682434245637,0.0,0.0,5.998663101604278,0.0,0.0,100.09999999999982,348.1909462022085,746.4794137244076,0.04680809245784426,100.0,1.0,6.07159969733772
298,2033,8,2,2.857941005564493E18,39.70224692361094,5.601967554340156E-5,0.0,39.90024350617357,0.0,284.2000000000032,239.74064171122996,506.6143998324597,0.0,0.0,6.048128342245989,0.0,0.0,100.09999999999982,312.95599713698107,761.8604297871531,0.046922676908440646,100.0,1.0,6.056772944871781
296,2033,8,2,4.2692437014197545E18,39.13465428360505,3.1012492380827115E-4,1.0,38.04045926604297,1.0,284.2000000000032,239.45320855614975,470.3424962387242,0.0,0.0,5.990641711229946,0.0,0.0,100.09999999999982,346.662638122596,764.7539694089911,0.04760322376774336,100.0,1.0,5.970183897347331
295,2033,8,2,8.305991534382669E18,38.1120931462848,9.175293603794999E-5,1.0,48.67599518560151,3.0,284.2000000000032,239.47326203208556,711.8438125705981,0.0,0.0,5.994652406417113,0.0,0.0,100.09999999999982,314.25375881808617,749.5470326479173,0.04888043534594798,100.0,1.0,5.814187168927545
292,2033,8,3,6.261277189363532E18,39.76730807593272,1.7442346670881387E-4,1.0,48.75330636224913,1.0,287.1000000000037,241.8422459893048,738.7592494752562,0.0,0.0,6.168449197860962,0.0,0.0,100.09999999999982,392.58400057494845,775.5816015808033,0.04732392872436447,100.0,1.0,6.066698343499783
291,2034,2,13,4.2848121755587553E18,44.811246192340434,7.696643144082784E-4,1.0,52.76142569945931,1.0,301.60000000000383,257.89973262032083,1028.6171590031638,0.0,0.0,6.979946524064171,0.0,0.0,132.0,663.9927539447241,920.1276687744829,0.044006810065842276,100.0,1.0,6.8534847117697195
294,2034,2,13,8.619173836053503E18,47.19758102395086,7.696643144082784E-4,0.0,48.350998271860455,0.0,301.60000000000383,254.73128342245988,843.041919413138,0.0,0.0,6.346256684491979,0.0,0.0,132.0,653.4414716567106,899.962701057636,0.04178180231311674,100.0,1.0,7.218453568368956
292,2034,2,14,6.261277189363532E18,46.73314297700623,3.501657481384341E-4,1.0,51.52136695780121,1.0,304.49999999999994,256.5788770053476,938.223671656511,0.0,0.0,6.415775401069519,0.0,0.0,132.0,529.0699187013673,882.2197579972571,0.04260277421189361,100.0,1.0,7.147421867071541
287,2034,2,14,2.7812977706100634E18,45.48988101958894,7.696643144082784E-4,1.0,43.51668391454371,2.0,304.49999999999994,256.75267379679144,699.1711043133698,0.0,0.0,6.4505347593582885,0.0,0.0,132.0,573.0982284469502,906.8003579375015,0.04376713004820097,100.0,1.0,6.957275920643014
282,2034,2,14,4.90388125562359E18,46.786159341810304,4.247595554129574E-4,0.0,41.52819796468602,0.0,304.49999999999994,258.8382352941176,636.455129355638,0.0,0.0,6.867647058823529,0.0,0.0,132.0,618.216903058987,895.3306702489547,0.04255449830613307,100.0,1.0,7.1555302522768685
280,2034,2,14,8.709926167270339E18,47.28889383721588,7.696643144082784E-4,0.0,50.27273976060506,0.0,304.49999999999994,256.47192513368987,901.3736690745682,0.0,0.0,6.394385026737968,0.0,0.0,132.0,603.5601257135265,890.9708483119065,0.04210209579685015,100.0,1.0,7.232419057456542
293,2034,2,15,7.421366990471719E18,48.65939230858284,5.785924288709668E-4,0.0,49.14516269709122,0.0,307.3999999999961,256.99598930481284,897.9485568134907,0.0,0.0,6.199197860962567,0.0,0.0,132.0,590.010462665178,928.5784927372924,0.041305963382706,100.0,1.0,7.442024706018562
290,2034,2,15,2.2009420763865405E18,47.54949963238468,7.696643144082784E-4,1.0,37.09234272058455,1.0,307.3999999999961,259.7967914438503,538.2386133466532,0.0,0.0,6.759358288770054,0.0,0.0,132.0,573.7154141616817,911.8682355443801,0.04227012045262713,100.0,1.0,7.272276414364722
288,2034,2,15,6.65317065901527E17,47.406575404323505,7.696643144082784E-4,1.0,39.52482757406939,1.0,307.3999999999961,258.94117647058823,609.6704952020432,0.0,0.0,6.588235294117647,0.0,0.0,132.0,619.4029352861104,931.9519351739737,0.042397558983763704,100.0,1.0,7.250417414778903
286,2034,2,15,3.967985631945377E18,48.00220686007819,7.696643144082784E-4,0.0,45.84681676970359,0.0,307.3999999999961,259.1016042780749,789.1410524554489,0.0,0.0,6.620320855614973,0.0,0.0,132.0,633.9517950927217,931.4281827938667,0.04187147234254842,100.0,1.0,7.3415139903648985
284,2034,2,15,2.3275888066568E18,47.27731967916685,7.696643144082784E-4,0.0,45.934755349828905,0.0,307.3999999999961,260.82620320855614,765.8613466920357,0.0,0.0,6.96524064171123,0.0,0.0,132.0,607.7243764720171,900.7879695654215,0.042513473491365146,100.0,1.0,7.230648892107856
283,2034,2,15,1.858714168763392E18,47.53649979978993,6.975530499146309E-4,0.0,39.323950676700996,0.0,307.3999999999961,260.27807486631013,630.5548477617933,0.0,0.0,6.855614973262032,0.0,0.0,132.0,697.5692219077498,971.8703694421637,0.042281680085582043,100.0,1.0,7.270288204673751
299,2034,2,15,9.054830946953192E18,47.05708874108126,3.1856966655971784E-4,0.0,52.2969020402864,0.0,307.3999999999961,260.69251336898395,1000.7113123474212,0.0,0.0,6.938502673796791,0.0,0.0,132.0,588.032026142933,912.1802393441628,0.0427124399467656,100.0,1.0,7.196966513341835
298,2034,2,15,2.857941005564493E18,46.39697278320244,2.640012426000796E-4,1.0,37.116025861733306,1.0,307.3999999999961,260.61229946524065,551.2738921177629,0.0,0.0,6.922459893048129,0.0,0.0,132.0,564.1308398523837,933.0169811424275,0.04332013397328204,100.0,1.0,7.096007602136849
297,2034,2,15,6.522181452910449E18,48.07900859110605,7.696643144082784E-4,0.0,43.25731689668765,0.0,307.3999999999961,257.918449197861,696.7039120762581,0.0,0.0,6.383689839572193,0.0,0.0,132.0,653.1823554079173,913.1666992618092,0.041804586571588746,100.0,1.0,7.353260137463278
296,2034,2,15,4.2692437014197545E18,46.15858910837027,7.696643144082784E-4,1.0,39.153255106371425,2.0,307.3999999999961,260.5922459893048,580.9323543054074,0.0,0.0,6.918449197860962,0.0,0.0,132.0,603.6605978131959,901.98069071009,0.04354385859160888,100.0,1.0,7.059548922456625
295,2034,2,15,8.305991534382669E18,46.067741697232854,7.696643144082784E-4,0.0,47.20856015960517,0.0,307.3999999999961,260.9532085561497,821.0642273852667,0.0,0.0,6.990641711229946,0.0,0.0,132.0,585.2873982721184,917.4662106452366,0.04362972880530375,100.0,1.0,7.045654612517962
289,2034,2,16,7.388801749022034E17,46.972511427671506,6.052322590660753E-4,1.0,47.597356825597586,1.0,310.2999999999961,262.05882352941177,837.6590330181018,0.0,0.0,6.911764705882353,0.0,0.0,132.0,569.1630463904146,921.5306322021081,0.0431930197836808,100.0,1.0,7.184031159526238
285,2034,2,16,4.86643095885923E18,48.724137699515765,4.182958230479775E-4,0.0,32.68193471466167,0.0,310.2999999999961,259.75935828877004,440.7560646451511,0.0,0.0,6.451871657754011,0.0,0.0,132.0,611.9508159839481,906.916150392573,0.041640236465482934,100.0,1.0,7.451926942278889
281,2034,2,16,6.977615103056312E17,48.25093739112037,7.696643144082784E-4,1.0,46.255747154624,1.0,310.2999999999961,259.7994652406417,790.3901086853023,0.0,0.0,6.459893048128342,0.0,0.0,132.0,539.6513871303216,917.6274748418363,0.042048605168818254,100.0,1.0,7.3795551304066445
287,2034,7,30,2.7812977706100634E18,39.215574375045165,5.5838120959357415E-5,0.0,44.07821358635555,0.0,275.50000000000006,234.84625668449198,609.1294234733406,0.0,0.0,5.969251336898396,0.0,0.0,100.09999999999982,397.13860884543607,771.8378404068079,0.046050761456046745,100.0,1.0,5.98252865510056
293,2034,7,31,7.421366990471719E18,38.21730952419256,3.1012492380827115E-4,1.0,47.00654887038061,2.0,278.39999999999634,236.63368983957218,673.1118747189212,0.0,0.0,6.026737967914438,0.0,0.0,100.09999999999982,284.03857290074666,757.8277747854834,0.04775104871684823,100.0,1.0,5.830238444622205
292,2034,7,31,6.261277189363532E18,38.96244722077492,6.148392621099746E-5,0.0,50.98383376528165,0.0,278.39999999999634,236.47994652406416,772.3037198200134,0.0,0.0,5.995989304812834,0.0,0.0,100.09999999999982,311.91929798823537,741.606795012489,0.04683783332643267,100.0,1.0,5.9439128633408185
282,2034,7,31,4.90388125562359E18,38.410977211311454,3.1012492380827115E-4,1.0,42.16070959739125,1.0,278.39999999999634,236.33288770053477,529.2629321353455,0.0,0.0,5.966577540106952,0.0,0.0,100.09999999999982,324.61310709957604,725.1420788203084,0.04751028850104797,100.0,1.0,5.859783402364636
281,2034,7,31,6.977615103056312E17,37.15835307997107,4.2552816109806696E-5,1.0,42.417031207706245,4.0,278.39999999999634,236.40641711229947,557.0427840440543,0.0,0.0,5.981283422459893,0.0,0.0,100.09999999999982,306.7998721899951,754.9904017493643,0.049111880846523424,100.0,1.0,5.668689433214896
298,2034,7,31,2.857941005564493E18,39.24888338153134,7.601101073732133E-5,0.0,39.56318683795536,0.0,278.39999999999634,236.45989304812835,495.92351523244275,0.0,0.0,5.991978609625669,0.0,0.0,100.09999999999982,293.4430500481893,756.5208920921975,0.04649601343245611,100.0,1.0,5.987610107787473
290,2034,8,1,2.2009420763865405E18,37.88398633842414,7.733788623647659E-5,1.0,34.86076203286438,3.0,281.2999999999969,238.16711229946523,402.2305565551025,0.0,0.0,6.033422459893048,0.0,0.0,100.09999999999982,306.3163269202652,750.1913478159843,0.04867297069674846,100.0,1.0,5.779388354012853
286,2034,8,1,3.967985631945377E18,38.53330793899653,1.1044334893456947E-4,1.0,43.87413079252359,2.0,281.2999999999969,238.09358288770053,604.9222277948327,0.0,0.0,6.018716577540107,0.0,0.0,100.09999999999982,388.9984128728604,772.7598945098748,0.04785278647359636,100.0,1.0,5.878445556252179
284,2034,8,1,2.3275888066568E18,39.62075025710948,5.671633573669917E-5,0.0,45.429705935312164,0.0,281.2999999999969,237.7326203208556,627.0384386788742,0.0,0.0,5.946524064171123,0.0,0.0,100.09999999999982,336.8505000000004,752.2371562996543,0.04653940536109018,100.0,1.0,6.044340227758497
283,2034,8,1,1.858714168763392E18,38.3486431626806,5.7923967838675964E-5,1.0,40.736683780463224,4.0,281.2999999999969,237.9264705882353,525.7025535497493,0.0,0.0,5.985294117647059,0.0,0.0,100.09999999999982,308.5019569864317,763.7410531168129,0.04808321768006059,100.0,1.0,5.8502740368111406
280,2034,8,1,8.709926167270339E18,38.68443456163735,6.121692139918498E-5,1.0,49.55982099256729,2.0,281.2999999999969,237.97994652406416,725.2925853022679,0.0,0.0,5.995989304812834,0.0,0.0,100.09999999999982,323.6930180116901,737.2225535589884,0.04766584229086096,100.0,1.0,5.901500665476144
296,2034,8,1,4.2692437014197545E18,38.543846578814296,7.093433755907394E-5,1.0,38.14154514432963,3.0,281.2999999999969,237.87967914438502,466.84159626131014,0.0,0.0,5.975935828877005,0.0,0.0,100.09999999999982,332.2582258289058,755.957725395009,0.047839702587952226,100.0,1.0,5.880053277564448
295,2034,8,1,8.305991534382669E18,37.66718597269242,8.30988541822806E-5,1.0,47.58259542826731,4.0,281.2999999999969,237.97994652406416,675.1141930154414,0.0,0.0,5.995989304812834,0.0,0.0,100.09999999999982,295.5429792856159,742.8012495012316,0.04895311686577622,100.0,1.0,5.746314392427533
294,2034,8,1,8.619173836053503E18,38.897924072262704,1.0570038302940387E-4,1.0,47.495670686286104,1.0,281.2999999999969,238.13368983957218,674.1934453246508,0.0,0.0,6.026737967914438,0.0,0.0,100.09999999999982,298.85068203578055,744.3485488695845,0.04740423045457583,100.0,1.0,5.934069539838793
291,2034,8,2,4.2848121755587553E18,38.98782671430143,3.1012492380827115E-4,1.0,56.33501803452358,3.0,284.2000000000032,239.39304812834226,953.2317257095016,0.0,0.0,5.978609625668449,0.0,0.0,100.09999999999982,314.2804799999947,737.9830389837052,0.04778249679283538,100.0,1.0,5.94778462984414
289,2034,8,2,7.388801749022034E17,39.1663656533395,7.116221289772165E-5,1.0,48.39714260719655,1.0,284.2000000000032,239.5,708.5864923035513,0.0,0.0,6.0,0.0,0.0,100.09999999999982,312.8938818414834,754.5469566893729,0.04756468142652103,100.0,1.0,5.975021622693755
288,2034,8,2,6.65317065901527E17,38.54563276842621,6.247480334574356E-5,1.0,39.83405783036448,2.0,284.2000000000032,240.0548128342246,498.57539361170194,0.0,0.0,6.11096256684492,0.0,0.0,100.09999999999982,282.53311700000467,751.7308419727458,0.048330655670587586,100.0,1.0,5.880325769570674
285,2034,8,2,4.86643095885923E18,38.888210398469944,5.4465213173212346E-5,1.0,29.733250451865167,2.0,284.2000000000032,239.47994652406416,319.4969379855177,0.0,0.0,5.995989304812834,0.0,0.0,100.09999999999982,353.596300000003,753.4045584478498,0.04790489677583675,100.0,1.0,5.9325876711491805
299,2034,8,2,9.054830946953192E18,38.53546701095019,5.43125961135326E-5,1.0,51.60933901440931,4.0,284.2000000000032,239.18582887700535,806.8171063828808,0.0,0.0,5.93716577540107,0.0,0.0,100.09999999999982,348.961660069997,755.7105062362622,0.04834340542457564,100.0,1.0,5.878774933292733
297,2034,8,2,6.522181452910449E18,39.65890556217154,4.193143913037737E-5,1.0,43.28558943894036,1.0,284.2000000000032,239.47326203208556,573.776998602517,0.0,0.0,5.994652406417113,0.0,0.0,100.09999999999982,346.9987130056544,750.8023331688488,0.04697395650556424,100.0,1.0,6.050161007117607
282,2035,2,12,4.90388125562359E18,44.017163959059275,7.696643144082784E-4,1.0,38.584962649948714,1.0,298.7000000000036,249.85160427807486,533.6397468964267,0.0,0.0,6.870320855614973,0.0,0.0,100.0,598.5550332389087,848.4097254686814,0.044369929497389354,100.0,1.0,6.732036840797293
292,2035,2,13,6.261277189363532E18,44.632041449009556,4.898576311406222E-4,1.0,47.07859099589283,1.0,301.60000000000383,257.83957219251334,814.4354854560349,0.0,0.0,6.967914438502674,0.0,0.0,132.0,599.2095710042801,914.753084867568,0.04418350440575207,100.0,1.0,6.8260769274955875
289,2035,2,13,7.388801749022034E17,46.88733805572611,7.696643144082784E-4,0.0,50.2043417066214,0.0,301.60000000000383,257.3048128342246,944.8712833486005,0.0,0.0,6.86096256684492,0.0,0.0,132.0,642.9709684056119,936.5572624766761,0.04205826309986471,100.0,1.0,7.171004643816924
286,2035,2,13,3.967985631945377E18,45.65334830487223,7.696643144082784E-4,0.0,47.27691825061075,0.0,301.60000000000383,251.1577540106952,810.4473149436456,0.0,0.0,6.831550802139038,0.0,0.0,100.0,665.3255908663278,903.1094868211055,0.04319507929256456,100.0,1.0,6.982276799568699
299,2035,2,13,9.054830946953192E18,45.56367644736483,5.14748697886144E-4,1.0,52.370114247937536,1.0,301.60000000000383,256.8435828877005,963.2496715624657,0.0,0.0,6.768716577540107,0.0,0.0,132.0,590.2821032826314,875.5138915144405,0.04328008961871373,100.0,1.0,6.968562280185208
298,2035,2,13,2.857941005564493E18,45.491400100464105,7.696643144082784E-4,1.0,36.171221365306806,1.0,301.60000000000383,257.5254010695187,517.0645895091916,0.0,0.0,6.9050802139037435,0.0,0.0,132.0,601.9610520803963,911.4813021505438,0.0433488526544582,100.0,1.0,6.957508250659221
297,2035,2,13,6.522181452910449E18,45.65436546596691,7.696643144082784E-4,1.0,40.95412522602678,1.0,301.60000000000383,256.93048128342247,621.430572555223,0.0,0.0,6.786096256684492,0.0,0.0,132.0,577.9368130570095,895.1553642276633,0.04319411692338721,100.0,1.0,6.982432365383171
293,2035,2,14,7.421366990471719E18,46.48761273141184,2.9304346290579333E-4,1.0,47.811461576594425,1.0,304.49999999999994,258.55748663101605,868.3864951693593,0.0,0.0,6.811497326203209,0.0,0.0,132.0,589.423973416793,947.1196947052898,0.04282778618821697,100.0,1.0,7.1098701824512185
291,2035,2,14,4.2848121755587553E18,46.643760526891676,7.696643144082784E-4,0.0,54.46970964461048,0.0,304.49999999999994,257.6216577540107,1099.9885468437235,0.0,0.0,6.624331550802139,0.0,0.0,132.0,669.1631978672812,918.9835181506878,0.042684413005544104,100.0,1.0,7.133751609995192
290,2035,2,14,2.2009420763865405E18,46.46888806557431,4.407859242665849E-4,0.0,37.64618439197328,0.0,304.49999999999994,258.9117647058824,546.0001055513769,0.0,0.0,6.882352941176471,0.0,0.0,132.0,549.067916656437,903.4460808504183,0.04284504366990665,100.0,1.0,7.107006410029022
288,2035,2,14,6.65317065901527E17,46.01287528918735,7.696643144082784E-4,0.0,38.37744946524731,0.0,304.49999999999994,258.677807486631,586.549637888432,0.0,0.0,6.8355614973262036,0.0,0.0,132.0,661.4039564732963,940.8361960431563,0.043269661501232036,100.0,1.0,7.037263279522762
287,2035,2,14,2.7812977706100634E18,45.749190688409115,7.696643144082784E-4,0.0,42.132625981948266,0.0,304.49999999999994,259.0053475935829,675.8565225364657,0.0,0.0,6.901069518716578,0.0,0.0,132.0,593.8496525962846,927.4554760397233,0.04351905484015401,100.0,1.0,6.996935046462567
285,2035,2,14,4.86643095885923E18,46.776581525885,7.696643144082784E-4,0.0,29.383843335638062,0.0,304.49999999999994,257.80213903743316,380.4615989745651,0.0,0.0,6.660427807486631,0.0,0.0,132.0,623.0394450317131,913.1268831066106,0.04256321162246087,100.0,1.0,7.15406540984124
283,2035,2,14,1.858714168763392E18,45.92427721985868,6.208487112494138E-4,0.0,37.391161614064636,0.0,304.49999999999994,259.0922459893048,544.5438364960609,0.0,0.0,6.918449197860962,0.0,0.0,132.0,484.71904123893034,910.6930495530339,0.04335313823078745,100.0,1.0,7.023712986566626
280,2035,2,14,8.709926167270339E18,46.66489243010978,7.696643144082784E-4,0.0,49.87429869916685,0.0,304.49999999999994,259.05882352941177,892.8815646582148,0.0,0.0,6.911764705882353,0.0,0.0,132.0,559.5196964926264,896.6928899828879,0.04266508363741342,100.0,1.0,7.136983548134452
296,2035,2,14,4.2692437014197545E18,46.77595674581765,7.696643144082784E-4,1.0,34.01803515814582,1.0,304.49999999999994,257.52139037433153,475.0281267912548,0.0,0.0,6.60427807486631,0.0,0.0,132.0,617.455597409858,920.4181677926606,0.042563780133466754,100.0,1.0,7.153969855242717
294,2035,2,14,8.619173836053503E18,47.64422240540075,7.696643144082784E-4,0.0,45.46611021393495,0.0,304.49999999999994,258.02941176470586,783.2534187471207,0.0,0.0,6.705882352941177,0.0,0.0,132.0,730.8974589979762,938.758246656945,0.041788100171320015,100.0,1.0,7.286763426708357
284,2035,2,15,2.3275888066568E18,46.82677831120233,7.696643144082784E-4,0.0,42.121080777538715,0.0,307.3999999999961,260.05080213903744,676.8385096799243,0.0,0.0,6.810160427807487,0.0,0.0,132.0,617.3564311335246,929.4128285499044,0.04292251462540227,100.0,1.0,7.16174256524271
281,2035,2,15,6.977615103056312E17,47.88368341153242,2.992483308736468E-4,0.0,44.994065307868055,0.0,307.3999999999961,257.35026737967917,771.796289568324,0.0,0.0,6.270053475935829,0.0,0.0,132.0,627.6228475805101,942.6817045239723,0.04197511414585499,100.0,1.0,7.32338687470494
295,2035,2,15,8.305991534382669E18,46.8331102506249,5.20747168070554E-4,1.0,46.46006956398383,1.0,307.3999999999961,260.5922459893048,791.6324289119959,0.0,0.0,6.918449197860962,0.0,0.0,132.0,590.1899615323625,911.4051443397332,0.042916711407101904,100.0,1.0,7.162710979507326
280,2035,7,30,8.709926167270339E18,38.336427459479104,3.3361114867499045E-5,1.0,49.09284769869629,2.0,275.50000000000006,234.46524064171123,720.3937048987312,0.0,0.0,5.893048128342246,0.0,0.0,100.09999999999982,357.5466466533521,746.0754145815646,0.04710681669062337,100.0,1.0,5.848410471235226
286,2035,7,31,3.967985631945377E18,38.648338501931946,6.026523976064345E-5,0.0,47.380399718559474,0.0,278.39999999999634,236.47326203208556,686.0641368604861,0.0,0.0,5.994652406417113,0.0,0.0,100.09999999999982,357.7549849793745,760.902371392785,0.047218500966745625,100.0,1.0,5.895994034119464
284,2035,7,31,2.3275888066568E18,38.19840072901257,7.064349061691825E-5,1.0,42.97370785126108,1.0,278.39999999999634,236.4933155080214,562.1358498345476,0.0,0.0,5.998663101604278,0.0,0.0,100.09999999999982,304.08823200000245,744.8358513052906,0.047774686219533735,100.0,1.0,5.827353814961665
283,2035,7,31,1.858714168763392E18,38.48442190175076,3.1012492380827115E-4,1.0,35.46239499677205,2.0,278.39999999999634,236.47326203208556,431.81590761242484,0.0,0.0,5.994652406417113,0.0,0.0,100.09999999999982,365.4013348497035,784.5888556601467,0.04741961860764146,100.0,1.0,5.870987750946049
282,2035,7,31,4.90388125562359E18,37.61808499833691,1.3483692339490044E-4,1.0,38.26280704034494,3.0,278.39999999999634,236.39973262032086,451.2238000837752,0.0,0.0,5.979946524064171,0.0,0.0,100.09999999999982,320.216470000006,726.9245952339476,0.04851168285140681,100.0,1.0,5.7388237974086875
298,2035,7,31,2.857941005564493E18,38.060633448585286,3.7590899855548024E-5,1.0,34.819553625699626,3.0,278.39999999999634,236.4331550802139,411.3954068291289,0.0,0.0,5.9866310160427805,0.0,0.0,100.09999999999982,336.56501331823483,768.865113662156,0.0479476152540077,100.0,1.0,5.806336739067045
294,2035,7,31,8.619173836053503E18,38.694506732006516,1.0235146000272968E-4,1.0,45.994511261360486,1.0,278.39999999999634,236.34625668449198,635.6029395342728,0.0,0.0,5.969251336898396,0.0,0.0,100.09999999999982,307.81598219674146,745.4557532094111,0.04716216235952389,100.0,1.0,5.9030372245808715
291,2035,8,1,4.2848121755587553E18,38.32447880231859,8.314341120865176E-5,1.0,55.86455113203393,3.0,281.2999999999969,237.95320855614975,924.7685099233936,0.0,0.0,5.990641711229946,0.0,0.0,100.09999999999982,293.15917599999506,729.9144361362936,0.04811353512300295,100.0,1.0,5.846587644845663
290,2035,8,1,2.2009420763865405E18,37.18246460435527,9.066919769859404E-6,1.0,35.24937088757087,3.0,281.2999999999969,238.25401069518716,408.31579835582113,0.0,0.0,6.050802139037433,0.0,0.0,100.09999999999982,300.2534661300013,748.5414422601867,0.049591283863150724,100.0,1.0,5.672367764792221
289,2035,8,1,7.388801749022034E17,39.14963741650524,6.604023079392485E-5,1.0,51.887917073378084,1.0,281.2999999999969,238.0,813.4932716756944,0.0,0.0,6.0,0.0,0.0,100.09999999999982,313.57678800000383,753.4803174958668,0.04709944404615991,100.0,1.0,5.972469647928501
288,2035,8,1,6.65317065901527E17,38.985879457728316,8.131225060521003E-5,1.0,41.94546199348322,1.0,281.2999999999969,237.95320855614975,541.8768047834116,0.0,0.0,5.990641711229946,0.0,0.0,100.09999999999982,307.0043641458549,748.9812881140568,0.04729728256933317,100.0,1.0,5.947487566281186
287,2035,8,1,2.7812977706100634E18,37.78493904984657,9.13475475134819E-6,1.0,43.3425513980252,2.0,281.2999999999969,237.9933155080214,573.0114425923718,0.0,0.0,5.998663101604278,0.0,0.0,100.09999999999982,292.2689679999965,747.8435239019624,0.04880055925175886,100.0,1.0,5.764278203222811
281,2035,8,1,6.977615103056312E17,38.157217186208456,2.3601592375058686E-4,1.0,44.36335148747834,3.0,281.2999999999969,237.9398395721925,605.0114108677176,0.0,0.0,5.987967914438503,0.0,0.0,100.09999999999982,303.58460414668644,757.759450537259,0.048324440116471655,100.0,1.0,5.821071063048161
299,2035,8,1,9.054830946953192E18,38.91209478297887,7.879190137405264E-5,1.0,51.6311661119108,2.0,281.2999999999969,237.82620320855614,801.0532142021846,0.0,0.0,5.96524064171123,0.0,0.0,100.09999999999982,346.4380579999998,749.6501041288327,0.047386967142481216,100.0,1.0,5.936231351421909
297,2035,8,1,6.522181452910449E18,38.3641176465344,6.612471722990854E-5,1.0,42.651607774573094,2.0,281.2999999999969,238.11363636363637,542.6473460630949,0.0,0.0,6.0227272727272725,0.0,0.0,100.09999999999982,277.90174000000104,728.5462843970961,0.048063822916899666,100.0,1.0,5.852634745395779
296,2035,8,1,4.2692437014197545E18,39.06543399651932,6.202498476165422E-5,1.0,35.7966023530891,3.0,281.2999999999969,237.81283422459893,416.5712224356651,0.0,0.0,5.962566844919786,0.0,0.0,100.09999999999982,300.8208839999946,745.907149622194,0.047200964338203165,100.0,1.0,5.959624002264724
293,2035,8,2,7.421366990471719E18,39.27580293572901,2.1596443162135868E-4,0.0,49.06529527922295,0.0,284.2000000000032,239.62700534759358,751.197193056202,0.0,0.0,6.025401069518717,0.0,0.0,100.09999999999982,309.41693607080384,778.7884033217907,0.047432148185085676,100.0,1.0,5.99171681811716
292,2035,8,2,6.261277189363532E18,39.580845494609434,5.292234194680394E-5,1.0,50.90530068978281,2.0,284.2000000000032,239.52673796791444,779.0222996268815,0.0,0.0,6.005347593582887,0.0,0.0,100.09999999999982,317.37815000000256,750.593821389455,0.047066597028338895,100.0,1.0,6.038252560066872
285,2035,8,2,4.86643095885923E18,39.98474770173299,5.9570673032706715E-5,0.0,32.58840775447141,0.0,284.2000000000032,239.4933155080214,359.86791942517743,0.0,0.0,5.998663101604278,0.0,0.0,100.09999999999982,310.58692617912476,743.1023357812425,0.046591158179422144,100.0,1.0,6.099869827351178
295,2035,8,2,8.305991534382669E18,38.691474605476415,7.604828931051274E-5,1.0,46.814442267629175,3.0,284.2000000000032,239.47326203208556,657.4472658855585,0.0,0.0,5.994652406417113,0.0,0.0,100.09999999999982,311.93731396033974,745.9747696500579,0.04814848035468889,100.0,1.0,5.902574658772729
292,2036,2,12,6.261277189363532E18,45.39235060870194,7.696643144082784E-4,0.0,45.44223908058241,0.0,298.7000000000036,250.2125668449198,755.439097555448,0.0,0.0,6.942513368983957,0.0,0.0,100.0,687.8662678414222,906.1933817216466,0.04302571766715427,100.0,1.0,6.9423595048602875
297,2036,2,12,6.522181452910449E18,44.4559786701737,3.921389297135533E-4,0.0,41.51995716678953,0.0,298.7000000000036,249.95855614973263,599.8901134127726,0.0,0.0,6.891711229946524,0.0,0.0,100.0,585.6393332421972,844.0885087670358,0.04393196415781103,100.0,1.0,6.799149678967751
293,2036,2,13,7.421366990471719E18,46.80737076188007,7.696643144082784E-4,0.0,47.16843818888367,0.0,301.60000000000383,257.00401069518716,868.3037749615468,0.0,0.0,6.800802139037433,0.0,0.0,132.0,641.7429528936008,971.7295274435302,0.0421301168577069,100.0,1.0,7.158774351816969
291,2036,2,13,4.2848121755587553E18,44.56269226845697,5.349582242410572E-4,0.0,56.694798824910585,0.0,301.60000000000383,251.47860962566844,1093.574229029411,0.0,0.0,6.89572192513369,0.0,0.0,100.0,505.9010620922351,834.6071759355581,0.04425226348803601,100.0,1.0,6.815470582234603
289,2036,2,13,7.388801749022034E17,45.418373997021135,7.696643144082784E-4,0.0,48.33609221309329,0.0,301.60000000000383,257.9197860962567,870.9381496432674,0.0,0.0,6.983957219251337,0.0,0.0,132.0,668.3879708352739,930.0643508878031,0.04341855127022738,100.0,1.0,6.946339552485588
288,2036,2,13,6.65317065901527E17,45.762468699594805,4.954577863655535E-4,0.0,42.9000071227248,0.0,301.60000000000383,251.59893048128342,663.8639383681666,0.0,0.0,6.919786096256685,0.0,0.0,100.0,600.3849871503221,882.8335593299189,0.04309208082599539,100.0,1.0,6.998965801114505
286,2036,2,13,3.967985631945377E18,45.77014467781875,7.696643144082784E-4,0.0,47.94724607087686,0.0,301.60000000000383,251.61898395721926,814.0050680968067,0.0,0.0,6.92379679144385,0.0,0.0,100.0,612.8000478077457,883.0366765075718,0.04308485397809331,100.0,1.0,7.000139774254632
285,2036,2,13,4.86643095885923E18,44.91001098470521,7.696643144082784E-4,0.0,26.618332901255187,0.0,301.60000000000383,257.06417112299465,339.92003866027966,0.0,0.0,6.81283422459893,0.0,0.0,132.0,679.0476236980027,935.678540968783,0.043910031566717314,100.0,1.0,6.868589915307848
284,2036,2,13,2.3275888066568E18,46.34392321678416,7.696643144082784E-4,0.0,44.46943440593628,0.0,301.60000000000383,256.56283422459893,725.6306778994765,0.0,0.0,6.712566844919786,0.0,0.0,132.0,578.8042342245463,905.3814075171258,0.04255142558336182,100.0,1.0,7.087894139037576
283,2036,2,13,1.858714168763392E18,45.392533894807784,7.696643144082784E-4,0.0,36.588795877907174,0.0,301.60000000000383,257.71256684491976,544.9970284626838,0.0,0.0,6.942513368983957,0.0,0.0,132.0,576.4396008265356,943.5382011766428,0.04344326766533706,100.0,1.0,6.9423875368529755
282,2036,2,13,4.90388125562359E18,46.854247726062034,3.509642531229708E-4,0.0,41.623487014794165,0.0,301.60000000000383,251.1711229946524,633.6807352247207,0.0,0.0,6.834224598930481,0.0,0.0,100.0,696.0653427539518,888.1333620113332,0.042087966314804964,100.0,1.0,7.165943769868307
281,2036,2,13,6.977615103056312E17,45.55812574003505,7.696643144082784E-4,0.0,44.13163520638251,0.0,301.60000000000383,251.7058823529412,709.4108884524575,0.0,0.0,6.9411764705882355,0.0,0.0,100.0,586.3362602440044,897.2155861460836,0.04328536277485828,100.0,1.0,6.967713348475944
280,2036,2,13,8.709926167270339E18,45.482985877814045,7.696643144082784E-4,1.0,51.89953448339443,1.0,301.60000000000383,257.03743315508024,953.7211885836406,0.0,0.0,6.807486631016043,0.0,0.0,132.0,528.6799235462686,883.2190746436828,0.0433568720685495,100.0,1.0,6.956221369548024
298,2036,2,13,2.857941005564493E18,45.10794303701663,7.696643144082784E-4,0.0,39.54521121609679,0.0,301.60000000000383,251.67914438502675,587.8592762047758,0.0,0.0,6.935828877005347,0.0,0.0,100.0,593.333956158966,897.7225611024625,0.04371735590740098,100.0,1.0,6.898861876249599
296,2036,2,13,4.2692437014197545E18,45.63658549574258,7.696643144082784E-4,0.0,34.40671224720389,0.0,301.60000000000383,251.63235294117646,461.7835976794793,0.0,0.0,6.926470588235294,0.0,0.0,100.0,606.973424130877,879.3464402211156,0.04321094531018309,100.0,1.0,6.979713075819445
290,2036,2,14,2.2009420763865405E18,47.15974584994966,7.696643144082784E-4,0.0,38.701343767369174,0.0,304.49999999999994,257.9024064171123,588.0177431412576,0.0,0.0,6.68048128342246,0.0,0.0,132.0,612.8644726523073,930.3760944886106,0.042217393299706765,100.0,1.0,7.21266701234524
287,2036,2,14,2.7812977706100634E18,46.875907778007914,7.696643144082784E-4,1.0,42.261423855437165,1.0,304.49999999999994,258.9050802139037,688.0644403005307,0.0,0.0,6.8810160427807485,0.0,0.0,132.0,612.5662599066271,939.2742531701107,0.042473023624208274,100.0,1.0,7.169256483695326
299,2036,2,14,9.054830946953192E18,46.46188369580085,3.836811138625515E-4,0.0,51.881120863120174,0.0,304.49999999999994,258.2165775401069,949.7009563515705,0.0,0.0,6.74331550802139,0.0,0.0,132.0,513.1483915530101,880.1637351990946,0.04285150278230063,100.0,1.0,7.105935153475424
295,2036,2,14,8.305991534382669E18,47.15304306369069,7.696643144082784E-4,0.0,47.66207750434091,0.0,304.49999999999994,258.1163101604278,820.7412054981387,0.0,0.0,6.723262032085562,0.0,0.0,132.0,581.3393244694619,900.5460988854622,0.04222339448532098,100.0,1.0,7.211641880329157
294,2036,2,14,8.619173836053503E18,44.869237738662015,7.696643144082784E-4,1.0,41.50907302577792,1.0,304.49999999999994,259.19919786096256,663.3827106826731,0.0,0.0,6.939839572192513,0.0,0.0,132.0,604.5712726736126,933.7023701042514,0.044372528681181626,100.0,1.0,6.862354007089488
292,2036,7,29,6.261277189363532E18,37.35431979176418,6.318763728774878E-5,1.0,46.00006956446394,2.0,275.50000000000006,234.9866310160428,627.9056205122057,0.0,0.0,5.997326203208556,0.0,0.0,100.09999999999982,291.82359287218367,736.0332697385029,0.048345333845571076,100.0,1.0,5.698585118473407
291,2036,7,29,4.2848121755587553E18,37.96977138723885,5.404756427470738E-5,1.0,54.79553065392331,3.0,275.50000000000006,234.47192513368984,898.3550022434492,0.0,0.0,5.894385026737968,0.0,0.0,100.09999999999982,349.2606286871237,740.4083081336909,0.04756170487542096,100.0,1.0,5.792475284929779
287,2036,7,29,2.7812977706100634E18,39.554574708669776,9.335488374722187E-5,0.0,43.14512214995581,0.0,275.50000000000006,233.59625668449198,591.3125286749511,0.0,0.0,5.719251336898396,0.0,0.0,100.09999999999982,410.46992776342546,778.391583306719,0.04565608590682774,100.0,1.0,6.034244822524303
286,2036,7,29,3.967985631945377E18,37.2356551392182,5.820662984389474E-5,1.0,46.181713447084555,3.0,275.50000000000006,234.90641711229947,636.4519707008826,0.0,0.0,5.981283422459893,0.0,0.0,100.09999999999982,322.3651803967719,740.6656020426582,0.048499403438856205,100.0,1.0,5.680482242370801
293,2036,7,30,7.421366990471719E18,39.14011381099306,7.956001123865344E-5,0.0,49.04751819534217,0.0,278.39999999999634,236.46657754010695,753.1866910070509,0.0,0.0,5.99331550802139,0.0,0.0,100.09999999999982,312.12361341639803,781.5550364781184,0.04662522489661308,100.0,1.0,5.971016775089479
290,2036,7,30,2.2009420763865405E18,37.286788168898994,3.98618153995207E-5,1.0,36.40524934879573,4.0,278.39999999999634,236.39973262032086,436.38683563880636,0.0,0.0,5.979946524064171,0.0,0.0,100.09999999999982,328.1678909999963,761.0972007446588,0.04894271398893924,100.0,1.0,5.688282837419131
288,2036,7,30,6.65317065901527E17,38.80348451811564,5.060785310187194E-5,1.0,42.010315835756,2.0,278.39999999999634,235.89839572192514,550.0336376504749,0.0,0.0,5.879679144385027,0.0,0.0,100.09999999999982,346.04946779052267,758.1491939558,0.04702970961447058,100.0,1.0,5.919662321587786
285,2036,7,30,4.86643095885923E18,38.983835627035866,3.8334353993605834E-5,0.0,32.632370754186674,0.0,278.39999999999634,236.46657754010695,360.8794137537902,0.0,0.0,5.99331550802139,0.0,0.0,100.09999999999982,322.8803140430754,743.5989520214932,0.04681213583947544,100.0,1.0,5.947175769861562
283,2036,7,30,1.858714168763392E18,39.00780836282526,3.1012492380827115E-4,0.0,39.12982327949758,0.0,278.39999999999634,236.39973262032086,499.7529898188431,0.0,0.0,5.979946524064171,0.0,0.0,100.09999999999982,326.1784500000048,776.1804571159752,0.046783366856768725,100.0,1.0,5.950832928556462
281,2036,7,30,6.977615103056312E17,39.03198760253969,9.460796943510406E-5,0.0,44.01221804984748,0.0,278.39999999999634,236.37967914438502,604.7706615745054,0.0,0.0,5.975935828877005,0.0,0.0,100.09999999999982,342.69225373657684,768.2324389136145,0.0467543858514099,100.0,1.0,5.954521590440291
280,2036,7,30,8.709926167270339E18,38.38248337805154,1.020819367374165E-4,1.0,51.53280669105937,1.0,278.39999999999634,236.47994652406416,797.3833246929327,0.0,0.0,5.995989304812834,0.0,0.0,100.09999999999982,345.469758602814,748.8709627550431,0.0475455585023489,100.0,1.0,5.855436528024852
298,2036,7,30,2.857941005564493E18,36.66891296883999,4.169466574459145E-5,1.0,36.73954312693751,5.0,278.39999999999634,236.45989304812835,443.059998127046,0.0,0.0,5.991978609625669,0.0,0.0,100.09999999999982,299.51012600000183,761.5414308468681,0.049767404080599334,100.0,1.0,5.594022938168964
297,2036,7,30,6.522181452910449E18,38.72481183649914,6.562101646387456E-5,1.0,40.364370514322474,1.0,278.39999999999634,236.45989304812835,501.7891331362181,0.0,0.0,5.991978609625669,0.0,0.0,100.09999999999982,305.72246236141024,740.3117757814139,0.04712525438784842,100.0,1.0,5.90766041725143
296,2036,7,30,4.2692437014197545E18,38.180330907337634,1.1756062312671388E-4,1.0,32.495393337541294,1.0,278.39999999999634,236.47326203208556,364.15145885759415,0.0,0.0,5.994652406417113,0.0,0.0,100.09999999999982,340.50879271645675,755.0266713871703,0.04779729681614327,100.0,1.0,5.82459717483371
295,2036,7,30,8.305991534382669E18,38.667214413223014,4.372883866444885E-5,0.0,46.265728488249515,0.0,278.39999999999634,236.5,651.9640669531057,0.0,0.0,6.0,0.0,0.0,100.09999999999982,368.7389234602451,755.9894181958693,0.04719545063200929,100.0,1.0,5.8988736471811025
294,2036,7,30,8.619173836053503E18,38.05588015325583,7.103181947051559E-5,1.0,44.0197820644144,3.0,278.39999999999634,236.32620320855614,595.2013124809056,0.0,0.0,5.96524064171123,0.0,0.0,100.09999999999982,320.3282419999961,755.9466554640186,0.047953604057176316,100.0,1.0,5.805611600497282
289,2036,7,31,7.388801749022034E17,39.536822954925974,6.474424296623615E-5,0.0,50.918555336777644,0.0,281.2999999999969,238.32754010695186,788.7553242144131,0.0,0.0,6.065508021390374,0.0,0.0,100.09999999999982,315.84042044236526,759.4247611402718,0.04663819748562767,100.0,1.0,6.031536705222884
284,2036,7,31,2.3275888066568E18,39.117867103515394,1.1469117004743755E-4,1.0,45.77669021697641,2.0,281.2999999999969,236.60294117647058,628.937421563229,0.0,0.0,5.720588235294118,0.0,0.0,100.09999999999982,320.3918377048761,744.2864062653042,0.04713769674728583,100.0,1.0,5.967622930498699
282,2036,7,31,4.90388125562359E18,38.63821914349913,9.041015795238505E-6,1.0,40.969111614077235,2.0,281.2999999999969,237.97326203208556,513.3137182814489,0.0,0.0,5.994652406417113,0.0,0.0,100.09999999999982,322.65761299999593,738.4763897519296,0.047722855706106626,100.0,1.0,5.894450276243667
299,2036,8,1,9.054830946953192E18,39.3196879042898,3.888226226282235E-5,1.0,51.689966008090934,1.0,284.2000000000032,239.46657754010695,798.8454004929341,0.0,0.0,5.99331550802139,0.0,0.0,100.09999999999982,315.7663710000035,745.8185335538417,0.04737920884495325,100.0,1.0,5.998411685810066
286,2037,2,10,3.967985631945377E18,43.97028215580347,7.696643144082784E-4,0.0,47.175265774703796,0.0,295.7999999999965,248.27807486631016,781.8855540431913,0.0,0.0,6.855614973262032,0.0,0.0,100.0,616.6691160257169,874.80324031436,0.04398600209622781,100.0,1.0,6.724866682652297
280,2037,2,10,8.709926167270339E18,44.585152663779404,6.585119194562916E-4,0.0,51.29692116285464,0.0,295.7999999999965,248.63903743315507,903.5909684521607,0.0,0.0,6.927807486631016,0.0,0.0,100.0,585.088836844213,857.2793475272731,0.04337939442894687,100.0,1.0,6.818905701519211
290,2037,2,11,2.2009420763865405E18,43.986039895654926,3.5403142337087307E-4,1.0,40.67403398549891,1.0,298.7000000000036,249.90508021390374,581.1831377143466,0.0,0.0,6.8810160427807485,0.0,0.0,100.0,461.50430979964386,846.7407509262772,0.0444013251970749,100.0,1.0,6.727276689923696
285,2037,2,11,4.86643095885923E18,44.70206500487401,7.696643144082784E-4,0.0,32.64013034259574,0.0,298.7000000000036,250.26604278074868,421.57659988396045,0.0,0.0,6.9532085561497325,0.0,0.0,100.0,567.3921815630792,869.0254259746328,0.04369011725354392,100.0,1.0,6.836786412510133
284,2037,2,11,2.3275888066568E18,45.0885334822478,5.497602245773417E-4,1.0,48.04686455017617,1.0,298.7000000000036,249.00267379679144,797.4394684144709,0.0,0.0,6.7005347593582885,0.0,0.0,100.0,579.2425075315439,861.6097230164386,0.04331563505624858,100.0,1.0,6.895893356108468
293,2037,2,12,7.421366990471719E18,45.449898031961105,7.696643144082784E-4,1.0,51.64949938537567,1.0,301.60000000000383,251.46524064171123,951.5759947756657,0.0,0.0,6.893048128342246,0.0,0.0,100.0,502.3519840184055,890.1049333398934,0.04338843617676052,100.0,1.0,6.95116087547643
292,2037,2,12,6.261277189363532E18,45.34873314184918,6.157963296606818E-4,0.0,44.09512388180486,0.0,301.60000000000383,257.9264705882353,707.7315125934696,0.0,0.0,6.985294117647059,0.0,0.0,132.0,498.7643734174579,896.374816692132,0.04348522799593274,100.0,1.0,6.935688598165177
291,2037,2,12,4.2848121755587553E18,44.70113135235919,7.696643144082784E-4,0.0,55.83184495599796,0.0,301.60000000000383,251.33823529411765,1083.7912506658477,0.0,0.0,6.867647058823529,0.0,0.0,100.0,554.326077873219,856.6051692309536,0.044115214544697495,100.0,1.0,6.836643618596097
289,2037,2,12,7.388801749022034E17,45.099354995211414,4.5542267124750206E-4,1.0,52.124151967759005,1.0,301.60000000000383,251.29144385026737,957.4603788091282,0.0,0.0,6.858288770053476,0.0,0.0,100.0,558.2150974245149,878.5836333394454,0.04372568078211783,100.0,1.0,6.897548411032331
288,2037,2,12,6.65317065901527E17,43.954473275021506,5.202603868920311E-4,2.0,36.27871581821953,4.0,301.60000000000383,256.85695187165777,511.55592734989705,0.0,0.0,6.771390374331551,0.0,0.0,132.0,502.9052995535846,897.537092925791,0.04486460314656251,100.0,1.0,6.72244885382681
287,2037,2,12,2.7812977706100634E18,44.77774584904551,5.390919909954633E-4,0.0,42.787785916208854,0.0,301.60000000000383,251.19786096256684,678.7476766302764,0.0,0.0,6.839572192513369,0.0,0.0,100.0,630.958594007243,906.6663976075673,0.04403973363572212,100.0,1.0,6.848361129854017
282,2037,2,12,4.90388125562359E18,45.824715366509494,7.696643144082784E-4,1.0,47.17664543752653,1.0,301.60000000000383,250.8101604278075,758.320585128364,0.0,0.0,6.762032085561497,0.0,0.0,100.0,535.0881492872138,848.330165564008,0.04303354607285221,100.0,1.0,7.008485879583806
299,2037,2,12,9.054830946953192E18,44.98720829944136,7.696643144082784E-4,1.0,52.86791952171773,1.0,301.60000000000383,251.75935828877004,955.6461581077607,0.0,0.0,6.951871657754011,0.0,0.0,100.0,529.6248988745648,851.2400152150046,0.043834682669662686,100.0,1.0,6.8803965634439646
298,2037,2,12,2.857941005564493E18,44.82655804185661,4.2475395716174916E-4,0.0,42.347964235697425,0.0,301.60000000000383,256.1216577540107,666.8999033279184,0.0,0.0,6.624331550802139,0.0,0.0,132.0,491.36037763522603,907.1021332083034,0.04399177822572681,100.0,1.0,6.855826524048652
295,2037,2,12,8.305991534382669E18,44.09734931540605,7.696643144082784E-4,1.0,47.40683537694272,1.0,301.60000000000383,251.91978609625667,771.2075564598152,0.0,0.0,6.983957219251337,0.0,0.0,100.0,547.4103222009584,854.8480031221958,0.04471924119282786,100.0,1.0,6.744300483532688
294,2037,2,12,8.619173836053503E18,46.15315075891024,7.696643144082784E-4,0.0,41.65531879633415,0.0,301.60000000000383,257.2446524064171,668.0413332036653,0.0,0.0,6.848930481283422,0.0,0.0,132.0,618.2947530354719,934.810077799565,0.042727310434365326,100.0,1.0,7.058717174892167
281,2037,2,13,6.977615103056312E17,45.885908618464924,7.696643144082784E-4,1.0,43.75039554071218,1.0,304.49999999999994,259.15909090909093,729.7149814905179,0.0,0.0,6.931818181818182,0.0,0.0,132.0,563.3972033294406,937.4378756242737,0.04338938899556539,100.0,1.0,7.01784484752992
297,2037,2,13,6.522181452910449E18,46.43899367567301,7.696643144082784E-4,1.0,43.6513654767313,1.0,304.49999999999994,258.54411764705884,689.7562696977561,0.0,0.0,6.8088235294117645,0.0,0.0,132.0,519.8907540952351,889.6657255858372,0.04287262450961548,100.0,1.0,7.102434326867642
296,2037,2,13,4.2692437014197545E18,46.59773371549723,4.480001830083113E-4,0.0,34.042846052896905,0.0,304.49999999999994,258.97192513368987,466.9242854168199,0.0,0.0,6.894385026737968,0.0,0.0,132.0,546.8932814738515,903.6131911512032,0.04272657444281229,100.0,1.0,7.126712215311348
283,2037,2,14,1.858714168763392E18,47.49085135174969,7.696643144082784E-4,1.0,39.662149380331996,1.0,307.3999999999961,259.2152406417112,622.9364566484073,0.0,0.0,6.643048128342246,0.0,0.0,132.0,576.3486178170389,946.897503396416,0.04232232145168734,100.0,1.0,7.263306677326425
290,2037,7,29,2.2009420763865405E18,37.96224962088285,4.736177822362112E-5,0.0,38.53334804935234,0.0,272.6000000000036,233.47326203208556,474.1860249448241,0.0,0.0,5.994652406417113,0.0,0.0,100.09999999999982,318.5070921789719,755.0744466094075,0.0470703799364559,100.0,1.0,5.791327802495078
293,2037,7,30,7.421366990471719E18,37.726702589257506,6.270216817797637E-5,1.0,48.90197134045815,2.0,275.50000000000006,234.91310160427807,746.1289155690062,0.0,0.0,5.982620320855615,0.0,0.0,100.09999999999982,305.5619212208906,778.7385780681988,0.04786813945996123,100.0,1.0,5.755393944868882
292,2037,7,30,6.261277189363532E18,37.487361557138,3.814574708588821E-5,1.0,43.58580350471716,3.0,275.50000000000006,234.9264705882353,576.9719173448105,0.0,0.0,5.985294117647059,0.0,0.0,100.09999999999982,300.38003768309784,745.707662339621,0.04817375739166148,100.0,1.0,5.7188812938159375
289,2037,7,30,7.388801749022034E17,36.616730298755925,3.1012492380827115E-4,2.0,48.876209502379815,4.0,275.50000000000006,234.90641711229947,727.205375176418,0.0,0.0,5.981283422459893,0.0,0.0,100.09999999999982,333.0649059113039,759.736864405095,0.04931917858783847,100.0,1.0,5.586062215317088
287,2037,7,30,2.7812977706100634E18,36.975333729954784,1.3241884022556412E-4,1.0,42.252146765895205,3.0,275.50000000000006,234.9264705882353,552.2251427528105,0.0,0.0,5.985294117647059,0.0,0.0,100.09999999999982,304.2928141387243,753.6280802567621,0.04884085899254625,100.0,1.0,5.640768931644812
283,2037,7,30,1.858714168763392E18,37.600456325660346,5.369198819395276E-5,1.0,38.17055489122874,2.0,275.50000000000006,234.97994652406416,473.6788690772529,0.0,0.0,5.995989304812834,0.0,0.0,100.09999999999982,291.1882840000029,766.0841024721176,0.04802886021557731,100.0,1.0,5.736134456729133
281,2037,7,30,6.977615103056312E17,37.14184869687316,5.8338021784851574E-5,1.0,43.76580491994576,2.0,275.50000000000006,235.0,589.5638474930779,0.0,0.0,6.0,0.0,0.0,100.09999999999982,302.970372999996,756.486740848761,0.04862189482396702,100.0,1.0,5.66617160843758
299,2037,7,30,9.054830946953192E18,38.044708761832524,8.543386330806366E-5,1.0,51.77741784116403,1.0,275.50000000000006,234.7058823529412,789.6162417602006,0.0,0.0,5.9411764705882355,0.0,0.0,100.09999999999982,306.32055154850195,734.5691514697253,0.04746802169553732,100.0,1.0,5.803907349816962
297,2037,7,30,6.522181452910449E18,37.042242518914044,3.1012492380827115E-4,1.0,41.07141783866494,3.0,275.50000000000006,234.97326203208556,516.6494906760435,0.0,0.0,5.994652406417113,0.0,0.0,100.09999999999982,315.61371299999894,740.0007912612627,0.04875263855812594,100.0,1.0,5.650976196324876
295,2037,7,30,8.305991534382669E18,37.37562656928353,1.378332994703427E-4,1.0,45.06791791768141,3.0,275.50000000000006,234.91310160427807,620.0624170224023,0.0,0.0,5.982620320855615,0.0,0.0,100.09999999999982,370.7616269199967,754.6541239323823,0.048317773551152014,100.0,1.0,5.701835572128332
291,2037,7,31,4.2848121755587553E18,38.89645514598506,3.1012492380827115E-4,1.0,55.590779274100335,2.0,278.39999999999634,235.69117647058823,936.693181000374,0.0,0.0,5.838235294117647,0.0,0.0,100.09999999999982,343.48648409920685,747.4683909198283,0.046917298814695564,100.0,1.0,5.933845447913876
288,2037,7,31,6.65317065901527E17,39.093924734243664,8.04683248075431E-5,1.0,38.96715917067894,2.0,278.39999999999634,236.1657754010695,487.5426300605723,0.0,0.0,5.933155080213904,0.0,0.0,100.09999999999982,337.2516066257887,762.5656642015822,0.04668031212834655,100.0,1.0,5.963970404365363
286,2037,7,31,3.967985631945377E18,38.945077831878706,4.379058511836643E-5,1.0,49.53710379433532,1.0,278.39999999999634,236.35294117647058,725.4522335998608,0.0,0.0,5.970588235294118,0.0,0.0,100.09999999999982,308.25057422911215,738.1937284097735,0.046858722860807556,100.0,1.0,5.9412630776766
285,2037,7,31,4.86643095885923E18,38.54220721399214,8.682108729234914E-5,1.0,32.936477473627214,2.0,278.39999999999634,236.2326203208556,365.9997004046009,0.0,0.0,5.946524064171123,0.0,0.0,100.09999999999982,310.4254299841492,743.9495423497173,0.04734852362721141,100.0,1.0,5.879803184401691
284,2037,7,31,2.3275888066568E18,38.72065355822389,6.783134816453878E-5,1.0,47.06147006251573,1.0,278.39999999999634,236.2927807486631,669.2701440312098,0.0,0.0,5.958556149732621,0.0,0.0,100.09999999999982,341.00425393832893,751.8723082012215,0.047130315250812384,100.0,1.0,5.90702605145841
298,2037,7,31,2.857941005564493E18,37.7470827712942,2.2025917884110178E-4,1.0,41.63382549858655,3.0,278.39999999999634,236.47326203208556,550.8994906792898,0.0,0.0,5.994652406417113,0.0,0.0,100.09999999999982,309.54694400000136,771.1723971438502,0.04834589787967382,100.0,1.0,5.758503041827769
296,2037,7,31,4.2692437014197545E18,38.49965425221836,4.8654678978392064E-5,1.0,33.030781171923344,1.0,278.39999999999634,236.29946524064172,373.51776978561674,0.0,0.0,5.959893048128342,0.0,0.0,100.09999999999982,346.13807837283997,755.9783158915279,0.04740085708201996,100.0,1.0,5.873311520892282
294,2037,7,31,8.619173836053503E18,38.08695565155046,4.885395775177556E-5,1.0,42.807753593373974,2.0,278.39999999999634,236.4331550802139,565.2468560094306,0.0,0.0,5.9866310160427805,0.0,0.0,100.09999999999982,309.6703855651788,754.1333067931849,0.047914478269472795,100.0,1.0,5.810352320529601
282,2037,8,1,4.90388125562359E18,38.43798191526932,3.1012492380827115E-4,1.0,45.19491520444888,1.0,281.2999999999969,238.0,608.0098833434151,0.0,0.0,6.0,0.0,0.0,100.09999999999982,286.80154300000186,736.2525556234898,0.04797146117064084,100.0,1.0,5.863903102708827
280,2037,8,1,8.709926167270339E18,38.67917828403876,3.994396236582573E-5,1.0,50.936164497931244,2.0,281.2999999999969,237.95320855614975,776.6007101034082,0.0,0.0,5.990641711229946,0.0,0.0,100.09999999999982,327.67023600000357,747.1577645790572,0.04767231980434917,100.0,1.0,5.900698794488573
292,2038,2,10,6.261277189363532E18,42.83060730469977,7.696643144082784E-4,1.0,42.53864943377454,2.0,292.8999999999962,245.9157754010695,641.3274750615938,0.0,0.0,6.683155080213904,0.0,0.0,100.0,555.7397002726932,865.5906267120436,0.044713710711386884,100.0,1.0,6.550563470130555
289,2038,2,11,7.388801749022034E17,44.54232598347619,7.696643144082784E-4,0.0,47.98774555091646,0.0,295.7999999999965,246.58689839572193,835.3722073483661,0.0,0.0,6.517379679144385,0.0,0.0,100.0,676.5195875859496,904.7315871038138,0.043421102970562814,100.0,1.0,6.812355738649317
284,2038,2,11,2.3275888066568E18,44.51490150050048,7.696643144082784E-4,0.0,47.065807436321904,0.0,295.7999999999965,246.5735294117647,753.6494066973427,0.0,0.0,6.514705882352941,0.0,0.0,100.0,559.021332869175,846.808642621577,0.043447853592468486,100.0,1.0,6.808161405958895
299,2038,2,11,9.054830946953192E18,44.451401894950656,7.696643144082784E-4,0.0,53.01046325793514,0.0,295.7999999999965,246.7874331550802,940.4055703385349,0.0,0.0,6.557486631016043,0.0,0.0,100.0,510.33390887314425,832.7692964499191,0.04350991961170508,100.0,1.0,6.798449701580697
293,2038,2,12,7.421366990471719E18,44.65605138611534,7.696643144082784E-4,0.0,52.342490968587825,0.0,298.7000000000036,249.39705882352942,1004.0462889273049,0.0,0.0,6.779411764705882,0.0,0.0,100.0,565.0872611215017,913.522206329099,0.04373513557326589,100.0,1.0,6.829749035523531
288,2038,2,12,6.65317065901527E17,44.56021765835063,7.696643144082784E-4,0.0,38.85033365134865,0.0,298.7000000000036,249.29679144385025,556.5854253632218,0.0,0.0,6.759358288770054,0.0,0.0,100.0,571.1153904365323,875.0712419638825,0.043829194832769924,100.0,1.0,6.815092112453629
287,2038,2,12,2.7812977706100634E18,44.48219850494552,7.696643144082784E-4,0.0,43.29382877290111,0.0,298.7000000000036,249.951871657754,675.9187838025019,0.0,0.0,6.890374331550802,0.0,0.0,100.0,562.4890228923906,884.4894023142887,0.04390606865623664,100.0,1.0,6.80315977134461
285,2038,2,12,4.86643095885923E18,45.575534497106894,4.792430351234611E-4,0.0,28.967077365935467,0.0,298.7000000000036,255.34358288770053,388.2534092498046,0.0,0.0,6.768716577540107,0.0,0.0,132.0,678.6625493291642,950.7470559858816,0.04285278237740602,100.0,1.0,6.970375864263417
283,2038,2,12,1.858714168763392E18,45.31310435978946,6.819365977312977E-4,0.0,38.52124226315435,0.0,298.7000000000036,249.8114973262032,566.8245520085001,0.0,0.0,6.862299465240642,0.0,0.0,100.0,576.350858420072,903.7484698032082,0.043100963598327165,100.0,1.0,6.93023949032074
281,2038,2,12,6.977615103056312E17,45.104650378133336,7.696643144082784E-4,0.0,44.26897004175831,0.0,298.7000000000036,250.01871657754012,717.4794044505497,0.0,0.0,6.903743315508021,0.0,0.0,100.0,594.4573749182756,902.3262113911578,0.04330015741537181,100.0,1.0,6.898358293126282
297,2038,2,12,6.522181452910449E18,44.10226367708102,4.3458060619990506E-4,1.0,42.64926211366229,1.0,298.7000000000036,250.23930481283423,622.8340385409166,0.0,0.0,6.947860962566845,0.0,0.0,100.0,488.16105908375056,836.7473422756427,0.04428431329146123,100.0,1.0,6.745052091788856
296,2038,2,12,4.2692437014197545E18,44.306384980603944,2.814936244671537E-4,1.0,33.44325616323472,2.0,298.7000000000036,249.08288770053477,437.3700478708245,0.0,0.0,6.716577540106952,0.0,0.0,100.0,580.6607413926803,869.3380222411699,0.044080293673100866,100.0,1.0,6.77627064409236
291,2038,2,13,4.2848121755587553E18,45.07604148047796,7.696643144082784E-4,1.0,58.800499775161406,1.0,301.60000000000383,251.74598930481284,1183.0093881899268,0.0,0.0,6.949197860962567,0.0,0.0,100.0,460.8148143590133,828.4427265044234,0.04374829588472357,100.0,1.0,6.893982814661342
290,2038,2,13,2.2009420763865405E18,46.264386888252204,7.696643144082784E-4,1.0,39.20327496417984,1.0,301.60000000000383,256.8435828877005,584.3010324015046,0.0,0.0,6.768716577540107,0.0,0.0,132.0,526.4280123856588,905.3656857332223,0.042624578701609656,100.0,1.0,7.075729759379753
286,2038,2,13,3.967985631945377E18,46.56209368505008,7.696643144082784E-4,0.0,49.9876711937544,0.0,301.60000000000383,257.3449197860963,910.1839506235177,0.0,0.0,6.8689839572192515,0.0,0.0,132.0,589.6696996939586,910.0767595163314,0.04235204742593397,100.0,1.0,7.121261387125319
282,2038,2,13,4.90388125562359E18,45.89728831961229,7.696643144082784E-4,0.0,44.36380232683259,0.0,301.60000000000383,257.68582887700535,735.8533924115642,0.0,0.0,6.93716577540107,0.0,0.0,132.0,608.9359725542598,922.056763731392,0.04296550127902377,100.0,1.0,7.019585272411293
280,2038,2,13,8.709926167270339E18,46.03045569410192,7.696643144082784E-4,0.0,52.53585861341563,0.0,301.60000000000383,251.33823529411765,973.0216940612274,0.0,0.0,6.867647058823529,0.0,0.0,100.0,637.0704225623789,878.4360672891822,0.0428412009019651,100.0,1.0,7.03995204733324
298,2038,2,13,2.857941005564493E18,45.98437033352833,7.696643144082784E-4,0.0,46.16666509728738,0.0,301.60000000000383,250.70989304812835,762.3195436596461,0.0,0.0,6.741978609625669,0.0,0.0,100.0,521.4174265543273,888.2717234822487,0.04288413619012184,100.0,1.0,7.03290369806903
295,2038,2,13,8.305991534382669E18,45.785067730948995,7.696643144082784E-4,0.0,48.19152732903797,0.0,301.60000000000383,249.7139037433155,813.5119534422444,0.0,0.0,6.542780748663102,0.0,0.0,100.0,615.2765187275495,873.7836804268502,0.043070811024858026,100.0,1.0,7.002422123556889
294,2038,2,13,8.619173836053503E18,45.69350016811159,7.696643144082784E-4,0.0,40.89328472751103,0.0,301.60000000000383,257.5053475935829,654.4201611151113,0.0,0.0,6.901069518716578,0.0,0.0,132.0,628.785886216106,945.0005069767399,0.04315712284558664,100.0,1.0,6.988417672770005
291,2038,7,28,4.2848121755587553E18,37.09834338204721,7.988792473165146E-5,1.0,55.02813077491666,2.0,269.7000000000028,231.83957219251337,909.0764727581071,0.0,0.0,5.967914438502674,0.0,0.0,100.09999999999982,351.92583714710923,742.2016437750037,0.04765409459613508,100.0,1.0,5.659534658788301
286,2038,7,28,3.967985631945377E18,37.382727767491545,3.8553570836433496E-5,1.0,49.664805354479405,1.0,269.7000000000028,230.60294117647058,724.5002794342454,0.0,0.0,5.720588235294118,0.0,0.0,100.09999999999982,342.2114762646365,733.2188847760538,0.047291572083334114,100.0,1.0,5.702918894824538
288,2038,7,29,6.65317065901527E17,37.548137373209336,4.211365070726114E-5,1.0,37.305837239292295,2.0,272.6000000000036,232.99197860962568,449.39215835244784,0.0,0.0,5.898395721925134,0.0,0.0,100.09999999999982,330.3105594096429,753.929560191182,0.04758951143532595,100.0,1.0,5.728152943332199
287,2038,7,29,2.7812977706100634E18,36.5713978665348,8.750703267727742E-5,1.0,40.77609120324205,3.0,272.6000000000036,233.39304812834226,522.3048886418809,0.0,0.0,5.978609625668449,0.0,0.0,100.09999999999982,317.72280822488415,757.3572403459283,0.04886051989094632,100.0,1.0,5.579146529927026
285,2038,7,29,4.86643095885923E18,37.61098709977155,4.467371417578091E-5,1.0,32.81695149757575,2.0,272.6000000000036,233.3596256684492,362.2111188257868,0.0,0.0,5.971925133689839,0.0,0.0,100.09999999999982,291.90952298883553,740.0017300469026,0.04750998712576699,100.0,1.0,5.7377409780891995
281,2038,7,29,6.977615103056312E17,37.95021334089549,7.851263893880281E-5,1.0,44.21573376222943,1.0,272.6000000000036,233.30614973262033,601.5713121903309,0.0,0.0,5.961229946524064,0.0,0.0,100.09999999999982,314.88511788830664,757.8609791372007,0.047085308766155395,100.0,1.0,5.789491608812527
296,2038,7,29,4.2692437014197545E18,37.856462926719324,3.1012492380827115E-4,1.0,32.905962202716445,1.0,272.6000000000036,233.40641711229947,366.91503413153686,0.0,0.0,5.981283422459893,0.0,0.0,100.09999999999982,318.1105605818663,746.748683201235,0.047201914144924875,100.0,1.0,5.775189522251894
292,2038,7,30,6.261277189363532E18,38.9391430738333,3.550777694163855E-5,0.0,44.19458389995333,0.0,275.50000000000006,234.62566844919786,604.3863196460594,0.0,0.0,5.925133689839572,0.0,0.0,100.09999999999982,338.06683331000244,762.1575802349886,0.04637767856069259,100.0,1.0,5.940357701161441
290,2038,7,30,2.2009420763865405E18,37.74726926211262,2.839971829746073E-4,1.0,37.64930598167747,3.0,275.50000000000006,234.45855614973263,456.84933329443874,0.0,0.0,5.891711229946524,0.0,0.0,100.09999999999982,323.1005964200011,755.5051517635568,0.047842058411353014,100.0,1.0,5.758531491918904
289,2038,7,30,7.388801749022034E17,38.16687674575419,8.048920939742307E-6,1.0,48.86896872989214,1.0,275.50000000000006,234.88636363636363,727.2490579385308,0.0,0.0,5.9772727272727275,0.0,0.0,100.09999999999982,331.9546634724243,760.0238434442263,0.04731608176736531,100.0,1.0,5.822544676343361
283,2038,7,30,1.858714168763392E18,38.47891815020655,6.534448457822821E-5,1.0,36.37882220257398,1.0,275.50000000000006,233.56951871657753,453.6716688483362,0.0,0.0,5.713903743315508,0.0,0.0,100.09999999999982,385.64597966492215,791.9536058713495,0.046932376161344005,100.0,1.0,5.870148126591478
282,2038,7,30,4.90388125562359E18,38.365196461280306,3.5581106448860825E-5,0.0,46.55425480136401,0.0,275.50000000000006,234.97994652406416,643.9896791519631,0.0,0.0,5.995989304812834,0.0,0.0,100.09999999999982,294.8533343051026,738.3448982309202,0.047071492589114056,100.0,1.0,5.852799323888728
280,2038,7,30,8.709926167270339E18,36.85949981355259,7.01957727044525E-5,1.0,50.6264454014875,4.0,275.50000000000006,234.97994652406416,749.1478910229714,0.0,0.0,5.995989304812834,0.0,0.0,100.09999999999982,288.1132938099979,729.6872170236246,0.048994345285257056,100.0,1.0,5.623097898256864
299,2038,7,30,9.054830946953192E18,38.0639663613461,1.0168030288795779E-4,1.0,51.08035542623067,2.0,275.50000000000006,234.75267379679144,773.9914446603569,0.0,0.0,5.9505347593582885,0.0,0.0,100.09999999999982,320.71634105691936,740.5526647325062,0.0474440063277524,100.0,1.0,5.806845191293346
294,2038,7,30,8.619173836053503E18,37.717378244663905,4.2285918163113064E-5,1.0,42.74850151200904,1.0,275.50000000000006,234.69251336898395,563.4358675668597,0.0,0.0,5.938502673796791,0.0,0.0,100.09999999999982,309.15518319525285,753.4603633221218,0.04787997323654255,100.0,1.0,5.753971470262545
293,2038,7,31,7.421366990471719E18,37.71976430222215,4.480279165100711E-5,1.0,51.549931439577456,3.0,278.39999999999634,236.54679144385025,833.3221335672888,0.0,0.0,6.009358288770054,0.0,0.0,100.09999999999982,280.6880560000047,782.3056677974909,0.048380912306206315,100.0,1.0,5.754335475072947
284,2038,7,31,2.3275888066568E18,38.01727206662626,3.918687437557128E-5,1.0,45.16651961527854,3.0,278.39999999999634,236.2125668449198,616.2341944438448,0.0,0.0,5.942513368983957,0.0,0.0,100.09999999999982,329.6414689999962,747.1605314518396,0.048002302893231534,100.0,1.0,5.799721747084171
298,2038,7,31,2.857941005564493E18,39.11777193822255,5.805408532539705E-5,1.0,44.25605522871321,1.0,278.39999999999634,235.99866310160428,620.2610982386642,0.0,0.0,5.899732620320855,0.0,0.0,100.09999999999982,322.46134499999624,780.3100960189184,0.046651854604567396,100.0,1.0,5.967608412565444
297,2038,7,31,6.522181452910449E18,36.308670168349565,6.623770265020742E-5,2.0,37.504137652408936,7.0,278.39999999999634,236.41978609625667,449.9427685637451,0.0,0.0,5.983957219251337,0.0,0.0,100.09999999999982,331.20007406460303,748.67181254195,0.050261180055758956,100.0,1.0,5.539066127996672
295,2038,7,31,8.305991534382669E18,38.75447667079807,7.729933295320812E-5,1.0,47.34405324974506,1.0,278.39999999999634,236.41978609625667,674.9451347499078,0.0,0.0,5.983957219251337,0.0,0.0,100.09999999999982,318.42482030822384,749.6484324891998,0.04708918209419862,100.0,1.0,5.912185933556387
286,2039,2,10,3.967985631945377E18,42.76938765827665,6.23604555752359E-4,0.0,50.65397438696224,0.0,292.8999999999962,243.87032085561498,862.9728719232531,0.0,0.0,6.274064171122995,0.0,0.0,100.0,552.4545480867919,840.0319825314928,0.04477771344114048,100.0,1.0,6.541200465383479
293,2039,2,11,7.421366990471719E18,44.199547447889316,3.674236944366476E-4,0.0,52.176332323692925,0.0,295.7999999999965,248.6457219251337,994.1351224323223,0.0,0.0,6.929144385026738,0.0,0.0,100.0,524.8299747943382,910.4534273292663,0.04375784447470081,100.0,1.0,6.759930786147778
291,2039,2,11,4.2848121755587553E18,43.855415893601204,7.696643144082784E-4,0.0,56.59788983496089,0.0,295.7999999999965,247.66310160427807,1127.3664783551503,0.0,0.0,6.732620320855615,0.0,0.0,100.0,588.9310030042002,863.8685069921648,0.04410121039027915,100.0,1.0,6.707298901374306
290,2039,2,11,2.2009420763865405E18,44.137142665203605,7.696643144082784E-4,0.0,39.50805323585719,0.0,295.7999999999965,246.37967914438502,564.5985487792839,0.0,0.0,6.475935828877005,0.0,0.0,100.0,528.1868007770208,863.6703378682065,0.043819712973890944,100.0,1.0,6.750386525266441
288,2039,2,11,6.65317065901527E17,42.83731800421757,4.389629740552417E-4,1.0,39.70023896447621,2.0,295.7999999999965,248.3649732620321,550.1420110986302,0.0,0.0,6.872994652406417,0.0,0.0,100.0,453.4698093883388,834.5481467694268,0.04514934671882299,100.0,1.0,6.551589812409755
285,2039,2,11,4.86643095885923E18,44.49023866183793,7.696643144082784E-4,0.0,33.64688818007981,0.0,295.7999999999965,248.00401069518716,438.8936820184524,0.0,0.0,6.800802139037433,0.0,0.0,100.0,528.4733082915957,864.63819799471,0.04347193859258566,100.0,1.0,6.804389442398746
282,2039,2,11,4.90388125562359E18,43.982447826665144,7.696643144082784E-4,0.0,47.84274121180808,0.0,295.7999999999965,248.15106951871658,778.2964525665084,0.0,0.0,6.830213903743315,0.0,0.0,100.0,516.5452790247315,847.7636616038103,0.043973835442244966,100.0,1.0,6.726727314666442
280,2039,2,11,8.709926167270339E18,44.1693104801366,7.696643144082784E-4,1.0,52.50979243495857,1.0,295.7999999999965,248.55882352941177,936.1104042045746,0.0,0.0,6.911764705882353,0.0,0.0,100.0,534.3070977383142,846.0601420963823,0.04378779976532977,100.0,1.0,6.755306308726763
299,2039,2,11,9.054830946953192E18,43.94101181190084,4.822458110327558E-4,0.0,51.59118265393698,0.0,295.7999999999965,246.8542780748663,886.6989593145237,0.0,0.0,6.570855614973262,0.0,0.0,100.0,503.7547460564528,831.204810733783,0.044015302409424334,100.0,1.0,6.720390041820121
295,2039,2,11,8.305991534382669E18,43.529955683266124,7.696643144082784E-4,0.0,44.23379900718768,0.0,295.7999999999965,248.47860962566844,693.1941569111275,0.0,0.0,6.89572192513369,0.0,0.0,100.0,583.0587646626477,873.0537187097513,0.04443094169793519,100.0,1.0,6.657522633911291
294,2039,2,11,8.619173836053503E18,43.46870314110993,6.909015389661388E-4,0.0,41.26544553351378,0.0,295.7999999999965,247.24866310160428,606.9526813005756,0.0,0.0,6.649732620320855,0.0,0.0,100.0,544.2912197633459,863.0077435176629,0.04449355014798619,100.0,1.0,6.64815459805211
289,2039,2,12,7.388801749022034E17,44.46048630411259,6.226859409180437E-4,1.0,52.06771580254565,1.0,298.7000000000036,249.5374331550802,947.990269629178,0.0,0.0,6.807486631016043,0.0,0.0,100.0,530.088707128598,871.9762578763804,0.04392751010817949,100.0,1.0,6.799839081805468
287,2039,2,12,2.7812977706100634E18,45.29897304893157,7.696643144082784E-4,0.0,43.480165465621454,0.0,298.7000000000036,249.73128342245988,700.0131374471723,0.0,0.0,6.846256684491979,0.0,0.0,100.0,629.3145743202064,909.2526294465473,0.04311440922576391,100.0,1.0,6.928078231013061
283,2039,2,12,1.858714168763392E18,45.04348363928411,4.7407673864040826E-4,1.0,39.90182280007213,2.0,298.7000000000036,247.28475935828877,583.4437035706603,0.0,0.0,6.356951871657754,0.0,0.0,100.0,529.6404792456159,878.0450107557696,0.04335895680668823,100.0,1.0,6.889003380125797
281,2039,2,12,6.977615103056312E17,44.56883337894633,7.696643144082784E-4,1.0,43.23653532812452,1.0,298.7000000000036,249.44385026737967,682.383353416524,0.0,0.0,6.788770053475936,0.0,0.0,100.0,555.8777667213443,894.9525274198505,0.04382072209368334,100.0,1.0,6.816409810897675
298,2039,2,12,2.857941005564493E18,44.36582307158587,7.696643144082784E-4,0.0,46.150410933063036,0.0,298.7000000000036,248.86229946524065,766.1064642227618,0.0,0.0,6.672459893048129,0.0,0.0,100.0,513.5844295614526,893.1677630337115,0.04402123811356293,100.0,1.0,6.785361175654309
296,2039,2,12,4.2692437014197545E18,44.73774135221176,7.696643144082784E-4,1.0,39.03981101771219,1.0,298.7000000000036,250.1457219251337,545.1238422301703,0.0,0.0,6.929144385026738,0.0,0.0,100.0,508.12893117482656,850.3858958920285,0.04365527633955825,100.0,1.0,6.842242795044147
292,2039,2,13,6.261277189363532E18,45.66830570648872,7.696643144082784E-4,0.0,45.75803017489758,0.0,301.60000000000383,255.4866310160428,771.3971180086403,0.0,0.0,6.497326203208556,0.0,0.0,132.0,571.1307674925359,913.5249730207635,0.04318093192846083,100.0,1.0,6.984564402168851
284,2039,2,13,2.3275888066568E18,45.53576744597559,4.093959119192972E-4,1.0,47.1745799341122,2.0,301.60000000000383,256.3355614973262,788.9176988277185,0.0,0.0,6.6671122994652405,0.0,0.0,132.0,499.69023719492367,882.7611082061421,0.04330661610874654,100.0,1.0,6.964293844678628
297,2039,2,13,6.522181452910449E18,45.00595534043105,7.696643144082784E-4,1.0,42.68786692580007,1.0,301.60000000000383,249.88770053475935,632.1188607306747,0.0,0.0,6.577540106951871,0.0,0.0,100.0,543.3293904873973,847.6805757960044,0.04381642351736688,100.0,1.0,6.883263757948273
289,2039,7,28,7.388801749022034E17,36.53084572424054,1.29759382346557E-4,1.0,49.74070870190152,2.0,269.7000000000028,231.87967914438502,742.4201297409899,0.0,0.0,5.975935828877005,0.0,0.0,100.09999999999982,302.3984526018905,749.1741155648654,0.04839438917547089,100.0,1.0,5.572960101265262
288,2039,7,28,6.65317065901527E17,36.6541883517391,9.437763962515856E-5,1.0,36.08556596280259,3.0,269.7000000000028,231.68582887700535,426.9514996503909,0.0,0.0,5.93716577540107,0.0,0.0,100.09999999999982,348.5489860759044,754.8804342692955,0.04823154036103777,100.0,1.0,5.591776625443853
281,2039,7,28,6.977615103056312E17,36.911029563157875,3.1012492380827115E-4,1.0,40.58691707219233,2.0,269.7000000000028,231.91978609625667,529.3666324883033,0.0,0.0,5.983957219251337,0.0,0.0,100.09999999999982,348.42705200000637,773.6526906001336,0.04789592665961748,100.0,1.0,5.630959014879966
291,2039,7,29,4.2848121755587553E18,36.85550675059749,3.1012492380827115E-4,1.0,55.06372854618905,2.0,272.6000000000036,233.18582887700535,919.6368436939151,0.0,0.0,5.93716577540107,0.0,0.0,100.09999999999982,345.85492262977044,749.5442144648313,0.04848386768874287,100.0,1.0,5.622488736873126
285,2039,7,29,4.86643095885923E18,37.76002584526333,1.4952985718817311E-4,1.0,31.780360485438152,1.0,272.6000000000036,233.37299465240642,351.13958148893556,0.0,0.0,5.974598930481283,0.0,0.0,100.09999999999982,315.710850789444,752.4078009725558,0.04732246530285913,100.0,1.0,5.7604775713900445
280,2039,7,29,8.709926167270339E18,38.05349963579136,6.37068454823893E-5,0.0,51.58241700186388,0.0,272.6000000000036,233.03877005347593,790.433627902369,0.0,0.0,5.907754010695188,0.0,0.0,100.09999999999982,331.7453731653742,741.0946718412986,0.04695750798217957,100.0,1.0,5.805248440855414
299,2039,7,29,9.054830946953192E18,35.57001488387198,8.770501238921697E-5,1.0,46.49680572086507,5.0,272.6000000000036,233.31283422459893,645.4292228626304,0.0,0.0,5.962566844919786,0.0,0.0,100.09999999999982,333.08549999999406,741.6926092529194,0.0502360631203374,100.0,1.0,5.426380633112254
295,2039,7,29,8.305991534382669E18,37.641715944904554,3.516155598733233E-5,1.0,44.653271999931015,1.0,272.6000000000036,233.45989304812835,603.704257405414,0.0,0.0,5.991978609625669,0.0,0.0,100.09999999999982,312.69948460639637,747.2587698574292,0.04747120230950633,100.0,1.0,5.742428814477576
294,2039,7,29,8.619173836053503E18,36.321658694890466,4.1605168206100225E-5,2.0,39.69516104935062,3.0,272.6000000000036,233.4933155080214,486.82137724033726,0.0,0.0,5.998663101604278,0.0,0.0,100.09999999999982,275.432025435526,738.3487886327907,0.04919647331934505,100.0,1.0,5.541047591572215
293,2039,7,30,7.421366990471719E18,36.38607339371548,2.3212943398822673E-4,1.0,48.69445687670202,5.0,275.50000000000006,234.67245989304814,761.9739029305124,0.0,0.0,5.934491978609626,0.0,0.0,100.09999999999982,332.9752197003906,801.9669274937023,0.04963182043212644,100.0,1.0,5.550874370541328
292,2039,7,30,6.261277189363532E18,37.27805630321955,5.9479271923335456E-5,1.0,44.578340343406616,2.0,275.50000000000006,234.88636363636363,612.0127025283396,0.0,0.0,5.9772727272727275,0.0,0.0,100.09999999999982,326.03035791675956,759.879429151698,0.04844423878267208,100.0,1.0,5.686950748383791
290,2039,7,30,2.2009420763865405E18,37.38135437070335,3.5646542966467954E-5,1.0,37.18183924321271,2.0,275.50000000000006,234.9866310160428,449.14685539312916,0.0,0.0,5.997326203208556,0.0,0.0,100.09999999999982,294.8463245594445,757.4510692454751,0.048310370004207,100.0,1.0,5.7027093763928685
287,2039,7,30,2.7812977706100634E18,36.600445982823615,7.099929574365182E-5,1.0,41.69671888048225,3.0,275.50000000000006,234.97326203208556,541.2874029013138,0.0,0.0,5.994652406417113,0.0,0.0,100.09999999999982,293.0025580000009,755.6755603923817,0.049341121738094684,100.0,1.0,5.583577962867743
286,2039,7,30,3.967985631945377E18,36.98920660542661,5.0052440898688064E-5,1.0,50.23018476537697,3.0,275.50000000000006,234.9933155080214,738.3939900792546,0.0,0.0,5.998663101604278,0.0,0.0,100.09999999999982,288.7150170000025,730.7340578690942,0.048822541131285514,100.0,1.0,5.642885306997252
284,2039,7,30,2.3275888066568E18,37.314390868478505,4.823093682865803E-5,1.0,45.95769526475119,3.0,275.50000000000006,234.91310160427807,628.3567331477179,0.0,0.0,5.982620320855615,0.0,0.0,100.09999999999982,294.68121886486404,738.0447137535539,0.04839706662430364,100.0,1.0,5.692493764935161
283,2039,7,30,1.858714168763392E18,36.68986153157269,1.008208464916356E-4,1.0,34.945710806294365,4.0,275.50000000000006,234.9331550802139,415.43747178402907,0.0,0.0,5.9866310160427805,0.0,0.0,100.09999999999982,299.9092402277149,772.0016359034909,0.04922087425576748,100.0,1.0,5.597218744397215
282,2039,7,30,4.90388125562359E18,37.79173179209572,8.363671084365454E-5,1.0,46.68635858502135,1.0,275.50000000000006,234.9933155080214,651.1514790287478,0.0,0.0,5.998663101604278,0.0,0.0,100.09999999999982,302.5295159956457,742.505118879612,0.047785771523832996,100.0,1.0,5.765314469446106
297,2039,7,30,6.522181452910449E18,37.09055633832423,6.48796911732785E-5,1.0,38.85848662484923,3.0,275.50000000000006,234.91978609625667,473.1628621040071,0.0,0.0,5.983957219251337,0.0,0.0,100.09999999999982,327.4929683077192,743.2976082656536,0.04868913381709211,100.0,1.0,5.658346706987155
296,2039,7,30,4.2692437014197545E18,38.24972230224627,1.15116898221333E-4,1.0,37.604010785303885,1.0,275.50000000000006,234.91310160427807,447.9514433255194,0.0,0.0,5.982620320855615,0.0,0.0,100.09999999999982,296.65759200000264,742.1634336126871,0.04721359926843197,100.0,1.0,5.8351831732558725
298,2039,7,31,2.857941005564493E18,37.8712703752548,8.585961345743942E-5,1.0,44.150433488284875,1.0,278.39999999999634,236.4933155080214,624.2611588170665,0.0,0.0,5.998663101604278,0.0,0.0,100.09999999999982,305.504965,788.5407686851134,0.04818736184009795,100.0,1.0,5.777448471319558
299,2040,2,9,9.054830946953192E18,41.73103967937683,7.696643144082784E-4,0.0,50.57488692502346,0.0,290.00000000000006,242.8649732620321,873.9182403035554,0.0,0.0,6.372994652406417,0.0,0.0,100.0,681.933260014409,853.2681331911956,0.04543749354730102,100.0,1.0,6.382394303904689
290,2040,2,10,2.2009420763865405E18,44.3459534624344,7.696643144082784E-4,0.0,37.117967193973485,0.0,292.8999999999962,246.63101604278074,534.4319924034111,0.0,0.0,6.82620320855615,0.0,0.0,100.0,628.0363847885154,904.3713788040803,0.043185797915872105,100.0,1.0,6.782322294254671
289,2040,2,10,7.388801749022034E17,43.10604596953744,5.312837649037999E-4,0.0,50.82661738109183,0.0,292.8999999999962,245.37433155080214,873.8422962402759,0.0,0.0,6.574866310160428,0.0,0.0,100.0,463.5999571702153,844.7050266495713,0.04442799940334938,100.0,1.0,6.592689383576314
283,2040,2,10,1.858714168763392E18,42.729966281047126,7.696643144082784E-4,1.0,35.72877136167176,1.0,292.8999999999962,247.05882352941177,501.6291017341906,0.0,0.0,6.911764705882353,0.0,0.0,100.0,552.882842932013,900.9939039708541,0.04481902400809549,100.0,1.0,6.535171313571907
298,2040,2,10,2.857941005564493E18,43.18596516747278,7.696643144082784E-4,0.0,48.317432522278864,0.0,292.8999999999962,247.11229946524065,817.869201625309,0.0,0.0,6.922459893048129,0.0,0.0,100.0,530.8329326528327,874.0318887055892,0.044345781718404295,100.0,1.0,6.604912319731135
297,2040,2,10,6.522181452910449E18,42.485843622312636,5.666504360248847E-4,1.0,37.8506093737377,2.0,292.8999999999962,245.84893048128342,515.8266687946242,0.0,0.0,6.669786096256685,0.0,0.0,100.0,540.6733891565827,846.0821908702436,0.04507655306648034,100.0,1.0,6.49783490694193
294,2040,2,10,8.619173836053503E18,44.11792943849622,7.696643144082784E-4,0.0,41.40125528311863,0.0,292.8999999999962,245.40106951871658,606.6960132596257,0.0,0.0,6.580213903743315,0.0,0.0,100.0,515.9997776905113,857.8958885846037,0.04340900420735249,100.0,1.0,6.747448031770001
292,2040,2,11,6.261277189363532E18,44.07118230167982,7.696643144082784E-4,0.0,47.50920780235301,0.0,295.7999999999965,247.50935828877004,762.7286651006667,0.0,0.0,6.701871657754011,0.0,0.0,100.0,462.72503476204065,842.0394819953933,0.04388529696883537,100.0,1.0,6.740298469668677
291,2040,2,11,4.2848121755587553E18,44.960103770053564,7.696643144082784E-4,0.0,57.85402922938893,0.0,295.7999999999965,247.3422459893048,1191.1452306478143,0.0,0.0,6.668449197860962,0.0,0.0,100.0,583.6512472013719,867.1581457418371,0.04301762587045279,100.0,1.0,6.876251164831728
288,2040,2,11,6.65317065901527E17,42.99116266188824,7.696643144082784E-4,1.0,40.352501348485085,1.0,295.7999999999965,246.39973262032086,580.2014025971258,0.0,0.0,6.479946524064171,0.0,0.0,100.0,517.9655060428936,856.7070661369688,0.04498777896024343,100.0,1.0,6.575118995347618
286,2040,2,11,3.967985631945377E18,44.0137490793021,5.253127684807554E-4,0.0,52.902104740837906,0.0,295.7999999999965,248.39839572192514,979.6449097304172,0.0,0.0,6.879679144385027,0.0,0.0,100.0,632.7420765425318,871.4294704469565,0.0439425625749846,100.0,1.0,6.7315145650697215
284,2040,2,11,2.3275888066568E18,43.702016389074316,5.458612158923962E-4,0.0,45.321110953800805,0.0,295.7999999999965,248.55213903743316,705.4784320970379,0.0,0.0,6.910427807486631,0.0,0.0,100.0,518.1069089051886,850.3212969328455,0.044256011115323006,100.0,1.0,6.683837800681951
282,2040,2,11,4.90388125562359E18,44.32493534407038,4.704549599072607E-4,0.0,47.21240277229998,0.0,295.7999999999965,248.26470588235293,784.0621287908946,0.0,0.0,6.852941176470588,0.0,0.0,100.0,595.783586285543,875.8500683676579,0.04363406078460595,100.0,1.0,6.779107758504898
281,2040,2,11,6.977615103056312E17,43.587472949700235,7.696643144082784E-4,1.0,43.10409390470555,3.0,295.7999999999965,247.02807486631016,666.202987281928,0.0,0.0,6.605614973262032,0.0,0.0,100.0,518.3615027921436,878.3802089137026,0.044372311404903386,100.0,1.0,6.66631939230709
296,2040,2,11,4.2692437014197545E18,42.95915596709164,5.738551210209584E-4,2.0,35.03432757135112,3.0,295.7999999999965,248.00401069518716,478.5173343877088,0.0,0.0,6.800802139037433,0.0,0.0,100.0,632.2855895635008,886.1851467798656,0.045021297079450975,100.0,1.0,6.57022385379048
295,2040,2,11,8.305991534382669E18,42.870843514137135,2.8254898228500646E-4,0.0,45.632303054196925,0.0,295.7999999999965,248.3114973262032,697.7374907280749,0.0,0.0,6.862299465240642,0.0,0.0,100.0,450.16237652191654,830.2586652633281,0.04511403939227639,100.0,1.0,6.556717243338624
293,2040,2,12,7.421366990471719E18,44.93264799383416,7.696643144082784E-4,0.0,52.90695570386563,0.0,298.7000000000036,249.13636363636363,1031.4564494041006,0.0,0.0,6.7272727272727275,0.0,0.0,100.0,540.3944182506923,917.5489303044916,0.0434659106181877,100.0,1.0,6.872052046115809
287,2040,2,12,2.7812977706100634E18,44.27285057548821,7.696643144082784E-4,1.0,45.13564734593811,2.0,298.7000000000036,249.95855614973263,713.9284310896397,0.0,0.0,6.891711229946524,0.0,0.0,100.0,472.2273064416899,867.1071674878982,0.04411368222627595,100.0,1.0,6.771141852721726
285,2040,2,12,4.86643095885923E18,44.74355768587061,6.350872411812777E-4,1.0,29.427717688303648,1.0,298.7000000000036,249.3235294117647,376.5656132296183,0.0,0.0,6.764705882352941,0.0,0.0,100.0,598.0895214698435,901.9467098893913,0.043649601474476205,100.0,1.0,6.843132351956669
280,2040,2,12,8.709926167270339E18,44.04988776565247,7.696643144082784E-4,1.0,50.54237195246908,1.0,298.7000000000036,249.951871657754,884.8890130814124,0.0,0.0,6.890374331550802,0.0,0.0,100.0,554.282017866034,865.3279533723197,0.04433696793800572,100.0,1.0,6.737041658276265
290,2040,7,27,2.2009420763865405E18,38.27538729305951,5.2832184635139865E-5,0.0,38.59166363249112,0.0,269.7000000000028,229.86096256684493,478.54201391769027,0.0,0.0,5.572192513368984,0.0,0.0,100.09999999999982,343.53702334343865,760.1656489091137,0.04618863687392538,100.0,1.0,5.839098493773801
287,2040,7,27,2.7812977706100634E18,37.776052545185415,3.1012492380827115E-4,0.0,42.9064993304288,0.0,269.7000000000028,231.97326203208556,577.8459376702099,0.0,0.0,5.994652406417113,0.0,0.0,100.09999999999982,324.64348133783585,767.7743224401494,0.0467991715855791,100.0,1.0,5.762922523250589
285,2040,7,27,4.86643095885923E18,36.46233610651039,5.5617812734625374E-5,1.0,26.310920656258794,2.0,269.7000000000028,231.82620320855614,273.95000015674003,0.0,0.0,5.96524064171123,0.0,0.0,100.09999999999982,336.1137469999972,765.3015377761245,0.04848531810259748,100.0,1.0,5.562508622286512
282,2040,7,27,4.90388125562359E18,37.04907673465912,6.180249577685754E-5,1.0,46.72645742909473,2.0,269.7000000000028,231.14438502673798,647.1226330510026,0.0,0.0,5.828877005347594,0.0,0.0,100.09999999999982,308.07441479377246,736.813905728201,0.04771746344853273,100.0,1.0,5.652018789533872
280,2040,7,27,8.709926167270339E18,37.51301231863253,3.1012492380827115E-4,0.0,50.64875656581817,0.0,269.7000000000028,231.67245989304814,753.5100305225191,0.0,0.0,5.934491978609626,0.0,0.0,100.09999999999982,285.0497188167959,733.2155144173323,0.04712732610944927,100.0,1.0,5.722794443581354
298,2040,7,27,2.857941005564493E18,36.225118960199424,4.9461710336247396E-5,1.0,44.35649987248304,3.0,269.7000000000028,231.67914438502675,622.1279010473608,0.0,0.0,5.935828877005347,0.0,0.0,100.09999999999982,306.1396710000039,779.327028913174,0.048802820132360786,100.0,1.0,5.526319980454709
296,2040,7,27,4.2692437014197545E18,37.55732565535472,4.936722760399095E-5,1.0,37.686879869970554,1.0,269.7000000000028,231.14438502673798,448.94728298274407,0.0,0.0,5.828877005347594,0.0,0.0,100.09999999999982,313.80295000000433,741.1396357853744,0.04707172126980046,100.0,1.0,5.729554660943166
293,2040,7,28,7.421366990471719E18,35.36210916899317,4.932012147078104E-5,2.0,47.67298809076598,6.0,272.6000000000036,233.41978609625667,729.893101055078,0.0,0.0,5.983957219251337,0.0,0.0,100.09999999999982,324.2217639999949,800.1052598909936,0.05053141780537101,100.0,1.0,5.394663594240746
291,2040,7,28,4.2848121755587553E18,38.40916385418347,3.652825957694596E-5,0.0,56.70364819549239,0.0,272.6000000000036,232.92513368983958,995.0125741450787,0.0,0.0,5.885026737967914,0.0,0.0,100.09999999999982,363.8814900481651,758.9435090401187,0.04652268712959526,100.0,1.0,5.859506765820282
289,2040,7,28,7.388801749022034E17,37.00729841121799,7.048293722915253E-5,1.0,46.6925116000226,2.0,272.6000000000036,233.31283422459893,687.6974637651831,0.0,0.0,5.962566844919786,0.0,0.0,100.09999999999982,381.66323503398377,783.9794276162567,0.048285002948388035,100.0,1.0,5.645645300910232
288,2040,7,28,6.65317065901527E17,38.57639430873083,4.6860822576045814E-5,0.0,41.67171694270437,0.0,272.6000000000036,232.8716577540107,536.364355956195,0.0,0.0,5.874331550802139,0.0,0.0,100.09999999999982,296.3452005418282,749.7314640626677,0.04632100912793486,100.0,1.0,5.88501859376821
286,2040,7,28,3.967985631945377E18,37.222882647986516,9.153628211578252E-5,1.0,51.58444166908417,4.0,272.6000000000036,232.83823529411765,797.9080175335288,0.0,0.0,5.867647058823529,0.0,0.0,100.09999999999982,331.566100863571,747.9958547695293,0.048005350090589864,100.0,1.0,5.678533736043712
284,2040,7,28,2.3275888066568E18,35.66963499977394,3.1012492380827115E-4,1.0,41.67614287565416,6.0,272.6000000000036,233.18582887700535,528.3406696488822,0.0,0.0,5.93716577540107,0.0,0.0,100.09999999999982,305.7761314999969,738.2977643197333,0.0500957610838704,100.0,1.0,5.441578171526654
283,2040,7,28,1.858714168763392E18,37.65010271342371,3.994396236582573E-5,1.0,36.84985206492032,2.0,272.6000000000036,233.30614973262033,454.74514228547866,0.0,0.0,5.961229946524064,0.0,0.0,100.09999999999982,308.45041900000064,778.008668305303,0.04746062783675852,100.0,1.0,5.743708257244616
281,2040,7,28,6.977615103056312E17,36.613284217479304,4.812615204970067E-5,1.0,41.16395359660091,4.0,272.6000000000036,233.47994652406416,533.2121276473943,0.0,0.0,5.995989304812834,0.0,0.0,100.09999999999982,293.28623741815727,760.954159607052,0.048804622450243536,100.0,1.0,5.585536498677357
299,2040,7,28,9.054830946953192E18,35.911865453741584,5.119262525722535E-5,2.0,50.65061702203655,4.0,272.6000000000036,233.4866310160428,743.9101648428613,0.0,0.0,5.997326203208556,0.0,0.0,100.09999999999982,278.5739410000023,723.8494657731388,0.04975785831006905,100.0,1.0,5.478531618086946
295,2040,7,28,8.305991534382669E18,37.62469766767956,2.2736431364242746E-4,1.0,44.1825212621889,1.0,272.6000000000036,233.2192513368984,591.4412922082441,0.0,0.0,5.94385026737968,0.0,0.0,100.09999999999982,316.45231381938424,746.1857263238303,0.047492674324730026,100.0,1.0,5.739832592624867
292,2040,7,29,6.261277189363532E18,37.457050334154964,5.565773937693307E-5,1.0,44.2957494475643,3.0,275.50000000000006,234.89973262032086,603.0696741955427,0.0,0.0,5.979946524064171,0.0,0.0,100.09999999999982,309.1262430000041,757.4127923256534,0.04821274085376543,100.0,1.0,5.71425716773958
297,2040,7,29,6.522181452910449E18,37.597292811054075,7.338497960441816E-5,1.0,38.10485457037736,3.0,275.50000000000006,234.23128342245988,458.485092993676,0.0,0.0,5.846256684491979,0.0,0.0,100.09999999999982,319.6615245399956,743.6745768480482,0.048032901464014406,100.0,1.0,5.735651847024083
294,2040,7,29,8.619173836053503E18,36.522573475559795,5.838195101812334E-5,1.0,36.85269902458991,5.0,275.50000000000006,234.94652406417111,446.1454884883586,0.0,0.0,5.989304812834225,0.0,0.0,100.09999999999982,318.2543400000061,763.239736995933,0.049446325629696995,100.0,1.0,5.571698129062543
292,2041,2,9,6.261277189363532E18,42.664751166605534,7.696643144082784E-4,2.0,44.09191107579239,2.0,292.8999999999962,246.06951871657753,683.2262007581148,0.0,0.0,6.713903743315508,0.0,0.0,100.0,510.13289836245485,865.5456621694383,0.04488753203169643,100.0,1.0,6.52519723724554
291,2041,2,9,4.2848121755587553E18,43.125800442543756,7.696643144082784E-4,1.0,56.801547218850466,2.0,292.8999999999962,245.36096256684493,1096.6783095198882,0.0,0.0,6.572192513368984,0.0,0.0,100.0,481.30089524638737,833.3065584923874,0.044407648436968886,100.0,1.0,6.595710655918456
286,2041,2,9,3.967985631945377E18,44.06391650377336,7.696643144082784E-4,0.0,53.76752782158809,0.0,292.8999999999962,244.80614973262033,1008.9616890079755,0.0,0.0,6.461229946524064,0.0,0.0,100.0,588.992357891885,866.903832027926,0.043462214359710004,100.0,1.0,6.739187229988862
281,2041,2,9,6.977615103056312E17,42.63975106956648,4.867309454395652E-4,1.0,42.07049694551973,1.0,292.8999999999962,246.04946524064172,654.5396225497126,0.0,0.0,6.709893048128342,0.0,0.0,100.0,557.503174157052,900.299091601511,0.044913850024379046,100.0,1.0,6.521373692992504
280,2041,2,9,8.709926167270339E18,42.05427981063177,7.696643144082784E-4,1.0,49.77351270933376,1.0,292.8999999999962,244.21122994652407,829.5086816086477,0.0,0.0,6.342245989304812,0.0,0.0,100.0,489.765044489775,836.0056167751495,0.04553913164698161,100.0,1.0,6.431831029861327
297,2041,2,9,6.522181452910449E18,43.97004528186719,7.696643144082784E-4,0.0,43.37795860275045,0.0,292.8999999999962,244.49866310160428,623.251843797894,0.0,0.0,6.399732620320855,0.0,0.0,100.0,467.81030379911397,812.6544745238052,0.04355500141832089,100.0,1.0,6.724830454873809
296,2041,2,9,4.2692437014197545E18,43.060599277370514,7.696643144082784E-4,1.0,37.40264519441235,1.0,292.8999999999962,243.9639037433155,504.8176854351735,0.0,0.0,6.292780748663102,0.0,0.0,100.0,535.6737665633565,843.9352807583732,0.04447488926662017,100.0,1.0,6.585738713009616
294,2041,2,9,8.619173836053503E18,43.351194803980185,7.696643144082784E-4,1.0,38.446595129478474,1.0,292.8999999999962,245.65508021390374,522.2680112782663,0.0,0.0,6.6310160427807485,0.0,0.0,100.0,428.1092690312264,835.3419887951766,0.04417676129285197,100.0,1.0,6.630182734726392
290,2041,2,10,2.2009420763865405E18,42.804638524107865,7.696643144082784E-4,1.0,43.09392580530652,2.0,295.7999999999965,246.33288770053477,645.8588034743561,0.0,0.0,6.466577540106952,0.0,0.0,100.0,474.2593949464866,852.074855271426,0.045183816281677405,100.0,1.0,6.546591774275319
288,2041,2,10,6.65317065901527E17,44.415342385165154,7.696643144082784E-4,0.0,41.37109228397815,0.0,295.7999999999965,247.7433155080214,607.8701667909811,0.0,0.0,6.748663101604278,0.0,0.0,100.0,514.6116120122011,860.6296018684654,0.04354524403537839,100.0,1.0,6.792934717731135
287,2041,2,10,2.7812977706100634E18,43.57944545298477,7.696643144082784E-4,1.0,44.63518745095001,1.0,295.7999999999965,248.07085561497325,701.9428477906183,0.0,0.0,6.814171122994653,0.0,0.0,100.0,470.72553903275576,869.809712977308,0.04438048495049017,100.0,1.0,6.665091657515325
285,2041,2,10,4.86643095885923E18,44.079346491504324,7.696643144082784E-4,1.0,30.516348663787685,1.0,295.7999999999965,247.1216577540107,381.18851885722904,0.0,0.0,6.624331550802139,0.0,0.0,100.0,505.46139060298066,866.5282878212352,0.043877168720041354,100.0,1.0,6.741547110465374
284,2041,2,10,2.3275888066568E18,41.622928459578105,3.586506590905304E-4,2.0,46.4253763819023,3.0,295.7999999999965,247.1216577540107,725.9316772960107,0.0,0.0,6.624331550802139,0.0,0.0,100.0,491.6792186221961,836.6205462411334,0.046466622956507476,100.0,1.0,6.365859646759003
283,2041,2,10,1.858714168763392E18,44.06160467383961,7.696643144082784E-4,0.0,37.22498323792378,0.0,295.7999999999965,247.44919786096256,536.1897723105342,0.0,0.0,6.689839572192513,0.0,0.0,100.0,553.3735971392641,903.1588492096655,0.04389483627284249,100.0,1.0,6.738833655998996
299,2041,2,10,9.054830946953192E18,43.50653773490816,7.696643144082784E-4,0.0,52.55002388224394,0.0,295.7999999999965,248.77272727272728,965.6083478005374,0.0,0.0,6.954545454545454,0.0,0.0,100.0,608.2489288962088,871.135559121338,0.044454857218506345,100.0,1.0,6.653941065338893
298,2041,2,10,2.857941005564493E18,44.08210257203072,7.696643144082784E-4,0.0,48.11715931104704,0.0,295.7999999999965,247.44251336898395,859.9438439584513,0.0,0.0,6.688502673796791,0.0,0.0,100.0,580.961470887893,926.341226989519,0.04387442545229313,100.0,1.0,6.7419686286635185
295,2041,2,10,8.305991534382669E18,43.213227831867314,7.696643144082784E-4,1.0,48.15234886497529,4.0,295.7999999999965,245.6042780748663,767.273692879269,0.0,0.0,6.320855614973262,0.0,0.0,100.0,454.41639822810924,825.3993061914989,0.044756594684432,100.0,1.0,6.609081903697349
293,2041,2,11,7.421366990471719E18,43.87600273313834,3.800990053742502E-4,1.0,53.72131013223586,3.0,298.7000000000036,250.05213903743316,1065.3280311129258,0.0,0.0,6.910427807486631,0.0,0.0,100.0,515.5582329177603,917.1154066578737,0.044512679822207454,100.0,1.0,6.71044747683292
289,2041,2,11,7.388801749022034E17,44.4682279616937,7.696643144082784E-4,0.0,51.14623594200508,0.0,298.7000000000036,248.02005347593584,904.8502044037634,0.0,0.0,6.504010695187166,0.0,0.0,100.0,498.7064881809222,863.4515039455813,0.04391986258640414,100.0,1.0,6.801023100023755
282,2041,2,11,4.90388125562359E18,43.67419489847461,4.16936248325178E-4,1.0,49.38170818231568,2.0,298.7000000000036,248.3342245989305,826.0673404758761,0.0,0.0,6.566844919786096,0.0,0.0,100.0,504.6514067825036,846.0612395118918,0.044718362091815046,100.0,1.0,6.679582749178457
285,2041,7,27,4.86643095885923E18,35.63551178740874,5.1773776929594526E-5,1.0,24.01420073226142,4.0,266.7999999999974,229.78475935828877,242.13594010023792,0.0,0.0,5.856951871657754,0.0,0.0,100.09999999999982,343.6065754649768,764.020841735497,0.04907684299054574,100.0,1.0,5.436372507730261
293,2041,7,28,7.421366990471719E18,36.59529226395586,3.1012492380827115E-4,1.0,51.92291941013414,3.0,269.7000000000028,231.6457219251337,856.8371727451437,0.0,0.0,5.929144385026738,0.0,0.0,100.09999999999982,306.3105499999964,792.4669732288806,0.048309163707082714,100.0,1.0,5.582791737718727
292,2041,7,28,6.261277189363532E18,37.444945782082534,3.640818546704286E-5,1.0,42.831772538356056,1.0,269.7000000000028,231.40508021390374,581.238997980167,0.0,0.0,5.8810160427807485,0.0,0.0,100.09999999999982,360.2043161152713,774.6159166396009,0.04721299304788738,100.0,1.0,5.712410558814824
291,2041,7,28,4.2848121755587553E18,35.574575196582,3.682319209312171E-5,2.0,52.83694111901193,5.0,269.7000000000028,230.63636363636363,839.5522172728547,0.0,0.0,5.7272727272727275,0.0,0.0,100.09999999999982,342.07269999999573,748.4760852470341,0.04969526565303422,100.0,1.0,5.4270763312347
289,2041,7,28,7.388801749022034E17,37.635667846053565,8.657870569745145E-5,1.0,49.23003905308033,1.0,269.7000000000028,230.66310160427807,735.3289049061784,0.0,0.0,5.732620320855615,0.0,0.0,100.09999999999982,324.1283080000061,757.4928337337193,0.04697373704432252,100.0,1.0,5.741506147265326
288,2041,7,28,6.65317065901527E17,37.46230811167236,3.839130029812718E-5,1.0,39.69441220899088,1.0,269.7000000000028,229.95454545454547,490.8997307261343,0.0,0.0,5.590909090909091,0.0,0.0,100.09999999999982,318.6582283422241,744.5844246509947,0.04719111165329279,100.0,1.0,5.715059267547139
287,2041,7,28,2.7812977706100634E18,36.45692345103565,3.1012492380827115E-4,1.0,41.88701847724621,4.0,269.7000000000028,230.36898395721926,549.8443045545035,0.0,0.0,5.67379679144385,0.0,0.0,100.09999999999982,306.84112320561167,761.7039504004878,0.048492516579529465,100.0,1.0,5.5616828950851644
286,2041,7,28,3.967985631945377E18,36.22363428480048,6.07849713461919E-5,1.0,52.188197111885216,4.0,269.7000000000028,231.20454545454547,803.2067917962289,0.0,0.0,5.840909090909091,0.0,0.0,100.09999999999982,303.61392199999636,734.9917895010759,0.048804820382967344,100.0,1.0,5.526093485923919
284,2041,7,28,2.3275888066568E18,36.340288235056036,6.339430167789678E-5,1.0,45.98498582567267,3.0,269.7000000000028,231.61229946524065,626.2428761156303,0.0,0.0,5.922459893048129,0.0,0.0,100.09999999999982,303.8647129999961,734.5500933643441,0.048648154727143136,100.0,1.0,5.543889619507484
283,2041,7,28,1.858714168763392E18,34.53482701206566,1.1228273852580414E-4,2.0,30.831500662380915,6.0,269.7000000000028,231.83288770053477,347.4541805321203,0.0,0.0,5.966577540106952,0.0,0.0,100.09999999999982,306.4943539999966,777.8365775619749,0.05119145274045594,100.0,1.0,5.2684576342734335
282,2041,7,28,4.90388125562359E18,37.3791176034387,8.287678348697786E-5,1.0,47.58244420272706,1.0,269.7000000000028,231.21791443850267,679.7196686691988,0.0,0.0,5.843582887700535,0.0,0.0,100.09999999999982,336.7796403434125,747.7785912530919,0.047296139615809106,100.0,1.0,5.702368146550663
281,2041,7,28,6.977615103056312E17,36.97105761468588,4.883857067846792E-5,1.0,41.987984765975646,1.0,269.7000000000028,231.89973262032086,565.1483081926152,0.0,0.0,5.979946524064171,0.0,0.0,100.09999999999982,332.0395627562757,779.5793578049339,0.047818160446287276,100.0,1.0,5.64011658923912
280,2041,7,28,8.709926167270339E18,34.86300725978197,8.301432726812757E-6,1.0,45.68211452815247,7.0,269.7000000000028,231.80614973262033,629.628609959405,0.0,0.0,5.961229946524064,0.0,0.0,100.09999999999982,303.91310199999776,747.596056260506,0.050709565922255416,100.0,1.0,5.318523144400194
299,2041,7,28,9.054830946953192E18,37.427999081813994,1.1900419179135499E-4,1.0,53.6471986170449,1.0,269.7000000000028,231.73930481283423,846.021892171901,0.0,0.0,5.947860962566845,0.0,0.0,100.09999999999982,315.08134294505794,730.1097035635598,0.0472343702110164,100.0,1.0,5.709825256378693
296,2041,7,28,4.2692437014197545E18,37.30235045587365,5.9939103944389476E-5,1.0,36.45639685916425,2.0,269.7000000000028,231.47860962566844,425.32141906629647,0.0,0.0,5.89572192513369,0.0,0.0,100.09999999999982,299.04850741000575,740.1196594468876,0.04739347368952749,100.0,1.0,5.690656940801497
294,2041,7,28,8.619173836053503E18,36.149215794951616,9.002697509529469E-6,1.0,32.99180375498267,4.0,269.7000000000028,231.41844919786095,373.08170572127614,0.0,0.0,5.883689839572193,0.0,0.0,100.09999999999982,309.3217269100051,756.1280397757859,0.048905292300555916,100.0,1.0,5.514740579455386
290,2041,7,29,2.2009420763865405E18,36.52690044240884,9.746839015911466E-6,1.0,40.06033664326603,5.0,272.6000000000036,232.90508021390374,511.2850702244325,0.0,0.0,5.8810160427807485,0.0,0.0,100.09999999999982,315.16776700000435,763.7330212957205,0.04892004224981798,100.0,1.0,5.572358229126793
297,2041,7,29,6.522181452910449E18,37.581597636926105,3.1012492380827115E-4,1.0,39.83642585294335,2.0,272.6000000000036,233.1590909090909,488.0827164973731,0.0,0.0,5.931818181818182,0.0,0.0,100.09999999999982,313.7687363528454,736.0999127143253,0.04754714076183408,100.0,1.0,5.733257471053205
298,2041,7,30,2.857941005564493E18,36.51586233501759,6.30335210992421E-5,1.0,46.243711213953716,4.0,275.50000000000006,234.96657754010695,682.9825744095533,0.0,0.0,5.99331550802139,0.0,0.0,100.09999999999982,295.00636699999654,792.9679833524806,0.049455413221208534,100.0,1.0,5.570674311580804
295,2041,7,30,8.305991534382669E18,37.837983177389276,6.612471722990854E-5,1.0,45.60219213062592,1.0,275.50000000000006,234.95989304812835,634.8254012753703,0.0,0.0,5.991978609625669,0.0,0.0,100.09999999999982,314.61156603999706,756.2147649847001,0.04772736042618176,100.0,1.0,5.772370345644952
286,2042,2,9,3.967985631945377E18,41.132949715264466,7.696643144082784E-4,1.0,53.04922254074038,2.0,290.00000000000006,243.1457219251337,917.4988901696642,0.0,0.0,6.429144385026738,0.0,0.0,100.0,429.4830077771342,811.1485064935214,0.04609817334471838,100.0,1.0,6.290921721158097
283,2042,2,9,1.858714168763392E18,41.64383106129071,7.696643144082784E-4,0.0,38.29278602239245,0.0,290.00000000000006,242.72459893048128,544.0273495132747,0.0,0.0,6.3449197860962565,0.0,0.0,100.0,489.8305705061015,875.605252566504,0.0455326466809242,100.0,1.0,6.369056515256226
281,2042,2,9,6.977615103056312E17,42.17605239451455,3.4207302862590154E-4,0.0,42.554122144416965,0.0,290.00000000000006,242.4639037433155,644.8208234911295,0.0,0.0,6.292780748663102,0.0,0.0,100.0,492.7212901330007,869.4371236755289,0.04495806834687215,100.0,1.0,6.450455072102227
296,2042,2,9,4.2692437014197545E18,42.41472578849064,3.603297352098683E-4,1.0,36.29935194356987,2.0,290.00000000000006,242.27673796791444,481.57763437490144,0.0,0.0,6.255347593582887,0.0,0.0,100.0,528.2772134116968,844.1934917558963,0.04470508322061051,100.0,1.0,6.4869580617691485
293,2042,2,10,7.421366990471719E18,43.22018197859157,6.226859409180437E-4,0.0,51.68268806232043,0.0,292.8999999999962,244.7058823529412,996.5546695891435,0.0,0.0,6.4411764705882355,0.0,0.0,100.0,584.217024128594,930.9119041947014,0.044310673785778666,100.0,1.0,6.610145479078707
292,2042,2,10,6.261277189363532E18,42.24488636001175,7.696643144082784E-4,1.0,46.91238676605447,2.0,292.8999999999962,244.13770053475935,761.4488961289771,0.0,0.0,6.327540106951871,0.0,0.0,100.0,492.1833808968115,860.9070017200833,0.04533366164829294,100.0,1.0,6.46098261976651
291,2042,2,10,4.2848121755587553E18,42.82807856571134,7.696643144082784E-4,1.0,56.93005983605147,1.0,292.8999999999962,243.9639037433155,1116.040299269959,0.0,0.0,6.292780748663102,0.0,0.0,100.0,534.5103042214605,843.7204953301633,0.04471635078554805,100.0,1.0,6.550176721814676
290,2042,2,10,2.2009420763865405E18,43.019666049310395,4.133535523137909E-4,0.0,44.1511158886651,0.0,292.8999999999962,244.9866310160428,678.9789714720938,0.0,0.0,6.497326203208556,0.0,0.0,100.0,464.77932296401775,857.8416924917141,0.04451720714010651,100.0,1.0,6.57947833695336
289,2042,2,10,7.388801749022034E17,42.78845074203597,5.94208881054307E-4,1.0,50.79955319591808,1.0,292.8999999999962,244.00401069518716,875.9450366217744,0.0,0.0,6.300802139037433,0.0,0.0,100.0,487.5365309084303,847.741863451443,0.04475776410231006,100.0,1.0,6.544115995840796
287,2042,2,10,2.7812977706100634E18,43.00494435302192,7.696643144082784E-4,1.0,46.06127723218086,1.0,292.8999999999962,244.19117647058823,738.704663751594,0.0,0.0,6.338235294117647,0.0,0.0,100.0,478.2152683847193,864.2418446330043,0.0445324465227632,100.0,1.0,6.577226783403367
285,2042,2,10,4.86643095885923E18,42.49298496494079,7.696643144082784E-4,1.0,30.34152747485423,2.0,292.8999999999962,243.9639037433155,370.8331688463212,0.0,0.0,6.292780748663102,0.0,0.0,100.0,482.2628721013329,850.2845825591282,0.04506897753112527,100.0,1.0,6.4989271122850605
284,2042,2,10,2.3275888066568E18,42.516399637975866,7.696643144082784E-4,0.0,48.63576838212512,0.0,292.8999999999962,244.3114973262032,811.4103646979852,0.0,0.0,6.362299465240642,0.0,0.0,100.0,561.4383509327847,856.1461583210829,0.04504415709990585,100.0,1.0,6.502508179925703
282,2042,2,10,4.90388125562359E18,43.703066944730175,7.696643144082784E-4,0.0,51.0656487181161,0.0,292.8999999999962,244.7927807486631,901.5960058949423,0.0,0.0,6.458556149732621,0.0,0.0,100.0,556.5282848247001,863.3207347411455,0.04382107523568874,100.0,1.0,6.6839984738999
280,2042,2,10,8.709926167270339E18,42.24490297984491,7.696643144082784E-4,2.0,49.69869438175874,3.0,292.8999999999962,245.2139037433155,833.7944222383655,0.0,0.0,6.542780748663102,0.0,0.0,100.0,484.87476319418585,843.2310468824796,0.04533364381329173,100.0,1.0,6.460985161623354
299,2042,2,10,9.054830946953192E18,42.39187530248813,7.696643144082784E-4,1.0,51.11444099266626,2.0,292.8999999999962,245.04679144385025,883.8315356170843,0.0,0.0,6.509358288770054,0.0,0.0,100.0,553.7474728129897,844.6611497277459,0.04517647240066674,100.0,1.0,6.483463281557006
298,2042,2,10,2.857941005564493E18,43.17322613270281,7.696643144082784E-4,0.0,47.166198002840915,0.0,292.8999999999962,246.43048128342247,843.0965597067612,0.0,0.0,6.786096256684492,0.0,0.0,100.0,613.7364176773566,943.423689229294,0.0443588667367319,100.0,1.0,6.602963996766329
297,2042,2,10,6.522181452910449E18,43.4477871230261,2.69555754062054E-4,1.0,39.75943535342193,1.0,292.8999999999962,244.9933155080214,562.5295318602138,0.0,0.0,6.498663101604278,0.0,0.0,100.0,546.1602054233256,851.4375148001202,0.044078548331875855,100.0,1.0,6.644955677639288
294,2042,2,10,8.619173836053503E18,43.85327044580277,3.988969794445702E-4,0.0,37.5028952323744,0.0,292.8999999999962,243.475935828877,511.5185698927735,0.0,0.0,6.195187165775401,0.0,0.0,100.0,496.79095775748925,851.41634504123,0.04367098200765222,100.0,1.0,6.7069707740639535
288,2042,2,11,6.65317065901527E17,43.06695378017567,7.696643144082784E-4,1.0,41.45239700442502,2.0,295.7999999999965,245.8850267379679,592.8403307586163,0.0,0.0,6.377005347593583,0.0,0.0,100.0,441.0824825796704,836.5921502368309,0.044908607489373455,100.0,1.0,6.586710578144523
295,2042,2,11,8.305991534382669E18,43.954434175681214,7.696643144082784E-4,1.0,49.91340582998617,1.0,295.7999999999965,247.70989304812835,841.2930841225389,0.0,0.0,6.741978609625669,0.0,0.0,100.0,536.1390167300561,843.4604366074589,0.04400186145831382,100.0,1.0,6.722442873927719
287,2042,7,27,2.7812977706100634E18,35.001255584708346,4.403932459645998E-5,1.0,39.73547861630437,6.0,266.7999999999974,229.524064171123,517.6822067305783,0.0,0.0,5.804812834224599,0.0,0.0,100.09999999999982,356.5433744761327,783.6436054574805,0.04996616228940275,100.0,1.0,5.3396136059979655
285,2042,7,27,4.86643095885923E18,35.278712864179646,5.2121835934163203E-5,2.0,25.604424071414687,6.0,266.7999999999974,229.91176470588235,259.3957256758764,0.0,0.0,5.882352941176471,0.0,0.0,100.09999999999982,298.5684860000021,751.8456182833733,0.049573192299034494,100.0,1.0,5.381941077964304
281,2042,7,27,6.977615103056312E17,36.93556852088316,4.471235925724787E-5,1.0,40.70730886157059,1.0,266.7999999999974,229.92513368983958,538.9400580028741,0.0,0.0,5.885026737967914,0.0,0.0,100.09999999999982,346.6152480268807,783.8182631087625,0.04734943814089637,100.0,1.0,5.634702553514748
299,2042,7,27,9.054830946953192E18,35.079156399573556,5.1379212029203294E-5,1.0,49.744594748173846,6.0,266.7999999999974,228.3475935828877,710.1894354665984,0.0,0.0,5.56951871657754,0.0,0.0,100.09999999999982,297.65286230919565,716.5210013945702,0.04985520167468051,100.0,1.0,5.35149775826691
298,2042,7,27,2.857941005564493E18,37.079806319285844,5.417975608110954E-5,1.0,46.86553343372081,1.0,266.7999999999974,230.10561497326202,717.7760370301567,0.0,0.0,5.921122994652406,0.0,0.0,100.09999999999982,372.70253920548646,812.7216509768303,0.047165252208148135,100.0,1.0,5.656706738735637
296,2042,7,27,4.2692437014197545E18,34.034758477167806,6.692380746833645E-5,2.0,30.297325869606226,7.0,266.7999999999974,229.8716577540107,321.9855279924016,0.0,0.0,5.874331550802139,0.0,0.0,100.09999999999982,291.4652359999973,739.1634161562387,0.05138506912137003,100.0,1.0,5.192169720932429
293,2042,7,28,7.421366990471719E18,36.35596263394436,9.705355317277058E-6,1.0,50.20787836909421,3.0,269.7000000000028,231.8596256684492,812.4492653848548,0.0,0.0,5.971925133689839,0.0,0.0,100.09999999999982,316.18419999999634,804.8027202162009,0.048627180710031886,100.0,1.0,5.546280826113431
292,2042,7,28,6.261277189363532E18,37.035768307403806,3.1012492380827115E-4,1.0,45.94448580346052,3.0,269.7000000000028,231.725935828877,652.2292999268491,0.0,0.0,5.945187165775401,0.0,0.0,100.09999999999982,302.4975493891984,766.4855834545333,0.04773461023446804,100.0,1.0,5.6499885235316905
290,2042,7,28,2.2009420763865405E18,37.27178715056421,3.6119837387406375E-5,1.0,42.521943115960816,1.0,269.7000000000028,231.0374331550802,565.2007630641021,0.0,0.0,5.807486631016043,0.0,0.0,100.09999999999982,295.92399993308254,762.9217988691016,0.04743233689724533,100.0,1.0,5.685994358327004
289,2042,7,28,7.388801749022034E17,35.995596043934874,8.947631962154391E-5,2.0,48.092156898438795,4.0,269.7000000000028,231.94652406417111,696.1121896221886,0.0,0.0,5.989304812834225,0.0,0.0,100.09999999999982,290.81713300000246,750.2696784622824,0.04911400724494643,100.0,1.0,5.491305131241424
284,2042,7,28,2.3275888066568E18,36.503191958406745,6.498845846778523E-5,1.0,47.06901651933112,3.0,269.7000000000028,230.55614973262033,672.650031468052,0.0,0.0,5.711229946524064,0.0,0.0,100.09999999999982,365.0906050645546,755.4436766590106,0.048431051369490837,100.0,1.0,5.568741383341111
283,2042,7,28,1.858714168763392E18,36.01657084730561,3.921660645021132E-5,2.0,36.374159937064476,4.0,269.7000000000028,231.67245989304814,446.02618442519775,0.0,0.0,5.934491978609626,0.0,0.0,100.09999999999982,289.6545312192774,778.6730041110059,0.04908540494826817,100.0,1.0,5.494504940607978
282,2042,7,28,4.90388125562359E18,35.18620987760793,9.415414530580823E-6,1.0,47.328366233530865,6.0,269.7000000000028,231.7058823529412,671.3203858466239,0.0,0.0,5.9411764705882355,0.0,0.0,100.09999999999982,297.73703600000385,746.060515182969,0.050243773655571956,100.0,1.0,5.367829292617105
280,2042,7,28,8.709926167270339E18,36.873480430224134,6.703954254394103E-5,1.0,48.572668273428285,3.0,269.7000000000028,230.6096256684492,709.6339303623548,0.0,0.0,5.721925133689839,0.0,0.0,100.09999999999982,317.7788930000033,750.4615402917431,0.047944700208958226,100.0,1.0,5.625230710058975
295,2042,7,28,8.305991534382669E18,35.21474298138516,4.425298570323503E-5,2.0,43.5404188600845,6.0,269.7000000000028,231.90641711229947,580.8419781998222,0.0,0.0,5.981283422459893,0.0,0.0,100.09999999999982,302.9402284999976,752.0506836592685,0.050203063126784825,100.0,1.0,5.372182157867371
294,2042,7,28,8.619173836053503E18,37.205239225414495,6.528945764384657E-5,1.0,34.36213248563843,2.0,269.7000000000028,231.56550802139037,396.74524374515795,0.0,0.0,5.913101604278075,0.0,0.0,100.09999999999982,300.2898500000009,756.6522723518128,0.04751717773340802,100.0,1.0,5.6758421451950865
291,2042,7,29,4.2848121755587553E18,36.6080485207929,1.2658160155439634E-4,1.0,55.0289994759772,3.0,272.6000000000036,233.44652406417111,919.9195024224132,0.0,0.0,5.989304812834225,0.0,0.0,100.09999999999982,322.634413340005,750.9896332411591,0.04881160250546007,100.0,1.0,5.584737767409102
288,2042,7,29,6.65317065901527E17,36.585839247139404,6.623770265020742E-5,1.0,37.36399138116873,4.0,272.6000000000036,233.24598930481284,453.0288869977671,0.0,0.0,5.949197860962567,0.0,0.0,100.09999999999982,300.56899999999655,758.2225198024021,0.048841233375212255,100.0,1.0,5.581349633532241
297,2042,7,29,6.522181452910449E18,37.387284457956866,5.100738878425512E-5,1.0,38.78263204306061,2.0,272.6000000000036,233.4264705882353,471.11319155543293,0.0,0.0,5.985294117647059,0.0,0.0,100.09999999999982,297.3899364138213,742.547619918524,0.047794257828673206,100.0,1.0,5.703614040355759
286,2042,7,30,3.967985631945377E18,35.86867191300553,6.64648357925999E-5,1.0,50.07174104695066,6.0,275.50000000000006,234.97994652406416,753.2974918619046,0.0,0.0,5.995989304812834,0.0,0.0,100.09999999999982,314.82350112175413,750.307084981328,0.05034775375255138,100.0,1.0,5.471942231107759
298,2043,2,7,2.857941005564493E18,41.359590775441845,7.696643144082784E-4,0.0,47.926193831455635,0.0,284.2000000000032,238.3409090909091,799.6147224741997,0.0,0.0,6.068181818181818,0.0,0.0,100.0,560.7320331518569,867.9759100218831,0.044928654621364236,100.0,1.0,6.325584471538169
285,2043,2,8,4.86643095885923E18,42.01155041101099,7.696643144082784E-4,1.0,31.02055101895232,2.0,287.1000000000037,240.58957219251337,378.89088751411333,0.0,0.0,6.217914438502674,0.0,0.0,100.0,548.5367238457139,841.4354667906396,0.04468276674693562,100.0,1.0,6.425295945213447
281,2043,2,8,6.977615103056312E17,41.83713550858933,3.76179787225211E-4,1.0,42.21777866478023,2.0,287.1000000000037,239.96791443850267,614.7979410717767,0.0,0.0,6.093582887700535,0.0,0.0,100.0,427.6284567643247,840.6399981948022,0.04486904480606565,100.0,1.0,6.398620724843064
299,2043,2,8,9.054830946953192E18,41.67425682785933,7.696643144082784E-4,1.0,51.30895574457629,1.0,287.1000000000037,241.3783422459893,856.794273947682,0.0,0.0,6.375668449197861,0.0,0.0,100.0,471.3112951019213,812.3638786116139,0.04504440992064504,100.0,1.0,6.373709867790237
292,2043,2,9,6.261277189363532E18,43.13989699503305,7.696643144082784E-4,1.0,49.64209011718025,1.0,290.00000000000006,243.05882352941177,841.3360841705884,0.0,0.0,6.411764705882353,0.0,0.0,100.0,478.58727406320924,852.8314828498034,0.0439536016131925,100.0,1.0,6.597866599240361
289,2043,2,9,7.388801749022034E17,41.75264066252103,6.07528796151857E-4,1.0,48.541487025659166,2.0,290.00000000000006,243.11898395721926,802.4652002220864,0.0,0.0,6.42379679144385,0.0,0.0,100.0,468.6504711032599,849.7619375652125,0.04541398618305629,100.0,1.0,6.3856979836796945
287,2043,2,9,2.7812977706100634E18,43.006898537834076,5.900751142998909E-4,1.0,50.755591955369354,1.0,290.00000000000006,241.88903743315507,858.004069093875,0.0,0.0,6.177807486631016,0.0,0.0,100.0,385.50055150213035,831.8641428983129,0.04408952774136361,100.0,1.0,6.577525658727567
283,2043,2,9,1.858714168763392E18,42.465858843748656,3.189030423312134E-4,1.0,38.202304244484814,1.0,290.00000000000006,242.07620320855614,531.3397281346375,0.0,0.0,6.21524064171123,0.0,0.0,100.0,432.7515264137182,858.2914778201108,0.044651253919782134,100.0,1.0,6.494778411396852
282,2043,2,9,4.90388125562359E18,42.565901963521696,6.879075941543313E-4,1.0,53.10686261057323,1.0,290.00000000000006,242.8783422459893,919.0373394025294,0.0,0.0,6.375668449197861,0.0,0.0,100.0,402.9072819681038,810.829612923211,0.04454630957377161,100.0,1.0,6.510079123832717
296,2043,2,9,4.2692437014197545E18,41.91975771287669,7.696643144082784E-4,2.0,36.08367795534822,4.0,290.00000000000006,242.3168449197861,473.5863454798302,0.0,0.0,6.2633689839572195,0.0,0.0,100.0,520.6150875530004,837.9714499516311,0.04523293906279889,100.0,1.0,6.411257061969381
295,2043,2,9,8.305991534382669E18,41.72868076225202,7.696643144082784E-4,1.0,49.36283292980382,1.0,290.00000000000006,242.6711229946524,800.8482780747703,0.0,0.0,6.334224598930481,0.0,0.0,100.0,423.74813602905493,820.6839039811152,0.04544006212315052,100.0,1.0,6.382033528344422
294,2043,2,9,8.619173836053503E18,42.29381643350411,4.60091115244463E-4,0.0,38.50950879386398,0.0,290.00000000000006,243.03208556149733,525.3004191188089,0.0,0.0,6.406417112299465,0.0,0.0,100.0,495.72443235748597,837.7031777616494,0.04483288589326168,100.0,1.0,6.468466042771219
293,2043,2,10,7.421366990471719E18,42.723890373882696,7.696643144082784E-4,0.0,51.1034037923848,0.0,292.8999999999962,244.55213903743316,948.028509274255,0.0,0.0,6.410427807486631,0.0,0.0,100.0,504.8458434440709,906.376703985431,0.04482539787121262,100.0,1.0,6.53424205718205
290,2043,2,10,2.2009420763865405E18,43.39373639918915,7.696643144082784E-4,0.0,42.974072051735824,0.0,292.8999999999962,244.77941176470588,672.0044452014955,0.0,0.0,6.455882352941177,0.0,0.0,100.0,577.6896357736109,890.8884068911747,0.04413345204934102,100.0,1.0,6.636689096346581
288,2043,2,10,6.65317065901527E17,41.53622388372474,1.6165320426244525E-4,1.0,39.27163457140219,1.0,292.8999999999962,246.2633689839572,552.1412494376339,0.0,0.0,6.752673796791444,0.0,0.0,100.0,445.14168378079955,852.5255573098979,0.046107113395201155,100.0,1.0,6.35259894692261
286,2043,2,10,3.967985631945377E18,43.74521948875761,7.696643144082784E-4,0.0,54.26718726574423,0.0,292.8999999999962,246.8181818181818,1007.361231049347,0.0,0.0,6.863636363636363,0.0,0.0,100.0,499.0241188395457,848.3590328515097,0.04377884959766949,100.0,1.0,6.6904453335746945
284,2043,2,10,2.3275888066568E18,42.77544223778183,5.043671785113227E-4,1.0,50.112775317520054,2.0,292.8999999999962,245.2807486631016,853.8183239736354,0.0,0.0,6.55614973262032,0.0,0.0,100.0,497.8246738944058,849.3062016162153,0.044771375453456205,100.0,1.0,6.542126459896047
280,2043,2,10,8.709926167270339E18,42.85164387783506,7.696643144082784E-4,1.0,52.41216968422828,1.0,292.8999999999962,244.49866310160428,922.3719012464555,0.0,0.0,6.399732620320855,0.0,0.0,100.0,487.46616738445175,836.8827891235208,0.04469176001917515,100.0,1.0,6.553780828374771
291,2043,2,11,4.2848121755587553E18,44.12780201264661,7.696643144082784E-4,0.0,57.39361117775312,0.0,295.7999999999965,248.3716577540107,1119.7092831944394,0.0,0.0,6.874331550802139,0.0,0.0,100.0,423.7430496649527,830.6627101775075,0.04382898841239839,100.0,1.0,6.748957954875369
297,2043,2,11,6.522181452910449E18,43.98765841653731,3.070678050785041E-4,1.0,42.49644600093452,1.0,295.7999999999965,247.01470588235293,630.7270065132222,0.0,0.0,6.602941176470588,0.0,0.0,100.0,516.5621875776174,852.5974623754282,0.04396862648978322,100.0,1.0,6.727524228411596
287,2043,7,26,2.7812977706100634E18,35.95687007522255,7.772554481410304E-5,1.0,45.54655529975729,3.0,263.89999999999645,226.92780748663102,642.3862951020508,0.0,0.0,5.5855614973262036,0.0,0.0,100.09999999999982,315.1903889999973,766.8972256012993,0.048109550838265944,100.0,1.0,5.485397294337085
299,2043,7,26,9.054830946953192E18,35.88349071541424,6.888603372018458E-5,1.0,48.764363523347214,3.0,263.89999999999645,226.98128342245988,699.4900106015176,0.0,0.0,5.596256684491979,0.0,0.0,100.09999999999982,352.4235078518454,734.1037062926266,0.048207931680564114,100.0,1.0,5.47420291226459
298,2043,7,26,2.857941005564493E18,35.78286227536113,5.3878548264119375E-5,1.0,44.27730499642664,4.0,263.89999999999645,228.0909090909091,631.3650842125147,0.0,0.0,5.818181818181818,0.0,0.0,100.09999999999982,343.35106849669677,793.3409569206922,0.04834350185731157,100.0,1.0,5.4588515490439935
293,2043,7,27,7.421366990471719E18,35.68082403689775,5.713428957411038E-5,1.0,47.986358168719505,4.0,266.7999999999974,230.02540106951872,741.7901882500158,0.0,0.0,5.9050802139037435,0.0,0.0,100.09999999999982,317.3619539999987,803.0035620572735,0.04901451869693017,100.0,1.0,5.4432851141453185
290,2043,7,27,2.2009420763865405E18,35.948119503437574,9.683535996011715E-6,1.0,41.50357965906458,5.0,266.7999999999974,228.0066844919786,536.4658431629274,0.0,0.0,5.501336898395722,0.0,0.0,100.09999999999982,311.16593203012434,754.9916479607791,0.048650066847339905,100.0,1.0,5.484062351593368
289,2043,7,27,7.388801749022034E17,35.80308647531554,7.142444122714674E-5,1.0,45.246205190501804,5.0,266.7999999999974,229.5173796791444,640.020642134805,0.0,0.0,5.803475935828877,0.0,0.0,100.09999999999982,355.1292246555909,773.1937491180555,0.0488471411000882,100.0,1.0,5.46193685016943
281,2043,7,27,6.977615103056312E17,37.01551820583671,4.182963633777598E-5,1.0,38.896722431633684,2.0,266.7999999999974,230.31283422459893,500.09929476152354,0.0,0.0,5.962566844919786,0.0,0.0,100.09999999999982,336.1774229741729,784.3511816205062,0.0472471682593554,100.0,1.0,5.646899270987917
297,2043,7,27,6.522181452910449E18,33.8384672133882,6.434127049964131E-5,1.0,35.28293624525225,8.0,266.7999999999974,230.225935828877,402.02437805033315,0.0,0.0,5.945187165775401,0.0,0.0,100.09999999999982,285.31931600000155,736.173522081052,0.051683145275163496,100.0,1.0,5.162224523672886
296,2043,7,27,4.2692437014197545E18,35.080435982112895,4.153829678653511E-5,2.0,31.268549130518323,6.0,266.7999999999974,229.75133689839572,342.88861378986365,0.0,0.0,5.850267379679145,0.0,0.0,100.09999999999982,346.80134618569747,751.9130076381477,0.049853383172607464,100.0,1.0,5.351692964873723
294,2043,7,27,8.619173836053503E18,35.34976023103394,5.661280098727112E-5,2.0,32.48921445751805,5.0,266.7999999999974,226.56283422459893,365.9222450632122,0.0,0.0,5.212566844919786,0.0,0.0,100.09999999999982,346.9590810080048,759.054573705991,0.049473558107560864,100.0,1.0,5.392779703047542
291,2043,7,28,4.2848121755587553E18,38.16860952520509,6.780168863320314E-5,0.0,55.69154033947751,0.0,269.7000000000028,231.45855614973263,937.5622417031847,0.0,0.0,5.891711229946524,0.0,0.0,100.09999999999982,307.0447130314636,745.1632563677135,0.04631785089578749,100.0,1.0,5.8228090203669485
288,2043,7,28,6.65317065901527E17,35.641768962808754,3.884330208019428E-5,3.0,35.09692377686726,6.0,269.7000000000028,231.13101604278074,422.4584336665898,0.0,0.0,5.82620320855615,0.0,0.0,100.09999999999982,361.4921864299989,779.8263189697344,0.04960157748434781,100.0,1.0,5.437327070597883
286,2043,7,28,3.967985631945377E18,36.252372119684544,6.305915490204779E-5,1.0,52.466647623171454,3.0,269.7000000000028,231.89304812834226,805.3071045090088,0.0,0.0,5.978609625668449,0.0,0.0,100.09999999999982,266.2899390000017,728.674388473265,0.04876613202169036,100.0,1.0,5.530477583910996
284,2043,7,28,2.3275888066568E18,35.506406722974376,1.39319372779996E-4,1.0,47.41706319341105,5.0,269.7000000000028,231.9398395721925,669.1569676427649,0.0,0.0,5.987967914438503,0.0,0.0,100.09999999999982,278.35536499999756,740.977080425714,0.04979067520634435,100.0,1.0,5.416676895468923
283,2043,7,28,1.858714168763392E18,35.353311910078794,1.5806571040176916E-4,1.0,30.69864950200821,5.0,269.7000000000028,231.85294117647058,354.7617843477542,0.0,0.0,5.970588235294118,0.0,0.0,100.09999999999982,335.7895124361971,799.200279623081,0.05000628991661682,100.0,1.0,5.393321529145935
282,2043,7,28,4.90388125562359E18,35.89001489758847,5.603992117966593E-5,1.0,48.21603818718208,6.0,269.7000000000028,231.7192513368984,701.9072223224657,0.0,0.0,5.94385026737968,0.0,0.0,100.09999999999982,315.1680268086764,752.9697857535887,0.0492584906953263,100.0,1.0,5.4751982083282185
280,2043,7,28,8.709926167270339E18,36.23311000154384,4.062417131363259E-5,1.0,49.625782358227795,3.0,269.7000000000028,231.55213903743316,736.9002653582593,0.0,0.0,5.910427807486631,0.0,0.0,100.09999999999982,303.9427584299993,746.876696370498,0.048792056900792,100.0,1.0,5.527539053095854
295,2043,7,28,8.305991534382669E18,36.56029673349488,4.8215939646808325E-5,1.0,46.353569539838126,2.0,269.7000000000028,231.97994652406416,657.3639038228947,0.0,0.0,5.995989304812834,0.0,0.0,100.09999999999982,313.0116213993771,759.7423349953363,0.04835540525764725,100.0,1.0,5.577452997508497
292,2043,7,29,6.261277189363532E18,36.68755638202361,6.680847130725357E-5,1.0,46.67946604376819,4.0,272.6000000000036,233.4264705882353,671.3184690245259,0.0,0.0,5.985294117647059,0.0,0.0,100.09999999999982,292.89972719000065,765.8173907986255,0.04870581987774723,100.0,1.0,5.596867082501354
285,2043,7,29,4.86643095885923E18,36.685175559254155,5.7092217195926204E-5,1.0,27.360222782476942,4.0,272.6000000000036,233.1457219251337,288.41094817106136,0.0,0.0,5.929144385026738,0.0,0.0,100.09999999999982,316.9273969999982,763.8776340400922,0.04870898082554704,100.0,1.0,5.596503876283725
289,2044,2,7,7.388801749022034E17,41.04776533120835,3.7374132081894663E-4,1.0,48.54592908948721,2.0,284.2000000000032,238.77540106951872,819.2062946520188,0.0,0.0,6.1550802139037435,0.0,0.0,100.0,516.4187407444077,867.563604620597,0.04526996181733654,100.0,1.0,6.277893521243621
290,2044,2,8,2.2009420763865405E18,41.44041404301736,7.696643144082784E-4,0.0,41.98052838495577,0.0,287.1000000000037,241.3716577540107,647.2990011971924,0.0,0.0,6.374331550802139,0.0,0.0,100.0,593.671428480607,893.6943771420537,0.04529858957836923,100.0,1.0,6.337945677167362
288,2044,2,8,6.65317065901527E17,41.291859015142556,3.718179362760057E-4,1.0,38.27431881394233,2.0,287.1000000000037,240.26871657754012,537.6575886610314,0.0,0.0,6.153743315508021,0.0,0.0,100.0,535.074191055257,866.2410931297879,0.04546155955351701,100.0,1.0,6.315225496433569
287,2044,2,8,2.7812977706100634E18,42.51986055509596,5.13370775634672E-4,0.0,44.98241124978089,0.0,287.1000000000037,241.3114973262032,747.2622397661171,0.0,0.0,6.362299465240642,0.0,0.0,100.0,591.2747596394661,913.1736623049591,0.044148599811608506,100.0,1.0,6.503037496661744
299,2044,2,8,9.054830946953192E18,41.09297618170567,3.791449824671324E-4,1.0,51.11780928920331,1.0,287.1000000000037,241.49197860962568,847.0331931569784,0.0,0.0,6.398395721925134,0.0,0.0,100.0,452.64070037371926,809.144860648988,0.04568158556809635,100.0,1.0,6.284808121907923
297,2044,2,8,6.522181452910449E18,42.37071136834292,7.218963430239498E-4,0.0,40.38902874204805,0.0,287.1000000000037,240.0548128342246,563.8862360950121,0.0,0.0,6.11096256684492,0.0,0.0,100.0,516.3237627050256,831.4004401232335,0.044304007345386885,100.0,1.0,6.480226444570093
296,2044,2,8,4.2692437014197545E18,42.52365814159286,4.949984789483959E-4,0.0,35.54185815130913,0.0,287.1000000000037,240.1818181818182,471.2444781440484,0.0,0.0,6.136363636363637,0.0,0.0,100.0,584.6366122119405,853.5017896899841,0.044144657109267606,100.0,1.0,6.503618304008318
295,2044,2,8,8.305991534382669E18,41.89266046070458,6.516223081989365E-4,0.0,48.20605200236445,0.0,287.1000000000037,241.451871657754,799.6485000559125,0.0,0.0,6.390374331550802,0.0,0.0,100.0,553.0040745807308,858.3503794730932,0.044809574924303076,100.0,1.0,6.407112776343057
293,2044,2,9,7.421366990471719E18,43.357648865435316,4.042354592480454E-4,0.0,52.84056316194643,0.0,290.00000000000006,241.74866310160428,974.1912043606769,0.0,0.0,6.149732620320855,0.0,0.0,100.0,481.71764924476025,868.8088686773715,0.04373285673396972,100.0,1.0,6.631169826478339
292,2044,2,9,6.261277189363532E18,41.490441273995614,7.696643144082784E-4,2.0,44.518739184057154,2.0,290.00000000000006,243.9077540106952,698.8012505524978,0.0,0.0,6.581550802139038,0.0,0.0,100.0,499.9539984765414,869.8986609522647,0.04570098046516247,100.0,1.0,6.345596900728747
291,2044,2,9,4.2848121755587553E18,42.39322579976217,7.696643144082784E-4,0.0,53.350014942382415,0.0,290.00000000000006,242.2633689839572,935.8358056729502,0.0,0.0,6.252673796791444,0.0,0.0,100.0,417.1100585769941,817.6782872828112,0.0447277556822412,100.0,1.0,6.483669828198918
286,2044,2,9,3.967985631945377E18,42.55458879177094,7.696643144082784E-4,1.0,54.84112046556905,1.0,290.00000000000006,242.33689839572193,1005.8747325824744,0.0,0.0,6.267379679144385,0.0,0.0,100.0,485.04846798692614,827.6202939349456,0.04455815224609844,100.0,1.0,6.5083488740355655
285,2044,2,9,4.86643095885923E18,42.50646599519375,5.489759731870745E-4,0.0,31.3207008715735,0.0,290.00000000000006,242.92513368983958,379.56804709906646,0.0,0.0,6.385026737967914,0.0,0.0,100.0,494.5303426371373,831.0479279643445,0.0446085978158769,100.0,1.0,6.500988916911988
284,2044,2,9,2.3275888066568E18,41.32949186207196,7.696643144082784E-4,1.0,52.47766581831433,2.0,290.00000000000006,243.4398395721925,906.19084532853,0.0,0.0,6.487967914438503,0.0,0.0,100.0,413.0764129103977,819.8441054333695,0.04587895376216677,100.0,1.0,6.320981108316886
283,2044,2,9,1.858714168763392E18,41.179110764866266,7.696643144082784E-4,1.0,38.70075335807346,3.0,290.00000000000006,244.2620320855615,549.5455914340085,0.0,0.0,6.652406417112299,0.0,0.0,100.0,486.1330068739095,869.3767109724863,0.046046498113592876,100.0,1.0,6.29798164639131
282,2044,2,9,4.90388125562359E18,42.79729027220052,7.696643144082784E-4,0.0,50.36858371418381,0.0,290.00000000000006,242.38368983957218,858.6597179766668,0.0,0.0,6.276737967914438,0.0,0.0,100.0,513.6639404579718,845.3912254979537,0.04430546499775744,100.0,1.0,6.5454679239836135
298,2044,2,9,2.857941005564493E18,43.105916112197356,3.810219378258804E-4,0.0,51.642738331121755,0.0,290.00000000000006,242.08957219251337,959.8091336981092,0.0,0.0,6.217914438502674,0.0,0.0,100.0,514.8125537767153,898.0420198397148,0.043988250736128325,100.0,1.0,6.592669523041932
294,2044,2,9,8.619173836053503E18,41.61417294871716,7.696643144082784E-4,1.0,30.514187620538262,2.0,290.00000000000006,244.77005347593584,381.44184251104116,0.0,0.0,6.754010695187166,0.0,0.0,100.0,497.51502570089275,867.4345280068958,0.045565097460679,100.0,1.0,6.364520568627322
281,2044,2,10,6.977615103056312E17,42.10397058670537,7.696643144082784E-4,2.0,41.12234472205389,3.0,292.8999999999962,245.3542780748663,599.4417178136994,0.0,0.0,6.570855614973262,0.0,0.0,100.0,420.4970408815813,857.233582420951,0.04548538672074958,100.0,1.0,6.439430795613766
280,2044,2,10,8.709926167270339E18,41.77089965521024,7.696643144082784E-4,1.0,53.611136102375546,2.0,292.8999999999962,243.66978609625667,929.8585123893382,0.0,0.0,6.233957219251337,0.0,0.0,100.0,394.36393010810326,803.7961930809056,0.04584807606308001,100.0,1.0,6.388490535502738
290,2044,7,24,2.2009420763865405E18,35.25340767815793,4.446873011302999E-5,1.0,40.52491571799016,5.0,261.00000000000006,225.2673796791444,530.298194909536,0.0,0.0,5.553475935828877,0.0,0.0,100.09999999999982,382.9506950000051,777.3158314665043,0.048530324684592716,100.0,1.0,5.378080647436131
289,2044,7,25,7.388801749022034E17,36.26989869274683,4.429090599946743E-5,1.0,48.1515150394189,2.0,263.89999999999645,227.6096256684492,716.3713953922704,0.0,0.0,5.721925133689839,0.0,0.0,100.09999999999982,328.6359400482887,770.298155736716,0.047694339692621754,100.0,1.0,5.533151348792474
288,2044,7,25,6.65317065901527E17,34.22436990748556,7.080477712517608E-5,2.0,33.91802201934668,7.0,263.89999999999645,228.24465240641712,394.1329294133487,0.0,0.0,5.848930481283422,0.0,0.0,100.09999999999982,330.85312119598575,766.5365705158739,0.05054494424718355,100.0,1.0,5.221095876759255
285,2044,7,25,4.86643095885923E18,35.725953999604016,8.368184668328956E-5,1.0,24.237344034117392,3.0,263.89999999999645,228.51871657754012,244.00557991251108,0.0,0.0,5.903743315508021,0.0,0.0,100.09999999999982,335.31382274173706,760.777264346826,0.048420508767603974,100.0,1.0,5.450169911815555
283,2044,7,25,1.858714168763392E18,34.79925644943231,1.2095355842756284E-4,1.0,33.41564869693896,6.0,263.89999999999645,227.9572192513369,396.1382472658995,0.0,0.0,5.791443850267379,0.0,0.0,100.09999999999982,315.83327319179074,787.9623237139929,0.04970993766440275,100.0,1.0,5.30879764488168
281,2044,7,25,6.977615103056312E17,33.94124940653851,5.1091420726239054E-5,1.0,34.579702035050396,6.0,263.89999999999645,228.50534759358288,405.55212456900233,0.0,0.0,5.901069518716578,0.0,0.0,100.09999999999982,295.60091199999647,765.7510173318594,0.05096656425781427,100.0,1.0,5.177904452516336
280,2044,7,25,8.709926167270339E18,36.59618710201391,3.7247768893618904E-5,1.0,50.85615414719692,1.0,263.89999999999645,228.46524064171123,770.9780766766071,0.0,0.0,5.893048128342246,0.0,0.0,100.09999999999982,320.82118100000463,744.0699266887419,0.04726910112375208,100.0,1.0,5.582928249663507
298,2044,7,25,2.857941005564493E18,34.378569077383155,4.762360623591388E-5,1.0,46.668663381911124,4.0,263.89999999999645,228.77272727272728,690.2603288956075,0.0,0.0,5.954545454545454,0.0,0.0,100.09999999999982,289.57919600000395,787.7028481175641,0.050318233576710655,100.0,1.0,5.244619718171908
294,2044,7,25,8.619173836053503E18,35.62911416228972,4.3544639681026555E-5,1.0,28.905835107307027,3.0,263.89999999999645,226.88101604278074,308.89128387545185,0.0,0.0,5.57620320855615,0.0,0.0,100.09999999999982,330.4136870187955,757.6679648911033,0.04855211558135674,100.0,1.0,5.435396518567566
293,2044,7,26,7.421366990471719E18,35.20714510297608,1.4148034845267845E-4,1.0,46.18648406903037,5.0,266.7999999999974,229.5441176470588,683.1404999581957,0.0,0.0,5.8088235294117645,0.0,0.0,100.09999999999982,287.04140516305677,794.6994886089258,0.04967396282098897,100.0,1.0,5.371023064164818
292,2044,7,26,6.261277189363532E18,34.35712259943917,3.1626037508491855E-5,1.0,39.97914859625471,6.0,266.7999999999974,230.2326203208556,518.4813353754022,0.0,0.0,5.946524064171123,0.0,0.0,100.09999999999982,335.2137939000034,777.2363406648034,0.050902936118024815,100.0,1.0,5.241347952530446
286,2044,7,26,3.967985631945377E18,34.29922249091398,3.1012492380827115E-4,1.0,49.65526584450092,7.0,266.7999999999974,230.10561497326202,732.423014946893,0.0,0.0,5.921122994652406,0.0,0.0,100.09999999999982,316.7358290000044,741.6513510679454,0.05098886475755204,100.0,1.0,5.232515006337365
284,2044,7,26,2.3275888066568E18,36.01069155335144,9.285177359529077E-5,1.0,50.2082066620141,4.0,266.7999999999974,229.951871657754,753.6167562218814,0.0,0.0,5.890374331550802,0.0,0.0,100.09999999999982,302.29159027884504,746.492055236515,0.048565532663746816,100.0,1.0,5.493608025412604
282,2044,7,26,4.90388125562359E18,36.55246989453753,1.3969591162534732E-4,1.0,48.0123152524686,2.0,266.7999999999974,229.6711229946524,697.4721658479737,0.0,0.0,5.834224598930481,0.0,0.0,100.09999999999982,334.21531999999564,754.2543535291567,0.04784569748431017,100.0,1.0,5.5762589747487326
297,2044,7,26,6.522181452910449E18,36.87441336405804,4.6860822576045814E-5,1.0,37.848746619094534,1.0,266.7999999999974,229.3903743315508,458.9070680303393,0.0,0.0,5.778074866310161,0.0,0.0,100.09999999999982,349.63645287596734,752.3172788068284,0.047427965825838844,100.0,1.0,5.6253730337016545
296,2044,7,26,4.2692437014197545E18,36.64293486119145,1.499636962322394E-4,1.0,34.639760979880776,2.0,266.7999999999974,229.5173796791444,394.91435579559874,0.0,0.0,5.803475935828877,0.0,0.0,100.09999999999982,317.53584699999794,743.745783418866,0.04772757486547941,100.0,1.0,5.590059850138532
291,2044,7,27,4.2848121755587553E18,37.49638327895391,7.911350097149776E-5,1.0,50.57167601901789,1.0,269.7000000000028,230.62967914438502,782.8737666881899,0.0,0.0,5.725935828877005,0.0,0.0,100.09999999999982,349.60526858233027,764.1748317029405,0.047148226316543626,100.0,1.0,5.720257601829848
287,2044,7,27,2.7812977706100634E18,36.26309290203996,3.2562465750553465E-5,1.0,45.089373921715534,4.0,269.7000000000028,231.83288770053477,637.36064428362,0.0,0.0,5.966577540106952,0.0,0.0,100.09999999999982,275.0,775.1668395157359,0.04875171485409983,100.0,1.0,5.532113091962796
299,2044,7,27,9.054830946953192E18,35.06819192216792,5.9251991556796135E-5,1.0,47.81837454960681,6.0,269.7000000000028,231.63235294117646,674.5933410826549,0.0,0.0,5.926470588235294,0.0,0.0,100.09999999999982,306.1554079299973,735.1971738061527,0.05041286328111016,100.0,1.0,5.349825073337187
295,2044,7,27,8.305991534382669E18,35.737976834171945,3.21239821636908E-5,1.0,45.34208388547716,3.0,269.7000000000028,231.9933155080214,640.2133408238881,0.0,0.0,5.998663101604278,0.0,0.0,100.09999999999982,344.52722977965453,770.6275369343895,0.049468048319891565,100.0,1.0,5.452004054333267
286,2045,2,6,3.967985631945377E18,40.23441454324464,2.062617497276558E-4,1.0,52.914681018509334,2.0,284.2000000000032,238.37433155080214,923.690856561376,0.0,0.0,6.074866310160428,0.0,0.0,100.0,477.442490085069,821.2251137366483,0.046185107707570505,100.0,1.0,6.153498694849165
299,2045,2,6,9.054830946953192E18,40.863270233875355,7.696643144082784E-4,1.0,53.73815678380657,1.0,284.2000000000032,238.3475935828877,930.2197533126895,0.0,0.0,6.06951871657754,0.0,0.0,100.0,464.88722898658114,800.101012661829,0.04547435285026034,100.0,1.0,6.249676624004473
293,2045,2,7,7.421366990471719E18,41.6966241043735,5.294465352351701E-4,1.0,51.55341496840647,1.0,287.1000000000037,240.36229946524065,948.633612783343,0.0,0.0,6.172459893048129,0.0,0.0,100.0,453.71020564853796,890.6695026797091,0.04502024679488229,100.0,1.0,6.377130745374768
291,2045,2,7,4.2848121755587553E18,41.220132344168775,5.799703511224395E-4,1.0,53.02898708094329,1.0,287.1000000000037,240.77673796791444,906.0430715203021,0.0,0.0,6.255347593582887,0.0,0.0,100.0,382.0156148737313,801.9384574451744,0.045540666682451575,100.0,1.0,6.304255534990521
290,2045,2,7,2.2009420763865405E18,41.37264830617499,7.696643144082784E-4,1.0,45.35253582105219,1.0,287.1000000000037,241.1644385026738,712.426593863493,0.0,0.0,6.3328877005347595,0.0,0.0,100.0,489.1297959215963,857.5137568545466,0.04537278575449948,100.0,1.0,6.327581505650286
289,2045,2,7,7.388801749022034E17,40.98758763378932,7.696643144082784E-4,1.0,49.9270113810337,2.0,287.1000000000037,241.19786096256684,855.8025761468291,0.0,0.0,6.339572192513369,0.0,0.0,100.0,469.2421717311589,857.5799266935223,0.04579904346809644,100.0,1.0,6.268689873403081
288,2045,2,7,6.65317065901527E17,41.203079250495705,6.364651634327502E-4,1.0,36.45608324919343,1.0,287.1000000000037,240.99064171122996,467.62969146079917,0.0,0.0,6.298128342245989,0.0,0.0,100.0,370.6166741781858,814.1323804842955,0.04555951501294038,100.0,1.0,6.301647414781699
287,2045,2,7,2.7812977706100634E18,41.17141354745858,5.14748697886144E-4,1.0,48.277667620149984,2.0,287.1000000000037,240.64304812834226,809.1456086520583,0.0,0.0,6.228609625668449,0.0,0.0,100.0,462.084690686914,865.99615318922,0.04559455568676253,100.0,1.0,6.296804424905439
284,2045,2,7,2.3275888066568E18,41.4033951831298,6.066101813175478E-4,1.0,52.511145257202685,2.0,287.1000000000037,239.97459893048128,927.7869067008322,0.0,0.0,6.0949197860962565,0.0,0.0,100.0,492.0324887826624,838.4344133964785,0.0453390911394921,100.0,1.0,6.332283969184563
281,2045,2,7,6.977615103056312E17,40.541666008844544,7.696643144082784E-4,1.0,43.36241988361467,2.0,287.1000000000037,240.09491978609626,639.2573019572988,0.0,0.0,6.1189839572192515,0.0,0.0,100.0,390.7582284499916,834.0744790971457,0.04630279148574718,100.0,1.0,6.200490095470339
298,2045,2,7,2.857941005564493E18,41.948876008525346,7.696643144082784E-4,0.0,50.87640776070528,0.0,287.1000000000037,240.42914438502675,908.0169228491253,0.0,0.0,6.185828877005347,0.0,0.0,100.0,454.5449126144164,875.8306399162456,0.044749525763475274,100.0,1.0,6.415710448362691
297,2045,2,7,6.522181452910449E18,42.42707160245165,7.696643144082784E-4,1.0,38.69986620490007,1.0,287.1000000000037,240.8168449197861,534.4982896393841,0.0,0.0,6.2633689839572195,0.0,0.0,100.0,536.5552481213422,845.7910345140587,0.044245153784873946,100.0,1.0,6.488846245080842
296,2045,2,7,4.2692437014197545E18,41.08012737305976,7.696643144082784E-4,1.0,38.87750211113708,1.0,287.1000000000037,240.44251336898395,504.99497454625936,0.0,0.0,6.188502673796791,0.0,0.0,100.0,393.93621768945854,793.0629780177103,0.04569587359467119,100.0,1.0,6.2828430099973795
295,2045,2,7,8.305991534382669E18,40.50631154573553,7.696643144082784E-4,2.0,44.714648949876896,4.0,287.1000000000037,241.83957219251337,700.9921302178143,0.0,0.0,6.467914438502674,0.0,0.0,100.0,548.6045515870932,865.756812668195,0.04634320519588164,100.0,1.0,6.195082942288965
292,2045,2,8,6.261277189363532E18,42.37389811706395,3.721030561748691E-4,1.0,45.1877624361999,1.0,290.00000000000006,242.3101604278075,708.0535801446553,0.0,0.0,6.262032085561497,0.0,0.0,100.0,472.0994833964718,858.0747974664246,0.044748157012023025,100.0,1.0,6.480713829668611
285,2045,2,8,4.86643095885923E18,42.696394732754676,7.696643144082784E-4,0.0,28.947547228671336,0.0,290.00000000000006,242.08957219251337,345.6013942690165,0.0,0.0,6.217914438502674,0.0,0.0,100.0,473.55104650984106,847.1739770723518,0.04441016291942808,100.0,1.0,6.530036841480128
283,2045,2,8,1.858714168763392E18,41.699619297104654,5.845634252940123E-4,1.0,41.51275614645775,1.0,290.00000000000006,242.14304812834226,621.3908938064134,0.0,0.0,6.228609625668449,0.0,0.0,100.0,432.8668500312675,874.6226424620468,0.04547173039264412,100.0,1.0,6.3775888336748405
282,2045,2,8,4.90388125562359E18,41.94329753963664,7.696643144082784E-4,0.0,52.2236237540257,0.0,290.00000000000006,242.5441176470588,891.4899026890766,0.0,0.0,6.3088235294117645,0.0,0.0,100.0,427.697988318663,814.7160770036905,0.04520755299132054,100.0,1.0,6.414857270767952
280,2045,2,8,8.709926167270339E18,41.895132555990934,7.696643144082784E-4,1.0,54.013492980571755,1.0,290.00000000000006,242.39705882352942,943.8663739926201,0.0,0.0,6.279411764705882,0.0,0.0,100.0,407.0920804008243,802.9961349166359,0.045259526118451174,100.0,1.0,6.407490861504498
294,2045,2,8,8.619173836053503E18,42.48302057803856,7.696643144082784E-4,1.0,36.739688238474756,1.0,290.00000000000006,243.01871657754012,478.85431339561814,0.0,0.0,6.403743315508021,0.0,0.0,100.0,389.2224930785968,823.7194399470557,0.04463321629098231,100.0,1.0,6.497403147229423
290,2045,7,25,2.2009420763865405E18,34.816528524902346,1.190955928603192E-4,1.0,42.59255410800516,4.0,261.00000000000006,226.8783422459893,561.7889136788392,0.0,0.0,5.875668449197861,0.0,0.0,100.09999999999982,295.0929447206076,756.0340693540652,0.049139285085118146,100.0,1.0,5.311432584904334
288,2045,7,25,6.65317065901527E17,35.34508826127501,4.2494508606230614E-5,1.0,31.96530826048928,3.0,261.00000000000006,224.7058823529412,351.02082029360866,0.0,0.0,5.4411764705882355,0.0,0.0,100.09999999999982,305.4383439999964,745.7315807886013,0.04840444330517583,100.0,1.0,5.392066971093367
293,2045,7,26,7.421366990471719E18,36.419172040738324,3.1012492380827115E-4,1.0,49.964904188232595,2.0,263.89999999999645,226.81417112299465,801.1835510361442,0.0,0.0,5.56283422459893,0.0,0.0,100.09999999999982,307.92475440530694,801.2656125933045,0.04749885216868245,100.0,1.0,5.555923731857975
291,2045,7,26,4.2848121755587553E18,34.290242494025065,5.612105027294086E-5,2.0,47.01308287510991,6.0,263.89999999999645,227.44251336898395,666.883446978501,0.0,0.0,5.688502673796791,0.0,0.0,100.09999999999982,332.9822250000067,750.3654406166406,0.050447845889986506,100.0,1.0,5.231145063666207
287,2045,7,26,2.7812977706100634E18,35.51061783460755,8.524599335026697E-5,1.0,46.23428935873931,3.0,263.89999999999645,226.93449197860963,666.9600468042204,0.0,0.0,5.586898395721925,0.0,0.0,100.09999999999982,310.9122154095972,774.2118905618634,0.04871413043067266,100.0,1.0,5.417319321250429
286,2045,7,26,3.967985631945377E18,35.58675884063791,4.5512903405968754E-5,1.0,52.97671223059814,3.0,263.89999999999645,227.48930481283423,816.0439187832965,0.0,0.0,5.697860962566845,0.0,0.0,100.09999999999982,267.96014800000347,723.4112535500849,0.04860990225649435,100.0,1.0,5.428935006030362
285,2045,7,26,4.86643095885923E18,35.161631718923594,4.314481410799544E-5,1.0,24.401281572071227,5.0,263.89999999999645,227.98395721925132,239.5629473813338,0.0,0.0,5.7967914438502675,0.0,0.0,100.09999999999982,271.20549916633405,740.2389127425613,0.04919762776361277,100.0,1.0,5.364079773683325
283,2045,7,26,1.858714168763392E18,35.77727319279168,3.3804766057147496E-5,1.0,38.24393547364637,3.0,263.89999999999645,227.52941176470588,490.0450998877691,0.0,0.0,5.705882352941177,0.0,0.0,100.09999999999982,306.8996421746191,790.2569795955491,0.04835105402100266,100.0,1.0,5.457998907022047
282,2045,7,26,4.90388125562359E18,35.59373801310152,5.884723411921654E-5,1.0,48.790673961594926,4.0,263.89999999999645,227.5360962566845,705.0947501232268,0.0,0.0,5.707219251336898,0.0,0.0,100.09999999999982,316.6574440993713,739.1615425987768,0.04860037089198399,100.0,1.0,5.429999713099379
299,2045,7,26,9.054830946953192E18,35.34873069483592,5.231527054795395E-5,1.0,51.39927410733854,5.0,263.89999999999645,227.6096256684492,767.8363448425902,0.0,0.0,5.721925133689839,0.0,0.0,100.09999999999982,317.3298653759396,725.1956154178295,0.04893722730252265,100.0,1.0,5.392622642239331
297,2045,7,26,6.522181452910449E18,36.17795138221214,8.730994476584212E-5,1.0,37.06176883454198,2.0,263.89999999999645,228.1042780748663,435.5036772964449,0.0,0.0,5.820855614973262,0.0,0.0,100.09999999999982,298.1655051602009,738.509099387671,0.04781555623736565,100.0,1.0,5.519124334556435
294,2045,7,26,8.619173836053503E18,36.45657097998663,9.207984673642251E-5,1.0,32.31191576962049,1.0,263.89999999999645,226.13903743315507,360.83931687916004,0.0,0.0,5.427807486631016,0.0,0.0,100.09999999999982,328.7305947769782,754.1341515132799,0.047450125515602654,100.0,1.0,5.561629123893894
292,2045,7,27,6.261277189363532E18,36.405652667809214,3.359238776086124E-5,1.0,42.5847685523123,2.0,266.7999999999974,230.1457219251337,572.0357420285269,0.0,0.0,5.929144385026738,0.0,0.0,100.09999999999982,299.65122407977674,770.1095821520406,0.04803865028424006,100.0,1.0,5.553861285056253
289,2045,7,27,7.388801749022034E17,34.179767104797335,8.61841162206178E-6,1.0,46.686879067913814,8.0,266.7999999999974,228.39438502673798,665.7747524689655,0.0,0.0,5.578877005347594,0.0,0.0,100.09999999999982,297.52718644648075,759.4155187253689,0.05116706651383048,100.0,1.0,5.214291499941301
284,2045,7,27,2.3275888066568E18,35.56128081893236,9.578852353850725E-6,1.0,50.40248696012917,4.0,266.7999999999974,230.2125668449198,763.1456233257735,0.0,0.0,5.942513368983957,0.0,0.0,100.09999999999982,295.5841800000035,750.0265362235048,0.04917928647686165,100.0,1.0,5.425048208568949
281,2045,7,27,6.977615103056312E17,35.21845535488054,3.1012492380827115E-4,1.0,39.34106800380968,4.0,266.7999999999974,230.39304812834226,502.7445955128383,0.0,0.0,5.978609625668449,0.0,0.0,100.09999999999982,291.103690591795,773.9030553755177,0.04965801024649545,100.0,1.0,5.372748498694156
298,2045,7,27,2.857941005564493E18,34.56519007456939,3.1012492380827115E-4,2.0,45.44878149861446,6.0,266.7999999999974,230.2192513368984,666.8635987877083,0.0,0.0,5.94385026737968,0.0,0.0,100.09999999999982,309.1056000000033,799.2855096397503,0.05059652248708736,100.0,1.0,5.273089668723516
296,2045,7,27,4.2692437014197545E18,36.11151869347134,1.6169182680306101E-4,1.0,35.05190644606593,3.0,266.7999999999974,230.38636363636363,399.4419632725354,0.0,0.0,5.9772727272727275,0.0,0.0,100.09999999999982,296.58967399999614,738.7351137280424,0.04842993261301365,100.0,1.0,5.508989701305209
295,2045,7,27,8.305991534382669E18,34.46921848651343,5.873578102429377E-5,1.0,43.24314465063027,7.0,266.7999999999974,230.30614973262033,575.5599925886846,0.0,0.0,5.961229946524064,0.0,0.0,100.09999999999982,284.8050914205977,754.3122734530084,0.050737396833138874,100.0,1.0,5.258448731168217
280,2045,7,29,8.709926167270339E18,35.43487962597201,3.910780880306068E-5,2.0,49.188726357538606,6.0,272.6000000000036,233.35294117647058,725.4753694412925,0.0,0.0,5.970588235294118,0.0,0.0,100.09999999999982,304.49230000000466,748.2884740669389,0.05042764450617269,100.0,1.0,5.405765085193212
293,2046,2,7,7.421366990471719E18,40.816505451577584,7.696643144082784E-4,2.0,49.96321846729837,2.0,284.2000000000032,239.5909090909091,896.5923370469684,0.0,0.0,6.318181818181818,0.0,0.0,100.0,458.4775621610098,897.1006347995199,0.04552645427804423,100.0,1.0,6.242524363182455
292,2046,2,7,6.261277189363532E18,40.764057844061654,3.209609317799326E-4,0.0,41.32653884185887,0.0,284.2000000000032,238.3409090909091,597.7358874729694,0.0,0.0,6.068181818181818,0.0,0.0,100.0,472.6548987118918,847.5405114575647,0.04558502925148533,100.0,1.0,6.234502964385898
288,2046,2,7,6.65317065901527E17,41.17032061400136,2.8626313491501507E-4,1.0,33.491165041151625,1.0,284.2000000000032,240.4331550802139,419.2577038911162,0.0,0.0,6.4866310160427805,0.0,0.0,100.0,412.34322164520137,831.293097776598,0.045135202775147605,100.0,1.0,6.296637270376676
281,2046,2,7,6.977615103056312E17,41.037236622234644,7.696643144082784E-4,0.0,40.16545628941445,0.0,284.2000000000032,238.9090909090909,598.7635742882726,0.0,0.0,6.181818181818182,0.0,0.0,100.0,528.6465941510409,891.0215135558011,0.04528157649445546,100.0,1.0,6.276283248106485
299,2046,2,7,9.054830946953192E18,41.49779075787309,7.696643144082784E-4,0.0,54.88341070979909,0.0,284.2000000000032,239.1898395721925,943.7683776573158,0.0,0.0,6.237967914438503,0.0,0.0,100.0,387.89081979036536,775.2265018406032,0.04477902884211348,100.0,1.0,6.3467209394394155
298,2046,2,7,2.857941005564493E18,41.13478999817662,7.696643144082784E-4,1.0,48.06392244445181,1.0,284.2000000000032,238.22727272727272,828.8761021100431,0.0,0.0,6.045454545454546,0.0,0.0,100.0,547.4123007681349,894.8443317269528,0.045174188790392714,100.0,1.0,6.291203176191725
294,2046,2,7,8.619173836053503E18,41.53871475911518,7.696643144082784E-4,0.0,30.407025522283746,0.0,284.2000000000032,240.24598930481284,374.02806308828036,0.0,0.0,6.449197860962567,0.0,0.0,100.0,507.4850459905735,854.9179481293473,0.04473491247879843,100.0,1.0,6.352979904335262
291,2046,2,8,4.2848121755587553E18,42.21206328408807,8.059185600253816E-4,0.0,51.94552981160459,0.0,287.1000000000037,240.8235294117647,909.9503584723036,0.0,0.0,6.264705882352941,0.0,0.0,100.0,489.73509661718913,841.1281202812875,0.044470517706248776,100.0,1.0,6.455962619919351
286,2046,2,8,3.967985631945377E18,42.00448291865454,9.763643451553445E-4,0.0,52.02400750005369,0.0,287.1000000000037,240.93716577540107,881.7898494666026,0.0,0.0,6.287433155080214,0.0,0.0,100.0,415.46075248095315,812.5785878490013,0.044690284875728285,100.0,1.0,6.424215034617745
285,2046,2,8,4.86643095885923E18,42.0411844293156,0.001607001608690611,0.0,26.26773274904088,0.0,287.1000000000037,240.36898395721926,306.5253257379601,0.0,0.0,6.17379679144385,0.0,0.0,100.0,517.949029690368,858.9314144946698,0.044651270728313534,100.0,1.0,6.4298282068365085
284,2046,2,8,2.3275888066568E18,41.747415633090355,0.001607001608690611,1.0,53.40041152532681,1.0,287.1000000000037,241.40508021390374,991.5251993803771,0.0,0.0,6.3810160427807485,0.0,0.0,100.0,529.9783029714612,864.4935290099808,0.04496547341254843,100.0,1.0,6.384898861531462
282,2046,2,8,4.90388125562359E18,41.63759054056683,0.001607001608690611,1.0,53.78374568941926,1.0,287.1000000000037,240.61631016042782,966.9019250293221,0.0,0.0,6.223262032085562,0.0,0.0,100.0,477.2180736696843,830.1697566541083,0.045084076271498276,100.0,1.0,6.368102082674933
297,2046,2,8,6.522181452910449E18,40.89894862989552,0.001607001608690611,1.0,39.37981161290145,1.0,287.1000000000037,240.55614973262033,522.5576214969697,0.0,0.0,6.211229946524064,0.0,0.0,100.0,405.04584580786025,803.3577241845602,0.04589830229328139,100.0,1.0,6.255133319866377
296,2046,2,8,4.2692437014197545E18,41.245089263496446,0.0014503777794400775,1.0,40.42938092084165,1.0,287.1000000000037,241.21122994652407,559.5242185183581,0.0,0.0,6.342245989304812,0.0,0.0,100.0,455.59825309796196,823.4618752269839,0.04551311055965451,100.0,1.0,6.308072475593571
290,2046,2,9,2.2009420763865405E18,43.07835645560597,0.0024443389029729424,0.0,46.895759221488326,0.0,290.00000000000006,241.75534759358288,764.9210890301887,0.0,0.0,6.151069518716578,0.0,0.0,100.0,506.6707633585481,865.48847401691,0.044016392503458485,100.0,1.0,6.588454516739734
289,2046,2,9,7.388801749022034E17,41.051891612930476,0.00211455617745422,1.0,49.24061746142908,2.0,290.00000000000006,243.05882352941177,833.8997621220543,0.0,0.0,6.411764705882353,0.0,0.0,100.0,450.004729399631,858.8353371972656,0.046189195470753876,100.0,1.0,6.278524599624658
287,2046,2,9,2.7812977706100634E18,41.76119405105764,0.0014760500621817285,0.0,48.85163650930308,0.0,290.00000000000006,243.03877005347593,847.5033111096967,0.0,0.0,6.407754010695188,0.0,0.0,100.0,506.8277812886126,886.5174770516586,0.04540468464181338,100.0,1.0,6.38700614898529
283,2046,2,9,1.858714168763392E18,42.0518386671568,0.002278069617962112,1.0,40.84450438734435,2.0,290.00000000000006,243.25935828877004,620.1164429224074,0.0,0.0,6.451871657754011,0.0,0.0,100.0,475.25517973018435,897.3829571429927,0.04509086656500411,100.0,1.0,6.43145767850633
295,2046,2,9,8.305991534382669E18,43.017235511293606,0.0011639709061775914,0.0,48.978487100947135,0.0,290.00000000000006,242.71791443850267,800.6331856325418,0.0,0.0,6.343582887700535,0.0,0.0,100.0,423.87350048722067,833.3023603398032,0.044078933097782026,100.0,1.0,6.579106607609619
280,2046,2,10,8.709926167270339E18,43.597275841207136,0.0032816761972552736,0.0,54.31560713055112,0.0,292.8999999999962,245.60828877005346,991.4104503544584,0.0,0.0,6.621657754010696,0.0,0.0,100.0,457.6655864489908,833.320317081258,0.04392740940031942,100.0,1.0,6.66781865806697
292,2046,7,24,6.261277189363532E18,34.210570765185814,4.6342636552341793E-5,1.0,39.32575783943133,4.0,258.1000000000035,222.1898395721925,476.2139823455423,0.0,0.0,5.237967914438503,0.0,0.0,100.09999999999982,269.95999999999896,733.6473650561417,0.049454006028203844,100.0,1.0,5.218990749764698
290,2046,7,25,2.2009420763865405E18,36.47853918304567,8.088808654362836E-5,1.0,44.946754113178685,1.0,261.00000000000006,224.56550802139037,619.5338807473609,0.0,0.0,5.413101604278075,0.0,0.0,100.09999999999982,325.8465499999949,757.6020426735935,0.04690043404080409,100.0,1.0,5.564980481266465
287,2046,7,25,2.7812977706100634E18,34.64411542489999,4.309684877824779E-5,1.0,46.50550212259879,4.0,261.00000000000006,225.3542780748663,667.7617004651046,0.0,0.0,5.570855614973262,0.0,0.0,100.09999999999982,308.05072400000057,767.1086097491999,0.04938383618332089,100.0,1.0,5.28513011891432
286,2046,7,25,3.967985631945377E18,36.36746369343904,6.618116171751412E-5,1.0,50.284632335546604,2.0,261.00000000000006,222.7941176470588,736.277783321027,0.0,0.0,5.0588235294117645,0.0,0.0,100.09999999999982,322.00319455165317,727.0007601525181,0.04704367990248305,100.0,1.0,5.548035369278669
282,2046,7,25,4.90388125562359E18,36.04979694511706,7.91538856070115E-5,1.0,52.688101547751906,1.0,261.00000000000006,225.4144385026738,818.2361876291774,0.0,0.0,5.5828877005347595,0.0,0.0,100.09999999999982,307.7469250000058,733.7377145576111,0.04745822350855319,100.0,1.0,5.499573745168972
280,2046,7,25,8.709926167270339E18,35.59645594083621,3.689328144281121E-5,1.0,50.85571938302116,2.0,261.00000000000006,225.975935828877,756.2949784373865,0.0,0.0,5.695187165775401,0.0,0.0,100.09999999999982,296.072196924527,729.8048460826651,0.0480626308333304,100.0,1.0,5.430414346336659
298,2046,7,25,2.857941005564493E18,33.26480499712411,5.6882781329470126E-5,2.0,43.49293258226859,9.0,261.00000000000006,225.75534759358288,605.1229990380939,0.0,0.0,5.651069518716578,0.0,0.0,100.09999999999982,323.20498602854747,785.2915642649164,0.051431515110556957,100.0,1.0,5.074709532452148
296,2046,7,25,4.2692437014197545E18,36.06791179964602,8.114205227845923E-5,1.0,38.921919849381375,1.0,261.00000000000006,226.50401069518716,469.96885090039234,0.0,0.0,5.800802139037433,0.0,0.0,100.09999999999982,302.1549799018826,736.3673059195783,0.047434387950236474,100.0,1.0,5.502337255280193
294,2046,7,25,8.619173836053503E18,34.790748674498396,8.667549575412828E-5,2.0,27.295159707780392,4.0,261.00000000000006,226.68449197860963,280.76205648767393,0.0,0.0,5.836898395721925,0.0,0.0,100.09999999999982,291.9993909999973,745.9420627883304,0.04917569716208439,100.0,1.0,5.307499741991195
291,2046,7,26,4.2848121755587553E18,35.34386478518007,3.1012492380827115E-4,2.0,48.56286052609096,3.0,263.89999999999645,228.6524064171123,710.78076226002,0.0,0.0,5.93048128342246,0.0,0.0,100.09999999999982,308.09877099999665,751.6821036014813,0.04894396465646834,100.0,1.0,5.3918803238004545
289,2046,7,26,7.388801749022034E17,34.21332583991768,5.416083196092755E-5,2.0,45.529456706886855,7.0,263.89999999999645,228.51871657754012,641.1956078151212,0.0,0.0,5.903743315508021,0.0,0.0,100.09999999999982,298.4263772146162,765.9949099330871,0.05056126016403106,100.0,1.0,5.219411049959019
288,2046,7,26,6.65317065901527E17,34.527782280867136,3.1012492380827115E-4,1.0,27.156280976964375,5.0,263.89999999999645,228.15106951871658,284.55759025619886,0.0,0.0,5.830213903743315,0.0,0.0,100.09999999999982,309.9259684699957,761.5769825040071,0.05010078130119044,100.0,1.0,5.267382925897126
284,2046,7,26,2.3275888066568E18,37.404429174258105,3.1012492380827115E-4,0.0,54.46028856663316,0.0,263.89999999999645,228.0173796791444,903.788795903269,0.0,0.0,5.803475935828877,0.0,0.0,100.09999999999982,311.3543015799062,754.948350140795,0.04624770132996297,100.0,1.0,5.706229551111137
281,2046,7,26,6.977615103056312E17,33.885352368079026,1.0075533587013357E-4,1.0,36.249032585639334,7.0,263.89999999999645,228.11764705882354,445.3496435732312,0.0,0.0,5.823529411764706,0.0,0.0,100.09999999999982,313.136484999997,781.6919970773421,0.05105063834302734,100.0,1.0,5.169377084508891
299,2046,7,26,9.054830946953192E18,36.32483498696364,8.131225060521003E-5,1.0,51.953485934285744,1.0,263.89999999999645,228.14438502673798,780.2280870978615,0.0,0.0,5.828877005347594,0.0,0.0,100.09999999999982,306.808799999999,720.6832468416604,0.047622208593367674,100.0,1.0,5.541532150542672
297,2046,7,26,6.522181452910449E18,35.829589837237904,8.204363063710878E-5,1.0,36.50150717983445,2.0,263.89999999999645,227.5360962566845,423.4489590999549,0.0,0.0,5.707219251336898,0.0,0.0,100.09999999999982,296.0624744147957,735.1877127610478,0.048280454136569055,100.0,1.0,5.465980068321493
293,2046,7,27,7.421366990471719E18,35.11203005317589,3.0138476560570566E-5,1.0,47.43481196010664,6.0,266.7999999999974,229.01604278074868,730.5142543439306,0.0,0.0,5.7032085561497325,0.0,0.0,100.09999999999982,296.2051448757924,808.5969763586882,0.049808524720153964,100.0,1.0,5.356512795731178
285,2046,7,27,4.86643095885923E18,36.19708652046124,5.998547849289573E-5,1.0,23.765458932452717,3.0,266.7999999999974,230.10561497326202,238.38391034665253,0.0,0.0,5.921122994652406,0.0,0.0,100.09999999999982,316.2220896134741,762.5297381791819,0.048315447042673064,100.0,1.0,5.522043493964879
283,2046,7,27,1.858714168763392E18,35.654758873271504,7.045091408638599E-5,1.0,38.30639188865039,4.0,266.7999999999974,229.08957219251337,492.0902527488298,0.0,0.0,5.717914438502674,0.0,0.0,100.09999999999982,293.5929159999962,791.3120753648328,0.049050350420107365,100.0,1.0,5.439308745297511
295,2046,7,27,8.305991534382669E18,34.95215077355546,6.649333700863446E-5,1.0,42.39261334896302,5.0,266.7999999999974,229.69117647058823,561.9445963919715,0.0,0.0,5.838235294117647,0.0,0.0,100.09999999999982,307.0500640000033,762.2996948739459,0.05003636051494678,100.0,1.0,5.3321224256568245
292,2047,2,6,6.261277189363532E18,39.84723692557965,7.696643144082784E-4,1.0,38.948394447950754,2.0,281.2999999999969,239.4077540106952,557.6250867737193,0.0,0.0,6.581550802139038,0.0,0.0,100.0,510.3295800733028,872.9040579083203,0.046158011763884746,100.0,1.0,6.094283294500425
289,2047,2,6,7.388801749022034E17,41.574312405500415,7.696643144082784E-4,0.0,45.54588392804515,0.0,281.2999999999969,236.8542780748663,755.0474014727957,0.0,0.0,6.070855614973262,0.0,0.0,100.0,592.2084663556853,901.9267244929423,0.044240520753047276,100.0,1.0,6.358424250253
297,2047,2,6,6.522181452910449E18,39.39618433973521,7.696643144082784E-4,1.0,34.90577388616845,4.0,281.2999999999969,237.43582887700535,445.8959407308683,0.0,0.0,6.18716577540107,0.0,0.0,100.0,487.6680791648727,830.3726604236618,0.0466864814853177,100.0,1.0,6.025298781371267
295,2047,2,6,8.305991534382669E18,40.89552815304882,7.696643144082784E-4,0.0,48.94397813087934,0.0,281.2999999999969,237.1283422459893,816.5262846905447,0.0,0.0,6.125668449197861,0.0,0.0,100.0,495.87210177121847,851.0586942543027,0.04497482521526232,100.0,1.0,6.25461018811335
293,2047,2,7,7.421366990471719E18,41.28909428303507,0.0010510494278238823,0.0,49.963815829999945,0.0,284.2000000000032,239.20320855614975,914.0571578993947,0.0,0.0,6.240641711229946,0.0,0.0,100.0,518.589514247492,914.529144994687,0.0450053652543864,100.0,1.0,6.314802655052421
287,2047,2,7,2.7812977706100634E18,40.78683205157956,0.001607001608690611,1.0,50.17749732695765,2.0,284.2000000000032,239.95855614973263,857.6610221338473,0.0,0.0,6.391711229946524,0.0,0.0,100.0,406.32700683138245,850.7683476802462,0.04555957586705555,100.0,1.0,6.237986078476868
285,2047,2,7,4.86643095885923E18,41.110617191886455,0.001607001608690611,1.0,28.104029574866637,1.0,284.2000000000032,238.5548128342246,328.4621553910097,0.0,0.0,6.11096256684492,0.0,0.0,100.0,468.085277068392,838.8547689220852,0.04520075095339431,100.0,1.0,6.287506158759104
283,2047,2,7,1.858714168763392E18,40.56224591193075,0.0013116669394586593,1.0,43.63436771387004,2.0,284.2000000000032,239.33689839572193,678.6566088650621,0.0,0.0,6.267379679144385,0.0,0.0,100.0,437.41148360309893,875.8426290317004,0.04581183135828827,100.0,1.0,6.20363761006
282,2047,2,7,4.90388125562359E18,41.08865801813111,0.001607001608690611,1.0,51.504973458878695,1.0,284.2000000000032,239.798128342246,892.203491838583,0.0,0.0,6.359625668449198,0.0,0.0,100.0,480.077138312108,839.4145729897203,0.04522490776921488,100.0,1.0,6.284147696890638
281,2047,2,7,6.977615103056312E17,40.59346306046781,0.001607001608690611,1.0,42.33461429807765,2.0,284.2000000000032,238.79545454545453,657.2428866712307,0.0,0.0,6.159090909090909,0.0,0.0,100.0,512.7422599711525,894.3073545294659,0.04577660118484543,100.0,1.0,6.208411997483312
296,2047,2,7,4.2692437014197545E18,40.71055805416559,0.001607001608690611,0.0,40.22666539820833,0.0,284.2000000000032,238.86229946524065,552.1382019996832,0.0,0.0,6.172459893048129,0.0,0.0,100.0,467.1199795186808,819.4452316584269,0.045644934828906185,100.0,1.0,6.2263206435782665
294,2047,2,7,8.619173836053503E18,41.59744300862362,0.001607001608690611,1.0,28.574275447577943,1.0,284.2000000000032,238.66844919786095,349.87803227853954,0.0,0.0,6.133689839572193,0.0,0.0,100.0,573.2639996030932,873.2216897851871,0.04467175467601602,100.0,1.0,6.361961871907136
291,2047,2,8,4.2848121755587553E18,41.751460808062866,0.00247535139535377,0.0,49.426688113317375,0.0,287.1000000000037,240.09491978609626,824.6848940930065,0.0,0.0,6.1189839572192515,0.0,0.0,100.0,511.20126804063335,842.9781608429506,0.04496111684144507,100.0,1.0,6.385517535350801
290,2047,2,8,2.2009420763865405E18,41.682172200414186,8.193305044650521E-4,0.0,47.465925348790975,0.0,287.1000000000037,242.23395721925132,755.4304158676913,0.0,0.0,6.5467914438502675,0.0,0.0,100.0,404.933752502727,835.3068345035798,0.04503585606495043,100.0,1.0,6.3749204541809945
288,2047,2,8,6.65317065901527E17,41.32832400652212,0.00247535139535377,1.0,35.69710120680058,1.0,287.1000000000037,240.475935828877,469.642717109738,0.0,0.0,6.195187165775401,0.0,0.0,100.0,457.47087872517176,844.9834080028814,0.045421447707293665,100.0,1.0,6.320802495115141
286,2047,2,8,3.967985631945377E18,42.47177287474366,0.00247535139535377,0.0,51.53388538810277,0.0,287.1000000000037,243.06951871657753,884.3445343263469,0.0,0.0,6.713903743315508,0.0,0.0,100.0,422.9489639134278,830.872789746887,0.04419858604039177,100.0,1.0,6.495682910254902
284,2047,2,8,2.3275888066568E18,42.153599544688625,0.00247535139535377,0.0,58.40376483334109,0.0,287.1000000000037,240.37566844919786,1192.670180177099,0.0,0.0,6.175133689839572,0.0,0.0,100.0,467.91491273235994,848.8365446592397,0.044532194829583795,100.0,1.0,6.447021106834743
280,2047,2,8,8.709926167270339E18,41.25599544438603,0.002173586422281622,1.0,54.84341265982191,3.0,287.1000000000037,240.89705882352942,991.6773240774531,0.0,0.0,6.279411764705882,0.0,0.0,100.0,431.85743781153656,815.9619913244532,0.045501078994029553,100.0,1.0,6.309740479729627
299,2047,2,8,9.054830946953192E18,41.79062880722281,0.00247535139535377,0.0,55.20843424218303,0.0,287.1000000000037,240.28208556149733,979.916186772911,0.0,0.0,6.156417112299465,0.0,0.0,100.0,442.14853043435,794.4247193903678,0.04491897732268368,100.0,1.0,6.391507935222311
298,2047,2,9,2.857941005564493E18,42.06434425172294,0.0033126886896361024,0.0,50.18910001923766,0.0,290.00000000000006,242.95855614973263,885.2596698140887,0.0,0.0,6.391711229946524,0.0,0.0,100.0,429.3021270693503,877.8493982572188,0.045077461205785506,100.0,1.0,6.433370297322329
286,2047,7,24,3.967985631945377E18,35.32791881878787,5.114197292352756E-5,1.0,47.00472919506864,2.0,258.1000000000035,223.72058823529412,669.4663027579844,0.0,0.0,5.544117647058823,0.0,0.0,100.09999999999982,362.3271007369096,753.6441183890076,0.04788987943297837,100.0,1.0,5.389447688236781
293,2047,7,25,7.421366990471719E18,34.87602247652664,9.474091886364973E-6,1.0,48.64328114574501,5.0,261.00000000000006,225.47459893048128,749.9526381138282,0.0,0.0,5.5949197860962565,0.0,0.0,100.09999999999982,275.60295999999676,790.7145572956555,0.04905545986532209,100.0,1.0,5.320508679697531
291,2047,7,25,4.2848121755587553E18,35.99258222400527,4.774090575866243E-5,1.0,48.16646518958334,2.0,261.00000000000006,225.4077540106952,691.1661116296378,0.0,0.0,5.581550802139038,0.0,0.0,100.09999999999982,321.04848828000223,742.841373830285,0.047533664303703746,100.0,1.0,5.490845358195188
290,2047,7,25,2.2009420763865405E18,33.26291475780464,3.1012492380827115E-4,1.0,39.9708045049164,7.0,261.00000000000006,226.55748663101605,506.57961627320356,0.0,0.0,5.811497326203209,0.0,0.0,100.09999999999982,309.79998800000527,759.643363711798,0.05143443782111409,100.0,1.0,5.074421167151519
289,2047,7,25,7.388801749022034E17,35.339689883517,3.696363811779154E-5,1.0,44.86248630127581,4.0,261.00000000000006,223.6831550802139,630.7128684689117,0.0,0.0,5.2366310160427805,0.0,0.0,100.09999999999982,349.48006967297425,774.2186846163958,0.04841183741279215,100.0,1.0,5.391243422027904
288,2047,7,25,6.65317065901527E17,35.400218576505296,5.2832184635139865E-5,1.0,33.062657286680256,3.0,261.00000000000006,226.70454545454547,371.804417373788,0.0,0.0,5.840909090909091,0.0,0.0,100.09999999999982,283.4096049999957,751.4087579163723,0.04832906093960669,100.0,1.0,5.400477371702975
287,2047,7,25,2.7812977706100634E18,36.55602184949131,4.077372124747186E-5,0.0,50.078940040549604,0.0,261.00000000000006,224.53208556149733,765.3288462747694,0.0,0.0,5.406417112299465,0.0,0.0,100.09999999999982,287.58393110623166,762.0183183098261,0.04680102577636271,100.0,1.0,5.576800842938372
284,2047,7,25,2.3275888066568E18,33.64683306210136,3.764565717507541E-5,1.0,53.395584030085296,7.0,261.00000000000006,226.65106951871658,868.3346227397433,0.0,0.0,5.830213903743315,0.0,0.0,100.09999999999982,300.9835050000031,757.072368312997,0.05084755874948519,100.0,1.0,5.132989791818521
281,2047,7,25,6.977615103056312E17,35.43843187807974,9.324261088643147E-5,1.0,41.62706072143104,3.0,261.00000000000006,226.10294117647058,562.9386098017555,0.0,0.0,5.720588235294118,0.0,0.0,100.09999999999982,324.25128745412064,788.1567961187685,0.04827694765799064,100.0,1.0,5.406306998715156
299,2047,7,25,9.054830946953192E18,35.58973514685496,7.79247509443367E-6,1.0,53.55681261909313,2.0,261.00000000000006,226.5842245989305,807.7717590425227,0.0,0.0,5.816844919786096,0.0,0.0,100.09999999999982,251.82000000000446,699.4761698473601,0.048071707018884864,100.0,1.0,5.429389056175324
298,2047,7,25,2.857941005564493E18,34.99099064742429,6.698162501258554E-5,1.0,46.12618046575268,3.0,261.00000000000006,226.12967914438502,675.3406413547053,0.0,0.0,5.725935828877005,0.0,0.0,100.09999999999982,306.59838690000305,787.5877715576763,0.04889428076210404,100.0,1.0,5.33804763935275
296,2047,7,25,4.2692437014197545E18,35.12346451750772,4.236679286998241E-5,1.0,37.87761532368813,3.0,261.00000000000006,226.15641711229947,447.7313726559653,0.0,0.0,5.731283422459893,0.0,0.0,100.09999999999982,297.83584200000035,732.6281368129477,0.04870986801448701,100.0,1.0,5.358257179476957
295,2047,7,25,8.305991534382669E18,35.46618464085166,3.1012492380827115E-4,1.0,46.73755339253417,3.0,261.00000000000006,225.32754010695186,674.7174020722143,0.0,0.0,5.565508021390374,0.0,0.0,100.09999999999982,335.84194000000554,767.8243913493673,0.048239170302200235,100.0,1.0,5.410540819108897
292,2047,7,26,6.261277189363532E18,35.087828155274025,1.1012958942055089E-4,1.0,38.64668885574522,4.0,263.89999999999645,228.3649732620321,486.15663898256696,0.0,0.0,5.872994652406417,0.0,0.0,100.09999999999982,303.53521299999716,770.3267922920363,0.049301109809751185,100.0,1.0,5.352820677229464
285,2047,7,26,4.86643095885923E18,35.923308641784935,7.943773663121698E-5,1.0,25.91913843476034,3.0,263.89999999999645,226.13235294117646,264.1735216348768,0.0,0.0,5.426470588235294,0.0,0.0,100.09999999999982,326.74744999999683,753.2760551662947,0.048154497296407486,100.0,1.0,5.480277332677803
283,2047,7,26,1.858714168763392E18,34.158522760803805,1.1597790718334748E-4,1.0,38.99862303374825,7.0,263.89999999999645,228.59893048128342,509.7166764245631,0.0,0.0,5.919786096256685,0.0,0.0,100.09999999999982,293.63255409948806,796.0614250971902,0.05064237938456264,100.0,1.0,5.211050570827668
280,2047,7,26,8.709926167270339E18,35.97064986996396,3.9436027951204366E-5,1.0,52.82874460133848,2.0,263.89999999999645,228.63903743315507,831.0289529319276,0.0,0.0,5.927807486631016,0.0,0.0,100.09999999999982,290.53408666606776,741.0515179945176,0.0480911208199581,100.0,1.0,5.487499469766494
297,2047,7,26,6.522181452910449E18,35.366990727272736,4.234365426109655E-5,1.0,33.859917799017246,4.0,263.89999999999645,228.451871657754,387.4204421472817,0.0,0.0,5.890374331550802,0.0,0.0,100.09999999999982,321.4540470273369,755.4258221624121,0.04891196093579106,100.0,1.0,5.395408299954073
294,2047,7,26,8.619173836053503E18,34.12556940082879,5.090691461068139E-5,2.0,24.943803662666458,7.0,263.89999999999645,227.7633689839572,250.1867559890292,0.0,0.0,5.752673796791444,0.0,0.0,100.09999999999982,288.1716757854826,750.68150913305,0.050691282203977915,100.0,1.0,5.206023373764402
282,2047,7,27,4.90388125562359E18,35.86529311558053,1.2238552636474788E-4,1.0,50.39276662806003,4.0,266.7999999999974,230.1457219251337,760.2157511168812,0.0,0.0,5.929144385026738,0.0,0.0,100.09999999999982,280.3820404699967,747.454327277933,0.048762418063681034,100.0,1.0,5.471426778950366
293,2048,2,6,7.421366990471719E18,41.12253120253398,0.001638014101071438,0.0,48.863893883118465,0.0,281.2999999999969,237.5427807486631,877.4762165428469,0.0,0.0,6.208556149732621,0.0,0.0,100.0,527.6051343366274,917.4588930190712,0.04472655687731285,100.0,1.0,6.289328301564027
292,2048,2,6,6.261277189363532E18,40.2636246998433,0.001638014101071438,1.0,43.70781428797785,1.0,281.2999999999969,236.87433155080214,644.0222335880856,0.0,0.0,6.074866310160428,0.0,0.0,100.0,399.3276607335237,828.5753068240298,0.045680666966289515,100.0,1.0,6.15796613056427
290,2048,2,6,2.2009420763865405E18,41.59297043063643,0.001638014101071438,0.0,48.04086720334361,0.0,281.2999999999969,237.17513368983958,780.3383579545913,0.0,0.0,6.135026737967914,0.0,0.0,100.0,475.79074973015196,843.300226127372,0.04422067507384482,100.0,1.0,6.361277830567929
289,2048,2,6,7.388801749022034E17,40.55105199363764,0.001638014101071438,0.0,49.98089280339612,0.0,281.2999999999969,239.46122994652407,811.103037143642,0.0,0.0,6.592245989304812,0.0,0.0,100.0,321.6736524684805,810.8794110302858,0.04535688077975846,100.0,1.0,6.201925599026937
287,2048,2,6,2.7812977706100634E18,41.453944643655085,0.001638014101071438,1.0,50.24285687868272,2.0,281.2999999999969,237.91042780748663,900.2342861174238,0.0,0.0,6.282085561497326,0.0,0.0,100.0,542.6132423104722,890.8907867205153,0.044368979757653235,100.0,1.0,6.3400150631472485
286,2048,2,6,3.967985631945377E18,40.100184799584746,0.001638014101071438,1.0,46.24756249899877,2.0,281.2999999999969,238.49197860962568,737.4258940601343,0.0,0.0,6.398395721925134,0.0,0.0,100.0,525.3335130138436,856.2435036639309,0.0458668517355126,100.0,1.0,6.132969439936493
283,2048,2,6,1.858714168763392E18,40.873264068315365,0.001638014101071438,0.0,41.96047882518396,0.0,281.2999999999969,236.96791443850267,613.5519827134344,0.0,0.0,6.093582887700535,0.0,0.0,100.0,437.8396578254408,847.7418468466628,0.044999323462277516,100.0,1.0,6.2512050928011815
282,2048,2,6,4.90388125562359E18,39.86250882600182,8.822206048434542E-4,1.0,52.73314646339099,3.0,281.2999999999969,236.7673796791444,907.6893434615477,0.0,0.0,6.053475935828877,0.0,0.0,100.0,429.34164935505765,812.9234362533768,0.04614032796574697,100.0,1.0,6.096618996917937
280,2048,2,6,8.709926167270339E18,40.426064062433994,0.0013128244497242834,0.0,52.17627934587368,0.0,281.2999999999969,236.75401069518716,904.5662281929652,0.0,0.0,6.050802139037433,0.0,0.0,100.0,468.2332220081214,828.29857863139,0.04549711364254117,100.0,1.0,6.182809797784027
299,2048,2,6,9.054830946953192E18,40.30749504850804,0.001638014101071438,0.0,51.74339986451064,0.0,281.2999999999969,237.27540106951872,881.486923905576,0.0,0.0,6.1550802139037435,0.0,0.0,100.0,521.001440879131,821.3208045977982,0.04563094850115936,100.0,1.0,6.164675713301244
297,2048,2,6,6.522181452910449E18,38.93617708641175,0.001638014101071438,1.0,39.18089451511454,4.0,281.2999999999969,236.95454545454547,517.155119021674,0.0,0.0,6.090909090909091,0.0,0.0,100.0,386.49089683906595,801.7601209341286,0.047238053871783224,100.0,1.0,5.954944730862975
296,2048,2,6,4.2692437014197545E18,41.007029540137616,6.899806659947083E-4,1.0,37.388700351605046,1.0,281.2999999999969,236.94786096256684,487.72039618876425,0.0,0.0,6.089572192513369,0.0,0.0,100.0,469.8584638853627,815.7175246637964,0.04485253507496652,100.0,1.0,6.271663341432811
291,2048,2,7,4.2848121755587553E18,40.94387809376601,0.00247535139535377,1.0,51.48436617518499,2.0,284.2000000000032,239.78475935828877,885.6757691185416,0.0,0.0,6.356951871657754,0.0,0.0,100.0,480.5741284375597,833.9663098017897,0.04538482566246501,100.0,1.0,6.262004884928919
288,2048,2,7,6.65317065901527E17,41.9433516918889,0.00247535139535377,0.0,39.434241563923784,0.0,284.2000000000032,238.975935828877,540.4573795152751,0.0,0.0,6.195187165775401,0.0,0.0,100.0,422.3694808509902,829.124608851463,0.04430334473222692,100.0,1.0,6.414865552877136
285,2048,2,7,4.86643095885923E18,40.961425876528786,0.001566678098325171,1.0,27.556384264959668,1.0,284.2000000000032,240.19251336898395,331.565447904326,0.0,0.0,6.438502673796791,0.0,0.0,100.0,491.0288142198125,870.3159205336264,0.04536538290517786,100.0,1.0,6.264688663469111
284,2048,2,7,2.3275888066568E18,40.6905837703155,9.124107707214E-4,1.0,58.470339650353516,2.0,284.2000000000032,238.6951871657754,1157.3673063914346,0.0,0.0,6.13903743315508,0.0,0.0,100.0,385.9315230823072,821.4038579558195,0.04566734111557286,100.0,1.0,6.223265753107075
295,2048,2,7,8.305991534382669E18,40.91689420762654,0.002240185997769391,1.0,47.88938960248899,2.0,284.2000000000032,239.71791443850267,791.1998986322146,0.0,0.0,6.343582887700535,0.0,0.0,100.0,467.91729651356576,860.2620999035616,0.0454147560614323,100.0,1.0,6.257877937636996
281,2048,2,8,6.977615103056312E17,40.88993261488928,0.0012684754104768318,1.0,45.16737731961921,2.0,287.1000000000037,240.79010695187165,718.4226812262879,0.0,0.0,6.258021390374331,0.0,0.0,100.0,433.4006735622711,871.0742805039833,0.04590842262745106,100.0,1.0,6.253754399924243
298,2048,2,8,2.857941005564493E18,40.362282319028964,0.0033437011820169294,1.0,49.10651266241967,5.0,287.1000000000037,240.79010695187165,833.9549662616041,0.0,0.0,6.258021390374331,0.0,0.0,100.0,384.98033093082677,863.5506573671149,0.046508576815719946,100.0,1.0,6.173054942910308
294,2048,2,8,8.619173836053503E18,40.98362426083312,0.0033437011820169294,1.0,28.05622302600663,1.0,287.1000000000037,240.6764705882353,324.308498292641,0.0,0.0,6.235294117647059,0.0,0.0,100.0,396.7826098826722,830.2051802696361,0.04580347252222667,100.0,1.0,6.268083710480359
289,2048,7,23,7.388801749022034E17,34.2557617680437,5.203438318930724E-5,1.0,43.83732920225629,5.0,258.1000000000035,221.88903743315507,599.6545786380715,0.0,0.0,5.177807486631016,0.0,0.0,100.09999999999982,355.0679127334735,767.0650607382931,0.049388765145724406,100.0,1.0,5.2258848594101215
287,2048,7,23,2.7812977706100634E18,34.51020635697752,3.6297392767822E-5,1.0,48.65575238946717,4.0,258.1000000000035,222.74465240641712,724.2076479884373,0.0,0.0,5.348930481283422,0.0,0.0,100.09999999999982,306.36280000000215,763.1293694649593,0.0490246205817812,100.0,1.0,5.264701632304321
286,2048,7,23,3.967985631945377E18,35.9514211759993,4.838142337102515E-5,0.0,47.276845186366835,0.0,258.1000000000035,224.9572192513369,674.2154837635852,0.0,0.0,5.791443850267379,0.0,0.0,100.09999999999982,324.1297365639203,750.9644621201821,0.04705932943700296,100.0,1.0,5.484566037973722
281,2048,7,23,6.977615103056312E17,32.931678428590985,3.501862283291226E-5,2.0,39.23893105047463,9.0,258.1000000000035,222.8783422459893,501.5934442346298,0.0,0.0,5.375668449197861,0.0,0.0,100.09999999999982,318.81925032032365,775.3126325229105,0.05137453824342433,100.0,1.0,5.023889436768592
296,2048,7,23,4.2692437014197545E18,34.31854396971968,5.374782041737803E-5,1.0,32.28068770110431,4.0,258.1000000000035,224.42914438502675,351.8401849654527,0.0,0.0,5.685828877005347,0.0,0.0,100.09999999999982,319.5527489999966,736.2444435136433,0.04929841354407593,100.0,1.0,5.235462592913778
292,2048,7,24,6.261277189363532E18,34.34184109479546,3.1012492380827115E-4,1.0,37.970350331780836,4.0,261.00000000000006,226.68449197860963,476.2217114538693,0.0,0.0,5.836898395721925,0.0,0.0,100.09999999999982,321.8448092201941,776.6210160430038,0.04981850903499183,100.0,1.0,5.239016683873001
291,2048,7,24,4.2848121755587553E18,34.73088764132096,5.6263592853459955E-5,1.0,49.53534592391159,4.0,261.00000000000006,226.14973262032086,721.2268856565715,0.0,0.0,5.729946524064171,0.0,0.0,100.09999999999982,283.0329560399988,733.7857058340905,0.049260454801156005,100.0,1.0,5.298367647102501
290,2048,7,24,2.2009420763865405E18,35.243273020281045,8.978718118363377E-5,1.0,44.5301543204597,3.0,261.00000000000006,225.975935828877,611.620799602701,0.0,0.0,5.695187165775401,0.0,0.0,100.09999999999982,316.5001000169064,760.6740734652069,0.04854428020560956,100.0,1.0,5.376534555554911
288,2048,7,24,6.65317065901527E17,35.971488659331285,4.721755843609488E-5,1.0,35.42453371799885,2.0,261.00000000000006,224.55882352941177,415.56863692495807,0.0,0.0,5.411764705882353,0.0,0.0,100.09999999999982,328.45545000000266,756.0468282314108,0.047561537890801524,100.0,1.0,5.487627431207978
285,2048,7,24,4.86643095885923E18,34.65026928868507,6.040610124820238E-5,2.0,24.949081133953463,4.0,261.00000000000006,226.57754010695186,253.53198955162543,0.0,0.0,5.815508021390374,0.0,0.0,100.09999999999982,292.2662460000051,760.601048787674,0.049375065648277525,100.0,1.0,5.2860689210872
284,2048,7,24,2.3275888066568E18,34.12910367706031,8.99642967649893E-6,1.0,53.58187577012894,6.0,261.00000000000006,226.65106951871658,887.5761076040534,0.0,0.0,5.830213903743315,0.0,0.0,100.09999999999982,320.0752897928775,767.9205782363749,0.05012904344186648,100.0,1.0,5.206562544978059
283,2048,7,24,1.858714168763392E18,34.240461099453086,6.666485894416834E-5,1.0,35.27075142612131,6.0,261.00000000000006,224.53208556149733,426.9990562594074,0.0,0.0,5.406417112299465,0.0,0.0,100.09999999999982,289.5959193760349,781.8576077924696,0.049966012895972606,100.0,1.0,5.223550667198369
280,2048,7,24,8.709926167270339E18,34.73531081153416,7.651360007112183E-6,2.0,49.388095025723494,5.0,261.00000000000006,226.47058823529412,734.0312743976222,0.0,0.0,5.794117647058823,0.0,0.0,100.09999999999982,307.06842200920636,751.1388061665847,0.04925418200925428,100.0,1.0,5.299042423462869
299,2048,7,24,9.054830946953192E18,34.13620408974291,4.309684877824779E-5,2.0,49.686779878060165,6.0,261.00000000000006,225.2807486631016,715.129645093105,0.0,0.0,5.55614973262032,0.0,0.0,100.09999999999982,323.83927699999776,723.3271106440717,0.05011861648007293,100.0,1.0,5.207645747838493
298,2048,7,24,2.857941005564493E18,35.21966224594018,3.8239817978825046E-5,1.0,46.53928561691385,3.0,261.00000000000006,226.55748663101605,688.074659579186,0.0,0.0,5.811497326203209,0.0,0.0,100.09999999999982,285.3525300000021,789.4082747453729,0.048576823619497805,100.0,1.0,5.372932615858391
297,2048,7,24,6.522181452910449E18,35.105988872577015,6.595595997623804E-5,1.0,37.02433541458804,5.0,261.00000000000006,223.71657754010695,439.5330012771351,0.0,0.0,5.24331550802139,0.0,0.0,100.09999999999982,335.9889046899974,746.6359978829357,0.04873411562537574,100.0,1.0,5.355591183932308
295,2048,7,24,8.305991534382669E18,35.59926628431928,6.342022981764233E-5,1.0,46.294691852806785,2.0,261.00000000000006,227.06550802139037,663.9921467460814,0.0,0.0,5.913101604278075,0.0,0.0,100.09999999999982,286.11569387565555,769.214293646463,0.048058836583744914,100.0,1.0,5.430843078050684
294,2048,7,24,8.619173836053503E18,32.69620806330033,7.776452452564469E-6,2.0,17.555896181257445,9.0,261.00000000000006,226.08957219251337,161.89360612446526,0.0,0.0,5.717914438502674,0.0,0.0,100.09999999999982,294.60504640999767,756.8363778966186,0.052325924692767846,100.0,1.0,4.98796727496865
293,2048,7,25,7.421366990471719E18,35.41054466071876,8.18271566776441E-5,1.0,47.06754919597646,4.0,263.89999999999645,227.52941176470588,726.2332817778839,0.0,0.0,5.705882352941177,0.0,0.0,100.09999999999982,317.765527000004,815.4788900282389,0.04885180065552074,100.0,1.0,5.402052666612875
282,2048,7,25,4.90388125562359E18,34.8058403068439,5.895911099016561E-5,1.0,49.641229995271026,5.0,263.89999999999645,228.07085561497325,744.5139592851566,0.0,0.0,5.814171122994653,0.0,0.0,100.09999999999982,317.77612100000215,754.040118061508,0.04970053455450412,100.0,1.0,5.309802044696126
297,2049,2,3,6.522181452910449E18,39.08483596679955,7.696643144082784E-4,1.0,40.855412096339265,1.0,275.50000000000006,234.64304812834226,568.8460868449063,0.0,0.0,6.228609625668449,0.0,0.0,100.0,529.3143425780389,822.4244662703502,0.046088108323552875,100.0,1.0,5.977680794922287
299,2049,2,4,9.054830946953192E18,41.18825278656879,7.696643144082784E-4,0.0,53.43631743772115,0.0,278.39999999999634,236.47058823529412,939.8506727592198,0.0,0.0,6.294117647058823,0.0,0.0,100.0,494.4584558686433,818.3996728427137,0.0441948266594416,100.0,1.0,6.29937983794581
295,2049,2,4,8.305991534382669E18,40.74254901701898,3.25514042017461E-4,0.0,45.33767531991769,0.0,278.39999999999634,235.1403743315508,704.2633849851188,0.0,0.0,6.028074866310161,0.0,0.0,100.0,483.0276743177302,848.351412629478,0.044678296675725614,100.0,1.0,6.231213379073496
293,2049,2,5,7.421366990471719E18,40.927568681090186,0.001638014101071438,1.0,49.61867897580819,1.0,281.2999999999969,237.56951871657753,877.1102979111455,0.0,0.0,6.213903743315508,0.0,0.0,100.0,417.5747030441615,889.6593898440082,0.044939616254776715,100.0,1.0,6.259510504166732
289,2049,2,5,7.388801749022034E17,38.44511302154976,0.001638014101071438,1.0,44.653282718886196,3.0,281.2999999999969,239.6216577540107,704.5695141253113,0.0,0.0,6.624331550802139,0.0,0.0,100.0,484.5332225669606,871.9905182215562,0.04784143123049834,100.0,1.0,5.879840815060555
288,2049,2,5,6.65317065901527E17,39.998575060598306,0.001638014101071438,1.0,40.39360953718114,2.0,281.2999999999969,238.6657754010695,554.4899207940383,0.0,0.0,6.433155080213904,0.0,0.0,100.0,380.0622444261353,817.4848221215997,0.045983368857082964,100.0,1.0,6.117429126915031
283,2049,2,5,1.858714168763392E18,40.944571125829064,0.001638014101071438,0.0,36.01225930339266,0.0,281.2999999999969,238.95989304812835,514.4940158279886,0.0,0.0,6.491978609625669,0.0,0.0,100.0,536.2207953758959,913.0962520986786,0.044920954846903796,100.0,1.0,6.262110878067981
282,2049,2,5,4.90388125562359E18,40.34536545767435,0.0014193837705047054,1.0,51.626217765065434,1.0,281.2999999999969,237.21524064171123,872.4371287667786,0.0,0.0,6.143048128342246,0.0,0.0,100.0,432.2985385327093,816.7596286166666,0.045588116749091245,100.0,1.0,6.170467658232544
281,2049,2,5,6.977615103056312E17,40.55528804955027,0.001638014101071438,0.0,43.563193047733094,0.0,281.2999999999969,239.0601604278075,688.6311608718775,0.0,0.0,6.512032085561497,0.0,0.0,100.0,454.48872283692566,891.0946384682983,0.045352143190846086,100.0,1.0,6.202573466401797
298,2049,2,5,2.857941005564493E18,40.6501546644654,0.0014536297315279308,1.0,46.849141070624285,2.0,281.2999999999969,237.42245989304814,766.5014558495046,0.0,0.0,6.184491978609626,0.0,0.0,100.0,426.0423161870624,868.8022869826021,0.045246303389271395,100.0,1.0,6.217082478094719
294,2049,2,5,8.619173836053503E18,41.134776384089186,0.001638014101071438,1.0,27.506391034508432,1.0,281.2999999999969,237.2620320855615,319.4691975061662,0.0,0.0,6.152406417112299,0.0,0.0,100.0,438.37716443610157,840.7644612531167,0.044713242478707935,100.0,1.0,6.291201094037176
292,2049,2,6,6.261277189363532E18,40.60894766302612,0.002041012937894623,1.0,43.71002151498161,1.0,284.2000000000032,238.8355614973262,659.3014030027738,0.0,0.0,6.1671122994652405,0.0,0.0,100.0,449.34977330556734,848.1094396831797,0.04575914610372144,100.0,1.0,6.210780230815762
290,2049,2,6,2.2009420763865405E18,41.657615366543126,0.002506363887734596,1.0,46.55840696099685,2.0,284.2000000000032,239.3235294117647,753.9330528665799,0.0,0.0,6.264705882352941,0.0,0.0,100.0,504.00127351972424,864.8510257325371,0.044607228543456355,100.0,1.0,6.371164703118366
287,2049,2,6,2.7812977706100634E18,40.07224849677374,0.0024801833649566473,1.0,49.81422920710168,3.0,284.2000000000032,240.89438502673798,849.1625424509554,0.0,0.0,6.578877005347594,0.0,0.0,100.0,387.0811194404045,854.6730971740468,0.04637201152763864,100.0,1.0,6.12869682891833
286,2049,2,6,3.967985631945377E18,41.221249393683316,0.0022620123418070743,0.0,53.8363803761859,0.0,284.2000000000032,238.8957219251337,936.6847244839335,0.0,0.0,6.179144385026738,0.0,0.0,100.0,348.42763319274127,802.5482057124567,0.04507943831308379,100.0,1.0,6.30442637785745
285,2049,2,6,4.86643095885923E18,40.40063995373061,0.002506363887734596,1.0,33.06909672920783,3.0,284.2000000000032,238.64839572192514,408.9088316619208,0.0,0.0,6.129679144385027,0.0,0.0,100.0,382.41648536148426,826.4821662278415,0.045995082537280456,100.0,1.0,6.178921404688212
284,2049,2,6,2.3275888066568E18,40.7574355876663,0.002326315380209052,2.0,55.83157018906448,2.0,284.2000000000032,238.70855614973263,1075.497514859249,0.0,0.0,6.141711229946524,0.0,0.0,100.0,442.9538208768297,850.148202661057,0.04559243589390873,100.0,1.0,6.233490148701905
280,2049,2,6,8.709926167270339E18,40.49021646118702,0.0021643902312043152,1.0,52.456613512352796,2.0,284.2000000000032,238.93582887700535,930.8989932506242,0.0,0.0,6.18716577540107,0.0,0.0,100.0,457.36582935999377,843.0009922008182,0.04589332761438931,100.0,1.0,6.192621341122705
296,2049,2,6,4.2692437014197545E18,41.0468634744852,0.002506363887734596,1.0,37.53536853107383,3.0,284.2000000000032,239.40374331550802,505.8670879465371,0.0,0.0,6.280748663101604,0.0,0.0,100.0,507.187935874433,840.9293145561996,0.04527095646140835,100.0,1.0,6.277755590215376
291,2049,2,7,4.2848121755587553E18,40.4627909203374,0.0033747136743977565,1.0,54.0580458463163,2.0,287.1000000000037,240.70320855614975,912.6855655910423,0.0,0.0,6.240641711229946,0.0,0.0,100.0,274.85394415504584,775.0405791299751,0.046393050627380646,100.0,1.0,6.188426846639841
293,2049,7,24,7.421366990471719E18,32.65708186880913,3.6002429046699697E-5,2.0,42.62925383050108,8.0,258.1000000000035,223.70053475935828,599.9873963316587,0.0,0.0,5.540106951871658,0.0,0.0,100.09999999999982,297.50539700000076,806.1998317738999,0.05180652024104107,100.0,1.0,4.9819983816542255
292,2049,7,24,6.261277189363532E18,33.40279238200806,3.1012492380827115E-4,1.0,38.8730027386162,7.0,258.1000000000035,222.8048128342246,481.1648522116258,0.0,0.0,5.36096256684492,0.0,0.0,100.09999999999982,313.0845104433461,755.6208447833365,0.050649950264669695,100.0,1.0,5.0957601863636635
291,2049,7,24,4.2848121755587553E18,34.62526454105138,3.811761600396648E-5,2.0,49.133030413512515,3.0,258.1000000000035,225.0441176470588,708.3233972009792,0.0,0.0,5.8088235294117645,0.0,0.0,100.09999999999982,266.8221714475444,732.2686864515313,0.04886171399048679,100.0,1.0,5.282254323912065
290,2049,7,24,2.2009420763865405E18,33.7594682524572,3.8911533727512064E-5,1.0,43.08498374644572,5.0,258.1000000000035,222.98529411764707,564.1876467288624,0.0,0.0,5.397058823529412,0.0,0.0,100.09999999999982,284.3665899999977,744.3670979842768,0.05011482290532383,100.0,1.0,5.150172843823116
287,2049,7,24,2.7812977706100634E18,35.27037450947039,2.2025917884110178E-4,1.0,49.07066017370902,2.0,258.1000000000035,224.28877005347593,734.5157640919231,0.0,0.0,5.657754010695188,0.0,0.0,100.09999999999982,260.98491156181933,761.3610754480683,0.047968012712638584,100.0,1.0,5.380669020961951
286,2049,7,24,3.967985631945377E18,33.114740907210596,8.896297297999748E-5,1.0,46.01135834362089,6.0,258.1000000000035,223.13903743315507,641.8747281527297,0.0,0.0,5.427807486631016,0.0,0.0,100.09999999999982,330.0822430000044,751.7945953499643,0.05109053329423455,100.0,1.0,5.051816517819154
284,2049,7,24,2.3275888066568E18,33.2956270418504,3.156809077852922E-5,1.0,51.76083211222447,6.0,258.1000000000035,225.1042780748663,812.7531736696008,0.0,0.0,5.820855614973262,0.0,0.0,100.09999999999982,274.57732450769987,756.3753460678433,0.0508129722477745,100.0,1.0,5.079411586896646
283,2049,7,24,1.858714168763392E18,34.36961922694488,5.785912757616999E-5,1.0,34.38344104552584,3.0,258.1000000000035,221.92245989304814,411.4915067836722,0.0,0.0,5.184491978609626,0.0,0.0,100.09999999999982,332.7076163300023,783.827302326146,0.04922515322844867,100.0,1.0,5.243254374489989
282,2049,7,24,4.90388125562359E18,35.03615354710952,8.130372373329254E-6,1.0,49.10523111868171,3.0,258.1000000000035,223.9144385026738,719.0820525380736,0.0,0.0,5.5828877005347595,0.0,0.0,100.09999999999982,321.7016690000017,744.1216345780231,0.04828868473175681,100.0,1.0,5.344937461721034
280,2049,7,24,8.709926167270339E18,34.80547663680531,4.381533255273681E-5,1.0,50.576887707152274,3.0,258.1000000000035,225.0441176470588,769.8590681019958,0.0,0.0,5.8088235294117645,0.0,0.0,100.09999999999982,286.2798304579902,751.1380727912841,0.04860872300368783,100.0,1.0,5.309746565043933
299,2049,7,24,9.054830946953192E18,32.88202513134261,3.6762082006670367E-5,1.0,48.57136495005719,7.0,258.1000000000035,224.94385026737967,680.6073774197515,0.0,0.0,5.788770053475936,0.0,0.0,100.09999999999982,289.3097768099983,719.5204247858263,0.051452116044919366,100.0,1.0,5.01631458217722
297,2049,7,24,6.522181452910449E18,33.64952412255357,1.0108374309265679E-4,2.0,37.60268619173161,6.0,258.1000000000035,224.50267379679144,445.2083943644334,0.0,0.0,5.7005347593582885,0.0,0.0,100.09999999999982,290.0045740540972,737.613082194388,0.050278564614702315,100.0,1.0,5.13340032631979
296,2049,7,24,4.2692437014197545E18,34.194272966244085,7.741510828963333E-5,1.0,34.39510165965574,5.0,258.1000000000035,224.4024064171123,385.36704923820776,0.0,0.0,5.68048128342246,0.0,0.0,100.09999999999982,298.60584999999907,733.7541578603743,0.04947757697670477,100.0,1.0,5.216504440415972
295,2049,7,24,8.305991534382669E18,33.28602144461038,5.141328312471338E-5,2.0,39.669985645595474,7.0,258.1000000000035,224.56283422459893,502.4206104651729,0.0,0.0,5.712566844919786,0.0,0.0,100.09999999999982,300.21758545999825,762.8376853137949,0.050827635728863486,100.0,1.0,5.077946205816461
289,2049,7,25,7.388801749022034E17,35.089393829804095,6.073735288058578E-5,1.0,47.21859834872339,3.0,261.00000000000006,227.17245989304814,678.2167454396887,0.0,0.0,5.934491978609626,0.0,0.0,100.09999999999982,267.1996609656779,757.0975715584342,0.04875716375032263,100.0,1.0,5.3530595285758995
288,2049,7,25,6.65317065901527E17,34.402393615467524,3.288705448656109E-5,1.0,35.66617031400541,7.0,261.00000000000006,224.15106951871658,420.3211888196912,0.0,0.0,5.330213903743315,0.0,0.0,100.09999999999982,335.4667888791576,756.7210214788441,0.04973082222075693,100.0,1.0,5.248254268578379
285,2049,7,25,4.86643095885923E18,35.54429111147383,7.523651717813466E-5,1.0,29.755256297616288,2.0,261.00000000000006,226.9385026737968,323.0748700922543,0.0,0.0,5.887700534759358,0.0,0.0,100.09999999999982,282.258211904497,761.0712642470093,0.04813316758783373,100.0,1.0,5.422456345174571
281,2049,7,25,6.977615103056312E17,34.00412828009243,1.234573741274965E-4,2.0,40.267713535455364,5.0,261.00000000000006,226.6711229946524,532.5850085187778,0.0,0.0,5.834224598930481,0.0,0.0,100.09999999999982,286.2946748899995,788.6121985270266,0.05031328275105153,100.0,1.0,5.187496933790218
298,2049,7,25,2.857941005564493E18,34.170826604283384,6.994247266762992E-5,1.0,42.84245352544805,5.0,261.00000000000006,225.3409090909091,588.0772002152137,0.0,0.0,5.568181818181818,0.0,0.0,100.09999999999982,285.30649499999765,783.0997170983114,0.0500678353693925,100.0,1.0,5.212927582636311
294,2049,7,25,8.619173836053503E18,35.25321422516087,7.827484195059845E-5,1.0,22.862336198010777,3.0,261.00000000000006,226.55080213903744,227.37757722275435,0.0,0.0,5.810160427807487,0.0,0.0,100.09999999999982,295.6915309999965,764.4514634253005,0.04853059099610411,100.0,1.0,5.378051135230403
287,2050,2,5,2.7812977706100634E18,40.869129763667715,0.0015528561143838687,0.0,50.14531833453103,0.0,278.39999999999634,235.53475935828877,881.1528936181028,0.0,0.0,6.106951871657754,0.0,0.0,100.0,485.78984496040266,875.3467464417125,0.04453991809548886,100.0,1.0,6.250572787384483
284,2050,2,5,2.3275888066568E18,38.66838194568842,0.0034057261667785835,1.0,54.03831647305642,3.0,278.39999999999634,235.5548128342246,985.4475900835128,0.0,0.0,6.11096256684492,0.0,0.0,100.0,419.49080474273677,837.3925162255988,0.04707483480597602,100.0,1.0,5.913987826987643
283,2050,2,5,1.858714168763392E18,40.25396575491959,0.0034057261667785835,1.0,41.187334500418075,2.0,278.39999999999634,237.2860962566845,617.021059086186,0.0,0.0,6.457219251336898,0.0,0.0,100.0,458.17328437057387,880.1104360811502,0.0452205803371113,100.0,1.0,6.156488880164173
281,2050,2,5,6.977615103056312E17,40.220310757418694,0.0034057261667785835,1.0,42.2209754487523,1.0,278.39999999999634,235.64839572192514,663.0559249357389,0.0,0.0,6.129679144385027,0.0,0.0,100.0,515.5761381385977,906.4054255396055,0.04525841939129997,100.0,1.0,6.151341645252268
298,2050,2,5,2.857941005564493E18,40.48118453077445,0.0034057261667785835,1.0,46.2049181805825,1.0,278.39999999999634,236.41711229946523,767.867498910376,0.0,0.0,6.283422459893048,0.0,0.0,100.0,510.0608687887385,893.2886398987164,0.04496675957996831,100.0,1.0,6.191239987059626
297,2050,2,5,6.522181452910449E18,39.73522072363436,0.0034057261667785835,1.0,40.018634326754636,3.0,278.39999999999634,235.88903743315507,556.1154540781868,0.0,0.0,6.177807486631016,0.0,0.0,100.0,503.0864776694226,832.642840029669,0.04581093697624673,100.0,1.0,6.0771514047911435
296,2050,2,5,4.2692437014197545E18,40.364602240649475,0.0034057261667785835,0.0,37.81170971772296,0.0,278.39999999999634,235.86898395721926,499.2785484778558,0.0,0.0,6.17379679144385,0.0,0.0,100.0,459.30130286545557,820.104185198698,0.045096633962975356,100.0,1.0,6.173409754452288
295,2050,2,5,8.305991534382669E18,40.222733503080306,0.0014455544001606888,1.0,44.237013933012534,2.0,278.39999999999634,235.84893048128342,674.3174087080363,0.0,0.0,6.169786096256685,0.0,0.0,100.0,474.37202077114347,849.1061984827444,0.045255693329949116,100.0,1.0,6.151712182824034
293,2050,2,6,7.421366990471719E18,39.68940432164293,0.004243063461060914,1.0,51.819897524573584,4.0,281.2999999999969,238.3649732620321,940.7837692034419,0.0,0.0,6.372994652406417,0.0,0.0,100.0,350.53011984075596,873.7231762013284,0.04634156803825458,100.0,1.0,6.070144190368915
292,2050,2,6,6.261277189363532E18,40.819973295935284,0.0034273533611154424,1.0,46.71955214965535,2.0,281.2999999999969,238.50534759358288,727.0925800551533,0.0,0.0,6.401069518716578,0.0,0.0,100.0,438.3748669029504,828.3854831247439,0.04505807040673294,100.0,1.0,6.243054739378338
289,2050,2,6,7.388801749022034E17,39.06315618076045,0.004243063461060914,1.0,49.27163763688752,3.0,281.2999999999969,236.76069518716577,797.7261447221902,0.0,0.0,6.052139037433155,0.0,0.0,100.0,377.5285449627821,820.3921364551464,0.04708450137152748,100.0,1.0,5.974365062939842
288,2050,2,6,6.65317065901527E17,40.96414449709451,0.0019078522756568869,0.0,38.45760193494216,0.0,281.2999999999969,239.16042780748663,512.390777047711,0.0,0.0,6.532085561497326,0.0,0.0,100.0,372.1323078327915,819.0518551846808,0.04489949084374662,100.0,1.0,6.265104452496814
286,2050,2,6,3.967985631945377E18,40.822543005933696,0.004192080337756484,0.0,51.65596477921311,0.0,281.2999999999969,238.6590909090909,927.394357408192,0.0,0.0,6.431818181818182,0.0,0.0,100.0,504.56998353273065,867.0778002583246,0.045055234077452384,100.0,1.0,6.243447753848686
282,2050,2,6,4.90388125562359E18,40.44050232758553,0.0040028456818878054,0.0,50.005288900021306,0.0,281.2999999999969,238.0842245989305,838.8788410423429,0.0,0.0,6.316844919786096,0.0,0.0,100.0,479.8613149788051,837.924247053208,0.04548087004138417,100.0,1.0,6.185018003042489
280,2050,2,6,8.709926167270339E18,41.3658896378235,0.004243063461060914,0.0,52.873435175324815,0.0,281.2999999999969,237.0548128342246,906.8821825311254,0.0,0.0,6.11096256684492,0.0,0.0,100.0,375.82576944641426,807.5946328039703,0.04446342740051816,100.0,1.0,6.326547826961237
299,2050,2,6,9.054830946953192E18,38.427145193574724,0.004243063461060914,1.0,53.45109785613485,6.0,281.2999999999969,237.44251336898395,885.031879508593,0.0,0.0,6.188502673796791,0.0,0.0,100.0,335.11050487512665,770.1065784232494,0.04786380100587731,100.0,1.0,5.877092794311412
294,2050,2,6,8.619173836053503E18,41.91882485133311,0.004243063461060914,1.0,24.13720252817058,1.0,281.2999999999969,237.1216577540107,285.06970818976544,0.0,0.0,6.124331550802139,0.0,0.0,100.0,586.0353602049289,894.5959391380142,0.04387692730634166,100.0,1.0,6.411114389027414
291,2050,2,7,4.2848121755587553E18,42.1681683206785,0.0036719922756638474,0.0,52.36675752063647,0.0,284.2000000000032,238.6818181818182,921.6052276281348,0.0,0.0,6.136363636363637,0.0,0.0,100.0,444.72464566312937,837.6127928105117,0.04406714456030919,100.0,1.0,6.449249272574359
290,2050,2,7,2.2009420763865405E18,40.334665038713155,0.004767391992273485,1.0,46.81779038208268,2.0,284.2000000000032,240.4933155080214,732.8382014439187,0.0,0.0,6.498663101604278,0.0,0.0,100.0,370.444410174123,831.6537630754287,0.046070316127511265,100.0,1.0,6.168831123567889
285,2050,2,7,4.86643095885923E18,41.34091447196126,0.0030770501941593626,1.0,30.636082077569363,2.0,284.2000000000032,238.72860962566844,370.09405336798454,0.0,0.0,6.14572192513369,0.0,0.0,100.0,401.9020869299091,836.7857381917172,0.044948951733786706,100.0,1.0,6.322728095711719
289,2050,7,23,7.388801749022034E17,32.81741249111949,2.956950074449571E-5,2.0,44.1423547698545,6.0,255.20000000000226,223.9385026737968,599.0700056872219,0.0,0.0,5.887700534759358,0.0,0.0,100.09999999999982,287.76924500000257,756.8967776124333,0.05097416578144057,100.0,1.0,5.006457606274731
286,2050,7,23,3.967985631945377E18,34.8056571970725,9.420562691624274E-5,2.0,51.789636535896975,4.0,255.20000000000226,219.45989304812835,790.7821450283529,0.0,0.0,4.991978609625669,0.0,0.0,100.09999999999982,300.9328728515539,735.3364644752368,0.04806230824398696,100.0,1.0,5.309774110400329
283,2050,7,23,1.858714168763392E18,33.78779509542679,1.350718309269473E-4,1.0,38.557188287329026,4.0,255.20000000000226,221.5120320855615,483.8229621614529,0.0,0.0,5.402406417112299,0.0,0.0,100.09999999999982,289.03483870508904,769.64404200669,0.04951019207129798,100.0,1.0,5.154494242973189
282,2050,7,23,4.90388125562359E18,31.895329062757835,3.5321745308459124E-5,1.0,43.90280764446829,9.0,255.20000000000226,222.78877005347593,579.6373271561803,0.0,0.0,5.657754010695188,0.0,0.0,100.09999999999982,309.68984999999685,739.5133091418252,0.052447812077709904,100.0,1.0,4.865789246306067
293,2050,7,24,7.421366990471719E18,35.17432968949626,8.114205227845923E-5,1.0,48.97970660181031,2.0,258.1000000000035,223.72727272727272,786.2510836985459,0.0,0.0,5.545454545454546,0.0,0.0,100.09999999999982,323.7731459999982,817.7758800359362,0.048098991161586085,100.0,1.0,5.366016911517537
292,2050,7,24,6.261277189363532E18,33.82889692952112,3.552404625524297E-5,1.0,39.3350322287794,5.0,258.1000000000035,224.72326203208556,501.22811514868613,0.0,0.0,5.744652406417113,0.0,0.0,100.09999999999982,310.06946500000157,771.7354879242039,0.050011969836751755,100.0,1.0,5.160764529821346
290,2050,7,24,2.2009420763865405E18,35.31880647970329,3.1012492380827115E-4,1.0,44.160566264902535,2.0,258.1000000000035,223.00534759358288,603.9953641544078,0.0,0.0,5.401069518716578,0.0,0.0,100.09999999999982,325.09690202360076,762.4827549663518,0.04790223513985537,100.0,1.0,5.388057556113085
285,2050,7,24,4.86643095885923E18,32.975786096862244,5.961647900966381E-5,2.0,20.066372547205404,7.0,258.1000000000035,224.4157754010695,193.30785206082678,0.0,0.0,5.683155080213904,0.0,0.0,100.09999999999982,314.0331828121541,766.9345381450987,0.051305820818954705,100.0,1.0,5.030618278397167
284,2050,7,24,2.3275888066568E18,32.31557956192644,5.9685320209444025E-5,2.0,49.62701599416947,8.0,258.1000000000035,225.40508021390374,754.6104909342793,0.0,0.0,5.8810160427807485,0.0,0.0,100.09999999999982,286.72090099999554,764.9091059332156,0.05235399753879394,100.0,1.0,4.929900525910237
297,2050,7,24,6.522181452910449E18,34.69735523554442,3.770057425337601E-5,1.0,38.896538476900254,3.0,258.1000000000035,225.3850267379679,470.9982915093798,0.0,0.0,5.877005347593583,0.0,0.0,100.09999999999982,288.7759500000031,738.6223491721368,0.04876019400800437,100.0,1.0,5.293252113755625
296,2050,7,24,4.2692437014197545E18,35.35123067612752,5.471505360061239E-5,1.0,35.357310468714914,3.0,258.1000000000035,223.34625668449198,408.0625693171904,0.0,0.0,5.469251336898396,0.0,0.0,100.09999999999982,336.99841446743955,744.5316498356578,0.04785829914522022,100.0,1.0,5.393004026675295
291,2050,7,25,4.2848121755587553E18,35.4270574139248,4.2705167145176414E-5,1.0,48.56404072200217,3.0,261.00000000000006,224.5788770053476,716.48746131492,0.0,0.0,5.415775401069519,0.0,0.0,100.09999999999982,323.6091020249524,757.7647571509372,0.04829244779971078,100.0,1.0,5.404571768291339
288,2050,7,25,6.65317065901527E17,34.437643708129144,4.3192886324271744E-5,1.0,32.345551189272356,4.0,261.00000000000006,226.8783422459893,361.704645524765,0.0,0.0,5.875668449197861,0.0,0.0,100.09999999999982,285.1014256885978,754.7826315080828,0.04967991815466355,100.0,1.0,5.253631843503741
287,2050,7,25,2.7812977706100634E18,35.94253879610422,8.691842034985179E-5,1.0,48.61595731647123,1.0,261.00000000000006,226.20989304812835,749.6586928202124,0.0,0.0,5.741978609625669,0.0,0.0,100.09999999999982,319.2970009999991,791.2013936224112,0.04759984625918402,100.0,1.0,5.483210987254862
281,2050,7,25,6.977615103056312E17,34.67636494652758,5.170472220878143E-5,1.0,41.28711230170352,4.0,261.00000000000006,227.01871657754012,557.7726124191305,0.0,0.0,5.903743315508021,0.0,0.0,100.09999999999982,277.72792174000415,791.9376467121009,0.049337908500430724,100.0,1.0,5.290049941977607
280,2050,7,25,8.709926167270339E18,35.611235936378876,1.2424876755139064E-4,1.0,49.32878100341946,2.0,261.00000000000006,225.38770053475935,726.7440130660519,0.0,0.0,5.577540106951871,0.0,0.0,100.09999999999982,284.79098999640195,745.494162418197,0.048042683042954455,100.0,1.0,5.4326691073153155
298,2050,7,25,2.857941005564493E18,34.35371193515971,3.1012492380827115E-4,1.0,43.96458583798473,5.0,261.00000000000006,225.9692513368984,618.82453361585,0.0,0.0,5.69385026737968,0.0,0.0,100.09999999999982,296.3254129436978,787.3288416436112,0.049801294372161305,100.0,1.0,5.240827638927751
295,2050,7,25,8.305991534382669E18,33.91006284499772,8.942471851449573E-5,1.0,40.12119123555585,5.0,261.00000000000006,227.2192513368984,514.4933376508412,0.0,0.0,5.94385026737968,0.0,0.0,100.09999999999982,282.10692290999754,766.5961717373137,0.050452850196109254,100.0,1.0,5.173146789239817
294,2050,7,25,8.619173836053503E18,35.205093494441726,3.1012492380827115E-4,1.0,21.3218478190211,2.0,261.00000000000006,226.91844919786095,211.24797900338996,0.0,0.0,5.883689839572193,0.0,0.0,100.09999999999982,312.7478028075774,776.9799327288804,0.048596925928614185,100.0,1.0,5.3707100811971635
299,2050,7,26,9.054830946953192E18,36.02108076087018,3.628889817555244E-5,1.0,53.0984308826245,1.0,263.89999999999645,228.7125668449198,822.2381576845462,0.0,0.0,5.942513368983957,0.0,0.0,100.09999999999982,266.54999999999734,725.3476136782128,0.04802379141127841,100.0,1.0,5.495192950093054
