id_sim,year,month,day,seed,Straw Value,Salinity Exposure,Max Flood Continuous,Profit Margin,Flood Stress,Methane Emissions,Labor Intensity,Net Income,AWD Adoption,Salinity Stress,Pesticide Usage,Resilient Varieties,Drought Stress,Fertilizer Usage,Water Usage,Production Cost,Emission Intensity,Water Reliability,Biodiversity,Avg Yield
228,2027,3,4,6.65317065901527E17,49.960532427945765,8.993622790439865E-4,0.0,46.53989098588454,0.0,52.19999999999996,255.07620320855614,789.935513539519,100.0,0.0,5.21524064171123,0.0,0.0,143.0,609.7309402389053,906.6639840159368,0.006831546337099875,100.0,1.0,7.641022606626992
223,2027,3,4,1.858714168763392E18,50.00785660906831,8.993622790439865E-4,0.0,39.65203875766372,0.0,60.90000000000083,256.83422459893046,645.5208271589731,100.0,0.0,5.566844919786096,0.0,0.0,143.0,819.6111965666161,981.8170297484721,0.007962594973928679,100.0,1.0,7.648260422563384
222,2027,3,4,4.90388125562359E18,49.609407449039544,8.993622790439865E-4,0.0,49.12665050099183,0.0,49.29999999999987,257.201871657754,849.9260641637155,100.0,0.0,5.640374331550802,0.0,0.0,143.0,833.8629554092155,879.3577845151918,0.006497682000682592,100.0,1.0,7.587321139264867
238,2027,3,4,2.857941005564493E18,49.794951062058814,8.993622790439865E-4,0.0,44.749102285129865,0.0,60.90000000000083,261.76069518716577,729.7960273798342,100.0,0.0,6.552139037433155,0.0,0.0,143.0,616.2804711192888,900.4908014498022,0.00799664020547084,100.0,1.0,7.615698397726656
229,2027,3,5,7.388801749022034E17,51.00260571349281,0.011008381961851733,0.0,43.01505938412438,0.0,43.49999999999999,253.4879679144385,758.0602646290606,100.0,0.0,4.597593582887701,0.0,0.0,143.0,814.0111346325801,1003.7369288530718,0.005576638152976407,100.0,1.0,7.800398520887147
227,2027,3,5,2.7812977706100634E18,50.21473990082654,0.0015196121266605287,0.0,43.13958053073212,0.0,52.19999999999996,259.48395721925135,761.7094847419479,100.0,0.0,5.7967914438502675,0.0,0.0,143.0,812.3035576946946,1003.0919458812366,0.006796962266094973,100.0,1.0,7.6799013965970095
226,2027,3,5,3.967985631945377E18,50.48327433560597,4.979069877655729E-4,0.0,40.12726803649325,0.0,55.09999999999923,262.2379679144385,649.2413440655039,100.0,0.0,6.347593582887701,0.0,0.0,143.0,820.0377006392329,967.9819271942316,0.007136407760998318,100.0,1.0,7.7209713689750314
224,2027,3,5,2.3275888066568E18,50.797716618187025,6.015883320112939E-4,0.0,43.79536052514282,0.0,55.09999999999923,258.0334224598931,757.0815487510956,100.0,0.0,5.50668449197861,0.0,0.0,143.0,817.842289308205,970.8775498048775,0.007092232776467728,100.0,1.0,7.769062541605081
239,2027,3,5,9.054830946953192E18,50.27468099994229,0.0015196121266605287,0.0,51.34987117699247,0.0,49.29999999999987,260.05213903743316,957.5594154124456,100.0,0.0,5.910427807486631,0.0,0.0,143.0,825.1043287897475,906.6469260587414,0.006411699635578457,100.0,1.0,7.689068858814699
236,2027,3,5,4.2692437014197545E18,50.73740095706092,4.170175978761055E-4,0.0,41.91781304372855,0.0,57.99999999999999,259.35695187165777,714.8198109906089,100.0,0.0,5.771390374331551,0.0,0.0,143.0,810.1921715732891,989.5846116208863,0.0074743830404657985,100.0,1.0,7.759837793432843
231,2027,3,5,4.2848121755587553E18,50.61733209340446,0.0015196121266605287,0.0,44.72215131128367,0.0,55.09999999999923,259.35026737967917,800.6269836375418,100.0,0.0,5.770053475935829,0.0,0.0,143.0,820.0112401144976,988.9407694689493,0.007117507301736459,100.0,1.0,7.741474320167747
230,2027,3,5,2.2009420763865405E18,49.767441083879625,0.0015196121266605287,0.0,40.61185951245033,0.0,43.49999999999999,261.2352941176471,655.8378523266052,100.0,0.0,6.147058823529412,0.0,0.0,143.0,816.6127666007295,958.1652098567384,0.00571504322361484,100.0,1.0,7.6114909892992335
220,2027,3,6,8.709926167270339E18,50.93890369210284,0.002108849481896243,0.0,47.823629522016105,0.0,40.59999999999947,258.97860962566847,834.0421775805421,100.0,0.0,5.39572192513369,0.0,0.0,143.0,610.4525142964394,909.2216187092051,0.005211371254986196,100.0,1.0,7.7906558587922
237,2027,3,6,6.522181452910449E18,51.16939716154216,0.002108849481896243,0.0,48.65868592151033,0.0,40.59999999999947,253.75802139037432,847.020542564513,100.0,0.0,4.351604278074866,0.0,0.0,143.0,609.7376247330674,893.0136172972126,0.005187896539477904,100.0,1.0,7.825907801177034
235,2027,3,6,8.305991534382669E18,51.85197843311964,8.154870386296382E-4,0.0,43.536689319336006,0.0,66.69999999999933,249.99465240641712,803.3184487228513,100.0,0.0,3.5989304812834226,0.0,0.0,143.0,819.1779632596679,1041.1346072804972,0.008410776170824329,100.0,1.0,7.9303025838888965
234,2027,3,6,8.619173836053503E18,51.038759228289145,0.0012673374290241852,0.0,36.06320745880903,0.0,46.400000000000645,254.92780748663102,567.9247958980274,100.0,0.0,4.5855614973262036,0.0,0.0,143.0,806.7555021736296,1005.8149491296882,0.005944200446323993,100.0,1.0,7.805927881973647
233,2027,3,6,7.421366990471719E18,51.46806809962093,0.002108849481896243,0.0,46.97641585662247,0.0,60.90000000000083,257.38101604278074,841.492573758065,100.0,0.0,5.07620320855615,0.0,0.0,143.0,812.471489254228,949.1965078833902,0.007736686500872292,100.0,1.0,7.871586885824379
232,2027,3,6,6.261277189363532E18,51.001068651685905,0.002108849481896243,0.0,52.57437767753028,0.0,46.400000000000645,255.7433155080214,986.4651178885141,100.0,0.0,4.748663101604278,0.0,0.0,143.0,608.6499181023236,889.1471859213927,0.005948593302163891,100.0,1.0,7.800163440846082
225,2027,3,7,4.86643095885923E18,52.21268953201466,0.002698086837131958,0.0,47.854493472285924,0.0,55.09999999999923,256.32085561497325,796.0536198933647,100.0,0.0,4.564171122994653,0.0,0.0,143.0,818.3344243686762,866.8322027469441,0.0069000320419870965,100.0,1.0,7.985470163719896
221,2027,3,7,6.977615103056312E17,52.263323788998946,0.002698086837131958,0.0,45.307922881770686,0.0,81.19999999999894,259.081550802139,793.0907172723905,100.0,0.0,5.116310160427807,0.0,0.0,143.0,608.4669923345218,956.6823271721513,0.01015861675898281,100.0,1.0,7.9932142265527855
233,2027,7,12,7.421366990471719E18,40.3735100214527,6.528945764384657E-5,0.0,47.38580387969765,0.0,114.90564577450007,237.97326203208556,657.703004319058,100.0,0.0,5.994652406417113,0.0,0.0,100.09999999999982,252.82666753840508,729.4226435449104,0.01865600513595409,100.0,1.0,6.159177430384195
220,2027,7,13,8.709926167270339E18,41.61631341947312,4.847216689719774E-5,0.0,43.330298449460074,0.0,284.99802513635296,240.02139037433156,615.9920581762905,100.0,0.0,6.10427807486631,0.0,0.0,100.09999999999982,476.16535465060537,804.6311432853129,0.04489025142822143,100.0,1.0,6.348773198387156
238,2027,7,13,2.857941005564493E18,40.15911972316513,6.774244731504391E-5,0.0,44.27921355123848,0.0,263.9976820005032,240.6764705882353,581.154153648047,100.0,0.0,6.235294117647059,0.0,0.0,100.09999999999982,275.0,730.3349152884437,0.04309131245725684,100.0,1.0,6.126471136435398
237,2027,7,13,6.522181452910449E18,40.47543559060165,6.493402927308862E-5,0.0,45.875451430180256,0.0,107.42171454191005,240.28208556149733,630.249827034231,100.0,0.0,6.156417112299465,0.0,0.0,100.09999999999982,275.0,742.6561180392735,0.017396999116026452,100.0,1.0,6.174726677025068
234,2027,7,13,8.619173836053503E18,40.73039892715716,6.526197891588196E-5,0.0,42.74516081415783,0.0,114.06813552679955,239.45320855614975,535.9438500413048,100.0,0.0,5.990641711229946,0.0,0.0,100.09999999999982,208.58256891051386,716.773952925506,0.01835775088074326,100.0,1.0,6.2136225874191195
232,2027,7,13,6.261277189363532E18,42.12631041286434,7.366387738913803E-5,0.0,48.096238563265445,0.0,293.7946074768223,239.82754010695186,743.6498487582259,100.0,0.0,6.065508021390374,0.0,0.0,100.09999999999982,475.73594975087343,801.6721991226564,0.04571557529987395,100.0,1.0,6.426575746879692
231,2027,7,13,4.2848121755587553E18,40.57723869843965,3.7043110822774864E-5,0.0,47.15499031877256,0.0,157.3881354312787,240.4625668449198,668.4370080887896,100.0,0.0,6.192513368983957,0.0,0.0,100.09999999999982,275.0,748.2318901059753,0.02542513651513923,100.0,1.0,6.190257241590934
230,2027,7,13,2.2009420763865405E18,40.317288786162436,7.638544921385986E-5,0.0,44.81576478619533,0.0,132.32458761937667,239.45989304812835,584.9363425227955,100.0,0.0,5.991978609625669,0.0,0.0,100.09999999999982,265.58454373313043,719.2875242566721,0.021514092058155854,100.0,1.0,6.150600604556457
228,2027,7,14,6.65317065901527E17,41.648519818145566,8.161182205480819E-5,0.0,42.74792666694934,0.0,174.4740941949347,248.83823529411765,603.5871964502252,100.0,0.0,6.367647058823529,0.0,0.0,143.0,275.0,807.1743967930544,0.027460293447716565,100.0,1.0,6.35368644283162
226,2027,7,14,3.967985631945377E18,41.253612529584885,6.509759105967067E-5,0.0,39.93219059569825,0.0,348.29612681964534,247.8422459893048,521.606989570354,100.0,0.0,6.168449197860962,0.0,0.0,143.0,275.0,783.4258099731791,0.05534271394326043,100.0,1.0,6.293441394593198
224,2027,7,14,2.3275888066568E18,41.574558111606486,5.779443231611465E-5,0.0,47.93254406440562,0.0,106.31285637298438,242.22326203208556,676.5895553626663,100.0,0.0,6.244652406417113,0.0,0.0,100.09999999999982,255.3355423883109,734.0585496794973,0.01676223549184182,100.0,1.0,6.342403220902537
222,2027,7,14,4.90388125562359E18,42.06908827877548,2.132908691941342E-4,0.0,50.51771285679403,0.0,289.67589010281455,243.44652406417111,731.8786899183975,100.0,0.0,6.489304812834225,0.0,0.0,100.09999999999982,275.0,716.2338714462927,0.0451359973059149,100.0,1.0,6.417846229019816
221,2027,7,14,6.977615103056312E17,40.77746734066067,9.213455846948047E-5,0.0,38.985788469056764,0.0,188.17527525833026,247.6149732620321,526.082495816963,100.0,0.0,6.122994652406417,0.0,0.0,143.0,275.0,822.0790005618022,0.030249353993919856,100.0,1.0,6.2208031052879225
236,2027,7,14,4.2692437014197545E18,41.95605502283508,5.530045003713824E-5,0.0,39.07479400952176,0.0,256.2514092694967,249.2860962566845,549.7905502921791,100.0,0.0,6.457219251336898,0.0,0.0,143.0,428.6713412204978,856.0655273505654,0.040035514041862605,100.0,1.0,6.400602450153402
235,2027,7,14,8.305991534382669E18,41.834988281442975,9.274070688046381E-5,0.0,49.119630222037046,0.0,115.6545910210913,241.74197860962568,729.5190234571643,100.0,0.0,6.148395721925134,0.0,0.0,100.09999999999982,224.41814190890318,754.8562344981004,0.018121619963335965,100.0,1.0,6.3821331235886225
229,2027,7,15,7.388801749022034E17,41.98016451288284,5.723974230495959E-5,0.0,43.22463452814967,0.0,137.93292117868927,251.42780748663102,619.3839656946508,100.0,0.0,6.5855614973262036,0.0,0.0,143.0,264.06037085835857,812.621450084602,0.021537614068440247,100.0,1.0,6.404280471382705
225,2027,7,15,4.86643095885923E18,41.5707319317152,3.842935858838552E-5,0.0,40.22925199410753,0.0,160.847503839525,252.45053475935828,526.4262027888099,100.0,0.0,6.790106951871658,0.0,0.0,143.0,275.0,780.9814181892939,0.025362989812954997,100.0,1.0,6.341819518350583
223,2027,7,15,1.858714168763392E18,42.26332020405298,6.861170880713962E-5,0.0,36.73077592141835,0.0,233.8900525342747,250.49197860962568,504.33662402115993,100.0,0.0,6.398395721925134,0.0,0.0,143.0,469.6644401333974,867.5078548113252,0.036276212067901756,100.0,1.0,6.4474772640671425
239,2027,7,15,9.054830946953192E18,41.95692885176804,4.5849338233038305E-5,0.0,49.729313432842375,0.0,101.78901585932277,249.3288770053476,764.3947814293819,100.0,0.0,6.165775401069519,0.0,0.0,143.0,269.4100000000029,771.9380936434125,0.015902705520558807,100.0,1.0,6.400735757052867
227,2027,7,16,2.7812977706100634E18,42.157601631743866,5.7772899368157796E-5,0.0,45.40632028099601,0.0,209.5121562024878,251.3101604278075,671.5702994755268,100.0,0.0,6.262032085561497,0.0,0.0,143.0,275.0,806.3203652265428,0.03257670264027573,100.0,1.0,6.431349376147742
224,2027,11,17,2.3275888066568E18,43.174598903776925,1.1220149197115448E-4,0.0,38.439380097348526,0.0,942.6225475817074,380.24598930481284,562.191974541782,100.0,0.0,4.449197860962567,0.0,0.0,88.0,0.0,899.0485826403575,0.14347655720034494,100.0,1.0,6.569871524485125
221,2027,11,17,6.977615103056312E17,43.432748892956916,3.1012492380827115E-4,0.0,37.96134327044993,0.0,924.3225733139427,373.2299465240642,544.1066258005568,100.0,0.0,4.245989304812834,0.0,0.0,88.0,0.0,888.2176285668505,0.13985489673712898,100.0,1.0,6.609154165343941
220,2027,11,17,8.709926167270339E18,43.4493185781742,1.3321517345716118E-4,0.0,39.53658121244766,0.0,879.2475938499995,374.88770053475935,585.2758217443369,100.0,0.0,4.577540106951871,0.0,0.0,88.0,0.0,894.175313778186,0.13298408010654772,100.0,1.0,6.611675571583761
238,2027,11,17,2.857941005564493E18,42.9799999165164,8.021855245945969E-5,0.0,35.99469326780701,0.0,861.797180479807,374.31951871657753,504.2641441965699,100.0,0.0,4.463903743315508,0.0,0.0,88.0,0.0,895.8042733522249,0.1317680422060941,100.0,1.0,6.540259429004023
234,2027,11,17,8.619173836053503E18,42.80591249816443,1.5822700194299553E-4,0.0,32.576340361373624,0.0,869.7524950082491,376.298128342246,428.14251234446004,100.0,0.0,4.859625668449198,0.0,0.0,88.0,0.0,885.0872089964888,0.13352523733699523,100.0,1.0,6.513768575547558
230,2027,11,17,2.2009420763865405E18,42.903433757215765,1.8956291186324631E-4,0.0,35.89305175604123,0.0,858.1999011556284,373.71122994652404,497.1613089019164,100.0,0.0,4.342245989304812,0.0,0.0,88.0,0.0,887.2184288725024,0.1314521951097309,100.0,1.0,6.528608369295302
229,2027,11,18,7.388801749022034E17,43.136891173718254,3.1012492380827115E-4,0.0,39.240201049447,0.0,1040.2458971121478,380.7098930481283,576.2720304097525,100.0,0.0,4.241978609625669,0.0,0.0,88.0,0.0,891.4767399684363,0.15847421291848768,100.0,1.0,6.5641335454822896
227,2027,11,18,2.7812977706100634E18,43.45614502446051,9.50137634216517E-5,0.0,41.57119565515868,0.0,1133.656005206385,378.43716577540107,632.0566078926139,100.0,0.0,3.787433155080214,0.0,0.0,88.0,0.0,887.5107854761227,0.1714358045834794,100.0,1.0,6.612714350778222
226,2027,11,18,3.967985631945377E18,43.30033264404295,1.608531762491033E-4,1.0,36.34013479211324,1.0,949.1699853949275,372.9050802139037,496.92387540434726,100.0,0.0,3.8810160427807485,0.0,0.0,88.0,0.0,869.3980346715989,0.14405362734547353,100.0,1.0,6.589004406800537
225,2027,11,18,4.86643095885923E18,44.097812526861084,1.5157620909495172E-4,0.0,35.44000038923184,0.0,1038.7281096093486,378.9117647058824,490.6183883070889,100.0,0.0,3.8823529411764706,0.0,0.0,88.0,0.0,892.7656039997797,0.1547947661301273,100.0,1.0,6.710356787749192
239,2027,11,18,9.054830946953192E18,42.13745899936063,3.1012492380827115E-4,2.0,41.17652307403375,4.0,1045.6450110185435,381.74598930481284,634.0157326945124,100.0,0.0,4.449197860962567,0.0,0.0,88.0,0.0,905.0328652716601,0.16307499033560016,100.0,1.0,6.412050117965105
237,2027,11,18,6.522181452910449E18,43.58793599676792,1.0023429987339077E-4,1.0,39.54973588855651,1.0,869.1025103399713,374.52941176470586,583.5377004049025,100.0,0.0,4.205882352941177,0.0,0.0,88.0,0.0,891.210643170247,0.13103162727951606,100.0,1.0,6.632768961084531
235,2027,11,18,8.305991534382669E18,43.65150076152773,3.1012492380827115E-4,1.0,42.29426262095362,1.0,955.4558679384114,376.725935828877,653.741100548482,100.0,0.0,3.445187165775401,0.0,0.0,88.0,0.0,891.1774672146165,0.1438410640795599,100.0,1.0,6.642441600751365
232,2027,11,18,6.261277189363532E18,43.5903534738658,2.0033909806735866E-4,0.0,44.029955042954384,0.0,874.8581765796383,377.29411764705884,702.6918786607837,100.0,0.0,3.5588235294117645,0.0,0.0,88.0,0.0,892.2994496778882,0.13189207448035623,100.0,1.0,6.633136828171872
228,2027,11,19,6.65317065901527E17,44.16113247862486,1.106798443284337E-4,0.0,40.208286099990744,0.0,946.7252048947278,376.6016042780749,600.3991462011805,100.0,0.0,3.120320855614973,0.0,0.0,88.0,0.0,891.6963406703511,0.140881890982043,100.0,1.0,6.719992174263181
223,2027,11,19,1.858714168763392E18,43.686829637457116,7.55665019026002E-5,0.0,37.428210995567596,0.0,1054.0457402701602,378.17245989304814,530.0513469847247,100.0,0.0,3.4344919786096257,0.0,0.0,88.0,0.0,884.4200010322463,0.1585551537799089,100.0,1.0,6.647817589917548
222,2027,11,19,4.90388125562359E18,44.73666101302458,8.711374264277279E-5,0.0,43.320293055181885,0.0,967.9120357975627,380.6163101604278,665.9711899041824,100.0,0.0,2.7232620320855614,0.0,0.0,88.0,0.0,870.0780776476333,0.14218171821541542,100.0,1.0,6.807570255488874
233,2027,11,19,7.421366990471719E18,44.023740491160744,1.3882046723736398E-4,1.0,40.07457139074504,1.0,649.1032769811889,383.3101604278075,604.8643997055412,100.0,0.0,3.2620320855614975,0.0,0.0,88.0,0.0,903.8554065028865,0.0968943149612831,100.0,1.0,6.69908525841332
231,2027,11,19,4.2848121755587553E18,44.08876435991489,1.0201477756851023E-4,0.0,41.36700445928166,0.0,861.8079775914832,384.84090909090907,635.4165490929363,100.0,0.0,3.5681818181818183,0.0,0.0,88.0,0.0,899.9644268622459,0.12845588846932995,100.0,1.0,6.708979929691957
236,2027,11,20,4.2692437014197545E18,44.20942271245004,1.2142714322955014E-4,1.0,39.35577762691756,2.0,969.01493400086,383.346256684492,582.0257379371873,100.0,0.0,2.9692513368983957,0.0,0.0,88.0,0.0,895.5964998821247,0.1440413095312463,100.0,1.0,6.727340491101655
226,2028,3,4,3.967985631945377E18,49.37667124602558,8.784326659593885E-4,0.0,33.04226921946246,0.0,52.19999999999996,261.8382352941176,522.0062739787105,100.0,0.0,6.867647058823529,0.0,0.0,143.0,820.0297105510925,1056.496276845073,0.006964937081718992,100.0,1.0,7.49468364000162
238,2028,3,4,2.857941005564493E18,49.4320905689103,0.0021398619742770708,0.0,43.65958947213854,0.0,81.19999999999894,264.46791443850265,682.4452922207162,100.0,0.0,7.093582887700535,0.0,0.0,143.0,608.4293359717278,880.0053031452057,0.010822199965097538,100.0,1.0,7.503095513100427
230,2028,3,4,2.2009420763865405E18,50.02848938372845,0.0021398619742770708,0.0,44.54496749124271,0.0,37.70000000000048,261.39304812834223,698.811436338036,100.0,0.0,6.478609625668449,0.0,0.0,143.0,613.6507476431882,869.2800032459837,0.004964693746398464,100.0,1.0,7.593620457928383
225,2028,3,5,4.86643095885923E18,50.01510623939235,0.002760111821893613,0.0,43.728411468640694,0.0,81.19999999999894,263.3181818181818,672.8038900074993,100.0,0.0,6.863636363636363,0.0,0.0,143.0,614.5981148128503,864.8134027912092,0.01069604783540812,100.0,1.0,7.591589085007178
224,2028,3,5,2.3275888066568E18,50.10520418360829,0.002760111821893613,0.0,36.3784271643142,0.0,84.09999999999899,266.6096256684492,596.9590491606591,100.0,0.0,7.221925133689839,0.0,0.0,143.0,820.142566676365,1043.0856798712034,0.01105812926794635,100.0,1.0,7.605264684667368
220,2028,3,5,8.709926167270339E18,51.01486817290439,0.002760111821893613,0.0,50.324954960952695,0.0,40.59999999999947,259.7647058823529,903.9394147087662,100.0,0.0,5.852941176470588,0.0,0.0,143.0,612.8009559583775,891.6948201496175,0.0052432162229294555,100.0,1.0,7.743338873275705
237,2028,3,5,6.522181452910449E18,50.56055605203091,0.002760111821893613,0.0,46.31145305291818,0.0,78.30000000000099,260.3903743315508,806.708728316391,100.0,0.0,6.278074866310161,0.0,0.0,143.0,607.2070684432401,934.6032356238937,0.010202777680472619,100.0,1.0,7.674380688492462
228,2028,3,6,6.65317065901527E17,49.84157678879124,0.012655397892363347,0.0,38.18013137732618,0.0,40.59999999999947,264.24732620320856,622.2910513085619,100.0,0.0,7.0494652406417115,0.0,0.0,143.0,818.3024056565357,1006.464253599537,0.005366643706884751,100.0,1.0,7.565249757108825
227,2028,3,6,2.7812977706100634E18,49.86057589841379,0.0033493491771293274,0.0,40.587133853932286,0.0,55.09999999999923,262.3716577540107,681.3433496877675,100.0,0.0,6.374331550802139,0.0,0.0,143.0,818.029260842365,996.5004538271269,0.007280526909727526,100.0,1.0,7.568133554506887
239,2028,3,6,9.054830946953192E18,50.553775696886824,0.0033493491771293274,0.0,53.88085526223963,0.0,84.09999999999899,262.3248663101604,1000.4290751568205,100.0,0.0,6.364973262032086,0.0,0.0,143.0,610.407112676068,855.7610042349395,0.010960008767323512,100.0,1.0,7.673351526025888
234,2028,3,6,8.619173836053503E18,51.858744870529755,0.0033493491771293274,0.0,40.68103552335441,0.0,81.19999999999894,258.2834224598931,659.7676489635601,100.0,0.0,5.25668449197861,0.0,0.0,143.0,616.6388783733582,961.3070708737384,0.010315790907881517,100.0,1.0,7.871427477069174
229,2028,3,7,7.388801749022034E17,51.29555794686585,0.0015666613096121892,0.0,44.318707621181765,0.0,34.79999999999954,260.6764705882353,745.9538419883643,100.0,0.0,5.735294117647059,0.0,0.0,143.0,606.8116104060912,936.3714022188893,0.004469593109660937,100.0,1.0,7.785943629808278
223,2028,3,7,1.858714168763392E18,51.35964795610032,0.003938586532365042,0.0,42.922145464477374,0.0,101.50000000000001,261.2419786096257,705.4978935008428,100.0,0.0,6.148395721925134,0.0,0.0,143.0,609.9592855783578,937.3729701085232,0.01302004565156935,100.0,1.0,7.795671591041303
222,2028,3,7,4.90388125562359E18,51.14727931441214,0.003938586532365042,0.0,47.500673643585884,0.0,63.80000000000056,261.0080213903743,834.7070588266758,100.0,0.0,6.101604278074866,0.0,0.0,143.0,815.4493238036403,921.8940014842293,0.008218009604537583,100.0,1.0,7.763437020659273
221,2028,3,7,6.977615103056312E17,52.33155516285267,0.0013497554942991919,0.0,29.57288395606218,0.0,55.09999999999923,260.5254010695187,489.289553903167,100.0,0.0,5.4050802139037435,0.0,0.0,143.0,818.8757971299465,1164.1118057989559,0.006936756674500589,100.0,1.0,7.943193423887273
236,2028,3,7,4.2692437014197545E18,49.49747239185575,0.003938586532365042,0.0,45.92107803042658,0.0,87.00000000000001,263.04411764705884,786.8115708422995,100.0,0.0,6.8088235294117645,0.0,0.0,143.0,615.5430792311546,925.6479209119835,0.011579897986530925,100.0,1.0,7.513019553470456
235,2028,3,7,8.305991534382669E18,51.42703890146553,0.003938586532365042,0.0,43.72789413889263,0.0,49.29999999999987,261.2446524064171,773.6654196862288,100.0,0.0,5.848930481283422,0.0,0.0,143.0,623.436744709192,994.6766735790274,0.006315735057699539,100.0,1.0,7.8059005879130465
233,2028,3,7,7.421366990471719E18,50.331788012756846,0.0018808913717120548,0.0,46.35178045631169,0.0,75.40000000000096,263.85561497326205,823.8831918671502,100.0,0.0,6.671122994652406,0.0,0.0,143.0,618.6005094693976,952.6683055648957,0.009869553146898176,100.0,1.0,7.63965692040453
232,2028,3,7,6.261277189363532E18,51.563309005318565,0.003938586532365042,0.0,46.256839488708266,0.0,49.29999999999987,255.10828877005346,873.1544595274542,100.0,0.0,4.621657754010696,0.0,0.0,143.0,816.015136321773,1013.6297953604641,0.006299044005693316,100.0,1.0,7.826584471459581
231,2028,3,9,4.2848121755587553E18,52.522150098543236,0.005086048750455646,0.0,45.84206744641679,0.0,40.59999999999947,256.80882352941177,821.651715796988,100.0,0.0,4.661764705882353,0.0,0.0,143.0,819.0573276331883,970.1784707230505,0.005092746277768972,100.0,1.0,7.97212305219837
223,2028,7,11,1.858714168763392E18,41.005725340014116,6.061863248793416E-5,0.0,41.8054828604996,0.0,219.91615021152555,237.96657754010695,541.9086224659011,100.0,0.0,5.99331550802139,0.0,0.0,100.40000000000015,275.0,753.374133232945,0.035422370995089346,100.0,1.0,6.208397236932922
222,2028,7,11,4.90388125562359E18,40.9292009810948,4.947749263054741E-5,0.0,48.346021549526846,0.0,392.61383105609804,238.70855614973263,671.4276566915482,100.0,0.0,6.141711229946524,0.0,0.0,100.40000000000015,275.0,716.6781338609367,0.06335739754360624,100.0,1.0,6.1968112056035505
237,2028,7,11,6.522181452910449E18,40.87986339974587,6.867248091414326E-5,0.0,45.740536466081494,0.0,126.4026601372842,237.91310160427807,636.2936633624743,100.0,0.0,5.982620320855615,0.0,0.0,100.40000000000015,275.0,754.0202673831895,0.02042263517500915,100.0,1.0,6.189341338867038
220,2028,7,12,8.709926167270339E18,41.650898715661945,8.208706294554555E-5,0.0,48.97533046962211,0.0,301.34696099009204,240.0548128342246,709.4250238014307,100.0,0.0,6.11096256684492,0.0,0.0,100.40000000000015,275.0,738.2936656305243,0.04778674403971394,100.0,1.0,6.306078538007378
239,2028,7,12,9.054830946953192E18,41.185175692954246,9.164448103081298E-5,0.0,48.83453498087221,0.0,278.27354104974955,239.5066844919786,729.6720973908914,100.0,0.0,6.001336898395722,0.0,0.0,100.40000000000015,475.08242689136677,763.6327301667088,0.04462682532268127,100.0,1.0,6.23556659111754
236,2028,7,12,4.2692437014197545E18,41.797122812380906,6.567660394076056E-5,0.0,44.95451345784028,0.0,250.28319986512213,238.73128342245988,648.8709445436507,100.0,0.0,5.846256684491979,0.0,0.0,100.40000000000015,479.9410987740466,793.5339045028983,0.03955034834633484,100.0,1.0,6.328217331322596
234,2028,7,12,8.619173836053503E18,41.37635970472292,4.6635326888461825E-5,0.0,41.73567417672309,0.0,298.7525052053167,239.47326203208556,538.8724351512428,100.0,0.0,5.994652406417113,0.0,0.0,100.40000000000015,275.0,751.2674801658587,0.047689665745129534,100.0,1.0,6.264512458568192
228,2028,7,13,6.65317065901527E17,41.241089281338944,8.56225631718032E-5,0.0,43.6433303470866,0.0,158.05117188267718,241.59491978609626,581.2707432976526,100.0,0.0,6.1189839572192515,0.0,0.0,100.40000000000015,258.01435557404585,749.5908546509446,0.02531235741582967,100.0,1.0,6.244032086234537
227,2028,7,13,2.7812977706100634E18,40.96375509713488,3.1012492380827115E-4,0.0,44.99026199831121,0.0,223.8484256275575,244.83689839572193,619.0219046708488,100.0,0.0,6.767379679144385,0.0,0.0,100.40000000000015,274.85000000000366,755.961639253128,0.03609269276802321,100.0,1.0,6.202042808672865
226,2028,7,13,3.967985631945377E18,43.34433668677319,5.1328189971577464E-5,0.0,44.616712021345116,0.0,143.60865052089846,242.22994652406416,617.0199235771237,100.0,0.0,6.245989304812834,0.0,0.0,100.40000000000015,275.0,765.1433291485953,0.021883321531059687,100.0,1.0,6.5624704328851635
225,2028,7,13,4.86643095885923E18,41.142605643428816,4.7419713120530774E-5,0.0,41.56971385830132,0.0,270.55927847603925,242.69786096256684,519.6200549997064,100.0,0.0,6.339572192513369,0.0,0.0,100.40000000000015,275.0,729.42340003945,0.04343458142235899,100.0,1.0,6.229121350223543
224,2028,7,13,2.3275888066568E18,41.47681980729726,5.2297626274581996E-5,0.0,45.75281706600126,0.0,296.434747288662,243.1657754010695,619.9344342013644,100.0,0.0,6.433155080213904,0.0,0.0,100.40000000000015,208.98548174371015,734.2624426486925,0.047205071598868026,100.0,1.0,6.27972243761559
221,2028,7,13,6.977615103056312E17,41.85468799963719,3.1012492380827115E-4,0.0,39.61530572500823,0.0,211.32530133562759,243.52673796791444,522.9687982613182,100.0,0.0,6.505347593582887,0.0,0.0,100.40000000000015,239.9887446083093,796.0842434088127,0.03334819939108793,100.0,1.0,6.336932883761719
238,2028,7,13,2.857941005564493E18,41.83225034671306,7.792083512770629E-5,1.0,40.174880849179836,1.0,265.207280448879,246.51871657754012,524.9424847815998,100.0,0.0,5.903743315508021,0.0,0.0,143.0,275.0,780.7690474678799,0.04187349544459516,100.0,1.0,6.3335357517450985
233,2028,7,13,7.421366990471719E18,42.77724574684337,6.224908145489183E-5,0.0,41.43434342896913,0.0,334.7292262551707,248.9451871657754,624.4488525857766,100.0,0.0,6.38903743315508,0.0,0.0,143.0,475.7813910618261,881.6440516435283,0.05168277407837305,100.0,1.0,6.4766110609229095
232,2028,7,13,6.261277189363532E18,42.13701991448037,6.323917695927229E-5,0.0,51.895739915510084,0.0,153.10788281116479,241.77540106951872,798.5406893940649,100.0,0.0,6.1550802139037435,0.0,0.0,100.40000000000015,205.8551082103798,739.4325629797781,0.023999308868635275,100.0,1.0,6.37967883363765
230,2028,7,13,2.2009420763865405E18,41.51480502509805,9.679304738085867E-5,0.0,40.673509829303725,0.0,227.94504429979798,249.41978609625667,528.3370827919414,100.0,0.0,6.483957219251337,0.0,0.0,143.0,275.0,769.6204956365573,0.036265373413766025,100.0,1.0,6.285473520404232
229,2028,7,14,7.388801749022034E17,42.61936116126991,1.3129759687056358E-4,0.0,36.71588582132823,0.0,309.6177192070094,251.51470588235293,512.3786071053069,100.0,0.0,6.602941176470588,0.0,0.0,143.0,480.3098498299578,881.8713533281834,0.04798261059175495,100.0,1.0,6.452706832508446
235,2028,7,14,8.305991534382669E18,41.4380809855564,7.006889376598988E-5,0.0,41.149811534678996,0.0,337.91658804066975,249.8235294117647,585.2775778170343,100.0,0.0,6.264705882352941,0.0,0.0,143.0,274.39999999999634,835.9967196682084,0.05386105775275039,100.0,1.0,6.273857256793554
231,2028,7,14,4.2848121755587553E18,42.135541489066256,7.676359500204733E-5,0.0,44.85666834449889,0.0,322.29612934128517,250.51871657754012,643.5687625266157,100.0,0.0,6.403743315508021,0.0,0.0,143.0,203.0974934744307,790.2901931529763,0.05052095039111195,100.0,1.0,6.3794549953277615
223,2028,11,15,1.858714168763392E18,42.77867255738072,1.4265175888144942E-4,0.0,33.314696712004356,0.0,804.5534381209071,373.30748663101605,449.29205192337207,100.0,0.0,4.561497326203209,0.0,0.0,88.0,0.0,898.5886537129195,0.12453416846033706,100.0,1.0,6.460503555513358
220,2028,11,15,8.709926167270339E18,42.514476931777615,1.5521767958371927E-4,0.0,39.49598140339796,0.0,877.0573913560487,368.9117647058824,582.4681463084702,100.0,0.0,4.882352941176471,0.0,0.0,88.0,0.0,891.5428100017984,0.13660044274215355,100.0,1.0,6.420604309545165
239,2028,11,15,9.054830946953192E18,42.786347866338076,3.1012492380827115E-4,0.0,43.00896880006454,0.0,870.5576512188737,372.2914438502674,665.8368856730089,100.0,0.0,4.358288770053476,0.0,0.0,88.0,0.0,881.6138475409965,0.13472657001561358,100.0,1.0,6.461662692949015
230,2028,11,15,2.2009420763865405E18,43.06761853281607,3.1012492380827115E-4,0.0,35.407897674990224,0.0,941.5877886900428,365.8101604278075,476.0030756980603,100.0,0.0,4.262032085561497,0.0,0.0,88.0,0.0,867.1095165390731,0.14476743984566798,100.0,1.0,6.504140638902228
229,2028,11,16,7.388801749022034E17,43.651420828476006,1.2296785242199492E-4,0.0,37.95222122983369,0.0,1045.4546941415458,374.03208556149735,540.8817409071945,100.0,0.0,4.406417112299465,0.0,0.0,88.0,0.0,883.5320072739144,0.15858706693053176,100.0,1.0,6.592307395403824
228,2028,11,16,6.65317065901527E17,43.230123604076894,1.2545506626548188E-4,0.0,34.42164980630549,0.0,946.0044635639753,375.1885026737968,479.2593687014958,100.0,0.0,4.637700534759358,0.0,0.0,88.0,0.0,912.272992267102,0.14489975212065617,100.0,1.0,6.528682414696261
227,2028,11,16,2.7812977706100634E18,42.99293375706611,1.1563196264290498E-4,1.0,38.01452777667563,1.0,941.6886257031078,374.66042780748666,547.576289905454,100.0,0.0,4.532085561497326,0.0,0.0,88.0,0.0,891.8813472341792,0.1450344517021806,100.0,1.0,6.492861624607704
226,2028,11,16,3.967985631945377E18,43.02993519722433,1.630520104144433E-4,0.0,34.42904418314737,0.0,970.8715276685691,375.8368983957219,471.4554941287691,100.0,0.0,4.767379679144385,0.0,0.0,88.0,0.0,897.2239362369816,0.14940048492497426,100.0,1.0,6.498449641285435
225,2028,11,16,4.86643095885923E18,43.4212561995503,9.70960938660836E-5,0.0,32.093910039027286,0.0,944.4751179792823,372.7620320855615,422.2844954138558,100.0,0.0,4.152406417112299,0.0,0.0,88.0,0.0,892.6139319320374,0.1440287102181433,100.0,1.0,6.557547564987545
221,2028,11,16,6.977615103056312E17,43.4093356378028,1.2152230556750434E-4,0.0,34.355437629369995,0.0,944.0548349831332,373.57085561497325,469.1945890165761,100.0,0.0,4.314171122994653,0.0,0.0,88.0,0.0,895.4053805028018,0.14400415260003482,100.0,1.0,6.55574730268511
238,2028,11,16,2.857941005564493E18,42.91193016551567,1.2576030973571422E-4,1.0,31.83058290385796,1.0,943.6722582263507,376.5855614973262,425.56856962729296,100.0,0.0,4.9171122994652405,0.0,0.0,88.0,0.0,910.467332250164,0.14561431543187547,100.0,1.0,6.48062833264385
237,2028,11,16,6.522181452910449E18,42.834028165456616,2.0111862763182305E-4,0.0,36.82426096491855,0.0,805.8991802219998,376.47192513368987,535.37343017425,100.0,0.0,4.894385026737968,0.0,0.0,88.0,0.0,917.7296506578523,0.12458126326235004,100.0,1.0,6.468863447988107
236,2028,11,16,4.2692437014197545E18,43.4217715179239,1.2444820377538964E-4,0.0,38.987292161298136,0.0,881.97814235297,380.94117647058823,583.2120454565103,100.0,0.0,4.588235294117647,0.0,0.0,88.0,0.0,911.4822996293407,0.13449657307453558,100.0,1.0,6.557625389192583
235,2028,11,16,8.305991534382669E18,43.25334208682045,1.0114968160739436E-4,1.0,39.78921890047096,1.0,1030.1323530719412,371.4385026737968,589.1514974398536,100.0,0.0,3.8877005347593583,0.0,0.0,88.0,0.0,890.6450328246582,0.15770094339317595,100.0,1.0,6.532188907098936
231,2028,11,16,4.2848121755587553E18,43.24587895309579,1.8093636161509397E-4,0.0,37.64824959207172,0.0,964.2143921158402,377.34090909090907,553.1504419445217,100.0,0.0,5.068181818181818,0.0,0.0,88.0,0.0,914.7839626565658,0.1476351655775093,100.0,1.0,6.531061812706283
224,2028,11,17,2.3275888066568E18,44.117342933845805,8.667549575412828E-5,0.0,38.3689543271577,0.0,952.5782083015579,375.56951871657753,551.5586060866965,100.0,0.0,3.213903743315508,0.0,0.0,88.0,0.0,885.2197377345552,0.14297240680917786,100.0,1.0,6.662671697014536
222,2028,11,17,4.90388125562359E18,43.770288531690596,2.7788971667407807E-4,0.0,40.991005738476964,0.0,809.4116335824575,377.4144385026738,607.6494592978964,100.0,0.0,3.5828877005347595,0.0,0.0,88.0,0.0,873.069973839986,0.12244779444911436,100.0,1.0,6.610258986076101
234,2028,11,17,8.619173836053503E18,43.51278064965288,1.3944465998573345E-4,0.0,34.437150455612205,0.0,878.9979779668266,380.56951871657753,466.2997401250824,100.0,0.0,4.213903743315508,0.0,0.0,88.0,0.0,887.0356467869487,0.1337617595066279,100.0,1.0,6.571369733838409
233,2028,11,17,7.421366990471719E18,43.85250999843769,6.167957911859014E-5,0.0,40.341737105683244,0.0,973.3188472910197,380.2620320855615,621.5930508358404,100.0,0.0,4.152406417112299,0.0,0.0,88.0,0.0,918.4663325785659,0.14696760303283518,100.0,1.0,6.6226762035001885
232,2028,11,17,6.261277189363532E18,43.210925110049246,1.3219306215186329E-4,1.0,42.49817700017976,1.0,963.0041500792995,375.3582887700535,669.2035832046054,100.0,0.0,4.371657754010696,0.0,0.0,88.0,0.0,903.9915585394959,0.14756913400782956,100.0,1.0,6.525783027419579
223,2029,3,3,1.858714168763392E18,49.908551253733435,0.0015506246190413557,0.0,36.58087088576374,0.0,37.70000000000048,263.4251336898396,571.3304860181427,100.0,0.0,6.885026737967914,0.0,0.0,143.0,611.1444095487981,989.5354522992138,0.0050144429201441805,100.0,1.0,7.5182828083556075
239,2029,3,3,9.054830946953192E18,49.18315382832953,8.001159024981192E-4,0.0,52.17402190950396,0.0,52.19999999999996,262.99064171122996,968.0880389247332,100.0,0.0,6.798128342245989,0.0,0.0,143.0,616.254533293263,886.8047445976817,0.0070454775297253995,100.0,1.0,7.409008087778896
228,2029,3,4,6.65317065901527E17,50.741815749939946,0.0022018869590387253,0.0,41.19194105717542,0.0,49.29999999999987,258.5788770053476,696.7458266081619,100.0,0.0,5.915775401069519,0.0,0.0,143.0,814.0428728681956,993.8716460912572,0.0064496659327566925,100.0,1.0,7.643806751232499
227,2029,3,4,2.7812977706100634E18,49.90107474103622,0.0022018869590387253,0.0,41.97039337018764,0.0,92.80000000000129,262.0414438502674,707.6471698534117,100.0,0.0,6.608288770053476,0.0,0.0,143.0,610.6420276670094,977.5901266840671,0.01234509345849395,100.0,1.0,7.517156537697244
220,2029,3,4,8.709926167270339E18,50.71163899503705,6.07249575024469E-4,0.0,47.81092476120229,0.0,49.29999999999987,263.28743315508024,839.5425082168784,100.0,0.0,6.557486631016043,0.0,0.0,143.0,601.7067871284258,915.7019679749695,0.006453503907468524,100.0,1.0,7.639260889413247
236,2029,3,4,4.2692437014197545E18,50.030782911539504,0.0022018869590387253,0.0,45.65963214747859,0.0,75.40000000000096,262.1417112299465,782.1821247244455,100.0,0.0,6.628342245989304,0.0,0.0,143.0,619.3546845930357,930.1644257074563,0.01000438397821729,100.0,1.0,7.536695928921823
235,2029,3,4,8.305991534382669E18,50.504478225539806,0.0022018869590387253,0.0,38.848049302383814,0.0,63.80000000000056,261.0120320855615,662.8413510098653,100.0,0.0,6.402406417112299,0.0,0.0,143.0,614.9604772856111,1042.5543182882968,0.0083858501055462,100.0,1.0,7.608053947661759
226,2029,3,5,3.967985631945377E18,50.22809546277423,0.002822136806655268,0.0,32.37708561520224,0.0,49.29999999999987,265.5133689839572,517.10419706367,100.0,0.0,7.002673796791444,0.0,0.0,143.0,823.9099697379862,1078.8120187382103,0.006515631488579017,100.0,1.0,7.566419323501615
225,2029,3,5,4.86643095885923E18,51.39196815384392,0.002822136806655268,0.0,43.11352476170077,0.0,60.90000000000083,259.677807486631,664.397056705545,100.0,0.0,5.8355614973262036,0.0,0.0,143.0,610.6607055286297,876.0476043436581,0.007866442050206734,100.0,1.0,7.741746473350089
224,2029,3,5,2.3275888066568E18,50.190636224254725,0.002822136806655268,0.0,43.975054664382746,0.0,63.80000000000056,258.3649732620321,756.1704813509599,100.0,0.0,5.872994652406417,0.0,0.0,143.0,611.0060298669684,962.5751501180246,0.00843828681839923,100.0,1.0,7.560776419792711
238,2029,3,5,2.857941005564493E18,51.38333733207169,0.002822136806655268,0.0,46.280923015367996,0.0,46.400000000000645,261.596256684492,747.5532046589617,100.0,0.0,6.219251336898396,0.0,0.0,143.0,610.3555144144881,866.9907261920815,0.005994486377716039,100.0,1.0,7.740446316216256
237,2029,3,5,6.522181452910449E18,50.20131627831755,0.002822136806655268,0.0,40.515552154267645,0.0,52.19999999999996,261.6831550802139,695.7931283731303,100.0,0.0,6.2366310160427805,0.0,0.0,143.0,615.5193314872481,1020.3773271362508,0.006902584052127511,100.0,1.0,7.562385275686849
234,2029,3,5,8.619173836053503E18,50.45309284157657,0.002822136806655268,0.0,44.53938531057956,0.0,60.90000000000083,260.1096256684492,746.1374963565482,100.0,0.0,6.221925133689839,0.0,0.0,143.0,616.5142307361824,928.4419389143826,0.008012827689230137,100.0,1.0,7.600313193038603
232,2029,3,5,6.261277189363532E18,49.96098445918685,0.004732686552193001,0.0,42.222435757088235,0.0,72.49999999999999,259.2139037433155,765.7681666744238,100.0,0.0,6.042780748663102,0.0,0.0,143.0,813.5206958708578,1046.8764110647937,0.009633039129585269,100.0,1.0,7.526181408039326
231,2029,3,5,4.2848121755587553E18,50.895538622959016,0.002822136806655268,0.0,46.24749752663767,0.0,43.49999999999999,265.5534759358289,835.0118176518631,100.0,0.0,7.010695187165775,0.0,0.0,143.0,617.3582775771054,969.7039172762053,0.005673693191224169,100.0,1.0,7.6669637454637085
229,2029,3,6,7.388801749022034E17,51.412204721367765,0.0034113741618909833,0.0,45.05269065181893,0.0,40.59999999999947,259.2927807486631,792.2048667270642,100.0,0.0,5.458556149732621,0.0,0.0,143.0,617.1170050913893,965.42226069806,0.00524223047191814,100.0,1.0,7.744794933661867
222,2029,3,6,4.90388125562359E18,51.009309640371484,0.0034113741618909833,0.0,47.87798102690929,0.0,113.1000000000005,262.47860962566847,823.1722461131383,100.0,0.0,6.39572192513369,0.0,0.0,143.0,607.8205644907433,895.4458361556094,0.014718700365875765,100.0,1.0,7.6841023452189186
221,2029,3,6,6.977615103056312E17,51.76351622633574,0.00119278816849335,0.0,29.5445448561614,0.0,34.79999999999954,257.88235294117646,469.0674301737595,100.0,0.0,5.176470588235294,0.0,0.0,143.0,610.2968173081887,1117.4158488735466,0.004462844752449024,100.0,1.0,7.797716911596073
233,2029,3,6,7.421366990471719E18,50.89061382573636,0.0014988462925707307,0.0,45.209472970515904,0.0,57.99999999999999,262.1577540106952,815.2419422579841,100.0,0.0,6.331550802139038,0.0,0.0,143.0,621.6938198656295,987.274179065331,0.007565656329412288,100.0,1.0,7.666221868222968
230,2029,3,6,2.2009420763865405E18,51.78793928596046,0.0034113741618909833,0.0,46.30757958285098,0.0,89.90000000000086,266.2005347593583,774.7843951559705,100.0,0.0,6.540106951871658,0.0,0.0,143.0,613.4389065901175,897.4543143276704,0.01152357855623824,100.0,1.0,7.801396029997457
225,2029,7,11,4.86643095885923E18,40.509394436444886,8.363671084365454E-5,0.0,39.44316743368594,0.0,147.50378040087665,236.40641711229947,473.36667484272664,100.0,0.0,5.981283422459893,0.0,0.0,100.69999999999858,275.0,725.7100798868822,0.024232516561013398,100.0,1.0,6.087018656501769
224,2029,7,12,2.3275888066568E18,40.813073197147716,5.337778378799845E-5,0.0,44.26424049940305,0.0,243.36187036762175,238.32754010695186,611.3451684968757,100.0,0.0,6.065508021390374,0.0,0.0,100.69999999999858,275.0,768.8121290400014,0.039682986992889184,100.0,1.0,6.13265000467908
222,2029,7,12,4.90388125562359E18,40.305176821144954,5.866911157931726E-5,0.0,45.216353948577996,0.0,155.82166086662247,239.57085561497325,606.7750845170634,100.0,0.0,6.314171122994653,0.0,0.0,100.69999999999858,275.0,734.2322196567928,0.0257287162016233,100.0,1.0,6.056332529206848
221,2029,7,12,6.977615103056312E17,40.77952255843443,9.978279401810523E-5,0.0,33.00614539764006,0.0,148.2248759845062,238.5548128342246,411.9132181524013,100.0,0.0,6.11096256684492,0.0,0.0,100.69999999999858,275.0,834.7784390841665,0.024189677430591926,100.0,1.0,6.1276086218930255
237,2029,7,12,6.522181452910449E18,40.680006096825416,3.1012492380827115E-4,1.0,43.32225748019749,1.0,344.7910911028607,238.50133689839572,601.3868628808477,100.0,0.0,6.100267379679145,0.0,0.0,100.69999999999858,275.0,785.788966727546,0.05640610930561448,100.0,1.0,6.112655089092297
228,2029,7,13,6.65317065901527E17,41.20691834310246,1.2335915823718027E-4,0.0,43.312678249088904,0.0,295.31693056634987,240.92379679144386,587.6213226316861,100.0,0.0,6.28475935828877,0.0,0.0,100.69999999999858,275.0,768.1606899884847,0.04769461275977705,100.0,1.0,6.191829925399951
227,2029,7,13,2.7812977706100634E18,41.4074863631913,6.237428073376333E-5,0.0,43.67740673457481,0.0,292.8777199023691,241.07085561497325,603.6112173627266,100.0,0.0,6.314171122994653,0.0,0.0,100.69999999999858,275.0,777.3147993827673,0.04707155935561791,100.0,1.0,6.2219676575769665
226,2029,7,13,3.967985631945377E18,41.269330862074874,6.339430167789678E-5,0.0,41.42369773602505,0.0,152.63320240682475,241.7125668449198,542.2174778471273,100.0,0.0,6.442513368983957,0.0,0.0,100.69999999999858,259.5275882208953,765.74712466252,0.024613462205151114,100.0,1.0,6.201208149208753
238,2029,7,13,2.857941005564493E18,41.338532155114194,1.1139544677021236E-4,0.0,43.133255636144284,0.0,131.9432566621032,239.96122994652407,553.7164081113757,100.0,0.0,6.092245989304812,0.0,0.0,100.69999999999858,275.0,728.9773800105943,0.02124140628684358,100.0,1.0,6.211606467121046
236,2029,7,13,4.2692437014197545E18,41.07603951594013,4.370418881176311E-5,0.0,40.95595032566774,0.0,224.13443755762393,239.47994652406416,569.0729346200985,100.0,0.0,5.995989304812834,0.0,0.0,100.69999999999858,481.1620242793418,819.2270176280041,0.03631375380700618,100.0,1.0,6.172163823900261
235,2029,7,13,8.305991534382669E18,40.925975942013736,5.50257139475286E-5,0.0,41.70412178746133,0.0,254.2630051474722,241.41844919786095,575.3178980790561,100.0,0.0,6.383689839572193,0.0,0.0,100.69999999999858,275.0,803.1590208397919,0.041346166505057576,100.0,1.0,6.149614985862597
232,2029,7,13,6.261277189363532E18,41.21483133165743,9.426289477455046E-5,0.0,48.18816685130303,0.0,237.76720500594863,241.68582887700535,711.9725720743434,100.0,0.0,6.43716577540107,0.0,0.0,100.69999999999858,239.8135462340122,764.6706534673011,0.03839277855839146,100.0,1.0,6.193018946110639
230,2029,7,13,2.2009420763865405E18,41.13911053911021,1.1075890136009682E-4,0.0,44.994155236674516,0.0,175.1597608100491,242.44117647058823,596.5777624437957,100.0,0.0,6.588235294117647,0.0,0.0,100.69999999999858,275.0,728.4644891690768,0.02833547935394394,100.0,1.0,6.181640995802285
229,2029,7,14,7.388801749022034E17,41.33927155273109,7.799922630992735E-5,0.0,42.371901666024385,0.0,330.7088292084708,247.52807486631016,597.7704750306267,100.0,0.0,6.105614973262032,0.0,0.0,143.0,275.0,811.93545045598,0.053239514749294524,100.0,1.0,6.211717570413299
223,2029,7,14,1.858714168763392E18,41.268921961049024,5.9229359016094575E-5,0.0,34.20194146666942,0.0,302.8624892392691,249.74732620320856,440.7939744804572,100.0,0.0,6.5494652406417115,0.0,0.0,143.0,275.0,846.6221709523827,0.048839755540568505,100.0,1.0,6.201146706962892
220,2029,7,14,8.709926167270339E18,41.76380646314237,1.0798221581067934E-4,0.0,49.06411132122813,0.0,138.5498839557772,241.76871657754012,707.8165168789893,100.0,0.0,6.153743315508021,0.0,0.0,100.69999999999858,275.0,734.0837736872074,0.022077871946163345,100.0,1.0,6.275508993513036
239,2029,7,14,9.054830946953192E18,41.73668327812286,3.631439388855633E-5,0.0,53.93221796044122,0.0,193.75887202629687,241.79545454545453,847.1310502338647,100.0,0.0,6.159090909090909,0.0,0.0,100.69999999999858,274.7300000000029,722.9626034247838,0.030895468275419044,100.0,1.0,6.271433412143964
234,2029,7,14,8.619173836053503E18,42.66770714202756,3.1012492380827115E-4,0.0,45.898634196583195,0.0,145.27622375526903,242.99197860962568,642.1961330363779,100.0,0.0,6.398395721925134,0.0,0.0,100.69999999999858,273.20000000000283,756.2883321386455,0.022659292997984838,100.0,1.0,6.4113308287327815
233,2029,7,14,7.421366990471719E18,43.456045299598074,1.1163604168764258E-4,0.0,41.26129029544094,0.0,198.87800658634674,246.9398395721925,633.8745605630978,100.0,0.0,5.987967914438503,0.0,0.0,143.0,474.968354178713,901.4381888790367,0.030457038725654327,100.0,1.0,6.52978801970099
231,2029,7,14,4.2848121755587553E18,42.089790626120326,7.390965772361086E-5,0.0,44.1189047256347,0.0,181.17821319328112,242.13636363636363,657.2536230975126,100.0,0.0,6.2272727272727275,0.0,0.0,100.69999999999858,481.54069731487283,831.4595879830271,0.028647077641832625,100.0,1.0,6.324491993860868
221,2029,11,15,6.977615103056312E17,41.883129816114696,3.1012492380827115E-4,1.0,28.47112405958658,1.0,796.6139444022704,370.5668449197861,363.96997319668907,100.0,0.0,5.5133689839572195,0.0,0.0,88.0,0.0,913.238483076983,0.12689781775041606,100.0,1.0,6.277601605167544
238,2029,11,15,2.857941005564493E18,42.8414013865774,3.1012492380827115E-4,0.0,33.026725221014395,0.0,849.8009814103962,365.23262032085563,438.2114597361538,100.0,0.0,4.446524064171123,0.0,0.0,88.0,0.0,887.7696878598028,0.13234237889297484,100.0,1.0,6.421230965612531
230,2029,11,15,2.2009420763865405E18,42.28472825227188,1.2414928895447202E-4,0.0,35.475365533349425,0.0,864.4234656249308,367.4986631016043,482.22782065170384,100.0,0.0,4.899732620320855,0.0,0.0,88.0,0.0,876.2861659048604,0.13639183773703625,100.0,1.0,6.337794694808212
229,2029,11,16,7.388801749022034E17,43.12274873324229,3.1012492380827115E-4,0.0,39.48021111515991,0.0,927.2145252566859,373.24064171122996,579.4108490494791,100.0,0.0,4.548128342245989,0.0,0.0,88.0,0.0,887.4127298233899,0.14345614884779975,100.0,1.0,6.463400368013622
228,2029,11,16,6.65317065901527E17,42.08512944124806,9.991138009287087E-5,1.0,33.03476056840556,1.0,868.2702410737338,371.2647058823529,456.56933920422995,100.0,0.0,5.352941176470588,0.0,0.0,88.0,0.0,924.6229303214071,0.13764854539480684,100.0,1.0,6.307878071528765
227,2029,11,16,2.7812977706100634E18,42.893390430039034,3.1012492380827115E-4,0.0,36.40561690187845,0.0,871.0360763638918,374.8850267379679,519.8335369225745,100.0,0.0,4.877005347593583,0.0,0.0,88.0,0.0,907.0471538497549,0.13548497780582233,100.0,1.0,6.429023279704592
226,2029,11,16,3.967985631945377E18,42.60357088485294,1.1212036290971475E-4,0.0,33.35208505534647,0.0,869.1307712497103,370.8168449197861,449.65308138601597,100.0,0.0,5.2633689839572195,0.0,0.0,88.0,0.0,897.2002542084066,0.13610826619242886,100.0,1.0,6.385584032206682
223,2029,11,16,1.858714168763392E18,42.598604848553165,8.90140424248769E-5,0.0,30.444108056399287,0.0,940.6130737318647,369.85427807486633,403.86399879245494,100.0,0.0,5.070855614973262,0.0,0.0,88.0,0.0,921.6885335516827,0.14731976327479626,100.0,1.0,6.384839703939346
235,2029,11,16,8.305991534382669E18,42.865711368383025,3.1012492380827115E-4,0.0,36.45823471544589,0.0,864.4096111192725,375.0254010695187,525.3449898859232,100.0,0.0,4.9050802139037435,0.0,0.0,88.0,0.0,914.8332025764996,0.13454108599722317,100.0,1.0,6.424874637455456
232,2029,11,16,6.261277189363532E18,43.25947190106633,7.321173838722167E-5,0.0,41.34975790843339,0.0,868.3747009219761,373.581550802139,639.5749813363673,100.0,0.0,4.616310160427807,0.0,0.0,88.0,0.0,906.423292980486,0.13392798235239306,100.0,1.0,6.483892952535469
224,2029,11,17,2.3275888066568E18,43.48111702552105,1.3944465998573345E-4,0.0,38.31887216624458,0.0,802.8191213570825,375.2352941176471,562.2987883849771,100.0,0.0,4.647058823529412,0.0,0.0,88.0,0.0,904.3823991271225,0.12318629476534726,100.0,1.0,6.517113960496507
222,2029,11,17,4.90388125562359E18,42.84166201690037,3.1012492380827115E-4,0.0,37.67556627659689,0.0,796.5966345611655,374.5066844919786,536.1044627072556,100.0,0.0,4.501336898395722,0.0,0.0,88.0,0.0,885.7081558371513,0.12405593143657123,100.0,1.0,6.421270029869219
220,2029,11,17,8.709926167270339E18,43.245276431643596,1.7741700446697437E-4,0.0,40.45274982505652,0.0,951.2164027532812,369.41577540106954,602.8201577338756,100.0,0.0,4.683155080213904,0.0,0.0,88.0,0.0,886.4708707938835,0.14675267637293218,100.0,1.0,6.481765281990648
239,2029,11,17,9.054830946953192E18,43.16595763167244,1.0753291394184156E-4,1.0,44.73371253898283,1.0,950.8026787884087,374.5534759358289,724.8549367701327,100.0,0.0,4.510695187165775,0.0,0.0,88.0,0.0,894.9202643576364,0.14695839282479184,100.0,1.0,6.469876680823422
237,2029,11,17,6.522181452910449E18,43.67527854979454,1.9529277317901204E-4,0.0,38.2534794835505,0.0,801.2016686144892,375.36898395721926,568.563469737392,100.0,0.0,4.67379679144385,0.0,0.0,88.0,0.0,917.0024512705221,0.12239157931717351,100.0,1.0,6.546215622712107
236,2029,11,17,4.2692437014197545E18,43.51913433776261,9.426289477455046E-5,0.0,36.90965387322158,0.0,869.3586715393888,377.0200534759358,541.7963199970845,100.0,0.0,5.004010695187166,0.0,0.0,88.0,0.0,925.3746818016966,0.13327973472853982,100.0,1.0,6.522812138770178
234,2029,11,17,8.619173836053503E18,43.65128082673568,3.1012492380827115E-4,0.0,38.04781604297649,0.0,959.7101400295973,374.3729946524064,543.3271883692154,100.0,0.0,4.474598930481283,0.0,0.0,88.0,0.0,883.7947201075718,0.14668593359998064,100.0,1.0,6.5426187533889335
231,2029,11,17,4.2848121755587553E18,43.39924962043023,1.0181382922136278E-4,0.0,41.581674876199635,0.0,956.3317814380524,372.5614973262032,637.0092863260352,100.0,0.0,4.112299465240642,0.0,0.0,88.0,0.0,894.1565784655088,0.14701841809398042,100.0,1.0,6.5048433647730075
225,2029,11,18,4.86643095885923E18,43.825299395529136,3.1012492380827115E-4,0.0,30.533808856729234,0.0,746.4259933606327,374.5494652406417,395.28628789377126,100.0,0.0,4.209893048128342,0.0,0.0,88.0,0.0,898.6767337644643,0.11363372419418644,100.0,1.0,6.5687013133977725
233,2029,11,18,7.421366990471719E18,43.0534894962705,1.0896870126783947E-4,1.0,38.05545874216317,2.0,981.1408683954994,382.18048128342247,577.7491906368364,100.0,0.0,4.536096256684492,0.0,0.0,88.0,0.0,939.5134111776172,0.15204368489996453,100.0,1.0,6.453019532123483
229,2030,3,3,7.388801749022034E17,49.295537431231715,0.002853149299036095,0.0,40.62245740034054,0.0,55.09999999999923,262.09893048128345,694.0685894030781,100.0,0.0,6.919786096256685,0.0,0.0,143.0,618.6920691626719,1013.6921277256839,0.00747623732708816,100.0,1.0,7.370017508721802
227,2030,3,3,2.7812977706100634E18,50.099274193204074,0.002853149299036095,0.0,36.5785232431939,0.0,75.40000000000096,260.6216577540107,605.1614723162893,100.0,0.0,6.624331550802139,0.0,0.0,143.0,612.358078913941,1048.464899864881,0.010066511590047905,100.0,1.0,7.490181611129714
235,2030,3,3,8.305991534382669E18,49.32759697678011,0.002853149299036095,0.0,41.961920727578715,0.0,89.90000000000086,259.3382352941176,709.9005647535088,100.0,0.0,6.367647058823529,0.0,0.0,143.0,611.5169343687603,981.0828918802388,0.012190143520896488,100.0,1.0,7.37481062843052
228,2030,3,4,6.65317065901527E17,50.36935235214992,0.0034733991466526374,0.0,43.41800356828584,0.0,87.00000000000001,259.36096256684493,737.4660295318131,100.0,0.0,6.072192513368984,0.0,0.0,143.0,610.819265230093,960.4127349214332,0.011552925480274576,100.0,1.0,7.530560129427261
224,2030,3,4,2.3275888066568E18,49.32026872398055,0.0034733991466526374,0.0,43.62545926338028,0.0,37.70000000000048,263.2352941176471,756.3755991978595,100.0,0.0,7.147058823529412,0.0,0.0,143.0,610.0491470320433,976.7260959390202,0.0051127552359995845,100.0,1.0,7.373715004886172
223,2030,3,4,1.858714168763392E18,50.053675212228235,0.0034733991466526374,0.0,36.82285887951522,0.0,52.19999999999996,262.40909090909093,574.4994292194544,100.0,0.0,6.681818181818182,0.0,0.0,143.0,604.7285555569687,984.264105615218,0.006975472291456243,100.0,1.0,7.48336425390665
222,2030,3,4,4.90388125562359E18,49.52349271002926,0.0034733991466526374,0.0,39.77563168523468,0.0,46.400000000000645,259.75935828877004,638.019771355822,100.0,0.0,6.451871657754011,0.0,0.0,143.0,815.1589367579934,965.0412505939138,0.006266799504591397,100.0,1.0,7.404098370468928
221,2030,3,4,6.977615103056312E17,50.302061299090035,0.0034733991466526374,0.0,27.005221606385263,0.0,87.00000000000001,260.70454545454544,416.4437125530727,100.0,0.0,6.340909090909091,0.0,0.0,143.0,615.3229444053854,1124.6292196241036,0.01156838028473811,100.0,1.0,7.520499660162196
220,2030,3,4,8.709926167270339E18,49.283882510825215,0.0034733991466526374,0.0,48.07364675809206,0.0,72.49999999999999,261.61764705882354,853.9200500095436,100.0,0.0,6.823529411764706,0.0,0.0,143.0,615.1396263028716,921.3336077173667,0.00983948072148236,100.0,1.0,7.368275018996893
232,2030,3,4,6.261277189363532E18,50.27017846517226,0.0034733991466526374,0.0,45.86555852784052,0.0,84.09999999999899,261.84090909090907,830.2640403127821,100.0,0.0,6.568181818181818,0.0,0.0,143.0,615.1458221070319,979.2525873155964,0.011189860050526551,100.0,1.0,7.515732960041942
230,2030,3,4,2.2009420763865405E18,50.088438354463456,0.0034733991466526374,0.0,46.1540690529074,0.0,60.90000000000083,261.18582887700535,744.8317099694084,100.0,0.0,6.43716577540107,0.0,0.0,143.0,605.114530281907,868.2976953220842,0.008132402912369155,100.0,1.0,7.488561579674521
226,2030,3,5,3.967985631945377E18,50.95636074002143,0.001256491404011412,0.0,39.890007950618745,0.0,49.29999999999987,263.98262032085563,658.6950672982875,100.0,0.0,6.696524064171123,0.0,0.0,143.0,605.689341976262,991.6492154434163,0.006471241416494179,100.0,1.0,7.6183218685586205
239,2030,3,5,9.054830946953192E18,49.78839373982524,0.004093648994269179,0.0,53.11636416745257,0.0,52.19999999999996,263.3850267379679,1009.5805836355122,100.0,0.0,6.877005347593583,0.0,0.0,143.0,606.6641402686323,890.5040066023793,0.007012638856215355,100.0,1.0,7.443702872811524
238,2030,3,5,2.857941005564493E18,50.69573543441963,0.004093648994269179,0.0,44.07176184401626,0.0,52.19999999999996,261.7566844919786,739.4786583195845,100.0,0.0,6.251336898395722,0.0,0.0,143.0,611.3253465883326,937.760901297748,0.006887128109229389,100.0,1.0,7.5793566160105454
237,2030,3,5,6.522181452910449E18,49.964408393068254,0.003036831598122536,0.0,34.6002492978822,0.0,52.19999999999996,260.1029411764706,590.2625915650087,100.0,0.0,6.220588235294118,0.0,0.0,143.0,808.8945467536136,1114.5685257935274,0.006987934727090372,100.0,1.0,7.47001825841824
236,2030,3,5,4.2692437014197545E18,50.471557902359386,0.004093648994269179,0.0,46.15545409755418,0.0,43.49999999999999,258.9866310160428,812.4809988424138,100.0,0.0,5.997326203208556,0.0,0.0,143.0,618.0430980960404,947.2139466618943,0.0057647653292160215,100.0,1.0,7.545840553047416
233,2030,3,5,7.421366990471719E18,48.046179833462865,0.004093648994269179,0.0,42.06025148044269,0.0,87.00000000000001,263.2553475935829,716.0508538195269,100.0,0.0,7.151069518716578,0.0,0.0,143.0,618.5906246378892,985.5020097392738,0.012111543024463167,100.0,1.0,7.183230066084516
234,2030,3,6,8.619173836053503E18,50.92966791879619,0.002031852949088673,0.0,43.346286250944864,0.0,57.99999999999999,262.5788770053476,745.0065897997382,100.0,0.0,6.415775401069519,0.0,0.0,143.0,615.1373934129497,973.0329565501846,0.007617215374241196,100.0,1.0,7.614331110570413
225,2030,3,7,4.86643095885923E18,50.962949485700854,0.005303136197121437,0.0,36.88573966386689,0.0,101.50000000000001,265.4064171122995,550.539836402735,100.0,0.0,6.981283422459893,0.0,0.0,143.0,614.7602503664672,941.1790231739519,0.013321421609900706,100.0,1.0,7.619306930768071
231,2030,3,7,4.2848121755587553E18,51.91663958217101,0.0018542434255669352,0.0,51.92686648796242,0.0,81.19999999999894,258.8582887700535,984.9053937633834,100.0,0.0,5.371657754010696,0.0,0.0,143.0,617.5771589213981,911.3312279170265,0.010461369488424752,100.0,1.0,7.761890074702432
229,2030,7,11,7.388801749022034E17,40.40369949033247,9.971862501873669E-5,0.0,45.045677958841054,0.0,150.5533814622345,236.4933155080214,629.3317807210758,100.0,0.0,5.998663101604278,0.0,0.0,101.0,275.0,766.8674145140341,0.024986281632665745,100.0,1.0,6.025441627353186
222,2030,7,11,4.90388125562359E18,41.18430020232483,3.1012492380827115E-4,0.0,44.51105994701373,0.0,258.1873846783281,235.70454545454547,586.3430395123083,100.0,0.0,5.840909090909091,0.0,0.0,101.0,275.0,730.1316416587844,0.04203737377129128,100.0,1.0,6.141853344193753
226,2030,7,12,3.967985631945377E18,40.931506930249924,3.1012492380827115E-4,0.0,42.03497242766319,0.0,182.97131294296167,238.50133689839572,556.2846965304509,100.0,0.0,6.100267379679145,0.0,0.0,101.0,275.0,766.0479516603864,0.02997488457144038,100.0,1.0,6.104154046260915
225,2030,7,12,4.86643095885923E18,40.435503594800736,8.05937951684696E-5,0.0,37.08977258905631,0.0,183.20087892234525,238.80213903743316,438.2887098696486,100.0,0.0,6.160427807486631,0.0,0.0,101.0,275.0,742.309496924204,0.030380641883166398,100.0,1.0,6.030184603303428
223,2030,7,12,1.858714168763392E18,40.80495398144146,8.911635741616988E-5,1.0,38.130200721618145,1.0,319.65319390717076,239.74465240641712,483.7092820099681,100.0,0.0,6.348930481283422,0.0,0.0,101.0,275.0,783.8374970304338,0.052528911874062376,100.0,1.0,6.0852810862242235
220,2030,7,12,8.709926167270339E18,41.2067504327954,1.2020345884041518E-4,0.0,49.191071136598,0.0,141.27134496976302,238.6818181818182,721.4664801779329,100.0,0.0,6.136363636363637,0.0,0.0,101.0,275.0,744.303766771724,0.022988887834058096,100.0,1.0,6.145201368135311
239,2030,7,12,9.054830946953192E18,41.94647657734669,4.7917942492007265E-5,0.0,54.14621247782453,0.0,249.78823344542946,237.28475935828877,856.2719498122481,100.0,0.0,5.856951871657754,0.0,0.0,101.0,273.67000000000365,724.5477492929161,0.03993086687796799,100.0,1.0,6.255517422369087
237,2030,7,12,6.522181452910449E18,40.813573298855644,7.283347200757898E-5,0.0,44.89424281564814,0.0,259.8753438516274,237.75935828877004,624.0995478374024,100.0,0.0,5.951871657754011,0.0,0.0,101.0,232.45173218982083,764.9958460927795,0.0426965423191173,100.0,1.0,6.086566493120186
233,2030,7,12,7.421366990471719E18,40.92560234097819,7.003724566582452E-5,0.0,46.47220510743587,0.0,158.75532901879603,239.08957219251337,672.3320130953432,100.0,0.0,6.217914438502674,0.0,0.0,101.0,275.0,773.4023414075382,0.026011505022112632,100.0,1.0,6.103273489320846
228,2030,7,13,6.65317065901527E17,41.029807094304644,1.106798443284337E-4,0.0,42.5453747422636,0.0,152.1767067494204,240.7433155080214,581.4967868328666,100.0,0.0,6.248663101604278,0.0,0.0,101.0,275.0,784.286572193225,0.02487029604973212,100.0,1.0,6.1188136419895764
227,2030,7,13,2.7812977706100634E18,42.183680667902905,8.633767366599973E-5,1.0,33.50653455936285,1.0,260.11862857850923,239.9211229946524,461.10220003191785,100.0,0.0,6.084224598930481,0.0,0.0,101.0,475.61152947499846,913.8653805791844,0.04134844996293673,100.0,1.0,6.290891891030262
224,2030,7,13,2.3275888066568E18,41.96349419186003,5.04104232458178E-5,0.0,46.96315150976298,0.0,225.02439594957323,240.0548128342246,684.285112202284,100.0,0.0,6.11096256684492,0.0,0.0,101.0,275.0,771.8855882556113,0.03595755966578597,100.0,1.0,6.2580552751939535
221,2030,7,13,6.977615103056312E17,41.27350799376776,9.857753458622728E-5,0.0,32.197269993882436,0.0,230.37413673002587,240.28208556149733,402.48344422774466,100.0,0.0,6.156417112299465,0.0,0.0,101.0,275.0,846.1956050798151,0.03742782471011283,100.0,1.0,6.155156985860838
238,2030,7,13,2.857941005564493E18,40.839698647169506,9.175293603794999E-5,0.0,43.97637959372672,0.0,355.1824394717529,240.64304812834226,593.1946724422864,100.0,0.0,6.228609625668449,0.0,0.0,101.0,275.0,754.5667948225898,0.05831780988298456,100.0,1.0,6.090462590835133
236,2030,7,13,4.2692437014197545E18,41.670060371260234,5.851413656759834E-5,0.0,45.70396631825171,0.0,268.11017885531015,240.77673796791444,656.1280710917604,100.0,0.0,6.255347593582887,0.0,0.0,101.0,274.1099999999953,778.5578546526027,0.04314410075761029,100.0,1.0,6.214295214114934
235,2030,7,13,8.305991534382669E18,41.89817918925684,6.270216817797637E-5,0.0,45.653399821431236,0.0,171.5103907301583,241.0909090909091,654.475531605876,100.0,0.0,6.318181818181818,0.0,0.0,101.0,272.3500000000036,778.2116884372224,0.027449063717443448,100.0,1.0,6.2483147875519744
234,2030,7,13,8.619173836053503E18,41.22766020142381,4.400183368448794E-5,0.0,45.22528587299143,0.0,425.017418550279,241.0909090909091,627.8079394015092,100.0,0.0,6.318181818181818,0.0,0.0,101.0,275.0,759.4519746690748,0.06912741073106196,100.0,1.0,6.148319661556485
232,2030,7,13,6.261277189363532E18,41.337385532385724,5.312177523266033E-5,0.0,46.663766259492746,0.0,139.48396370903626,240.8235294117647,686.137015458759,100.0,0.0,6.264705882352941,0.0,0.0,101.0,275.0,783.2533516725362,0.02262629909358586,100.0,1.0,6.164683103149529
231,2030,7,13,4.2848121755587553E18,41.81526158924959,1.1632592791007916E-4,0.0,51.114857957285764,0.0,206.3322329014935,241.11096256684493,779.1324708746679,100.0,0.0,6.322192513368984,0.0,0.0,101.0,275.0,744.3154452146432,0.03308754225187564,100.0,1.0,6.23594920803757
230,2030,7,13,2.2009420763865405E18,42.159991036545975,7.803848107908186E-5,0.0,45.80057546387328,0.0,156.81219331735335,240.8235294117647,614.4823027774285,100.0,0.0,6.264705882352941,0.0,0.0,101.0,275.0,726.3493636594985,0.02494086825129399,100.0,1.0,6.287359034071221
232,2030,11,14,6.261277189363532E18,41.55120160155092,8.60502008347034E-5,0.0,38.217786875540384,0.0,861.6996235879407,364.60427807486633,563.5056166157099,100.0,0.0,5.820855614973262,0.0,0.0,88.0,0.0,909.7738983392395,0.13941104572157176,100.0,1.0,6.1809996412257435
229,2030,11,15,7.388801749022034E17,42.081769127457456,3.1012492380827115E-4,0.0,38.825100561891205,0.0,734.6032463815104,364.4933155080214,563.5411143391017,100.0,0.0,5.498663101604278,0.0,0.0,88.0,0.0,886.9919075794364,0.11735016997500317,100.0,1.0,6.259924860253622
228,2030,11,15,6.65317065901527E17,42.34974773615024,8.265589653738571E-5,0.0,34.808236606974006,0.0,860.3741487941218,363.97192513368987,489.8253496962159,100.0,0.0,5.394385026737968,0.0,0.0,88.0,0.0,916.3534604755772,0.1365719134834355,100.0,1.0,6.29978834483032
223,2030,11,15,1.858714168763392E18,41.4353033921059,3.1012492380827115E-4,1.0,27.42195230910529,1.0,794.6629045895643,365.30882352941177,352.5951886552834,100.0,0.0,5.661764705882353,0.0,0.0,88.0,0.0,931.298329963911,0.12892504340624072,100.0,1.0,6.163759061810778
222,2030,11,15,4.90388125562359E18,41.95246124577312,1.2505037250333515E-4,0.0,33.90741363412271,0.0,743.0185088890163,363.918449197861,454.0322846187673,100.0,0.0,5.383689839572193,0.0,0.0,88.0,0.0,883.6274201704869,0.11906032303854265,100.0,1.0,6.240689508699582
220,2030,11,15,8.709926167270339E18,42.631403145562,3.1012492380827115E-4,0.0,41.04137865264714,0.0,799.548234477608,367.5120320855615,621.1515263122959,100.0,0.0,4.902406417112299,0.0,0.0,88.0,0.0,891.4848534751661,0.12607817413089936,100.0,1.0,6.341686338568683
235,2030,11,15,8.305991534382669E18,42.65781810414474,1.2424876755139064E-4,0.0,38.35046823923063,0.0,869.4037258603547,362.16711229946526,558.2830557925118,100.0,0.0,5.033422459893048,0.0,0.0,88.0,0.0,896.7144700718351,0.13700856829916547,100.0,1.0,6.34561572792999
231,2030,11,15,4.2848121755587553E18,42.04134173294197,1.9119908989412515E-4,1.0,40.49596398218167,1.0,871.1532103981965,370.66711229946526,619.3277695394081,100.0,0.0,5.533422459893048,0.0,0.0,88.0,0.0,908.5082365221851,0.13929734620068604,100.0,1.0,6.253911033905297
227,2030,11,16,2.7812977706100634E18,42.908702840562874,3.1012492380827115E-4,0.0,34.84320983435416,0.0,879.1611972775776,369.5401069518717,486.5098872794488,100.0,0.0,5.008021390374331,0.0,0.0,88.0,0.0,908.5753822003438,0.13773616768028007,100.0,1.0,6.38293639270064
226,2030,11,16,3.967985631945377E18,43.577777358879416,3.1012492380827115E-4,0.0,36.16717587697046,0.0,799.1029053689207,372.9131016042781,508.18992952159795,100.0,0.0,4.482620320855615,0.0,0.0,88.0,0.0,896.0956698645722,0.12327144959726513,100.0,1.0,6.482465388211426
225,2030,11,16,4.86643095885923E18,42.41809405403903,1.1900419179135499E-4,0.0,26.623187053524635,0.0,793.083757974945,370.6831550802139,329.37240415174665,100.0,0.0,5.2366310160427805,0.0,0.0,88.0,0.0,905.999708657654,0.1256876985964629,100.0,1.0,6.30995528465555
237,2030,11,16,6.522181452910449E18,42.61172241292446,2.5172477581840186E-4,0.0,35.92430535225493,0.0,791.8822268996763,377.2245989304813,520.005677462802,100.0,0.0,5.3449197860962565,0.0,0.0,88.0,0.0,926.6458186399217,0.12492701859761174,100.0,1.0,6.338758707196226
224,2030,11,17,2.3275888066568E18,43.288901759167324,1.1179701651343588E-4,0.0,38.853063204457264,0.0,879.0106342849211,379.951871657754,582.5575204979058,100.0,0.0,4.390374331550802,0.0,0.0,88.0,0.0,915.8315355707856,0.13650307361445907,100.0,1.0,6.439493346264197
221,2030,11,17,6.977615103056312E17,44.08517822214629,7.070791696495012E-5,0.0,31.813769608046126,0.0,869.5166040726796,373.2700534759358,423.4941189559851,100.0,0.0,4.254010695187166,0.0,0.0,88.0,0.0,906.8972626465986,0.13258980987127528,100.0,1.0,6.557944422100379
239,2030,11,17,9.054830946953192E18,43.92184982840856,1.106798443284337E-4,0.0,45.653354238810245,0.0,814.3601271058192,373.8649732620321,754.0269582132979,100.0,0.0,4.372994652406417,0.0,0.0,88.0,0.0,897.0786585777802,0.12464094924310769,100.0,1.0,6.533648307808047
238,2030,11,17,2.857941005564493E18,42.642540056540696,1.0075533587013357E-4,1.0,34.66578050573956,2.0,863.5745513374559,374.11229946524065,487.1193321134926,100.0,0.0,4.422459893048129,0.0,0.0,88.0,0.0,916.602170644096,0.1361387123730344,100.0,1.0,6.343343023336159
234,2030,11,17,8.619173836053503E18,43.29907680986424,3.1012492380827115E-4,1.0,38.09536498812592,1.0,857.2816541587506,375.6831550802139,553.9434652229062,100.0,0.0,4.7366310160427805,0.0,0.0,88.0,0.0,899.3561739520818,0.1330974583687756,100.0,1.0,6.441006948333035
230,2030,11,17,2.2009420763865405E18,44.07234936137781,1.4952985718817311E-4,0.0,35.807333867085006,0.0,881.7147384833978,379.0561497326203,500.94388745472605,100.0,0.0,4.211229946524064,0.0,0.0,88.0,0.0,897.1853896455815,0.13448900095359975,100.0,1.0,6.556036049279594
236,2030,11,18,4.2692437014197545E18,43.78248946371668,1.4683945256073442E-4,1.0,39.14884346977687,1.0,877.8712565607013,372.3168449197861,588.9630922445443,100.0,0.0,3.763368983957219,0.0,0.0,88.0,0.0,914.6653765514255,0.13478924688493352,100.0,1.0,6.512917586891184
233,2030,11,18,7.421366990471719E18,44.48163352778967,1.1044334893456947E-4,0.0,40.63688586749091,0.0,804.8337261593424,378.53743315508024,637.2472667527582,100.0,0.0,3.807486631016043,0.0,0.0,88.0,0.0,930.158818549412,0.12163268908632263,100.0,1.0,6.6169196143328906
225,2031,3,2,4.86643095885923E18,48.260103716980616,0.002915174283797749,0.0,32.24555910355625,0.0,46.400000000000645,260.4919786096257,441.6380037055894,100.0,0.0,6.898395721925134,0.0,0.0,143.0,615.1962030986332,926.8787298722671,0.006479577377911751,100.0,1.0,7.16096086114717
222,2031,3,2,4.90388125562359E18,48.52211617520826,0.0018129193307199931,0.0,40.73015484563367,0.0,40.59999999999947,260.418449197861,628.6220394887763,100.0,0.0,6.883689839572193,0.0,0.0,143.0,626.9198962016255,914.0099019799462,0.005639015016877764,100.0,1.0,7.199838957421161
229,2031,3,3,7.388801749022034E17,50.00773720629899,0.0035354241314142906,0.0,47.20106479712779,0.0,46.400000000000645,257.23262032085563,873.7866919016348,100.0,0.0,5.946524064171123,0.0,0.0,143.0,613.5948247372417,976.8312688706906,0.0062531338902659574,100.0,1.0,7.42027930542635
226,2031,3,3,3.967985631945377E18,49.86961177616372,0.0035354241314142906,0.0,37.150291392502545,0.0,46.400000000000645,261.3770053475936,624.8102952957089,100.0,0.0,6.775401069518717,0.0,0.0,143.0,622.8104667466381,1056.202798687455,0.006270453391612052,100.0,1.0,7.399783891555537
220,2031,3,3,8.709926167270339E18,49.67842068691455,0.0035354241314142906,0.0,46.96253764242441,0.0,95.69999999999867,261.7580213903743,811.3924807547824,100.0,0.0,6.851604278074866,0.0,0.0,143.0,606.9572320847823,915.7590140474017,0.012982582999847123,100.0,1.0,7.371414455900307
235,2031,3,3,8.305991534382669E18,49.12664128545673,0.0035354241314142906,0.0,47.04200949642789,0.0,81.19999999999894,260.5080213903743,807.6675878533973,100.0,0.0,6.601604278074866,0.0,0.0,143.0,607.2832952885688,908.3415038256919,0.011139248872024467,100.0,1.0,7.289539980018554
228,2031,3,4,6.65317065901527E17,50.25949954137823,0.004186686471411658,0.0,42.653936767619555,0.0,89.90000000000086,263.67245989304814,712.118447087968,100.0,0.0,6.934491978609626,0.0,0.0,143.0,612.2754745285336,956.8355990188788,0.012054757625130608,100.0,1.0,7.457636461523367
223,2031,3,4,1.858714168763392E18,49.958065281442586,0.004186686471411658,0.0,37.50402584882446,0.0,107.3000000000015,263.4117647058824,596.5292256854718,100.0,0.0,6.882352941176471,0.0,0.0,143.0,615.9004130576474,993.0744371337369,0.014474749669957258,100.0,1.0,7.4129088548388244
239,2031,3,4,9.054830946953192E18,49.839766587002394,0.004186686471411658,0.0,51.69307956906686,0.0,81.19999999999894,258.048128342246,990.8206531604187,100.0,0.0,6.109625668449198,0.0,0.0,143.0,626.5167169941165,925.2729111398339,0.010979864493749172,100.0,1.0,7.3953553840510535
238,2031,3,4,2.857941005564493E18,49.491815560304744,0.004186686471411658,0.0,40.500075948465465,0.0,57.99999999999999,262.86764705882354,661.8723745218416,100.0,0.0,7.073529411764706,0.0,0.0,143.0,619.7202515348907,971.283282642611,0.007897898691936084,100.0,1.0,7.343725497418596
237,2031,3,4,6.522181452910449E18,50.58576286483881,0.001961896190914555,0.0,41.1524369320605,0.0,40.59999999999947,257.7299465240642,685.5855241265372,100.0,0.0,5.745989304812834,0.0,0.0,143.0,614.4834361584469,979.6199502484857,0.005408971344245011,100.0,1.0,7.506048269824296
234,2031,3,4,8.619173836053503E18,49.88305258099866,0.004186686471411658,0.0,42.664095262774595,0.0,72.49999999999999,259.04411764705884,729.500332813239,100.0,0.0,6.3088235294117645,0.0,0.0,143.0,610.1607367894446,979.6803176494947,0.009794943501617375,100.0,1.0,7.401778273455945
231,2031,3,4,4.2848121755587553E18,49.964801898904994,0.001299406105341918,0.0,47.93322414018599,0.0,60.90000000000083,263.5855614973262,851.6988988522771,100.0,0.0,6.9171122994652405,0.0,0.0,143.0,612.9836445014971,924.5503305253814,0.008214290801642028,100.0,1.0,7.413908451819966
227,2031,3,5,2.7812977706100634E18,51.76446850218884,0.004806936319028203,0.0,38.18949870859411,0.0,43.49999999999999,261.3288770053476,648.8871878961892,100.0,0.0,6.165775401069519,0.0,0.0,143.0,623.820582082727,1049.4798983051044,0.00566336364525907,100.0,1.0,7.680947706124226
221,2031,3,5,6.977615103056312E17,49.92973659286185,0.0017118719084858276,0.0,18.273450601507545,0.0,60.90000000000083,259.8155080213904,281.83759588435754,100.0,0.0,6.163101604278075,0.0,0.0,143.0,605.7857632450749,1258.0369309515709,0.00822005964082569,100.0,1.0,7.40870536967096
236,2031,3,5,4.2692437014197545E18,50.16281962585116,0.004806936319028203,0.0,41.449974210078075,0.0,40.59999999999947,260.5080213903743,687.7913088832958,100.0,0.0,6.601604278074866,0.0,0.0,143.0,612.4096016400695,970.6064577417588,0.00545457659285324,100.0,1.0,7.443290841895021
233,2031,3,5,7.421366990471719E18,50.28384493895852,0.004806936319028203,0.0,44.337072495158274,0.0,84.09999999999899,257.5935828877005,793.0879141812259,100.0,0.0,6.018716577540107,0.0,0.0,143.0,609.4146897911526,995.0691746520645,0.011271571445703323,100.0,1.0,7.461248895517366
230,2031,3,5,2.2009420763865405E18,50.029243417830216,0.004806936319028203,0.0,41.450195681368335,0.0,84.09999999999899,263.9465240641711,643.6060667769101,100.0,0.0,6.989304812834225,0.0,0.0,143.0,601.9230830934862,908.3538481055398,0.011328933081409365,100.0,1.0,7.42347045354218
224,2031,3,6,2.3275888066568E18,51.53156919467983,0.005396173674263916,0.0,45.25015345475027,0.0,81.19999999999894,260.88101604278074,827.0039788783778,100.0,0.0,6.07620320855615,0.0,0.0,143.0,609.0533747252329,1000.0104445046238,0.010619391027236021,100.0,1.0,7.646389495569163
232,2031,3,6,6.261277189363532E18,51.99332104941575,0.005396173674263916,0.0,44.184006829511894,0.0,107.3000000000015,261.66577540106954,816.071561365023,100.0,0.0,5.933155080213904,0.0,0.0,143.0,616.5980157263692,1030.0254212519792,0.013908141937249645,100.0,1.0,7.7149054477668235
223,2031,7,11,1.858714168763392E18,40.48141644761068,6.695270375826238E-5,0.0,37.66464231128426,0.0,277.72573200224633,237.56951871657753,479.6475587264121,100.0,0.0,6.213903743315508,0.0,0.0,101.30000000000143,275.0,792.3392025316421,0.04635204697555545,100.0,1.0,5.9916605656856925
222,2031,7,11,4.90388125562359E18,40.65859714411033,1.368600722896166E-4,0.0,42.039727164739325,0.0,270.02056257548264,237.1149732620321,537.0415871688739,100.0,0.0,6.122994652406417,0.0,0.0,101.30000000000143,275.0,739.4519598632634,0.04486967726348543,100.0,1.0,6.017885107348949
236,2031,7,11,4.2692437014197545E18,40.83935161085671,6.033558828954691E-5,0.0,42.673167669693854,0.0,268.52149986941447,237.3288770053476,575.1735966445016,100.0,0.0,6.165775401069519,0.0,0.0,101.30000000000143,275.0,771.5983316164095,0.04442308589357528,100.0,1.0,6.044638603286442
235,2031,7,11,8.305991534382669E18,40.380533156315785,5.064090852519124E-5,1.0,46.81241642181711,1.0,266.973573431949,236.4933155080214,652.4173160843317,100.0,0.0,5.998663101604278,0.0,0.0,101.30000000000143,269.14999999999645,740.4771329709477,0.04466884506862927,100.0,1.0,5.976728814496334
233,2031,7,11,7.421366990471719E18,41.214519846581645,3.1012492380827115E-4,0.0,39.337215399859595,0.0,274.5565438245396,236.59358288770053,569.8307427214548,100.0,0.0,6.018716577540107,0.0,0.0,101.30000000000143,476.9236366636522,877.5109820293201,0.04500803500090104,100.0,1.0,6.100167310548953
228,2031,7,12,6.65317065901527E17,40.82262433655065,6.39169257642768E-5,0.0,42.43327915892927,0.0,344.19462764622097,237.9866310160428,568.4638954190013,100.0,0.0,5.997326203208556,0.0,0.0,101.30000000000143,275.0,770.1976467652829,0.0569654673693099,100.0,1.0,6.042162796888691
227,2031,7,12,2.7812977706100634E18,41.32352586645122,8.609797995787652E-5,0.0,39.7650632492444,0.0,260.3245477709254,237.97994652406416,532.8543155356379,100.0,0.0,5.995989304812834,0.0,0.0,101.30000000000143,275.0,806.0231219876816,0.042562413893750706,100.0,1.0,6.1163013080220985
226,2031,7,12,3.967985631945377E18,40.85716069264544,5.306723542235988E-5,0.0,40.401567365336035,0.0,200.57860786275666,238.8355614973262,549.9100622869763,100.0,0.0,6.1671122994652405,0.0,0.0,101.30000000000143,272.60999999999535,810.1150865024389,0.03316843098957987,100.0,1.0,6.047274528173191
224,2031,7,12,2.3275888066568E18,41.1807141203145,4.6163281305190694E-5,0.0,45.84294384183544,0.0,312.9397826776948,239.22326203208556,661.4101743472806,100.0,0.0,6.244652406417113,0.0,0.0,101.30000000000143,250.20975557405234,780.3935050529527,0.051342309584926346,100.0,1.0,6.09516371989567
221,2031,7,12,6.977615103056312E17,41.48508948288318,1.2689235835035642E-4,0.0,29.442238468559204,0.0,252.8342646524613,238.46791443850267,376.2262679859523,100.0,0.0,6.093582887700535,0.0,0.0,101.30000000000143,275.0,899.996663765571,0.04117678141067201,100.0,1.0,6.14021436330458
220,2031,7,12,8.709926167270339E18,40.885557769495996,3.1012492380827115E-4,0.0,47.06292542783142,0.0,93.19030180351015,238.4144385026738,661.1009436368544,100.0,0.0,6.0828877005347595,0.0,0.0,101.30000000000143,275.0,742.6052827589413,0.015399594646577709,100.0,1.0,6.051477583809005
239,2031,7,12,9.054830946953192E18,40.92216825027232,8.399916679530639E-5,0.0,52.1763222296341,0.0,206.95765487576494,239.71791443850267,819.2618636786785,100.0,0.0,6.343582887700535,0.0,0.0,101.30000000000143,275.0,750.0447389142274,0.03416892817699624,100.0,1.0,6.056896306601047
238,2031,7,12,2.857941005564493E18,41.439230391653766,3.98618153995207E-5,0.0,44.10558687978872,0.0,215.668221945878,238.9024064171123,602.013206958976,100.0,0.0,6.18048128342246,0.0,0.0,101.30000000000143,274.2600000000019,761.9866595684288,0.03516276148005571,100.0,1.0,6.13342675228181
237,2031,7,12,6.522181452910449E18,41.285126042525434,9.358024254926707E-5,0.0,42.754355716640355,0.0,189.49598449990523,238.74866310160428,580.0128061558536,100.0,0.0,6.149732620320855,0.0,0.0,101.30000000000143,272.20000000000283,775.6185132556565,0.031010937425644744,100.0,1.0,6.11061774428012
234,2031,7,12,8.619173836053503E18,41.93262992805012,3.1012492380827115E-4,0.0,40.57788609358492,0.0,203.29287135600728,237.8596256684492,582.0029192008659,100.0,0.0,5.971925133689839,0.0,0.0,101.30000000000143,480.83454950617767,851.159790873733,0.03275507111326048,100.0,1.0,6.206454892222985
229,2031,7,13,7.388801749022034E17,41.400039498170536,1.4357635361494033E-4,0.0,47.892432189314995,0.0,191.3305789872585,241.55213903743316,725.0530236964908,100.0,0.0,6.410427807486631,0.0,0.0,101.30000000000143,275.0,787.8948735922631,0.031224258105123928,100.0,1.0,6.127626102215091
225,2031,7,13,4.86643095885923E18,41.16979605159945,6.626600936074172E-5,0.0,34.76518200011262,0.0,175.34601024971798,240.0681818181818,401.272580528193,100.0,0.0,6.113636363636363,0.0,0.0,101.30000000000143,271.8999999999964,751.6077356360473,0.028775685016067438,100.0,1.0,6.093547734895287
232,2031,7,13,6.261277189363532E18,41.982881816720436,3.1012492380827115E-4,0.0,48.14421642144075,0.0,130.8567721224587,239.72727272727272,716.2388401145311,100.0,0.0,6.045454545454546,0.0,0.0,101.30000000000143,234.0922382685427,770.6813312280726,0.02105874349978551,100.0,1.0,6.2138926818587965
231,2031,7,13,4.2848121755587553E18,41.50310620227963,1.5920170626707958E-4,0.0,48.36686781119111,0.0,233.68359518953721,240.70989304812835,705.0843103655528,100.0,0.0,6.241978609625669,0.0,0.0,101.30000000000143,275.0,751.9305519736173,0.038041367625941645,100.0,1.0,6.1428810206650075
230,2031,7,14,2.2009420763865405E18,42.1210481347608,5.321292446950431E-5,0.0,43.3115101696636,0.0,275.0280037707457,243.0788770053476,564.9801094111965,100.0,0.0,6.415775401069519,0.0,0.0,101.30000000000143,275.0,738.3792864091018,0.04411499608356397,100.0,1.0,6.2343426994707025
221,2031,11,13,6.977615103056312E17,40.726572714020314,1.0989543721058511E-4,0.0,28.071794232923136,0.0,794.8605118788315,357.13770053475935,351.21817067130416,100.0,0.0,5.827540106951871,0.0,0.0,88.0,0.0,898.5266934528495,0.1321942520996465,100.0,1.0,6.012822034650001
222,2031,11,14,4.90388125562359E18,40.34876899518869,1.3566269632907756E-4,1.0,28.766533591050415,1.0,729.572523221606,365.4331550802139,363.93894024102553,100.0,0.0,5.9866310160427805,0.0,0.0,88.0,0.0,899.6491002197946,0.12247224938700906,100.0,1.0,5.9570435496467145
229,2031,11,15,7.388801749022034E17,41.82778028035905,1.1368215682121373E-4,1.0,41.6763645089341,1.0,862.907745067886,362.88235294117646,635.8646924098643,100.0,0.0,5.176470588235294,0.0,0.0,88.0,0.0,888.8796071783303,0.13973302574712507,100.0,1.0,6.17540299048194
224,2031,11,15,2.3275888066568E18,42.45891285987219,8.404469479898947E-5,1.0,38.89211926266228,1.0,796.990583010931,367.53208556149735,577.0698504816484,100.0,0.0,4.906417112299465,0.0,0.0,88.0,0.0,905.7558674469228,0.12714047631501924,100.0,1.0,6.268582642684198
223,2031,11,15,1.858714168763392E18,42.477312073553506,3.1012492380827115E-4,0.0,28.67345041510346,0.0,730.550661081228,370.90106951871655,382.06851660135686,100.0,0.0,5.580213903743315,0.0,0.0,88.0,0.0,949.2835048767492,0.11649112117240475,100.0,1.0,6.271299080382498
220,2031,11,15,8.709926167270339E18,41.66285623834687,1.035821388805181E-4,1.0,36.53878251324634,1.0,793.4058513549787,370.0053475935829,521.6552369770303,100.0,0.0,5.401069518716578,0.0,0.0,88.0,0.0,905.148779726143,0.12898697957076116,100.0,1.0,6.15105380399828
237,2031,11,15,6.522181452910449E18,41.45871125553951,9.229908446674739E-5,1.0,32.47433548768914,1.0,798.248580185318,365.97058823529414,441.29499076353,100.0,0.0,5.794117647058823,0.0,0.0,88.0,0.0,916.62055632427,0.13041329596845355,100.0,1.0,6.12091408515901
236,2031,11,15,4.2692437014197545E18,42.23063165586915,3.1012492380827115E-4,0.0,33.1793884995574,0.0,719.9097969143975,367.8863636363636,461.4643251182656,100.0,0.0,4.9772727272727275,0.0,0.0,88.0,0.0,927.6941031317898,0.11546490979907997,100.0,1.0,6.234879481282319
228,2031,11,16,6.65317065901527E17,42.298746655917846,1.0075533587013357E-4,1.0,32.241810574063585,1.0,795.559167926365,370.6029411764706,446.46356288716305,100.0,0.0,5.220588235294118,0.0,0.0,88.0,0.0,937.1230435378279,0.12739268760523506,100.0,1.0,6.244935897668214
226,2031,11,16,3.967985631945377E18,43.207388334558935,1.390694725597628E-4,1.0,36.99557699520295,1.0,787.2813794951122,367.5882352941176,531.0424248599836,100.0,0.0,4.617647058823529,0.0,0.0,88.0,0.0,903.6068937970592,0.12341600320988075,100.0,1.0,6.3790866582858365
239,2031,11,16,9.054830946953192E18,43.00925808392008,1.0889217830346599E-4,0.0,44.73729158998094,0.0,796.7696404831667,370.596256684492,736.4271279626089,100.0,0.0,5.219251336898396,0.0,0.0,88.0,0.0,908.7781725184894,0.1254787954494846,100.0,1.0,6.349834947243585
235,2031,11,16,8.305991534382669E18,43.46182049509689,9.279620700427018E-5,0.0,38.216699742225266,0.0,735.2866300864692,374.7847593582888,571.766771206668,100.0,0.0,4.856951871657754,0.0,0.0,88.0,0.0,923.6527869387367,0.11459040903195993,100.0,1.0,6.416650715343844
234,2031,11,16,8.619173836053503E18,43.43116647177013,8.835467914765561E-5,0.0,39.86802615995236,0.0,808.9916398508551,369.27941176470586,590.5677631020949,100.0,0.0,4.955882352941177,0.0,0.0,88.0,0.0,890.0872309231207,0.12616591860218057,100.0,1.0,6.412124992342212
230,2031,11,16,2.2009420763865405E18,43.17172882471978,1.1368215682121373E-4,0.0,33.85883956655123,0.0,947.98983026642,366.75267379679144,451.3844159516911,100.0,0.0,4.4505347593582885,0.0,0.0,88.0,0.0,881.134680591959,0.14873177200189283,100.0,1.0,6.373821931297608
227,2031,11,17,2.7812977706100634E18,43.36707081081737,1.081328186221308E-4,1.0,33.81225751662591,1.0,804.51706937343,376.2312834224599,474.1823662690992,100.0,0.0,4.846256684491979,0.0,0.0,88.0,0.0,927.3803171030152,0.12565352834356694,100.0,1.0,6.4026619863286856
225,2031,11,17,4.86643095885923E18,43.676633596849044,1.1554579873631559E-4,0.0,25.716385478905842,0.0,865.5498876925374,375.30213903743316,314.0578055057365,100.0,0.0,4.660427807486631,0.0,0.0,88.0,0.0,905.9529232929002,0.13422779660074963,100.0,1.0,6.448365462386675
238,2031,11,17,2.857941005564493E18,43.42448953026143,8.617453701463574E-6,0.0,36.043955326160294,0.0,805.9089946859311,369.93716577540107,514.1542900616803,100.0,0.0,4.787433155080214,0.0,0.0,88.0,0.0,911.6054669440747,0.12570449142321402,100.0,1.0,6.4111392167575545
233,2031,11,17,7.421366990471719E18,43.96295935303398,1.0973988811333018E-4,0.0,38.24005674028818,0.0,747.1487174519584,374.94117647058823,589.167713557085,100.0,0.0,4.588235294117647,0.0,0.0,88.0,0.0,950.818172613624,0.11511174841548931,100.0,1.0,6.490638251407386
232,2031,11,17,6.261277189363532E18,43.547766106415494,3.1012492380827115E-4,0.0,40.82201586776673,0.0,876.6721569298562,374.04545454545456,628.3215080355346,100.0,0.0,4.409090909090909,0.0,0.0,88.0,0.0,910.1528849580654,0.13635493044684918,100.0,1.0,6.429339621654392
231,2031,11,17,4.2848121755587553E18,43.498738838843735,7.753123095206779E-5,0.0,40.52529999432349,0.0,870.1006196628198,373.5307486631016,617.668658437323,100.0,0.0,4.30614973262032,0.0,0.0,88.0,0.0,905.5737750167323,0.13548534656925787,100.0,1.0,6.422101295050671
223,2032,3,1,1.858714168763392E18,48.33041103585336,0.003597449116175946,0.0,35.152634797885355,0.0,75.40000000000096,260.5922459893048,542.5438244936544,100.0,0.0,6.918449197860962,0.0,0.0,143.0,610.8808603705216,999.8617154043463,0.010593533900134408,100.0,1.0,7.117549319311122
222,2032,3,1,4.90388125562359E18,49.8953801733104,0.003597449116175946,0.0,36.34968791969098,0.0,40.59999999999947,257.2700534759358,551.4399844918564,100.0,0.0,6.254010695187166,0.0,0.0,143.0,616.9289557560705,964.6614439556253,0.005525297935803054,100.0,1.0,7.348020047374804
237,2032,3,1,6.522181452910449E18,48.92485846494334,0.003597449116175946,0.0,34.20088056824413,0.0,57.99999999999999,259.7098930481283,524.0534734347068,100.0,0.0,6.741978609625669,0.0,0.0,143.0,619.7738614962303,1007.0398461599945,0.008049861701264222,100.0,1.0,7.205092727355943
235,2032,3,1,8.305991534382669E18,49.53793978844215,0.003597449116175946,0.0,48.66965830530677,0.0,55.09999999999923,256.6483957219251,856.3492419120383,100.0,0.0,6.129679144385027,0.0,0.0,143.0,615.1989791871299,902.5750080136906,0.0075527248160645625,100.0,1.0,7.295380321920658
230,2032,3,1,2.2009420763865405E18,49.53378435619281,0.003597449116175946,0.0,41.57863937117181,0.0,60.90000000000083,258.96791443850265,639.7897855891971,100.0,0.0,6.593582887700535,0.0,0.0,143.0,605.4329066967442,898.1898593945053,0.008348448780793799,100.0,1.0,7.294768357458888
228,2032,3,2,6.65317065901527E17,49.63437877135497,0.004248711456173315,0.0,33.524176570385286,0.0,98.59999999999975,261.524064171123,523.8554806576316,100.0,0.0,6.804812834224599,0.0,0.0,143.0,607.9579462429389,1037.3606157967495,0.013489142043232738,100.0,1.0,7.3095827506290965
226,2032,3,2,3.967985631945377E18,49.5118296079835,0.004248711456173315,0.0,32.692657793877856,0.0,113.1000000000005,261.50401069518716,544.6128145069448,100.0,0.0,6.800802139037433,0.0,0.0,143.0,603.8388625996756,1119.9735275643943,0.01551113698795277,100.0,1.0,7.291535113631149
224,2032,3,2,2.3275888066568E18,50.381170421174275,0.004248711456173315,0.0,44.66725393281536,0.0,49.29999999999987,257.84090909090907,773.9021731317666,100.0,0.0,6.068181818181818,0.0,0.0,143.0,610.6421668858259,957.9991431742487,0.006644597375143893,100.0,1.0,7.419561670421339
221,2032,3,2,6.977615103056312E17,49.96509197232103,0.004248711456173315,0.0,12.819813821257789,0.0,87.00000000000001,258.7232620320856,197.17836906136614,100.0,0.0,6.244652406417113,0.0,0.0,143.0,620.5029615716162,1337.271165786559,0.011823404966858447,100.0,1.0,7.358286402594265
220,2032,3,2,8.709926167270339E18,50.023281668885964,0.004248711456173315,0.0,45.57596887694759,0.0,89.90000000000086,259.9197860962567,793.3060400962813,100.0,0.0,6.483957219251337,0.0,0.0,143.0,610.7929604803754,946.5276093926122,0.012203306409515618,100.0,1.0,7.366855914549574
239,2032,3,2,9.054830946953192E18,50.17696321250308,0.004248711456173315,0.0,49.3007927449305,0.0,87.00000000000001,258.629679144385,930.8331605531871,100.0,0.0,6.225935828877005,0.0,0.0,143.0,615.9763985696472,956.4868410742935,0.011773480871952733,100.0,1.0,7.389488371893054
234,2032,3,2,8.619173836053503E18,49.319626143746454,0.004248711456173315,0.0,37.891078683078916,0.0,92.80000000000129,262.94117647058823,649.6071088142434,100.0,0.0,7.088235294117647,0.0,0.0,143.0,616.6659488866022,1063.4496313409813,0.012776685476044727,100.0,1.0,7.263229589081921
231,2032,3,2,4.2848121755587553E18,48.90525630697273,0.004248711456173315,0.0,46.706140346634335,0.0,66.69999999999933,259.9572192513369,865.0089487911796,100.0,0.0,6.791443850267379,0.0,0.0,143.0,821.3061922012099,986.3824141221484,0.009261051474985293,100.0,1.0,7.2022059460699905
229,2032,3,3,7.388801749022034E17,50.29613431961166,0.004558952531638442,0.0,45.202671665489085,0.0,98.59999999999975,262.1216577540107,818.7090739867691,100.0,0.0,6.624331550802139,0.0,0.0,143.0,611.7565378913257,991.703199163504,0.013311662904744516,100.0,1.0,7.407038527459776
227,2032,3,3,2.7812977706100634E18,49.336081336574466,0.004868961303789856,0.0,31.842260946078788,0.0,98.59999999999975,261.677807486631,520.1387757886756,100.0,0.0,6.8355614973262036,0.0,0.0,143.0,614.4710858143682,1112.128174825906,0.013570700536730316,100.0,1.0,7.265652921389726
225,2032,3,3,4.86643095885923E18,49.129355457880436,0.004868961303789856,0.0,25.639158037612024,0.0,87.00000000000001,261.57754010695186,341.71728572247946,100.0,0.0,6.815508021390374,0.0,0.0,143.0,613.1077067281007,989.7060715462231,0.012024532198504996,100.0,1.0,7.235208701991474
238,2032,3,3,2.857941005564493E18,48.62134433262571,0.004868961303789856,0.0,33.20349737724984,0.0,101.50000000000001,264.0307486631016,519.2476613808968,100.0,0.0,7.30614973262032,0.0,0.0,143.0,619.815641114618,1043.122442370696,0.014175196349554374,100.0,1.0,7.16039464265981
236,2032,3,3,4.2692437014197545E18,50.725351976702996,0.004868961303789856,0.0,39.145341726856266,0.0,63.80000000000056,260.1363636363636,626.8016424894284,100.0,0.0,6.2272727272727275,0.0,0.0,143.0,613.2876636062273,973.6285936783854,0.008540545544866109,100.0,1.0,7.47024878736839
233,2032,3,3,7.421366990471719E18,49.76058321062559,0.004868961303789856,0.0,37.72309921860652,0.0,63.80000000000056,262.73395721925135,648.4641008764171,100.0,0.0,7.0467914438502675,0.0,0.0,143.0,614.8329622319268,1069.5080062753016,0.008706131457556714,100.0,1.0,7.328168694790804
232,2032,3,4,6.261277189363532E18,50.61592266105717,0.005489211151406399,0.0,44.49267950427258,0.0,89.90000000000086,263.04411764705884,821.8788706854656,100.0,0.0,6.8088235294117645,0.0,0.0,143.0,609.8819513350016,1024.2932776011198,0.012060422920722317,100.0,1.0,7.4541332912574685
224,2032,7,10,2.3275888066568E18,41.09402634532249,4.5207714840855843E-5,0.0,44.79352659552124,0.0,310.5040116105799,237.16844919786095,625.3160771151652,100.0,0.0,6.133689839572193,0.0,0.0,101.59999999999991,275.0,769.6987169415349,0.051436154257556016,100.0,1.0,6.036687930746039
221,2032,7,10,6.977615103056312E17,41.026642140153115,4.9907454748675756E-5,0.0,24.60490746621275,0.0,221.51863910757538,237.1885026737968,306.6515780499992,100.0,0.0,6.137700534759358,0.0,0.0,101.59999999999991,275.0,937.5682568776031,0.036755663854832414,100.0,1.0,6.026789231245281
239,2032,7,10,9.054830946953192E18,40.8285778221326,7.373393338285093E-5,0.0,50.39264651607168,0.0,311.0294992905768,237.1216577540107,772.4130777680467,100.0,0.0,6.124331550802139,0.0,0.0,101.59999999999991,275.0,759.4341511917132,0.0518581832927235,100.0,1.0,5.997693701202582
238,2032,7,10,2.857941005564493E18,40.75780473629398,5.51235200512391E-5,1.0,32.91360120083414,1.0,257.4487187545458,236.89438502673798,430.46843309980386,100.0,0.0,6.078877005347594,0.0,0.0,101.59999999999991,477.9416506100137,875.9363921499838,0.04299915490028696,100.0,1.0,5.987297177155165
232,2032,7,10,6.261277189363532E18,40.66954748039874,5.365483110869742E-5,0.0,45.86823954364691,0.0,338.08592589830874,237.5360962566845,672.3562500441072,100.0,0.0,6.207219251336898,0.0,0.0,101.59999999999991,273.47000000000105,792.515506294949,0.05658974298301769,100.0,1.0,5.974332238967169
230,2032,7,10,2.2009420763865405E18,40.852158363908536,8.59071811103244E-5,0.0,41.14678451144352,0.0,121.25109757339749,236.4398395721925,515.7817532180777,100.0,0.0,5.987967914438503,0.0,0.0,101.59999999999991,275.0,736.8093243395996,0.020204617886584512,100.0,1.0,6.001157668708299
229,2032,7,11,7.388801749022034E17,41.32584454970564,1.3041418158463882E-4,0.0,47.30073058699056,0.0,209.3773648390956,237.9866310160428,695.295469178487,100.0,0.0,5.997326203208556,0.0,0.0,101.59999999999991,275.0,773.6641051501009,0.0344895844284457,100.0,1.0,6.070741886539205
227,2032,7,11,2.7812977706100634E18,41.440113024675924,4.5673773756740966E-5,0.0,39.014533608172556,0.0,283.3271083383957,238.85561497326202,534.0072058483776,100.0,0.0,6.171122994652406,0.0,0.0,101.59999999999991,275.0,833.5877838773051,0.046542227810871056,100.0,1.0,6.087527857276696
226,2032,7,11,3.967985631945377E18,41.14336213521846,8.648213156951233E-5,1.0,39.79289653927563,1.0,215.02449409735425,237.75267379679144,549.5606316805544,100.0,0.0,5.9505347593582885,0.0,0.0,101.59999999999991,275.0,830.2108490752014,0.03557690186921755,100.0,1.0,6.043935328820786
225,2032,7,11,4.86643095885923E18,41.57709084079606,1.100514278950572E-4,0.0,30.353150411675003,0.0,215.52548945679078,238.3409090909091,338.17969099959146,100.0,0.0,6.068181818181818,0.0,0.0,101.59999999999991,275.0,774.5109416112886,0.0352877941476946,100.0,1.0,6.107649816668164
223,2032,7,11,1.858714168763392E18,41.007144399135505,6.17041233203882E-5,1.0,39.56225835372994,1.0,141.59143962880518,237.49866310160428,516.8984847701396,100.0,0.0,5.899732620320855,0.0,0.0,101.59999999999991,275.0,788.5136610746748,0.023504847594792756,100.0,1.0,6.0239250247329075
222,2032,7,11,4.90388125562359E18,41.025092522395184,4.952490000132085E-5,0.0,38.64275904675412,0.0,256.50657278388064,237.90641711229947,480.9200688913179,100.0,0.0,5.981283422459893,0.0,0.0,101.59999999999991,275.0,762.5276328506638,0.04256267339374987,100.0,1.0,6.026561593321988
220,2032,7,11,8.709926167270339E18,41.149280924146524,1.280449726706321E-4,0.0,46.09379866123243,0.0,249.738141726767,238.49465240641712,651.8642738344929,100.0,0.0,6.098930481283422,0.0,0.0,101.59999999999991,275.0,761.4639302850594,0.04131450893462164,100.0,1.0,6.0448047953799104
237,2032,7,11,6.522181452910449E18,41.14221598033742,3.5605616969950764E-5,0.0,38.89408736020972,0.0,199.73682628839677,238.50802139037432,499.97221343910303,100.0,0.0,6.101604278074866,0.0,0.0,101.59999999999991,275.0,784.3375889204586,0.03304839972019249,100.0,1.0,6.043766959353196
236,2032,7,11,4.2692437014197545E18,41.9329210029475,1.04489529584997E-4,0.0,36.14781821448403,0.0,256.2702180819448,238.548128342246,477.44745566167427,100.0,0.0,6.109625668449198,0.0,0.0,101.59999999999991,478.26852435315556,842.2574416510208,0.04160284130164054,100.0,1.0,6.1599210550035
234,2032,7,11,8.619173836053503E18,41.93206606705318,4.939868171523913E-5,0.0,45.95789916841844,0.0,189.34392242460723,236.4157754010695,668.1045544821303,100.0,0.0,5.683155080213904,0.0,0.0,101.59999999999991,275.0,784.7035952005342,0.030738670380730627,100.0,1.0,6.159795465431148
233,2032,7,11,7.421366990471719E18,41.06653435797652,7.527303975928912E-5,0.0,42.12809302807036,0.0,218.64282076725448,237.87967914438502,596.2671214909649,100.0,0.0,5.975935828877005,0.0,0.0,101.59999999999991,275.0,817.9911726046025,0.03624325022129418,100.0,1.0,6.0326493742218
231,2032,7,11,4.2848121755587553E18,41.531595533620155,4.747778992778188E-5,0.0,52.649016174680845,0.0,106.34991041779902,237.96657754010695,817.8745195448114,100.0,0.0,5.99331550802139,0.0,0.0,101.59999999999991,215.34879918474107,734.7503502434308,0.017431649389860252,100.0,1.0,6.100966583211643
228,2032,7,12,6.65317065901527E17,41.264501790031446,5.380376887721568E-5,0.0,37.11615487277439,0.0,198.92542872554935,240.77673796791444,480.9934889740237,100.0,0.0,6.255347593582887,0.0,0.0,101.59999999999991,273.3500000000036,813.7003150369252,0.032816606262602556,100.0,1.0,6.061730671774021
235,2032,7,12,8.305991534382669E18,41.799001524761685,1.9096362303464972E-4,0.0,48.37120776176447,0.0,258.7677939664227,239.4866310160428,709.3678884362602,100.0,0.0,5.997326203208556,0.0,0.0,101.59999999999991,275.0,756.2485644513057,0.04214288716711066,100.0,1.0,6.1402483636282845
230,2032,11,12,2.2009420763865405E18,41.37544874815235,8.552810915837591E-5,0.0,29.446453074743197,0.0,729.7024730932288,357.11096256684493,373.07909952984,100.0,0.0,5.822192513368984,0.0,0.0,88.0,0.0,892.3784391581617,0.12035732241611365,100.0,1.0,6.062800820463709
226,2032,11,13,3.967985631945377E18,41.674240715566945,1.1756062312671388E-4,1.0,34.87405301747087,1.0,779.7945716158433,363.24732620320856,486.56774030183107,100.0,0.0,5.5494652406417115,0.0,0.0,88.0,0.0,907.5056415789135,0.12769736271038581,100.0,1.0,6.106583214129461
225,2032,11,13,4.86643095885923E18,42.50283498087915,1.2277312898189674E-4,0.0,20.96233257927779,0.0,796.6315609691294,368.61229946524065,238.22470434505152,100.0,0.0,5.422459893048129,0.0,0.0,88.0,0.0,896.3909876800303,0.1279113332666406,100.0,1.0,6.227998259610759
237,2032,11,13,6.522181452910449E18,41.9876393323464,6.308480956230088E-5,0.0,30.292146570753438,0.0,791.3894870973238,358.524064171123,396.39983465131775,100.0,0.0,5.804812834224599,0.0,0.0,88.0,0.0,911.0171688449215,0.1286288050453076,100.0,1.0,6.152505940007517
234,2032,11,13,8.619173836053503E18,41.12723340086682,3.1012492380827115E-4,1.0,37.63096032339423,1.0,800.9084277069903,359.5401069518717,535.3316841431222,100.0,0.0,6.008021390374331,0.0,0.0,88.0,0.0,886.0216582650231,0.13289932775790983,100.0,1.0,6.02642948778439
232,2032,11,13,6.261277189363532E18,41.233007448815265,3.1012492380827115E-4,1.0,38.916762602129964,1.0,724.8332587728494,364.2098930481283,576.8989486154725,100.0,0.0,5.741978609625669,0.0,0.0,88.0,0.0,904.5470702563151,0.11996719829104406,100.0,1.0,6.041928702997481
231,2032,11,13,4.2848121755587553E18,41.34279778501259,3.1012492380827115E-4,1.0,40.46584822318857,1.0,796.0761386581307,364.8783422459893,624.3048350774517,100.0,0.0,5.875668449197861,0.0,0.0,88.0,0.0,917.3897215356645,0.13140871237391683,100.0,1.0,6.058016430394177
229,2032,11,14,7.388801749022034E17,41.72051879048743,6.298231596431176E-5,1.0,39.16920085824152,1.0,796.5098651653259,366.4050802139037,579.8582820147692,100.0,0.0,5.8810160427807485,0.0,0.0,88.0,0.0,899.4148183123644,0.13028993735718947,100.0,1.0,6.113364403435828
228,2032,11,14,6.65317065901527E17,42.264740462110694,8.4318902612363E-5,1.0,29.22643369180338,2.0,858.5474474922576,362.95588235294116,386.92183660130854,100.0,0.0,5.1911764705882355,0.0,0.0,88.0,0.0,935.8325892270288,0.1386294535408768,100.0,1.0,6.1931099457093595
227,2032,11,14,2.7812977706100634E18,42.236848306501216,9.004788728463155E-5,1.0,33.13523367373517,1.0,797.8760275766699,365.58957219251334,461.06387995031383,100.0,0.0,5.717914438502674,0.0,0.0,88.0,0.0,929.3324955577336,0.12891793168521634,100.0,1.0,6.189022870184368
223,2032,11,14,1.858714168763392E18,42.078816668613364,7.24252507725995E-5,1.0,27.471979790383724,1.0,792.6655001644946,372.4318181818182,367.47397254512646,100.0,0.0,5.886363636363637,0.0,0.0,88.0,0.0,968.6974933119201,0.12855703712545505,100.0,1.0,6.1658662791905785
222,2032,11,14,4.90388125562359E18,42.8823794677695,1.39319372779996E-4,0.0,30.248909419092318,0.0,792.8931826953695,365.1216577540107,392.5307196917475,100.0,0.0,5.624331550802139,0.0,0.0,88.0,0.0,903.9539435795955,0.12618427144590585,100.0,1.0,6.283613429866149
221,2032,11,14,6.977615103056312E17,41.3642032887974,1.2596463192862353E-4,1.0,26.997368451379916,1.0,737.3581480324669,365.0748663101604,338.2024761144799,100.0,0.0,5.614973262032086,0.0,0.0,88.0,0.0,913.1116989333271,0.12165311567938215,100.0,1.0,6.061153007998421
239,2032,11,14,9.054830946953192E18,41.731038776403025,2.138792577988077E-4,1.0,41.78873182177981,1.0,735.2437118366533,364.86096256684493,652.9903981002439,100.0,0.0,5.572192513368984,0.0,0.0,88.0,0.0,908.7935378953703,0.1202379435600298,100.0,1.0,6.114905911290614
238,2032,11,14,2.857941005564493E18,42.2025628847317,1.1099675154197245E-4,1.0,30.781687122490343,2.0,734.4750118315563,365.0748663101604,415.67774773000593,100.0,0.0,5.614973262032086,0.0,0.0,88.0,0.0,933.6466416636617,0.11877023494468798,100.0,1.0,6.183998980667217
236,2032,11,14,4.2692437014197545E18,42.157533631361,3.1012492380827115E-4,1.0,29.21434098604599,1.0,803.8122038852327,365.98395721925135,387.0379816700337,100.0,0.0,5.7967914438502675,0.0,0.0,88.0,0.0,936.4117822211958,0.13012142681637504,100.0,1.0,6.177400782882266
235,2032,11,14,8.305991534382669E18,42.733283554788194,1.3196805268437067E-4,0.0,37.60250093083445,0.0,865.8002424361067,366.05080213903744,562.3827852591922,100.0,0.0,5.810160427807487,0.0,0.0,88.0,0.0,932.2387719612723,0.13826773699219894,100.0,1.0,6.2617662028051795
233,2032,11,14,7.421366990471719E18,42.55068127618809,1.0555647508790709E-4,0.0,34.813766008972344,0.0,793.3809093157089,368.6951871657754,509.2167996780278,100.0,0.0,5.13903743315508,0.0,0.0,88.0,0.0,952.4815334764979,0.12724614807663212,100.0,1.0,6.235009242385136
224,2032,11,15,2.3275888066568E18,43.26360778653354,9.052099352255431E-5,0.0,37.38582712101259,0.0,740.9568969108294,371.08422459893046,548.025388521192,100.0,0.0,5.316844919786096,0.0,0.0,88.0,0.0,916.9603750894306,0.11687984538753629,100.0,1.0,6.3394753342978225
220,2032,11,15,8.709926167270339E18,42.42528111822989,1.3219306215186329E-4,1.0,36.49420900952315,2.0,797.2782842855203,376.7366310160428,530.7506440483929,100.0,0.0,5.247326203208556,0.0,0.0,88.0,0.0,922.7527738409179,0.1282491876406764,100.0,1.0,6.216634186559557
229,2033,2,28,7.388801749022034E17,48.66223977106352,0.0030392242533210574,0.0,39.526344351769545,0.0,75.40000000000096,258.7513368983957,698.6038148177921,100.0,0.0,6.850267379679145,0.0,0.0,143.0,622.0739160479894,1067.881826911792,0.010600774568442894,100.0,1.0,7.112687805328565
228,2033,2,28,6.65317065901527E17,47.402260140846266,0.0030392242533210574,0.0,27.86985340430786,0.0,55.09999999999923,259.27941176470586,414.4685818796003,100.0,0.0,6.955882352941177,0.0,0.0,143.0,611.0195443163392,1071.0854707823603,0.007952632194557037,100.0,1.0,6.92852361985393
226,2033,2,28,3.967985631945377E18,48.21193942405739,0.012514305735535643,0.0,12.443856742876415,0.0,46.400000000000645,259.05213903743316,201.11795378484325,100.0,0.0,6.910427807486631,0.0,0.0,143.0,809.571562328014,1411.5637498698316,0.006584483683706993,100.0,1.0,7.046869918565573
224,2033,2,28,2.3275888066568E18,47.51894595122067,0.0030392242533210574,0.0,36.01409754804162,0.0,95.69999999999867,258.8917112299465,571.9214232192094,100.0,0.0,6.878342245989304,0.0,0.0,143.0,609.7128150676684,1015.0960667310873,0.013778549048590884,100.0,1.0,6.945578933057962
230,2033,2,28,2.2009420763865405E18,48.862650489717474,0.0030392242533210574,0.0,36.31160336172855,0.0,63.80000000000056,255.62299465240642,512.8732702442494,100.0,0.0,6.224598930481283,0.0,0.0,143.0,609.3052879465395,898.7234225279196,0.008933096082784513,100.0,1.0,7.141980720766368
223,2033,3,1,1.858714168763392E18,49.68439637692055,0.002770635580569388,0.0,36.43969615631534,0.0,75.40000000000096,259.903743315508,575.6375323995392,100.0,0.0,6.780748663101604,0.0,0.0,143.0,608.3642528739252,1003.2430431894865,0.010382684935832023,100.0,1.0,7.262090727590659
238,2033,3,1,2.857941005564493E18,48.908202147590764,0.003690486593318426,0.0,30.927580705312536,0.0,118.89999999999924,259.7967914438503,468.0767291556213,100.0,0.0,6.759358288770054,0.0,0.0,143.0,606.0555864375817,1044.1911131574907,0.016632537203477925,100.0,1.0,7.148638752188501
236,2033,3,1,4.2692437014197545E18,49.362317833138746,0.013219693760726911,0.0,30.137863474557058,0.0,49.29999999999987,259.6631016042781,450.19708988695834,100.0,0.0,6.732620320855615,0.0,0.0,143.0,816.5674137520933,1042.4267256874857,0.006832973284780258,100.0,1.0,7.215014305677226
235,2033,3,1,8.305991534382669E18,49.61552187897001,0.003690486593318426,0.0,46.66095102454102,0.0,75.40000000000096,259.85026737967917,850.8354500226382,100.0,0.0,6.770053475935829,0.0,0.0,143.0,607.4886029526958,971.9543528975454,0.010397097808764796,100.0,1.0,7.252023726894101
234,2033,3,1,8.619173836053503E18,49.54378979202363,0.0019321919336745686,0.0,42.327622394564884,0.0,78.30000000000099,259.1617647058824,737.7910615592971,100.0,0.0,6.632352941176471,0.0,0.0,143.0,613.385518645506,1004.3740404775963,0.010812618626641748,100.0,1.0,7.241539048373882
231,2033,3,1,4.2848121755587553E18,49.68495504833278,0.003690486593318426,0.0,52.807698221538445,0.0,46.400000000000645,259.52941176470586,1089.2059923026043,100.0,0.0,6.705882352941177,0.0,0.0,143.0,610.9870787155971,972.7566047623544,0.006389272732334463,100.0,1.0,7.26217238547076
227,2033,3,2,2.7812977706100634E18,50.17320250936459,0.004341748933315796,1.0,34.05250292838736,1.0,107.3000000000015,261.3435828877005,552.2331489166934,100.0,0.0,6.768716577540107,0.0,0.0,143.0,618.5116749080511,1068.6187954606478,0.014631412246679416,100.0,1.0,7.333536789953624
225,2033,3,2,4.86643095885923E18,51.112704716577674,0.004341748933315796,0.0,23.05297769070138,0.0,69.59999999999908,260.32754010695186,312.7244957927065,100.0,0.0,6.565508021390374,0.0,0.0,143.0,612.8445397853927,1042.4537586555277,0.009316198299165938,100.0,1.0,7.470858580396496
222,2033,3,2,4.90388125562359E18,49.47571755690352,0.004341748933315796,0.0,34.1572192552908,0.0,101.50000000000001,261.42379679144386,513.2664570279154,100.0,0.0,6.78475935828877,0.0,0.0,143.0,610.674443410186,988.3960509214678,0.01403564218729642,100.0,1.0,7.231589309954559
221,2033,3,2,6.977615103056312E17,50.41343128279468,0.004341748933315796,0.0,10.747071036440909,0.0,98.59999999999975,260.92245989304814,173.7630121936262,100.0,0.0,6.684491978609626,0.0,0.0,143.0,603.8320925946473,1438.9058862661504,0.013381013370688035,100.0,1.0,7.36864968807141
220,2033,3,2,8.709926167270339E18,49.987046133127606,0.0027238073609258434,0.0,42.336107773330106,0.0,66.69999999999933,261.41711229946526,743.1805234781143,100.0,0.0,6.783422459893048,0.0,0.0,143.0,611.2024947989227,1011.3774199277349,0.009129073580381673,100.0,1.0,7.306327352135408
239,2033,3,2,9.054830946953192E18,49.604260690884175,0.0027725088973919506,0.0,50.6157294142845,0.0,66.69999999999933,260.5882352941176,997.8696484128234,100.0,0.0,6.617647058823529,0.0,0.0,143.0,608.1888357018311,972.967614068626,0.009199520683494748,100.0,1.0,7.250377741926125
237,2033,3,2,6.522181452910449E18,50.015568273840785,0.004341748933315796,0.0,35.95731617414406,0.0,81.19999999999894,261.51069518716577,570.1558049719331,100.0,0.0,6.802139037433155,0.0,0.0,143.0,608.3067877778701,1014.4613102738222,0.011107317062341599,100.0,1.0,7.310496274145314
232,2033,3,2,6.261277189363532E18,49.12145139400254,0.004341748933315796,0.0,39.48311389124678,0.0,98.59999999999975,262.6403743315508,707.9661413231307,100.0,0.0,7.028074866310161,0.0,0.0,143.0,619.4053499217689,1084.223984133546,0.013732957372259196,100.0,1.0,7.1798082035245665
233,2033,3,3,7.421366990471719E18,50.898314400697245,0.0033465223011482333,0.0,37.21448886303507,0.0,69.59999999999908,261.95454545454544,653.692343760501,100.0,0.0,6.590909090909091,0.0,0.0,143.0,605.8843831131651,1101.7411199859207,0.009355439337296174,100.0,1.0,7.439522345309148
229,2033,7,10,7.388801749022034E17,39.97307287050813,4.646762418463757E-5,1.0,43.941113080460596,1.0,266.7862695664098,234.9866310160428,630.0728016302162,100.0,0.0,5.997326203208556,0.0,0.0,101.90000000000008,267.6199999999973,802.8814587819852,0.04577651284109298,100.0,1.0,5.828016443553106
225,2033,7,10,4.86643095885923E18,40.14166330185574,6.3213396618074E-5,1.0,23.97518082820075,1.0,231.67087942670256,234.9264705882353,252.42952261080003,100.0,0.0,5.985294117647059,0.0,0.0,101.90000000000008,275.0,798.5873796991318,0.0395842891407685,100.0,1.0,5.852596685590115
223,2033,7,10,1.858714168763392E18,39.696399883120584,1.0121570620374388E-4,1.0,35.58209558687998,1.0,263.0007910566853,235.2139037433155,443.77129664172213,100.0,0.0,6.042780748663102,0.0,0.0,101.90000000000008,275.0,801.967990209485,0.04544150429024717,100.0,1.0,5.787677920537757
239,2033,7,10,9.054830946953192E18,40.89773194103819,5.168748730137852E-5,0.0,47.026643938876155,0.0,274.7228864618437,235.18048128342247,755.0528278464111,100.0,0.0,6.036096256684492,0.0,0.0,101.90000000000008,475.03425042670864,849.5877965201483,0.04607256417594874,100.0,1.0,5.962830404070657
237,2033,7,10,6.522181452910449E18,40.73927492578102,7.887205590240873E-5,0.0,39.24388921995227,0.0,244.24823658140744,234.55213903743316,505.6944884927267,100.0,0.0,5.910427807486631,0.0,0.0,101.90000000000008,273.79000000000116,781.7959445927829,0.04112111750745336,100.0,1.0,5.939727599502532
233,2033,7,10,7.421366990471719E18,40.46514598249958,6.520709079231941E-5,0.0,39.73378691048922,0.0,326.256682241953,234.9866310160428,553.5537937702459,100.0,0.0,5.997326203208556,0.0,0.0,101.90000000000008,275.0,838.5565651516055,0.055299992296075365,100.0,1.0,5.899759994453152
228,2033,7,11,6.65317065901527E17,40.97686073789644,6.148392621099746E-5,0.0,35.89388547067448,0.0,291.48849381468295,236.41310160427807,460.24563548268003,100.0,0.0,5.982620320855615,0.0,0.0,101.90000000000008,275.0,820.7264727206556,0.048789851829726685,100.0,1.0,5.974367268668047
227,2033,7,11,2.7812977706100634E18,40.59562737610083,8.30988541822806E-5,1.0,36.602329614511646,1.0,239.56650416749017,236.53342245989305,474.4828460129115,100.0,0.0,6.00668449197861,0.0,0.0,101.90000000000008,275.0,820.6000166074313,0.040475628849302926,100.0,1.0,5.918783993682559
226,2033,7,11,3.967985631945377E18,41.59571915649542,4.371651026335933E-5,1.0,36.37084067732117,1.0,164.39049336968898,236.26604278074868,505.2304157026775,100.0,0.0,5.9532085561497325,0.0,0.0,101.90000000000008,275.0,882.6571168998695,0.027106586348279338,100.0,1.0,6.064595934638008
222,2033,7,11,4.90388125562359E18,41.280955486539135,7.472889730319783E-5,0.0,38.906596816478086,0.0,151.2334634547176,236.4866310160428,486.58823507708627,100.0,0.0,5.997326203208556,0.0,0.0,101.90000000000008,275.0,763.2147505551677,0.025127247884279835,100.0,1.0,6.018703844973512
221,2033,7,11,6.977615103056312E17,41.41115148495163,7.960085313353979E-5,0.0,26.14224785761216,0.0,220.36987792157103,236.24598930481284,346.0074347852873,100.0,0.0,5.949197860962567,0.0,0.0,101.90000000000008,275.0,975.3729022370386,0.036499060961592646,100.0,1.0,6.037686233995515
238,2033,7,11,2.857941005564493E18,41.24984466698991,8.487272134873322E-5,0.0,35.82915336197545,0.0,209.5324415286894,233.9264705882353,451.6464201190794,100.0,0.0,5.485294117647059,0.0,0.0,101.90000000000008,275.0,807.9056074478347,0.03483980558697517,100.0,1.0,6.01416793229819
236,2033,7,11,4.2692437014197545E18,40.860288938796,7.010057048107396E-5,0.0,36.983387901431975,0.0,64.45349571838477,236.47994652406416,456.1924186907413,100.0,0.0,5.995989304812834,0.0,0.0,101.90000000000008,275.0,776.2534028313146,0.010819116824490252,100.0,1.0,5.957371268280166
235,2033,7,11,8.305991534382669E18,40.530958390392364,3.7069677720328845E-5,1.0,48.581797881544894,2.0,162.80095171705224,235.06951871657753,721.9459420019598,100.0,0.0,5.713903743315508,0.0,0.0,101.90000000000008,275.0,763.3653417346516,0.027549697405195517,100.0,1.0,5.9093553487215456
234,2033,7,11,8.619173836053503E18,40.98510921033714,4.589004495535236E-5,0.0,44.77164012711623,0.0,207.73098912817656,237.048128342246,637.6765695209865,100.0,0.0,6.109625668449198,0.0,0.0,101.90000000000008,275.0,785.5464435417051,0.034763377076724666,100.0,1.0,5.975569884068023
224,2033,7,12,2.3275888066568E18,41.69413663847174,1.5367934777416804E-4,0.0,43.066994438693555,0.0,247.1639740698123,239.72459893048128,598.6208529005746,100.0,0.0,6.3449197860962565,0.0,0.0,101.90000000000008,275.0,790.3766988386336,0.04065902414966893,100.0,1.0,6.0789450617403675
220,2033,7,12,8.709926167270339E18,41.53331169891958,2.1870587010456365E-4,0.0,46.64036461577727,0.0,152.51991249178448,237.82620320855614,678.6550696295094,100.0,0.0,5.96524064171123,0.0,0.0,101.90000000000008,275.0,775.5256535665684,0.025187018019832058,100.0,1.0,6.055497017220995
232,2033,7,12,6.261277189363532E18,41.576747859663186,4.5181370018687504E-5,0.0,39.41787771462025,0.0,211.65276068425263,238.32085561497325,596.9395620280335,100.0,0.0,6.064171122994653,0.0,0.0,101.90000000000008,477.96508530242244,916.1860626476954,0.03491565460243795,100.0,1.0,6.061829946887897
230,2033,7,12,2.2009420763865405E18,41.379423196777175,5.7324385177129594E-5,0.0,36.63149455733199,0.0,235.12508039818744,238.49465240641712,432.80302178490246,100.0,0.0,6.098930481283422,0.0,0.0,101.90000000000008,271.73999999999813,747.693791375375,0.03897277151066755,100.0,1.0,6.033060295284091
231,2033,7,13,4.2848121755587553E18,41.84484250768015,7.451343676315979E-5,0.0,54.05072347594551,0.0,278.31318640234025,241.06417112299465,927.4182310781473,100.0,0.0,6.31283422459893,0.0,0.0,101.90000000000008,275.0,787.5046496142552,0.04561824914437166,100.0,1.0,6.100917760380075
226,2033,11,13,3.967985631945377E18,40.423673415744034,9.110602932087871E-5,1.0,33.117495700329954,1.0,735.6476276132565,357.89973262032083,446.0344392700044,100.0,0.0,5.979946524064171,0.0,0.0,88.0,0.0,899.3720015842811,0.12513210209996936,100.0,1.0,5.878968028728071
238,2033,11,13,2.857941005564493E18,41.472641058796206,1.253536474568598E-4,0.0,25.88102139500954,0.0,731.9794224468754,357.53208556149735,327.36983080440467,100.0,0.0,5.906417112299465,0.0,0.0,88.0,0.0,935.8169597463569,0.1213589631863081,100.0,1.0,6.03152336859663
224,2033,11,14,2.3275888066568E18,41.82910672915218,1.8307256423156503E-4,1.0,35.22492946622009,1.0,795.7897804843197,358.8983957219251,489.9719037283029,100.0,0.0,5.879679144385027,0.0,0.0,88.0,0.0,900.0356930846241,0.1308140662603829,100.0,1.0,6.083365522025097
223,2033,11,14,1.858714168763392E18,42.42847888450436,6.434127049964131E-5,0.0,28.736785692439373,0.0,670.397887172989,362.4986631016043,382.10436912733144,100.0,0.0,5.399732620320855,0.0,0.0,88.0,0.0,946.0409312558113,0.10864502721367716,100.0,1.0,6.170534486171068
236,2033,11,14,4.2692437014197545E18,42.253259713407274,1.2267599834187942E-4,1.0,25.991075539532865,1.0,730.7368031101319,363.4879679144385,330.7709052846151,100.0,0.0,5.597593582887701,0.0,0.0,88.0,0.0,940.5017663747948,0.11891467135134437,100.0,1.0,6.145051698045758
234,2033,11,14,8.619173836053503E18,41.99424574493014,3.1012492380827115E-4,1.0,38.039079572703784,1.0,732.0504134333472,363.32085561497325,553.6662683887139,100.0,0.0,5.564171122994653,0.0,0.0,88.0,0.0,900.9509863432094,0.11986320418165246,100.0,1.0,6.107382314959028
229,2033,11,15,7.388801749022034E17,41.776728660109015,1.5806571040176916E-4,1.0,39.33208945050592,2.0,676.0698474391596,364.5467914438503,587.9670834329162,100.0,0.0,5.509358288770054,0.0,0.0,88.0,0.0,905.8977741552238,0.11127351719668724,100.0,1.0,6.075747980933662
228,2033,11,15,6.65317065901527E17,42.16650767921719,1.0296312211429982E-4,1.0,27.45899095566522,1.0,731.9715404989821,365.6564171122995,361.4484530299539,100.0,0.0,5.731283422459893,0.0,0.0,88.0,0.0,953.415174181973,0.11936066798932114,100.0,1.0,6.132435020927241
227,2033,11,15,2.7812977706100634E18,42.84256299947922,9.619259423333472E-5,0.0,30.26282072309322,0.0,730.7744671783357,371.5427807486631,412.8688973052911,100.0,0.0,5.708556149732621,0.0,0.0,88.0,0.0,950.476297374677,0.11728503427368117,100.0,1.0,6.230756308371749
225,2033,11,15,4.86643095885923E18,43.01757937662152,3.1012492380827115E-4,1.0,20.276267802424517,1.0,677.6881390328479,365.9077540106952,228.09956611493948,100.0,0.0,4.581550802139038,0.0,0.0,88.0,0.0,895.3986673718152,0.10832247990287262,100.0,1.0,6.256209603403625
222,2033,11,15,4.90388125562359E18,42.82988205212027,1.0108374309265679E-4,0.0,30.22420779428415,0.0,738.121204760829,365.9572192513369,391.2968984799254,100.0,0.0,5.791443850267379,0.0,0.0,88.0,0.0,902.1564933163395,0.11849921727095114,100.0,1.0,6.228912070137122
221,2033,11,15,6.977615103056312E17,41.57580841515334,1.0716134202082621E-4,1.0,30.319356799842957,2.0,739.4980824301883,365.8636363636364,401.57502141292713,100.0,0.0,5.7727272727272725,0.0,0.0,88.0,0.0,921.7402501043204,0.12230128716021794,100.0,1.0,6.046527388231214
220,2033,11,15,8.709926167270339E18,42.71414913660619,1.4559855577853104E-4,1.0,39.01744252881977,1.0,796.7681037697105,364.73395721925135,582.4946831378571,100.0,0.0,5.5467914438502675,0.0,0.0,88.0,0.0,909.2883735592587,0.12826106998500836,100.0,1.0,6.212080593611449
239,2033,11,15,9.054830946953192E18,43.15742427570762,8.59071811103244E-5,0.0,45.51803849949621,0.0,684.9663844410525,369.9385026737968,769.1315892886621,100.0,0.0,5.387700534759358,0.0,0.0,88.0,0.0,919.9326405123588,0.1091310715329778,100.0,1.0,6.276547777083502
237,2033,11,15,6.522181452910449E18,42.81653358475972,9.524721247182777E-5,0.0,30.810847052544254,0.0,683.4426663875878,364.9211229946524,416.2182147857939,100.0,0.0,5.584224598930481,0.0,0.0,88.0,0.0,933.5348060254448,0.10975523952393615,100.0,1.0,6.2269707519388
235,2033,11,15,8.305991534382669E18,42.29967774514057,1.5459866590641623E-4,1.0,39.548611587645,1.0,730.1118204609724,365.22860962566847,611.8408231528426,100.0,0.0,5.64572192513369,0.0,0.0,88.0,0.0,934.4093264153979,0.11868258556644781,100.0,1.0,6.151802448322955
232,2033,11,15,6.261277189363532E18,41.82491383052618,7.741510828963333E-5,1.0,40.49067663061367,2.0,797.2903056153879,365.5494652406417,615.1321574210579,100.0,0.0,5.709893048128342,0.0,0.0,88.0,0.0,903.2168640323918,0.1310738653049568,100.0,1.0,6.082755732887026
231,2033,11,15,4.2848121755587553E18,42.50546090884179,3.1012492380827115E-4,1.0,46.708563581558685,2.0,863.8621185530662,369.42379679144386,811.965748289756,100.0,0.0,5.28475935828877,0.0,0.0,88.0,0.0,925.6729324889855,0.13974438875541326,100.0,1.0,6.181730273728811
230,2033,11,15,2.2009420763865405E18,42.52412145002601,1.5083897072386724E-4,0.0,24.193966731762778,0.0,794.9333305253391,366.06417112299465,293.1415286374284,100.0,0.0,5.81283422459893,0.0,0.0,88.0,0.0,916.9767611393173,0.12853755513607934,100.0,1.0,6.184444146955837
233,2033,11,16,7.421366990471719E18,43.19823858523057,1.3008595797326807E-4,1.0,35.115698114183765,1.0,683.7475311723438,368.3368983957219,520.8896020720603,100.0,0.0,4.767379679144385,0.0,0.0,88.0,0.0,961.5284026268939,0.10883395475537339,100.0,1.0,6.282483556801794
231,2034,2,27,4.2848121755587553E18,47.067107643309214,0.0031270929817334,0.0,50.63815059180661,0.0,52.19999999999996,255.1764705882353,993.4709643932414,100.0,0.0,6.735294117647059,0.0,0.0,143.0,611.4693118657287,967.6471822448058,0.0076449575328973885,100.0,1.0,6.828030080661089
234,2034,2,28,8.619173836053503E18,49.1836545659709,0.0030045978390638725,0.0,38.33685046914698,0.0,87.00000000000001,253.92914438502675,654.2343421427253,100.0,0.0,6.185828877005347,0.0,0.0,143.0,612.9894752188087,1051.4092069989947,0.012193279871288962,100.0,1.0,7.135077757450274
227,2034,3,1,2.7812977706100634E18,48.99986586129259,0.0032686688627606977,0.0,33.63167609510307,0.0,113.1000000000005,257.0200534759358,552.2208676768236,100.0,0.0,6.504010695187166,0.0,0.0,143.0,614.5892622088587,1088.6386559890127,0.01591071875558447,100.0,1.0,7.108415511417658
222,2034,3,1,4.90388125562359E18,48.66272687164986,0.005086048750455646,0.0,36.99371919182296,0.0,104.39999999999992,258.7379679144385,559.4195283981327,100.0,0.0,6.847593582887701,0.0,0.0,143.0,612.769150745838,951.8104952017889,0.014788568675095723,100.0,1.0,7.059506723988227
220,2034,3,1,8.709926167270339E18,49.42611235322111,0.005086048750455646,0.0,43.85367093883208,0.0,84.09999999999899,256.331550802139,779.6082841115154,100.0,0.0,6.366310160427807,0.0,0.0,143.0,613.1675236437587,997.3297230554151,0.011729017357577115,100.0,1.0,7.170251133243416
238,2034,3,1,2.857941005564493E18,48.53576108611162,0.005086048750455646,0.0,24.587796243057227,0.0,98.59999999999975,258.54411764705884,362.527579988849,100.0,0.0,6.8088235294117645,0.0,0.0,143.0,608.0736648721927,1110.2755682713446,0.014003518066577236,100.0,1.0,7.041087784599811
235,2034,3,1,8.305991534382669E18,48.14739188701833,0.005086048750455646,0.0,46.2308143432793,0.0,92.80000000000129,258.63101604278074,805.2114535029481,100.0,0.0,6.82620320855615,0.0,0.0,143.0,612.4844094971613,935.69901099862,0.013286093205861608,100.0,1.0,6.984747025488233
230,2034,3,1,2.2009420763865405E18,49.32006455215064,0.002445215745411368,0.0,34.9656784552821,0.0,104.39999999999992,258.47058823529414,499.15191602856515,100.0,0.0,6.794117647058823,0.0,0.0,143.0,608.5563869178874,927.5432083017215,0.014591466673727968,100.0,1.0,7.1548667679838385
229,2034,3,2,7.388801749022034E17,48.044525997943474,0.0031489083921256954,1.0,33.39293106457257,1.0,107.3000000000015,260.65909090909093,570.3506365595468,100.0,0.0,6.931818181818182,0.0,0.0,143.0,615.6312795608548,1136.3851132231207,0.015394936226401333,100.0,1.0,6.9698242605246294
228,2034,3,2,6.65317065901527E17,49.708240662712555,0.0029123406550522917,0.0,28.303362804343443,0.0,66.69999999999933,258.5467914438503,434.35200646651555,100.0,0.0,6.509358288770054,0.0,0.0,143.0,620.0543734991263,1098.9274524851644,0.009249527050959253,100.0,1.0,7.2111795157225895
226,2034,3,2,3.967985631945377E18,50.07451937045152,0.003091223647873392,0.0,23.413782649313614,0.0,72.49999999999999,259.45588235294116,399.05017170254666,100.0,0.0,6.6911764705882355,0.0,0.0,143.0,612.5857873250332,1303.4267235985212,0.009980293250196207,100.0,1.0,7.264315605012377
224,2034,3,2,2.3275888066568E18,48.69775057768569,0.0039622314160587145,0.0,31.790106791305917,0.0,92.80000000000129,260.69251336898395,512.921193646951,100.0,0.0,6.938502673796791,0.0,0.0,143.0,620.1009936737838,1099.167623488396,0.013135940133612493,100.0,1.0,7.064587616575907
223,2034,3,2,1.858714168763392E18,49.200443411420096,0.005737311090453016,0.0,30.049057230593473,0.0,57.99999999999999,260.2446524064171,473.1489459856294,100.0,0.0,6.848930481283422,0.0,0.0,143.0,615.0247052939212,1100.0117053181032,0.008126079409499555,100.0,1.0,7.137513316962764
221,2034,3,2,6.977615103056312E17,49.464387315061764,0.005737311090453016,0.0,7.455388884527955,0.0,98.59999999999975,257.9919786096257,125.59083658849472,100.0,0.0,6.398395721925134,0.0,0.0,143.0,610.297667075993,1552.044286583737,0.01374062116478456,100.0,1.0,7.175803685840552
239,2034,3,2,9.054830946953192E18,48.51443631076082,0.005737311090453016,0.0,44.75844950670877,0.0,78.30000000000099,260.5120320855615,837.6480524725893,100.0,0.0,6.902406417112299,0.0,0.0,143.0,615.9041426490872,1032.990030373364,0.01112532886575875,100.0,1.0,7.037994197276334
237,2034,3,2,6.522181452910449E18,50.092216415121776,0.005737311090453016,0.0,39.393188841489916,0.0,69.59999999999908,258.87433155080214,633.3846899948059,100.0,0.0,6.574866310160428,0.0,0.0,143.0,615.3664040568405,973.6454064260969,0.009577696626490434,100.0,1.0,7.266882917078017
236,2034,3,2,4.2692437014197545E18,48.493541722355594,0.0036777635195211628,0.0,31.11748062031525,0.0,101.50000000000001,260.60561497326205,455.63483873358604,100.0,0.0,6.921122994652406,0.0,0.0,143.0,614.4607969356616,1007.336260210786,0.014427936543745697,100.0,1.0,7.03496301721668
232,2034,3,2,6.261277189363532E18,49.742633850916675,0.005737311090453016,0.0,41.487597102735556,0.0,104.39999999999992,258.2994652406417,762.8600394865869,100.0,0.0,6.459893048128342,0.0,0.0,143.0,608.509579822638,1075.0932220719264,0.014467510514535343,100.0,1.0,7.216168939024474
225,2034,3,3,4.86643095885923E18,50.85187198983191,0.0063575609380695595,0.0,18.130085238851322,0.0,78.30000000000099,260.91577540106954,242.20332147348591,100.0,0.0,6.683155080213904,0.0,0.0,143.0,617.762868729999,1091.934038556308,0.010613946696043874,100.0,1.0,7.377086228366464
233,2034,3,3,7.421366990471719E18,50.687053373813036,0.0034514445917858613,0.0,37.08788937236444,0.0,72.49999999999999,260.0868983957219,669.7442644313375,100.0,0.0,6.517379679144385,0.0,0.0,143.0,616.4503744816753,1134.9762718522154,0.009859685154590804,100.0,1.0,7.3531759750201555
227,2034,7,8,2.7812977706100634E18,40.26887658557934,1.2525239249122424E-4,0.0,31.824303586704612,0.0,252.38061332508684,231.53208556149733,428.5738827471784,100.0,0.0,5.906417112299465,0.0,0.0,102.19999999999857,479.0881233765222,916.5401958710614,0.04331072656491068,100.0,1.0,5.827208023094205
238,2034,7,9,2.857941005564493E18,40.40059767734426,6.609653107593164E-5,0.0,31.50103388868956,0.0,171.99488893431848,233.73395721925132,385.7576061486422,100.0,0.0,6.0467914438502675,0.0,0.0,102.19999999999857,275.0,837.1221147293013,0.02941959862222331,100.0,1.0,5.846269051556503
232,2034,7,9,6.261277189363532E18,40.69623809826505,3.1012492380827115E-4,0.0,48.23314117463341,0.0,205.69788336645476,231.975935828877,723.9131893037984,100.0,0.0,5.695187165775401,0.0,0.0,102.19999999999857,241.50235187727978,776.0239026850842,0.034928871072143486,100.0,1.0,5.8890504345702475
226,2034,7,10,3.967985631945377E18,40.80155132491708,1.4852726236028307E-4,0.0,34.22146018302459,0.0,200.9027299889599,235.08021390374333,474.1212473876247,100.0,0.0,6.016042780748663,0.0,0.0,102.19999999999857,275.0,909.6178321121332,0.03402656854315743,100.0,1.0,5.9042900471772795
224,2034,7,10,2.3275888066568E18,40.75721592374179,4.338625123227072E-5,0.0,39.5618235249718,0.0,252.39960159933995,234.95320855614975,532.949598616475,100.0,0.0,5.990641711229946,0.0,0.0,102.19999999999857,273.4200000000036,812.9035287104907,0.04279501142722782,100.0,1.0,5.89787438259109
223,2034,7,10,1.858714168763392E18,41.5848724553603,1.6513574217692813E-4,0.0,37.45971946625777,0.0,254.11501338991974,234.77272727272728,497.2492445687581,100.0,0.0,5.954545454545454,0.0,0.0,102.19999999999857,271.1600000000029,829.0836033889708,0.042228333468495007,100.0,1.0,6.017642481191107
222,2034,7,10,4.90388125562359E18,41.072316243407435,4.799209591585749E-5,0.0,41.513959850413755,0.0,260.9314325883037,234.451871657754,528.5964273044444,100.0,0.0,5.890374331550802,0.0,0.0,102.19999999999857,275.0,743.723766914353,0.043902191039556,100.0,1.0,5.943471758692037
221,2034,7,10,6.977615103056312E17,39.82959858967349,5.1635851449928585E-5,1.0,22.207169709219038,1.0,306.6969938913589,234.95989304812835,296.9299949472241,100.0,0.0,5.991978609625669,0.0,0.0,102.19999999999857,275.0,1037.0800304761437,0.053212367471017194,100.0,1.0,5.763641207251404
220,2034,7,10,8.709926167270339E18,40.07401457051488,5.2545734294861236E-5,0.0,45.82802424245831,0.0,217.5976785824037,235.4211229946524,659.0297667082222,100.0,0.0,6.084224598930481,0.0,0.0,102.19999999999857,275.0,778.0860518371323,0.03752324576968215,100.0,1.0,5.79901003015622
236,2034,7,10,4.2692437014197545E18,40.21517667579536,4.6719632993111063E-5,1.0,34.98220434967852,1.0,281.42765547875484,234.9933155080214,423.8002319960584,100.0,0.0,5.998663101604278,0.0,0.0,102.19999999999857,275.0,786.3935500078072,0.0483599433553292,100.0,1.0,5.819437243979773
235,2034,7,10,8.305991534382669E18,40.20138438599979,6.800985171234015E-5,1.0,46.99627128999897,1.0,232.8943975330032,234.75267379679144,675.0028652409734,100.0,0.0,5.9505347593582885,0.0,0.0,102.19999999999857,272.1000000000036,760.46331856113,0.04003381927989752,100.0,1.0,5.8174413963533125
233,2034,7,10,7.421366990471719E18,39.97935252321031,7.505443460993978E-5,1.0,39.523200779680906,1.0,311.15402780063584,235.53475935828877,561.664618857201,100.0,0.0,6.106951871657754,0.0,0.0,102.19999999999857,275.0,858.2484786552533,0.05378345069380782,100.0,1.0,5.7853117229694515
229,2034,7,11,7.388801749022034E17,40.50877877385498,2.480999390466169E-4,0.0,41.31604510886835,0.0,272.31986296826767,238.0842245989305,593.5743937405275,100.0,0.0,6.316844919786096,0.0,0.0,102.19999999999857,275.0,841.8641926559338,0.04645571632546323,100.0,1.0,5.861923666410116
228,2034,7,11,6.65317065901527E17,39.67590994912565,3.169067277828235E-5,1.0,31.564367142911074,1.0,294.84688197814626,236.4933155080214,385.8481394217827,100.0,0.0,5.998663101604278,0.0,0.0,102.19999999999857,275.0,834.9192364240031,0.05135451539793923,100.0,1.0,5.741401309961109
225,2034,7,11,4.86643095885923E18,40.7206090704184,6.145955683873782E-5,1.0,23.360553193177893,1.0,209.03831390071625,237.07486631016042,249.36431675831665,100.0,0.0,6.114973262032086,0.0,0.0,102.19999999999857,275.0,816.3013143974998,0.03547485429009803,100.0,1.0,5.892577096759615
239,2034,7,11,9.054830946953192E18,40.94583820423012,4.2170917025873156E-5,1.0,50.01410585001948,1.0,228.63367018699856,236.96791443850267,788.0743634673948,100.0,0.0,6.093582887700535,0.0,0.0,102.19999999999857,270.2300000000028,786.7845081954886,0.03858685773172788,100.0,1.0,5.925169439205346
237,2034,7,11,6.522181452910449E18,41.304180461766535,5.644792934260488E-5,1.0,40.19768579766739,1.0,198.02043700366232,236.46657754010695,526.4171665314933,100.0,0.0,5.99331550802139,0.0,0.0,102.19999999999857,273.7300000000029,782.1501219265476,0.03313027165389119,100.0,1.0,5.977024247563167
234,2034,7,11,8.619173836053503E18,40.8035966380602,6.564879843528179E-5,0.0,42.817400729982054,0.0,228.73744772697222,236.7673796791444,604.8313910600032,100.0,0.0,6.053475935828877,0.0,0.0,102.19999999999857,275.0,806.6625542816639,0.03873894748574171,100.0,1.0,5.904586019306836
231,2034,7,11,4.2848121755587553E18,41.7924746013928,6.643635899920117E-5,0.0,54.77803461918619,0.0,266.68826914126385,236.41310160427807,942.3860340536453,100.0,0.0,5.982620320855615,0.0,0.0,102.19999999999857,275.0,777.2345006464315,0.04409758615183372,100.0,1.0,6.047684066493378
230,2034,7,11,2.2009420763865405E18,40.54731331117709,5.0068602487612374E-5,1.0,36.31834895408696,1.0,302.78023177805244,236.3596256684492,425.379920543539,100.0,0.0,5.971925133689839,0.0,0.0,102.19999999999857,275.0,744.611607522279,0.05160293767475147,100.0,1.0,5.867499902552993
238,2034,11,12,2.857941005564493E18,39.88411393167945,1.566287493981167E-4,1.0,22.133552056779873,3.0,626.8020188026242,355.1764705882353,266.96076231365663,100.0,0.0,5.735294117647059,0.0,0.0,88.0,0.0,937.2693741315086,0.10887441639988649,100.0,1.0,5.757110251690659
229,2034,11,13,7.388801749022034E17,41.85814433960903,7.835394739976533E-5,0.0,39.13562905991848,0.0,722.1066933412412,355.96122994652404,579.4386036064217,100.0,0.0,5.592245989304812,0.0,0.0,88.0,0.0,900.1092872228628,0.1195134548527588,100.0,1.0,6.042053543100067
227,2034,11,13,2.7812977706100634E18,41.76402689533348,7.988792473165146E-5,0.0,32.99652874576995,0.0,590.5125289578335,357.3048128342246,459.5254277930993,100.0,0.0,5.86096256684492,0.0,0.0,88.0,0.0,932.0461864566829,0.09795399460846817,100.0,1.0,6.028468071344825
225,2034,11,13,4.86643095885923E18,41.16834448207055,9.495557985556375E-5,0.0,16.184131249378922,0.0,724.3851356804298,357.7927807486631,174.3252049611547,100.0,0.0,5.958556149732621,0.0,0.0,88.0,0.0,900.3659817862773,0.12189938900661199,100.0,1.0,5.94248372845526
222,2034,11,13,4.90388125562359E18,41.47585880415025,3.1012492380827115E-4,1.0,30.887070592785214,1.0,679.0875534967787,356.64304812834223,396.16441043677077,100.0,0.0,5.728609625668449,0.0,0.0,88.0,0.0,885.446519609612,0.11342943922223693,100.0,1.0,5.98687217492343
221,2034,11,13,6.977615103056312E17,41.583723358105736,3.1012492380827115E-4,0.0,35.78161216097009,0.0,667.0749320879041,349.7005347593583,497.5251662855257,100.0,0.0,5.540106951871658,0.0,0.0,88.0,0.0,891.7559320283448,0.11113392409531431,100.0,1.0,6.002441986263217
220,2034,11,13,8.709926167270339E18,41.34132167051717,7.931583729111796E-5,1.0,38.80914378700164,1.0,669.4873810854747,357.3382352941176,574.2979071809814,100.0,0.0,5.867647058823529,0.0,0.0,88.0,0.0,904.5614205777327,0.11218981721792891,100.0,1.0,5.96745228477371
236,2034,11,13,4.2692437014197545E18,41.39548739675928,1.9982276018574175E-4,1.0,25.400006338226387,1.0,670.8640844193816,355.87433155080214,316.07061647752346,100.0,0.0,5.574866310160428,0.0,0.0,88.0,0.0,926.5298912957886,0.11227341772537772,100.0,1.0,5.975270887899077
235,2034,11,13,8.305991534382669E18,41.33354715609923,9.318657566354302E-5,1.0,37.08060561484162,1.0,670.7537647078949,357.61898395721926,546.3384333076751,100.0,0.0,5.92379679144385,0.0,0.0,88.0,0.0,925.8663499232341,0.11242317427753261,100.0,1.0,5.96633006511668
233,2034,11,13,7.421366990471719E18,40.69196427849904,7.195473870261512E-5,1.0,32.821172206120934,1.0,668.5853696649112,357.83288770053474,473.66042059431743,100.0,0.0,5.966577540106952,0.0,0.0,88.0,0.0,967.9511309758785,0.11382656129540764,100.0,1.0,5.873720176170213
232,2034,11,13,6.261277189363532E18,41.57298104487189,8.377226466998142E-5,0.0,41.63004379031692,0.0,632.2523599006696,357.14438502673795,636.6541323601008,100.0,0.0,5.828877005347594,0.0,0.0,88.0,0.0,891.7687706477923,0.10535974077742659,100.0,1.0,6.000891376871441
228,2034,11,14,6.65317065901527E17,41.77754077419301,7.398018220617156E-5,1.0,25.253636885244884,1.0,715.8206698839364,364.47058823529414,324.2652736646527,100.0,0.0,5.794117647058823,0.0,0.0,88.0,0.0,957.954531075224,0.11870165243115223,100.0,1.0,6.0304187450054005
224,2034,11,14,2.3275888066568E18,41.79323095178878,1.7021126443922678E-4,1.0,34.0031835383931,2.0,678.9814433332912,358.3168449197861,468.56230377498275,100.0,0.0,5.7633689839572195,0.0,0.0,88.0,0.0,908.0533219226795,0.1125504821761473,100.0,1.0,6.03268355857108
223,2034,11,14,1.858714168763392E18,42.25131765448748,1.4656187325532658E-4,0.0,28.504748016858294,0.0,686.8158133084704,363.6350267379679,383.5903876844257,100.0,0.0,5.627005347593583,0.0,0.0,88.0,0.0,960.6316134744412,0.11261478967525032,100.0,1.0,6.098806518123028
239,2034,11,14,9.054830946953192E18,41.46291563229697,3.1012492380827115E-4,1.0,42.70211794195785,1.0,729.6941363466345,358.9451871657754,679.7139041821099,100.0,0.0,5.88903743315508,0.0,0.0,88.0,0.0,911.0484452937835,0.12192041156785871,100.0,1.0,5.985003880506914
237,2034,11,14,6.522181452910449E18,41.63044186801143,7.857231411407936E-6,1.0,29.424202025501916,3.0,733.4985092469617,358.14973262032083,387.4080706370436,100.0,0.0,5.729946524064171,0.0,0.0,88.0,0.0,928.2003992142337,0.12206288112523865,100.0,1.0,6.009185613883547
234,2034,11,14,8.619173836053503E18,41.44444762346041,3.1012492380827115E-4,1.0,35.8192647806002,3.0,716.5755943608947,367.8836898395722,512.6576821133295,100.0,0.0,5.276737967914438,0.0,0.0,88.0,0.0,917.4229326944306,0.11978186163863926,100.0,1.0,5.982338098256286
230,2034,11,14,2.2009420763865405E18,40.93077695839161,1.0889217830346599E-4,1.0,23.296392639576432,3.0,725.3975475087262,356.67245989304814,274.8560263396761,100.0,0.0,5.434491978609626,0.0,0.0,88.0,0.0,903.2495534047578,0.12277826613267764,100.0,1.0,5.908191818940017
226,2034,11,15,3.967985631945377E18,43.34211644901947,1.7905596062833197E-4,0.0,37.69517646362876,0.0,662.0227314701445,367.53877005347596,552.9483953339643,100.0,0.0,4.907754010695188,0.0,0.0,88.0,0.0,913.2786816967523,0.10581766860375344,100.0,1.0,6.256258904636858
231,2034,11,15,4.2848121755587553E18,42.7118528240699,1.2494960669148713E-4,1.0,47.825076227590195,1.0,735.7708792009512,362.8288770053476,838.7290695921042,100.0,0.0,5.165775401069519,0.0,0.0,88.0,0.0,914.3299472645926,0.11934097602068178,100.0,1.0,6.165282903949455
226,2035,2,27,3.967985631945377E18,47.38920367878166,0.004496811395219934,0.0,28.366571188147898,0.0,46.400000000000645,255.1096256684492,480.27837105991927,100.0,0.0,6.721925133689839,0.0,0.0,143.0,606.640764455472,1211.1917920634864,0.006800171850576434,100.0,1.0,6.8233569709076445
222,2035,2,27,4.90388125562359E18,46.032916037166316,0.004496811395219934,0.0,29.29117905645764,0.0,101.50000000000001,255.30347593582889,398.9528296412526,100.0,0.0,6.760695187165775,0.0,0.0,143.0,619.1353744499054,961.7530893132941,0.01531365553402639,100.0,1.0,6.628071251470342
220,2035,2,28,8.709926167270339E18,48.81457046373651,0.0026396973637095433,0.0,42.87007265014755,0.0,92.80000000000129,256.903743315508,755.9120960141877,100.0,0.0,6.780748663101604,0.0,0.0,143.0,607.5625798890218,1006.4828137243851,0.013203218867492914,100.0,1.0,7.028589083566603
239,2035,2,28,9.054830946953192E18,47.661176391491715,0.00517908622759813,0.0,45.89617784076409,0.0,89.90000000000086,257.3449197860963,831.4544686455823,100.0,0.0,6.8689839572192515,0.0,0.0,143.0,622.0194509081937,979.3274215768771,0.013100149523627145,100.0,1.0,6.862517090958326
238,2035,2,28,2.857941005564493E18,47.954916808510696,0.003485253181425389,0.0,26.32946674973395,0.0,110.19999999999847,257.2647058823529,373.63052947534413,100.0,0.0,6.852941176470588,0.0,0.0,143.0,613.3260556795826,1044.0954244132463,0.015959885492881274,100.0,1.0,6.904811444239492
237,2035,2,28,6.522181452910449E18,48.24483509990039,0.00517908622759813,0.0,30.48015875157225,0.0,107.3000000000015,256.1283422459893,460.2711382654563,100.0,0.0,6.625668449197861,0.0,0.0,143.0,620.3066101523583,1048.5223278175984,0.015446504459731962,100.0,1.0,6.946555466948893
233,2035,2,28,7.421366990471719E18,48.52535239052046,0.00517908622759813,0.0,36.670169259480836,0.0,98.59999999999975,256.97727272727275,654.649525260905,100.0,0.0,6.795454545454546,0.0,0.0,143.0,608.0476480288644,1129.467930017856,0.014112031446037352,100.0,1.0,6.986945882103074
232,2035,2,28,6.261277189363532E18,47.136101453615844,0.0033370400951018876,0.0,36.77030870488357,0.0,95.69999999999867,257.3248663101604,632.6112181036862,100.0,0.0,6.864973262032086,0.0,0.0,143.0,616.7401681982581,1086.6565421221808,0.014100665048938204,100.0,1.0,6.786913926957295
230,2035,2,28,2.2009420763865405E18,47.98204237075983,0.00517908622759813,0.0,33.83519334232349,0.0,87.00000000000001,257.69251336898395,477.02942300900804,100.0,0.0,6.938502673796791,0.0,0.0,143.0,614.4933792185203,931.9764397965682,0.012592786525774573,100.0,1.0,6.90871713118703
229,2035,3,1,7.388801749022034E17,49.634302458235226,0.005830348567595498,0.0,40.36564129441094,0.0,49.29999999999987,258.0494652406417,757.2525123276,100.0,0.0,6.709893048128342,0.0,0.0,143.0,617.2569171867642,1117.7779579110907,0.0068983673079850835,100.0,1.0,7.146618583636959
228,2035,3,1,6.65317065901527E17,48.117307721765776,0.005830348567595498,0.0,29.933318086715914,0.0,49.29999999999987,258.9385026737968,450.507319487032,100.0,0.0,6.887700534759358,0.0,0.0,143.0,615.1726335958974,1053.2057005204367,0.007115852187998697,100.0,1.0,6.928193376915165
227,2035,3,1,2.7812977706100634E18,48.27970209918375,0.005830348567595498,0.0,28.051781038595326,0.0,43.49999999999999,258.8649732620321,447.3018452706218,100.0,0.0,6.872994652406417,0.0,0.0,143.0,610.2789176669769,1145.6163151205428,0.0062575739945987,100.0,1.0,6.95157580837998
225,2035,3,1,4.86643095885923E18,49.57096716112875,0.005830348567595498,0.0,14.475971970258401,0.0,75.40000000000096,257.40106951871655,187.2012370522581,100.0,0.0,6.580213903743315,0.0,0.0,143.0,612.0525602707608,1103.3917690224234,0.010563924095410196,100.0,1.0,7.13749922083979
224,2035,3,1,2.3275888066568E18,48.41111629248227,0.0026967384678980096,0.0,28.990168450386417,0.0,84.09999999999899,259.3596256684492,453.67046867161383,100.0,0.0,6.971925133689839,0.0,0.0,143.0,610.184670739811,1109.6880163783678,0.012065135878337272,100.0,1.0,6.970497543338818
223,2035,3,1,1.858714168763392E18,47.89750562776233,0.0032571779707237405,0.0,29.956595618300575,0.0,104.39999999999992,258.77807486631013,432.76851476810265,100.0,0.0,6.855614973262032,0.0,0.0,143.0,414.281010887184,1010.5537856602202,0.015138014609982344,100.0,1.0,6.89654506814627
236,2035,3,1,4.2692437014197545E18,49.22802087045531,0.002487350071499785,0.0,25.83631627538716,0.0,87.00000000000001,257.6617647058824,357.5644868030845,100.0,0.0,6.632352941176471,0.0,0.0,143.0,614.080770755639,1025.0371876652384,0.012274058675559774,100.0,1.0,7.088119936499511
234,2035,3,1,8.619173836053503E18,49.96152098857522,0.005378550339110239,0.0,28.97905728716395,0.0,46.400000000000645,258.06951871657753,493.023367345874,100.0,0.0,6.713903743315508,0.0,0.0,143.0,815.289395559123,1207.0033706135825,0.006450058414982505,100.0,1.0,7.193733298945093
231,2035,3,1,4.2848121755587553E18,48.111765069529106,0.005830348567595498,0.0,47.78755206070763,0.0,34.79999999999954,259.3729946524064,937.3696599041713,100.0,0.0,6.974598930481283,0.0,0.0,143.0,617.8944261793387,1023.2000921430804,0.005023533148471583,100.0,1.0,6.927395315503689
221,2035,3,2,6.977615103056312E17,50.470677474463976,0.006481610907592868,0.0,0.9658261956572624,0.0,43.49999999999999,258.21256684491976,16.92527179197396,100.0,0.0,6.442513368983957,0.0,0.0,143.0,617.9072292674111,1684.3623950536064,0.005985927343172308,100.0,1.0,7.267044437085782
235,2035,3,2,8.305991534382669E18,49.62035955160699,0.006481610907592868,0.0,43.83726277655998,0.0,107.3000000000015,260.177807486631,745.0341243031763,100.0,0.0,6.8355614973262036,0.0,0.0,143.0,611.5148848134568,953.6999202566425,0.015018312387571382,100.0,1.0,7.144611007612223
226,2035,7,9,3.967985631945377E18,40.391854895543666,7.726081808875711E-5,0.0,38.04173549320045,0.0,210.5433834393098,233.2860962566845,542.1425228746591,100.0,0.0,5.957219251336898,0.0,0.0,102.49999999999999,275.0,881.5902921852443,0.03629230452275525,100.0,1.0,5.801323068566759
224,2035,7,9,2.3275888066568E18,40.59633462568964,7.126032256623878E-5,0.0,37.14871652581531,0.0,310.04353706971614,233.07219251336898,486.2803291646052,100.0,0.0,5.9144385026737964,0.0,0.0,102.49999999999999,275.0,821.4399972479071,0.05317440086212353,100.0,1.0,5.830691687032476
222,2035,7,9,4.90388125562359E18,40.1736962073766,4.973138611421924E-5,1.0,37.36292327150162,1.0,235.51450662034418,233.01871657754012,442.98828748793954,100.0,0.0,5.903743315508021,0.0,0.0,102.49999999999999,256.2828163192608,741.558312690314,0.0408171443934434,100.0,1.0,5.769989795223785
220,2035,7,9,8.709926167270339E18,41.023093377102505,4.5849338233038305E-5,0.0,47.1430702284614,0.0,89.70141199913876,233.19251336898395,696.9285359863651,100.0,0.0,5.938502673796791,0.0,0.0,102.49999999999999,275.0,780.466840800782,0.015224310045957595,100.0,1.0,5.891985366059761
236,2035,7,9,4.2692437014197545E18,41.00282396364614,6.756534287761899E-5,0.0,31.34478108444149,0.0,232.14360578796257,232.6577540106952,360.4870237798351,100.0,0.0,5.831550802139038,0.0,0.0,102.49999999999999,271.38430419059824,788.2299637752736,0.039419372192349804,100.0,1.0,5.889074150019446
234,2035,7,9,8.619173836053503E18,40.84387850596726,3.754539029155826E-5,0.0,40.057241617283,0.0,252.56200045520168,233.24598930481284,550.1523722965753,100.0,0.0,5.949197860962567,0.0,0.0,102.49999999999999,275.0,822.2986135586431,0.043053432224518275,100.0,1.0,5.866245439808895
229,2035,7,10,7.388801749022034E17,40.99323903889113,5.149865888546513E-5,0.0,46.171851260806186,0.0,113.0550853094678,235.81550802139037,713.6563857235193,100.0,0.0,6.163101604278075,0.0,0.0,102.49999999999999,275.0,831.0758666364881,0.019201918103484334,100.0,1.0,5.887697505019204
228,2035,7,10,6.65317065901527E17,40.83041305284746,4.760898431198513E-5,0.0,35.855105643790125,0.0,269.1278413816329,235.54144385026737,456.8036933070679,100.0,0.0,6.108288770053476,0.0,0.0,102.49999999999999,274.9400000000019,816.0016400177093,0.045892487751621,100.0,1.0,5.864311449799905
227,2035,7,10,2.7812977706100634E18,40.46457123436475,8.088808654362836E-5,0.0,36.33303707483307,0.0,296.77973166669915,234.89304812834226,484.3834015162656,100.0,0.0,5.978609625668449,0.0,0.0,102.49999999999999,271.29000000000104,847.3533875517495,0.05106531802390811,100.0,1.0,5.811767029978169
223,2035,7,10,1.858714168763392E18,41.1689100334019,5.321292446950431E-5,0.0,30.15635765509683,0.0,177.0346983490243,234.75935828877004,369.9474726829417,100.0,0.0,5.951871657754011,0.0,0.0,102.49999999999999,275.0,855.1469445193454,0.029940274129575638,100.0,1.0,5.912928438225142
239,2035,7,10,9.054830946953192E18,40.4031901416911,9.583588498401453E-5,1.0,48.65899165853048,1.0,258.40167446987505,235.22727272727272,738.0779687483805,100.0,0.0,6.045454545454546,0.0,0.0,102.49999999999999,275.0,777.808963960577,0.04452935580178334,100.0,1.0,5.802951105336368
237,2035,7,10,6.522181452910449E18,40.94006565239142,9.257460412187199E-5,0.0,37.024047325126354,0.0,262.8800205219273,234.52540106951872,473.24282654288453,100.0,0.0,5.9050802139037435,0.0,0.0,102.49999999999999,266.8099999999982,803.9076670265678,0.04470702708899635,100.0,1.0,5.880060420895878
235,2035,7,10,8.305991534382669E18,40.89715917500386,6.928617600720982E-5,1.0,45.791984132442174,1.0,251.54118145913475,234.49197860962568,639.8797941773153,100.0,0.0,5.898395721925134,0.0,0.0,102.49999999999999,275.0,756.7239371632717,0.04282355334561496,100.0,1.0,5.873897932500551
230,2035,7,10,2.2009420763865405E18,39.567336704355796,6.969099411421822E-5,0.0,36.228893634651286,0.0,172.91453261143846,235.4144385026738,420.4160413558903,100.0,0.0,6.0828877005347595,0.0,0.0,102.49999999999999,251.95143501830933,738.5893639945949,0.030427160298444306,100.0,1.0,5.682900767452797
225,2035,7,11,4.86643095885923E18,41.284470796709385,5.348825867683186E-5,0.0,22.932399713385763,0.0,168.08853339556802,236.4933155080214,246.38759537755715,100.0,0.0,5.998663101604278,0.0,0.0,102.49999999999999,275.0,825.7813137449664,0.02834771853378182,100.0,1.0,5.9295259756180325
221,2035,7,11,6.977615103056312E17,41.053033589433596,4.365497238292106E-5,1.0,21.266927407909957,1.0,255.86289498099984,236.65374331550802,294.1278704707544,100.0,0.0,6.030748663101604,0.0,0.0,102.49999999999999,275.0,1086.251455916994,0.04339391169914687,100.0,1.0,5.896285560861989
238,2035,7,11,2.857941005564493E18,41.723746918488715,3.1012492380827115E-4,0.0,32.4396289939828,0.0,258.7788662796904,235.8783422459893,395.58252858617055,100.0,0.0,5.875668449197861,0.0,0.0,102.49999999999999,272.8999999999964,822.5434841317789,0.04318294423896787,100.0,1.0,5.992617475261702
233,2035,7,11,7.421366990471719E18,40.94032343657258,5.936541420525864E-5,0.0,41.8761880925498,0.0,174.06139234407223,236.88101604278074,629.2830603506975,100.0,0.0,6.07620320855615,0.0,0.0,102.49999999999999,275.0,872.2005160414901,0.029601787038336734,100.0,1.0,5.880097445422754
232,2035,7,11,6.261277189363532E18,41.73897396146212,1.6965258414019206E-4,0.0,46.35068275218381,0.0,263.48058164697227,237.4826203208556,704.3327347186598,100.0,0.0,6.196524064171123,0.0,0.0,102.49999999999999,274.42999999999535,814.2770744644265,0.043951488780735376,100.0,1.0,5.994804475484797
231,2035,7,11,4.2848121755587553E18,41.25998363864355,9.010021028712118E-5,1.0,52.4475075721346,1.0,182.28733057254718,237.9572192513369,880.0437575991273,100.0,0.0,6.291443850267379,0.0,0.0,102.49999999999999,275.0,797.1167667239392,0.030760555905461773,100.0,1.0,5.926008981527563
227,2035,11,12,2.7812977706100634E18,40.051950655403665,3.1012492380827115E-4,1.0,29.166225972247812,2.0,668.6633065472239,356.0120320855615,384.00939180334166,100.0,0.0,5.902406417112299,0.0,0.0,88.0,0.0,930.8586950856802,0.11652939916136425,100.0,1.0,5.738151156355758
222,2035,11,12,4.90388125562359E18,40.87859363795153,1.0248675605032095E-4,1.0,26.890937351143858,1.0,620.4540322248627,349.64438502673795,323.7427471602185,100.0,0.0,5.828877005347594,0.0,0.0,88.0,0.0,878.5808302734926,0.10594131349828577,100.0,1.0,5.856582401490635
220,2035,11,12,8.709926167270339E18,41.17506164828889,1.3734496182828652E-4,0.0,38.7925893938999,0.0,630.5895607857112,350.03208556149735,574.2413297321178,100.0,0.0,5.906417112299465,0.0,0.0,88.0,0.0,904.9271585171786,0.10689667747343967,100.0,1.0,5.899056693716155
238,2035,11,12,2.857941005564493E18,40.76892654266656,1.0088644235792817E-4,1.0,20.150923913847247,1.0,730.2018359513705,356.0120320855615,239.7396986844945,100.0,0.0,5.902406417112299,0.0,0.0,88.0,0.0,947.5405678768254,0.12501592312834525,100.0,1.0,5.840870648147137
231,2035,11,12,4.2848121755587553E18,41.1781106170642,1.7286785050628264E-4,0.0,45.70916840465428,0.0,725.2987165645935,350.15909090909093,763.6414543158071,100.0,0.0,5.931818181818182,0.0,0.0,88.0,0.0,906.0147449035151,0.12294253990276872,100.0,1.0,5.89949351248322
229,2035,11,13,7.388801749022034E17,41.79452776149617,1.2555664931508955E-4,0.0,41.8067749012028,0.0,676.6226421445397,356.6831550802139,657.1446799609416,100.0,0.0,5.7366310160427805,0.0,0.0,88.0,0.0,913.8526963425071,0.11300009074869521,100.0,1.0,5.987806183707444
226,2035,11,13,3.967985631945377E18,41.576406030214464,9.386347572889561E-5,1.0,37.835126986152154,1.0,628.0984114585208,357.3048128342246,553.5449749578765,100.0,0.0,5.86096256684492,0.0,0.0,88.0,0.0,908.2844538468996,0.10544656527070598,100.0,1.0,5.956556383283281
224,2035,11,13,2.3275888066568E18,40.927614810555966,1.1123562546925075E-4,2.0,30.237977868718996,2.0,629.8686112650437,357.19117647058823,398.08208741089,100.0,0.0,5.838235294117647,0.0,0.0,88.0,0.0,917.020232978034,0.10742001753424593,100.0,1.0,5.863605552514819
221,2035,11,13,6.977615103056312E17,42.07525207308201,8.305434488705709E-5,0.0,34.233438591449165,0.0,726.0020021603466,363.60561497326205,483.5533215789708,100.0,0.0,5.921122994652406,0.0,0.0,88.0,0.0,927.6675024472778,0.12043779060676507,100.0,1.0,6.0280249123032865
239,2035,11,13,9.054830946953192E18,40.88174099564159,1.045599877977988E-4,1.0,40.41093416995886,2.0,670.9587575661005,357.81283422459893,618.7614986143935,100.0,0.0,5.962566844919786,0.0,0.0,88.0,0.0,911.2531624297123,0.11455607665896696,100.0,1.0,5.857033316211958
237,2035,11,13,6.522181452910449E18,41.27562957709214,8.701597188784266E-5,1.0,27.45161230128867,1.0,676.1409610149042,356.8168449197861,353.05909854035497,100.0,0.0,5.7633689839572195,0.0,0.0,88.0,0.0,931.3468405433695,0.11433922081454727,100.0,1.0,5.913464830336498
234,2035,11,13,8.619173836053503E18,41.57077250411547,1.169400165189559E-4,1.0,34.702138264078016,1.0,632.014306936114,357.05748663101605,483.9870743197246,100.0,0.0,5.811497326203209,0.0,0.0,88.0,0.0,909.4039891749043,0.10611835339703989,100.0,1.0,5.955749280913209
233,2035,11,13,7.421366990471719E18,41.87273653491039,1.0441916626541118E-4,0.0,36.90776575911367,0.0,724.8018433820336,350.1350267379679,565.7644375216789,100.0,0.0,5.627005347593583,0.0,0.0,88.0,0.0,966.0837227766625,0.12082022292596657,100.0,1.0,5.9990109753907745
228,2035,11,14,6.65317065901527E17,41.87923757975348,1.3944465998573345E-4,0.0,26.37619444922888,0.0,677.9482937177324,364.63770053475935,343.88490449875434,100.0,0.0,5.827540106951871,0.0,0.0,88.0,0.0,958.358113700125,0.11299246766966227,100.0,1.0,5.999942365182605
225,2035,11,14,4.86643095885923E18,42.68850767388201,3.1012492380827115E-4,0.0,17.11716194756012,0.0,728.4450076021658,364.3168449197861,189.6496723344807,100.0,0.0,5.7633689839572195,0.0,0.0,88.0,0.0,916.2163591006786,0.1191070549736057,100.0,1.0,6.11588463641881
223,2035,11,14,1.858714168763392E18,42.235502219075194,7.494560749354067E-5,0.0,23.466211833645644,0.0,681.1697729624483,357.8422459893048,294.60091532520244,100.0,0.0,5.668449197860962,0.0,0.0,88.0,0.0,959.0970253842086,0.11257174368063247,100.0,1.0,6.050983583366498
235,2035,11,14,8.305991534382669E18,41.65904257919104,6.907013893279978E-5,1.0,35.25831317941528,2.0,678.6318946963752,356.8596256684492,500.81205737530024,100.0,0.0,5.471925133689839,0.0,0.0,88.0,0.0,918.2598376768957,0.11370424279568575,100.0,1.0,5.968395532221285
232,2035,11,14,6.261277189363532E18,41.10541021187566,3.1012492380827115E-4,1.0,39.00506040636707,3.0,727.450939331434,364.951871657754,582.2731888447187,100.0,0.0,5.890374331550802,0.0,0.0,88.0,0.0,909.5538574819828,0.12352544025758633,100.0,1.0,5.889077892088367
230,2035,11,14,2.2009420763865405E18,41.525403297168445,2.08979059169994E-4,1.0,24.040852998013875,3.0,665.6242400616164,363.7754010695187,292.05650914116774,100.0,0.0,5.6550802139037435,0.0,0.0,88.0,0.0,921.2696465342221,0.11188373560656667,100.0,1.0,5.949249338637114
236,2035,11,15,4.2692437014197545E18,43.31865674989048,3.1012492380827115E-4,0.0,21.07653576531625,0.0,639.1356214642499,371.28208556149735,255.47905952221387,100.0,0.0,5.656417112299465,0.0,0.0,88.0,0.0,955.0892877955026,0.10298399373985635,100.0,1.0,6.206164650001282
229,2036,2,27,7.388801749022034E17,47.498197477522865,0.005241111212359783,0.0,35.42024110418598,0.0,55.09999999999923,255.36363636363637,623.882715066325,100.0,0.0,6.7727272727272725,0.0,0.0,143.0,603.5850248668543,1136.063061900958,0.008117281707128707,100.0,1.0,6.787986666966314
228,2036,2,27,6.65317065901527E17,47.90094456529996,0.005241111212359783,0.0,35.02178220132449,0.0,66.69999999999933,249.3168449197861,530.1496265713391,100.0,0.0,6.7633689839572195,0.0,0.0,102.69999999999855,615.8939996316299,982.6431450705753,0.009743565403135474,100.0,1.0,6.845543416636307
225,2036,2,27,4.86643095885923E18,46.56453489272275,0.0037760167236021488,0.0,12.976805872863997,0.0,40.59999999999947,250.00534759358288,162.4488144111918,100.0,0.0,6.901069518716578,0.0,0.0,102.69999999999855,621.4264902521401,1085.8839394610454,0.006101082706780843,100.0,1.0,6.654556568275327
237,2036,2,27,6.522181452910449E18,46.994743062094635,0.005241111212359783,0.0,29.80073533534223,0.0,49.29999999999987,249.28342245989305,425.4521692401429,100.0,0.0,6.75668449197861,0.0,0.0,102.69999999999855,605.3768358767975,1000.8754534280266,0.007340637668367155,100.0,1.0,6.716037792254377
233,2036,2,27,7.421366990471719E18,48.44338699542093,0.005241111212359783,0.0,34.70027983742492,0.0,81.19999999999894,254.9024064171123,617.8653686829309,100.0,0.0,6.68048128342246,0.0,0.0,143.0,611.4291192202238,1161.5828781583757,0.011728910639965668,100.0,1.0,6.923064084341649
227,2036,2,28,2.7812977706100634E18,48.958594324912916,0.005923386044737975,0.0,25.478083072567113,0.0,60.90000000000083,256.99064171122996,409.12399643163155,100.0,0.0,6.798128342245989,0.0,0.0,143.0,623.0928463808388,1195.0867835140941,0.008704112602720124,100.0,1.0,6.996692572769447
226,2036,2,28,3.967985631945377E18,47.219205208147585,0.005923386044737975,0.0,17.6606961480295,0.0,92.80000000000129,257.4919786096257,289.5205483228997,100.0,0.0,6.898395721925134,0.0,0.0,143.0,614.0790386952159,1346.4230936651602,0.013751986951966336,100.0,1.0,6.748115768589515
224,2036,2,28,2.3275888066568E18,48.438571917495764,0.005923386044737975,0.0,29.983862373570613,0.0,92.80000000000129,256.30213903743316,478.06508922222474,100.0,0.0,6.660427807486631,0.0,0.0,143.0,610.2086307076521,1114.8592164223523,0.013405801785624501,100.0,1.0,6.922375959602349
223,2036,2,28,1.858714168763392E18,47.834344611991064,0.005923386044737975,0.0,20.61564224920042,0.0,104.39999999999992,257.08422459893046,305.693298489091,100.0,0.0,6.816844919786096,0.0,0.0,143.0,612.9999931609531,1174.841944101379,0.01527203177065395,100.0,1.0,6.836025590295737
222,2036,2,28,4.90388125562359E18,48.78216434511423,0.005923386044737975,0.0,37.59957936732512,0.0,40.59999999999947,257.05748663101605,562.5753104495961,100.0,0.0,6.811497326203209,0.0,0.0,143.0,608.2059506105301,932.8954602286191,0.005823728454798189,100.0,1.0,6.97147889279573
221,2036,2,28,6.977615103056312E17,47.62114483458863,0.0033054609624653887,0.0,-6.721384096656748,0.0,46.400000000000645,257.27807486631013,-104.83445440632775,100.0,0.0,6.855614973262032,0.0,0.0,143.0,611.8884138884573,1674.0706876408997,0.006817957612739054,100.0,1.0,6.805557123632491
238,2036,2,28,2.857941005564493E18,47.95776738181498,0.005923386044737975,0.0,31.542235863545322,0.0,72.49999999999999,257.3716577540107,470.5907039829237,100.0,0.0,6.874331550802139,0.0,0.0,143.0,606.6436640453187,1020.1659113027938,0.010578283400352355,100.0,1.0,6.853663988392017
236,2036,2,28,4.2692437014197545E18,48.06845600232715,0.005923386044737975,0.0,30.346442468909405,0.0,87.00000000000001,251.4318181818182,404.94985992657075,100.0,0.0,6.886363636363637,0.0,0.0,102.69999999999855,614.6853889440525,928.3325501492916,0.012664709378352866,100.0,1.0,6.869482544045157
234,2036,2,28,8.619173836053503E18,47.886003559086255,0.005923386044737975,0.0,30.68388304833602,0.0,98.59999999999975,257.13770053475935,494.084848459449,100.0,0.0,6.827540106951871,0.0,0.0,143.0,612.7716102884154,1114.6785808882996,0.014408025539704517,100.0,1.0,6.843408191378169
232,2036,2,28,6.261277189363532E18,48.17449029251287,0.005923386044737975,0.0,31.751758053485254,0.0,37.70000000000048,257.3582887700535,523.5996860220287,100.0,0.0,6.871657754010696,0.0,0.0,143.0,611.3619571017493,1124.2168366307292,0.005475961298126472,100.0,1.0,6.884635947463514
231,2036,2,28,4.2848121755587553E18,47.347954800124555,0.005923386044737975,0.0,47.04640877604401,0.0,101.50000000000001,257.3114973262032,901.0347461204391,100.0,0.0,6.862299465240642,0.0,0.0,143.0,611.9419843070075,1013.2966359125368,0.015000335272271362,100.0,1.0,6.766515425000285
220,2036,2,29,8.709926167270339E18,48.768171052606526,0.01613886692717222,0.0,46.137203809437956,0.0,113.1000000000005,258.8783422459893,858.1208565364199,100.0,0.0,6.875668449197861,0.0,0.0,143.0,616.0913726636334,1000.9107135216486,0.016227898568158542,100.0,1.0,6.969479105687713
239,2036,2,29,9.054830946953192E18,49.74444591757977,0.006574648384735345,0.0,49.01669346705621,0.0,92.80000000000129,257.4077540106952,897.7176022954835,100.0,0.0,6.581550802139038,0.0,0.0,143.0,412.384844218153,932.936052208043,0.013053877310857347,100.0,1.0,7.108998942621931
235,2036,2,29,8.305991534382669E18,49.623948438042035,0.006574648384735345,0.0,43.50333879630267,0.0,101.50000000000001,258.14973262032083,736.6669219547919,100.0,0.0,6.729946524064171,0.0,0.0,143.0,605.9043024143488,956.0112046675387,0.014312347542134445,100.0,1.0,7.091778598946949
230,2036,2,29,2.2009420763865405E18,49.52481712446179,0.003677096412044378,0.0,33.388642036876334,0.0,113.1000000000005,258.01604278074865,497.82158410172093,100.0,0.0,6.7032085561497325,0.0,0.0,143.0,612.4296092192108,992.140724728803,0.015979966795382772,100.0,1.0,7.077611702715142
227,2036,7,7,2.7812977706100634E18,40.83857907002328,5.9939103944389476E-5,0.0,23.7254628867529,0.0,157.36000556464828,231.89973262032086,313.996203596153,100.0,0.0,5.979946524064171,0.0,0.0,102.80000000000145,473.6372620066924,1007.4647216454534,0.027029864556459594,100.0,1.0,5.821708992879226
236,2036,7,7,4.2692437014197545E18,40.226451629266485,6.870290735672821E-5,0.0,27.957931814847143,0.0,208.9473417772888,231.81951871657753,308.48401879471356,100.0,0.0,5.963903743315508,0.0,0.0,102.80000000000145,275.0,793.3721689045128,0.03643722172727539,100.0,1.0,5.734447684876026
231,2036,7,7,4.2848121755587553E18,40.86053759678897,5.235059483596745E-5,0.0,53.04309051221427,0.0,250.3168002018277,231.89304812834226,874.5329676136257,100.0,0.0,5.978609625668449,0.0,0.0,102.80000000000145,270.3247960523899,773.3865172888671,0.04297402700940989,100.0,1.0,5.824839272033236
226,2036,7,8,3.967985631945377E18,40.287628503129355,5.299468964597933E-5,1.0,33.31335218325178,1.0,228.5669685594541,233.75401069518716,464.4157587447539,100.0,0.0,6.050802139037433,0.0,0.0,102.80000000000145,274.8399999999971,927.8988732905739,0.039798059296214106,100.0,1.0,5.743168702228582
223,2036,7,8,1.858714168763392E18,41.247359621574255,8.633767366599973E-5,0.0,30.259711689384236,0.0,182.5076460908921,231.80882352941177,381.9456034834634,100.0,0.0,5.661764705882353,0.0,0.0,102.80000000000145,275.0,878.7965896730645,0.031038808450641858,100.0,1.0,5.879982357606192
222,2036,7,8,4.90388125562359E18,40.64186959537106,4.412705233469994E-5,0.0,38.712645680451196,0.0,288.2829327625964,233.3596256684492,476.75484478102175,100.0,0.0,5.971925133689839,0.0,0.0,102.80000000000145,275.0,753.6322144251818,0.04975828275780633,100.0,1.0,5.793667240603657
221,2036,7,8,6.977615103056312E17,40.4651779794935,4.334986354602615E-5,0.0,19.316524344430743,0.0,82.09558092147158,233.4331550802139,257.60400464450316,100.0,0.0,5.9866310160427805,0.0,0.0,102.80000000000145,271.96620618742065,1072.5011251674869,0.01423175489647552,100.0,1.0,5.7684791172030705
235,2036,7,8,8.305991534382669E18,40.503195538408384,4.9351515564651656E-5,0.0,44.74181881997438,0.0,239.56245885341062,233.40641711229947,617.0496319553685,100.0,0.0,5.981283422459893,0.0,0.0,102.80000000000145,275.0,761.0746088576047,0.04149058932462254,100.0,1.0,5.773898678061016
234,2036,7,8,8.619173836053503E18,40.90804467332821,4.67478028049851E-5,0.0,38.23414003503964,0.0,238.39986414071248,233.33288770053477,519.3658431613189,100.0,0.0,5.966577540106952,0.0,0.0,102.80000000000145,275.0,837.8331411105612,0.04088061420569063,100.0,1.0,5.831611603025449
233,2036,7,8,7.421366990471719E18,40.18224286164185,6.91934234288869E-5,0.0,39.75010330213169,0.0,103.46919770886741,233.5,585.8208184521984,100.0,0.0,6.0,0.0,0.0,102.80000000000145,275.0,886.4952568172829,0.018063297616830308,100.0,1.0,5.728145541512917
232,2036,7,8,6.261277189363532E18,40.13177506529585,3.635696644880083E-5,0.0,39.763266242802345,0.0,203.30119755907882,233.46657754010695,544.9536809216025,100.0,0.0,5.99331550802139,0.0,0.0,102.80000000000145,275.0,824.3384498861856,0.035536258274751785,100.0,1.0,5.720951147620474
229,2036,7,9,7.388801749022034E17,41.59132547701296,3.1012492380827115E-4,0.0,43.7479432628601,0.0,154.1074012194881,234.51871657754012,666.2116297765721,100.0,0.0,5.903743315508021,0.0,0.0,102.80000000000145,275.0,855.6533821987872,0.02599206987200047,100.0,1.0,5.929016118316062
228,2036,7,9,6.65317065901527E17,41.46538264153216,8.491920148090667E-5,0.0,36.71973653246705,0.0,276.48590943198354,235.46122994652407,480.0763060230147,100.0,0.0,6.092245989304812,0.0,0.0,102.80000000000145,275.0,826.206043549842,0.046774317145117185,100.0,1.0,5.911062444250908
225,2036,7,9,4.86643095885923E18,41.07254108162636,9.318657566354302E-5,0.0,21.152777075394702,0.0,185.03031275779952,234.96657754010695,230.44713205080396,100.0,0.0,5.99331550802139,0.0,0.0,102.80000000000145,275.0,856.9242068849688,0.03160177236246713,100.0,1.0,5.855061248955669
220,2036,7,9,8.709926167270339E18,41.036590247329606,3.147837229072991E-5,0.0,49.27945696076215,0.0,353.7837103485626,235.12700534759358,761.7861550453842,100.0,0.0,6.025401069518717,0.0,0.0,102.80000000000145,257.97057211197335,783.0156807649414,0.06047650635927144,100.0,1.0,5.849936308272299
238,2036,7,9,2.857941005564493E18,39.80175477809413,4.774090575866243E-5,1.0,32.9702150484949,2.0,247.6525071267533,234.9866310160428,403.31062186397736,100.0,0.0,5.997326203208556,0.0,0.0,102.80000000000145,275.0,818.4924724123806,0.04364762721582295,100.0,1.0,5.6739053855595465
237,2036,7,9,6.522181452910449E18,41.33810406395085,5.156716391890109E-5,0.0,31.651833017529338,0.0,283.40135006264626,235.4211229946524,392.6516898037599,100.0,0.0,6.084224598930481,0.0,0.0,102.80000000000145,275.0,846.3496622469355,0.048091850762065985,100.0,1.0,5.892918354603818
230,2036,7,9,2.2009420763865405E18,41.353051350314466,5.2297626274581996E-5,0.0,38.04020813174018,0.0,246.0421596996069,234.26470588235293,472.4959358837423,100.0,0.0,5.852941176470588,0.0,0.0,102.80000000000145,275.0,768.5160628822068,0.04173708366830827,100.0,1.0,5.895049152330478
224,2036,7,10,2.3275888066568E18,41.31879181289957,5.520201562980976E-5,1.0,38.3707943181575,1.0,238.82585697109042,236.44652406417111,520.5456508276907,100.0,0.0,5.989304812834225,0.0,0.0,102.80000000000145,275.0,834.8542214357994,0.0405465456873331,100.0,1.0,5.890165313039246
239,2036,7,10,9.054830946953192E18,41.673051573177204,3.8400807801915696E-5,0.0,48.97992561713178,0.0,252.2002287267774,236.38636363636363,749.7292486542489,100.0,0.0,5.9772727272727275,0.0,0.0,102.80000000000145,265.51000000000164,780.064601266356,0.04245318739757633,100.0,1.0,5.940666512620336
232,2036,11,10,6.261277189363532E18,39.282687852145706,1.4478287759489783E-4,1.0,34.858078813759285,2.0,618.4932304753451,342.83288770053474,466.6599405981819,100.0,0.0,5.966577540106952,0.0,0.0,88.0,0.0,870.3216625071898,0.11072288473553744,100.0,1.0,5.585956615496619
229,2036,11,11,7.388801749022034E17,40.67636744895039,1.327589571097051E-4,1.0,38.733034700177356,1.0,677.6431479913741,350.03877005347596,575.5317598348781,100.0,0.0,5.907754010695188,0.0,0.0,88.0,0.0,909.1453945323041,0.1171554582504638,100.0,1.0,5.7841363783722075
227,2036,11,11,2.7812977706100634E18,40.864817664634685,8.021855245945969E-5,1.0,29.23312138120645,1.0,589.2331775878471,350.346256684492,386.1457642536644,100.0,0.0,5.969251336898396,0.0,0.0,88.0,0.0,932.8693161262551,0.10140077273632207,100.0,1.0,5.810933799489498
226,2036,11,11,3.967985631945377E18,40.47782857431081,7.022756426817733E-5,1.0,35.17160566638695,2.0,622.7590681909403,356.25267379679144,491.2600147476375,100.0,0.0,5.9505347593582885,0.0,0.0,88.0,0.0,904.1421190600654,0.10819482555166882,100.0,1.0,5.755904360634507
225,2036,11,11,4.86643095885923E18,41.30461437506561,8.454877966419608E-5,0.0,18.335546292332346,0.0,672.7780679781033,343.8449197860963,200.47394180331048,100.0,0.0,5.8689839572192515,0.0,0.0,88.0,0.0,890.3166245987987,0.1145451990204922,100.0,1.0,5.87347242600489
221,2036,11,11,6.977615103056312E17,40.47694308498406,1.0973988811333018E-4,1.0,31.568554594343688,2.0,624.283526480558,350.4532085561497,419.4215258263264,100.0,0.0,5.990641711229946,0.0,0.0,88.0,0.0,907.7550626978148,0.10846204947724554,100.0,1.0,5.7557784449899
220,2036,11,11,8.709926167270339E18,41.0836258535067,9.164448103081298E-5,1.0,40.91558089805589,1.0,672.3888924821183,349.9050802139037,631.6464616597921,100.0,0.0,5.8810160427807485,0.0,0.0,88.0,0.0,911.0723206001753,0.11509472052693015,100.0,1.0,5.84204809224756
236,2036,11,11,4.2692437014197545E18,40.33334964934371,8.256787108846407E-5,1.0,15.920497040250646,3.0,584.5372187528571,349.4505347593583,175.91214031241898,100.0,0.0,5.790106951871658,0.0,0.0,88.0,0.0,926.1192710424223,0.10191814610599098,100.0,1.0,5.735359610495277
231,2036,11,11,4.2848121755587553E18,41.778926690880674,9.403424008740783E-5,0.0,46.45626715550535,0.0,589.3845367216758,349.61096256684493,781.17242082936,100.0,0.0,5.822192513368984,0.0,0.0,88.0,0.0,899.5875012333103,0.09920763493375605,100.0,1.0,5.94091913505675
230,2036,11,11,2.2009420763865405E18,39.9756559149713,1.0029913447874229E-4,1.0,23.294742265274532,3.0,675.4092219247135,356.16577540106954,279.2804734840397,100.0,0.0,5.933155080213904,0.0,0.0,88.0,0.0,917.406354136275,0.11881602679036528,100.0,1.0,5.684495940235244
228,2036,11,12,6.65317065901527E17,41.56138780664307,1.0889217830346599E-4,0.0,26.855441471679445,0.0,679.3525854045098,357.63903743315507,351.2584779640365,100.0,0.0,5.927807486631016,0.0,0.0,88.0,0.0,954.78584208134,0.1149499612558848,100.0,1.0,5.9099853360736185
224,2036,11,12,2.3275888066568E18,40.951098676909055,5.43125961135326E-5,2.0,31.23971354712224,3.0,726.8864362809946,357.4117647058824,418.9697203952452,100.0,0.0,5.882352941176471,0.0,0.0,88.0,0.0,921.0212652694061,0.12482588237937169,100.0,1.0,5.823202868070552
223,2036,11,12,1.858714168763392E18,41.72795685944985,3.1012492380827115E-4,1.0,23.465686391585457,2.0,628.0590005006364,361.927807486631,298.98894567631993,100.0,0.0,5.5855614973262036,0.0,0.0,88.0,0.0,973.2648276839851,0.10584661181407354,100.0,1.0,5.933671279000059
222,2036,11,12,4.90388125562359E18,42.21982225295687,1.088157627397443E-4,0.0,29.004757481106324,0.0,628.7203525632577,357.09090909090907,370.1687115835417,100.0,0.0,5.818181818181818,0.0,0.0,88.0,0.0,904.8042353188325,0.10472364658540285,100.0,1.0,6.0036140171124766
239,2036,11,12,9.054830946953192E18,41.409355313365396,9.386347572889561E-5,1.0,39.51465127259523,1.0,730.621244319721,357.67914438502675,599.5896190345943,100.0,0.0,5.935828877005347,0.0,0.0,88.0,0.0,916.736335758737,0.1240787656870859,100.0,1.0,5.888366476519229
238,2036,11,12,2.857941005564493E18,41.82207136996562,8.221763621640276E-5,1.0,26.313416087599673,1.0,663.3350817549557,350.02139037433153,337.4197136593266,100.0,0.0,5.60427807486631,0.0,0.0,88.0,0.0,943.2025044222536,0.11154010917831782,100.0,1.0,5.947054262736017
235,2036,11,12,8.305991534382669E18,41.385892024798515,1.6745406253146396E-4,1.0,33.848805043118325,1.0,627.5054494174868,357.60561497326205,475.8552553575727,100.0,0.0,5.921122994652406,0.0,0.0,88.0,0.0,928.7940090425192,0.10662739987738397,100.0,1.0,5.88503002173068
234,2036,11,12,8.619173836053503E18,41.800142827696845,1.0642584893900862E-4,0.0,33.23540932867444,0.0,630.9929912931176,357.9264705882353,460.22557746583874,100.0,0.0,5.985294117647059,0.0,0.0,88.0,0.0,923.114829106144,0.10615743276468907,100.0,1.0,5.943936047245893
233,2036,11,12,7.421366990471719E18,41.60902885676166,7.627273089234412E-5,1.0,34.17691470504348,1.0,624.7157659707067,357.2914438502674,520.1781867077179,100.0,0.0,5.858288770053476,0.0,0.0,88.0,0.0,1000.6177789595927,0.10558410051318884,100.0,1.0,5.916759842952601
237,2036,11,13,6.522181452910449E18,41.935387037350736,8.906517053655115E-5,1.0,22.844454755944902,2.0,681.0690984181912,363.7152406417112,286.85183743194267,100.0,0.0,5.643048128342246,0.0,0.0,88.0,0.0,966.9196069159362,0.11421263673990786,100.0,1.0,5.963167630646372
220,2037,2,25,8.709926167270339E18,47.10074474921292,0.00462086136474324,0.0,46.36225400631444,0.0,95.69999999999867,247.8101604278075,800.1523920903669,100.0,0.0,6.762032085561497,0.0,0.0,103.0,615.0219903220581,925.1045655194514,0.014324215232367647,100.0,1.0,6.680994277700505
233,2037,2,25,7.421366990471719E18,47.19576573339834,0.00462086136474324,0.0,46.77440966971732,0.0,101.50000000000001,247.8903743315508,838.4066957453109,100.0,0.0,6.778074866310161,0.0,0.0,103.0,404.9415532312706,953.1816085428159,0.015161762168633686,100.0,1.0,6.694472507290805
229,2037,2,26,7.388801749022034E17,47.83451370594311,0.005334148689502262,0.0,33.334279927298965,0.0,95.69999999999867,255.1831550802139,602.5403729345347,100.0,0.0,6.7366310160427805,0.0,0.0,143.0,614.730399579449,1203.5647274377473,0.014104485508937278,100.0,1.0,6.785075566163584
226,2037,2,26,3.967985631945377E18,46.78872591530013,0.0023131607500009813,0.0,24.62827157243891,0.0,81.19999999999894,250.00534759358288,403.1795423676225,100.0,0.0,6.901069518716578,0.0,0.0,103.0,617.5813603295984,1231.798033304258,0.012234929871126617,100.0,1.0,6.636736038154494
225,2037,2,26,4.86643095885923E18,47.308504158438524,0.00255466891259687,0.0,5.187273423158139,0.0,110.19999999999847,249.47058823529412,66.79337953930207,100.0,0.0,6.794117647058823,0.0,0.0,103.0,618.6959089774593,1212.7578471434458,0.016422113619363573,100.0,1.0,6.710463863193585
224,2037,2,26,2.3275888066568E18,48.32930945776538,0.0030238938149105797,0.0,40.015725996070394,0.0,113.1000000000005,249.02941176470588,666.959757406201,100.0,0.0,6.705882352941177,0.0,0.0,103.0,613.5800705334984,998.9729219557321,0.016498280741228454,100.0,1.0,6.855259755482809
222,2037,2,26,4.90388125562359E18,48.661914372176554,0.014959392862316198,0.0,38.38770080292906,0.0,104.39999999999992,254.82219251336898,613.9499737084856,100.0,0.0,6.6644385026737964,0.0,0.0,143.0,612.9159389197013,984.3732131217031,0.015125090533821302,100.0,1.0,6.902438022870044
239,2037,2,26,9.054830946953192E18,47.76200083330094,0.005334148689502262,0.0,40.37699270981018,0.0,113.1000000000005,255.55748663101605,718.8193462705058,100.0,0.0,6.811497326203209,0.0,0.0,143.0,611.4229470750392,1060.3330986921465,0.016694244410882988,100.0,1.0,6.774789994464832
238,2037,2,26,2.857941005564493E18,46.509922568531486,0.005334148689502262,0.0,39.063500400914755,0.0,104.39999999999992,249.83155080213905,592.0637386985195,100.0,0.0,6.866310160427807,0.0,0.0,103.0,402.6321678204304,922.5587893748332,0.01582492121640762,100.0,1.0,6.597189241723096
231,2037,2,26,4.2848121755587553E18,47.20214278043747,0.005334148689502262,0.0,50.66898633192268,0.0,101.50000000000001,249.71122994652407,972.9606346667439,100.0,0.0,6.842245989304812,0.0,0.0,103.0,612.9063813728153,946.5360589789929,0.015159713802503435,100.0,1.0,6.695377058057559
230,2037,2,26,2.2009420763865405E18,47.36240732144267,0.0030762103168986534,0.0,35.11395890143985,0.0,121.80000000000169,255.89171122994654,501.0752439393115,100.0,0.0,6.878342245989304,0.0,0.0,143.0,406.7855239628131,924.9028796674276,0.018130099778751282,100.0,1.0,6.718109744920042
228,2037,2,27,6.65317065901527E17,47.33567115173005,0.003224235542272485,1.0,26.503559107691768,1.0,104.39999999999992,257.5120320855615,373.3878952121316,100.0,0.0,6.902406417112299,0.0,0.0,143.0,401.7898009945117,1034.0006818280956,0.015548862887546292,100.0,1.0,6.7143173590924174
227,2037,2,27,2.7812977706100634E18,47.82464434091425,0.006016423521880461,0.0,16.477294005940042,0.0,63.80000000000056,257.55213903743316,259.3105622141758,100.0,0.0,6.910427807486631,0.0,0.0,143.0,616.0346910804477,1311.1286485753617,0.00940493079374361,100.0,1.0,6.783675648356911
237,2037,2,27,6.522181452910449E18,49.20433306052284,0.006016423521880461,0.0,27.54374057706228,0.0,81.19999999999894,256.8034759358289,427.83834381229593,100.0,0.0,6.760695187165775,0.0,0.0,143.0,614.1244230261622,1124.2185252538231,0.011634275778698642,100.0,1.0,6.979377276638839
236,2037,2,27,4.2692437014197545E18,48.782871780463246,0.006016423521880461,0.0,26.313016682818244,0.0,89.90000000000086,256.2620320855615,354.06036606776695,100.0,0.0,6.652406417112299,0.0,0.0,143.0,612.9971657172388,990.087936000046,0.012992089482165011,100.0,1.0,6.919595198556148
235,2037,2,27,8.305991534382669E18,47.40823847566703,0.006016423521880461,0.0,41.238393185254,0.0,95.69999999999867,257.3783422459893,669.0134929059668,100.0,0.0,6.875668449197861,0.0,0.0,143.0,608.0932482794753,952.2948351180817,0.01423130719650817,100.0,1.0,6.724610654422516
234,2037,2,27,8.619173836053503E18,48.09084261216888,0.006016423521880461,0.0,23.959184245415468,0.0,89.90000000000086,257.4318181818182,371.5965502946696,100.0,0.0,6.886363636363637,0.0,0.0,143.0,612.1911251879686,1177.3741212377597,0.013179046174757342,100.0,1.0,6.821434480758705
232,2037,2,27,6.261277189363532E18,47.875479121511034,0.006016423521880461,0.0,34.09591138983551,0.0,87.00000000000001,257.53877005347596,535.9295873426793,100.0,0.0,6.907754010695188,0.0,0.0,143.0,410.77081631816696,1034.686442318156,0.012811287983147854,100.0,1.0,6.790886296088341
223,2037,2,28,1.858714168763392E18,49.8177769310601,0.006667685861877828,0.0,33.099627844952515,0.0,57.99999999999999,257.24732620320856,511.0404695273,100.0,0.0,6.5494652406417115,0.0,0.0,143.0,410.14913117720266,1031.6607146325857,0.00820786725998947,100.0,1.0,7.066391080997381
221,2037,2,28,6.977615103056312E17,49.381254268047655,0.006667685861877828,0.0,2.425498890504769,0.0,69.59999999999908,258.8983957219251,41.24904021433711,100.0,0.0,6.879679144385027,0.0,0.0,143.0,615.2271528557301,1639.53496377075,0.00993650824707739,100.0,1.0,7.0044726245228475
227,2037,7,8,2.7812977706100634E18,40.161131193151085,9.679304738085867E-5,0.0,29.487035018830337,0.0,167.0565607464217,231.96657754010695,388.4450092337812,100.0,0.0,5.99331550802139,0.0,0.0,103.10000000000001,272.67999999999535,927.0607338399631,0.029398613143671436,100.0,1.0,5.68246399685638
221,2037,7,8,6.977615103056312E17,39.6833388910113,1.1155572798858674E-4,1.0,19.37545222562983,1.0,265.63787760178064,231.9331550802139,259.197008580537,100.0,0.0,5.9866310160427805,0.0,0.0,103.10000000000001,275.0,1074.6641318810316,0.04730979212711235,100.0,1.0,5.614860384253276
235,2037,7,8,8.305991534382669E18,40.33783336194458,5.895911099016561E-5,0.0,45.01451163355792,0.0,208.8956071423682,231.50534759358288,619.8430335193182,100.0,0.0,5.901069518716578,0.0,0.0,103.10000000000001,274.79000000000116,756.2309774171712,0.036600412812560185,100.0,1.0,5.707465875102954
234,2037,7,8,8.619173836053503E18,40.75839654014747,8.548096025586301E-5,0.0,34.8750669487925,0.0,180.60682626470933,231.14438502673798,457.1451009491393,100.0,0.0,5.828877005347594,0.0,0.0,103.10000000000001,275.0,852.384527652791,0.03131744437772127,100.0,1.0,5.766972045560338
233,2037,7,8,7.421366990471719E18,40.379860095801504,5.866911157931726E-5,0.0,41.91094843016054,0.0,251.69056495099147,231.89973262032086,634.9145853943807,100.0,0.0,5.979946524064171,0.0,0.0,103.10000000000001,275.0,878.8300491215913,0.04405258214517136,100.0,1.0,5.713412306265444
230,2037,7,8,2.2009420763865405E18,40.61103485493131,7.887205590240873E-5,0.0,36.42401944915522,0.0,155.5614915000768,231.26470588235293,444.6457696937989,100.0,0.0,5.852941176470588,0.0,0.0,103.10000000000001,275.0,775.0192861939053,0.027072432907463348,100.0,1.0,5.746121600219813
229,2037,7,9,7.388801749022034E17,40.29178919161537,5.728203247289825E-5,1.0,42.79213525475214,1.0,168.52358587134287,232.98529411764707,649.8591899561922,100.0,0.0,5.897058823529412,0.0,0.0,103.10000000000001,266.4143555740517,867.6650581182549,0.029560609373233505,100.0,1.0,5.700951010297419
226,2037,7,9,3.967985631945377E18,41.224005904076655,3.8630409044378556E-5,0.0,37.07149870651129,0.0,233.43448510317236,233.41310160427807,533.1552360329999,100.0,0.0,5.982620320855615,0.0,0.0,103.10000000000001,275.0,903.7833376811628,0.040020643440231894,100.0,1.0,5.832851874353066
225,2037,7,9,4.86643095885923E18,40.92781358137285,4.0656125302605014E-5,0.0,15.962148308091335,0.0,200.4082719109514,233.46657754010695,174.98756305424368,100.0,0.0,5.99331550802139,0.0,0.0,103.10000000000001,275.0,918.1872849167987,0.034607190416658815,100.0,1.0,5.790943139217715
224,2037,7,9,2.3275888066568E18,40.61184140553302,6.204980468352763E-5,0.0,40.78874876165017,0.0,261.20299743810364,233.4866310160428,564.3406037329199,100.0,0.0,5.997326203208556,0.0,0.0,103.10000000000001,270.95999999999896,818.1180906470336,0.04545636659346718,100.0,1.0,5.746235720380756
223,2037,7,9,1.858714168763392E18,40.500919453407796,8.088808654362836E-5,0.0,29.32164942376586,0.0,292.91790914144417,233.40641711229947,363.6761557285858,100.0,0.0,5.981283422459893,0.0,0.0,103.10000000000001,275.0,874.8779316629142,0.05111522617317054,100.0,1.0,5.730541192346156
239,2037,7,9,9.054830946953192E18,41.2035048706421,4.848732392249391E-5,0.0,48.50200790714584,0.0,161.2541586910501,233.0855614973262,742.9674326854499,100.0,0.0,5.9171122994652405,0.0,0.0,103.10000000000001,240.11057528533328,788.0574183327752,0.02765960718214016,100.0,1.0,5.829951149674031
237,2037,7,9,6.522181452910449E18,40.0420477536792,4.6537353512645716E-5,1.0,34.06469422997042,1.0,209.43970047988518,233.4264705882353,429.67922916395065,100.0,0.0,5.985294117647059,0.0,0.0,103.10000000000001,229.85578342943612,830.2263244935526,0.036966809792611355,100.0,1.0,5.665614686657284
236,2037,7,9,4.2692437014197545E18,40.89210601231321,4.756517236323178E-5,0.0,28.77366699586597,0.0,227.72786551921993,233.23930481283423,320.5526903431584,100.0,0.0,5.947860962566845,0.0,0.0,103.10000000000001,257.31435557405285,792.1315265088284,0.03935917090766584,100.0,1.0,5.785890816995493
232,2037,7,9,6.261277189363532E18,40.5985373164682,9.518874272813726E-5,0.0,35.99263920709649,0.0,322.07992048739544,233.4933155080214,478.7567055465387,100.0,0.0,5.998663101604278,0.0,0.0,103.10000000000001,275.0,849.8141148912599,0.056068960854693733,100.0,1.0,5.744353303106258
231,2037,7,9,4.2848121755587553E18,41.08057413527048,1.47257798579426E-4,0.0,51.5088598710872,0.0,172.28970383045646,233.4866310160428,850.1694860791018,100.0,0.0,5.997326203208556,0.0,0.0,103.10000000000001,275.0,799.5677757254778,0.029640946251981142,100.0,1.0,5.812557479299129
228,2037,7,10,6.65317065901527E17,41.086495927193894,4.6537353512645716E-5,1.0,29.703154014446362,1.0,166.2853423746016,235.2807486631016,362.37023263339626,100.0,0.0,6.05614973262032,0.0,0.0,103.10000000000001,275.0,856.1760157132964,0.028603824784441415,100.0,1.0,5.813395363302947
222,2037,7,10,4.90388125562359E18,40.52937993370466,7.737647799607562E-5,1.0,40.86378316552407,1.0,195.92463540821146,234.9398395721925,537.6433650545957,100.0,0.0,5.987967914438503,0.0,0.0,103.10000000000001,251.92435557404772,776.9698510645616,0.03416554334633098,100.0,1.0,5.73456811215185
220,2037,7,10,8.709926167270339E18,41.885320616973786,1.661977083645612E-4,0.0,48.64935890318894,0.0,222.1804713150439,234.90641711229947,744.9164145976359,100.0,0.0,5.981283422459893,0.0,0.0,103.10000000000001,268.01000000000175,785.4847512574864,0.037489813812616866,100.0,1.0,5.926422372369077
238,2037,7,10,2.857941005564493E18,40.103552199286696,6.570443301022691E-5,1.0,35.7524865303394,2.0,255.43450576690844,235.54144385026737,466.24969336125946,100.0,0.0,6.108288770053476,0.0,0.0,103.10000000000001,275.0,836.4942665341039,0.04501590296579006,100.0,1.0,5.674317051043638
239,2037,11,10,9.054830946953192E18,40.644557187338634,7.560334563829136E-5,0.0,40.10364653407339,0.0,623.2816565470102,346.9852941176471,604.6341580829157,100.0,0.0,5.897058823529412,0.0,0.0,88.0,0.0,901.8631865346523,0.10865089282081514,100.0,1.0,5.73655347291912
229,2037,11,11,7.388801749022034E17,39.90032491218928,3.1012492380827115E-4,1.0,38.012224973054444,2.0,609.6788465939019,354.75935828877004,570.2918307241687,100.0,0.0,5.951871657754011,0.0,0.0,88.0,0.0,928.7488273440888,0.1082619997865297,100.0,1.0,5.631512883523882
228,2037,11,11,6.65317065901527E17,40.99541545492857,3.1012492380827115E-4,0.0,20.893784825570734,0.0,668.2933925625306,348.53208556149735,253.84091647222036,100.0,0.0,5.906417112299465,0.0,0.0,88.0,0.0,958.9783818437265,0.115500330105831,100.0,1.0,5.786073441956267
226,2037,11,11,3.967985631945377E18,40.91273592643031,1.3554411005606252E-4,0.0,36.10735531434756,0.0,626.3383345082146,354.77272727272725,514.1301531151836,100.0,0.0,5.954545454545454,0.0,0.0,88.0,0.0,908.409654107696,0.10846804699873114,100.0,1.0,5.77440409262224
224,2037,11,11,2.3275888066568E18,40.957150501850876,9.443511687218975E-5,1.0,33.81120626217726,1.0,621.1467445313134,354.3716577540107,470.66292134803734,100.0,0.0,5.874331550802139,0.0,0.0,88.0,0.0,920.0808079594573,0.10745232812278015,100.0,1.0,5.780672744675774
223,2037,11,11,1.858714168763392E18,40.625765804955606,1.4824327141886766E-4,2.0,22.896482304344076,2.0,620.173698385263,348.2446524064171,284.2356622722611,100.0,0.0,5.848930481283422,0.0,0.0,88.0,0.0,955.0446450343984,0.10815911708262237,100.0,1.0,5.733901266145827
235,2037,11,11,8.305991534382669E18,39.16897745797496,1.1554579873631559E-4,1.0,31.275038920382595,3.0,581.0951817570406,348.75935828877004,417.35428191621986,100.0,0.0,5.951871657754011,0.0,0.0,88.0,0.0,915.5205056507126,0.10511299013616678,100.0,1.0,5.528290851628053
234,2037,11,11,8.619173836053503E18,41.29532955520802,7.158931759193701E-5,0.0,30.310267064871248,0.0,584.3407881186071,354.3248663101604,401.55068963198096,100.0,0.0,5.864973262032086,0.0,0.0,88.0,0.0,921.9283536832322,0.10025744110845998,100.0,1.0,5.828403175445687
231,2037,11,11,4.2848121755587553E18,40.39750899817253,9.229908446674739E-5,1.0,43.576643213384784,2.0,625.1446085968661,348.0307486631016,705.6076976540668,100.0,0.0,5.80614973262032,0.0,0.0,88.0,0.0,912.661468343911,0.10964207697960143,100.0,1.0,5.701685208983885
230,2037,11,11,2.2009420763865405E18,40.122805123309014,7.252687647527389E-5,1.0,24.771495475127825,2.0,583.2062158884866,348.67914438502675,298.20627069472073,100.0,0.0,5.935828877005347,0.0,0.0,88.0,0.0,903.797159673847,0.1029869522135532,100.0,1.0,5.662913634720962
222,2037,11,12,4.90388125562359E18,40.385893144799375,8.080378421268138E-5,2.0,29.63169226280491,2.0,665.8455969703779,356.3061497326203,387.59639126232423,100.0,0.0,5.961229946524064,0.0,0.0,88.0,0.0,919.1027938863879,0.11681407936494026,100.0,1.0,5.700045752962719
221,2037,11,12,6.977615103056312E17,41.0325057933848,3.1012492380827115E-4,1.0,31.952706341467184,1.0,578.8729889811949,356.11898395721926,440.06398524378557,100.0,0.0,5.92379679144385,0.0,0.0,88.0,0.0,935.7139750439222,0.0999554769886558,100.0,1.0,5.791308354687684
220,2037,11,12,8.709926167270339E18,41.07675032829134,1.0927587167310467E-4,1.0,37.479352456266994,1.0,678.6656731125389,356.2860962566845,561.5625789108146,100.0,0.0,5.957219251336898,0.0,0.0,88.0,0.0,935.5601916246887,0.11706071031304695,100.0,1.0,5.797553007303925
238,2037,11,12,2.857941005564493E18,41.75491115480115,3.1012492380827115E-4,0.0,28.73447013517339,0.0,661.716740870715,356.072192513369,389.3198259825621,100.0,0.0,5.9144385026737964,0.0,0.0,88.0,0.0,963.6922841677386,0.11228349139262452,100.0,1.0,5.893268303858431
237,2037,11,12,6.522181452910449E18,40.62517701965313,9.752356094599722E-5,1.0,24.5012649018495,2.0,619.0523999510092,356.072192513369,312.9210565467891,100.0,0.0,5.9144385026737964,0.0,0.0,88.0,0.0,962.1514200719614,0.10796512587386009,100.0,1.0,5.733818165268223
236,2037,11,12,4.2692437014197545E18,40.86158808606935,3.1012492380827115E-4,1.0,14.836450631493118,2.0,626.4664871376626,355.06951871657753,164.985320585881,100.0,0.0,5.713903743315508,0.0,0.0,88.0,0.0,944.1016033418367,0.10862604114599493,100.0,1.0,5.7671851107570316
233,2037,11,12,7.421366990471719E18,41.630731980921816,3.1012492380827115E-4,0.0,35.84054489389176,0.0,584.3287950442598,355.8449197860963,558.4463026659132,100.0,0.0,5.8689839572192515,0.0,0.0,88.0,0.0,998.3068278731616,0.09944766524047831,100.0,1.0,5.87574171431045
232,2037,11,12,6.261277189363532E18,41.910520896372184,1.147760635855926E-4,0.0,33.35118559502774,0.0,623.9028646266328,355.7580213903743,456.6790536929026,100.0,0.0,5.851604278074866,0.0,0.0,88.0,0.0,911.4128572969352,0.10547396472084841,100.0,1.0,5.91523098878362
227,2037,11,14,2.7812977706100634E18,42.16799918912828,9.466572765820244E-5,1.0,28.963187098818103,1.0,588.430996590894,365.0788770053476,399.46841144090143,100.0,0.0,5.915775401069519,0.0,0.0,88.0,0.0,978.3364103692803,0.09886985498978478,100.0,1.0,5.951571352579516
225,2037,11,14,4.86643095885923E18,42.86213427890901,3.1012492380827115E-4,0.0,16.165047845164946,0.0,632.5710655399301,370.6711229946524,185.02128314567906,100.0,0.0,5.834224598930481,0.0,0.0,88.0,0.0,956.9699566654319,0.10456512973420726,100.0,1.0,6.049541249055533
232,2038,2,25,6.261277189363532E18,45.96379999612741,0.006109460999022942,0.0,29.760648467779568,0.0,110.19999999999847,245.99598930481284,443.5804781481952,100.0,0.0,6.699197860962567,0.0,0.0,103.30000000000145,610.8404518269684,1045.0740421849252,0.017029373266156077,100.0,1.0,6.471171796968496
229,2038,2,26,7.388801749022034E17,47.098845424230085,0.006791735831401139,0.0,31.478053382700743,0.0,95.69999999999867,247.66978609625667,539.0157040972608,100.0,0.0,6.733957219251337,0.0,0.0,103.30000000000145,617.1927818723325,1171.8656976462312,0.014432270938796198,100.0,1.0,6.630973074565981
227,2038,2,26,2.7812977706100634E18,47.52028568794565,0.006791735831401139,0.0,18.395799202848075,0.0,101.50000000000001,247.78342245989305,282.7599196858001,100.0,0.0,6.75668449197861,0.0,0.0,103.30000000000145,612.9757369032054,1251.7637648972013,0.015171202175012803,100.0,1.0,6.690306992755791
224,2038,2,26,2.3275888066568E18,47.85232769990761,0.006791735831401139,0.0,37.76142874719658,0.0,101.50000000000001,246.92780748663102,604.5083886326642,100.0,0.0,6.5855614973262036,0.0,0.0,103.30000000000145,614.8966323584309,995.2313338587595,0.015065930880256479,100.0,1.0,6.737054670349855
239,2038,2,26,9.054830946953192E18,47.71049115661069,0.006791735831401139,0.0,39.646446997920954,0.0,87.00000000000001,247.6096256684492,695.1320150700038,100.0,0.0,6.721925133689839,0.0,0.0,103.30000000000145,610.4073592447833,1056.8214606999395,0.012952045510488132,100.0,1.0,6.717085724378464
228,2038,2,27,6.65317065901527E17,47.5265494053059,0.007442998171398509,0.0,24.98121134971237,0.0,113.1000000000005,249.71122994652407,355.0862352097948,100.0,0.0,6.842245989304812,0.0,0.0,103.30000000000145,605.709906076676,1064.740151343766,0.01690282586631318,100.0,1.0,6.69118885176504
225,2038,2,27,4.86643095885923E18,48.12606983440044,0.007442998171398509,0.0,-0.11607480392667846,0.0,63.80000000000056,249.3235294117647,-1.0665643502493813,100.0,0.0,6.764705882352941,0.0,0.0,103.30000000000145,610.3007809400575,1302.6497542965108,0.009416148051786356,100.0,1.0,6.775594399017222
223,2038,2,27,1.858714168763392E18,47.50564849651797,0.007442998171398509,0.0,27.29632923028151,0.0,78.30000000000099,249.9451871657754,391.7578867051004,100.0,0.0,6.88903743315508,0.0,0.0,103.30000000000145,619.6141333691737,1041.8005842294717,0.011707104841440443,100.0,1.0,6.688246245377175
221,2038,2,27,6.977615103056312E17,48.16743830531368,0.005084015144397887,0.0,3.6103166934220305,0.0,107.3000000000015,249.4572192513369,58.70610296605468,100.0,0.0,6.791443850267379,0.0,0.0,103.30000000000145,609.3892294368115,1549.7251810625069,0.01582264807761918,100.0,1.0,6.781418601591426
220,2038,2,27,8.709926167270339E18,48.76505555671041,0.007442998171398509,0.0,44.10861273624187,0.0,60.90000000000083,255.65106951871658,796.7536611336847,100.0,0.0,6.830213903743315,0.0,0.0,143.0,612.7740380435291,1008.839222645307,0.008870366536313653,100.0,1.0,6.86555620342039
237,2038,2,27,6.522181452910449E18,47.91665377661909,0.007442998171398509,0.0,32.750624871374065,0.0,121.80000000000169,249.61096256684493,478.4788127250809,100.0,0.0,6.822192513368984,0.0,0.0,103.30000000000145,411.2744425894863,981.3317166366002,0.018054846607956993,100.0,1.0,6.74611103847999
236,2038,2,27,4.2692437014197545E18,46.876004151680576,0.007442998171398509,1.0,22.48089237258904,1.0,101.50000000000001,250.11229946524065,286.4721704447153,100.0,0.0,6.922459893048129,0.0,0.0,103.30000000000145,614.4328754337047,986.16738432012,0.015379720917623137,100.0,1.0,6.599599598955946
235,2038,2,27,8.305991534382669E18,48.737827139021455,0.007442998171398509,0.0,41.47112680879314,0.0,78.30000000000099,254.24064171122996,686.0521655742023,100.0,0.0,6.548128342245989,0.0,0.0,143.0,618.5147762621475,967.3407096722492,0.011411128483897364,100.0,1.0,6.861722756911624
233,2038,2,27,7.421366990471719E18,47.26755246388908,0.007442998171398509,0.0,39.1289350764475,0.0,89.90000000000086,249.5441176470588,731.5038042572666,100.0,0.0,6.8088235294117645,0.0,0.0,103.30000000000145,615.5211804582503,1136.9237300033403,0.013509198197550084,100.0,1.0,6.654725075860118
230,2038,2,27,2.2009420763865405E18,48.63588789719714,0.007442998171398509,0.0,24.77430778711233,0.0,107.3000000000015,254.81550802139037,361.0961693272624,100.0,0.0,6.663101604278075,0.0,0.0,143.0,623.3494150331285,1095.0552398318014,0.015670248001154165,100.0,1.0,6.847370889860742
226,2038,2,28,3.967985631945377E18,48.681451406072604,0.008094260511395874,0.0,35.0184471373934,0.0,84.09999999999899,257.572192513369,613.8719847017944,100.0,0.0,6.9144385026737964,0.0,0.0,143.0,408.91809043211975,1138.0194509391695,0.012270590826181408,100.0,1.0,6.853785705294421
222,2038,2,28,4.90388125562359E18,48.43414051297077,0.004337760188315046,0.0,34.08318441746549,0.0,63.80000000000056,257.4385026737968,549.2598251770532,100.0,0.0,6.887700534759358,0.0,0.0,143.0,621.5172627950701,1061.2676518545923,0.009356255606310716,100.0,1.0,6.8189671899267035
238,2038,2,28,2.857941005564493E18,48.96635761400218,0.017509786773323405,0.0,29.00079346174377,0.0,98.59999999999975,256.56283422459893,474.3251587536745,100.0,0.0,6.712566844919786,0.0,0.0,143.0,613.7962015287909,1159.985003716169,0.014302505106614617,100.0,1.0,6.8938972064690445
234,2038,2,28,8.619173836053503E18,48.21525090255531,0.0031867167367700296,0.0,19.843666562449144,0.0,69.59999999999908,257.2513368983957,308.81126197637127,100.0,0.0,6.850267379679145,0.0,0.0,143.0,604.1061070676087,1244.774687909172,0.010253161665167715,100.0,1.0,6.78815006267246
231,2038,2,28,4.2848121755587553E18,48.041183241104065,0.008094260511395874,0.0,52.67439721177473,0.0,87.00000000000001,257.53208556149735,1050.3582210242816,100.0,0.0,6.906417112299465,0.0,0.0,143.0,405.0910967193443,942.9984130402811,0.012862889943548372,100.0,1.0,6.763643347787216
228,2038,7,7,6.65317065901527E17,40.414890632696704,3.606942589070378E-5,0.0,25.376370976512778,0.0,214.5391722281536,230.4264705882353,303.0424291854344,100.0,0.0,5.985294117647059,0.0,0.0,103.39999999999998,272.75,889.2818048912956,0.03779891898150195,100.0,1.0,5.675801795631903
227,2038,7,7,2.7812977706100634E18,39.38966867246004,3.875592649441029E-5,0.0,25.15604594217163,0.0,235.27352173712873,230.5,319.8112122707511,100.0,0.0,6.0,0.0,0.0,103.39999999999998,275.0,948.9961515639098,0.04253093324439829,100.0,1.0,5.531821283703348
226,2038,7,7,3.967985631945377E18,40.195460113509625,5.2850191514701935E-5,1.0,37.66522571232866,1.0,235.10822401805595,228.26069518716577,543.9967048865028,100.0,0.0,5.552139037433155,0.0,0.0,103.39999999999998,272.02999999999895,898.9141004930436,0.0416490407542118,100.0,1.0,5.644985328846508
225,2038,7,7,4.86643095885923E18,40.749979772768725,5.3030937723712575E-5,0.0,14.51364631504719,0.0,256.07717505493736,227.89304812834226,160.04257222771423,100.0,0.0,5.478609625668449,0.0,0.0,103.39999999999998,271.6600000000029,939.311884519377,0.0447463545533388,100.0,1.0,5.72286117184556
231,2038,7,7,4.2848121755587553E18,39.97024007999709,1.1891293090807936E-4,0.0,51.26614794550065,0.0,221.2960168978133,230.4331550802139,840.1498394012509,100.0,0.0,5.9866310160427805,0.0,0.0,103.39999999999998,275.0,797.654704356373,0.039423123189777275,100.0,1.0,5.613355792044327
229,2038,7,8,7.388801749022034E17,40.93295664787255,3.160025716407899E-5,0.0,39.834918516855375,0.0,173.63235154679245,227.94251336898395,585.375690022031,100.0,0.0,5.188502673796791,0.0,0.0,103.39999999999998,275.0,882.9985742598735,0.03020450469143102,100.0,1.0,5.7485581478861905
223,2038,7,8,1.858714168763392E18,41.555244274047666,9.14822784095195E-5,0.0,30.800867645513364,0.0,187.7494602287759,231.6657754010695,381.8956416274462,100.0,0.0,5.933155080213904,0.0,0.0,103.39999999999998,268.10999999999547,856.4731657597696,0.032171183981944185,100.0,1.0,5.835951214420605
221,2038,7,8,6.977615103056312E17,40.837485161637765,4.282310464074442E-5,0.0,20.137463288095972,0.0,260.5686886819946,231.89973262032086,271.8270473200894,100.0,0.0,5.979946524064171,0.0,0.0,103.39999999999998,275.0,1074.845341640709,0.04543362870097888,100.0,1.0,5.735150286958712
220,2038,7,8,8.709926167270339E18,40.831614256213065,5.589850825671794E-5,0.0,47.724799024434034,0.0,286.6149625119513,231.94652406417111,720.1234570686878,100.0,0.0,5.989304812834225,0.0,0.0,103.39999999999998,268.89999999999645,787.9638015033771,0.04998232977734273,100.0,1.0,5.734325786507765
239,2038,7,8,9.054830946953192E18,41.049246715494114,3.1012492380827115E-4,0.0,45.39980055287668,0.0,135.41239123050283,230.28208556149733,683.0967631295453,100.0,0.0,5.656417112299465,0.0,0.0,103.39999999999998,275.0,820.504504744238,0.023489155459317387,100.0,1.0,5.7648897366716145
237,2038,7,8,6.522181452910449E18,39.19188988036789,5.1057774746175684E-5,2.0,26.327905570942608,2.0,260.9382377334035,231.96657754010695,314.1583645630925,100.0,0.0,5.99331550802139,0.0,0.0,103.39999999999998,275.0,876.8780122092137,0.04740844445118509,100.0,1.0,5.50404555040997
236,2038,7,8,4.2692437014197545E18,40.54139225619737,4.68749884837169E-5,0.0,24.840391419335244,0.0,167.3064032764255,231.9398395721925,273.201474348824,100.0,0.0,5.987967914438503,0.0,0.0,103.39999999999998,275.0,824.7225849192548,0.029385162097351005,100.0,1.0,5.693567478789158
232,2038,7,8,6.261277189363532E18,40.91026460505248,5.243911461079998E-5,0.0,37.531476596673166,0.0,260.6290276538252,231.94652406417111,496.54391396177095,100.0,0.0,5.989304812834225,0.0,0.0,103.39999999999998,275.0,825.1445292025822,0.04536330437207148,100.0,1.0,5.7453713141383265
224,2038,7,9,2.3275888066568E18,40.199272523840044,8.850597140647005E-5,1.0,38.10857779641746,2.0,223.24508847859474,233.47994652406416,506.2322530741397,100.0,0.0,5.995989304812834,0.0,0.0,103.39999999999998,275.0,820.9130021996464,0.03954375492637011,100.0,1.0,5.645520737579773
222,2038,7,9,4.90388125562359E18,40.80570237419878,3.1012492380827115E-4,0.0,40.26868452431099,0.0,284.8766647801214,233.38636363636363,545.5280670937193,100.0,0.0,5.9772727272727275,0.0,0.0,103.39999999999998,273.42999999999535,807.9655395227096,0.04971073739045846,100.0,1.0,5.7306867637574195
238,2038,7,9,2.857941005564493E18,41.10781362434338,3.1012492380827115E-4,0.0,34.69656996377424,0.0,165.7300803522934,233.7874331550802,470.60527282850177,100.0,0.0,6.057486631016043,0.0,0.0,103.39999999999998,275.0,884.3191291984177,0.028707220748350044,100.0,1.0,5.773114778511563
235,2038,7,9,8.305991534382669E18,40.76160082496896,4.041242165862278E-5,1.0,43.532669225223174,1.0,264.7958268185271,233.33957219251337,600.9170564736353,100.0,0.0,5.967914438502674,0.0,0.0,103.39999999999998,274.2699999999971,778.4502874235727,0.04625664088298946,100.0,1.0,5.724493213598305
234,2038,7,9,8.619173836053503E18,40.72624843910399,6.836969219759065E-5,0.0,31.51877744886025,0.0,330.4794446477347,233.4866310160428,413.092033444757,100.0,0.0,5.997326203208556,0.0,0.0,103.39999999999998,275.0,895.9212988854638,0.05778089076379539,100.0,1.0,5.719528381774412
233,2038,7,9,7.421366990471719E18,41.01986821140927,3.765479890824077E-5,0.0,43.939466590602834,0.0,283.7074442923528,233.34625668449198,711.1830730360876,100.0,0.0,5.969251336898396,0.0,0.0,103.39999999999998,258.87127581690606,906.2496090091033,0.049248233539145786,100.0,1.0,5.760763867131259
230,2038,7,9,2.2009420763865405E18,40.60583218164179,8.477991356158314E-5,1.0,31.324808161428482,2.0,277.50236610614974,233.26604278074868,376.5555764300719,100.0,0.0,5.9532085561497325,0.0,0.0,103.39999999999998,272.8813815705048,824.0271921501928,0.04866228095846119,100.0,1.0,5.702617317569427
229,2038,11,10,7.388801749022034E17,39.58426875154235,9.997579748815962E-5,1.0,35.252006254399944,3.0,581.4378400987931,346.3034759358289,499.8420745084217,100.0,0.0,5.760695187165775,0.0,0.0,88.0,0.0,916.6219132115143,0.10485172754497585,100.0,1.0,5.5453339082981445
220,2038,11,10,8.709926167270339E18,40.05757857510203,7.895237367827673E-5,1.0,37.498019364946195,2.0,580.6855913100176,346.9652406417112,553.839626392909,100.0,0.0,5.893048128342246,0.0,0.0,88.0,0.0,921.9820213063539,0.10347877556588685,100.0,1.0,5.611639566997817
231,2038,11,10,4.2848121755587553E18,39.55014317541515,3.1012492380827115E-4,1.0,43.455365412952304,2.0,540.9133924238015,347.15909090909093,703.0199909281926,100.0,0.0,5.931818181818182,0.0,0.0,88.0,0.0,913.5430190557689,0.09762804636727451,100.0,1.0,5.540553279012646
228,2038,11,11,6.65317065901527E17,40.464966817399706,1.1020786204984761E-4,1.0,16.74189210612368,2.0,546.9040895178506,354.64572192513367,199.92298115511727,100.0,0.0,5.929144385026738,0.0,0.0,88.0,0.0,990.9115349392083,0.09647769229861958,100.0,1.0,5.668710315179002
227,2038,11,11,2.7812977706100634E18,40.26908300312563,3.1012492380827115E-4,1.0,24.644099452748137,2.0,539.7603385645417,354.76604278074865,319.4273056302345,100.0,0.0,5.9532085561497325,0.0,0.0,88.0,0.0,974.483575661825,0.09568065815314068,100.0,1.0,5.641269081789068
226,2038,11,11,3.967985631945377E18,40.48346001799998,1.5367934777416804E-4,1.0,37.89350509946631,2.0,545.3533213324056,348.4318181818182,549.6999613039305,100.0,0.0,5.886363636363637,0.0,0.0,88.0,0.0,899.9373785508066,0.096160179093834,100.0,1.0,5.671301015363592
225,2038,11,11,4.86643095885923E18,40.688425150059004,8.269997968220564E-5,1.0,15.056719999008216,1.0,549.2317119166796,348.64572192513367,165.35605884192694,100.0,0.0,5.929144385026738,0.0,0.0,88.0,0.0,929.6095702288748,0.09635619650822665,100.0,1.0,5.7000144445280965
222,2038,11,11,4.90388125562359E18,40.18759585504097,3.1012492380827115E-4,1.0,31.147166752671225,2.0,621.2426469758484,348.5922459893048,414.6576412417565,100.0,0.0,5.918449197860962,0.0,0.0,88.0,0.0,915.0208370540106,0.11034792216020387,100.0,1.0,5.629853601356662
221,2038,11,11,6.977615103056312E17,40.24503769995532,9.57766904905099E-5,1.0,28.980876518827415,3.0,583.579596784016,354.4852941176471,384.09884728184045,100.0,0.0,5.897058823529412,0.0,0.0,88.0,0.0,939.7383109525654,0.10351008985335874,100.0,1.0,5.637900591244436
239,2038,11,11,9.054830946953192E18,39.778881241195876,1.4866966625516354E-4,1.0,37.00054885427991,2.0,585.1872728696384,354.8529411764706,538.3217708678275,100.0,0.0,5.970588235294118,0.0,0.0,88.0,0.0,915.125625602419,0.10501158945984093,100.0,1.0,5.572597042666692
235,2038,11,11,8.305991534382669E18,40.80362486597243,1.1667604356970315E-4,1.0,32.2464256340122,1.0,620.902913422503,348.5187165775401,444.5930592293258,100.0,0.0,5.903743315508021,0.0,0.0,88.0,0.0,932.7645631225865,0.10862252049994846,100.0,1.0,5.716152696187874
234,2038,11,11,8.619173836053503E18,41.34594919216283,3.1012492380827115E-4,0.0,30.846937759428865,0.0,620.5756275473038,348.2847593582888,409.38762966396445,100.0,0.0,5.856951871657754,0.0,0.0,88.0,0.0,916.2410535641301,0.1071412411511812,100.0,1.0,5.792126550705561
233,2038,11,11,7.421366990471719E18,40.59218129661413,1.1597790718334748E-4,1.0,37.199633315250495,2.0,623.1152625058654,348.67245989304814,594.4425464887684,100.0,0.0,5.934491978609626,0.0,0.0,88.0,0.0,1002.1481908856979,0.10957738294745037,100.0,1.0,5.686531707046614
224,2038,11,12,2.3275888066568E18,40.532951053114225,8.372703126573197E-5,1.0,30.96242939994327,2.0,618.911277476209,354.94251336898395,413.81581063685724,100.0,0.0,5.688502673796791,0.0,0.0,88.0,0.0,921.0196992686883,0.10899713849121045,100.0,1.0,5.6782341815892545
223,2038,11,12,1.858714168763392E18,40.26133618772999,7.722234158572489E-5,1.0,17.976150136945947,3.0,591.8660053249022,356.24598930481284,215.67567743517378,100.0,0.0,5.949197860962567,0.0,0.0,88.0,0.0,981.1519644130473,0.10493736065703019,100.0,1.0,5.640183835567535
238,2038,11,12,2.857941005564493E18,40.94658995231935,7.523651717813466E-5,1.0,27.301299036767848,2.0,626.7362986360766,356.05213903743316,368.0408315193296,100.0,0.0,5.910427807486631,0.0,0.0,88.0,0.0,978.2152781631358,0.10926021067147132,100.0,1.0,5.736180580143457
237,2038,11,12,6.522181452910449E18,40.30921173209516,1.8818259939822277E-4,1.0,19.95874563121316,2.0,573.7241252459337,356.19251336898395,244.39090101029905,100.0,0.0,5.938502673796791,0.0,0.0,88.0,0.0,977.5561494602281,0.10160000553705627,100.0,1.0,5.6468906887675425
232,2038,11,12,6.261277189363532E18,40.73392148254006,9.397724963887006E-6,1.0,29.60795657789926,3.0,587.0348927904703,356.1524064171123,389.1172060773906,100.0,0.0,5.93048128342246,0.0,0.0,88.0,0.0,923.6033568783431,0.10287328748969499,100.0,1.0,5.706387995516083
230,2038,11,12,2.2009420763865405E18,41.60877425526305,8.740837762352623E-5,0.0,25.096565352068538,0.0,622.4425669267175,356.05882352941177,308.4388548536339,100.0,0.0,5.911764705882353,0.0,0.0,88.0,0.0,918.7400322433595,0.10678476282621527,100.0,1.0,5.828945539165538
236,2038,11,13,4.2692437014197545E18,41.56527360876204,1.6763509395041683E-4,1.0,12.33993237966381,1.0,587.1186105421547,364.0334224598931,139.05375829482313,100.0,0.0,6.00668449197861,0.0,0.0,88.0,0.0,983.8009102118345,0.100830083721047,100.0,1.0,5.8228515625004995
226,2039,2,25,3.967985631945377E18,45.82868679390255,0.006915785800924446,0.0,24.5929069886426,0.0,92.80000000000129,246.30347593582889,414.74784194036766,100.0,0.0,6.760695187165775,0.0,0.0,103.60000000000002,620.8427168969778,1269.4202377332476,0.014490580261876473,100.0,1.0,6.404160380254094
222,2039,2,25,4.90388125562359E18,46.6889153698414,0.006915785800924446,0.0,40.98295825601029,0.0,26.09999999999998,246.45053475935828,646.7880102634755,100.0,0.0,6.790106951871658,0.0,0.0,103.60000000000002,410.1248895931887,930.3559816976721,0.0040003863411734305,100.0,1.0,6.524369841824848
230,2039,2,25,2.2009420763865405E18,47.11701826672602,0.006915785800924446,0.0,27.32017374118342,0.0,95.69999999999867,246.3235294117647,384.79029805845295,100.0,0.0,6.764705882352941,0.0,0.0,103.60000000000002,604.1680425939225,1022.3866936032325,0.014534809772245584,100.0,1.0,6.584193498200375
228,2039,2,26,6.65317065901527E17,46.11437948872101,0.007598060633302642,1.0,26.014130489112468,1.0,107.3000000000015,248.0975935828877,354.8375491857691,100.0,0.0,6.81951871657754,0.0,0.0,103.60000000000002,405.0389260419128,1007.1309477009733,0.016650932726212618,100.0,1.0,6.4440834495166275
239,2039,2,26,9.054830946953192E18,46.980793199941765,0.004244726610783598,0.0,42.956517407190695,0.0,78.30000000000099,248.34491978609626,721.4476197169937,100.0,0.0,6.8689839572192515,0.0,0.0,103.60000000000002,412.9289310373526,956.7746688857177,0.011926599357412504,100.0,1.0,6.565157229947257
238,2039,2,26,2.857941005564493E18,46.694909828319204,0.007598060633302642,0.0,38.661134862974755,0.0,104.39999999999992,248.33155080213905,623.5424638856383,100.0,0.0,6.866310160427807,0.0,0.0,103.60000000000002,409.55987560913906,988.2322240595665,0.01599949116650331,100.0,1.0,6.525207515259784
235,2039,2,26,8.305991534382669E18,46.47442878940566,0.007598060633302642,0.0,40.11544898384163,0.0,60.90000000000083,248.21122994652407,619.4606677894491,100.0,0.0,6.842245989304812,0.0,0.0,103.60000000000002,616.2577506836842,923.8433826043176,0.009377313713974156,100.0,1.0,6.494397207725609
234,2039,2,26,8.619173836053503E18,46.5659647812545,0.007598060633302642,0.0,17.977698851862044,0.0,107.3000000000015,247.475935828877,259.1208437955428,100.0,0.0,6.695187165775401,0.0,0.0,103.60000000000002,614.4247047727654,1179.670858236288,0.016489456069142497,100.0,1.0,6.507188566443808
233,2039,2,26,7.421366990471719E18,47.22903395834268,0.007598060633302642,0.0,33.02229319420402,0.0,98.59999999999975,247.9639037433155,614.5736108863704,100.0,0.0,6.792780748663102,0.0,0.0,103.60000000000002,609.990935952648,1244.9117721337575,0.014939740910718105,100.0,1.0,6.599846716837097
231,2039,2,26,4.2848121755587553E18,46.782953180072205,0.007598060633302642,0.0,51.98042437040449,0.0,66.69999999999933,248.2379679144385,1019.4775809177148,100.0,0.0,6.847593582887701,0.0,0.0,103.60000000000002,613.225230232928,940.9557551754098,0.010202659997039901,100.0,1.0,6.537510807902156
229,2039,2,27,7.388801749022034E17,47.37251304348359,0.008280335465680837,0.0,27.534835505851508,0.0,116.00000000000001,256.17245989304814,493.3338632944485,100.0,0.0,6.934491978609626,0.0,0.0,143.0,615.2456787144756,1296.3683756503963,0.0175229321187232,100.0,1.0,6.619896671063079
227,2039,2,27,2.7812977706100634E18,48.75208849820186,0.008280335465680837,0.0,19.622391306934244,0.0,81.19999999999894,249.92513368983958,310.9579706926324,100.0,0.0,6.885026737967914,0.0,0.0,103.60000000000002,611.381649062112,1271.5029787080916,0.011918950534179261,100.0,1.0,6.8126803418762885
225,2039,2,27,4.86643095885923E18,47.93451083733256,0.008280335465680837,0.0,9.036344333948348,0.0,95.69999999999867,249.75133689839572,116.35914335551787,100.0,0.0,6.850267379679145,0.0,0.0,103.60000000000002,404.7828841484149,1166.8740395096147,0.014286927843413275,100.0,1.0,6.6984309747262705
223,2039,2,27,1.858714168763392E18,48.61260099938135,0.012341318741969387,0.0,24.00896230174222,0.0,110.19999999999847,249.05614973262033,346.42950827997333,100.0,0.0,6.711229946524064,0.0,0.0,103.60000000000002,608.9539126153559,1094.7321964450637,0.01622213269038213,100.0,1.0,6.7931881771214
221,2039,2,27,6.977615103056312E17,47.912795928452155,0.008280335465680837,0.0,-19.494777036228545,0.0,113.1000000000005,255.69117647058823,-301.33731890510523,100.0,0.0,6.838235294117647,0.0,0.0,143.0,614.5690946772104,1850.6703896663664,0.016892203458634313,100.0,1.0,6.6953965050776345
220,2039,2,27,8.709926167270339E18,48.490333224297245,0.008280335465680837,0.0,50.920923829070105,0.0,95.69999999999867,248.6885026737968,910.5992729315452,100.0,0.0,6.637700534759358,0.0,0.0,103.60000000000002,409.0003893091976,877.0576325773035,0.014123163360715512,100.0,1.0,6.776102318988561
237,2039,2,27,6.522181452910449E18,48.485696939295046,0.008280335465680837,0.0,26.5783998360575,0.0,107.3000000000015,248.64171122994654,387.62741811970113,100.0,0.0,6.628342245989304,0.0,0.0,103.60000000000002,619.1080330910595,1068.9946165514366,0.015836576125513705,100.0,1.0,6.775454438483996
236,2039,2,27,4.2692437014197545E18,48.160451816269884,0.008280335465680837,0.0,28.242420514875462,0.0,84.09999999999899,249.82486631016042,387.99755934304227,100.0,0.0,6.864973262032086,0.0,0.0,103.60000000000002,609.1479905971665,984.6205668621249,0.012496277377188987,100.0,1.0,6.7300042613904525
232,2039,2,27,6.261277189363532E18,48.70647889228657,0.008280335465680837,0.0,43.351421008232066,0.0,101.50000000000001,248.86898395721926,719.2954111650655,100.0,0.0,6.67379679144385,0.0,0.0,103.60000000000002,617.3084479126107,939.2097399856184,0.014912639562106257,100.0,1.0,6.8063067961433505
224,2039,2,28,2.3275888066568E18,48.769995916923115,0.008900585313297382,1.0,34.975386132544095,1.0,89.90000000000086,256.9505347593583,572.5340180747105,100.0,0.0,6.790106951871658,0.0,0.0,143.0,409.23852854702693,1063.3528097646372,0.013191135634303965,100.0,1.0,6.815182747891171
229,2039,7,7,7.388801749022034E17,39.95478717822498,1.0935293505228177E-4,0.0,39.18467940032291,0.0,309.00999685764043,230.45320855614975,584.6349985180668,100.0,0.0,5.990641711229946,0.0,0.0,103.69999999999852,244.47435557405436,906.0247688567675,0.05548285043299276,100.0,1.0,5.5694686636699595
228,2039,7,7,6.65317065901527E17,40.239095924270245,6.092827579730277E-5,0.0,23.98297598572096,0.0,248.82520910370877,230.45320855614975,284.80666229601286,100.0,0.0,5.990641711229946,0.0,0.0,103.69999999999852,275.0,900.6865291048509,0.04436098901594278,100.0,1.0,5.609099675714718
225,2039,7,7,4.86643095885923E18,40.70694494541344,9.6509903469307E-6,0.0,9.567435671195502,0.0,142.30954901775556,230.00534759358288,104.54697084314742,100.0,0.0,5.901069518716578,0.0,0.0,103.69999999999852,275.0,982.4940870005661,0.025079599072996714,100.0,1.0,5.674315151671651
221,2039,7,7,6.977615103056312E17,41.000906267531896,6.331664430548615E-5,0.0,12.52015354510817,0.0,155.1854784743556,227.83288770053477,166.1684913933736,100.0,0.0,5.466577540106952,0.0,0.0,103.69999999999852,275.0,1156.3656405885374,0.0271526786783582,100.0,1.0,5.7152916775774605
220,2039,7,7,8.709926167270339E18,40.8829175648102,4.559319667866379E-5,0.0,47.85691802386316,0.0,108.08363468655422,228.8957219251337,719.9623526071165,100.0,0.0,5.679144385026738,0.0,0.0,103.69999999999852,274.8800000000028,783.4947457796108,0.01896588516640655,100.0,1.0,5.698844727690226
234,2039,7,7,8.619173836053503E18,39.11622606973684,5.853622570937546E-5,1.0,28.044127790955738,1.0,255.82175757560438,230.29946524064172,338.63834044013066,100.0,0.0,5.959893048128342,0.0,0.0,103.69999999999852,246.73141859134972,866.9704973628649,0.04691757834417787,100.0,1.0,5.452578044394101
226,2039,7,8,3.967985631945377E18,39.555143217287316,8.250636474626772E-6,1.0,36.881252471374765,2.0,226.37601528561262,231.9331550802139,529.9683109306235,100.0,0.0,5.9866310160427805,0.0,0.0,103.69999999999852,237.4643555740482,905.542049656124,0.04105655512022697,100.0,1.0,5.513760582754932
223,2039,7,8,1.858714168763392E18,40.70354504722359,1.8135960456624044E-4,0.0,27.587067428222085,0.0,262.2469185429586,231.61898395721926,332.5769679653488,100.0,0.0,5.92379679144385,0.0,0.0,103.69999999999852,263.1197692627319,871.117450535152,0.046220348460326174,100.0,1.0,5.673841225322254
222,2039,7,8,4.90388125562359E18,40.11489244259355,3.1012492380827115E-4,0.0,38.47932495292773,0.0,238.2974585919194,231.97994652406416,520.6196702756304,100.0,0.0,5.995989304812834,0.0,0.0,103.69999999999852,275.0,831.0897778929082,0.042615622386445555,100.0,1.0,5.591786421209537
239,2039,7,8,9.054830946953192E18,39.5803852033603,2.307477111668683E-4,1.0,40.551771415246535,2.0,250.2484707941302,231.9933155080214,572.4286105210421,100.0,0.0,5.998663101604278,0.0,0.0,103.69999999999852,275.0,837.9292153705981,0.0453572246448473,100.0,1.0,5.517279171148738
237,2039,7,8,6.522181452910449E18,40.20087587049814,3.814574708588821E-5,1.0,27.392977597283327,1.0,217.2998354030462,231.06417112299465,330.4655673018587,100.0,0.0,5.81283422459893,0.0,0.0,103.69999999999852,274.4800000000029,874.2621560117909,0.03877742254107405,100.0,1.0,5.6037720189596545
236,2039,7,8,4.2692437014197545E18,40.82856321163479,7.520003002140427E-5,0.0,29.17535654645355,0.0,200.04502248968367,231.5788770053476,339.0855550045865,100.0,0.0,5.915775401069519,0.0,0.0,103.69999999999852,274.3599999999953,821.6771090360435,0.03514946423461062,100.0,1.0,5.691268041938044
235,2039,7,8,8.305991534382669E18,40.695854990656436,6.133799917093971E-5,0.0,39.927403977512945,0.0,207.66521542302362,231.94652406417111,533.2917181062795,100.0,0.0,5.989304812834225,0.0,0.0,103.69999999999852,269.3200000000046,801.2832154135124,0.03660737910173617,100.0,1.0,5.672769275448478
233,2039,7,8,7.421366990471719E18,40.19866868652903,8.285464168000832E-6,1.0,38.18840085162574,1.0,281.76805386525956,231.9331550802139,603.4401635729356,100.0,0.0,5.9866310160427805,0.0,0.0,103.69999999999852,272.8299999999964,975.3177228474027,0.05028461613356975,100.0,1.0,5.603464350146498
232,2039,7,8,6.261277189363532E18,40.726232138992394,4.9132592491804686E-5,1.0,42.530447781771336,1.0,163.0019837516015,231.42513368983958,582.8210523628661,100.0,0.0,5.885026737967914,0.0,0.0,103.69999999999852,275.0,786.6714963347897,0.02871267891522287,100.0,1.0,5.677003676072218
231,2039,7,8,4.2848121755587553E18,40.46886842426884,3.5209460014563023E-5,0.0,52.09192539560994,0.0,243.66689077718658,231.9933155080214,872.8816678039371,100.0,0.0,5.998663101604278,0.0,0.0,103.69999999999852,275.0,801.8331293571493,0.04319470553094125,100.0,1.0,5.6411286471820725
227,2039,7,9,2.7812977706100634E18,40.42721527312849,4.4686588444995854E-5,0.0,25.99573353285537,0.0,228.74704309452298,233.37967914438502,340.90895499217703,100.0,0.0,5.975935828877005,0.0,0.0,103.69999999999852,275.0,968.0733023896245,0.040591651263991405,100.0,1.0,5.6353224363021415
224,2039,7,9,2.3275888066568E18,40.39066953376017,4.593082402373684E-5,1.0,35.80163609879153,1.0,279.2230601039289,233.44652406417111,484.3158918179414,100.0,0.0,5.989304812834225,0.0,0.0,103.69999999999852,273.72000000000105,867.1395923199269,0.04959356027911306,100.0,1.0,5.630228169392532
238,2039,7,9,2.857941005564493E18,40.67398766006048,3.1012492380827115E-4,1.0,35.71187556021734,1.0,205.5765365884862,231.08021390374333,495.566619606451,100.0,0.0,5.516042780748663,0.0,0.0,103.69999999999852,269.6300000000027,890.8919409114849,0.03625866831088675,100.0,1.0,5.669721094714374
230,2039,7,9,2.2009420763865405E18,40.583222764985166,9.820295244087116E-5,1.0,30.452249508949645,1.0,204.72650001164877,233.44652406417111,364.95590060212686,100.0,0.0,5.989304812834225,0.0,0.0,103.69999999999852,275.0,831.9852811597013,0.03618950033187614,100.0,1.0,5.657068987805926
225,2039,11,9,4.86643095885923E18,40.50081111165472,6.774244731504391E-5,0.0,15.14778958280485,0.0,541.9057367212408,339.4117647058824,163.9986991698606,100.0,0.0,5.882352941176471,0.0,0.0,88.0,0.0,914.853017632313,0.09622645498045758,100.0,1.0,5.631567086528287
228,2039,11,10,6.65317065901527E17,40.45460092107755,7.476492859408656E-5,0.0,18.3434781425754,0.0,541.5503773996397,341.0120320855615,218.54103311186464,100.0,0.0,5.902406417112299,0.0,0.0,88.0,0.0,970.3426560098026,0.0962731984435895,100.0,1.0,5.62514164019342
227,2039,11,10,2.7812977706100634E18,41.13346346594316,3.1012492380827115E-4,0.0,27.143221505667217,0.0,613.5477274528803,346.8449197860963,361.1094256387682,100.0,0.0,5.8689839572192515,0.0,0.0,88.0,0.0,967.4341690432512,0.10727228504659582,100.0,1.0,5.719536292028959
224,2039,11,10,2.3275888066568E18,38.80266380505716,1.0889217830346599E-4,2.0,30.457355693464248,4.0,613.2490117732431,341.09893048128345,394.9337552258049,100.0,0.0,5.919786096256685,0.0,0.0,88.0,0.0,900.1648381937721,0.11366055568117046,100.0,1.0,5.395442667845734
223,2039,11,10,1.858714168763392E18,40.274744794183064,6.991093864027752E-5,1.0,19.693040425905192,1.0,578.3136616249977,341.0053475935829,234.49829731145448,100.0,0.0,5.901069518716578,0.0,0.0,88.0,0.0,953.5590555054986,0.10326784485046367,100.0,1.0,5.600132959707071
222,2039,11,10,4.90388125562359E18,38.637848707559876,6.798003590711776E-5,2.0,30.065625926091514,4.0,573.713760910803,341.24598930481284,390.98564338980356,100.0,0.0,5.949197860962567,0.0,0.0,88.0,0.0,907.7215708403398,0.10678660712826939,100.0,1.0,5.372525416241313
234,2039,11,10,8.619173836053503E18,40.621089894341075,1.0873945435072617E-4,1.0,26.44338184909711,1.0,533.8039229814631,346.9318181818182,330.74097388563064,100.0,0.0,5.886363636363637,0.0,0.0,88.0,0.0,918.1417134960838,0.09450714603300639,100.0,1.0,5.6482916413012125
232,2039,11,10,6.261277189363532E18,39.7696371267654,8.345665333914721E-5,1.0,31.702335080626263,3.0,578.5278234027181,346.9451871657754,423.3882217496012,100.0,0.0,5.88903743315508,0.0,0.0,88.0,0.0,910.6174241224865,0.10461816086136262,100.0,1.0,5.529898620272714
230,2039,11,10,2.2009420763865405E18,39.75793136787745,1.4938580144907088E-4,1.0,23.130363972697378,3.0,614.909116596768,340.9251336898396,271.007918735707,100.0,0.0,5.885026737967914,0.0,0.0,88.0,0.0,898.6817534532769,0.11122991648013714,100.0,1.0,5.528270954933022
220,2039,11,11,8.709926167270339E18,40.43151415108718,1.221926413744173E-4,2.0,36.174603390515806,3.0,548.9098624570729,354.3114973262032,536.9237146535544,100.0,0.0,5.862299465240642,0.0,0.0,88.0,0.0,946.2422903473032,0.09763723835162429,100.0,1.0,5.6219314651267105
239,2039,11,11,9.054830946953192E18,40.87924558110088,3.1012492380827115E-4,0.0,37.64332773051599,0.0,572.4742342915562,348.83288770053474,547.5686829088088,100.0,0.0,5.966577540106952,0.0,0.0,88.0,0.0,905.4552465899324,0.10071346348628685,100.0,1.0,5.684187738906471
238,2039,11,11,2.857941005564493E18,40.55994179121602,9.004788728463155E-5,1.0,28.17425619799525,1.0,618.6230180953687,348.77272727272725,389.0345232027219,100.0,0.0,5.954545454545454,0.0,0.0,88.0,0.0,990.1045477588713,0.10968903387246448,100.0,1.0,5.639789104302278
237,2039,11,11,6.522181452910449E18,40.57381461428402,7.85524123121254E-5,1.0,19.191387128789174,2.0,577.2530154344088,354.3716577540107,233.25947462824593,100.0,0.0,5.874331550802139,0.0,0.0,88.0,0.0,979.6260914755171,0.10231865640894687,100.0,1.0,5.641718096133376
236,2039,11,11,4.2692437014197545E18,39.64078326699113,1.7306078337515131E-4,2.0,15.23245860081722,3.0,582.1546472680538,348.8529411764706,171.7866018954201,100.0,0.0,5.970588235294118,0.0,0.0,88.0,0.0,952.4097166859779,0.10561621523131172,100.0,1.0,5.51198171599946
235,2039,11,11,8.305991534382669E18,40.653385955616805,1.30304589835408E-4,1.0,28.84971067811024,1.0,581.1516707814168,348.69919786096256,384.1685554127802,100.0,0.0,5.939839572192513,0.0,0.0,88.0,0.0,945.704257253861,0.10280807477941897,100.0,1.0,5.652782352245321
233,2039,11,11,7.421366990471719E18,40.153499018034694,3.1012492380827115E-4,1.0,35.08379309911935,3.0,577.2759487693979,348.61229946524065,552.4629039009244,100.0,0.0,5.922459893048129,0.0,0.0,88.0,0.0,1020.6064017596689,0.10339380699100965,100.0,1.0,5.583273946181259
229,2039,11,12,7.388801749022034E17,41.654712119488245,9.70960938660836E-5,0.0,38.033509151970826,0.0,545.374121353217,356.27272727272725,590.064829420261,100.0,0.0,5.954545454545454,0.0,0.0,88.0,0.0,960.1591263934813,0.09415965266934487,100.0,1.0,5.792015007408498
226,2039,11,12,3.967985631945377E18,41.58674145730907,1.5337533323851193E-4,1.0,38.780595367660375,1.0,575.1746924069043,355.65106951871655,584.2882855796371,100.0,0.0,5.830213903743315,0.0,0.0,88.0,0.0,921.205130200273,0.09946707234973592,100.0,1.0,5.7825638054826225
221,2039,11,12,6.977615103056312E17,39.9572229093029,1.306339190430796E-4,1.0,25.61701293725676,4.0,552.6296003252288,356.21256684491976,329.8826487897784,100.0,0.0,5.942513368983957,0.0,0.0,88.0,0.0,955.7868100961105,0.09946569135539533,100.0,1.0,5.55598209588328
231,2039,11,12,4.2848121755587553E18,41.56757663043565,3.1012492380827115E-4,1.0,44.89903914051279,2.0,582.2733476265018,356.03877005347596,770.8980968750388,100.0,0.0,5.907754010695188,0.0,0.0,88.0,0.0,945.014256158933,0.10074109438121609,100.0,1.0,5.7798989697601595
239,2040,2,24,9.054830946953192E18,44.77940410251213,0.007039835770447758,0.0,33.70766763663076,0.0,40.59999999999947,245.07085561497325,561.5186313814863,100.0,0.0,6.814171122994653,0.0,0.0,103.89999999999996,614.6070153987375,1102.490301636862,0.00653673902506067,100.0,1.0,6.211048023233977
229,2040,2,25,7.388801749022034E17,46.50541948870539,0.007722110602825949,0.0,32.24091411165268,0.0,101.50000000000001,246.63770053475935,542.6094605597327,100.0,0.0,6.827540106951871,0.0,0.0,103.89999999999996,406.41414965429266,1138.8601578607525,0.015735331577158788,100.0,1.0,6.450451933744832
223,2040,2,25,1.858714168763392E18,46.70311240289545,0.007722110602825949,0.0,21.96070663728388,0.0,60.90000000000083,245.93582887700535,308.8811797399674,100.0,0.0,6.68716577540107,0.0,0.0,103.89999999999996,608.462772241385,1095.4876696843596,0.009401234626208151,100.0,1.0,6.47787257965329
238,2040,2,25,2.857941005564493E18,47.250465386757696,0.007722110602825949,0.0,34.809739794705855,0.0,104.39999999999992,244.33155080213905,584.7969618927727,100.0,0.0,6.366310160427807,0.0,0.0,103.89999999999996,609.2525324621249,1094.0093028861668,0.015929708587626334,100.0,1.0,6.553792206914215
237,2040,2,25,6.522181452910449E18,46.41972149339339,0.007722110602825949,0.0,19.534138926307534,0.0,92.80000000000129,246.30347593582889,266.7239269693972,100.0,0.0,6.760695187165775,0.0,0.0,103.89999999999996,614.7979396927822,1096.393547808868,0.014413148741779413,100.0,1.0,6.438565344920213
236,2040,2,25,4.2692437014197545E18,46.78398211233257,0.007722110602825949,1.0,25.84668572694204,1.0,81.19999999999894,246.6042780748663,348.7751303778123,100.0,0.0,6.820855614973262,0.0,0.0,103.89999999999996,614.6872124246604,999.074911993328,0.012513311825959009,100.0,1.0,6.4890894696277455
234,2040,2,25,8.619173836053503E18,47.709272313347256,0.007722110602825949,0.0,26.622695771058858,0.0,81.19999999999894,245.0,382.7952375320827,100.0,0.0,6.5,0.0,0.0,103.89999999999996,413.80496858444377,1053.575172567549,0.012270624309395031,100.0,1.0,6.617430209955003
230,2040,2,25,2.2009420763865405E18,47.87299649628578,0.007722110602825949,0.0,29.198611832338813,0.0,46.400000000000645,245.6283422459893,415.8594263968612,100.0,0.0,6.625668449197861,0.0,0.0,103.89999999999996,614.0026803000201,1007.0099022503263,0.006987805228446085,100.0,1.0,6.640139283092019
228,2040,2,26,6.65317065901527E17,46.832133178642906,0.008404385435204149,0.0,22.653260226014524,0.0,89.90000000000086,247.85026737967914,325.225095303232,100.0,0.0,6.770053475935829,0.0,0.0,103.89999999999996,604.932583823858,1108.6813277290794,0.013839779612701813,100.0,1.0,6.495768178092433
227,2040,2,26,2.7812977706100634E18,47.65471296473475,0.008404385435204149,0.0,26.252654671668136,0.0,107.3000000000015,248.0975935828877,409.7325090938716,100.0,0.0,6.81951871657754,0.0,0.0,103.89999999999996,417.1985086788711,1149.2346879491583,0.016233317641937937,100.0,1.0,6.6098626520309995
226,2040,2,26,3.967985631945377E18,47.51703224600705,0.008404385435204149,0.0,23.610703005528276,0.0,60.90000000000083,247.64973262032086,424.23496907700905,100.0,0.0,6.729946524064171,0.0,0.0,103.89999999999996,615.8482304796478,1370.011747901214,0.009240200760027194,100.0,1.0,6.590765891521777
225,2040,2,26,4.86643095885923E18,47.91490071258685,0.008404385435204149,0.0,-13.994319981033504,0.0,92.80000000000129,247.91042780748663,-175.0102999633264,100.0,0.0,6.782085561497326,0.0,0.0,103.89999999999996,611.2259751023801,1429.2251942415073,0.013963388016799087,100.0,1.0,6.645951533277982
222,2040,2,26,4.90388125562359E18,47.524375458804755,0.008404385435204149,0.0,34.8614862259541,0.0,101.50000000000001,247.7366310160428,563.0819734386946,100.0,0.0,6.747326203208556,0.0,0.0,103.89999999999996,616.0940327640866,1050.9627869769317,0.015397955022553918,100.0,1.0,6.59178441886143
235,2040,2,26,8.305991534382669E18,46.930964484525276,0.008404385435204149,0.0,39.3603609850598,0.0,95.69999999999867,248.12433155080214,597.5277625656872,100.0,0.0,6.824866310160428,0.0,0.0,103.89999999999996,413.0812488212643,919.4592519491465,0.014701643285316892,100.0,1.0,6.5094763995245355
232,2040,2,26,6.261277189363532E18,47.62905598478809,0.008404385435204149,0.0,43.81902110655635,0.0,124.6999999999983,247.49598930481284,689.5274603926108,100.0,0.0,6.699197860962567,0.0,0.0,103.89999999999996,404.93529101068816,883.3385173254253,0.018875910194101474,100.0,1.0,6.60630394601929
231,2040,2,26,4.2848121755587553E18,47.84684379033421,0.005008572964960756,0.0,50.91214814022675,0.0,98.59999999999975,248.14438502673798,1021.9938186285594,100.0,0.0,6.828877005347594,0.0,0.0,103.89999999999996,612.6305060222089,984.6132253114357,0.014857202503336601,100.0,1.0,6.63651181828183
224,2040,2,27,2.3275888066568E18,47.63782835650696,0.00905564777520152,0.0,34.21760224714023,0.0,110.19999999999847,249.71791443850267,526.6951817175395,100.0,0.0,6.843582887700535,0.0,0.0,103.89999999999996,405.0911069080526,1011.3401843079148,0.01667796514982207,100.0,1.0,6.607520702318661
221,2040,2,27,6.977615103056312E17,48.62172774510298,0.01858601123743399,0.0,-20.742604123448807,0.0,107.3000000000015,249.40374331550802,-323.4304950360256,100.0,0.0,6.780748663101604,0.0,0.0,103.89999999999996,614.5594048146583,1886.0101042867655,0.01591046078714948,100.0,1.0,6.7439907263192085
220,2040,2,27,8.709926167270339E18,47.78915824835597,0.0055899060340750106,0.0,43.76002003166686,0.0,104.39999999999992,249.6577540106952,753.9165433473868,100.0,0.0,6.831550802139038,0.0,0.0,103.89999999999996,613.6446307909177,968.1051370237078,0.015750144422488694,100.0,1.0,6.628510647237836
233,2040,2,27,7.421366990471719E18,48.03484239578609,0.003944097463066862,0.0,40.519386362341436,0.0,87.00000000000001,249.96524064171123,766.0683529339625,100.0,0.0,6.893048128342246,0.0,0.0,103.89999999999996,413.72197136780113,1123.5301892033312,0.013057989206372514,100.0,1.0,6.6625878322477545
227,2040,7,5,2.7812977706100634E18,40.05031193129709,5.541903570555238E-5,0.0,22.840390602544463,0.0,166.70529813250562,228.1711229946524,296.15205554490024,100.0,0.0,5.834224598930481,0.0,0.0,104.0,275.0,997.7270128258887,0.03008399111988445,100.0,1.0,5.541329189607403
222,2040,7,5,4.90388125562359E18,40.85994334246727,6.0031924856421036E-5,0.0,39.39802014329296,0.0,284.15079881381274,228.7192513368984,545.7659098230719,100.0,0.0,5.94385026737968,0.0,0.0,104.0,265.5,838.4963759404689,0.05026238279403395,100.0,1.0,5.653349145387928
238,2040,7,5,2.857941005564493E18,40.0138800322597,4.198821064287453E-5,0.0,35.66644211629672,0.0,222.9139438365963,228.54545454545453,501.35892149563443,100.0,0.0,5.909090909090909,0.0,0.0,104.0,275.0,902.6239895634677,0.04026414876876387,100.0,1.0,5.536288501137482
229,2040,7,6,7.388801749022034E17,40.11551615912996,5.399110790533967E-5,0.0,32.44156108700812,0.0,93.38759738619378,230.4866310160428,469.91695733409347,100.0,0.0,5.997326203208556,0.0,0.0,104.0,275.0,976.9190672462189,0.01682553064544195,100.0,1.0,5.5503507945226405
226,2040,7,6,3.967985631945377E18,41.38997758874267,6.378546355579413E-5,0.0,37.06511879120741,0.0,151.68486944301543,230.2860962566845,578.4622031004918,100.0,0.0,5.957219251336898,0.0,0.0,104.0,275.0,980.5499971352175,0.02648738127335051,100.0,1.0,5.7266842606154
225,2040,7,6,4.86643095885923E18,40.25662423559894,6.941023361868199E-5,0.0,1.3080757171112103,0.0,148.25475676311916,230.06550802139037,14.357252997764045,100.0,0.0,5.913101604278075,0.0,0.0,104.0,275.0,1026.270442978301,0.026617253144339565,100.0,1.0,5.56987439534673
224,2040,7,6,2.3275888066568E18,39.97914960493645,4.505010514356059E-5,1.0,33.09115787693365,2.0,192.4918982144054,227.95320855614975,426.59256927363305,100.0,0.0,5.490641711229946,0.0,0.0,104.0,275.0,860.9731021617097,0.03479932783255281,100.0,1.0,5.531483226935783
223,2040,7,6,1.858714168763392E18,41.24778650939706,6.257565048593041E-5,0.0,26.869370055813437,0.0,229.08549732059117,229.48395721925132,329.54256317668717,100.0,0.0,5.7967914438502675,0.0,0.0,104.0,275.0,895.3349925554911,0.04014106590847345,100.0,1.0,5.707010816377776
220,2040,7,6,8.709926167270339E18,40.29732995936772,7.155628145091627E-5,0.0,44.0616200885926,0.0,251.54932902253032,230.225935828877,638.7194499503728,100.0,0.0,5.945187165775401,0.0,0.0,104.0,273.8500000000036,809.7421159294003,0.045116857675199025,100.0,1.0,5.575506406795
239,2040,7,6,9.054830946953192E18,38.86627003835131,4.784401786613254E-5,2.0,40.85459087015592,2.0,257.5606509972738,230.33288770053477,589.1722498161336,100.0,0.0,5.966577540106952,0.0,0.0,104.0,275.0,851.521519042123,0.047895929131971465,100.0,1.0,5.377506098432635
236,2040,7,6,4.2692437014197545E18,40.4625715505405,6.528945764384657E-5,1.0,27.41440590890706,1.0,230.2763198596031,230.2125668449198,319.1897383346274,100.0,0.0,5.942513368983957,0.0,0.0,104.0,275.0,843.6486022239337,0.0411327505719444,100.0,1.0,5.598369101449508
231,2040,7,6,4.2848121755587553E18,40.9655973906085,4.89464841869115E-5,0.0,51.621609092291656,0.0,233.33936905570204,230.25267379679144,876.3416593424896,100.0,0.0,5.9505347593582885,0.0,0.0,104.0,275.0,820.279953905855,0.04116808627056856,100.0,1.0,5.6679673551529275
230,2040,7,6,2.2009420763865405E18,40.807978309328824,5.878031156335694E-5,0.0,31.345480720616738,0.0,190.85448798127092,230.4264705882353,375.8941714408219,100.0,0.0,5.985294117647059,0.0,0.0,104.0,274.95000000000294,821.8833286230674,0.033802533310780175,100.0,1.0,5.646159304882759
228,2040,7,7,6.65317065901527E17,41.1378762033199,7.429921509541716E-5,0.0,25.12185647605563,0.0,235.8619667699086,231.95320855614975,313.0252566519406,100.0,0.0,5.990641711229946,0.0,0.0,104.0,271.67999999999535,930.8459135943879,0.041438879240168154,100.0,1.0,5.691803714162214
221,2040,7,7,6.977615103056312E17,40.50280372768819,5.2958491087477985E-5,1.0,8.957570312955902,1.0,206.77809535587215,229.31951871657753,116.89892520850208,100.0,0.0,5.463903743315508,0.0,0.0,104.0,258.68924007812365,1181.5304239858,0.036898728029759,100.0,1.0,5.603935593365295
235,2040,7,7,8.305991534382669E18,40.84360585475373,3.1012492380827115E-4,0.0,36.673195396309396,0.0,238.60528313976764,231.9331550802139,483.396303048649,100.0,0.0,5.9866310160427805,0.0,0.0,104.0,274.32000000000465,833.5495855488793,0.042222887598020675,100.0,1.0,5.651088703628905
234,2040,7,7,8.619173836053503E18,40.413556422018615,6.941023361868199E-5,1.0,24.64944642122261,1.0,267.07460460921334,231.87299465240642,299.7163350525896,100.0,0.0,5.974598930481283,0.0,0.0,104.0,273.5799999999964,913.9860301618967,0.047763646555203,100.0,1.0,5.591587407392376
233,2040,7,7,7.421366990471719E18,38.86152800140053,7.252687647527389E-5,2.0,35.537814094436314,3.0,227.70803329373987,231.9866310160428,542.5905882593182,100.0,0.0,5.997326203208556,0.0,0.0,104.0,275.0,982.355598678642,0.04234970913238391,100.0,1.0,5.376849993985353
232,2040,7,7,6.261277189363532E18,40.929948032266445,8.548096025586301E-5,1.0,41.033804532082826,1.0,230.58120480407302,231.5788770053476,553.6762384511594,100.0,0.0,5.915775401069519,0.0,0.0,104.0,275.0,794.6109517844149,0.040716896030606006,100.0,1.0,5.663034938388971
237,2040,7,8,6.522181452910449E18,41.07078200052624,5.3030937723712575E-5,0.0,23.019916836740595,0.0,263.1645367503208,233.4866310160428,274.6960415366158,100.0,0.0,5.997326203208556,0.0,0.0,104.0,274.6099999999953,916.3276271198137,0.04631123310143349,100.0,1.0,5.682520613820041
228,2040,11,8,6.65317065901527E17,40.38047541985778,6.987943303476141E-5,1.0,19.22548767625436,1.0,577.3516600416642,339.13101604278074,234.77138791747726,100.0,0.0,5.82620320855615,0.0,0.0,88.0,0.0,983.1713337062735,0.10359505893478378,100.0,1.0,5.573158275870323
227,2040,11,8,2.7812977706100634E18,40.54686306851601,9.826518498360937E-5,0.0,25.886293658930487,0.0,506.873127624352,339.47192513368987,338.7423387527364,100.0,0.0,5.894385026737968,0.0,0.0,88.0,0.0,967.9307478275301,0.09057577477687838,100.0,1.0,5.596122460701748
222,2040,11,8,4.90388125562359E18,40.453250208768594,9.443511687218975E-5,0.0,33.4758760042224,0.0,511.91995010225156,333.55882352941177,458.15769330945557,100.0,0.0,5.911764705882353,0.0,0.0,88.0,0.0,908.9286620465892,0.09168930586830239,100.0,1.0,5.583202372995887
232,2040,11,8,6.261277189363532E18,40.505995628197645,6.339430167789678E-5,1.0,32.028476366620595,1.0,575.8075213502408,339.4986631016043,426.7910734378925,100.0,0.0,5.899732620320855,0.0,0.0,88.0,0.0,904.2223276405877,0.10299782947701769,100.0,1.0,5.590482093399094
226,2040,11,9,3.967985631945377E18,41.06660547784057,8.730994476584212E-5,0.0,41.12146537012489,0.0,548.2238491710749,341.072192513369,634.9466299574751,100.0,0.0,5.9144385026737964,0.0,0.0,88.0,0.0,908.0501865595755,0.09672509597057241,100.0,1.0,5.667855313763309
224,2040,11,9,2.3275888066568E18,40.33669261679446,6.815932391390572E-5,1.0,29.44852028091834,1.0,538.5137812643204,347.03877005347596,382.12928789796575,100.0,0.0,5.907754010695188,0.0,0.0,88.0,0.0,913.7305323217555,0.096731202587913,100.0,1.0,5.567115541387987
223,2040,11,9,1.858714168763392E18,40.89185212681131,7.567714099762594E-5,0.0,19.0133289968735,0.0,547.2974793380465,347.18582887700535,230.86568384474643,100.0,0.0,5.93716577540107,0.0,0.0,88.0,0.0,980.4315126303022,0.09697431422251679,100.0,1.0,5.64373652679018
221,2040,11,9,6.977615103056312E17,40.49133551143137,1.082838421118265E-4,1.0,26.78467684441365,1.0,575.3512259720048,347.05213903743316,347.3304633904814,100.0,0.0,5.910427807486631,0.0,0.0,88.0,0.0,947.5129105717717,0.10295347083093934,100.0,1.0,5.588458760334495
220,2040,11,9,8.709926167270339E18,40.085517058546834,8.420443220425499E-6,2.0,34.08226136127327,2.0,540.7581545878968,347.19251336898395,490.38440349214665,100.0,0.0,5.938502673796791,0.0,0.0,88.0,0.0,946.8913389796412,0.09774299405228551,100.0,1.0,5.532449254609796
239,2040,11,9,9.054830946953192E18,40.31854061061506,6.1024188077188335E-5,1.0,39.50580555212121,2.0,531.0764524540772,346.9251336898396,589.42125131583,100.0,0.0,5.885026737967914,0.0,0.0,88.0,0.0,901.399809045222,0.09543821158652145,100.0,1.0,5.564610271145106
237,2040,11,9,6.522181452910449E18,40.22064417126136,2.317824542662714E-4,2.0,16.65843051542494,2.0,617.6129222026216,340.7580213903743,194.41160932922932,100.0,0.0,5.851604278074866,0.0,0.0,88.0,0.0,969.06684007844,0.11125957659979221,100.0,1.0,5.551098980218257
236,2040,11,9,4.2692437014197545E18,40.31186508166575,2.4040691768083036E-4,1.0,16.19578323089647,1.0,541.8988678401307,347.0254010695187,187.703230540695,100.0,0.0,5.9050802139037435,0.0,0.0,88.0,0.0,967.9316869558315,0.0973992028776881,100.0,1.0,5.563688940253814
234,2040,11,9,8.619173836053503E18,39.6073174599923,1.2277312898189674E-4,1.0,22.083333982181156,3.0,574.6741311283392,340.9919786096257,262.5164400004475,100.0,0.0,5.898395721925134,0.0,0.0,88.0,0.0,924.0237654447179,0.10512748367540294,100.0,1.0,5.46644998088923
231,2040,11,9,4.2848121755587553E18,40.08267702247809,6.649333700863446E-5,1.0,43.63965118382414,2.0,545.3821361808824,347.072192513369,723.1346121610852,100.0,0.0,5.9144385026737964,0.0,0.0,88.0,0.0,932.8043453506391,0.09858577165948335,100.0,1.0,5.532057283728935
230,2040,11,9,2.2009420763865405E18,39.94154081809506,7.931583729111796E-5,1.0,21.145720057261137,3.0,544.2658596183044,346.8917112299465,247.7526960135718,100.0,0.0,5.878342245989304,0.0,0.0,88.0,0.0,921.6868798753292,0.09873163504361718,100.0,1.0,5.512578206345528
229,2040,11,10,7.388801749022034E17,38.819949443696956,1.0154712632883794E-4,1.0,31.70480269746853,6.0,542.3398143148023,348.76604278074865,443.31306961959586,100.0,0.0,5.9532085561497325,0.0,0.0,88.0,0.0,953.3247431089039,0.10122471749430989,100.0,1.0,5.3577804684442665
225,2040,11,10,4.86643095885923E18,40.90944925166849,3.1012492380827115E-4,1.0,10.319112985911472,1.0,543.3689503888803,348.5855614973262,109.35739464389184,100.0,0.0,5.9171122994652405,0.0,0.0,88.0,0.0,945.5238254988193,0.09623681379337307,100.0,1.0,5.646165214442053
238,2040,11,10,2.857941005564493E18,40.03095592893344,9.020503892038133E-5,1.0,28.93247159323793,3.0,512.4762345695237,348.725935828877,405.98234271568913,100.0,0.0,5.945187165775401,0.0,0.0,88.0,0.0,995.1172876117496,0.09275724050013784,100.0,1.0,5.524918936853906
235,2040,11,10,8.305991534382669E18,39.606788668051664,3.1012492380827115E-4,1.0,24.604404367419942,4.0,580.8981935298194,348.3181818181818,313.93990710013793,100.0,0.0,5.863636363636363,0.0,0.0,88.0,0.0,959.9602370979366,0.10626749556978732,100.0,1.0,5.466376999054575
233,2040,11,10,7.421366990471719E18,38.805120594662405,1.3390540751652476E-4,1.0,31.853143308576747,7.0,565.7947745690466,348.5254010695187,484.25995961820325,100.0,0.0,5.9050802139037435,0.0,0.0,88.0,0.0,1034.6974072950275,0.10564281024208295,100.0,1.0,5.3557338475994225
220,2041,2,23,8.709926167270339E18,45.961996591085516,0.007132873247590234,0.0,45.58267430017418,0.0,84.09999999999899,244.31550802139037,754.7941625734941,100.0,0.0,6.663101604278075,0.0,0.0,104.19999999999852,410.7636434923058,900.3266829005429,0.0132906074716955,100.0,1.0,6.327776979276798
236,2041,2,23,4.2692437014197545E18,46.21108621528626,0.0033613917283648606,0.0,28.267283595824367,0.0,87.00000000000001,244.8101604278075,368.76602203631353,100.0,0.0,6.762032085561497,0.0,0.0,104.19999999999852,408.8869416182327,934.1798416007537,0.01367479415552906,100.0,1.0,6.362070171624759
232,2041,2,23,6.261277189363532E18,45.66669731915078,0.007132873247590234,1.0,38.28232465334418,1.0,101.50000000000001,243.9077540106952,571.6593536418352,100.0,0.0,6.581550802139038,0.0,0.0,104.19999999999852,409.5705618877938,920.6047368373689,0.016144111944304075,100.0,1.0,6.28712191479885
226,2041,2,24,3.967985631945377E18,46.84941360255823,0.007815148079968434,0.0,22.91074967864505,0.0,89.90000000000086,245.74866310160428,411.86774846647177,100.0,0.0,6.649732620320855,0.0,0.0,104.19999999999852,612.3641446602376,1383.4884114173083,0.013938089676574098,100.0,1.0,6.449951326622384
221,2041,2,24,6.977615103056312E17,46.68183057022583,0.007815148079968434,0.0,-18.31331158944607,0.0,101.50000000000001,246.12299465240642,-279.8754599221421,100.0,0.0,6.724598930481283,0.0,0.0,104.19999999999852,615.9775466588168,1812.1846787895597,0.015793045487750134,100.0,1.0,6.4268794817774975
239,2041,2,24,9.054830946953192E18,46.44490023959728,0.007815148079968434,0.0,37.01920809268871,0.0,101.50000000000001,246.2433155080214,660.4911865920336,100.0,0.0,6.748663101604278,0.0,0.0,104.19999999999852,607.5576301034923,1122.3997434183127,0.015873610877485938,100.0,1.0,6.394260309351591
237,2041,2,24,6.522181452910449E18,47.76157978485239,0.007815148079968434,0.0,28.958850817674985,0.0,78.30000000000099,246.42379679144386,406.90775675619227,100.0,0.0,6.78475935828877,0.0,0.0,104.19999999999852,402.30655936347745,997.1201121735148,0.011907779958067542,100.0,1.0,6.5755329940366085
234,2041,2,24,8.619173836053503E18,46.980321400661694,0.007815148079968434,0.0,16.60608779071362,0.0,95.69999999999867,246.51069518716577,220.39477670517292,100.0,0.0,6.802139037433155,0.0,0.0,104.19999999999852,410.33322331039693,1104.0010136007922,0.01479597797850296,100.0,1.0,6.467973941231933
231,2041,2,24,4.2848121755587553E18,47.34575597172032,0.005168748730137853,0.0,52.413661960619066,0.0,87.00000000000001,245.58155080213905,1000.0943701757274,100.0,0.0,6.616310160427807,0.0,0.0,104.19999999999852,408.94635266498796,907.2347601387899,0.013347069420010899,100.0,1.0,6.518284820603635
228,2041,2,25,6.65317065901527E17,47.68305237859512,0.00849742291234663,0.0,25.138467855186313,0.0,89.90000000000086,247.63636363636363,360.7280305474802,100.0,0.0,6.7272727272727275,0.0,0.0,104.19999999999852,405.61567146618205,1072.7715606370891,0.013694411232375192,100.0,1.0,6.564721803261373
227,2041,2,25,2.7812977706100634E18,47.432569417727876,0.00849742291234663,0.0,22.74349496547327,0.0,95.69999999999867,247.55614973262033,354.2499466465611,100.0,0.0,6.711229946524064,0.0,0.0,104.19999999999852,415.66752963368225,1201.2563906036603,0.014654905045210997,100.0,1.0,6.5302367845277836
225,2041,2,25,4.86643095885923E18,47.87327440500822,0.00849742291234663,0.0,-5.362365436367717,0.0,49.29999999999987,247.97058823529412,-64.92507046238106,100.0,0.0,6.794117647058823,0.0,0.0,104.19999999999852,409.3727925435868,1284.7622394181176,0.00747999845590447,100.0,1.0,6.59091045146995
224,2041,2,25,2.3275888066568E18,46.49785718579959,0.005264822126608818,0.0,31.908480849716934,0.0,107.3000000000015,248.21791443850267,501.91957611912585,100.0,0.0,6.843582887700535,0.0,0.0,104.19999999999852,405.4717002930132,1069.3934084182579,0.01676156265250183,100.0,1.0,6.4015511097938065
223,2041,2,25,1.858714168763392E18,47.2602395926778,0.004132987797833963,0.0,16.74094877454117,0.0,104.39999999999992,247.90374331550802,233.1065233615554,100.0,0.0,6.780748663101604,0.0,0.0,104.19999999999852,614.2735917754889,1156.6203544069622,0.016045464783348704,100.0,1.0,6.50651142921966
238,2041,2,25,2.857941005564493E18,47.19712927795026,0.00849742291234663,0.0,32.07208323524511,0.0,57.99999999999999,248.20454545454547,558.3287402519694,100.0,0.0,6.840909090909091,0.0,0.0,104.19999999999852,620.5632444460775,1180.6597536412137,0.008926066780826757,100.0,1.0,6.497822772801154
235,2041,2,25,8.305991534382669E18,48.487850761167564,0.00849742291234663,1.0,45.34183514814444,1.0,113.1000000000005,246.80080213903744,737.0590052114753,100.0,0.0,6.560160427807487,0.0,0.0,104.19999999999852,412.8558400118734,887.8741539100125,0.016942496033761172,100.0,1.0,6.675521704395096
230,2041,2,25,2.2009420763865405E18,46.19975033281826,0.00849742291234663,1.0,34.583162621497365,1.0,101.50000000000001,248.024064171123,503.7094145289814,100.0,0.0,6.804812834224599,0.0,0.0,104.19999999999852,412.48918213600297,951.646535015987,0.01595784107784046,100.0,1.0,6.3605095140937316
229,2041,2,26,7.388801749022034E17,48.59665399184356,0.009179697744724826,0.0,30.09326378012356,0.0,84.09999999999899,249.06951871657753,523.9706739204252,100.0,0.0,6.713903743315508,0.0,0.0,104.19999999999852,413.4489987179008,1215.5947322436634,0.012570059975940946,100.0,1.0,6.69050109235486
222,2041,2,26,4.90388125562359E18,48.22386330725879,0.009179697744724826,0.0,39.7299153178116,0.0,101.50000000000001,249.69786096256684,660.6583462179043,100.0,0.0,6.839572192513369,0.0,0.0,104.19999999999852,409.45465543124436,1001.35540619462,0.015288038391898162,100.0,1.0,6.639177466599611
233,2041,2,26,7.421366990471719E18,48.11445191834225,0.008759253573210708,0.0,35.0859940097452,0.0,118.89999999999924,249.8850267379679,687.1232286124563,100.0,0.0,6.877005347593583,0.0,0.0,104.19999999999852,612.3635309590029,1269.8151233395445,0.017949569361243572,100.0,1.0,6.624114350995309
229,2041,7,6,7.388801749022034E17,41.06545900429554,2.430446111350087E-4,0.0,30.80179392308113,0.0,220.47570174139372,228.00401069518716,452.14512908244797,100.0,0.0,5.800802139037433,0.0,0.0,104.30000000000148,275.0,1014.1919897616149,0.03909390215615729,100.0,1.0,5.63964428162536
228,2041,7,6,6.65317065901527E17,41.34721380923853,6.0055175020966504E-5,0.0,22.763777999793607,0.0,182.4374844615945,223.77272727272728,279.8935359637985,100.0,0.0,4.954545454545454,0.0,0.0,104.30000000000148,275.0,947.6523123581262,0.03212867349329986,100.0,1.0,5.678338525231678
227,2041,7,6,2.7812977706100634E18,40.58835531444976,9.80725203365604E-6,1.0,21.05275937845797,1.0,197.10006114477778,227.20855614973263,277.2714512246423,100.0,0.0,5.641711229946524,0.0,0.0,104.30000000000148,272.8800000000028,1037.210218912269,0.03535983868121442,100.0,1.0,5.574122181996574
225,2041,7,6,4.86643095885923E18,40.414876303957584,3.1012492380827115E-4,1.0,-2.2560780780088265,1.0,239.41624533932435,227.35561497326202,-22.628840837854927,100.0,0.0,5.671122994652406,0.0,0.0,104.30000000000148,269.3099999999982,1049.8707649180894,0.043135747797769165,100.0,1.0,5.550297782288734
224,2041,7,6,2.3275888066568E18,40.038986517940174,3.1012492380827115E-4,0.0,32.37113654669315,0.0,297.738969432539,228.94652406417111,437.4682995145194,100.0,0.0,5.989304812834225,0.0,0.0,104.30000000000148,275.0,912.2265432134601,0.054147395829804316,100.0,1.0,5.498675695658382
222,2041,7,6,4.90388125562359E18,40.44032599789016,4.437963992677034E-5,0.0,37.41192249847356,0.0,88.93926399052181,228.07754010695186,520.6355395104752,100.0,0.0,5.815508021390374,0.0,0.0,104.30000000000148,274.17000000000365,869.6692336245833,0.016014148553044748,100.0,1.0,5.553792866097268
221,2041,7,6,6.977615103056312E17,39.565709810801266,4.984328572939105E-5,0.0,7.470557288146043,0.0,145.98255301010533,229.0,97.624480154894,100.0,0.0,6.0,0.0,0.0,104.30000000000148,274.54000000000116,1197.8839705431342,0.0268662444944224,100.0,1.0,5.433679167194812
220,2041,7,6,8.709926167270339E18,40.02837574672126,4.574113920475975E-5,0.0,41.06332646750681,0.0,200.63376040594702,228.91310160427807,585.0200439000992,100.0,0.0,5.982620320855615,0.0,0.0,104.30000000000148,274.3399999999971,838.4775491803379,0.03649732331170197,100.0,1.0,5.497218486201117
236,2041,7,6,4.2692437014197545E18,40.85956430564191,1.0701343126579403E-4,0.0,26.19876543581792,0.0,260.13585050609134,228.46524064171123,301.50353295558745,100.0,0.0,5.893048128342246,0.0,0.0,104.30000000000148,271.1099999999954,847.6992746455401,0.046358721109926664,100.0,1.0,5.611368136952103
234,2041,7,6,8.619173836053503E18,40.29641029666698,5.807582842851522E-5,1.0,16.707037515550986,1.0,254.10486689152395,227.97058823529412,189.83863549861604,100.0,0.0,5.794117647058823,0.0,0.0,104.30000000000148,270.7300000000028,943.3205417358778,0.04591679778259674,100.0,1.0,5.534028485493256
233,2041,7,6,7.421366990471719E18,39.4676209314345,4.9304439397181415E-5,1.0,38.23983763533061,2.0,294.02542510909495,228.73930481283423,612.9214254457169,100.0,0.0,5.947860962566845,0.0,0.0,104.30000000000148,265.48999999999836,988.3512853501913,0.054246148408175064,100.0,1.0,5.420208323302533
231,2041,7,6,4.2848121755587553E18,39.622266381091414,5.506479471027542E-5,1.0,49.17893385770756,2.0,224.6610055437486,228.76604278074868,783.4912329435658,100.0,0.0,5.9532085561497325,0.0,0.0,104.30000000000148,275.0,808.7418827875673,0.04128700259152747,100.0,1.0,5.441446252866306
226,2041,7,7,3.967985631945377E18,40.72868395562351,6.185179972243143E-5,1.0,36.168718373583076,1.0,268.96296709325685,230.31951871657753,563.682546756865,100.0,0.0,5.963903743315508,0.0,0.0,104.30000000000148,274.79999999999706,993.2492435220005,0.04808582587650307,100.0,1.0,5.593393940743034
223,2041,7,7,1.858714168763392E18,39.02508598338436,3.98618153995207E-5,1.0,19.409513233481363,2.0,262.42402026020267,230.4933155080214,222.74064138252217,100.0,0.0,5.998663101604278,0.0,0.0,104.30000000000148,275.0,921.9817001759736,0.0489648789779293,100.0,1.0,5.359433654037807
239,2041,7,7,9.054830946953192E18,40.43943067587061,2.7232606586606173E-5,0.0,43.29779466910818,0.0,201.45464132754032,230.4398395721925,664.3027614363289,100.0,0.0,5.987967914438503,0.0,0.0,104.30000000000148,275.0,868.7239464776766,0.03627414748006575,100.0,1.0,5.553669908803468
232,2041,7,7,6.261277189363532E18,41.058987666548916,8.118453502834324E-5,0.0,38.156332470692,0.0,221.66721824234114,230.39973262032086,511.1789125803229,100.0,0.0,5.979946524064171,0.0,0.0,104.30000000000148,275.0,827.1938024682311,0.039311372190739984,100.0,1.0,5.638755553146428
230,2041,7,7,2.2009420763865405E18,40.17248939583228,4.121809194687282E-5,1.0,34.06274458293822,2.0,263.7394749229437,230.38636363636363,430.46819816832226,100.0,0.0,5.9772727272727275,0.0,0.0,104.30000000000148,275.0,831.8856092569928,0.047804784195912116,100.0,1.0,5.5170100515901215
238,2041,7,8,2.857941005564493E18,39.84749334594033,2.422850967252119E-4,1.0,34.399725909692705,2.0,262.35241188866763,231.84625668449198,499.31199445524305,100.0,0.0,5.969251336898396,0.0,0.0,104.30000000000148,272.17999999999535,950.5947779944057,0.04794121362656823,100.0,1.0,5.472377356406269
237,2041,7,8,6.522181452910449E18,41.47604756656618,9.649188668583422E-5,0.0,25.712867842364066,0.0,176.6847968850088,231.97326203208556,313.2003831237484,100.0,0.0,5.994652406417113,0.0,0.0,104.30000000000148,275.0,903.0336766081514,0.031018928182891398,100.0,1.0,5.696031656646987
235,2041,7,8,8.305991534382669E18,41.17641062995251,7.661188829255712E-5,0.0,38.41279166850885,0.0,282.9220942721901,231.73930481283423,523.9165493867389,100.0,0.0,5.947860962566845,0.0,0.0,104.30000000000148,271.76000000000187,838.8108880007649,0.05003147970317524,100.0,1.0,5.654881605555123
232,2041,11,8,6.261277189363532E18,39.667114399546804,9.025754476375758E-5,1.0,29.927941233328042,1.0,538.9692426580082,331.9585561497326,386.48344536021716,100.0,0.0,5.891711229946524,0.0,0.0,88.0,0.0,903.317283891123,0.09918252725671543,100.0,1.0,5.434114834188355
227,2041,11,9,2.7812977706100634E18,40.53871919191719,1.190955928603192E-4,0.0,24.086705544868284,0.0,509.18202021586745,339.4919786096257,315.96343010473805,100.0,0.0,5.898395721925134,0.0,0.0,88.0,0.0,993.6595185296873,0.09168638159362766,100.0,1.0,5.5535185418556905
238,2041,11,9,2.857941005564493E18,40.084548897873866,6.329080077719817E-5,1.0,32.53287647182697,1.0,566.0632917562062,333.5120320855615,473.85907777814674,100.0,0.0,5.902406417112299,0.0,0.0,88.0,0.0,981.0613605585868,0.1030836503041463,100.0,1.0,5.4913004155949805
237,2041,11,9,6.522181452910449E18,39.332568687959586,7.158931759193701E-5,1.0,16.30910854931454,3.0,578.5911602310915,339.53208556149735,188.15123116956678,100.0,0.0,5.906417112299465,0.0,0.0,88.0,0.0,962.371702080816,0.10737947626060045,100.0,1.0,5.388284431811738
236,2041,11,9,4.2692437014197545E18,39.692808323083405,9.018929907761039E-6,1.0,13.738640763400978,2.0,510.84352435221086,339.331550802139,153.56530254126312,100.0,0.0,5.866310160427807,0.0,0.0,88.0,0.0,960.0570681423892,0.0939459067434151,100.0,1.0,5.43763472045063
231,2041,11,9,4.2848121755587553E18,40.23197081315178,2.3423332613917752E-4,1.0,43.23329241832402,1.0,503.20290938066785,339.2847593582888,697.7190326606672,100.0,0.0,5.856951871657754,0.0,0.0,88.0,0.0,915.0115400568419,0.09130060026016261,100.0,1.0,5.511496177974544
229,2041,11,10,7.388801749022034E17,40.76425647302385,8.524599335026697E-5,0.0,35.34600384678068,0.0,515.0165413462103,341.0254010695187,513.7301400337102,100.0,0.0,5.9050802139037435,0.0,0.0,88.0,0.0,938.2472208131339,0.0922238927192703,100.0,1.0,5.584415558275356
228,2041,11,10,6.65317065901527E17,40.75976820062809,1.0753291394184156E-4,1.0,16.7390313080399,1.0,516.7432126164215,347.03208556149735,202.6440905793077,100.0,0.0,5.906417112299465,0.0,0.0,88.0,0.0,1004.4645262346027,0.092543276648319,100.0,1.0,5.583800696620436
224,2041,11,10,2.3275888066568E18,40.541664681721564,3.1012492380827115E-4,1.0,32.587254689938625,2.0,508.6713530776731,347.17245989304814,444.7748288683426,100.0,0.0,5.934491978609626,0.0,0.0,88.0,0.0,918.480683364914,0.09158777314609212,100.0,1.0,5.5539220531794
223,2041,11,10,1.858714168763392E18,41.30491338196338,3.1012492380827115E-4,0.0,17.60470909087704,0.0,531.0122274288796,346.9318181818182,213.26429285130016,100.0,0.0,5.886363636363637,0.0,0.0,88.0,0.0,995.3317801560606,0.09384358769153384,100.0,1.0,5.65848174064199
222,2041,11,10,4.90388125562359E18,40.50085279047258,8.860712108807746E-5,1.0,31.677153740816905,2.0,511.1148294251276,346.9919786096257,440.5099619321955,100.0,0.0,5.898395721925134,0.0,0.0,88.0,0.0,948.427546887434,0.09212046273163829,100.0,1.0,5.548331111992861
221,2041,11,10,6.977615103056312E17,40.734479875134774,3.1012492380827115E-4,1.0,28.182273006558272,1.0,505.83417612816686,341.1524064171123,375.513162094367,100.0,0.0,5.93048128342246,0.0,0.0,88.0,0.0,954.9615877687721,0.09064582171893691,100.0,1.0,5.580336374428746
220,2041,11,10,8.709926167270339E18,40.50690605241535,1.3919431050640532E-4,1.0,33.357153807580126,2.0,508.57588474748474,340.97192513368987,479.8427001522112,100.0,0.0,5.894385026737968,0.0,0.0,88.0,0.0,957.1051753408333,0.09164915972648699,100.0,1.0,5.54916036617523
235,2041,11,10,8.305991534382669E18,40.90520366697061,6.3213396618074E-5,0.0,27.996374532057175,0.0,579.2005707437955,341.0922459893048,378.59472267152944,100.0,0.0,5.918449197860962,0.0,0.0,88.0,0.0,971.804707066659,0.10335993290991953,100.0,1.0,5.603724329509594
234,2041,11,10,8.619173836053503E18,39.20909568743775,3.1012492380827115E-4,2.0,13.995661693384516,4.0,510.2231253264003,341.27941176470586,154.5082822961288,100.0,0.0,5.955882352941177,0.0,0.0,88.0,0.0,945.344503290317,0.09498939239894605,100.0,1.0,5.371369501801986
233,2041,11,10,7.421366990471719E18,39.80917093684254,3.1012492380827115E-4,1.0,35.907218782455864,3.0,505.20979745356146,340.8917112299465,578.9524397943628,100.0,0.0,5.878342245989304,0.0,0.0,88.0,0.0,1032.1778393107966,0.09263826828134257,100.0,1.0,5.453575577635351
230,2041,11,10,2.2009420763865405E18,40.884054749513744,8.436477796742957E-5,1.0,27.344134543267423,1.0,538.6485035127712,346.8382352941176,350.9620107120526,100.0,0.0,5.867647058823529,0.0,0.0,88.0,0.0,930.5700726607225,0.09617302875197545,100.0,1.0,5.600827077016715
226,2041,11,11,3.967985631945377E18,40.86882744561098,3.1012492380827115E-4,1.0,39.29058823038123,2.0,545.4125683046456,354.7192513368984,612.7984190822029,100.0,0.0,5.94385026737968,0.0,0.0,88.0,0.0,945.6217474548654,0.09741700215052376,100.0,1.0,5.598741043805701
225,2041,11,11,4.86643095885923E18,40.01790061051341,3.1012492380827115E-4,1.0,6.045781898443509,3.0,513.8394300783855,348.83288770053474,61.90342441844527,100.0,0.0,5.966577540106952,0.0,0.0,88.0,0.0,952.7295109948477,0.0937292027571292,100.0,1.0,5.48217007040852
239,2041,11,11,9.054830946953192E18,40.7527787678383,7.97236307990414E-5,1.0,40.81603619609006,2.0,543.3433474146188,354.4919786096257,629.467248241549,100.0,0.0,5.898395721925134,0.0,0.0,88.0,0.0,911.6124094409481,0.09732377008796295,100.0,1.0,5.5828431936364105
226,2042,2,24,3.967985631945377E18,45.957177898285295,0.009303747714248136,0.0,31.160252888537716,0.0,98.59999999999975,244.64304812834226,538.3724755104837,100.0,0.0,6.728609625668449,0.0,0.0,104.5,413.86046499603674,1187.3353937909376,0.01570007657650738,100.0,1.0,6.280224145373829
223,2042,2,24,1.858714168763392E18,45.20928318938118,0.009303747714248136,0.0,20.32027152503556,0.0,98.59999999999975,243.7139037433155,280.34743843569464,100.0,0.0,6.542780748663102,0.0,0.0,104.5,417.59877507650987,1096.704355343594,0.015959802088008502,100.0,1.0,6.178021472715096
221,2042,2,24,6.977615103056312E17,45.50509799795117,0.009303747714248136,0.0,-29.916898701577395,0.0,113.1000000000005,244.1818181818182,-440.2645301724499,100.0,0.0,6.636363636363637,0.0,0.0,104.5,603.0847429687859,1914.8031733049447,0.018187824658519914,100.0,1.0,6.218445697793765
220,2042,2,24,8.709926167270339E18,45.95656125632097,0.009303747714248136,1.0,43.17231027085647,1.0,113.1000000000005,244.28877005347593,704.1114114837977,100.0,0.0,6.657754010695188,0.0,0.0,104.5,403.08851456066503,925.9735156722811,0.01800915300949908,100.0,1.0,6.280139878890749
236,2042,2,24,4.2692437014197545E18,46.64992768874172,0.009303747714248136,0.0,25.948907884843152,0.0,84.09999999999899,243.7139037433155,338.5085950335558,100.0,0.0,6.542780748663102,0.0,0.0,104.5,404.01835978637143,964.3588524114932,0.013192382314871779,100.0,1.0,6.374891053998111
229,2042,2,25,7.388801749022034E17,46.67541092940327,0.0099550100542455,0.0,21.132570111242764,0.0,98.59999999999975,246.37032085561498,355.55395211750164,100.0,0.0,6.774064171122995,0.0,0.0,104.5,411.6745315688945,1324.4771999778945,0.015458486553756767,100.0,1.0,6.37837343630756
227,2042,2,25,2.7812977706100634E18,46.791327344091314,0.0099550100542455,0.0,19.543408945928533,0.0,98.59999999999975,245.9625668449198,305.16005275454455,100.0,0.0,6.692513368983957,0.0,0.0,104.5,411.20382968837544,1253.1840814348739,0.015420191159299625,100.0,1.0,6.394213857753376
225,2042,2,25,4.86643095885923E18,47.292014586796135,0.0099550100542455,0.0,-2.6665670243194572,0.0,95.69999999999867,246.63770053475935,-31.958906003972803,100.0,0.0,6.827540106951871,0.0,0.0,104.5,410.13329457217435,1246.2574814233892,0.014808202021411051,100.0,1.0,6.462634684590801
222,2042,2,25,4.90388125562359E18,47.073273099829834,0.0099550100542455,0.0,32.13952240024153,0.0,95.69999999999867,246.16978609625667,546.38919224794,100.0,0.0,6.733957219251337,0.0,0.0,104.5,616.3776367997633,1152.183232942142,0.014877013215452956,100.0,1.0,6.432742823713685
239,2042,2,25,9.054830946953192E18,47.075502350186895,0.004678106228498827,0.0,33.384563714264516,0.0,101.50000000000001,246.2366310160428,573.0894635353869,100.0,0.0,6.747326203208556,0.0,0.0,104.5,619.3345479846593,1141.9623529081302,0.015777903185408133,100.0,1.0,6.433047459301829
238,2042,2,25,2.857941005564493E18,47.0899745701953,0.0099550100542455,0.0,27.824459778449388,0.0,78.30000000000099,246.02272727272728,485.07676877973825,100.0,0.0,6.704545454545454,0.0,0.0,104.5,613.7439442563348,1256.005376593877,0.012167784624559513,100.0,1.0,6.435025143522011
237,2042,2,25,6.522181452910449E18,47.58026975484674,0.0099550100542455,0.0,16.29508672406252,0.0,69.59999999999908,245.72192513368984,225.88107148671068,100.0,0.0,6.644385026737968,0.0,0.0,104.5,620.8525755610889,1157.672219572965,0.010704356079588641,100.0,1.0,6.502025855876961
234,2042,2,25,8.619173836053503E18,47.59996954090357,0.0099550100542455,0.0,13.197928326559905,0.0,95.69999999999867,245.26069518716577,174.98647092347323,100.0,0.0,6.552139037433155,0.0,0.0,104.5,411.79910916762776,1146.8482956033754,0.014712398195948537,100.0,1.0,6.504717906993048
233,2042,2,25,7.421366990471719E18,46.89189894259957,0.0099550100542455,0.0,32.32943511733879,0.0,84.09999999999899,246.20320855614975,610.6652737394733,100.0,0.0,6.740641711229946,0.0,0.0,104.5,614.8812937171274,1276.7186673168935,0.013124307074540622,100.0,1.0,6.407957351374504
232,2042,2,25,6.261277189363532E18,46.62765584074942,0.0099550100542455,0.0,41.913039652245146,0.0,92.80000000000129,245.81550802139037,677.8975589292827,100.0,0.0,6.663101604278075,0.0,0.0,104.5,404.18009631858973,938.2378257885559,0.014564064770438026,100.0,1.0,6.371847520780441
230,2042,2,25,2.2009420763865405E18,46.97489246667257,0.0099550100542455,0.0,38.86720510212609,0.0,98.59999999999975,245.84893048128342,589.0582900338322,100.0,0.0,6.669786096256685,0.0,0.0,104.5,407.07213439674064,925.4934779850671,0.015359933239978344,100.0,1.0,6.419298733888167
228,2042,2,26,6.65317065901527E17,47.94858989559373,0.010606272394242874,0.0,19.61524284551955,0.0,107.3000000000015,247.22192513368984,279.43530418092826,100.0,0.0,6.644385026737968,0.0,0.0,104.5,406.0481594665575,1142.5421068696355,0.016375783577376173,100.0,1.0,6.552358211929531
224,2042,2,26,2.3275888066568E18,46.7580456277486,0.010606272394242874,0.0,25.49534475572066,0.0,55.09999999999923,248.15106951871658,418.3097118672462,100.0,0.0,6.830213903743315,0.0,0.0,104.5,613.6077728838969,1220.3085817275355,0.008623299224620162,100.0,1.0,6.389665783913032
235,2042,2,26,8.305991534382669E18,48.046842311646046,0.010606272394242874,0.0,41.48812816843336,0.0,113.1000000000005,247.7433155080214,683.0381410947801,100.0,0.0,6.748663101604278,0.0,0.0,104.5,612.2430425142521,962.4543134460256,0.017225663615668914,100.0,1.0,6.565784780397185
231,2042,2,26,4.2848121755587553E18,46.89921849935869,0.006755587512256605,0.0,50.851136014976454,0.0,87.00000000000001,247.88368983957218,975.4787758827157,100.0,0.0,6.776737967914438,0.0,0.0,104.5,409.9265896827898,942.0303793495452,0.013574750446687402,100.0,1.0,6.408957596802843
229,2042,7,5,7.388801749022034E17,38.390599921282174,4.82459433429171E-5,2.0,21.064533536785323,3.0,190.59956738084512,227.1457219251337,291.0207491474655,100.0,0.0,5.929144385026738,0.0,0.0,104.60000000000008,275.0,1087.3882050461905,0.03642094560100892,100.0,1.0,5.233240494875157
227,2042,7,5,2.7812977706100634E18,39.068840964115196,3.1012492380827115E-4,1.0,17.774286437254023,3.0,246.7305225286014,226.8716577540107,231.28579950330067,100.0,0.0,5.874331550802139,0.0,0.0,104.60000000000008,275.0,1066.6479793665296,0.04632832051814603,100.0,1.0,5.32569537961043
228,2042,7,6,6.65317065901527E17,40.164637332957916,3.1012492380827115E-4,1.0,15.338899930149934,1.0,242.24380181983295,228.52540106951872,182.76715962673777,100.0,0.0,5.9050802139037435,0.0,0.0,104.60000000000008,268.26999999999725,1005.4196035576266,0.04424488079970655,100.0,1.0,5.475069599948829
225,2042,7,6,4.86643095885923E18,40.001506186966765,3.1012492380827115E-4,1.0,-1.918000778184093,3.0,252.41524949933606,227.97727272727272,-19.03918254811347,100.0,0.0,5.795454545454546,0.0,0.0,104.60000000000008,275.0,1043.6006467234847,0.04629066824348894,100.0,1.0,5.452832267869448
223,2042,7,6,1.858714168763392E18,40.16457833858543,5.136219340978321E-5,1.0,21.44098734109929,1.0,177.05244108959167,228.49866310160428,262.2561829079872,100.0,0.0,5.899732620320855,0.0,0.0,104.60000000000008,273.0799999999964,958.1091675394308,0.03233798181281426,100.0,1.0,5.475061558091197
221,2042,7,6,6.977615103056312E17,40.664569971653215,4.353241490851645E-5,0.0,2.5180001826091756,0.0,254.0719655995931,228.67245989304814,33.464370240174325,100.0,0.0,5.934491978609626,0.0,0.0,104.60000000000008,273.6300000000028,1267.8178185094907,0.045834739665237344,100.0,1.0,5.543218254434422
220,2042,7,6,8.709926167270339E18,39.376400449779815,7.53828205659385E-5,1.0,39.5439199604117,2.0,263.1151085100326,228.94652406417111,551.4506508161375,100.0,0.0,5.989304812834225,0.0,0.0,104.60000000000008,275.0,841.7790439398618,0.049018947159328675,100.0,1.0,5.367620558124528
239,2042,7,6,9.054830946953192E18,39.62699003009677,4.0967625337948635E-5,1.0,40.05944764665235,2.0,253.08648659674645,228.90641711229947,577.3860152363292,100.0,0.0,5.981283422459893,0.0,0.0,104.60000000000008,275.0,862.7296367692222,0.04685242528027174,100.0,1.0,5.401779845606288
238,2042,7,6,2.857941005564493E18,40.57660942468184,7.2594785535644E-5,0.0,35.090773752500795,0.0,58.329429263348906,227.38903743315507,525.7543737366925,100.0,0.0,5.677807486631016,0.0,0.0,104.60000000000008,275.0,970.7933230363519,0.010545475762585759,100.0,1.0,5.531227853208445
237,2042,7,6,6.522181452910449E18,40.27992913219177,3.603589632910424E-5,0.0,20.79600650844924,0.0,201.36134876039725,228.7192513368984,243.51279333276167,100.0,0.0,5.94385026737968,0.0,0.0,104.60000000000008,275.0,924.8606898566632,0.03667259305378553,100.0,1.0,5.490785679242055
236,2042,7,6,4.2692437014197545E18,39.827564676052724,6.0382578623105754E-5,1.0,21.18254413737244,1.0,184.35516810985976,228.9398395721925,235.54124223403397,100.0,0.0,5.987967914438503,0.0,0.0,104.60000000000008,275.0,874.0346497804131,0.033956722913456715,100.0,1.0,5.4291213136118515
235,2042,7,6,8.305991534382669E18,39.45232133774138,2.0216748618531358E-4,1.0,36.15582372758451,2.0,276.25154604052034,228.7326203208556,482.8937537367559,100.0,0.0,5.946524064171123,0.0,0.0,104.60000000000008,275.0,851.4348719468663,0.051367255322293026,100.0,1.0,5.377969765120566
234,2042,7,6,8.619173836053503E18,39.784515023370204,6.014835605280666E-5,1.0,10.662259263941408,2.0,250.67988142107163,228.89304812834226,118.13335661695817,100.0,0.0,5.978609625668449,0.0,0.0,104.60000000000008,275.0,983.9350847056527,0.046223158453472045,100.0,1.0,5.42325297120067
233,2042,7,6,7.421366990471719E18,40.295831745597724,5.4541843793223896E-5,0.0,36.06434335429928,0.0,201.08624886663483,228.1577540106952,578.3421011314898,100.0,0.0,5.831550802139038,0.0,0.0,104.60000000000008,275.0,1023.3600412495923,0.036608038011765306,100.0,1.0,5.492953454703269
231,2042,7,6,4.2848121755587553E18,40.23298887467535,5.467646752614091E-5,0.0,49.323423864134625,0.0,235.37995618702902,228.1042780748663,809.9216318143956,100.0,0.0,5.820855614973262,0.0,0.0,104.60000000000008,275.0,830.9633480654845,0.04291818880947318,100.0,1.0,5.484386986411562
224,2042,7,7,2.3275888066568E18,40.49460824572845,3.101249238082711E-5,1.0,35.381536576912666,1.0,248.21696679480203,230.38636363636363,501.3534451424499,100.0,0.0,5.9772727272727275,0.0,0.0,104.60000000000008,270.5700000000046,914.25339590477,0.044966436076144686,100.0,1.0,5.520049807249112
222,2042,7,7,4.90388125562359E18,40.49681174921053,7.373393338285093E-5,1.0,38.414448423353186,2.0,278.0145932848629,229.57754010695186,560.4207828935663,100.0,0.0,5.815508021390374,0.0,0.0,104.60000000000008,264.1114978183251,897.2334167122938,0.05036176768763706,100.0,1.0,5.520350179310935
232,2042,7,7,6.261277189363532E18,40.671545428489885,1.2123726497586832E-4,1.0,38.47732044231088,1.0,194.25606492032153,230.3596256684492,536.1787438765463,100.0,0.0,5.971925133689839,0.0,0.0,104.60000000000008,273.23999999999813,855.9648351213099,0.03503790392521829,100.0,1.0,5.544169118533002
230,2042,7,7,2.2009420763865405E18,40.241114494536475,8.576463600892452E-5,1.0,33.97982809257119,1.0,263.37703063791037,230.4398395721925,435.8526280309231,100.0,0.0,5.987967914438503,0.0,0.0,104.60000000000008,275.0,845.4376318590038,0.048013360348775125,100.0,1.0,5.485494635757762
226,2042,7,8,3.967985631945377E18,40.78042721829908,9.409129969911138E-5,1.0,33.98695799490551,1.0,222.16790930308215,231.7927807486631,519.7605777299984,100.0,0.0,5.958556149732621,0.0,0.0,104.60000000000008,275.0,1007.7692554436021,0.03996536304649977,100.0,1.0,5.559011413072599
228,2042,11,8,6.65317065901527E17,39.7477493728359,6.657898750714282E-5,1.0,14.721376196510054,1.0,502.5487450568254,332.0053475935829,173.23358059596765,100.0,0.0,5.901069518716578,0.0,0.0,88.0,0.0,999.7118684232246,0.09298126357892725,100.0,1.0,5.404838842937818
225,2042,11,8,4.86643095885923E18,39.9133110667416,3.1012492380827115E-4,1.0,9.102557804628141,2.0,501.55402996189054,331.54411764705884,93.30290794061749,100.0,0.0,5.8088235294117645,0.0,0.0,88.0,0.0,926.4708723912988,0.09241229614434655,100.0,1.0,5.427351671670088
238,2042,11,8,2.857941005564493E18,40.40667681303673,9.92082289853714E-5,1.0,33.63464022308921,1.0,505.07216710315873,331.43716577540107,500.4960125399365,100.0,0.0,5.787433155080214,0.0,0.0,88.0,0.0,986.0979136019469,0.09192425023183926,100.0,1.0,5.494438799656588
229,2042,11,9,7.388801749022034E17,40.616324227411546,3.1012492380827115E-4,1.0,36.91556523971082,1.0,470.5044646230496,332.7032085561497,537.4929671697523,100.0,0.0,5.740641711229946,0.0,0.0,88.0,0.0,917.2230339883492,0.08519084485530132,100.0,1.0,5.52294633798048
224,2042,11,9,2.3275888066568E18,38.71573853305011,5.9939103944389476E-5,1.0,31.700996546547657,4.0,536.7445982189519,339.7192513368984,428.5508607629268,100.0,0.0,5.94385026737968,0.0,0.0,88.0,0.0,921.5226332823491,0.10195532841406582,100.0,1.0,5.264507569816256
223,2042,11,9,1.858714168763392E18,41.00605818152059,1.4238977218010608E-4,1.0,20.118700389320693,1.0,505.4704391044294,338.91711229946526,250.53077017675096,100.0,0.0,5.783422459893048,0.0,0.0,88.0,0.0,992.3203031818506,0.09065202970349648,100.0,1.0,5.575941771604185
222,2042,11,9,4.90388125562359E18,39.89930390870971,8.696716876283542E-5,1.0,33.672176328803346,2.0,536.781800218391,339.4852941176471,482.95498818993195,100.0,0.0,5.897058823529412,0.0,0.0,88.0,0.0,949.6399281992674,0.09893780185618861,100.0,1.0,5.425446999506136
221,2042,11,9,6.977615103056312E17,40.25776331886372,7.24252507725995E-5,1.0,26.057489257940873,1.0,508.53189325432925,333.5788770053476,335.39182548888226,100.0,0.0,5.915775401069519,0.0,0.0,88.0,0.0,949.6857803158256,0.09289628507805621,100.0,1.0,5.47418976794427
239,2042,11,9,9.054830946953192E18,40.818396095188355,1.306339190430796E-4,1.0,40.23996208641217,1.0,502.2262146068805,338.91711229946526,595.9032104579965,100.0,0.0,5.783422459893048,0.0,0.0,88.0,0.0,883.8409419529908,0.0904843009969172,100.0,1.0,5.550423764935657
237,2042,11,9,6.522181452910449E18,39.53689895606892,9.876589930199719E-5,1.0,14.634176863469364,3.0,506.1825127561696,339.55882352941177,167.8529088314888,100.0,0.0,5.911764705882353,0.0,0.0,88.0,0.0,976.1312447490893,0.09415303593840149,100.0,1.0,5.376167722168125
236,2042,11,9,4.2692437014197545E18,39.68586234374497,3.1012492380827115E-4,1.0,12.278582601391257,3.0,503.4065716120334,339.21122994652404,135.9718235900095,100.0,0.0,5.842245989304812,0.0,0.0,88.0,0.0,966.9214652762269,0.09328522271037737,100.0,1.0,5.396423538323533
235,2042,11,9,8.305991534382669E18,40.30541766096902,3.1012492380827115E-4,1.0,27.405313444010048,2.0,501.20295126126666,339.3449197860963,373.22896089427724,100.0,0.0,5.8689839572192515,0.0,0.0,88.0,0.0,986.5805643471657,0.0914492161815961,100.0,1.0,5.480669733308576
234,2042,11,9,8.619173836053503E18,39.80404843506461,2.461308919113263E-4,1.0,14.284388476517533,2.0,503.21508841694464,333.4117647058824,157.59475312624124,100.0,0.0,5.882352941176471,0.0,0.0,88.0,0.0,942.2874012283311,0.0929728624416244,100.0,1.0,5.412494304269725
232,2042,11,9,6.261277189363532E18,41.18355189414255,1.0671883131736788E-4,1.0,34.02941880161575,1.0,538.0015732632561,338.6764705882353,478.9618229760183,100.0,0.0,5.735294117647059,0.0,0.0,88.0,0.0,927.2202770764727,0.09607038685890204,100.0,1.0,5.600077098194843
230,2042,11,9,2.2009420763865405E18,40.27611959936495,1.498188037721116E-4,1.0,27.159334329645723,1.0,535.0275250006468,339.03743315508024,347.9512179524935,100.0,0.0,5.807486631016043,0.0,0.0,88.0,0.0,931.2814990263836,0.09769184172352263,100.0,1.0,5.476685827203734
227,2042,11,10,2.7812977706100634E18,39.92890587356084,6.39696625017061E-5,1.0,22.535182325461207,3.0,476.75616486948206,347.072192513369,298.68993367060614,100.0,0.0,5.9144385026737964,0.0,0.0,88.0,0.0,1024.535468146831,0.08780893329607388,100.0,1.0,5.429472229914889
220,2042,11,10,8.709926167270339E18,39.81427924467691,8.005289721431882E-5,1.0,31.15202484072165,3.0,503.69637282404614,341.0788770053476,438.30459910685903,100.0,0.0,5.915775401069519,0.0,0.0,88.0,0.0,966.933704366011,0.09303786997643654,100.0,1.0,5.413885474287148
231,2042,11,10,4.2848121755587553E18,38.69659324361281,1.608531762491033E-4,1.0,41.225855874661455,6.0,508.80131963328654,341.12566844919786,649.4532699284628,100.0,0.0,5.925133689839572,0.0,0.0,88.0,0.0,924.8666358979762,0.09669528333023075,100.0,1.0,5.2619042223150005
226,2042,11,11,3.967985631945377E18,40.99324221234908,3.1012492380827115E-4,1.0,38.51791206137399,2.0,577.7051427672344,348.2847593582888,590.4706751774103,100.0,0.0,5.856951871657754,0.0,0.0,88.0,0.0,941.2324912977359,0.10363913002433064,100.0,1.0,5.574199075499867
233,2042,11,11,7.421366990471719E18,41.136163266178905,1.2296785242199492E-4,1.0,33.24832551000284,1.0,512.0669596304137,354.65909090909093,542.7897834921371,100.0,0.0,5.931818181818182,0.0,0.0,88.0,0.0,1088.2698016481972,0.09154460713473396,100.0,1.0,5.593633264237634
238,2043,2,22,2.857941005564493E18,45.19722602559001,0.008745522851393248,0.0,28.139688626635767,0.0,104.39999999999992,239.8048128342246,450.65596109212214,100.0,0.0,6.36096256684492,0.0,0.0,104.80000000000148,622.14941742079,1149.3838431396407,0.017029178340710018,100.0,1.0,6.130653981726228
225,2043,2,23,4.86643095885923E18,46.48523520063107,0.009427797683771442,1.0,-28.8564715820526,1.0,87.00000000000001,241.3716577540107,-341.56274677911665,100.0,0.0,6.374331550802139,0.0,0.0,104.80000000000148,616.7930136591925,1527.1352166550007,0.013797779358923257,100.0,1.0,6.305362459919005
221,2043,2,23,6.977615103056312E17,45.74818343333717,0.004558896365460079,0.0,-16.349891705618127,0.0,116.00000000000001,242.30080213903744,-230.03032420664417,100.0,0.0,6.560160427807487,0.0,0.0,104.80000000000148,405.0934458653789,1641.5151094856967,0.0186934349624491,100.0,1.0,6.2053870908700235
239,2043,2,23,9.054830946953192E18,46.035549837388295,0.006695879036769493,0.0,40.02809281146454,0.0,101.50000000000001,241.48529411764707,661.6406453640445,100.0,0.0,6.397058823529412,0.0,0.0,104.80000000000148,409.6917269329076,990.162777268772,0.016254652281700043,100.0,1.0,6.244366119985947
229,2043,2,24,7.388801749022034E17,46.36787505094738,0.005429684487728053,0.0,14.965996739219147,0.0,95.69999999999867,244.5427807486631,244.13745408183337,100.0,0.0,6.708556149732621,0.0,0.0,104.80000000000148,411.754946040902,1383.1849152047143,0.015215972693278087,100.0,1.0,6.289443463727808
228,2043,2,24,6.65317065901527E17,45.68982429302385,0.010110072516149643,0.0,9.608123813181978,0.0,107.3000000000015,243.52005347593584,132.28715958226488,100.0,0.0,6.504010695187166,0.0,0.0,104.80000000000148,408.8469973474919,1238.078268470627,0.017313513501680856,100.0,1.0,6.197471125059882
227,2043,2,24,2.7812977706100634E18,47.288764838214696,0.010110072516149643,0.0,16.375910159278675,0.0,104.39999999999992,244.09491978609626,270.3479635174349,100.0,0.0,6.6189839572192515,0.0,0.0,104.80000000000148,401.2645699105987,1377.5991888013848,0.016275993359699023,100.0,1.0,6.4143550376780505
226,2043,2,24,3.967985631945377E18,47.02308054390051,0.010110072516149643,0.0,35.44668316426405,0.0,78.30000000000099,244.02139037433156,627.5060393314866,100.0,0.0,6.60427807486631,0.0,0.0,104.80000000000148,413.37138518964053,1141.6395932167638,0.012275965551266877,100.0,1.0,6.378317018975379
224,2043,2,24,2.3275888066568E18,47.196322663347196,0.010110072516149643,1.0,22.375832557824694,1.0,89.90000000000086,243.7072192513369,373.4310640567183,100.0,0.0,6.541443850267379,0.0,0.0,104.80000000000148,605.4740106122368,1293.1661588789918,0.014042890391378078,100.0,1.0,6.401815971959505
223,2043,2,24,1.858714168763392E18,46.05541595664519,0.010110072516149643,1.0,12.858422306311885,1.0,104.39999999999992,243.54679144385025,172.46702036799874,100.0,0.0,6.509358288770054,0.0,0.0,104.80000000000148,413.9781903356245,1164.1622055602004,0.016711859105119995,100.0,1.0,6.247060805342416
222,2043,2,24,4.90388125562359E18,47.14506330082533,0.010110072516149643,0.0,39.3725117340278,0.0,113.1000000000005,243.52005347593584,676.2065213706799,100.0,0.0,6.504010695187166,0.0,0.0,104.80000000000148,407.34095470327753,1040.2092150176195,0.017686070735536706,100.0,1.0,6.394863036069857
220,2043,2,24,8.709926167270339E18,46.91476781798727,0.010110072516149643,0.0,46.027032022405166,0.0,92.80000000000129,244.14839572192514,786.5725747928914,100.0,0.0,6.629679144385027,0.0,0.0,104.80000000000148,413.35281531097036,921.637973748417,0.014582882643335347,100.0,1.0,6.363625235811155
236,2043,2,24,4.2692437014197545E18,46.606520881924624,0.010110072516149643,0.0,23.396596229768928,0.0,98.59999999999975,243.3596256684492,302.99943478087977,100.0,0.0,6.471925133689839,0.0,0.0,104.80000000000148,411.3528381977245,990.2608811408518,0.01559678933670426,100.0,1.0,6.321813924097971
235,2043,2,24,8.305991534382669E18,46.316838928045904,0.010110072516149643,1.0,41.60361824367629,1.0,95.69999999999867,243.88101604278074,664.4626344078587,100.0,0.0,6.57620320855615,0.0,0.0,104.80000000000148,403.8435442488405,931.7855880873157,0.015232739041552538,100.0,1.0,6.2825208085652875
234,2043,2,24,8.619173836053503E18,45.915217738554304,0.010110072516149643,0.0,8.07514314015306,0.0,113.1000000000005,243.7139037433155,105.50009200807821,100.0,0.0,6.542780748663102,0.0,0.0,104.80000000000148,412.2724664262492,1193.7195153569892,0.018159794626643216,100.0,1.0,6.228044001888952
232,2043,2,24,6.261277189363532E18,46.92774185909645,0.010110072516149643,1.0,42.31358233124919,1.0,87.00000000000001,243.30614973262033,691.9476788393006,100.0,0.0,6.461229946524064,0.0,0.0,104.80000000000148,406.8733573219124,942.5244289220354,0.013667672752543334,100.0,1.0,6.365385064096644
230,2043,2,24,2.2009420763865405E18,46.79144206143465,0.010110072516149643,0.0,30.7401828135185,0.0,63.80000000000056,243.4866310160428,459.90948036195033,100.0,0.0,6.497326203208556,0.0,0.0,104.80000000000148,609.6960966683682,1034.7394161432728,0.01005215611427742,100.0,1.0,6.346897051209067
237,2043,2,25,6.522181452910449E18,47.72140994746558,0.01073032236376618,0.0,30.425516611648675,0.0,92.80000000000129,245.64171122994654,439.0251651554468,100.0,0.0,6.628342245989304,0.0,0.0,104.80000000000148,409.30267161260866,1002.605416318037,0.014336385997022902,100.0,1.0,6.473039999011758
231,2043,2,25,4.2848121755587553E18,47.610051244928606,0.01073032236376618,0.0,47.66202901173428,0.0,95.69999999999867,246.07620320855614,889.8201743075936,100.0,0.0,6.71524064171123,0.0,0.0,104.80000000000148,405.67412258410934,976.449514434273,0.01481897839157858,100.0,1.0,6.4579350526878185
233,2043,2,26,7.421366990471719E18,47.9219941168178,0.005076531982053325,0.0,36.230371480356006,0.0,98.59999999999975,247.83021390374333,668.7478980776158,100.0,0.0,6.766042780748663,0.0,0.0,104.80000000000148,406.69012829707975,1176.0097796141802,0.01516865275138837,100.0,1.0,6.500247689497342
227,2043,7,5,2.7812977706100634E18,40.2096894472732,5.4484350633919735E-5,1.0,17.11426710550541,2.0,221.56308279707486,223.3288770053476,239.86486138620566,100.0,0.0,5.165775401069519,0.0,0.0,104.89999999999989,275.0,1157.922949119643,0.04072362559549663,100.0,1.0,5.4406521903977065
239,2043,7,5,9.054830946953192E18,39.976400174341165,4.139414359427002E-5,0.0,37.698202815858565,0.0,239.01960936151593,227.47326203208556,534.5012867611978,100.0,0.0,5.994652406417113,0.0,0.0,104.89999999999989,275.0,882.0396368856195,0.04418853506347731,100.0,1.0,5.409086520251502
238,2043,7,5,2.857941005564493E18,39.98517290843066,4.659328783177151E-5,1.0,34.07917502398107,2.0,147.810359252525,226.89171122994654,481.81182136692496,100.0,0.0,5.878342245989304,0.0,0.0,104.89999999999989,275.0,930.2158398951127,0.027320311692910965,100.0,1.0,5.4102735325263
234,2043,7,5,8.619173836053503E18,40.74290907693976,1.4895529481665282E-4,1.0,11.6894427229241,1.0,218.4607643944349,225.78208556149733,135.06519551874598,100.0,0.0,5.656417112299465,0.0,0.0,104.89999999999989,275.0,1014.9489252699849,0.039627910168736756,100.0,1.0,5.512800535385864
230,2043,7,5,2.2009420763865405E18,40.98318184824375,3.417731141814758E-5,1.0,36.42951572448588,1.0,239.69060552560703,226.48395721925132,476.20276422037426,100.0,0.0,5.7967914438502675,0.0,0.0,104.89999999999989,275.0,829.6783745401617,0.04322401399402001,100.0,1.0,5.54531112170119
229,2043,7,6,7.388801749022034E17,41.220454099337694,8.62320442131774E-6,1.0,21.301657628367234,1.0,179.36099178592903,228.0374331550802,308.0162456789504,100.0,0.0,5.807486631016043,0.0,0.0,104.89999999999989,275.0,1135.076996331345,0.032158440557077526,100.0,1.0,5.577415716647825
225,2043,7,6,4.86643095885923E18,40.36700960931836,3.1012492380827115E-4,0.0,-4.599936008820707,0.0,268.6764051842777,228.89304812834226,-46.531526933233,100.0,0.0,5.978609625668449,0.0,0.0,104.89999999999989,272.8999999999964,1073.5183506354592,0.049190666450322995,100.0,1.0,5.461938708547696
224,2043,7,6,2.3275888066568E18,39.79284678602963,6.925523086383905E-5,1.0,31.80275989423305,1.0,230.97763006929418,228.90641711229947,446.42949745473715,100.0,0.0,5.981283422459893,0.0,0.0,104.89999999999989,273.39000000000465,955.2629143137166,0.04289875288142846,100.0,1.0,5.384250463124488
223,2043,7,6,1.858714168763392E18,39.60263528048548,4.184092334164476E-5,1.0,11.237699529865388,2.0,186.33004808212632,228.47860962566844,129.4267355114417,100.0,0.0,5.89572192513369,0.0,0.0,104.89999999999989,275.0,1017.0877608932948,0.034772712156044716,100.0,1.0,5.358513516172066
222,2043,7,6,4.90388125562359E18,39.77585045503043,3.1012492380827115E-4,1.0,34.8853742324376,3.0,212.3171547245459,228.56550802139037,499.42290706331937,100.0,0.0,5.913101604278075,0.0,0.0,104.89999999999989,266.1300000000027,930.6762588986959,0.03944985098430841,100.0,1.0,5.381950740675732
221,2043,7,6,6.977615103056312E17,40.70960457861186,4.6314952779013E-5,0.0,-6.603431867743833,0.0,250.1776983099437,228.9331550802139,-82.05580727237566,100.0,0.0,5.9866310160427805,0.0,0.0,104.89999999999989,275.0,1334.9790089543565,0.04541836166544631,100.0,1.0,5.508294203845658
220,2043,7,6,8.709926167270339E18,39.92866856202099,5.9939103944389476E-5,1.0,42.17077800573722,1.0,255.570559251167,228.6590909090909,612.0929513862175,100.0,0.0,5.931818181818182,0.0,0.0,104.89999999999989,275.0,838.1537188797138,0.0473048587750621,100.0,1.0,5.402628099291508
237,2043,7,6,6.522181452910449E18,38.27043192404065,7.235765837803807E-5,1.0,19.78226220710177,5.0,236.10222972075806,228.0842245989305,226.41527337590992,100.0,0.0,5.816844919786096,0.0,0.0,104.89999999999989,274.2000000000029,915.3175810775019,0.04559492235224657,100.0,1.0,5.178257085223981
236,2043,7,6,4.2692437014197545E18,40.875693223983816,4.707421429998044E-5,1.0,20.67143452722192,1.0,134.5555097317107,228.7927807486631,234.431998200173,100.0,0.0,5.958556149732621,0.0,0.0,104.89999999999989,275.0,897.0030249374322,0.024328543556569007,100.0,1.0,5.530767159112534
235,2043,7,6,8.305991534382669E18,40.6308273213853,1.1658831722115459E-4,0.0,38.03749027132181,0.0,222.245546647829,228.51871657754012,531.8875008376335,100.0,0.0,5.903743315508021,0.0,0.0,104.89999999999989,275.0,864.9387903530911,0.040425663582446376,100.0,1.0,5.497635090010803
233,2043,7,6,7.421366990471719E18,39.749536711978955,8.865778267817928E-5,1.0,32.32723037171743,2.0,217.2988021277564,228.54545454545453,494.13739961087015,100.0,0.0,5.909090909090909,0.0,0.0,104.89999999999989,272.52999999999895,1032.2393304463878,0.04040220023382677,100.0,1.0,5.378390307214577
231,2043,7,6,4.2848121755587553E18,41.10904244213925,4.435425111674359E-5,0.0,46.90079787135862,0.0,218.59791632541456,228.725935828877,754.4361833472125,100.0,0.0,5.945187165775401,0.0,0.0,104.89999999999989,260.26000000000147,853.0170057255422,0.03929962558442768,100.0,1.0,5.562340940266696
228,2043,7,7,6.65317065901527E17,40.78185726107955,6.313618155705844E-5,2.0,11.051651371543672,2.0,226.85203883763282,229.5441176470588,135.40676873015065,100.0,0.0,5.8088235294117645,0.0,0.0,104.89999999999989,275.0,1084.7317177871116,0.04111075401400529,100.0,1.0,5.518070497085766
226,2043,7,7,3.967985631945377E18,39.800830952286574,3.797758067698643E-5,1.0,34.42727728965688,2.0,265.4027924229191,230.41978609625667,514.8323748613935,100.0,0.0,5.983957219251337,0.0,0.0,104.89999999999989,275.0,978.889933861404,0.04928254241565594,100.0,1.0,5.385330776656658
232,2043,7,7,6.261277189363532E18,40.37009741729989,1.2161761717971418E-4,1.0,39.830233557035314,1.0,267.20010413943135,230.40641711229947,559.1667008317297,100.0,0.0,5.981283422459893,0.0,0.0,104.89999999999989,275.0,843.4301993181853,0.04891663581876411,100.0,1.0,5.462356510562304
228,2043,11,7,6.65317065901527E17,39.30972443141946,1.0095212363550493E-4,1.0,15.62092801702284,3.0,531.7598434603325,322.85427807486633,183.71309865767216,100.0,0.0,5.570855614973262,0.0,0.0,88.0,0.0,989.4752588322563,0.10022352537658215,100.0,1.0,5.305738762054976
221,2043,11,8,6.977615103056312E17,39.62530022627985,8.306324293129183E-6,1.0,21.089015992565933,2.0,504.8251522213309,332.0053475935829,257.07458058019347,100.0,0.0,5.901069518716578,0.0,0.0,88.0,0.0,959.4636248516647,0.09438925442682657,100.0,1.0,5.348332872071648
237,2043,11,8,6.522181452910449E18,39.68725758999977,3.1012492380827115E-4,1.0,18.00402752838127,1.0,490.75895942819363,331.9852941176471,213.24903642453884,100.0,0.0,5.897058823529412,0.0,0.0,88.0,0.0,967.8269618278562,0.09161599095012746,100.0,1.0,5.356695423349683
234,2043,11,8,8.619173836053503E18,39.38331535409908,1.1203935108680317E-4,1.0,14.092533123690833,3.0,478.90738374224964,331.7647058823529,156.86287295362212,100.0,0.0,5.852941176470588,0.0,0.0,88.0,0.0,952.0285656285773,0.09009348704215543,100.0,1.0,5.315671525935778
227,2043,11,9,2.7812977706100634E18,39.84459012657712,9.92082289853714E-5,1.0,25.38088350472809,2.0,478.89803850440666,339.60561497326205,351.28611817853437,100.0,0.0,5.921122994652406,0.0,0.0,88.0,0.0,1030.3876515009706,0.08904875071529512,100.0,1.0,5.377931017084449
226,2043,11,9,3.967985631945377E18,38.01973500512374,6.167957911859014E-5,2.0,34.71990320062916,7.0,530.9446343744534,339.3783422459893,494.7482012452786,100.0,0.0,5.875668449197861,0.0,0.0,88.0,0.0,928.6041814292518,0.10346519657124316,100.0,1.0,5.13162543511779
225,2043,11,9,4.86643095885923E18,39.90912548558673,9.015259413031138E-5,1.0,6.588793903065423,3.0,505.6607639419446,339.4050802139037,67.27552167010346,100.0,0.0,5.8810160427807485,0.0,0.0,88.0,0.0,945.5534695956413,0.0938731046757404,100.0,1.0,5.3866415272895765
224,2043,11,9,2.3275888066568E18,39.75033634940761,1.768101047937692E-4,1.0,34.75927506903157,3.0,502.2581235472776,333.4318181818182,486.0063346543525,100.0,0.0,5.886363636363637,0.0,0.0,88.0,0.0,910.7290624614852,0.09361389135622174,100.0,1.0,5.365209332406377
223,2043,11,9,1.858714168763392E18,40.27473646224484,3.1012492380827115E-4,1.0,13.993165051675808,2.0,501.11699441485774,333.4852941176471,163.25437424634072,100.0,0.0,5.897058823529412,0.0,0.0,88.0,0.0,999.8368813137624,0.0921850637653224,100.0,1.0,5.435989019767482
222,2043,11,9,4.90388125562359E18,40.390699915342985,1.3919431050640532E-4,1.0,34.12510340605969,1.0,502.09577956402387,339.60561497326205,494.79507112673303,100.0,0.0,5.921122994652406,0.0,0.0,88.0,0.0,953.8222620584605,0.09209993599340317,100.0,1.0,5.451640917535354
239,2043,11,9,9.054830946953192E18,40.76032413584244,9.679304738085867E-5,1.0,38.13099851000644,1.0,477.6492224445341,339.20454545454544,549.7997322133108,100.0,0.0,5.840909090909091,0.0,0.0,88.0,0.0,890.950472751241,0.08682115971010415,100.0,1.0,5.501530088280378
238,2043,11,9,2.857941005564493E18,40.727593504210375,3.1012492380827115E-4,0.0,30.86806983369646,0.0,477.72864721869536,333.61898395721926,443.4153653395401,100.0,0.0,5.92379679144385,0.0,0.0,88.0,0.0,991.276364158588,0.0869053817781701,100.0,1.0,5.497112347289598
236,2043,11,9,4.2692437014197545E18,40.47315112576529,3.1012492380827115E-4,1.0,12.793292872949214,1.0,508.7670801332066,339.4986631016043,143.5033479965414,100.0,0.0,5.899732620320855,0.0,0.0,88.0,0.0,974.0213364220792,0.09313354203436554,100.0,1.0,5.462769578177061
235,2043,11,9,8.305991534382669E18,39.46344568278617,6.786103365607686E-5,1.0,25.485565736675685,3.0,507.24494879915414,339.68582887700535,345.5216369858436,100.0,0.0,5.93716577540107,0.0,0.0,88.0,0.0,1007.8197294429439,0.0952306755605202,100.0,1.0,5.326486930955289
233,2043,11,9,7.421366990471719E18,41.33738143775428,1.0181382922136278E-4,0.0,33.61660401082177,0.0,501.9952726605303,333.04411764705884,532.8621951695812,100.0,0.0,5.8088235294117645,0.0,0.0,88.0,0.0,1050.5655364224524,0.08997270996091536,100.0,1.0,5.579417057445528
232,2043,11,9,6.261277189363532E18,40.673628825997426,3.1012492380827115E-4,0.0,34.784211598941546,0.0,534.7601922508568,333.75267379679144,490.81623270797036,100.0,0.0,5.9505347593582885,0.0,0.0,88.0,0.0,918.8348122294398,0.0974092694274359,100.0,1.0,5.4898285901756125
231,2043,11,9,4.2848121755587553E18,39.500781101980735,5.7772899368157796E-5,1.0,40.039413647459966,4.0,510.2032427479403,339.5053475935829,617.4006083864573,100.0,0.0,5.901069518716578,0.0,0.0,88.0,0.0,923.3497470336586,0.0956955333859451,100.0,1.0,5.331526192453142
229,2043,11,10,7.388801749022034E17,41.49438057438858,1.79262961738885E-4,1.0,34.15047990005789,1.0,513.800997640785,340.9852941176471,495.35821953024004,100.0,0.0,5.897058823529412,0.0,0.0,88.0,0.0,953.7356732943631,0.0917402234955299,100.0,1.0,5.600607651297255
220,2043,11,10,8.709926167270339E18,40.628502574133464,3.1012492380827115E-4,1.0,33.75609592782781,2.0,505.9214359155767,347.0788770053476,497.3743774097532,100.0,0.0,5.915775401069519,0.0,0.0,88.0,0.0,974.644852609088,0.09225850255656966,100.0,1.0,5.483737779131669
230,2043,11,10,2.2009420763865405E18,41.21172482979252,8.021855245945969E-5,1.0,28.487605732927634,1.0,486.02753845967743,341.0855614973262,373.60369673254496,100.0,0.0,5.9171122994652405,0.0,0.0,88.0,0.0,936.31513818082,0.08737641507835041,100.0,1.0,5.56245684861134
228,2044,2,22,6.65317065901527E17,45.47962651398209,0.009551847653294754,0.0,-12.456693835617147,0.0,89.90000000000086,240.0788770053476,-168.94818246416574,100.0,0.0,6.415775401069519,0.0,0.0,105.10000000000012,611.1720418226313,1530.1912202391927,0.014681516719411924,100.0,1.0,6.123345545159849
229,2044,2,23,7.388801749022034E17,46.3714326915124,0.010234122485672948,0.0,-14.155096837686258,0.0,98.59999999999975,242.19385026737967,-236.61501350144397,100.0,0.0,6.538770053475936,0.0,0.0,105.10000000000012,618.4876626499035,1914.121812968714,0.01579263226007032,100.0,1.0,6.243417713796669
227,2044,2,23,2.7812977706100634E18,46.31497687703084,0.005508139120383719,0.0,-3.647251095824622,0.0,78.30000000000099,242.22727272727272,-57.338195799675674,100.0,0.0,6.545454545454546,0.0,0.0,105.10000000000012,613.3267356721462,1649.543941218136,0.01255649512364712,100.0,1.0,6.235816541874166
225,2044,2,23,4.86643095885923E18,46.1738516440485,0.010234122485672948,0.0,-17.058515866261143,0.0,104.39999999999992,242.10026737967914,-196.90265183077705,100.0,0.0,6.520053475935829,0.0,0.0,105.10000000000012,412.3670588052133,1354.599780733288,0.016793163535974806,100.0,1.0,6.216815537843789
239,2044,2,23,9.054830946953192E18,45.516110943861314,0.005998899464052141,0.0,37.305372853255,0.0,98.59999999999975,241.86631016042782,602.9592401179519,100.0,0.0,6.473262032085562,0.0,0.0,105.10000000000012,406.2026304966803,1011.9645335993837,0.016089401503852047,100.0,1.0,6.128257783634364
237,2044,2,23,6.522181452910449E18,46.01428990963064,0.006356597817188167,0.0,22.19312149794463,0.0,75.40000000000096,241.6457219251337,296.48029035084727,100.0,0.0,6.429144385026738,0.0,0.0,105.10000000000012,416.60775288588354,1037.4645378815321,0.012170452993423555,100.0,1.0,6.195332255976356
236,2044,2,23,4.2692437014197545E18,46.2951951904575,0.008807334325019749,0.0,14.950540324792305,0.0,87.00000000000001,242.4211229946524,190.40514867569783,100.0,0.0,6.584224598930481,0.0,0.0,105.10000000000012,616.1005810147025,1079.2490630731309,0.013957622717907434,100.0,1.0,6.2331531492379595
235,2044,2,23,8.305991534382669E18,45.83772665211902,0.010234122485672948,0.0,39.04577275159434,0.0,104.39999999999992,242.25401069518716,624.0405581430605,100.0,0.0,6.550802139037433,0.0,0.0,105.10000000000012,617.8900767982285,973.0031895801583,0.01691630668399433,100.0,1.0,6.171559900766038
230,2044,2,23,2.2009420763865405E18,45.446937111419814,0.010234122485672948,0.0,24.868021791059014,0.0,69.59999999999908,242.2072192513369,370.46769960274884,100.0,0.0,6.541443850267379,0.0,0.0,105.10000000000012,614.861782934579,1117.2781848631007,0.01137451118496454,100.0,1.0,6.118944266545733
224,2044,2,24,2.3275888066568E18,45.79588936669624,0.010885384825670315,1.0,33.617911020230444,1.0,101.50000000000001,244.1885026737968,566.5228667657016,100.0,0.0,6.637700534759358,0.0,0.0,105.10000000000012,413.62249230424766,1117.1723144316454,0.016461434055154104,100.0,1.0,6.16592695751317
223,2044,2,24,1.858714168763392E18,45.4279116088313,0.010885384825670315,1.0,8.033174763341874,1.0,110.19999999999847,244.1350267379679,110.22849916505446,100.0,0.0,6.627005347593583,0.0,0.0,105.10000000000012,405.73793334811273,1253.9998469287896,0.0180171852641341,100.0,1.0,6.116382685999684
222,2044,2,24,4.90388125562359E18,46.968680510852735,0.020281735674649415,0.0,25.396279849181067,0.0,89.90000000000086,243.75401069518716,418.63262203320875,100.0,0.0,6.550802139037433,0.0,0.0,105.10000000000012,613.4515960590809,1227.717169621623,0.01421606674480358,100.0,1.0,6.323830748252651
238,2044,2,24,2.857941005564493E18,46.947477106711375,0.010031542769436262,0.0,31.01341331848931,0.0,89.90000000000086,244.00802139037432,553.0421252102218,100.0,0.0,6.601604278074866,0.0,0.0,105.10000000000012,606.8211119354279,1228.2442556933352,0.014222487302990465,100.0,1.0,6.320975936543687
234,2044,2,24,8.619173836053503E18,46.29923863640316,0.004494378540739189,0.0,1.155130443678876,0.0,98.59999999999975,243.33957219251337,14.641950720059931,100.0,0.0,6.467914438502674,0.0,0.0,105.10000000000012,406.4493091282549,1208.563708639918,0.015817257592954458,100.0,1.0,6.233697556011197
233,2044,2,24,7.421366990471719E18,47.60455390935656,0.004770107285569815,0.0,32.44405582812533,0.0,87.00000000000001,243.68716577540107,572.6120981399691,100.0,0.0,6.537433155080214,0.0,0.0,105.10000000000012,405.4246158470645,1190.950073136206,0.013573719635114246,100.0,1.0,6.409444304045974
232,2044,2,24,6.261277189363532E18,45.817921444711224,0.010885384825670315,2.0,36.0901690313277,2.0,84.09999999999899,244.14839572192514,550.871232619849,100.0,0.0,6.629679144385027,0.0,0.0,105.10000000000012,413.8030025995116,974.1456554635351,0.013632915232452998,100.0,1.0,6.1688933413009055
231,2044,2,24,4.2848121755587553E18,46.19979156637988,0.010885384825670315,0.0,43.65100941355,0.0,104.39999999999992,244.03475935828877,742.2100108577987,100.0,0.0,6.606951871657754,0.0,0.0,105.10000000000012,406.63050376469056,957.0704727482041,0.01678373463287696,100.0,1.0,6.220308071094921
226,2044,2,25,3.967985631945377E18,47.76270282865348,0.005892056775111177,0.0,37.74305065292057,0.0,87.00000000000001,245.52139037433156,684.2236798746799,100.0,0.0,6.60427807486631,0.0,0.0,105.10000000000012,406.00793251027926,1127.4070738866276,0.013528775170835635,100.0,1.0,6.430737365459984
221,2044,2,25,6.977615103056312E17,47.193118364435136,0.011536647165667687,1.0,-20.87475923548899,1.0,101.50000000000001,245.2874331550802,-299.3419977406207,100.0,0.0,6.557486631016043,0.0,0.0,105.10000000000012,406.39325499010585,1736.7029061366522,0.015974066536258356,100.0,1.0,6.354048906057368
220,2044,2,25,8.709926167270339E18,46.88087580628168,0.011536647165667687,1.0,43.973016188730114,1.0,116.00000000000001,245.44117647058823,753.64602478592,100.0,0.0,6.588235294117647,0.0,0.0,105.10000000000012,411.4055972494186,959.2537075502597,0.01837766770940477,100.0,1.0,6.312008783390779
230,2044,7,2,2.2009420763865405E18,40.31161043965194,8.261186036448349E-5,1.0,35.55301253672907,1.0,198.87748332577385,220.27540106951872,468.38907978437356,100.0,0.0,5.1550802139037435,0.0,0.0,105.19999999999852,273.35999999999535,847.9891558365935,0.03673306627504537,100.0,1.0,5.414126929580104
228,2044,7,3,6.65317065901527E17,39.57938632536921,4.313281276888334E-5,1.0,3.4321698523547246,2.0,230.0054553115581,225.28475935828877,41.15384409889887,100.0,0.0,5.856951871657754,0.0,0.0,105.19999999999852,275.0,1140.5652280342665,0.043268396004263854,100.0,1.0,5.315784187814413
238,2044,7,3,2.857941005564493E18,37.9943152227812,5.831608194965611E-5,1.0,32.77805120045267,2.0,235.88741741967797,224.9639037433155,471.96777677903737,100.0,0.0,5.792780748663102,0.0,0.0,105.19999999999852,275.0,966.0574896292925,0.04622616544172003,100.0,1.0,5.10289822150779
234,2044,7,3,8.619173836053503E18,39.385941762084535,1.7403194377568532E-4,1.0,0.30773576347246523,1.0,212.89321411021047,224.43582887700535,3.916693230802909,100.0,0.0,5.68716577540107,0.0,0.0,105.19999999999852,274.5599999999981,1034.0735549176409,0.04024596077097567,100.0,1.0,5.289803250609523
232,2044,7,3,6.261277189363532E18,38.383627108553746,8.689406663162547E-6,1.0,32.98894193731211,2.0,225.42277588295804,225.1042780748663,421.04031269959927,100.0,0.0,5.820855614973262,0.0,0.0,105.19999999999852,273.6000000000036,853.3770742156653,0.04372738407894868,100.0,1.0,5.155185489165391
229,2044,7,4,7.388801749022034E17,40.82322682232778,6.239938104794188E-5,0.0,15.972696857786225,0.0,168.62790864490194,225.93582887700535,235.93756938258616,100.0,0.0,5.68716577540107,0.0,0.0,105.19999999999852,275.0,1237.2142678070027,0.030755574161442964,100.0,1.0,5.482840533548029
226,2044,7,4,3.967985631945377E18,38.81787209156471,9.943088291384137E-6,1.0,33.872583746644366,3.0,193.99541553738885,227.31951871657753,498.1715077798613,100.0,0.0,5.963903743315508,0.0,0.0,105.19999999999852,275.0,970.5481945529303,0.03721015314808338,100.0,1.0,5.213507581260282
225,2044,7,4,4.86643095885923E18,40.99675895553987,8.263387258413832E-6,1.0,-10.257504541479783,1.0,118.88930230648344,222.4398395721925,-103.6368091924933,100.0,0.0,4.987967914438503,0.0,0.0,105.19999999999852,275.0,1118.7394991606611,0.021592104292075733,100.0,1.0,5.506147094246652
223,2044,7,4,1.858714168763392E18,39.7356566112072,3.482202153697184E-5,1.0,9.242267179010305,2.0,241.09801301670234,227.2326203208556,110.80009180986013,100.0,0.0,5.946524064171123,0.0,0.0,105.19999999999852,272.3999999999964,1079.5400992360953,0.045176746653986674,100.0,1.0,5.336772363519151
221,2044,7,4,6.977615103056312E17,38.59422410812053,8.226125299954142E-5,1.0,-18.906692299161666,3.0,240.93058211652004,227.07219251336898,-220.7969771732693,100.0,0.0,5.9144385026737964,0.0,0.0,105.19999999999852,275.0,1393.3591380471526,0.046480557752277094,100.0,1.0,5.18347011670093
220,2044,7,4,8.709926167270339E18,40.68431165308191,1.2494960669148713E-4,0.0,41.83718030659655,0.0,291.6398811502838,226.57085561497325,620.8833384187141,100.0,0.0,5.814171122994653,0.0,0.0,105.19999999999852,275.0,861.9406532797476,0.05337300503375561,100.0,1.0,5.464183269535544
237,2044,7,4,6.522181452910449E18,40.21842325238665,6.90086612835494E-5,1.0,20.05091676978263,1.0,270.5839017632659,227.37299465240642,233.71948800216396,100.0,0.0,5.974598930481283,0.0,0.0,105.19999999999852,264.66000000000287,929.3257033365861,0.0500931831846241,100.0,1.0,5.4016112485005845
227,2044,7,5,2.7812977706100634E18,39.86631568106548,5.467646752614091E-5,1.0,12.679575928036273,2.0,256.5232687045391,228.725935828877,173.99165090899885,100.0,0.0,5.945187165775401,0.0,0.0,105.19999999999852,275.0,1193.1397016477429,0.04790958170258847,100.0,1.0,5.354320776519733
224,2044,7,5,2.3275888066568E18,40.943379103534944,3.549964787182591E-5,0.0,36.452277356322185,0.0,268.2589436569664,228.79946524064172,547.9577538240677,100.0,0.0,5.959893048128342,0.0,0.0,105.19999999999852,274.9400000000019,953.617355345895,0.048783419901929206,100.0,1.0,5.49897781246693
222,2044,7,5,4.90388125562359E18,41.3554903441715,6.262619624561212E-5,0.0,34.42649750592169,0.0,208.9594083476976,228.60561497326202,498.3378916864678,100.0,0.0,5.921122994652406,0.0,0.0,105.19999999999852,275.0,947.6788941695261,0.03762101172299835,100.0,1.0,5.554327190514051
236,2044,7,5,4.2692437014197545E18,40.86134859310121,3.526551328272357E-5,0.0,19.260066086856334,0.0,214.0042004010089,228.6524064171123,215.84994985217372,100.0,0.0,5.93048128342246,0.0,0.0,105.19999999999852,272.6300000000028,902.013202119181,0.03899521478954915,100.0,1.0,5.487960549927853
235,2044,7,5,8.305991534382669E18,40.01822902527633,3.6762082006670367E-5,1.0,37.75446918952768,1.0,223.42258909287406,227.44251336898395,525.5909845766994,100.0,0.0,5.688502673796791,0.0,0.0,105.19999999999852,274.67999999999535,865.2517123299308,0.04156912950917887,100.0,1.0,5.374723784955376
233,2044,7,5,7.421366990471719E18,40.28897778743745,3.1012492380827115E-4,1.0,28.138138110713044,1.0,263.30652697335734,228.8596256684492,419.56080635017065,100.0,0.0,5.971925133689839,0.0,0.0,105.19999999999852,275.0,1069.3028538537626,0.04866055874307853,100.0,1.0,5.411087208504568
231,2044,7,5,4.2848121755587553E18,41.32523501065885,9.39203282278229E-5,0.0,42.065082181444865,0.0,245.49459105191897,228.25133689839572,631.9684151338761,100.0,0.0,5.850267379679145,0.0,0.0,105.19999999999852,273.57000000000465,869.105183521275,0.04423115814427584,100.0,1.0,5.550263690838707
239,2044,7,6,9.054830946953192E18,40.007581818644205,3.059034561138995E-5,1.0,37.64116880310581,2.0,278.5644935947545,230.45320855614975,533.4956214721163,100.0,0.0,5.990641711229946,0.0,0.0,105.19999999999852,270.20999999999896,882.479390328658,0.051842408844520876,100.0,1.0,5.3732937917717045
227,2044,11,6,2.7812977706100634E18,40.138288096162775,3.1012492380827115E-4,1.0,25.044171061765457,1.0,495.833345627721,329.8636363636364,344.44160974793687,100.0,0.0,5.7727272727272725,0.0,0.0,88.0,0.0,1028.6192348304696,0.09220443370033164,100.0,1.0,5.377543418781797
230,2044,11,6,2.2009420763865405E18,39.44972285063398,3.1012492380827115E-4,1.0,29.64402908797166,2.0,429.3817176357179,323.9572192513369,381.4855466980035,100.0,0.0,5.791443850267379,0.0,0.0,88.0,0.0,903.5682121720065,0.0812408601089504,100.0,1.0,5.285292610884266
228,2044,11,7,6.65317065901527E17,40.06748834224141,3.1012492380827115E-4,1.0,13.932917256928901,2.0,449.3513697410892,331.2767379679144,166.81514988072442,100.0,0.0,5.755347593582887,0.0,0.0,88.0,0.0,1026.5245882608644,0.08370836722011765,100.0,1.0,5.368057993049666
226,2044,11,7,3.967985631945377E18,40.31032014540556,1.5157620909495172E-4,1.0,39.730843227722,1.0,468.0787985715789,331.50401069518716,604.9607065805056,100.0,0.0,5.800802139037433,0.0,0.0,88.0,0.0,916.4632082595599,0.08667176551016978,100.0,1.0,5.400591482316765
224,2044,11,7,2.3275888066568E18,38.99199249441974,7.586226120554576E-5,1.0,36.02015623901624,3.0,505.2296599802653,331.9585561497326,514.3659445770468,100.0,0.0,5.891711229946524,0.0,0.0,88.0,0.0,912.1137737815482,0.09671377387788885,100.0,1.0,5.223968000857562
223,2044,11,7,1.858714168763392E18,40.42767238903249,7.69922849573662E-5,1.0,16.62004270774837,1.0,472.6549502451904,331.4505347593583,201.35962418830607,100.0,0.0,5.790106951871658,0.0,0.0,88.0,0.0,1006.7218828353755,0.08726506033137912,100.0,1.0,5.416313796728462
222,2044,11,7,4.90388125562359E18,40.06950302632726,5.6489057159976534E-5,1.0,32.434787359511745,1.0,507.70851380270415,331.8582887700535,453.81821623945393,100.0,0.0,5.871657754010696,0.0,0.0,88.0,0.0,943.7754085624505,0.09457479539329336,100.0,1.0,5.368327911166781
221,2044,11,7,6.977615103056312E17,39.258449258197885,1.2965088787971198E-4,1.0,19.06990513789661,3.0,467.0070676077411,331.8917112299465,227.4834825227543,100.0,0.0,5.878342245989304,0.0,0.0,88.0,0.0,962.3152349783219,0.08879024058879205,100.0,1.0,5.259666653799913
237,2044,11,7,6.522181452910449E18,39.131559930234474,3.1012492380827115E-4,1.0,13.074353062494122,4.0,475.1465397914671,332.0788770053476,148.12384685529653,100.0,0.0,5.915775401069519,0.0,0.0,88.0,0.0,980.6982589600426,0.09063069915035309,100.0,1.0,5.242666604648122
236,2044,11,7,4.2692437014197545E18,40.01285334519646,6.368068250683188E-5,1.0,11.154623482229505,2.0,504.72520564939174,331.798128342246,122.34426229061764,100.0,0.0,5.859625668449198,0.0,0.0,88.0,0.0,969.6045043521744,0.09415218247516077,100.0,1.0,5.360738247172851
234,2044,11,7,8.619173836053503E18,38.11687839187976,6.272753313274094E-5,3.0,3.181142007127978,6.0,448.5050734546623,331.8582887700535,32.47003678672667,100.0,0.0,5.871657754010696,0.0,0.0,88.0,0.0,969.5955796409442,0.08782637418509631,100.0,1.0,5.106724234219512
233,2044,11,7,7.421366990471719E18,40.670117091460035,3.1012492380827115E-4,1.0,28.22223533608547,1.0,501.26054577888056,331.50401069518716,423.7184068117279,100.0,0.0,5.800802139037433,0.0,0.0,88.0,0.0,1075.5206898996696,0.09199474503472828,100.0,1.0,5.448795424017462
232,2044,11,7,6.261277189363532E18,40.62899004890945,3.1012492380827115E-4,1.0,31.23087508083536,1.0,444.1419357074788,331.2098930481283,420.77433876195676,100.0,0.0,5.741978609625669,0.0,0.0,88.0,0.0,924.8644525763783,0.08159446034981846,100.0,1.0,5.443285411819835
231,2044,11,7,4.2848121755587553E18,39.782200868283624,4.67478028049851E-5,1.0,35.79639910113373,3.0,507.5624599682239,331.63770053475935,516.5527059684584,100.0,0.0,5.827540106951871,0.0,0.0,88.0,0.0,924.9061657258013,0.09523039986378773,100.0,1.0,5.329836488077474
229,2044,11,8,7.388801749022034E17,40.46501300855007,2.6192983429752635E-4,1.0,33.87342203390251,2.0,481.269281737552,339.5187165775401,493.9066229673413,100.0,0.0,5.903743315508021,0.0,0.0,88.0,0.0,962.7146930400672,0.08877350729124142,100.0,1.0,5.421316521365322
225,2044,11,8,4.86643095885923E18,41.0142949725467,1.2836296515243012E-4,0.0,6.276987643058601,0.0,482.2431515292383,339.331550802139,64.10116236159793,100.0,0.0,5.866310160427807,0.0,0.0,88.0,0.0,948.9292876815907,0.08776184374123054,100.0,1.0,5.494906795157498
239,2044,11,8,9.054830946953192E18,40.577672964521284,9.089241612200209E-5,1.0,37.885617372003786,1.0,531.1911868739753,339.68582887700535,543.274262741892,100.0,0.0,5.93716577540107,0.0,0.0,88.0,0.0,889.3332353130297,0.09770991680781754,100.0,1.0,5.436410184636202
238,2044,11,8,2.857941005564493E18,40.57804182476192,3.1012492380827115E-4,1.0,33.20043721829736,2.0,445.3370220990486,339.2446524064171,509.1542031609899,100.0,0.0,5.848930481283422,0.0,0.0,88.0,0.0,1022.8705265772061,0.08191673527136922,100.0,1.0,5.436459602836475
235,2044,11,8,8.305991534382669E18,40.7146864923177,3.1012492380827115E-4,1.0,27.831581167628993,2.0,502.5346784161791,339.14438502673795,393.40204240385907,100.0,0.0,5.828877005347594,0.0,0.0,88.0,0.0,1018.1537194968395,0.0921276220831714,100.0,1.0,5.454766627564733
220,2044,11,9,8.709926167270339E18,39.5877471276099,9.530575408981904E-5,1.0,32.339912814281064,5.0,483.42891435322656,340.8248663101604,465.9672096383937,100.0,0.0,5.864973262032086,0.0,0.0,88.0,0.0,973.3291078530245,0.09114791846227385,100.0,1.0,5.303784469343839
226,2045,2,21,3.967985631945377E18,44.537520754339475,0.009737922607579712,1.0,31.251732000894453,1.0,84.09999999999899,239.1831550802139,527.9757748411713,100.0,0.0,6.2366310160427805,0.0,0.0,105.39999999999986,409.8997586104321,1159.8619992166757,0.014129204087284061,100.0,1.0,5.952210717636031
239,2045,2,21,9.054830946953192E18,45.275628933921794,0.0054039526124193766,0.0,36.65718634508226,0.0,116.00000000000001,240.1524064171123,614.585417804101,100.0,0.0,6.43048128342246,0.0,0.0,105.39999999999986,405.8608725165247,1060.6884931318652,0.01917084419166888,100.0,1.0,6.05085508182318
233,2045,2,21,7.421366990471719E18,45.79320931249538,0.009737922607579712,0.0,31.77832343888472,0.0,104.39999999999992,239.69117647058823,561.4907762341052,100.0,0.0,6.338235294117647,0.0,0.0,105.39999999999986,413.13677737416134,1203.6580420868656,0.017058748161633403,100.0,1.0,6.120027038959665
230,2045,2,21,2.2009420763865405E18,45.40125559866601,0.009737922607579712,0.0,36.27816182098139,0.0,118.89999999999924,239.62433155080214,546.5466886201085,100.0,0.0,6.324866310160428,0.0,0.0,105.39999999999986,408.64858351106375,958.9005081295276,0.019595742825611696,100.0,1.0,6.067644439821723
229,2045,2,22,7.388801749022034E17,45.33563337556351,0.010420197439957911,1.0,12.26049075094113,1.0,87.00000000000001,242.04010695187165,203.6635450955904,100.0,0.0,6.508021390374331,0.0,0.0,105.39999999999986,414.94584543764364,1452.3713740022724,0.0143591028184445,100.0,1.0,6.058874367014567
228,2045,2,22,6.65317065901527E17,45.3619717590069,0.010420197439957911,0.0,-5.642339551987914,0.0,110.19999999999847,241.50534759358288,-68.9722248081479,100.0,0.0,6.401069518716578,0.0,0.0,105.39999999999986,416.56009765872057,1302.0699594112934,0.018177636346014665,100.0,1.0,6.0623943565775615
227,2045,2,22,2.7812977706100634E18,46.066946225965346,0.010420197439957911,0.0,14.342284348954209,0.0,98.59999999999975,241.3181818181818,235.48523302744061,100.0,0.0,6.363636363636363,0.0,0.0,105.39999999999986,415.05707462554903,1402.3606935596908,0.016015305641431464,100.0,1.0,6.1566105703860154
225,2045,2,22,4.86643095885923E18,46.73052754814096,0.010420197439957911,0.0,-22.80544898890564,0.0,95.69999999999867,242.26069518716577,-262.25463810642657,100.0,0.0,6.552139037433155,0.0,0.0,105.39999999999986,410.35871776012897,1414.541952371315,0.015323536040529861,100.0,1.0,6.2452948031627775
223,2045,2,22,1.858714168763392E18,45.73840874770977,0.010420197439957911,0.0,11.59598884770708,0.0,92.80000000000129,241.50534759358288,166.77049581517116,100.0,0.0,6.401069518716578,0.0,0.0,105.39999999999986,415.0316415902529,1267.1078877750983,0.015181499343533711,100.0,1.0,6.112703225161209
221,2045,2,22,6.977615103056312E17,45.82822165418656,0.010420197439957911,0.0,-24.910761700524603,0.0,101.50000000000001,241.68582887700535,-361.8344330198734,100.0,0.0,6.43716577540107,0.0,0.0,105.39999999999986,413.46809015685494,1817.1588092009483,0.01657222333885053,100.0,1.0,6.1247062584566985
238,2045,2,22,2.857941005564493E18,45.88014424337129,0.010420197439957911,0.0,32.876688121366506,0.0,113.1000000000005,241.68582887700535,561.1154579089393,100.0,0.0,6.43716577540107,0.0,0.0,105.39999999999986,409.0623279334729,1143.749634106427,0.0184452935192112,100.0,1.0,6.131645445609432
237,2045,2,22,6.522181452910449E18,46.78319724887822,0.007059754363115115,0.0,16.300593834990938,0.0,89.90000000000086,241.3783422459893,219.453528154639,100.0,0.0,6.375668449197861,0.0,0.0,105.39999999999986,612.5926076348409,1123.9596665707293,0.014378630816953347,100.0,1.0,6.252333837934199
236,2045,2,22,4.2692437014197545E18,45.72241222691938,0.010420197439957911,1.0,20.54535939276673,1.0,121.80000000000169,241.61229946524065,259.76971739236166,100.0,0.0,6.422459893048129,0.0,0.0,105.39999999999986,412.7280633020625,1002.6950559056494,0.019932689133887512,100.0,1.0,6.110565372382687
235,2045,2,22,8.305991534382669E18,44.7139832930107,0.020009253755662534,2.0,31.76633293699179,3.0,101.50000000000001,241.77272727272728,480.53588093614775,100.0,0.0,6.454545454545454,0.0,0.0,105.39999999999986,615.8308188507808,1030.7544544586738,0.016985190505142047,100.0,1.0,5.975794028878994
224,2045,2,23,2.3275888066568E18,46.39252138350536,0.004708427596410563,0.0,33.883885930311806,0.0,110.19999999999847,243.95454545454547,586.6394944162914,100.0,0.0,6.590909090909091,0.0,0.0,105.39999999999986,403.16244357290833,1142.7187823674894,0.017773843757209282,100.0,1.0,6.200122016674083
222,2045,2,23,4.90388125562359E18,45.92186907321979,0.011102472272336109,0.0,33.504273724375054,0.0,104.39999999999992,243.89438502673798,547.62126205891,100.0,0.0,6.578877005347594,0.0,0.0,105.39999999999986,403.39722604420837,1084.7399915879112,0.017010954495978517,100.0,1.0,6.137221754645258
220,2045,2,23,8.709926167270339E18,46.74459982962214,0.00727553884163572,0.0,45.63093883847132,0.0,113.1000000000005,243.9879679144385,785.352863715395,100.0,0.0,6.597593582887701,0.0,0.0,105.39999999999986,412.3854346761362,935.0067553425469,0.018104181667129085,100.0,1.0,6.247175491248572
234,2045,2,23,8.619173836053503E18,47.03815085769157,0.008103994359369421,0.0,1.6796173442078919,0.0,127.60000000000113,243.69385026737967,21.585669789051025,100.0,0.0,6.538770053475936,0.0,0.0,105.39999999999986,415.47695094182177,1238.6884237364325,0.020297762844840174,100.0,1.0,6.286407077242894
232,2045,2,23,6.261277189363532E18,47.11262886780743,0.011102472272336109,0.0,35.76163859721054,0.0,107.3000000000015,243.44652406417111,544.5162346272795,100.0,0.0,6.489304812834225,0.0,0.0,105.39999999999986,409.9157457267085,977.0613873016571,0.017041590443337574,100.0,1.0,6.296360680463986
231,2045,2,23,4.2848121755587553E18,46.35376657695713,0.011102472272336109,0.0,41.43264189805623,0.0,150.80000000000192,243.1524064171123,695.8590274659936,100.0,0.0,6.43048128342246,0.0,0.0,105.39999999999986,408.66192133193,982.5068852952643,0.02434243686519687,100.0,1.0,6.1949426359858535
228,2045,7,4,6.65317065901527E17,40.286813579300635,4.9226178382265244E-5,0.0,-2.606812695549757,0.0,234.96467707658525,224.16844919786095,-27.74770095749908,100.0,0.0,5.633689839572193,0.0,0.0,105.50000000000001,275.0,1120.1838343499517,0.04374816467932204,100.0,1.0,5.370846498336498
227,2045,7,4,2.7812977706100634E18,39.558442186658276,4.528693396732931E-5,1.0,14.729803241823735,1.0,253.03848557594472,225.15106951871658,207.37809453032725,100.0,0.0,5.830213903743315,0.0,0.0,105.50000000000001,275.0,1195.598297781901,0.047980810259921486,100.0,1.0,5.273743486305993
226,2045,7,4,3.967985631945377E18,38.78278288265257,4.799209591585749E-5,1.0,31.635378379856366,2.0,246.3907354346319,225.7125668449198,464.37336503025466,100.0,0.0,5.942513368983957,0.0,0.0,105.50000000000001,275.0,1001.7522953331342,0.04765468285697548,100.0,1.0,5.170336274697636
222,2045,7,4,4.90388125562359E18,39.3327960829735,8.459952092538357E-6,1.0,32.587467187131715,3.0,238.31123847696088,223.8542780748663,455.1304542986958,100.0,0.0,5.570855614973262,0.0,0.0,105.50000000000001,275.0,939.5640951101282,0.04544748780976324,100.0,1.0,5.243661420285716
239,2045,7,4,9.054830946953192E18,40.126808076300634,8.585961345743942E-5,1.0,39.19507432997414,2.0,216.02551631410157,223.1590909090909,580.9950153430112,100.0,0.0,5.431818181818182,0.0,0.0,105.50000000000001,275.0,900.102009668303,0.040382259547214104,100.0,1.0,5.3495153252018754
234,2045,7,4,8.619173836053503E18,40.434747085484325,6.0571274181302974E-5,0.0,3.20305525874995,0.0,139.89527369815542,224.23529411764707,35.154567921907685,100.0,0.0,5.647058823529412,0.0,0.0,105.50000000000001,275.0,1045.5252993040756,0.025951860020319142,100.0,1.0,5.390568290235215
233,2045,7,4,7.421366990471719E18,40.75852520459088,1.0385965298334602E-4,0.0,31.736089201891456,0.0,209.16279425222348,224.5360962566845,498.005729084764,100.0,0.0,5.707219251336898,0.0,0.0,105.50000000000001,259.1400000000042,1069.2009284022522,0.03849338935528832,100.0,1.0,5.43373285011828
230,2045,7,4,2.2009420763865405E18,39.84621558792983,3.2057569134615577E-5,1.0,35.519559466461665,1.0,261.65393423801197,224.88368983957218,468.64080778882914,100.0,0.0,5.776737967914438,0.0,0.0,105.50000000000001,275.0,849.3497698778541,0.04925613915826775,100.0,1.0,5.31210806834203
225,2045,7,5,4.86643095885923E18,40.137332839893666,5.929730856754705E-5,1.0,-19.705984157755122,2.0,226.69183216310742,224.81283422459893,-191.96022755741706,100.0,0.0,5.462566844919786,0.0,0.0,105.50000000000001,271.39000000000465,1169.3580401945842,0.04236503225503545,100.0,1.0,5.350918436658647
223,2045,7,5,1.858714168763392E18,40.504969932402055,4.5234090403773485E-5,1.0,14.581827111235626,1.0,179.85720240139028,224.81951871657753,185.218642061843,100.0,0.0,5.463903743315508,0.0,0.0,105.50000000000001,275.0,1081.4620243986801,0.03330732068554503,100.0,1.0,5.399930066408677
221,2045,7,5,6.977615103056312E17,39.89534999623775,4.1207138427886145E-5,0.0,-13.561315285011132,0.0,290.4191459990539,227.41310160427807,-170.51121181651212,100.0,0.0,5.982620320855615,0.0,0.0,105.50000000000001,270.3099999999982,1434.3062317103286,0.05460383470692442,100.0,1.0,5.318658434115897
237,2045,7,5,6.522181452910449E18,40.00387828709864,2.1039682754970908E-4,1.0,15.94887582462455,1.0,274.3366767376388,227.33957219251337,181.51556945428413,100.0,0.0,5.967914438502674,0.0,0.0,105.50000000000001,271.57000000000465,952.932352441922,0.05144011784586549,100.0,1.0,5.33312691000549
236,2045,7,5,4.2692437014197545E18,39.9056630935728,1.2209642669616972E-4,1.0,17.301974290788213,1.0,217.3136898384742,227.13235294117646,190.69912618787822,100.0,0.0,5.926470588235294,0.0,0.0,105.50000000000001,275.0,908.4388846349154,0.040848182045410665,100.0,1.0,5.320033327233215
231,2045,7,5,4.2848121755587553E18,39.4097753563428,4.9891397009052614E-5,2.0,38.45558169292746,2.0,253.40457611282517,227.29946524064172,547.9558621050174,100.0,0.0,5.959893048128342,0.0,0.0,105.50000000000001,275.0,875.4643941228178,0.048231489346825224,100.0,1.0,5.253923931119602
229,2045,7,6,7.388801749022034E17,38.78389916115676,6.133799917093971E-5,1.0,15.464337821737505,4.0,217.3109934278792,228.67245989304814,219.24303036745255,100.0,0.0,5.934491978609626,0.0,0.0,105.50000000000001,275.0,1193.9739042911917,0.04202913064755923,100.0,1.0,5.170485091642006
224,2045,7,6,2.3275888066568E18,39.97562727921165,1.222890078108324E-4,1.0,33.73910843124111,2.0,240.65582202645106,228.84625668449198,502.08514463807,100.0,0.0,5.969251336898396,0.0,0.0,105.50000000000001,275.0,984.3975202560753,0.04515660305050154,100.0,1.0,5.329360619914437
238,2045,7,6,2.857941005564493E18,39.37608271767807,5.208681958486246E-5,1.0,30.763399781894307,2.0,188.32881187912753,228.76604278074868,449.66328204872946,100.0,0.0,5.9532085561497325,0.0,0.0,105.50000000000001,268.22000000000105,1009.9080142314745,0.035876034799595495,100.0,1.0,5.249432188677968
235,2045,7,6,8.305991534382669E18,39.37977147171189,7.235765837803807E-5,1.0,31.59333905407189,3.0,222.76946775703897,227.5360962566845,419.98702127336105,100.0,0.0,5.707219251336898,0.0,0.0,105.50000000000001,265.42000000000337,907.7293119309849,0.042432894196408624,100.0,1.0,5.249923955832676
232,2045,7,6,6.261277189363532E18,41.12499291472001,3.390825757798722E-5,0.0,34.230523212399646,0.0,240.3064831173027,228.55213903743316,454.0783369060691,100.0,0.0,5.910427807486631,0.0,0.0,105.50000000000001,269.14000000000453,870.8432363734347,0.043830843672332004,100.0,1.0,5.482588583367719
220,2045,7,7,8.709926167270339E18,40.233561206669826,9.020503892038133E-5,1.0,40.525779009994956,3.0,220.5975797060157,229.69117647058823,593.0231997002795,100.0,0.0,5.838235294117647,0.0,0.0,105.50000000000001,275.0,869.2853696951039,0.0411275128631321,100.0,1.0,5.363747145132275
227,2045,11,6,2.7812977706100634E18,39.50824653317901,1.1494622824620871E-4,1.0,26.0033409450824,1.0,442.7153991502359,322.65106951871655,364.0894066154542,100.0,0.0,5.830213903743315,0.0,0.0,88.0,0.0,1033.6521489953677,0.08426148575043886,100.0,1.0,5.254065902201708
232,2045,11,6,6.261277189363532E18,39.32830592471869,8.318801604299117E-5,1.0,28.28206238717559,2.0,499.460562913634,316.2098930481283,357.9916448083042,100.0,0.0,5.741978609625669,0.0,0.0,88.0,0.0,905.9223262373386,0.09549666432773087,100.0,1.0,5.230136219204023
224,2045,11,7,2.3275888066568E18,39.859596992854534,7.188802128147222E-5,1.0,37.45111060553649,1.0,495.51101846531486,329.8302139037433,554.3055409161717,100.0,0.0,5.766042780748663,0.0,0.0,88.0,0.0,924.208334325199,0.09347869740538653,100.0,1.0,5.3007907921143325
236,2045,11,7,4.2692437014197545E18,39.85509439827744,7.158931759193701E-5,1.0,13.05300857028105,1.0,469.75123712770886,324.20454545454544,143.41721762484588,100.0,0.0,5.840909090909091,0.0,0.0,88.0,0.0,951.6215052198927,0.08862909805146132,100.0,1.0,5.300192007538585
235,2045,11,7,8.305991534382669E18,39.37699596724685,1.3483692339490044E-4,1.0,24.183828665689813,3.0,492.1580876517072,318.4251336898396,320.85621242626803,100.0,0.0,5.885026737967914,0.0,0.0,88.0,0.0,1003.4933335944709,0.09398407780170324,100.0,1.0,5.236611340594417
234,2045,11,7,8.619173836053503E18,40.062490814109346,3.1012492380827115E-4,1.0,9.119411983733745,1.0,449.5894326404725,329.7633689839572,97.94533787956851,100.0,0.0,5.752673796791444,0.0,0.0,88.0,0.0,970.1455660318966,0.08438599718259837,100.0,1.0,5.327772943982992
229,2045,11,8,7.388801749022034E17,39.39071568382269,7.616034474662848E-5,1.0,32.99991326492254,4.0,491.7833345555126,331.62433155080214,472.99320885480313,100.0,0.0,5.824866310160428,0.0,0.0,88.0,0.0,958.7962970555765,0.09387980419307378,100.0,1.0,5.238435878542184
228,2045,11,8,6.65317065901527E17,38.917960298679475,8.19136090354652E-5,1.0,2.1838315758029347,5.0,451.8098868491087,325.7513368983957,23.60045173035499,100.0,0.0,5.850267379679145,0.0,0.0,88.0,0.0,1029.1153639389197,0.08729671447956924,100.0,1.0,5.175565764904582
226,2045,11,8,3.967985631945377E18,40.546161933015114,1.0768226521120524E-4,0.0,38.4883609634848,0.0,445.1774218695237,332.19919786096256,589.0198696812035,100.0,0.0,5.939839572192513,0.0,0.0,88.0,0.0,939.9886875853397,0.08256112816006228,100.0,1.0,5.3920947035323055
223,2045,11,8,1.858714168763392E18,39.355601427702695,8.063570561837526E-5,1.0,16.041771320156712,4.0,475.7246166505803,331.8382352941176,197.43796311580957,100.0,0.0,5.867647058823529,0.0,0.0,88.0,0.0,1030.26504764991,0.09089527552884587,100.0,1.0,5.233766154321274
222,2045,11,8,4.90388125562359E18,39.48540454438904,1.3413707777174355E-4,1.0,32.07124954714702,3.0,447.5616325477344,331.49732620320856,448.424308893955,100.0,0.0,5.7994652406417115,0.0,0.0,88.0,0.0,948.229642741745,0.08523314166329334,100.0,1.0,5.251028224628755
221,2045,11,8,6.977615103056312E17,40.127500596050666,1.1393274203095927E-4,1.0,24.59380529809342,2.0,472.59562764184017,325.7647058823529,312.4290093602092,100.0,0.0,5.852941176470588,0.0,0.0,88.0,0.0,955.5860447015747,0.08856045286344226,100.0,1.0,5.336418371421039
220,2045,11,8,8.709926167270339E18,39.97561371495663,1.6426108252556734E-4,1.0,34.210982987351976,2.0,528.6257712769994,331.7379679144385,496.42204280737946,100.0,0.0,5.847593582887701,0.0,0.0,88.0,0.0,952.9291399935631,0.09943640881144622,100.0,1.0,5.316219457194927
239,2045,11,8,9.054830946953192E18,40.03633957072987,7.883195826341411E-5,1.0,40.93385675754621,2.0,451.04911910558445,331.7513368983957,603.8756548556835,100.0,0.0,5.850267379679145,0.0,0.0,88.0,0.0,870.238778325819,0.08471527288690237,100.0,1.0,5.324295180017299
237,2045,11,8,6.522181452910449E18,40.79641288297043,9.933533754268774E-5,1.0,12.91099572045969,1.0,473.1482548632425,331.3302139037433,149.49299354591733,100.0,0.0,5.766042780748663,0.0,0.0,88.0,0.0,1004.5776252962719,0.08721024436642899,100.0,1.0,5.425374717163134
231,2045,11,8,4.2848121755587553E18,40.84472471535009,1.1131547875386614E-4,0.0,36.04012944244332,0.0,470.1652566206946,331.8716577540107,530.88288362243,100.0,0.0,5.874331550802139,0.0,0.0,88.0,0.0,940.7283533824991,0.08655791750274455,100.0,1.0,5.431799541685909
230,2045,11,8,2.2009420763865405E18,39.08600165822602,6.950356876025795E-5,1.0,27.879607595531656,3.0,449.7940393917609,331.918449197861,360.1102547659294,100.0,0.0,5.883689839572193,0.0,0.0,88.0,0.0,929.5473123487378,0.08653358352211918,100.0,1.0,5.1979130076912545
225,2045,11,9,4.86643095885923E18,39.30914407378085,1.063528545295854E-4,1.0,0.791097612044613,5.0,476.7069239005726,333.3048128342246,8.029900029214886,100.0,0.0,5.86096256684492,0.0,0.0,88.0,0.0,946.8403878818511,0.09119060806116011,100.0,1.0,5.227587950514078
233,2045,11,9,7.421366990471719E18,40.46863958222351,1.63740720067725E-4,1.0,28.267822261383223,2.0,456.9598390768743,333.5855614973262,439.3929145256502,100.0,0.0,5.9171122994652405,0.0,0.0,88.0,0.0,1112.8309325040161,0.08490859741388282,100.0,1.0,5.381785272573116
238,2045,11,10,2.857941005564493E18,41.45507128444712,3.1012492380827115E-4,1.0,32.44000028240979,1.0,500.84267324146725,340.951871657754,497.8606928609294,100.0,0.0,5.890374331550802,0.0,0.0,88.0,0.0,1034.9849054195088,0.09084811024990105,100.0,1.0,5.512967433926484
221,2046,2,21,6.977615103056312E17,45.045637838073844,0.01125753473424024,0.0,-38.15158539778509,0.0,84.09999999999899,237.58957219251337,-540.2871377147469,100.0,0.0,6.217914438502674,0.0,0.0,105.69999999999851,414.5407629057531,1958.723654701516,0.014073664060431201,100.0,1.0,5.97570040317008
228,2046,2,22,6.65317065901527E17,46.08845487951778,0.007396768369091686,0.0,-6.475435729299269,0.0,124.6999999999983,239.47058823529412,-78.09089197531803,100.0,0.0,6.294117647058823,0.0,0.0,105.69999999999851,409.9201204747324,1292.376609011535,0.020395681908401637,100.0,1.0,6.114039263802716
225,2046,2,22,4.86643095885923E18,46.03000523340642,0.011908797074237611,0.0,-60.09421037810221,0.0,107.3000000000015,239.83823529411765,-671.0964090672595,100.0,0.0,6.367647058823529,0.0,0.0,105.69999999999851,610.12466901845,1789.0884011936164,0.017572057790634296,100.0,1.0,6.106285403704463
239,2046,2,22,9.054830946953192E18,45.59983653611403,0.011908797074237611,0.0,38.56097600399442,0.0,113.1000000000005,239.798128342246,638.585236441003,100.0,0.0,6.359625668449198,0.0,0.0,105.69999999999851,401.874926180209,1016.3817923228729,0.018696626156221523,100.0,1.0,6.04921973916482
238,2046,2,22,2.857941005564493E18,45.62735234041432,0.011908797074237611,0.0,32.82684863407971,0.0,89.90000000000086,240.18582887700535,544.9690240834038,100.0,0.0,6.43716577540107,0.0,0.0,105.69999999999851,408.09801719545345,1113.4507294762088,0.014852458536293066,100.0,1.0,6.052869952831286
234,2046,2,22,8.619173836053503E18,45.65415040748545,0.006057373893304989,0.0,-0.9549334386363826,0.0,37.70000000000048,239.20320855614975,-10.684374839883738,100.0,0.0,6.240641711229946,0.0,0.0,105.69999999999851,408.4244362023904,1182.2636021459564,0.006224794378977595,100.0,1.0,6.056424952335952
233,2046,2,22,7.421366990471719E18,45.459937135136734,0.011908797074237611,0.0,29.34264315754992,0.0,107.3000000000015,240.225935828877,514.1390361281274,100.0,0.0,6.445187165775401,0.0,0.0,105.69999999999851,416.67198637915664,1236.1814323130636,0.01779241158341704,100.0,1.0,6.030660852068402
232,2046,2,22,6.261277189363532E18,44.99174201966051,0.011908797074237611,0.0,28.902350808439426,0.0,110.19999999999847,239.41711229946523,400.38692493185187,100.0,0.0,6.283422459893048,0.0,0.0,105.69999999999851,405.3950605320858,983.2366673956285,0.01846344388975991,100.0,1.0,5.968550648404059
229,2046,2,23,7.388801749022034E17,46.00462657222433,0.012529046921854152,0.0,6.511263679428345,0.0,84.09999999999899,241.49197860962568,107.84066580272669,100.0,0.0,6.398395721925134,0.0,0.0,105.69999999999851,410.57628338353214,1537.5498283111274,0.013780291713174282,100.0,1.0,6.1029187008862396
226,2046,2,23,3.967985631945377E18,46.36732776564863,0.012529046921854152,0.0,26.681552257830177,0.0,87.00000000000001,241.45855614973263,433.47314417644316,100.0,0.0,6.391711229946524,0.0,0.0,105.69999999999851,405.83846542225075,1188.8446271334708,0.014143962961452657,100.0,1.0,6.151034207110556
224,2046,2,23,2.3275888066568E18,46.459536368657865,0.012529046921854152,0.0,36.62342018243804,0.0,110.19999999999847,241.47860962566844,656.6355528656728,100.0,0.0,6.39572192513369,0.0,0.0,105.69999999999851,407.68762344193664,1134.9571225438503,0.017880129015729003,100.0,1.0,6.1632664900268015
222,2046,2,23,4.90388125562359E18,46.32935724363945,0.00665023721966781,0.0,33.03988755999085,0.0,95.69999999999867,241.50534759358288,573.5598527466714,100.0,0.0,6.401069518716578,0.0,0.0,105.69999999999851,408.6654550841433,1160.83403264758,0.015571110546580851,100.0,1.0,6.145997083105465
237,2046,2,23,6.522181452910449E18,45.5482467845544,0.006952856227444035,0.0,17.849679089155188,0.0,124.6999999999983,241.59893048128342,229.227403615575,100.0,0.0,6.419786096256685,0.0,0.0,105.69999999999851,410.2301630327707,1051.5892515090725,0.0206375773324194,100.0,1.0,6.042375904467628
236,2046,2,23,4.2692437014197545E18,45.613935114242615,0.012529046921854152,0.0,20.254211148271214,0.0,87.00000000000001,241.23128342245988,269.2699874976853,100.0,0.0,6.346256684491979,0.0,0.0,105.69999999999851,403.82320990961205,1057.375102462392,0.014377574855059897,100.0,1.0,6.051090039665634
231,2046,2,23,4.2848121755587553E18,46.47817756872083,0.012529046921854152,0.0,39.5629754806318,0.0,57.99999999999999,241.55882352941177,662.1132813351308,100.0,0.0,6.411764705882353,0.0,0.0,105.69999999999851,411.6726636458772,1010.2467090937057,0.009406819871816222,100.0,1.0,6.165739409316619
227,2046,2,24,2.7812977706100634E18,45.60228545361376,0.01314929676947069,0.0,14.772245294950748,0.0,84.09999999999899,243.06550802139037,243.34923383958952,100.0,0.0,6.413101604278075,0.0,0.0,105.69999999999851,403.68999020514616,1399.0534611497262,0.013901872856038236,100.0,1.0,6.049544609629372
223,2046,2,24,1.858714168763392E18,46.62393692773356,0.01314929676947069,1.0,12.28168418155938,1.0,89.90000000000086,243.34625668449198,179.7187142464629,100.0,0.0,6.469251336898396,0.0,0.0,105.69999999999851,411.26295399516937,1279.6469676774352,0.014534987892747672,100.0,1.0,6.185075671432589
220,2046,2,24,8.709926167270339E18,47.667202831891785,0.01314929676947069,0.0,46.16713723136491,0.0,121.80000000000169,243.66711229946523,807.3872328057143,100.0,0.0,6.533422459893048,0.0,0.0,105.69999999999851,406.6789170989983,940.5891595194938,0.01926156389735004,100.0,1.0,6.32347407765569
235,2046,2,24,8.305991534382669E18,46.97308760645072,0.01314929676947069,0.0,33.43181231107025,0.0,78.30000000000099,243.18582887700535,517.7791419677669,100.0,0.0,6.43716577540107,0.0,0.0,105.69999999999851,409.2655820362911,1029.8011121304428,0.012565407554855582,100.0,1.0,6.231393582593662
230,2046,2,24,2.2009420763865405E18,47.75249704759911,0.01314929676947069,0.0,28.36369338848419,0.0,78.30000000000099,243.55347593582889,445.091452154368,100.0,0.0,6.510695187165775,0.0,0.0,105.69999999999851,619.4205218758591,1122.5448899405515,0.01236031676619235,100.0,1.0,6.334789106227869
226,2046,7,3,3.967985631945377E18,40.5356402353673,5.471505360061239E-5,0.0,28.53551741064086,0.0,247.35100007015305,222.9157754010695,404.2279046552787,100.0,0.0,5.683155080213904,0.0,0.0,105.80000000000149,270.4500000000028,1010.5542725160033,0.04611177859207895,100.0,1.0,5.364160906876033
236,2046,7,3,4.2692437014197545E18,40.005121138297206,5.757982246718735E-5,0.0,19.210308569199587,0.0,150.26311125696466,222.84893048128342,223.45258278724955,100.0,0.0,5.669786096256685,0.0,0.0,105.80000000000149,275.0,937.1979858495648,0.028383897320190254,100.0,1.0,5.293956272526336
234,2046,7,3,8.619173836053503E18,39.15581885398909,3.1012492380827115E-4,1.0,-1.2684764329455525,1.0,269.6334842101577,222.65508021390374,-12.024353745891682,100.0,0.0,5.6310160427807485,0.0,0.0,105.80000000000149,266.0700000000046,1014.3674266449618,0.05203706016511864,100.0,1.0,5.181566432742059
232,2046,7,3,6.261277189363532E18,40.413097575274826,7.394490314932548E-5,0.0,29.944741610811754,0.0,239.9938207232259,221.63903743315507,371.7018999290791,100.0,0.0,5.427807486631016,0.0,0.0,105.80000000000149,274.9400000000019,868.0534023668732,0.04487589884647198,100.0,1.0,5.347944595924089
229,2046,7,4,7.388801749022034E17,38.348097628469,1.1791822198033124E-4,1.0,8.467334452871906,3.0,214.15615297974446,225.47860962566844,116.60161533345338,100.0,0.0,5.89572192513369,0.0,0.0,105.80000000000149,274.35000000000366,1251.5681333935086,0.0422009252056913,100.0,1.0,5.074679096155526
228,2046,7,4,6.65317065901527E17,39.73828730377103,6.698162501258554E-5,1.0,-8.62642619926068,1.0,249.90201021696268,224.7633689839572,-89.42880568008884,100.0,0.0,5.752673796791444,0.0,0.0,105.80000000000149,272.8500000000036,1133.8280972609577,0.04752212412530196,100.0,1.0,5.258645626993525
227,2046,7,4,2.7812977706100634E18,39.239422076700194,8.09725649629951E-6,1.0,14.958334942076968,1.0,293.2319183921537,225.49866310160428,211.56891757393345,100.0,0.0,5.899732620320855,0.0,0.0,105.80000000000149,273.5400000000011,1198.1883032963551,0.05647079207259367,100.0,1.0,5.192629811446626
224,2046,7,4,2.3275888066568E18,41.10328410922013,4.7903139296921686E-5,0.0,38.390723849494506,0.0,202.2199489688763,225.05080213903744,607.530153695927,100.0,0.0,5.810160427807487,0.0,0.0,105.80000000000149,275.0,973.6072580693096,0.03717771668996443,100.0,1.0,5.439278335871083
223,2046,7,4,1.858714168763392E18,38.6329610914505,3.753630159867722E-5,1.0,9.375644417917558,3.0,224.34551208812266,224.7633689839572,113.75154440256476,100.0,0.0,5.752673796791444,0.0,0.0,105.80000000000149,275.0,1092.5110714988616,0.04388283021057898,100.0,1.0,5.11237563784204
222,2046,7,4,4.90388125562359E18,40.15975379751908,7.369888873770702E-5,0.0,32.78511812924443,0.0,193.44052174030432,225.05748663101605,492.25833819549285,100.0,0.0,5.811497326203209,0.0,0.0,105.80000000000149,275.0,1007.4651232316286,0.036399184466665596,100.0,1.0,5.3144191161056735
221,2046,7,4,6.977615103056312E17,39.796100632655175,4.021329406227583E-5,1.0,-22.28727466033179,2.0,206.39120560328806,221.9157754010695,-277.75087760211363,100.0,0.0,5.183155080213904,0.0,0.0,105.80000000000149,275.0,1527.797952372244,0.03919096051804066,100.0,1.0,5.266296178382272
220,2046,7,4,8.709926167270339E18,40.45489814926918,3.066293492270825E-5,0.0,41.387031395114434,0.0,276.0645289571296,225.47192513368984,606.7845889696237,100.0,0.0,5.894385026737968,0.0,0.0,105.80000000000149,250.86999999999736,858.2601491878812,0.05156734079412074,100.0,1.0,5.353476148000326
239,2046,7,4,9.054830946953192E18,39.67125447849032,1.5010886921987957E-4,0.0,37.05952918472534,0.0,234.76126096607408,225.3649732620321,527.4767440037518,100.0,0.0,5.872994652406417,0.0,0.0,105.80000000000149,268.959999999999,894.4128429221781,0.044718346807001166,100.0,1.0,5.249775041534396
238,2046,7,4,2.857941005564493E18,38.92586368681006,5.827225174901751E-5,1.0,30.805300746542116,4.0,231.8975046234769,223.19919786096256,435.32029804970307,100.0,0.0,5.439839572192513,0.0,0.0,105.80000000000149,275.0,976.0342800231456,0.04501871121366111,100.0,1.0,5.151136013709487
237,2046,7,4,6.522181452910449E18,39.72680396143951,2.5740780528574954E-5,1.0,15.07058434226751,1.0,210.5370711451201,224.6096256684492,168.5219998244306,100.0,0.0,5.721925133689839,0.0,0.0,105.80000000000149,275.0,945.8433860683251,0.04004794075598274,100.0,1.0,5.257126013743118
233,2046,7,4,7.421366990471719E18,38.805942793749296,8.643392525314132E-5,1.0,24.108540140354997,4.0,213.7932137229797,223.74732620320856,356.6051779622767,100.0,0.0,5.5494652406417115,0.0,0.0,105.80000000000149,270.0899999999971,1118.934388438553,0.041632349096297976,100.0,1.0,5.135266646339459
231,2046,7,4,4.2848121755587553E18,39.331959026004576,5.516273991609233E-5,1.0,36.79079906112429,1.0,267.8147711395452,225.12433155080214,519.9589285270347,100.0,0.0,5.824866310160428,0.0,0.0,105.80000000000149,271.76999999999714,891.7817905053349,0.05145459788358813,100.0,1.0,5.204875407742073
230,2046,7,4,2.2009420763865405E18,40.51479226530383,3.92762061560627E-5,0.0,34.38835629303311,0.0,183.73868172771833,224.66978609625667,456.71983724633975,100.0,0.0,5.733957219251337,0.0,0.0,105.80000000000149,268.209999999999,870.0376227981224,0.0342706403802055,100.0,1.0,5.3614020540405365
225,2046,7,5,4.86643095885923E18,40.973624163290424,4.374117402091272E-5,0.0,-23.895545904198894,0.0,204.9114202593626,227.12566844919786,-234.21753642936443,100.0,0.0,5.925133689839572,0.0,0.0,105.80000000000149,275.0,1217.0193014902964,0.037791751830995264,100.0,1.0,5.422120180501993
235,2046,7,5,8.305991534382669E18,39.15667993364197,3.1000092343889555E-5,1.0,26.68405203904857,3.0,236.18803204250847,225.94251336898395,343.99749395283453,100.0,0.0,5.688502673796791,0.0,0.0,105.80000000000149,265.6900000000018,942.8841858121472,0.04558135868507171,100.0,1.0,5.181680381104174
223,2046,11,6,1.858714168763392E18,38.0902790362732,1.320804615878497E-4,2.0,14.961766786056629,4.0,438.0120661695388,322.55748663101605,178.12683522496843,100.0,0.0,5.811497326203209,0.0,0.0,88.0,0.0,1008.2620758259098,0.08711202462187953,100.0,1.0,5.028147010367215
221,2046,11,6,6.977615103056312E17,39.37505373374944,1.4451301202622139E-4,1.0,21.414001484653593,2.0,443.0218302295807,322.2566844919786,264.8914749920121,100.0,0.0,5.751336898395722,0.0,0.0,88.0,0.0,968.8837923676474,0.08523346707262584,100.0,1.0,5.1977450342608975
227,2046,11,7,2.7812977706100634E18,39.30072696547615,7.501812380461324E-5,1.0,25.954571098354645,3.0,443.52762081937425,324.1644385026738,366.1860741069769,100.0,0.0,5.8328877005347595,0.0,0.0,88.0,0.0,1042.29612287162,0.08549215693473818,100.0,1.0,5.187933451696022
226,2046,11,7,3.967985631945377E18,38.800480224645796,3.1012492380827115E-4,1.0,30.707827127805054,5.0,428.9338636913322,324.21122994652404,415.3272316627567,100.0,0.0,5.842245989304812,0.0,0.0,88.0,0.0,935.5587558983434,0.08374510298805353,100.0,1.0,5.121897858941326
225,2046,11,7,4.86643095885923E18,39.46433428576661,3.1012492380827115E-4,1.0,1.0628212181878682,2.0,474.4001302984963,324.0307486631016,10.574589253567131,100.0,0.0,5.80614973262032,0.0,0.0,88.0,0.0,933.6936499051452,0.0910638915708423,100.0,1.0,5.209530606644909
224,2046,11,7,2.3275888066568E18,39.76389583531176,3.1012492380827115E-4,1.0,39.656781917374914,3.0,451.93958544170624,323.6764705882353,605.6079930266467,100.0,0.0,5.735294117647059,0.0,0.0,88.0,0.0,920.2393017972585,0.08609890788852603,100.0,1.0,5.249074541419752
222,2046,11,7,4.90388125562359E18,39.236048541832744,1.088157627397443E-4,1.0,35.252814466805674,3.0,447.53858875654504,323.9438502673797,515.7316546431133,100.0,0.0,5.788770053475936,0.0,0.0,88.0,0.0,945.8882874512809,0.08640749446247328,100.0,1.0,5.179395508926726
220,2046,11,7,8.709926167270339E18,38.15754628235843,8.548096025586301E-5,1.0,30.904883792085624,7.0,448.8780167914635,329.7366310160428,426.48374822059355,100.0,0.0,5.747326203208556,0.0,0.0,88.0,0.0,951.960695918272,0.08911567162919969,100.0,1.0,5.037026693342946
237,2046,11,7,6.522181452910449E18,38.96833474026749,3.1012492380827115E-4,1.0,8.405221757492948,4.0,445.6236645687923,329.7032085561497,92.21983392024477,100.0,0.0,5.740641711229946,0.0,0.0,88.0,0.0,998.1777646976973,0.0866288573090054,100.0,1.0,5.144055669339506
235,2046,11,7,8.305991534382669E18,38.329884508460154,3.1012492380827115E-4,1.0,17.184085024247498,5.0,465.23609782979923,324.2847593582888,216.5579609441761,100.0,0.0,5.856951871657754,0.0,0.0,88.0,0.0,1040.0485931133328,0.0919479563586667,100.0,1.0,5.059776380619335
234,2046,11,7,8.619173836053503E18,38.820584286367726,8.643392525314132E-5,1.0,1.9613056127916455,5.0,423.5298104851082,329.6764705882353,19.976439030742377,100.0,0.0,5.735294117647059,0.0,0.0,88.0,0.0,971.3374776192181,0.08264719216611936,100.0,1.0,5.12455171657642
233,2046,11,7,7.421366990471719E18,38.36346697910108,3.1012492380827115E-4,1.0,22.889863426095474,4.0,441.65247437812803,324.3917112299465,333.7853356690071,100.0,0.0,5.878342245989304,0.0,0.0,88.0,0.0,1121.337048361958,0.08721054629004972,100.0,1.0,5.064209469681058
232,2046,11,7,6.261277189363532E18,40.92391376577461,8.566986845532348E-5,0.0,25.640557843009237,0.0,428.3884722183737,323.92379679144386,321.56294703952074,100.0,0.0,5.78475935828877,0.0,0.0,88.0,0.0,930.77069843959,0.07929883408836046,100.0,1.0,5.402203918168992
230,2046,11,7,2.2009420763865405E18,39.655223197388004,7.703053249087708E-5,1.0,28.841458080302765,2.0,449.17551609579107,324.12433155080214,374.2278729328338,100.0,0.0,5.824866310160428,0.0,0.0,88.0,0.0,921.1825085499745,0.0858068312255538,100.0,1.0,5.234729096510719
229,2046,11,8,7.388801749022034E17,39.790566374528474,3.1012492380827115E-4,1.0,31.647937699703288,3.0,442.5582103661995,331.77807486631013,448.74135408907784,100.0,0.0,5.855614973262032,0.0,0.0,88.0,0.0,967.3958513601583,0.08425515242568539,100.0,1.0,5.252595213765046
228,2046,11,8,6.65317065901527E17,40.06287148629808,1.5615555075945177E-4,1.0,-1.2602376249705318,3.0,448.5828951239973,331.951871657754,-12.64870028543913,100.0,0.0,5.890374331550802,0.0,0.0,88.0,0.0,1062.985423022557,0.08482167080753197,100.0,1.0,5.288541134044299
239,2046,11,8,9.054830946953192E18,40.44789466928986,2.457408271063955E-4,1.0,40.69874991858569,1.0,448.3007228153784,325.9852941176471,589.0357130374875,100.0,0.0,5.897058823529412,0.0,0.0,88.0,0.0,857.1195215672268,0.08396140648197528,100.0,1.0,5.3393665208743135
231,2046,11,8,4.2848121755587553E18,39.92889932095646,3.1012492380827115E-4,1.0,33.923382826051295,3.0,446.83629692042416,331.7446524064171,485.469624934723,100.0,0.0,5.848930481283422,0.0,0.0,88.0,0.0,944.1672932433651,0.08477490127530814,100.0,1.0,5.270855998632362
238,2046,11,9,2.857941005564493E18,41.67503766294682,8.552810915837591E-5,0.0,32.16726005031368,0.0,447.98666647102806,333.3917112299465,485.36880998364796,100.0,0.0,5.878342245989304,0.0,0.0,88.0,0.0,1021.9424124335762,0.08143203246270861,100.0,1.0,5.501356811598449
236,2046,11,9,4.2692437014197545E18,41.136256537170865,1.2209642669616972E-4,1.0,16.257673005992007,1.0,432.572490227208,339.4451871657754,194.03362028501206,100.0,0.0,5.88903743315508,0.0,0.0,88.0,0.0,996.4946679153963,0.07966000260866699,100.0,1.0,5.430234447169655
232,2047,2,20,6.261277189363532E18,44.588844757519844,0.011381584703763551,0.0,21.299016353199036,0.0,84.09999999999899,236.00935828877004,297.08371283739586,100.0,0.0,6.201871657754011,0.0,0.0,106.0,616.142200505071,1095.0736452767214,0.014323414027092526,100.0,1.0,5.871505204061343
229,2047,2,21,7.388801749022034E17,46.48014103130199,0.012063859536141747,0.0,-26.487585834360196,0.0,75.40000000000096,237.56283422459893,-421.6584056830281,100.0,0.0,6.212566844919786,0.0,0.0,106.0,612.6702792143343,2016.6444663441978,0.012319148177610815,100.0,1.0,6.120553053906369
223,2047,2,21,1.858714168763392E18,45.46306511498225,0.012063859536141747,0.0,15.904781806643447,0.0,92.80000000000129,237.4826203208556,239.05378868309415,100.0,0.0,6.196524064171123,0.0,0.0,106.0,401.83647741746006,1261.0663292116758,0.015501225498989793,100.0,1.0,5.986623445097875
237,2047,2,21,6.522181452910449E18,45.433083969366024,0.0071638120760936725,1.0,10.740853480031491,1.0,95.69999999999867,237.58957219251337,136.64469795802108,100.0,0.0,6.217914438502674,0.0,0.0,106.0,603.9377217017429,1130.595511125941,0.01599618766732979,100.0,1.0,5.982675496828154
236,2047,2,21,4.2692437014197545E18,44.69635820183044,0.012063859536141747,0.0,18.234159135889577,0.0,60.90000000000083,237.90374331550802,236.80431313934517,100.0,0.0,6.280748663101604,0.0,0.0,106.0,404.2278286684949,1059.7362760502733,0.01034717809240078,100.0,1.0,5.885662685628971
227,2047,2,22,2.7812977706100634E18,45.984220582720184,0.006620098843297644,0.0,15.230425008251169,0.0,98.59999999999975,239.43716577540107,253.1465696040581,100.0,0.0,6.287433155080214,0.0,0.0,106.0,404.50406648648743,1405.2358571544526,0.016283391155658033,100.0,1.0,6.055249736215969
225,2047,2,22,4.86643095885923E18,46.34205523186671,0.012684109383758293,0.0,-35.383415277039695,0.0,104.39999999999992,239.1096256684492,-400.2316698775,100.0,0.0,6.221925133689839,0.0,0.0,106.0,414.6887695601569,1533.1768049695029,0.017108107814459386,100.0,1.0,6.102369772989354
222,2047,2,22,4.90388125562359E18,45.981668558818285,0.012684109383758293,0.0,31.726701194947044,0.0,107.3000000000015,239.5975935828877,529.8165269646494,100.0,0.0,6.31951871657754,0.0,0.0,106.0,407.05907053723496,1138.6353332240076,0.017721144448358806,100.0,1.0,6.054913683068521
235,2047,2,22,8.305991534382669E18,46.012892061230275,0.012684109383758293,0.0,35.503793136956325,0.0,78.30000000000099,239.09625668449198,573.941087302884,100.0,0.0,6.219251336898396,0.0,0.0,106.0,406.4284731095351,1041.497629150624,0.012922870771664223,100.0,1.0,6.059025226166324
234,2047,2,22,8.619173836053503E18,46.3738706868907,0.006098129511422254,0.0,-8.073020246134638,0.0,60.90000000000083,239.38368983957218,-95.25563655719765,100.0,0.0,6.276737967914438,0.0,0.0,106.0,607.1631961663949,1281.112269868979,0.009972882822714557,100.0,1.0,6.106559265019443
233,2047,2,22,7.421366990471719E18,45.53568246805424,0.012684109383758293,0.0,26.017532214336214,0.0,78.30000000000099,239.02941176470588,452.2565146485652,100.0,0.0,6.205882352941177,0.0,0.0,106.0,411.2636565939186,1284.0674488311836,0.013058301220256693,100.0,1.0,5.996185773271803
228,2047,2,23,6.65317065901527E17,46.39656810572078,0.013304359231374836,0.0,-4.456701030386151,0.0,95.69999999999867,241.50534759358288,-56.06277176493135,100.0,0.0,6.401069518716578,0.0,0.0,106.0,408.09086816829796,1326.7513482342486,0.01566400635114909,100.0,1.0,6.109548084611077
226,2047,2,23,3.967985631945377E18,47.84351451042254,0.013304359231374836,0.0,28.398947760093325,0.0,92.80000000000129,240.99064171122996,472.8326347692291,100.0,0.0,6.298128342245989,0.0,0.0,106.0,407.30810221768377,1190.735689639693,0.014729963537044758,100.0,1.0,6.300083484023313
224,2047,2,23,2.3275888066568E18,46.634345316604445,0.013304359231374836,0.0,37.22907529531918,0.0,98.59999999999975,241.21122994652407,724.4227563912269,100.0,0.0,6.342245989304812,0.0,0.0,106.0,408.7568032350394,1220.1349544580012,0.016056386031646275,100.0,1.0,6.140858833716655
221,2047,2,23,6.977615103056312E17,45.475113281805456,0.013304359231374836,0.0,-96.2603164152633,0.0,84.09999999999899,240.98395721925132,-1438.980864558311,100.0,0.0,6.2967914438502675,0.0,0.0,106.0,618.6741522377249,2935.500201842395,0.014044263738145326,100.0,1.0,5.988209960168776
220,2047,2,23,8.709926167270339E18,46.64482442581496,0.013304359231374836,1.0,44.431126490689834,1.0,81.19999999999894,241.14438502673798,782.2036297471167,100.0,0.0,6.328877005347594,0.0,0.0,106.0,405.07217335409956,977.4491254198247,0.013219935518794303,100.0,1.0,6.142238733657955
239,2047,2,23,9.054830946953192E18,46.360079232277535,0.013304359231374836,0.0,33.19782615933971,0.0,63.80000000000056,241.5788770053476,563.0623768309695,100.0,0.0,6.415775401069519,0.0,0.0,106.0,400.9211615392184,1131.6700207478332,0.010450890069137382,100.0,1.0,6.104743192008966
231,2047,2,23,4.2848121755587553E18,46.491342156819485,0.013304359231374836,0.0,30.354878528757148,0.0,110.19999999999847,241.3114973262032,490.705101323539,100.0,0.0,6.362299465240642,0.0,0.0,106.0,611.7113036390926,1124.2941480859963,0.01800057096526636,100.0,1.0,6.122028029701879
230,2047,2,23,2.2009420763865405E18,45.79277006850953,0.013304359231374836,0.0,35.3834551167684,0.0,104.39999999999992,241.19117647058823,532.895721568478,100.0,0.0,6.338235294117647,0.0,0.0,106.0,402.75726788312943,971.7831617933386,0.01731331989884605,100.0,1.0,6.030039334452446
238,2047,2,24,2.857941005564493E18,45.96885770175763,0.01389359658661055,0.0,28.56725055095398,0.0,110.19999999999847,243.9144385026738,474.4621516394474,100.0,0.0,6.5828877005347595,0.0,0.0,106.0,405.8182250157497,1184.4659772223636,0.018205166401868426,100.0,1.0,6.053226736158175
226,2047,7,3,3.967985631945377E18,40.257761284040704,6.727221774582886E-5,0.0,27.02382045431227,0.0,225.90120997524375,223.04946524064172,377.96565097316125,100.0,0.0,5.709893048128342,0.0,0.0,106.10000000000018,268.72000000000105,1018.3929542737512,0.04271849357938874,100.0,1.0,5.288136145424352
225,2047,7,3,4.86643095885923E18,40.460748546432036,1.4045512853635465E-4,0.0,-25.647556942473837,0.0,182.79740270428812,223.02272727272728,-252.30471676789594,100.0,0.0,5.704545454545454,0.0,0.0,106.10000000000018,269.6199999999973,1239.032324044651,0.03439403272139169,100.0,1.0,5.314799930122634
224,2047,7,3,2.3275888066568E18,38.17753327247852,9.567622749684431E-6,1.0,34.54908867127345,4.0,203.24196047599284,223.8181818181818,549.3063520436676,100.0,0.0,5.863636363636363,0.0,0.0,106.10000000000018,275.0,1038.7013136858288,0.040527750958181646,100.0,1.0,5.014883769042774
221,2047,7,3,6.977615103056312E17,40.105509450671796,5.4388797581247116E-5,1.0,-28.115292515994412,1.0,193.02604808530313,222.6149732620321,-369.2036249243605,100.0,0.0,5.622994652406417,0.0,0.0,106.10000000000018,260.7926496691288,1685.7687857740666,0.036640287639287436,100.0,1.0,5.268136811194996
238,2047,7,3,2.857941005564493E18,40.197079235155186,1.1900419179135499E-4,0.0,30.21688826247923,0.0,166.60968845343743,219.39973262032086,437.8383581209065,100.0,0.0,4.979946524064171,0.0,0.0,106.10000000000018,274.75,1009.2269598249137,0.03155387835725805,100.0,1.0,5.2801651374533405
235,2047,7,3,8.305991534382669E18,39.72776052300885,3.1012492380827115E-4,0.0,30.585945907440262,0.0,197.32492567579325,223.77807486631016,426.1826736184492,100.0,0.0,5.855614973262032,0.0,0.0,106.10000000000018,275.0,965.1622835584083,0.03781245334670272,100.0,1.0,5.218516869733875
230,2047,7,3,2.2009420763865405E18,37.775004855124095,2.1778435660693197E-4,1.0,30.44955603450752,4.0,234.83921284089985,223.5909090909091,377.4841347738283,100.0,0.0,5.818181818181818,0.0,0.0,106.10000000000018,272.6700000000036,860.6885455798515,0.04732744721038953,100.0,1.0,4.962008869756806
229,2047,7,4,7.388801749022034E17,40.46601367337701,9.675680887566177E-6,0.0,4.8147388823148365,0.0,216.0530264114066,224.1350267379679,67.51788623120532,100.0,0.0,5.627005347593583,0.0,0.0,106.10000000000018,275.0,1317.6730987804283,0.040645916702603105,100.0,1.0,5.315491541062224
228,2047,7,4,6.65317065901527E17,39.78316001039522,3.1012492380827115E-4,1.0,-6.851487967274438,1.0,232.57478555967575,225.3114973262032,-73.75221813428853,100.0,0.0,5.862299465240642,0.0,0.0,106.10000000000018,269.4500000000027,1160.6340328127953,0.04450515780002031,100.0,1.0,5.225793976615663
227,2047,7,4,2.7812977706100634E18,40.87800814778575,4.430356054403873E-5,0.0,18.74392711454816,0.0,183.55603075889275,224.02139037433156,276.4135555285134,100.0,0.0,5.60427807486631,0.0,0.0,106.10000000000018,268.08999999999713,1194.1891510778146,0.03418423965878745,100.0,1.0,5.369609872592487
223,2047,7,4,1.858714168763392E18,39.66663059961389,1.5262053337021216E-4,1.0,15.966321333241241,2.0,284.5283064029426,225.024064171123,209.0823250296375,100.0,0.0,5.804812834224599,0.0,0.0,106.10000000000018,271.1300000000028,1096.5545652683238,0.05460685435856106,100.0,1.0,5.210487030339906
239,2047,7,4,9.054830946953192E18,40.58908452618179,7.895237367827673E-5,0.0,35.63277247314294,0.0,296.31288888862997,225.0441176470588,527.9665728155875,100.0,0.0,5.8088235294117645,0.0,0.0,106.10000000000018,267.1300000000027,952.150254284378,0.05557612711106073,100.0,1.0,5.331657751114829
237,2047,7,4,6.522181452910449E18,40.2962012833729,7.680161560383139E-5,1.0,14.794257950607266,1.0,249.69800979024157,224.3355614973262,166.39070220727046,100.0,0.0,5.6671122994652405,0.0,0.0,106.10000000000018,274.4400000000019,954.8029026961087,0.047173485514625,100.0,1.0,5.293185505930629
236,2047,7,4,4.2692437014197545E18,40.08293780873457,8.208706294554555E-5,1.0,18.21356445719789,1.0,272.3470542628585,224.8903743315508,211.76895753363237,100.0,0.0,5.778074866310161,0.0,0.0,106.10000000000018,275.0,948.0849794775139,0.051726147030696605,100.0,1.0,5.2651718694848
234,2047,7,4,8.619173836053503E18,39.64933091600537,8.468730852219314E-6,2.0,-1.371120269765845,3.0,290.6144650641234,224.80347593582889,-13.154069194820261,100.0,0.0,5.760695187165775,0.0,0.0,106.10000000000018,275.0,1014.4436012916431,0.0557992493696485,100.0,1.0,5.2082145969189435
233,2047,7,4,7.421366990471719E18,39.256989113214104,3.848658771509942E-5,1.0,22.621620185693374,3.0,283.77606603924056,225.53877005347593,338.44083447106686,100.0,0.0,5.907754010695188,0.0,0.0,106.10000000000018,269.85999999999547,1154.7856164918662,0.055030792719717496,100.0,1.0,5.156677780103353
231,2047,7,4,4.2848121755587553E18,40.42290218295492,7.307373322532308E-5,0.0,34.716570865996026,0.0,255.91732188719556,225.5922459893048,481.98114510756506,100.0,0.0,5.918449197860962,0.0,0.0,106.10000000000018,269.02999999999895,904.7513864676854,0.048196908729394805,100.0,1.0,5.309828547802988
222,2047,7,5,4.90388125562359E18,41.10064798910308,2.9808239504831905E-5,0.0,32.214674069974386,0.0,205.8934563972933,226.524064171123,479.85350901395526,100.0,0.0,5.804812834224599,0.0,0.0,106.10000000000018,275.0,1007.8192152885763,0.038136503073697,100.0,1.0,5.39885515982978
220,2047,7,5,8.709926167270339E18,40.61450815353658,9.132064894236489E-5,0.0,41.78211087674323,0.0,270.6316150272537,227.39973262032086,639.1125715349657,100.0,0.0,5.979946524064171,0.0,0.0,106.10000000000018,275.0,889.2784828648192,0.05072760092448438,100.0,1.0,5.334997320889062
232,2047,7,5,6.261277189363532E18,39.56389981240684,6.143520677659888E-5,1.0,25.5933617279923,2.0,265.0094972960923,227.38636363636363,312.75183208729896,100.0,0.0,5.9772727272727275,0.0,0.0,106.10000000000018,275.0,907.1536204777545,0.05099285610275869,100.0,1.0,5.196992628968579
235,2047,11,5,8.305991534382669E18,39.76250206714004,3.1012492380827115E-4,0.0,26.313519847699062,0.0,419.2746686089391,308.6096256684492,366.1151396279224,100.0,0.0,5.721925133689839,0.0,0.0,88.0,0.0,1023.0202442201452,0.08047144079099706,100.0,1.0,5.210229424099568
233,2047,11,5,7.421366990471719E18,39.57922143803763,2.5503694392127555E-4,1.0,27.068922154510616,1.0,437.10820352018345,308.48262032085563,407.15110484753484,100.0,0.0,5.696524064171123,0.0,0.0,88.0,0.0,1094.6280396265036,0.08428272484678778,100.0,1.0,5.186213477492271
228,2047,11,6,6.65317065901527E17,39.97212694501619,8.9450511626268E-6,1.0,2.884631997784096,3.0,442.2455295259375,321.89572192513367,32.03937733889615,100.0,0.0,5.679144385026738,0.0,0.0,88.0,0.0,1057.3181504764202,0.0844351056295459,100.0,1.0,5.23769735619523
227,2047,11,6,2.7812977706100634E18,36.65685550975542,1.1791822198033124E-4,2.0,21.86764452566544,8.0,447.15039085312765,316.59090909090907,288.4198261008628,100.0,0.0,5.818181818181818,0.0,0.0,88.0,0.0,1027.0805536600299,0.09309262241763265,100.0,1.0,4.803284935374568
226,2047,11,6,3.967985631945377E18,39.26937013972024,6.0832664536734244E-5,1.0,31.80406450893202,3.0,424.23240866658534,315.6818181818182,432.7042250013706,100.0,0.0,5.636363636363637,0.0,0.0,88.0,0.0,926.0203046924219,0.0824454636759955,100.0,1.0,5.1456125025118045
225,2047,11,6,4.86643095885923E18,39.604967151429086,7.839356011331426E-5,1.0,3.4881136721399186,2.0,425.04246391601663,316.4572192513369,34.107910430417974,100.0,0.0,5.791443850267379,0.0,0.0,88.0,0.0,929.3730982209336,0.08190294547101379,100.0,1.0,5.1895870346499695
224,2047,11,6,2.3275888066568E18,39.79527457097809,1.035821388805181E-4,1.0,44.16244047575123,1.0,416.2535021687082,316.06951871657753,729.7633553958394,100.0,0.0,5.713903743315508,0.0,0.0,88.0,0.0,921.4620835970212,0.07982579500817213,100.0,1.0,5.214523727901419
222,2047,11,6,4.90388125562359E18,38.50339758434149,7.695407538666778E-5,1.0,31.652712386037837,4.0,471.3239858932736,315.45454545454544,440.63848340179305,100.0,0.0,5.590909090909091,0.0,0.0,88.0,0.0,949.5955643324772,0.09341945846405593,100.0,1.0,5.045244252562438
221,2047,11,6,6.977615103056312E17,39.56233638806904,9.335488374722187E-5,1.0,23.988418103392043,1.0,423.6205952273727,316.61764705882354,311.32708877809546,100.0,0.0,5.823529411764706,0.0,0.0,88.0,0.0,984.2116017563685,0.0817169205769927,100.0,1.0,5.184000966216567
239,2047,11,6,9.054830946953192E18,39.511749043066736,9.121321288478564E-5,1.0,41.5018292546564,2.0,445.82812702943454,316.4639037433155,596.9648257706535,100.0,0.0,5.792780748663102,0.0,0.0,88.0,0.0,840.3209574602855,0.08611088786395465,100.0,1.0,5.177372317119664
238,2047,11,6,2.857941005564493E18,39.87235056580857,6.978508636549754E-5,1.0,30.621144051706796,1.0,423.9781775141332,316.55080213903744,439.0042352950223,100.0,0.0,5.810160427807487,0.0,0.0,88.0,0.0,992.8394583486491,0.08114999962215054,100.0,1.0,5.224623283897158
234,2047,11,6,8.619173836053503E18,38.77066235748083,6.362842097010076E-5,1.0,0.23965924580910739,4.0,441.66721702544277,321.6483957219251,2.850656316544147,100.0,0.0,5.629679144385027,0.0,0.0,88.0,0.0,973.8403048305162,0.08693783116978074,100.0,1.0,5.080264955804011
232,2047,11,6,6.261277189363532E18,40.081678096783186,8.942471851449573E-5,1.0,24.024120471097834,1.0,463.5145322893059,322.4572192513369,296.78564269746136,100.0,0.0,5.791443850267379,0.0,0.0,88.0,0.0,936.044118404598,0.08825398337935964,100.0,1.0,5.252052253515735
231,2047,11,6,4.2848121755587553E18,38.98141499152037,3.1012492380827115E-4,1.0,31.5953954409496,3.0,445.0798302380606,316.2299465240642,421.97546167400986,100.0,0.0,5.745989304812834,0.0,0.0,88.0,0.0,912.0156865606189,0.08713591011403257,100.0,1.0,5.10788066200945
230,2047,11,6,2.2009420763865405E18,38.78224972824441,3.1012492380827115E-4,2.0,27.134962665255927,3.0,414.6008501860612,322.35695187165777,344.6259158544189,100.0,0.0,5.771390374331551,0.0,0.0,88.0,0.0,923.4341390998014,0.08158570059649846,100.0,1.0,5.0817832923512976
229,2047,11,7,7.388801749022034E17,38.97015263164323,6.16305492464768E-5,1.0,27.083021403915023,4.0,448.17774896910015,324.1644385026738,360.92418247355704,100.0,0.0,5.8328877005347595,0.0,0.0,88.0,0.0,969.7798542959022,0.08776776550580094,100.0,1.0,5.106404912854688
223,2047,11,7,1.858714168763392E18,38.418757494066945,1.4045512853635465E-4,2.0,19.419349149117746,5.0,444.6419627561078,323.9639037433155,245.56005947515553,100.0,0.0,5.792780748663102,0.0,0.0,88.0,0.0,1015.8914212200035,0.08832506970551476,100.0,1.0,5.034153544838308
220,2047,11,7,8.709926167270339E18,39.346646156594,1.7229162433792845E-4,1.0,35.5159368554125,3.0,471.63601340389613,324.2312834224599,525.118688827487,100.0,0.0,5.846256684491979,0.0,0.0,88.0,0.0,951.9175257933462,0.09147788131876079,100.0,1.0,5.155738268144284
236,2047,11,7,4.2692437014197545E18,39.853653844501636,8.399916679530639E-5,1.0,16.662576809412315,2.0,446.4447331862944,324.20454545454544,192.22979685183773,100.0,0.0,5.840909090909091,0.0,0.0,88.0,0.0,958.1520914596385,0.08549021652140631,100.0,1.0,5.222173382547311
237,2047,11,8,6.522181452910449E18,39.40451143866095,7.61977699774622E-5,1.0,5.645182378866176,4.0,450.2728835109322,331.9251336898396,62.27420133340941,100.0,0.0,5.885026737967914,0.0,0.0,88.0,0.0,1031.4116329418405,0.08720606771992931,100.0,1.0,5.1633205725664295
239,2048,2,20,9.054830946953192E18,44.86897409035389,0.012187909505665059,0.0,12.197723645973857,0.0,89.90000000000086,235.60160427807486,198.25293840315027,100.0,0.0,6.120320855614973,0.0,0.0,106.30000000000149,611.7654361842849,1421.7475590003094,0.015328509260507647,100.0,1.0,5.864888651084884
229,2048,2,21,7.388801749022034E17,45.206230163578276,0.012839171845662425,0.0,-13.770090059970402,0.0,92.80000000000129,237.4090909090909,-214.14255562691886,100.0,0.0,6.181818181818182,0.0,0.0,106.30000000000149,410.01141017916035,1775.1189195684685,0.01570493173152097,100.0,1.0,5.9089718813450665
227,2048,2,21,2.7812977706100634E18,46.91553332287605,0.012839171845662425,0.0,10.180120623415766,0.0,78.30000000000099,237.3957219251337,176.96447448467447,100.0,0.0,6.179144385026738,0.0,0.0,106.30000000000149,618.6596472663844,1555.5062824674903,0.012768252806828473,100.0,1.0,6.132397375318734
226,2048,2,21,3.967985631945377E18,45.53576629065095,0.012839171845662425,0.0,6.894648998993348,0.0,104.39999999999992,238.0441176470588,107.26880533625551,100.0,0.0,6.3088235294117645,0.0,0.0,106.30000000000149,608.8992682068532,1439.3871333212776,0.01754018694404174,100.0,1.0,5.952046026251947
225,2048,2,21,4.86643095885923E18,45.64390426578565,0.012839171845662425,0.0,-40.48401677913055,0.0,101.50000000000001,237.38903743315507,-462.6846873555904,100.0,0.0,6.177807486631016,0.0,0.0,106.30000000000149,404.9708933564491,1607.2973005174551,0.01701255824110857,100.0,1.0,5.966180897752276
223,2048,2,21,1.858714168763392E18,45.84022672421667,0.012839171845662425,0.0,8.826163233407208,0.0,104.39999999999992,237.50935828877004,124.19426016455208,100.0,0.0,6.201871657754011,0.0,0.0,106.30000000000149,405.08078934147994,1276.470464424715,0.017423688983550942,100.0,1.0,5.991842490907643
222,2048,2,21,4.90388125562359E18,45.36545491497334,0.012839171845662425,1.0,29.49764087846616,2.0,89.90000000000086,238.4385026737968,494.1875694979069,100.0,0.0,6.387700534759358,0.0,0.0,106.30000000000149,414.09622426864587,1179.3404612619063,0.015160753620624676,100.0,1.0,5.929784379432232
220,2048,2,21,8.709926167270339E18,45.15143917111651,0.012839171845662425,0.0,38.34556547803143,0.0,110.19999999999847,237.55614973262033,634.7305511553158,100.0,0.0,6.211229946524064,0.0,0.0,106.30000000000149,406.3651915047321,1019.3780667036464,0.018672237613356516,100.0,1.0,5.901810071288448
237,2048,2,21,6.522181452910449E18,44.79899058579804,0.012839171845662425,0.0,15.54332575540669,0.0,116.00000000000001,237.4090909090909,202.1266619513025,100.0,0.0,6.181818181818182,0.0,0.0,106.30000000000149,411.11862567618226,1094.8167023904182,0.019809619292613004,100.0,1.0,5.855741005747463
236,2048,2,21,4.2692437014197545E18,45.79787195416405,0.008525346511064028,0.0,14.486843122784965,0.0,72.49999999999999,237.00802139037432,180.64651657521503,100.0,0.0,6.101604278074866,0.0,0.0,106.30000000000149,409.17155056825646,1063.4857225168255,0.012110974133882811,100.0,1.0,5.986306237511243
233,2048,2,21,7.421366990471719E18,45.765032927561464,0.012839171845662425,0.0,14.768895240748185,0.0,110.19999999999847,237.7566844919786,255.2691822559856,100.0,0.0,6.251336898395722,0.0,0.0,106.30000000000149,616.2709950005644,1469.205025671896,0.018421889963950347,100.0,1.0,5.982013800736405
232,2048,2,21,6.261277189363532E18,44.94789413176442,0.007077823509185461,0.0,28.59874326708052,0.0,113.1000000000005,237.5360962566845,406.2960785443706,100.0,0.0,6.207219251336898,0.0,0.0,106.30000000000149,406.6392463522748,1012.8743757137999,0.019250394066439473,100.0,1.0,5.87520440411012
230,2048,2,21,2.2009420763865405E18,46.31109611158396,0.012839171845662425,0.0,36.724737983831204,0.0,98.59999999999975,237.32219251336898,567.8244358798333,100.0,0.0,6.1644385026737964,0.0,0.0,106.30000000000149,407.7749454440449,977.2296649188245,0.016288392400620057,100.0,1.0,6.0533905111621875
228,2048,2,22,6.65317065901527E17,46.74428791401936,0.008116988078014316,0.0,-1.524664592395237,0.0,110.19999999999847,239.5307486631016,-19.368706449827826,100.0,0.0,6.30614973262032,0.0,0.0,106.30000000000149,405.08671418050227,1323.8644220009185,0.018035966284026938,100.0,1.0,6.110013639668095
224,2048,2,22,2.3275888066568E18,46.231606536105396,0.013490434185659789,0.0,35.59746535092887,0.0,87.00000000000001,239.3168449197861,684.5593345459664,100.0,0.0,6.2633689839572195,0.0,0.0,106.30000000000149,411.6386605618817,1236.894005374693,0.014396822023234406,100.0,1.0,6.043000313513252
221,2048,2,22,6.977615103056312E17,45.333531310099445,0.013490434185659789,0.0,-45.890325869890525,0.0,118.89999999999924,239.07620320855614,-696.7866985150898,100.0,0.0,6.21524064171123,0.0,0.0,106.30000000000149,407.2415479042304,2218.0937132429963,0.020065439325268438,100.0,1.0,5.925611598758682
238,2048,2,22,2.857941005564493E18,45.88445741708297,0.013490434185659789,1.0,26.05233919080198,1.0,98.59999999999975,239.22994652406416,430.2907805137805,100.0,0.0,6.245989304812834,0.0,0.0,106.30000000000149,407.18541273026375,1218.9737207445125,0.016439843651446722,100.0,1.0,5.997623948894604
235,2048,2,22,8.305991534382669E18,46.34577605238717,0.006542402611862168,0.0,31.498958039443835,0.0,98.59999999999975,239.36363636363637,503.967875529238,100.0,0.0,6.2727272727272725,0.0,0.0,106.30000000000149,411.80778898750293,1094.725911138482,0.01627620400865972,100.0,1.0,6.057923576500996
234,2048,2,23,8.619173836053503E18,46.706660830991716,0.012707284784201724,0.0,-7.92260866025822,0.0,98.59999999999975,241.5120320855615,-88.55123849552136,100.0,0.0,6.402406417112299,0.0,0.0,106.30000000000149,413.61758076163227,1213.0442119499032,0.016150443909871196,100.0,1.0,6.105095349096576
231,2048,2,23,4.2848121755587553E18,46.43371803901351,0.014079671540895516,1.0,40.06627960666745,1.0,104.39999999999992,241.22459893048128,668.2300460366757,100.0,0.0,6.3449197860962565,0.0,0.0,106.30000000000149,410.72665648042465,998.5249011037353,0.017200988572725114,100.0,1.0,6.069418601064744
229,2048,7,1,7.388801749022034E17,38.98228025380182,4.96041144926857E-5,1.0,-6.332175531929114,3.0,191.36905527817578,217.7326203208556,-83.31965001796104,100.0,0.0,4.946524064171123,0.0,0.0,106.39999999999982,272.89000000000465,1412.645067195332,0.03764956845147104,100.0,1.0,5.082901694473436
226,2048,7,1,3.967985631945377E18,40.107313193328274,3.1012492380827115E-4,0.0,22.660249000709978,0.0,215.98753087149566,220.0855614973262,308.61111398947924,100.0,0.0,5.4171122994652405,0.0,0.0,106.39999999999982,275.0,1050.313837504467,0.041301006873954334,100.0,1.0,5.229594802147643
221,2048,7,1,6.977615103056312E17,38.22506158133393,8.524599335026697E-5,1.0,-38.3799145969868,4.0,212.95667518069894,221.04144385026737,-485.31384863277316,100.0,0.0,5.608288770053476,0.0,0.0,106.39999999999982,275.0,1752.1240305486608,0.04272662539549099,100.0,1.0,4.984167909576415
228,2048,7,2,6.65317065901527E17,40.81900032252736,3.1012492380827115E-4,0.0,-2.6228473344182324,0.0,171.9614964311856,222.98930481283423,-29.12255043929225,100.0,0.0,5.697860962566845,0.0,0.0,106.39999999999982,270.23999999999825,1165.4599816248513,0.03230906428258323,100.0,1.0,5.322391726580718
227,2048,7,2,2.7812977706100634E18,39.472716721317234,3.1012492380827115E-4,1.0,19.90207060344218,1.0,245.38217239104813,223.91844919786095,290.0050895918778,100.0,0.0,5.883689839572193,0.0,0.0,106.39999999999982,272.54999999999717,1164.0374498548456,0.047676187402018316,100.0,1.0,5.146849732800995
224,2048,7,2,2.3275888066568E18,39.698467021487204,3.568756315400128E-5,1.0,36.52542665748368,2.0,220.57992374631058,223.12967914438502,601.8373360427163,100.0,0.0,5.725935828877005,0.0,0.0,106.39999999999982,269.5700000000046,1044.0323005586176,0.04261355582446648,100.0,1.0,5.176285327019463
239,2048,7,2,9.054830946953192E18,39.28754685218393,4.425298570323503E-5,1.0,29.169046002472307,2.0,233.17089903960195,224.2192513368984,413.2977112960302,100.0,0.0,5.94385026737968,0.0,0.0,106.39999999999982,275.0,1001.6968141628411,0.045517139826444494,100.0,1.0,5.12270542324662
238,2048,7,2,2.857941005564493E18,39.81501637119565,5.186035515188481E-5,1.0,25.773376249992985,2.0,185.21410356778804,222.70855614973263,368.4847542435796,100.0,0.0,5.641711229946524,0.0,0.0,106.39999999999982,269.8800000000027,1059.1017999729022,0.035676536356577714,100.0,1.0,5.191482203222343
237,2048,7,2,6.522181452910449E18,40.07258363184377,6.460935912672316E-5,1.0,14.657609709531204,1.0,179.49808776334746,222.75534759358288,170.2948233002176,100.0,0.0,5.651069518716578,0.0,0.0,106.39999999999982,273.7999999999971,986.9652408884831,0.03435326435801622,100.0,1.0,5.225066412690477
236,2048,7,2,4.2692437014197545E18,39.86556728802212,1.0790707161039362E-4,0.0,11.348913617900683,0.0,217.9109219509658,224.1657754010695,123.22481015675109,100.0,0.0,5.933155080213904,0.0,0.0,106.39999999999982,268.0700000000046,957.0892626292729,0.041921477307040586,100.0,1.0,5.19807354008415
234,2048,7,2,8.619173836053503E18,39.08378944508473,7.760883979185963E-5,2.0,-11.33894010721376,3.0,255.96578033637113,223.15641711229947,-105.85487533621438,100.0,0.0,5.731283422459893,0.0,0.0,106.39999999999982,275.0,1044.508649661375,0.05022740873083752,100.0,1.0,5.0961374835811295
233,2048,7,2,7.421366990471719E18,39.18861698684387,8.855651736386954E-5,1.0,16.511640450998343,2.0,261.42000986846375,223.79144385026737,241.49179589575334,100.0,0.0,5.858288770053476,0.0,0.0,106.39999999999982,271.660640411845,1216.8149846670428,0.05116045742125275,100.0,1.0,5.10980595259233
231,2048,7,2,4.2848121755587553E18,40.3371009716534,2.465221969859072E-4,1.0,38.51065703786355,1.0,253.76878076307213,222.94251336898395,556.7119436752456,100.0,0.0,5.688502673796791,0.0,0.0,106.39999999999982,275.0,887.6426089851205,0.04824908035418837,100.0,1.0,5.259556843367753
230,2048,7,2,2.2009420763865405E18,40.41076333024078,8.795375037103549E-5,1.0,35.55488145522698,1.0,259.09259872289675,222.6149732620321,478.67099405592177,100.0,0.0,5.622994652406417,0.0,0.0,106.39999999999982,264.9500000000026,866.2182626613926,0.049171502857445586,100.0,1.0,5.269161682408589
225,2048,7,3,4.86643095885923E18,39.583670661376125,3.1012492380827115E-4,2.0,-33.36721011297389,3.0,217.6648362006268,224.28208556149733,-329.70300885632366,100.0,0.0,5.656417112299465,0.0,0.0,106.39999999999982,273.20000000000283,1319.902378697645,0.04217234384577682,100.0,1.0,5.161317023227865
223,2048,7,3,1.858714168763392E18,40.09832219095251,4.9194943497504934E-5,1.0,6.45979464076754,3.0,223.8048739901835,224.7366310160428,78.70117719077145,100.0,0.0,5.747326203208556,0.0,0.0,106.39999999999982,275.0,1131.2829393218224,0.042805430413270534,100.0,1.0,5.228422464846879
222,2048,7,3,4.90388125562359E18,41.20478741844275,5.749442413946442E-5,0.0,32.375383006291635,0.0,243.68666430513184,224.84358288770053,491.4809887794632,100.0,0.0,5.768716577540107,0.0,0.0,106.39999999999982,270.8099999999981,1024.8228626205316,0.04535650836971852,100.0,1.0,5.3726945275140485
220,2048,7,3,8.709926167270339E18,40.78838838359953,5.986967641086314E-5,1.0,37.87359250605005,1.0,240.65056678346772,225.55882352941177,565.0276381422152,100.0,0.0,5.911764705882353,0.0,0.0,106.39999999999982,266.3599999999956,925.5678832794988,0.04524867557688804,100.0,1.0,5.318400234158155
235,2048,7,3,8.305991534382669E18,40.631233434122315,7.412163570943383E-5,0.0,27.145059539772237,0.0,220.02332769578248,224.83689839572193,380.20034832476284,100.0,0.0,5.767379679144385,0.0,0.0,106.39999999999982,275.0,1017.9245636863432,0.041530221895699396,100.0,1.0,5.297908791538787
232,2048,7,3,6.261277189363532E18,40.014120397158706,4.0924376327298916E-5,1.0,26.152712782355895,1.0,216.50323970247035,223.31951871657753,326.75764746992144,100.0,0.0,5.463903743315508,0.0,0.0,106.39999999999982,275.0,920.926106856027,0.04149604003170275,100.0,1.0,5.217443388262182
226,2048,11,3,3.967985631945377E18,37.4892062800564,5.798895359167374E-5,2.0,27.32600361593637,4.0,399.43662050217915,306.95588235294116,346.77978160263467,100.0,0.0,5.6911764705882355,0.0,0.0,88.0,0.0,920.3156808996788,0.08191547907436834,100.0,1.0,4.876204412349758
239,2048,11,3,9.054830946953192E18,37.86896986022375,1.2375296241351602E-4,1.0,39.28737945178475,4.0,414.0880567357847,305.9866310160428,535.0617175745942,100.0,0.0,5.497326203208556,0.0,0.0,88.0,0.0,825.4883413773421,0.08406854981184854,100.0,1.0,4.925600092573781
224,2048,11,4,2.3275888066568E18,35.97677050996455,8.422730141452228E-5,1.0,37.18024639718097,9.0,418.5241162681495,314.7967914438503,553.7852545483244,100.0,0.0,5.759358288770054,0.0,0.0,88.0,0.0,934.1192521610676,0.08943811855239037,100.0,1.0,4.679482563388112
222,2048,11,4,4.90388125562359E18,39.13731910548306,8.23923814580954E-5,1.0,33.82391790403423,2.0,445.0082868074577,314.6096256684492,486.46765503386473,100.0,0.0,5.721925133689839,0.0,0.0,88.0,0.0,950.2149055213811,0.08741810091850523,100.0,1.0,5.090573715646292
220,2048,11,4,8.709926167270339E18,39.66880240307448,6.712660688490718E-5,1.0,35.01310229562549,1.0,443.04038866456455,308.57620320855614,506.8705622456452,100.0,0.0,5.71524064171123,0.0,0.0,88.0,0.0,939.2468054660433,0.08586547417351821,100.0,1.0,5.15970351213879
232,2048,11,4,6.261277189363532E18,37.373119075118915,1.4199859148730364E-4,1.0,19.654013762100444,6.0,439.6252854946203,314.75,229.046837416193,100.0,0.0,5.75,0.0,0.0,88.0,0.0,933.4232243884647,0.09043731525857455,100.0,1.0,4.861105001156462
231,2048,11,4,4.2848121755587553E18,39.333162604350164,3.1012492380827115E-4,1.0,35.455183107292676,2.0,420.9510071857821,308.2754010695187,498.68637060485855,100.0,0.0,5.6550802139037435,0.0,0.0,88.0,0.0,906.2581875405748,0.08228052005717336,100.0,1.0,5.1160469925722465
230,2048,11,4,2.2009420763865405E18,37.659332053425366,6.604023079392485E-5,1.0,26.571873611649817,5.0,421.23705805217037,314.6965240641711,332.77725204988667,100.0,0.0,5.739304812834225,0.0,0.0,88.0,0.0,917.4624030307,0.0859960098226121,100.0,1.0,4.898332596141092
227,2048,11,5,2.7812977706100634E18,39.49024835990455,3.1012492380827115E-4,1.0,28.47524387945626,2.0,420.58130608123764,316.55748663101605,413.7641017972131,100.0,0.0,5.811497326203209,0.0,0.0,88.0,0.0,1037.3486087316924,0.08188124600375787,100.0,1.0,5.136479067037346
225,2048,11,5,4.86643095885923E18,40.42206436321508,1.206711765790938E-4,0.0,5.15252994743847,0.0,440.6775647015293,316.51737967914437,52.545237996899914,100.0,0.0,5.803475935828877,0.0,0.0,88.0,0.0,956.1413744630671,0.0838159735831776,100.0,1.0,5.257679960779886
236,2048,11,5,4.2692437014197545E18,39.43041028268199,1.0649894361547774E-4,1.0,9.644387299277199,2.0,422.06849618332984,316.2366310160428,103.2888901012589,100.0,0.0,5.747326203208556,0.0,0.0,88.0,0.0,962.6064598587724,0.08229548015603434,100.0,1.0,5.128695954906359
235,2048,11,5,8.305991534382669E18,38.46409388926586,3.1012492380827115E-4,1.0,18.17336798319554,5.0,445.2651908325875,316.1831550802139,240.48370700562194,100.0,0.0,5.7366310160427805,0.0,0.0,88.0,0.0,1079.8164058867885,0.0889995029942343,100.0,1.0,5.003007610743999
233,2048,11,5,7.421366990471719E18,38.737478302806686,1.2911112564873903E-4,1.0,18.821086407376708,4.0,419.524451168518,316.3970588235294,271.2319098559712,100.0,0.0,5.779411764705882,0.0,0.0,88.0,0.0,1166.7436033588199,0.08326265870296719,100.0,1.0,5.038566600006583
229,2048,11,6,7.388801749022034E17,40.52447866546417,5.313998009051937E-5,1.0,30.573393141103793,2.0,404.39030144838665,317.99064171122996,421.9527018846487,100.0,0.0,5.798128342245989,0.0,0.0,88.0,0.0,956.5660949478304,0.0767198309725159,100.0,1.0,5.271000943592476
228,2048,11,6,6.65317065901527E17,39.37605466023849,3.1012492380827115E-4,1.0,0.9560422930324584,3.0,428.69578299318016,324.1644385026738,11.105482638148338,100.0,0.0,5.8328877005347595,0.0,0.0,88.0,0.0,1082.3681973922512,0.08370306378183134,100.0,1.0,5.121625943233792
223,2048,11,6,1.858714168763392E18,40.168043772465914,3.1012492380827115E-4,1.0,13.814058720526791,2.0,445.75941469187194,330.07754010695186,167.62481935027927,100.0,0.0,5.815508021390374,0.0,0.0,88.0,0.0,1041.4838537873748,0.08531869133755222,100.0,1.0,5.224639615348567
221,2048,11,6,6.977615103056312E17,39.50422315723699,6.477128734508584E-5,1.0,22.168146070363317,3.0,401.8268692185801,324.3516042780749,290.0678328998335,100.0,0.0,5.870320855614973,0.0,0.0,88.0,0.0,1015.9167917779915,0.07820234754324361,100.0,1.0,5.138296762720347
238,2048,11,6,2.857941005564493E18,38.029225800577514,1.1269074266288921E-4,1.0,24.642812440825182,6.0,424.76531837722223,324.2245989304813,335.8328012939584,100.0,0.0,5.8449197860962565,0.0,0.0,88.0,0.0,1024.3717413527024,0.08587285622710501,100.0,1.0,4.946444511567891
237,2048,11,6,6.522181452910449E18,39.1744998513578,3.1012492380827115E-4,1.0,8.948905120861776,4.0,425.75524746014145,324.177807486631,101.54899624401878,100.0,0.0,5.8355614973262036,0.0,0.0,88.0,0.0,1026.994414505407,0.08355662533061188,100.0,1.0,5.095409798750709
234,2048,11,7,8.619173836053503E18,39.43247207358951,8.05519282618886E-5,1.0,-5.683537208918662,4.0,424.9306554675176,325.70454545454544,-53.1208663850579,100.0,0.0,5.840909090909091,0.0,0.0,88.0,0.0,997.820956517673,0.08284921567068157,100.0,1.0,5.128964131134084
239,2049,2,18,9.054830946953192E18,45.508473102031076,0.011660697135190997,0.0,25.985772652275312,0.0,89.90000000000086,235.12433155080214,428.7563251587491,100.0,0.0,6.324866310160428,0.0,0.0,106.6000000000002,407.25657015873446,1219.339151290763,0.015225103012227363,100.0,1.0,5.904721953460786
229,2049,2,19,7.388801749022034E17,43.848719607046306,0.00829500804272123,0.0,-12.057999177306767,0.0,92.80000000000129,235.86898395721926,-183.05865536440223,100.0,0.0,6.17379679144385,0.0,0.0,106.6000000000002,414.21642452301444,1708.5475415521626,0.016311123355363243,100.0,1.0,5.6893690261675225
223,2049,2,19,1.858714168763392E18,45.72073365242198,0.021945538415549887,0.0,-15.34809756480837,0.0,92.80000000000129,235.81550802139037,-206.96155441888266,100.0,0.0,6.163101604278075,0.0,0.0,106.6000000000002,618.0027255521399,1559.3554566492169,0.015643272042013226,100.0,1.0,5.932262748532903
237,2049,2,19,6.522181452910449E18,44.598947303887705,0.01234297196756919,0.0,8.964807842075457,0.0,92.80000000000129,235.72192513368984,121.33664432221721,100.0,0.0,6.144385026737968,0.0,0.0,106.6000000000002,605.19795182151,1225.4868029776296,0.01603674341485908,100.0,1.0,5.7867110297478535
235,2049,2,19,8.305991534382669E18,45.197994546377046,0.01234297196756919,0.0,22.642332129859188,0.0,89.90000000000086,236.16978609625667,331.3606632788498,100.0,0.0,6.233957219251337,0.0,0.0,106.6000000000002,408.84813591849377,1129.8655374635412,0.015329688802821885,100.0,1.0,5.864437377453618
228,2049,2,20,6.65317065901527E17,45.31776121632298,0.013025246799947387,0.0,0.9022971538453888,0.0,101.50000000000001,237.36229946524065,12.485758426122176,100.0,0.0,6.172459893048129,0.0,0.0,106.6000000000002,412.91390215890675,1306.2348835179787,0.017261971999986737,100.0,1.0,5.879977096479938
226,2049,2,20,3.967985631945377E18,45.98226245139377,0.013025246799947387,0.0,22.56096569991939,0.0,133.39999999999867,237.7633689839572,371.84424192018525,100.0,0.0,6.252673796791444,0.0,0.0,106.6000000000002,411.10507246364875,1274.0794467139294,0.02235930530080707,100.0,1.0,5.966196096225921
224,2049,2,20,2.3275888066568E18,45.414303806459316,0.013025246799947387,0.0,25.445365710291526,0.0,113.1000000000005,237.59625668449198,463.9065387431826,100.0,0.0,6.219251336898396,0.0,0.0,106.6000000000002,409.8855905207506,1356.40180295859,0.01919387916291108,100.0,1.0,5.892503492391841
222,2049,2,20,4.90388125562359E18,45.445831724416706,0.010453649117132736,0.0,26.351577114534027,0.0,92.80000000000129,237.7433155080214,425.88631652043256,100.0,0.0,6.248663101604278,0.0,0.0,106.6000000000002,404.6684420920984,1188.3362056981978,0.01573789822623053,100.0,1.0,5.896594238062266
221,2049,2,20,6.977615103056312E17,45.436661266814774,0.013025246799947387,0.0,-60.74399330070419,0.0,81.19999999999894,237.4090909090909,-910.8193825795418,100.0,0.0,6.181818181818182,0.0,0.0,106.6000000000002,407.5498891204464,2412.312663381588,0.013773440273254984,100.0,1.0,5.895404371678412
220,2049,2,20,8.709926167270339E18,46.25534259407735,0.013025246799947387,0.0,35.501994765304815,0.0,78.30000000000099,237.58957219251337,610.7906834428832,100.0,0.0,6.217914438502674,0.0,0.0,106.6000000000002,407.3298615219773,1108.3985974271668,0.01304645956020253,100.0,1.0,6.001628230148401
238,2049,2,20,2.857941005564493E18,45.54099226535877,0.013025246799947387,1.0,21.40336991673689,1.0,98.59999999999975,237.38903743315507,333.13715608780063,100.0,0.0,6.177807486631016,0.0,0.0,106.6000000000002,411.99841704364945,1221.1149999098795,0.01668657628741714,100.0,1.0,5.9089413131650685
236,2049,2,20,4.2692437014197545E18,46.32947955313324,0.005333843898422353,0.0,11.4597817730523,0.0,92.80000000000129,237.80347593582889,148.19090623773255,100.0,0.0,6.260695187165775,0.0,0.0,106.6000000000002,414.57454205086674,1141.4302627714976,0.015437727368920934,100.0,1.0,6.011247496624746
230,2049,2,20,2.2009420763865405E18,46.84062206893726,0.013025246799947387,0.0,35.58387721234174,0.0,87.00000000000001,237.5427807486631,555.393699591869,100.0,0.0,6.208556149732621,0.0,0.0,106.6000000000002,413.59596596489905,1004.3912989902672,0.01431493600454529,100.0,1.0,6.077568210739866
227,2049,2,21,2.7812977706100634E18,45.77421077316635,0.013645496647563933,1.0,16.296592591358547,1.0,104.39999999999992,239.06283422459893,269.67903105239367,100.0,0.0,6.212566844919786,0.0,0.0,106.6000000000002,408.115434867506,1381.4750890285438,0.017578120850258293,100.0,1.0,5.939201402092185
225,2049,2,21,4.86643095885923E18,45.83463227486183,0.013645496647563933,1.0,-42.82947883169223,1.0,104.39999999999992,239.04946524064172,-508.45786600637564,100.0,0.0,6.209893048128342,0.0,0.0,106.6000000000002,408.2468864441676,1697.4875596835225,0.01755494849332986,100.0,1.0,5.947041088708834
234,2049,2,21,8.619173836053503E18,46.51553295987723,0.013645496647563933,0.0,-11.736359738042342,0.0,75.40000000000096,239.47727272727272,-130.15481843978955,100.0,0.0,6.295454545454546,0.0,0.0,106.6000000000002,418.1997912524907,1243.2109899698316,0.012492983226066285,100.0,1.0,6.035387916208902
233,2049,2,21,7.421366990471719E18,46.632846427862425,0.013645496647563933,0.0,20.828592730737494,0.0,110.19999999999847,239.1764705882353,356.2334485010278,100.0,0.0,6.235294117647059,0.0,0.0,106.6000000000002,405.40118388356206,1351.5731210123108,0.01821304168650902,100.0,1.0,6.050609332411901
232,2049,2,21,6.261277189363532E18,45.79369182774566,0.013645496647563933,0.0,26.581224427254785,0.0,89.90000000000086,239.20989304812835,383.7618248083102,100.0,0.0,6.241978609625669,0.0,0.0,106.6000000000002,415.98779802420785,1058.3479405299292,0.015130275879783966,100.0,1.0,5.941729067882963
231,2049,2,21,4.2848121755587553E18,45.28510903295159,0.013645496647563933,1.0,42.093824153100925,1.0,87.00000000000001,239.5842245989305,674.9392381006566,100.0,0.0,6.316844919786096,0.0,0.0,106.6000000000002,209.35522108618173,927.5101515600159,0.014806644427907354,100.0,1.0,5.87574047743212
227,2049,7,2,2.7812977706100634E18,40.007404627197964,1.5694581164386192E-4,0.0,17.030334104894624,0.0,249.67254974619564,221.10160427807486,245.92424936584132,100.0,0.0,5.620320855614973,0.0,0.0,106.69999999999851,275.0,1193.6663320846096,0.048216020119291,100.0,1.0,5.1782073495174865
224,2049,7,2,2.3275888066568E18,39.0595567747974,7.638544921385986E-5,0.0,27.12043597419692,0.0,274.00371990494807,222.20454545454547,424.30439707232773,100.0,0.0,5.840909090909091,0.0,0.0,106.69999999999851,275.0,1137.445477419915,0.05419885226547239,100.0,1.0,5.055526241826034
236,2049,7,2,4.2692437014197545E18,39.98710772659211,4.646762418463757E-5,1.0,10.177969849823114,1.0,213.45298942961256,218.85561497326202,113.57559554018565,100.0,0.0,5.171122994652406,0.0,0.0,106.69999999999851,275.0,996.7659627545484,0.041242329784815894,100.0,1.0,5.175580296828893
232,2049,7,2,6.261277189363532E18,38.471330431829706,7.625772691262692E-6,1.0,23.026172846514438,4.0,267.08796336120173,222.21122994652407,278.8023432242313,100.0,0.0,5.842245989304812,0.0,0.0,106.69999999999851,275.0,929.7396252072248,0.053638676424891715,100.0,1.0,4.9793913862732095
231,2049,7,2,4.2848121755587553E18,40.021620381769694,5.762261683542754E-5,0.0,36.50617636613026,0.0,181.7765887233182,217.95989304812835,516.2068774478715,100.0,0.0,4.991978609625669,0.0,0.0,106.69999999999851,275.0,896.5110064444611,0.03509168503173856,100.0,1.0,5.180047312031639
228,2049,7,3,6.65317065901527E17,41.05090930623295,3.1012492380827115E-4,1.0,3.426222696286976,2.0,214.140459337114,220.26871657754012,41.33628924616627,100.0,0.0,5.153743315508021,0.0,0.0,106.69999999999851,275.0,1150.2870739563864,0.04030295505649858,100.0,1.0,5.313269437363138
226,2049,7,3,3.967985631945377E18,38.976261638115346,8.026007344934548E-5,1.0,25.34418344146525,3.0,236.68190704240197,223.16310160427807,353.29698373803313,100.0,0.0,5.732620320855615,0.0,0.0,106.69999999999851,225.35435557405097,1038.421554628452,0.046916523094358606,100.0,1.0,5.044745250332955
225,2049,7,3,4.86643095885923E18,39.622950788108966,5.6674876426950124E-5,1.0,-34.35788019081991,1.0,227.93061912684502,223.7379679144385,-351.506021833584,100.0,0.0,5.847593582887701,0.0,0.0,106.69999999999851,270.3999999999964,1376.86900429079,0.04444437434999169,100.0,1.0,5.128447018556976
223,2049,7,3,1.858714168763392E18,39.794062657768876,7.85524123121254E-5,1.0,3.0800413078868982,1.0,174.41502651425688,221.87299465240642,36.80120242545081,100.0,0.0,5.474598930481283,0.0,0.0,106.69999999999851,275.0,1137.3936258618057,0.03386308811741276,100.0,1.0,5.15059423728608
222,2049,7,3,4.90388125562359E18,40.74730963510086,7.003724566582452E-5,0.0,27.562046005013016,0.0,221.79695342898847,223.70454545454547,398.4687750538923,100.0,0.0,5.840909090909091,0.0,0.0,106.69999999999851,275.0,1045.308349077129,0.042054994333776484,100.0,1.0,5.27397416032588
221,2049,7,3,6.977615103056312E17,39.09018401972791,3.1012492380827115E-4,1.0,-44.791578467615075,2.0,271.0992403593728,223.64438502673798,-576.2156168972317,100.0,0.0,5.828877005347594,0.0,0.0,106.69999999999851,269.3099999999982,1864.8109881936095,0.05358232171138041,100.0,1.0,5.0594903636247945
220,2049,7,3,8.709926167270339E18,39.3672338787291,8.812369964999745E-6,1.0,32.711515512126276,1.0,260.12889043992146,222.73529411764707,478.11748518739586,100.0,0.0,5.647058823529412,0.0,0.0,106.69999999999851,270.77999999999895,981.4647322448559,0.05105221975197135,100.0,1.0,5.095349265981266
239,2049,7,3,9.054830946953192E18,38.8827480269017,6.214928332831082E-5,1.0,26.59582969722272,2.0,214.3930281548407,223.55748663101605,374.197217674018,100.0,0.0,5.811497326203209,0.0,0.0,106.69999999999851,275.0,1030.487716676823,0.042600495375628614,100.0,1.0,5.032641669173949
238,2049,7,3,2.857941005564493E18,38.970917691348596,5.46957537580725E-5,1.0,19.831137109314216,3.0,236.33595298810076,223.73128342245988,263.7092112600168,100.0,0.0,5.846256684491979,0.0,0.0,106.69999999999851,264.72000000000105,1063.0481097482684,0.046854370079830746,100.0,1.0,5.044053576762001
237,2049,7,3,6.522181452910449E18,37.672412556783335,5.717642400594971E-5,2.0,8.759289934600732,5.0,226.17803695046388,223.8181818181818,99.00406678186873,100.0,0.0,5.863636363636363,0.0,0.0,106.69999999999851,271.6700000000036,1024.5049422467323,0.04638610841975696,100.0,1.0,4.87598646783935
235,2049,7,3,8.305991534382669E18,39.025932032579156,6.87638411991732E-5,1.0,16.16528405073133,3.0,217.75010415366103,224.03208556149733,204.11998857622802,100.0,0.0,5.906417112299465,0.0,0.0,106.69999999999851,275.0,1054.4675856188453,0.04310880949163076,100.0,1.0,5.051174150284422
234,2049,7,3,8.619173836053503E18,40.39752684599731,6.383798349285118E-5,1.0,-9.530431936938681,1.0,157.38684106850693,219.93449197860963,-91.42650059780219,100.0,0.0,5.086898395721925,0.0,0.0,106.69999999999851,275.0,1055.7122073047974,0.030100560475665727,100.0,1.0,5.228701345801968
233,2049,7,3,7.421366990471719E18,39.83409778763258,3.1012492380827115E-4,1.0,15.333968144714493,1.0,265.0497260180594,224.13903743315507,223.8345135406881,100.0,0.0,5.927807486631016,0.0,0.0,106.69999999999851,272.35999999999535,1231.4020910076863,0.05140830872288355,100.0,1.0,5.155776033146894
230,2049,7,3,2.2009420763865405E18,39.50197919695564,6.143520677659888E-5,1.0,30.317831567288177,3.0,228.87433194311936,221.35160427807486,394.45881714407767,100.0,0.0,5.370320855614973,0.0,0.0,106.69999999999851,275.0,904.597580506311,0.04476506047474545,100.0,1.0,5.112789517446102
229,2049,7,4,7.388801749022034E17,38.95577454032066,5.700825805299103E-5,1.0,-2.9072027810979124,2.0,275.1496311318495,225.80614973262033,-38.465263159251364,100.0,0.0,5.961229946524064,0.0,0.0,106.69999999999851,275.0,1390.4003695516553,0.05457051257694315,100.0,1.0,5.042093580189392
228,2049,11,4,6.65317065901527E17,39.179713952114675,1.320804615878497E-4,1.0,6.889044898074047,1.0,420.18546374909766,306.6216577540107,78.87702316201563,100.0,0.0,5.624331550802139,0.0,0.0,88.0,0.0,1055.6365505558765,0.08306316925772364,100.0,1.0,5.058625471481473
229,2049,11,5,7.388801749022034E17,39.51579541269003,7.729933295320812E-5,1.0,30.931764499759034,2.0,434.4280279820209,308.02139037433153,423.8062413815345,100.0,0.0,5.60427807486631,0.0,0.0,88.0,0.0,944.1964056626126,0.08514827282697303,100.0,1.0,5.102018086318764
227,2049,11,5,2.7812977706100634E18,40.065127238228726,3.1012492380827115E-4,0.0,26.049149122792212,0.0,401.4239867651775,314.38235294117646,375.3361400623905,100.0,0.0,5.676470588235294,0.0,0.0,88.0,0.0,1062.7912298311937,0.07760068019092903,100.0,1.0,5.172944177518964
223,2049,11,5,1.858714168763392E18,37.87193096536725,9.232656261038141E-6,1.0,9.610834577041393,5.0,418.2538177815162,314.50267379679144,107.87066164343737,100.0,0.0,5.7005347593582885,0.0,0.0,88.0,0.0,1006.8640892439628,0.08553644556753055,100.0,1.0,4.889773183891621
222,2049,11,5,4.90388125562359E18,38.58871315790392,7.048293722915253E-5,1.0,30.286469600474963,4.0,421.89810258308927,308.64304812834223,413.75315089681624,100.0,0.0,5.728609625668449,0.0,0.0,88.0,0.0,950.1819948858204,0.08467905652127632,100.0,1.0,4.982319358708063
235,2049,11,5,8.305991534382669E18,36.142041251666214,8.737882446981603E-6,2.0,6.001636106147675,9.0,415.3766509462219,314.75,70.4251089077665,100.0,0.0,5.75,0.0,0.0,88.0,0.0,1092.2946171086314,0.0890139631797556,100.0,1.0,4.666421268171225
234,2049,11,5,8.619173836053503E18,38.971495344859285,3.1012492380827115E-4,1.0,-6.25421392342236,3.0,420.52286345207597,314.1818181818182,-57.44316912703044,100.0,0.0,5.636363636363637,0.0,0.0,88.0,0.0,985.4052468954633,0.0835740170437639,100.0,1.0,5.031741662386137
233,2049,11,5,7.421366990471719E18,38.921375972181465,1.4491818869545383E-4,1.0,17.006087665954404,3.0,418.4088720221689,308.7098930481283,241.96403815911657,100.0,0.0,5.741978609625669,0.0,0.0,88.0,0.0,1176.4369260338424,0.08326096382580309,100.0,1.0,5.025270580551476
232,2049,11,5,6.261277189363532E18,38.794339490953696,7.560334563829136E-5,1.0,23.996689195924166,3.0,396.28323167016015,308.51604278074865,292.3251821032977,100.0,0.0,5.7032085561497325,0.0,0.0,88.0,0.0,923.371133243314,0.07911631818713583,100.0,1.0,5.008868470507203
226,2049,11,6,3.967985631945377E18,37.98230553192624,1.1269074266288921E-4,1.0,28.104959155158756,5.0,418.11598802272874,322.5975935828877,380.77312898673597,100.0,0.0,5.81951871657754,0.0,0.0,88.0,0.0,972.1239548916172,0.0852597757494931,100.0,1.0,4.904024017741033
225,2049,11,6,4.86643095885923E18,38.02714630007814,8.519915489238216E-5,2.0,0.4784127846804287,6.0,420.52123265871734,316.4572192513369,5.293888812084669,100.0,0.0,5.791443850267379,0.0,0.0,88.0,0.0,976.3563179817919,0.08564912443767343,100.0,1.0,4.909813561079999
220,2049,11,6,8.709926167270339E18,38.81141654966025,9.820295244087116E-5,1.0,31.778795805758868,5.0,419.5766406155454,316.08957219251334,456.68621525477664,100.0,0.0,5.717914438502674,0.0,0.0,88.0,0.0,978.7548440810938,0.08372989408289325,100.0,1.0,5.011073347353829
239,2049,11,6,9.054830946953192E18,38.71750114453616,8.653039168757566E-5,1.0,38.80581516621188,4.0,417.7334195769422,310.3970588235294,541.9826018632219,100.0,0.0,5.779411764705882,0.0,0.0,88.0,0.0,853.2978212502709,0.08356427233051127,100.0,1.0,4.998947611543049
238,2049,11,6,2.857941005564493E18,39.045200851999574,1.0912207030551407E-4,1.0,23.648469862161857,4.0,418.0961743614713,315.80213903743316,314.1515855381205,100.0,0.0,5.660427807486631,0.0,0.0,88.0,0.0,1011.8704117367442,0.08293488884805339,100.0,1.0,5.041258029868146
237,2049,11,6,6.522181452910449E18,38.907868144883984,3.1012492380827115E-4,1.0,10.925629477594127,4.0,412.87258010868817,322.49732620320856,127.06758203357052,100.0,0.0,5.7994652406417115,0.0,0.0,88.0,0.0,1030.4371323806522,0.08218779713467178,100.0,1.0,5.023526539252061
236,2049,11,6,4.2692437014197545E18,39.9033702967433,3.1012492380827115E-4,1.0,10.216084180344941,2.0,404.2562804152595,322.1163101604278,113.45266943272789,100.0,0.0,5.723262032085562,0.0,0.0,88.0,0.0,991.8427955886725,0.0784649914532756,100.0,1.0,5.152059191339954
231,2049,11,6,4.2848121755587553E18,40.60941947793588,3.1012492380827115E-4,0.0,33.39318030423639,0.0,404.36959500723526,316.63101604278074,478.1273090158846,100.0,0.0,5.82620320855615,0.0,0.0,88.0,0.0,951.8191063002353,0.07712238406373327,100.0,1.0,5.24321959073604
230,2049,11,6,2.2009420763865405E18,38.552873168197564,8.252392863445214E-5,1.0,24.84011782832668,5.0,420.08032839261745,322.08288770053474,314.76705156459826,100.0,0.0,5.716577540106952,0.0,0.0,88.0,0.0,949.9637834065826,0.08439259274484785,100.0,1.0,4.977691936337188
224,2049,11,7,2.3275888066568E18,39.30023951285781,9.802292300659685E-6,1.0,38.06099049959722,3.0,404.09777076407295,324.4385026737968,597.174011952362,100.0,0.0,5.887700534759358,0.0,0.0,88.0,0.0,970.3405115831464,0.0796379352942065,100.0,1.0,5.074186934545882
221,2049,11,7,6.977615103056312E17,39.82439795323004,8.200024426448206E-5,1.0,20.086362080917908,3.0,421.44759747363605,323.93716577540107,263.71628710186474,100.0,0.0,5.787433155080214,0.0,0.0,88.0,0.0,1045.8584198147023,0.08196399115922881,100.0,1.0,5.141862804788305
223,2050,2,19,1.858714168763392E18,44.82848152043386,0.013800559109468064,0.0,5.991873253564487,0.0,104.39999999999992,234.57620320855614,84.68814497223376,100.0,0.0,6.21524064171123,0.0,0.0,106.8999999999998,411.3169355969935,1319.3686705097384,0.01808184174936564,100.0,1.0,5.773748130699272
229,2050,2,20,7.388801749022034E17,44.426729507532286,0.014420808957084606,1.0,-7.146810118086337,1.0,118.89999999999924,236.41711229946523,-111.08670212600516,100.0,0.0,6.283422459893048,0.0,0.0,106.8999999999998,407.8579052751501,1676.5088116703514,0.020779433553844786,100.0,1.0,5.722003907945766
227,2050,2,20,2.7812977706100634E18,45.90045831680124,0.014420808957084606,0.0,19.004809800438995,0.0,89.90000000000086,236.29010695187165,316.2439774417092,100.0,0.0,6.258021390374331,0.0,0.0,106.8999999999998,406.8774664250869,1345.0598923244133,0.015206836036358208,100.0,1.0,5.911814909101266
226,2050,2,20,3.967985631945377E18,45.70686221414486,0.014420808957084606,0.0,24.988299104667224,0.0,89.90000000000086,235.73529411764707,427.5622394276457,100.0,0.0,6.147058823529412,0.0,0.0,106.8999999999998,404.39286251235677,1281.5172501145087,0.0152712461500208,100.0,1.0,5.886880423303137
224,2050,2,20,2.3275888066568E18,44.592842490409026,0.014420808957084606,1.0,24.625088854798086,1.0,110.19999999999847,235.16711229946523,440.9863490515639,100.0,0.0,6.033422459893048,0.0,0.0,106.8999999999998,408.96346742159346,1347.1552947527698,0.019187245463006385,100.0,1.0,5.743398666185177
221,2050,2,20,6.977615103056312E17,45.26794835110744,0.007290601090538226,0.0,-58.07943501610118,0.0,72.49999999999999,235.92245989304814,-862.9162091627098,100.0,0.0,6.184491978609626,0.0,0.0,106.8999999999998,406.0142060378328,2350.4793027617625,0.012434931248304285,100.0,1.0,5.830349887128375
220,2050,2,20,8.709926167270339E18,45.8776216241289,0.014420808957084606,0.0,34.172578967477264,0.0,110.19999999999847,236.19652406417111,553.1450020186967,100.0,0.0,6.239304812834225,0.0,0.0,106.8999999999998,409.75634646869224,1064.3178984808087,0.018649916549001274,100.0,1.0,5.908873624740149
238,2050,2,20,2.857941005564493E18,46.01750470368773,0.014420808957084606,0.0,16.100864689393504,0.0,89.90000000000086,236.37032085561498,259.1655961122046,100.0,0.0,6.274064171122995,0.0,0.0,106.8999999999998,616.0285049921946,1347.126395274466,0.015168157163492514,100.0,1.0,5.926890065220099
237,2050,2,20,6.522181452910449E18,45.97577467924289,0.014420808957084606,0.0,18.270321192296183,0.0,89.90000000000086,235.8422459893048,247.69613381251577,100.0,0.0,6.168449197860962,0.0,0.0,106.8999999999998,410.7345683546214,1105.496021527181,0.015181924578476395,100.0,1.0,5.9215153872818735
236,2050,2,20,4.2692437014197545E18,45.92897050478238,0.014420808957084606,0.0,10.793680900051275,0.0,87.00000000000001,235.94251336898395,138.37230555898284,100.0,0.0,6.188502673796791,0.0,0.0,106.8999999999998,409.31041139149,1138.6574454800734,0.014707157229379583,100.0,1.0,5.915487176964795
228,2050,2,21,6.65317065901527E17,45.98177319774748,0.01501004631232032,0.0,-7.400761521963225,0.0,110.19999999999847,238.05748663101605,-92.47598425282177,100.0,0.0,6.311497326203209,0.0,0.0,106.8999999999998,404.2893561845995,1351.0642089315409,0.018607673329104565,100.0,1.0,5.92228797501689
225,2050,2,21,4.86643095885923E18,46.44669263251369,0.01501004631232032,0.0,-51.43734130592339,0.0,87.00000000000001,237.4024064171123,-586.6951779621936,100.0,0.0,6.18048128342246,0.0,0.0,106.8999999999998,408.8820444977671,1728.5689834139362,0.014543222613110666,100.0,1.0,5.982167935844549
222,2050,2,21,4.90388125562359E18,45.462966503715904,0.01501004631232032,0.0,21.439120903598454,0.0,110.19999999999847,237.70320855614975,340.9685929847172,100.0,0.0,6.240641711229946,0.0,0.0,106.8999999999998,405.53688097179935,1246.4909791871582,0.018820017270248436,100.0,1.0,5.85546752787564
239,2050,2,21,9.054830946953192E18,44.03282402540084,0.00853813783408437,1.0,17.959626391053444,3.0,113.1000000000005,237.57620320855614,287.47337904248576,100.0,0.0,6.21524064171123,0.0,0.0,106.8999999999998,408.0622299817573,1309.7002391597473,0.019942622060080253,100.0,1.0,5.671270290299297
235,2050,2,21,8.305991534382669E18,46.61167205642562,0.01501004631232032,0.0,24.131418688606484,0.0,110.19999999999847,237.09491978609626,359.23071863107543,100.0,0.0,6.1189839572192515,0.0,0.0,106.8999999999998,406.86977451797713,1127.4686662381976,0.01835621373378108,100.0,1.0,6.003416695742464
234,2050,2,21,8.619173836053503E18,47.48170264520374,0.01501004631232032,0.0,-25.33635164567627,0.0,78.30000000000099,237.87032085561498,-284.64348260520916,100.0,0.0,6.274064171122995,0.0,0.0,106.8999999999998,607.4261604888172,1409.910260961834,0.012803587438308735,100.0,1.0,6.115473524687694
233,2050,2,21,7.421366990471719E18,45.99122857635613,0.01501004631232032,1.0,20.714798709754717,1.0,101.50000000000001,237.4024064171123,367.3333871461031,100.0,0.0,6.18048128342246,0.0,0.0,106.8999999999998,407.6811202607597,1403.3399390926497,0.017135122937378438,100.0,1.0,5.923505793972953
232,2050,2,21,6.261277189363532E18,45.90816229129158,0.01501004631232032,1.0,26.554483816035166,1.0,104.39999999999992,237.77005347593584,387.7011926729501,100.0,0.0,6.254010695187166,0.0,0.0,106.8999999999998,414.721508021234,1070.7626172648716,0.01765658802836913,100.0,1.0,5.912807153469216
231,2050,2,22,4.2848121755587553E18,46.910342311645294,0.015599283667556037,0.0,34.94261222392192,0.0,104.39999999999992,239.15641711229947,576.3939984950068,100.0,0.0,6.231283422459893,0.0,0.0,106.8999999999998,407.0411545238804,1071.703537894166,0.01727937739894986,100.0,1.0,6.041884356686644
230,2050,2,22,2.2009420763865405E18,45.901484961921,0.007442406329940857,0.0,24.795583583486764,0.0,98.59999999999975,239.51069518716577,372.34842176350514,100.0,0.0,6.302139037433155,0.0,0.0,106.8999999999998,406.5626567176611,1126.9945827267202,0.016678092295099055,100.0,1.0,5.911947137321807
229,2050,7,2,7.388801749022034E17,38.96865490166044,4.31088301095734E-5,1.0,-1.941872265589669,1.0,213.43970517207754,221.98395721925132,-25.396959947776296,100.0,0.0,5.7967914438502675,0.0,0.0,107.0,275.0,1381.4310281857504,0.04263076436683004,100.0,1.0,5.00670603359272
226,2050,7,2,3.967985631945377E18,40.88345486522516,3.1012492380827115E-4,1.0,26.50366605698711,1.0,218.91600928642762,218.60160427807486,400.7122423941613,100.0,0.0,5.120320855614973,0.0,0.0,107.0,275.0,1109.0081066723085,0.04167669352548445,100.0,1.0,5.252720184065585
225,2050,7,2,4.86643095885923E18,38.60256410832228,6.155715041847383E-5,1.0,-48.583443265458094,2.0,255.88595330935195,222.41844919786095,-459.1158843720585,100.0,0.0,5.883689839572193,0.0,0.0,107.0,275.0,1405.8158034321789,0.05159333669623914,100.0,1.0,4.959670563970416
224,2050,7,2,2.3275888066568E18,37.221035494736846,7.7519603011616E-6,2.0,21.561556588696472,5.0,232.82340733561188,221.34893048128342,318.50086840273354,100.0,0.0,5.669786096256685,0.0,0.0,107.0,275.0,1155.484856974172,0.048685710492717076,100.0,1.0,4.782171297889143
223,2050,7,2,1.858714168763392E18,40.18603941987238,4.1976844045515845E-5,1.0,9.992126307234967,1.0,132.67381017905646,219.57085561497325,126.06367011207647,100.0,0.0,5.314171122994653,0.0,0.0,107.0,275.0,1129.4999706180974,0.02569646118927665,100.0,1.0,5.163116010480944
222,2050,7,2,4.90388125562359E18,37.92339223378715,4.1283935544232033E-5,1.0,18.575968778213287,5.0,234.80400747646252,220.2860962566845,246.0462238532026,100.0,0.0,5.457219251336898,0.0,0.0,107.0,275.0,1074.899436247847,0.04819052410330774,100.0,1.0,4.8724103305684086
236,2050,7,2,4.2692437014197545E18,39.764392603109386,4.425298570323503E-5,1.0,5.170729040088207,2.0,224.9249183807333,221.1885026737968,57.13665882068832,100.0,0.0,5.637700534759358,0.0,0.0,107.0,271.57000000000465,1034.7478965260832,0.04402572749187029,100.0,1.0,5.108942684076431
234,2050,7,2,8.619173836053503E18,39.59739728984336,1.110762621089796E-4,1.0,-15.09688484255422,1.0,242.66135169831693,220.27272727272728,-140.7391170054771,100.0,0.0,5.454545454545454,0.0,0.0,107.0,275.0,1076.853084541768,0.047697684217421994,100.0,1.0,5.087487069438955
232,2050,7,2,6.261277189363532E18,40.05201803347965,6.277832465754477E-5,1.0,25.882256857345737,1.0,229.28594423092503,221.7566844919786,329.1421802875333,100.0,0.0,5.751336898395722,0.0,0.0,107.0,257.76999999999754,940.1541453683881,0.04455704201079385,100.0,1.0,5.145896897181392
228,2050,7,3,6.65317065901527E17,39.198230554841516,6.595595997623804E-5,1.0,-13.23487985932661,2.0,246.7949809210116,224.0120320855615,-140.9173742841638,100.0,0.0,5.902406417112299,0.0,0.0,107.0,275.0,1211.1970618727917,0.04900418635579774,100.0,1.0,5.036201991583787
221,2050,7,3,6.977615103056312E17,40.22029912499732,5.612105027294086E-5,0.0,-40.30386119091468,0.0,221.55401744775406,221.79946524064172,-530.3273187033476,100.0,0.0,5.459893048128342,0.0,0.0,107.0,274.0,1848.7745437089882,0.0428743605580524,100.0,1.0,5.167517709045882
220,2050,7,3,8.709926167270339E18,39.966738467030716,1.0062456969768695E-4,1.0,29.65679861568771,1.0,219.02920242501736,223.43716577540107,413.19367085537385,100.0,0.0,5.787433155080214,0.0,0.0,107.0,274.89000000000476,978.3607874709812,0.04265467484505092,100.0,1.0,5.134940149483534
238,2050,7,3,2.857941005564493E18,40.34244331634231,6.570443301022691E-5,1.0,23.21688490730562,1.0,233.6666188644456,223.20989304812835,323.44810511409094,100.0,0.0,5.741978609625669,0.0,0.0,107.0,270.5499999999972,1067.246249722053,0.04508144203368856,100.0,1.0,5.183210836286707
237,2050,7,3,6.522181452910449E18,38.39427865481648,4.4570986462815617E-5,1.0,10.673963304734611,3.0,248.1036897561104,224.13235294117646,121.03220062991348,100.0,0.0,5.926470588235294,0.0,0.0,107.0,269.5499999999973,1006.2426013005042,0.05029560459422719,100.0,1.0,4.9329099780736545
235,2050,7,3,8.305991534382669E18,39.757443138525254,8.68697265569387E-5,0.0,17.166198036089682,0.0,276.37776451006994,221.77941176470588,217.89826122058014,100.0,0.0,5.455882352941177,0.0,0.0,107.0,275.0,1047.0704894059409,0.054106317390512644,100.0,1.0,5.108049814503395
233,2050,7,3,7.421366990471719E18,39.9826673632247,5.95477964301596E-5,1.0,17.311500362881528,1.0,206.97942853959174,222.6350267379679,266.76385474213185,100.0,0.0,5.627005347593583,0.0,0.0,107.0,275.0,1268.8006643764732,0.04029199229976729,100.0,1.0,5.136986699483389
230,2050,7,3,2.2009420763865405E18,40.32987239291003,3.1012492380827115E-4,1.0,25.807810945188752,1.0,251.74379237020744,222.38770053475935,339.67835943183354,100.0,0.0,5.577540106951871,0.0,0.0,107.0,267.04000000000093,974.4384812765777,0.04858422115213194,100.0,1.0,5.1815957197692075
227,2050,7,4,2.7812977706100634E18,40.67016635644626,7.903285520088458E-5,1.0,19.416562051822453,1.0,259.65946901197077,224.1885026737968,285.8596050931795,100.0,0.0,5.637700534759358,0.0,0.0,107.0,273.5400000000011,1182.5285566796022,0.04969257917852529,100.0,1.0,5.225316803925986
239,2050,7,4,9.054830946953192E18,40.13095684932547,3.98310973296007E-5,1.0,26.640743569727707,1.0,283.1702174904344,225.6657754010695,387.4549587361776,100.0,0.0,5.933155080213904,0.0,0.0,107.0,250.27999999999898,1064.616449726325,0.05492010793932732,100.0,1.0,5.156038983085487
231,2050,7,4,4.2848121755587553E18,40.90457803729709,5.120953167243577E-5,1.0,34.30965020748318,2.0,217.4624556316165,221.30748663101605,492.31329532002064,100.0,0.0,5.061497326203209,0.0,0.0,107.0,268.47000000000105,941.2573385404548,0.04137859054891763,100.0,1.0,5.255434096396616
227,2050,11,4,2.7812977706100634E18,38.66193821984525,3.1012492380827115E-4,1.0,24.85358424795355,2.0,438.10383686975086,306.80213903743316,346.85262830069644,100.0,0.0,5.660427807486631,0.0,0.0,88.0,0.0,1045.604221678359,0.08841451297918862,100.0,1.0,4.955112255980798
223,2050,11,4,1.858714168763392E18,38.18051597551991,3.1012492380827115E-4,1.0,16.590453142770677,4.0,398.55830829940084,306.39438502673795,198.0063714294294,100.0,0.0,5.578877005347594,0.0,0.0,88.0,0.0,991.9704869771587,0.08144795761440586,100.0,1.0,4.89341071247325
221,2050,11,4,6.977615103056312E17,37.83051801481178,3.1012492380827115E-4,1.0,16.256290470939984,5.0,416.336079651643,306.7419786096257,201.88636089285666,100.0,0.0,5.648395721925134,0.0,0.0,88.0,0.0,1035.1798368798802,0.08586810627298996,100.0,1.0,4.848553179081843
237,2050,11,4,6.522181452910449E18,38.85801284479546,3.1012492380827115E-4,1.0,12.391952118560898,3.0,409.36293387683247,306.7553475935829,141.6285096819924,100.0,0.0,5.651069518716578,0.0,0.0,88.0,0.0,996.4627078798333,0.08219739495402374,100.0,1.0,4.980242185361292
236,2050,11,4,4.2692437014197545E18,38.62786701478225,9.386347572889561E-5,1.0,6.8109978371171955,3.0,397.1872618733621,307.00935828877004,72.71095863112026,100.0,0.0,5.701871657754011,0.0,0.0,88.0,0.0,985.3636568492352,0.08022776784216613,100.0,1.0,4.950745515626926
235,2050,11,4,8.305991534382669E18,38.82612385008281,3.1012492380827115E-4,2.0,12.055515404792267,4.0,414.6148801817695,306.24064171122996,149.22340923608235,100.0,0.0,5.548128342245989,0.0,0.0,88.0,0.0,1083.0826496567784,0.08332032854558763,100.0,1.0,4.976155128276029
232,2050,11,4,6.261277189363532E18,38.335992176939534,7.582516474529858E-5,1.0,22.324887069365694,4.0,398.13940747828707,306.25401069518716,271.26464173780306,100.0,0.0,5.550802139037433,0.0,0.0,88.0,0.0,940.6681187918904,0.0810323777812832,100.0,1.0,4.913337339710264
231,2050,11,4,4.2848121755587553E18,38.23251620059633,8.084591340153051E-5,2.0,28.53822431833513,4.0,439.1214159665482,306.8355614973262,382.03919426061697,100.0,0.0,5.6671122994652405,0.0,0.0,88.0,0.0,954.5971263619216,0.08961523784339,100.0,1.0,4.900075327969881
229,2050,11,5,7.388801749022034E17,38.84086466645968,3.1012492380827115E-4,1.0,29.410146485477686,3.0,397.4259540921219,308.3288770053476,397.0760765391304,100.0,0.0,5.665775401069519,0.0,0.0,88.0,0.0,951.1951693727124,0.07983575942765966,100.0,1.0,4.978044386892008
228,2050,11,5,6.65317065901527E17,39.34445327251573,6.806956185431762E-5,1.0,-3.5021987658810896,2.0,415.4253403943281,314.56283422459893,-36.955406655349684,100.0,0.0,5.712566844919786,0.0,0.0,88.0,0.0,1108.5919940916306,0.08238337779191918,100.0,1.0,5.042586884985387
226,2050,11,5,3.967985631945377E18,40.154794135741,3.1012492380827115E-4,1.0,34.70958714266306,2.0,403.8326990038181,313.5334224598931,513.9168497404831,100.0,0.0,5.50668449197861,0.0,0.0,88.0,0.0,965.2580255711947,0.07846829256754397,100.0,1.0,5.146444325345896
224,2050,11,5,2.3275888066568E18,38.40559042944645,1.0108374309265679E-4,1.0,38.06162531997004,5.0,390.9509409488887,307.96791443850265,578.0417137939199,100.0,0.0,5.593582887700535,0.0,0.0,88.0,0.0,939.1220816922385,0.07942513129492611,100.0,1.0,4.922257408642945
239,2050,11,5,9.054830946953192E18,39.21074490815109,8.30988541822806E-5,1.0,39.10109154316086,3.0,438.7075635579755,308.6631016042781,553.8952499020878,100.0,0.0,5.732620320855615,0.0,0.0,88.0,0.0,861.3990254439811,0.08729716776422396,100.0,1.0,5.0254501353681515
234,2050,11,5,8.619173836053503E18,39.32838395696161,9.939901404111254E-5,1.0,-7.35553069378642,2.0,399.5347041053076,308.8235294117647,-67.61794166438263,100.0,0.0,5.764705882352941,0.0,0.0,88.0,0.0,995.0911716110803,0.07926446493417096,100.0,1.0,5.040527359102476
233,2050,11,5,7.421366990471719E18,39.23107991882645,1.2627236311411685E-4,1.0,19.232631459602132,2.0,418.35685561852887,314.30882352941177,289.76040048384,100.0,0.0,5.661764705882353,0.0,0.0,88.0,0.0,1213.2423169961266,0.08320448786750755,100.0,1.0,5.028056374611768
230,2050,11,5,2.2009420763865405E18,38.52637574435824,1.0337497460275704E-4,2.0,24.945571174451974,4.0,419.6439801416087,308.7433155080214,312.99138068619703,100.0,0.0,5.748663101604278,0.0,0.0,88.0,0.0,939.2800905204883,0.08498709142772505,100.0,1.0,4.937737873974467
225,2050,11,6,4.86643095885923E18,39.83869314993484,7.534619140142643E-5,1.0,-1.1612876622934811,2.0,399.08896523023816,316.71791443850265,-10.674415919257829,100.0,0.0,5.843582887700535,0.0,0.0,88.0,0.0,985.2925066546322,0.0781618375640973,100.0,1.0,5.105931202077507
222,2050,11,6,4.90388125562359E18,37.51871344520163,7.992910407429667E-5,2.0,25.27379650801762,8.0,396.6025439740578,316.0427807486631,329.9995617203439,100.0,0.0,5.708556149732621,0.0,0.0,88.0,0.0,973.6441369973178,0.08247791674892829,100.0,1.0,4.808590706544624
220,2050,11,6,8.709926167270339E18,39.21396193225402,8.366830081699428E-6,1.0,27.552294877202467,3.0,421.1944231643381,316.63101604278074,375.8298840830765,100.0,0.0,5.82620320855615,0.0,0.0,88.0,0.0,986.1648207462791,0.08380540210106736,100.0,1.0,5.025862445673699
238,2050,11,6,2.857941005564493E18,40.01729588896363,6.885544489526447E-5,1.0,24.29293415722731,2.0,422.58977425449183,322.42379679144386,334.9417335624125,100.0,0.0,5.78475935828877,0.0,0.0,88.0,0.0,1041.1596468441567,0.08239509716434859,100.0,1.0,5.1288218449646
